abstain_low_conf_count,abstain_low_conf_share,active_count,active_covered_gap_norm_mean,active_covered_gap_norm_median,active_share,alpha,bucket_miss_threshold,clamp_over_pside_count,clamp_over_pside_share,coverage_feasible,coverage_overall,covered_count,covered_feasible_count,covered_gap_norm_mean,covered_gap_norm_median,covered_gap_norm_q25,covered_gap_norm_q75,delta_mode,delta_norm,delta_quantile,feasible_count,feasible_covered_gap_norm_mean,infeasible_count,local_delta_fallback_bucket_count,max_possible_coverage,mean_p_pred,mean_p_side,non_active_share,sample_count,side_violation_count,side_violation_rate
1760.0,1.0,0.0,nan,nan,0.0,0.01,0.0,0.0,0.0,1.0,0.7176136363636364,1263.0,1263.0,1.0,1.0,1.0,1.0,global,0.2713912726797642,0.5,1263.0,1.0,497.0,0.0,0.7176136363636364,0.5682228514151557,0.5682228514151557,1.0,1760.0,0.0,0.0
1760.0,1.0,0.0,nan,nan,0.0,0.01,0.025,0.0,0.0,1.0,0.7176136363636364,1263.0,1263.0,1.0,1.0,1.0,1.0,global,0.2713912726797642,0.5,1263.0,1.0,497.0,0.0,0.7176136363636364,0.5682228514151557,0.5682228514151557,1.0,1760.0,0.0,0.0
1760.0,1.0,0.0,nan,nan,0.0,0.01,0.05,0.0,0.0,1.0,0.7176136363636364,1263.0,1263.0,1.0,1.0,1.0,1.0,global,0.2713912726797642,0.5,1263.0,1.0,497.0,0.0,0.7176136363636364,0.5682228514151557,0.5682228514151557,1.0,1760.0,0.0,0.0
1760.0,1.0,0.0,nan,nan,0.0,0.01,0.075,0.0,0.0,1.0,0.7176136363636364,1263.0,1263.0,1.0,1.0,1.0,1.0,global,0.2713912726797642,0.5,1263.0,1.0,497.0,0.0,0.7176136363636364,0.5682228514151557,0.5682228514151557,1.0,1760.0,0.0,0.0
1760.0,1.0,0.0,nan,nan,0.0,0.01,0.1,0.0,0.0,1.0,0.7176136363636364,1263.0,1263.0,1.0,1.0,1.0,1.0,global,0.2713912726797642,0.5,1263.0,1.0,497.0,0.0,0.7176136363636364,0.5682228514151557,0.5682228514151557,1.0,1760.0,0.0,0.0
1760.0,1.0,0.0,nan,nan,0.0,0.01,0.15,0.0,0.0,1.0,0.7176136363636364,1263.0,1263.0,1.0,1.0,1.0,1.0,global,0.2713912726797642,0.5,1263.0,1.0,497.0,0.0,0.7176136363636364,0.5682228514151557,0.5682228514151557,1.0,1760.0,0.0,0.0
1760.0,1.0,0.0,nan,nan,0.0,0.01,0.2,0.0,0.0,1.0,0.7176136363636364,1263.0,1263.0,1.0,1.0,1.0,1.0,global,0.2713912726797642,0.5,1263.0,1.0,497.0,0.0,0.7176136363636364,0.5682228514151557,0.5682228514151557,1.0,1760.0,0.0,0.0
1665.0,0.9460227272727273,95.0,0.43967903548567244,0.4781357984100912,0.05397727272727273,0.01,0.3,0.0,0.0,0.9904988123515439,0.7107954545454546,1251.0,1251.0,0.9843235541502785,1.0,1.0,1.0,global,0.2713912726797642,0.5,1263.0,0.9843235541747305,497.0,0.0,0.7176136363636364,0.5616324297369821,0.5682228514151557,0.9460227272727273,1760.0,0.0,0.0
635.0,0.36079545454545453,1122.0,0.370420132050968,0.38031665031121054,0.6375,0.01,0.5,3.0,0.0017045454545454545,0.7672209026128266,0.5505681818181818,969.0,969.0,0.7160718242582796,1.0,0.4164577805836249,1.0,global,0.2713912726797642,0.5,1263.0,0.7160718247633658,497.0,0.0,0.7176136363636364,0.4521183272263882,0.5682228514151557,0.3625,1760.0,0.0,0.0
0.0,0.0,1757.0,0.36599061269228156,0.38031665031121054,0.9982954545454545,0.01,1.0,3.0,0.0017045454545454545,0.5209817893903405,0.37386363636363634,658.0,658.0,0.36695415279457294,0.3805139203118453,0.20252449507558973,0.5158816519662981,global,0.2713912726797642,0.5,1263.0,0.36695415365497114,497.0,0.0,0.7176136363636364,0.3592010465753021,0.5682228514151557,0.0017045454545454545,1760.0,0.0,0.0
1760.0,1.0,0.0,nan,nan,0.0,0.01,0.0,0.0,0.0,1.0,0.7176136363636364,1263.0,1263.0,1.0,1.0,1.0,1.0,global,0.4173708915562733,0.6,1263.0,1.0,497.0,0.0,0.7176136363636364,0.5682228514151557,0.5682228514151557,1.0,1760.0,0.0,0.0
1760.0,1.0,0.0,nan,nan,0.0,0.01,0.025,0.0,0.0,1.0,0.7176136363636364,1263.0,1263.0,1.0,1.0,1.0,1.0,global,0.4173708915562733,0.6,1263.0,1.0,497.0,0.0,0.7176136363636364,0.5682228514151557,0.5682228514151557,1.0,1760.0,0.0,0.0
1760.0,1.0,0.0,nan,nan,0.0,0.01,0.05,0.0,0.0,1.0,0.7176136363636364,1263.0,1263.0,1.0,1.0,1.0,1.0,global,0.4173708915562733,0.6,1263.0,1.0,497.0,0.0,0.7176136363636364,0.5682228514151557,0.5682228514151557,1.0,1760.0,0.0,0.0
1760.0,1.0,0.0,nan,nan,0.0,0.01,0.075,0.0,0.0,1.0,0.7176136363636364,1263.0,1263.0,1.0,1.0,1.0,1.0,global,0.4173708915562733,0.6,1263.0,1.0,497.0,0.0,0.7176136363636364,0.5682228514151557,0.5682228514151557,1.0,1760.0,0.0,0.0
1760.0,1.0,0.0,nan,nan,0.0,0.01,0.1,0.0,0.0,1.0,0.7176136363636364,1263.0,1263.0,1.0,1.0,1.0,1.0,global,0.4173708915562733,0.6,1263.0,1.0,497.0,0.0,0.7176136363636364,0.5682228514151557,0.5682228514151557,1.0,1760.0,0.0,0.0
1760.0,1.0,0.0,nan,nan,0.0,0.01,0.15,0.0,0.0,1.0,0.7176136363636364,1263.0,1263.0,1.0,1.0,1.0,1.0,global,0.4173708915562733,0.6,1263.0,1.0,497.0,0.0,0.7176136363636364,0.5682228514151557,0.5682228514151557,1.0,1760.0,0.0,0.0
1760.0,1.0,0.0,nan,nan,0.0,0.01,0.2,0.0,0.0,1.0,0.7176136363636364,1263.0,1263.0,1.0,1.0,1.0,1.0,global,0.4173708915562733,0.6,1263.0,1.0,497.0,0.0,0.7176136363636364,0.5682228514151557,0.5682228514151557,1.0,1760.0,0.0,0.0
1665.0,0.9460227272727273,95.0,0.5272687236887947,0.5518974628740823,0.05397727272727273,0.01,0.3,0.0,0.0,0.9920823436262867,0.7119318181818182,1253.0,1253.0,0.9860406566452397,1.0,1.0,1.0,global,0.4173708915562733,0.6,1263.0,0.9860406566452399,497.0,0.0,0.7176136363636364,0.5630074297369821,0.5682228514151557,0.9460227272727273,1760.0,0.0,0.0
221.0,0.12556818181818183,1536.0,0.43161587731577833,0.4634447394066391,0.8727272727272727,0.01,0.5,3.0,0.0017045454545454545,0.714172604908947,0.5125,902.0,902.0,0.5626844998416299,0.546200232501775,0.34226912186486746,0.7709805080718234,global,0.4173708915562733,0.6,1263.0,0.5626845006020121,497.0,0.0,0.7176136363636364,0.4317474394340735,0.5682228514151557,0.12727272727272726,1760.0,0.0,0.0
0.0,0.0,1757.0,0.42993453193825154,0.46289227630932184,0.9982954545454545,0.01,1.0,3.0,0.0017045454545454545,0.620744259699129,0.44545454545454544,784.0,784.0,0.43066165625975883,0.4628981386068101,0.27575705219424085,0.5922573366577323,global,0.4173708915562733,0.6,1263.0,0.43066165725386446,497.0,0.0,0.7176136363636364,0.40197377384802935,0.5682228514151557,0.0017045454545454545,1760.0,0.0,0.0
1760.0,1.0,0.0,nan,nan,0.0,0.01,0.0,0.0,0.0,1.0,0.7176136363636364,1263.0,1263.0,1.0,1.0,1.0,1.0,global,0.4849637082382054,0.65,1263.0,1.0,497.0,0.0,0.7176136363636364,0.5682228514151557,0.5682228514151557,1.0,1760.0,0.0,0.0
1760.0,1.0,0.0,nan,nan,0.0,0.01,0.025,0.0,0.0,1.0,0.7176136363636364,1263.0,1263.0,1.0,1.0,1.0,1.0,global,0.4849637082382054,0.65,1263.0,1.0,497.0,0.0,0.7176136363636364,0.5682228514151557,0.5682228514151557,1.0,1760.0,0.0,0.0
1760.0,1.0,0.0,nan,nan,0.0,0.01,0.05,0.0,0.0,1.0,0.7176136363636364,1263.0,1263.0,1.0,1.0,1.0,1.0,global,0.4849637082382054,0.65,1263.0,1.0,497.0,0.0,0.7176136363636364,0.5682228514151557,0.5682228514151557,1.0,1760.0,0.0,0.0
1760.0,1.0,0.0,nan,nan,0.0,0.01,0.075,0.0,0.0,1.0,0.7176136363636364,1263.0,1263.0,1.0,1.0,1.0,1.0,global,0.4849637082382054,0.65,1263.0,1.0,497.0,0.0,0.7176136363636364,0.5682228514151557,0.5682228514151557,1.0,1760.0,0.0,0.0
1760.0,1.0,0.0,nan,nan,0.0,0.01,0.1,0.0,0.0,1.0,0.7176136363636364,1263.0,1263.0,1.0,1.0,1.0,1.0,global,0.4849637082382054,0.65,1263.0,1.0,497.0,0.0,0.7176136363636364,0.5682228514151557,0.5682228514151557,1.0,1760.0,0.0,0.0
1760.0,1.0,0.0,nan,nan,0.0,0.01,0.15,0.0,0.0,1.0,0.7176136363636364,1263.0,1263.0,1.0,1.0,1.0,1.0,global,0.4849637082382054,0.65,1263.0,1.0,497.0,0.0,0.7176136363636364,0.5682228514151557,0.5682228514151557,1.0,1760.0,0.0,0.0
1760.0,1.0,0.0,nan,nan,0.0,0.01,0.2,0.0,0.0,1.0,0.7176136363636364,1263.0,1263.0,1.0,1.0,1.0,1.0,global,0.4849637082382054,0.65,1263.0,1.0,497.0,0.0,0.7176136363636364,0.5682228514151557,0.5682228514151557,1.0,1760.0,0.0,0.0
1429.0,0.8119318181818181,331.0,0.4933133276776971,0.5343109455284577,0.18806818181818183,0.01,0.3,0.0,0.0,0.9596199524940617,0.6886363636363636,1212.0,1212.0,0.9364551368044637,1.0,1.0,1.0,global,0.4849637082382054,0.65,1263.0,0.9364551368121362,497.0,0.0,0.7176136363636364,0.5459690451934707,0.5682228514151557,0.8119318181818181,1760.0,0.0,0.0
83.0,0.04715909090909091,1674.0,0.46201129999452734,0.4971793222371249,0.9511363636363637,0.01,0.5,3.0,0.0017045454545454545,0.7117973079968329,0.5107954545454545,899.0,899.0,0.50809042112959,0.5277807009109149,0.3361906216279616,0.6687997533827674,global,0.4849637082382054,0.65,1263.0,0.5080904220800762,497.0,0.0,0.7176136363636364,0.4314220473748281,0.5682228514151557,0.048863636363636366,1760.0,0.0,0.0
0.0,0.0,1757.0,0.461429578944323,0.49644157382766313,0.9982954545454545,0.01,1.0,3.0,0.0017045454545454545,0.6753760886777513,0.48465909090909093,853.0,853.0,0.46206096279081266,0.496757091988877,0.3065185119379447,0.6319015328597054,global,0.4849637082382054,0.65,1263.0,0.4620609637925559,497.0,0.0,0.7176136363636364,0.42196427585463697,0.5682228514151557,0.0017045454545454545,1760.0,0.0,0.0
1760.0,1.0,0.0,nan,nan,0.0,0.01,0.0,0.0,0.0,1.0,0.7176136363636364,1263.0,1263.0,1.0,1.0,1.0,1.0,global,0.5304660831298481,0.68,1263.0,1.0,497.0,0.0,0.7176136363636364,0.5682228514151557,0.5682228514151557,1.0,1760.0,0.0,0.0
1760.0,1.0,0.0,nan,nan,0.0,0.01,0.025,0.0,0.0,1.0,0.7176136363636364,1263.0,1263.0,1.0,1.0,1.0,1.0,global,0.5304660831298481,0.68,1263.0,1.0,497.0,0.0,0.7176136363636364,0.5682228514151557,0.5682228514151557,1.0,1760.0,0.0,0.0
1760.0,1.0,0.0,nan,nan,0.0,0.01,0.05,0.0,0.0,1.0,0.7176136363636364,1263.0,1263.0,1.0,1.0,1.0,1.0,global,0.5304660831298481,0.68,1263.0,1.0,497.0,0.0,0.7176136363636364,0.5682228514151557,0.5682228514151557,1.0,1760.0,0.0,0.0
1760.0,1.0,0.0,nan,nan,0.0,0.01,0.075,0.0,0.0,1.0,0.7176136363636364,1263.0,1263.0,1.0,1.0,1.0,1.0,global,0.5304660831298481,0.68,1263.0,1.0,497.0,0.0,0.7176136363636364,0.5682228514151557,0.5682228514151557,1.0,1760.0,0.0,0.0
1760.0,1.0,0.0,nan,nan,0.0,0.01,0.1,0.0,0.0,1.0,0.7176136363636364,1263.0,1263.0,1.0,1.0,1.0,1.0,global,0.5304660831298481,0.68,1263.0,1.0,497.0,0.0,0.7176136363636364,0.5682228514151557,0.5682228514151557,1.0,1760.0,0.0,0.0
1760.0,1.0,0.0,nan,nan,0.0,0.01,0.15,0.0,0.0,1.0,0.7176136363636364,1263.0,1263.0,1.0,1.0,1.0,1.0,global,0.5304660831298481,0.68,1263.0,1.0,497.0,0.0,0.7176136363636364,0.5682228514151557,0.5682228514151557,1.0,1760.0,0.0,0.0
1617.0,0.91875,143.0,0.5139578949308544,0.552368022589243,0.08125,0.01,0.2,0.0,0.0,0.9865399841646872,0.7079545454545455,1246.0,1246.0,0.9723041818138769,1.0,1.0,1.0,global,0.5304660831298481,0.68,1263.0,0.9723041821296804,497.0,0.0,0.7176136363636364,0.5593525688413219,0.5682228514151557,0.91875,1760.0,0.0,0.0
667.0,0.3789772727272727,1092.0,0.4893374725335783,0.5283889907140937,0.6204545454545455,0.01,0.3,1.0,0.0005681818181818182,0.8788598574821853,0.6306818181818182,1110.0,1110.0,0.7294868773421117,0.7705999574402501,0.5155175116033375,1.0,global,0.5304660831298481,0.68,1263.0,0.7294868780103638,497.0,0.0,0.7176136363636364,0.49230391106254645,0.5682228514151557,0.3795454545454545,1760.0,0.0,0.0
83.0,0.04715909090909091,1674.0,0.4879381311386931,0.5283576328340275,0.9511363636363637,0.01,0.5,3.0,0.0017045454545454545,0.7426761678543151,0.5329545454545455,938.0,938.0,0.5299730606720839,0.5535481834333911,0.36213769395982626,0.6905158890762194,global,0.5304660831298481,0.68,1263.0,0.5299730619257238,497.0,0.0,0.7176136363636364,0.44380841101119173,0.5682228514151557,0.048863636363636366,1760.0,0.0,0.0
0.0,0.0,1757.0,0.48765993779259126,0.528010746611948,0.9982954545454545,0.01,1.0,3.0,0.0017045454545454545,0.7070467141726049,0.5073863636363637,893.0,893.0,0.48823366686561187,0.5283576328340275,0.33612101393775445,0.6604977987579305,global,0.5304660831298481,0.68,1263.0,0.4882336681824251,497.0,0.0,0.7176136363636364,0.435214275854637,0.5682228514151557,0.0017045454545454545,1760.0,0.0,0.0
1760.0,1.0,0.0,nan,nan,0.0,0.01,0.0,0.0,0.0,1.0,0.7176136363636364,1263.0,1263.0,1.0,1.0,1.0,1.0,global,0.5510053596917655,0.7,1263.0,1.0,497.0,0.0,0.7176136363636364,0.5682228514151557,0.5682228514151557,1.0,1760.0,0.0,0.0
1760.0,1.0,0.0,nan,nan,0.0,0.01,0.025,0.0,0.0,1.0,0.7176136363636364,1263.0,1263.0,1.0,1.0,1.0,1.0,global,0.5510053596917655,0.7,1263.0,1.0,497.0,0.0,0.7176136363636364,0.5682228514151557,0.5682228514151557,1.0,1760.0,0.0,0.0
1760.0,1.0,0.0,nan,nan,0.0,0.01,0.05,0.0,0.0,1.0,0.7176136363636364,1263.0,1263.0,1.0,1.0,1.0,1.0,global,0.5510053596917655,0.7,1263.0,1.0,497.0,0.0,0.7176136363636364,0.5682228514151557,0.5682228514151557,1.0,1760.0,0.0,0.0
1760.0,1.0,0.0,nan,nan,0.0,0.01,0.075,0.0,0.0,1.0,0.7176136363636364,1263.0,1263.0,1.0,1.0,1.0,1.0,global,0.5510053596917655,0.7,1263.0,1.0,497.0,0.0,0.7176136363636364,0.5682228514151557,0.5682228514151557,1.0,1760.0,0.0,0.0
1760.0,1.0,0.0,nan,nan,0.0,0.01,0.1,0.0,0.0,1.0,0.7176136363636364,1263.0,1263.0,1.0,1.0,1.0,1.0,global,0.5510053596917655,0.7,1263.0,1.0,497.0,0.0,0.7176136363636364,0.5682228514151557,0.5682228514151557,1.0,1760.0,0.0,0.0
1760.0,1.0,0.0,nan,nan,0.0,0.01,0.15,0.0,0.0,1.0,0.7176136363636364,1263.0,1263.0,1.0,1.0,1.0,1.0,global,0.5510053596917655,0.7,1263.0,1.0,497.0,0.0,0.7176136363636364,0.5682228514151557,0.5682228514151557,1.0,1760.0,0.0,0.0
1429.0,0.8119318181818181,331.0,0.5205806756719958,0.5731744458546879,0.18806818181818183,0.01,0.2,0.0,0.0,0.9699129057798892,0.6960227272727273,1225.0,1225.0,0.935425152233371,1.0,1.0,1.0,global,0.5510053596917655,0.7,1263.0,0.9354251523086001,497.0,0.0,0.7176136363636364,0.5489519997389252,0.5682228514151557,0.8119318181818181,1760.0,0.0,0.0
667.0,0.3789772727272727,1092.0,0.5010243425014742,0.5431863863785131,0.6204545454545455,0.01,0.3,1.0,0.0005681818181818182,0.8891528107680127,0.6380681818181818,1123.0,1123.0,0.7329613800920624,0.7694555522488057,0.5263207541585292,1.0,global,0.5510053596917655,0.7,1263.0,0.7329613805028959,497.0,0.0,0.7176136363636364,0.49574141106254643,0.5682228514151557,0.3795454545454545,1760.0,0.0,0.0
83.0,0.04715909090909091,1674.0,0.500230836022594,0.5434545103709192,0.9511363636363637,0.01,0.5,3.0,0.0017045454545454545,0.7577197149643705,0.54375,957.0,957.0,0.5404421480667531,0.5684157994773285,0.3757731440472501,0.7058705030479399,global,0.5510053596917655,0.7,1263.0,0.5404421489090888,497.0,0.0,0.7176136363636364,0.4494788655566463,0.5682228514151557,0.048863636363636366,1760.0,0.0,0.0
0.0,0.0,1757.0,0.4994807395449931,0.5428251304930741,0.9982954545454545,0.01,1.0,3.0,0.0017045454545454545,0.723673792557403,0.5193181818181818,914.0,914.0,0.5000283536155128,0.5430057584357937,0.34514318995327187,0.6748786372151689,global,0.5510053596917655,0.7,1263.0,0.5000283544974771,497.0,0.0,0.7176136363636364,0.4412597304000915,0.5682228514151557,0.0017045454545454545,1760.0,0.0,0.0
1760.0,1.0,0.0,nan,nan,0.0,0.01,0.0,0.0,0.0,1.0,0.7176136363636364,1263.0,1263.0,1.0,1.0,1.0,1.0,global,0.7122628401728436,0.8,1263.0,1.0,497.0,0.0,0.7176136363636364,0.5682228514151557,0.5682228514151557,1.0,1760.0,0.0,0.0
1760.0,1.0,0.0,nan,nan,0.0,0.01,0.025,0.0,0.0,1.0,0.7176136363636364,1263.0,1263.0,1.0,1.0,1.0,1.0,global,0.7122628401728436,0.8,1263.0,1.0,497.0,0.0,0.7176136363636364,0.5682228514151557,0.5682228514151557,1.0,1760.0,0.0,0.0
1760.0,1.0,0.0,nan,nan,0.0,0.01,0.05,0.0,0.0,1.0,0.7176136363636364,1263.0,1263.0,1.0,1.0,1.0,1.0,global,0.7122628401728436,0.8,1263.0,1.0,497.0,0.0,0.7176136363636364,0.5682228514151557,0.5682228514151557,1.0,1760.0,0.0,0.0
1760.0,1.0,0.0,nan,nan,0.0,0.01,0.075,0.0,0.0,1.0,0.7176136363636364,1263.0,1263.0,1.0,1.0,1.0,1.0,global,0.7122628401728436,0.8,1263.0,1.0,497.0,0.0,0.7176136363636364,0.5682228514151557,0.5682228514151557,1.0,1760.0,0.0,0.0
1637.0,0.9301136363636363,123.0,0.6089707921117334,0.6472136627211461,0.06988636363636364,0.01,0.1,0.0,0.0,0.9920823436262867,0.7119318181818182,1253.0,1253.0,0.9703529331609054,1.0,1.0,1.0,global,0.7122628401728436,0.8,1263.0,0.9703529331609054,497.0,0.0,0.7176136363636364,0.5614165297381241,0.5682228514151557,0.9301136363636363,1760.0,0.0,0.0
1327.0,0.7539772727272728,432.0,0.6494797345681121,0.706059850834614,0.24545454545454545,0.01,0.15,1.0,0.0005681818181818182,0.9770387965162312,0.7011363636363637,1234.0,1234.0,0.9358042301559102,1.0,1.0,1.0,global,0.7122628401728436,0.8,1263.0,0.9358042303714984,497.0,0.0,0.7176136363636364,0.5534138033036191,0.5682228514151557,0.7545454545454545,1760.0,0.0,0.0
415.0,0.23579545454545456,1341.0,0.6410008427602464,0.70288379244164,0.7619318181818182,0.01,0.2,4.0,0.0022727272727272726,0.9136975455265242,0.6556818181818181,1154.0,1154.0,0.7610820166723304,0.7926882874168368,0.6398656668681264,1.0,global,0.7122628401728436,0.8,1263.0,0.761082018335145,497.0,0.0,0.7176136363636364,0.5159850025698142,0.5682228514151557,0.23806818181818182,1760.0,0.0,0.0
209.0,0.11875,1547.0,0.6331432441809534,0.6979577673965452,0.8789772727272728,0.01,0.3,4.0,0.0022727272727272726,0.8749010292953285,0.6278409090909091,1105.0,1105.0,0.6982146687425218,0.7385863467828815,0.5726410558150661,0.8420384984939253,global,0.7122628401728436,0.8,1263.0,0.698214670609621,497.0,0.0,0.7176136363636364,0.5029201713841741,0.5682228514151557,0.12102272727272727,1760.0,0.0,0.0
0.0,0.0,1756.0,0.6257077357818968,0.6883347234310591,0.9977272727272727,0.01,0.5,4.0,0.0022727272727272726,0.8194774346793349,0.5880681818181818,1035.0,1035.0,0.6264310058576806,0.6889150398743403,0.5174799169316375,0.7869418031507727,global,0.7122628401728436,0.8,1263.0,0.6264310080767819,497.0,0.0,0.7176136363636364,0.4886633370420396,0.5682228514151557,0.0022727272727272726,1760.0,0.0,0.0
0.0,0.0,1756.0,0.6257077357818968,0.6883347234310591,0.9977272727272727,0.01,1.0,4.0,0.0022727272727272726,0.8194774346793349,0.5880681818181818,1035.0,1035.0,0.6264310058576806,0.6889150398743403,0.5174799169316375,0.7869418031507727,global,0.7122628401728436,0.8,1263.0,0.6264310080767819,497.0,0.0,0.7176136363636364,0.4886633370420396,0.5682228514151557,0.0022727272727272726,1760.0,0.0,0.0
1760.0,1.0,0.0,nan,nan,0.0,0.01,0.0,0.0,0.0,1.0,0.7176136363636364,1263.0,1263.0,1.0,1.0,1.0,1.0,global,0.7944114442064947,0.85,1263.0,1.0,497.0,0.0,0.7176136363636364,0.5682228514151557,0.5682228514151557,1.0,1760.0,0.0,0.0
1760.0,1.0,0.0,nan,nan,0.0,0.01,0.025,0.0,0.0,1.0,0.7176136363636364,1263.0,1263.0,1.0,1.0,1.0,1.0,global,0.7944114442064947,0.85,1263.0,1.0,497.0,0.0,0.7176136363636364,0.5682228514151557,0.5682228514151557,1.0,1760.0,0.0,0.0
1647.0,0.9357954545454545,113.0,0.7293090952125841,0.7999397985915161,0.06420454545454546,0.01,0.05,0.0,0.0,0.9984164687252574,0.7164772727272727,1261.0,1261.0,0.9894814795126222,1.0,1.0,1.0,global,0.7944114442064947,0.85,1263.0,0.9894814795126222,497.0,0.0,0.7176136363636364,0.5663049787600698,0.5682228514151557,0.9357954545454545,1760.0,0.0,0.0
1572.0,0.8931818181818182,188.0,0.7201825851076231,0.7912717607482888,0.10681818181818181,0.01,0.075,0.0,0.0,0.995249406175772,0.7142045454545455,1257.0,1257.0,0.9757358009361423,1.0,1.0,1.0,global,0.7944114442064947,0.85,1263.0,0.9757358009361423,497.0,0.0,0.7176136363636364,0.5635057907059712,0.5682228514151557,0.8931818181818182,1760.0,0.0,0.0
1429.0,0.8119318181818181,331.0,0.7340892678444271,0.7965365706357074,0.18806818181818183,0.01,0.1,0.0,0.0,0.9889152810768013,0.709659090909091,1249.0,1249.0,0.9597621069836644,1.0,1.0,1.0,global,0.7944114442064947,0.85,1263.0,0.9597621072725764,497.0,0.0,0.7176136363636364,0.5598798263139556,0.5682228514151557,0.8119318181818181,1760.0,0.0,0.0
415.0,0.23579545454545456,1341.0,0.7261314093809759,0.7883034229335968,0.7619318181818182,0.01,0.15,4.0,0.0022727272727272726,0.9390340459224069,0.6738636363636363,1186.0,1186.0,0.8152657061591743,0.8514072008606215,0.7360390915067261,1.0,global,0.7944114442064947,0.85,1263.0,0.8152657079479211,497.0,0.0,0.7176136363636364,0.5319850025698142,0.5682228514151557,0.23806818181818182,1760.0,0.0,0.0
227.0,0.12897727272727272,1529.0,0.7159569575423557,0.7780799960976259,0.86875,0.01,0.2,4.0,0.0022727272727272726,0.9136975455265242,0.6556818181818181,1154.0,1154.0,0.767892037229152,0.8152567264281941,0.6824535987035208,0.8946884105542541,global,0.7944114442064947,0.85,1263.0,0.7678920390675003,497.0,0.0,0.7176136363636364,0.5232374675209267,0.5682228514151557,0.13125,1760.0,0.0,0.0
83.0,0.04715909090909091,1673.0,0.709907781044957,0.7727478191290781,0.9505681818181818,0.01,0.3,4.0,0.0022727272727272726,0.8891528107680127,0.6380681818181818,1123.0,1123.0,0.7300566617916119,0.7901340901904315,0.6529118570728694,0.8617319691565029,global,0.7944114442064947,0.85,1263.0,0.7300566636807069,497.0,0.0,0.7176136363636364,0.5164676994713218,0.5682228514151557,0.04943181818181818,1760.0,0.0,0.0
0.0,0.0,1756.0,0.7064703934544834,0.770437470073676,0.9977272727272727,0.01,0.5,4.0,0.0022727272727272726,0.8669833729216152,0.6221590909090909,1095.0,1095.0,0.7070065205897264,0.7707256192786125,0.6323358122851346,0.8479824858605659,global,0.7944114442064947,0.85,1263.0,0.707006522527127,497.0,0.0,0.7176136363636364,0.5128622006784033,0.5682228514151557,0.0022727272727272726,1760.0,0.0,0.0
0.0,0.0,1756.0,0.7064703934544834,0.770437470073676,0.9977272727272727,0.01,1.0,4.0,0.0022727272727272726,0.8669833729216152,0.6221590909090909,1095.0,1095.0,0.7070065205897264,0.7707256192786125,0.6323358122851346,0.8479824858605659,global,0.7944114442064947,0.85,1263.0,0.707006522527127,497.0,0.0,0.7176136363636364,0.5128622006784033,0.5682228514151557,0.0022727272727272726,1760.0,0.0,0.0
1760.0,1.0,0.0,nan,nan,0.0,0.01,0.0,0.0,0.0,1.0,0.7176136363636364,1263.0,1263.0,1.0,1.0,1.0,1.0,global,0.8475512292151265,0.88,1263.0,1.0,497.0,0.0,0.7176136363636364,0.5682228514151557,0.5682228514151557,1.0,1760.0,0.0,0.0
1647.0,0.9357954545454545,112.0,0.7917368650467732,0.861456750355689,0.06363636363636363,0.01,0.025,1.0,0.0005681818181818182,0.9992082343626286,0.7170454545454545,1262.0,1262.0,0.9919137134606117,1.0,1.0,1.0,global,0.8475512292151265,0.88,1263.0,0.9919137143449135,497.0,0.0,0.7176136363636364,0.5668958878509789,0.5682228514151557,0.9363636363636364,1760.0,0.0,0.0
1397.0,0.79375,360.0,0.7763033463758617,0.8686623334187824,0.20454545454545456,0.01,0.05,3.0,0.0017045454545454545,0.9944576405384006,0.7136363636363636,1256.0,1256.0,0.9670510502225592,1.0,1.0,1.0,global,0.8475512292151265,0.88,1263.0,0.9670510536256395,497.0,0.0,0.7176136363636364,0.5630294617056599,0.5682228514151557,0.7954545454545454,1760.0,0.0,0.0
1225.0,0.6960227272727273,532.0,0.7691678971934125,0.8553681950992291,0.30227272727272725,0.01,0.075,3.0,0.0017045454545454545,0.9889152810768013,0.709659090909091,1249.0,1249.0,0.9475129566076296,1.0,1.0,1.0,global,0.8475512292151265,0.88,1263.0,0.9475129601367019,497.0,0.0,0.7176136363636364,0.5603100164089746,0.5682228514151557,0.6977272727272728,1760.0,0.0,0.0
547.0,0.31079545454545454,1210.0,0.7713844900630007,0.8380228086657867,0.6875,0.01,0.1,3.0,0.0017045454545454545,0.9612034837688044,0.6897727272727273,1214.0,1214.0,0.8510421183194675,0.8937911185340865,0.8032882379947145,1.0,global,0.8475512292151265,0.88,1263.0,0.8510421230318493,497.0,0.0,0.7176136363636364,0.5426257873087182,0.5682228514151557,0.3125,1760.0,0.0,0.0
150.0,0.08522727272727272,1605.0,0.7660435893799412,0.8337734726307975,0.9119318181818182,0.01,0.15,5.0,0.002840909090909091,0.9334916864608076,0.6698863636363637,1179.0,1179.0,0.7944199818470052,0.8518827937025761,0.7444326645235287,0.910180544655761,global,0.8475512292151265,0.88,1263.0,0.7944199874855883,497.0,0.0,0.7176136363636364,0.5334682165901128,0.5682228514151557,0.08806818181818182,1760.0,0.0,0.0
150.0,0.08522727272727272,1605.0,0.7660435893799412,0.8337734726307975,0.9119318181818182,0.01,0.2,5.0,0.002840909090909091,0.9334916864608076,0.6698863636363637,1179.0,1179.0,0.7944199818470052,0.8518827937025761,0.7444326645235287,0.910180544655761,global,0.8475512292151265,0.88,1263.0,0.7944199874855883,497.0,0.0,0.7176136363636364,0.5334682165901128,0.5682228514151557,0.08806818181818182,1760.0,0.0,0.0
0.0,0.0,1755.0,0.7588821566222931,0.829777883102462,0.9971590909090909,0.01,0.3,5.0,0.002840909090909091,0.9049881235154394,0.6494318181818182,1143.0,1143.0,0.7595150118542555,0.8301144516730926,0.7128684930467079,0.8882652822899337,global,0.8475512292151265,0.88,1263.0,0.7595150180971477,497.0,0.0,0.7176136363636364,0.528252090466988,0.5682228514151557,0.002840909090909091,1760.0,0.0,0.0
0.0,0.0,1755.0,0.7588821566222931,0.829777883102462,0.9971590909090909,0.01,0.5,5.0,0.002840909090909091,0.9049881235154394,0.6494318181818182,1143.0,1143.0,0.7595150118542555,0.8301144516730926,0.7128684930467079,0.8882652822899337,global,0.8475512292151265,0.88,1263.0,0.7595150180971477,497.0,0.0,0.7176136363636364,0.528252090466988,0.5682228514151557,0.002840909090909091,1760.0,0.0,0.0
0.0,0.0,1755.0,0.7588821566222931,0.829777883102462,0.9971590909090909,0.01,1.0,5.0,0.002840909090909091,0.9049881235154394,0.6494318181818182,1143.0,1143.0,0.7595150118542555,0.8301144516730926,0.7128684930467079,0.8882652822899337,global,0.8475512292151265,0.88,1263.0,0.7595150180971477,497.0,0.0,0.7176136363636364,0.528252090466988,0.5682228514151557,0.002840909090909091,1760.0,0.0,0.0
1724.0,0.9795454545454545,36.0,0.7845938099155639,0.877572551567118,0.020454545454545454,0.01,0.0,0.0,0.0,1.0,0.7176136363636364,1263.0,1263.0,0.9942012585408782,1.0,1.0,1.0,global,0.8684612986468736,0.9,1263.0,0.9942012590935528,497.0,0.0,0.7176136363636364,0.5672711449318242,0.5682228514151557,0.9795454545454545,1760.0,0.0,0.0
1516.0,0.8613636363636363,243.0,0.806133015868849,0.893391185660325,0.1380681818181818,0.01,0.025,1.0,0.0005681818181818182,0.9984164687252574,0.7164772727272727,1261.0,1261.0,0.9801674536455841,1.0,1.0,1.0,global,0.8684612986468736,0.9,1263.0,0.9801674568074601,497.0,0.0,0.7176136363636364,0.5652063469294604,0.5682228514151557,0.8619318181818182,1760.0,0.0,0.0
1225.0,0.6960227272727273,532.0,0.7930610794575766,0.8785256062845362,0.30227272727272725,0.01,0.05,3.0,0.0017045454545454545,0.9928741092636579,0.7125,1254.0,1254.0,0.9523083348989152,1.0,1.0,1.0,global,0.8684612986468736,0.9,1263.0,0.9523083387403353,497.0,0.0,0.7176136363636364,0.5617209797769672,0.5682228514151557,0.6977272727272728,1760.0,0.0,0.0
1177.0,0.66875,580.0,0.7938357523962235,0.8741258633438529,0.32954545454545453,0.01,0.075,3.0,0.0017045454545454545,0.9904988123515439,0.7107954545454546,1251.0,1251.0,0.9461105443913389,1.0,0.9663033969967267,1.0,global,0.8684612986468736,0.9,1263.0,0.946110550387537,497.0,0.0,0.7176136363636364,0.5604638461540342,0.5682228514151557,0.6704545454545454,1760.0,0.0,0.0
374.0,0.2125,1382.0,0.7950349495222754,0.8639498898284713,0.7852272727272728,0.01,0.1,4.0,0.0022727272727272726,0.9612034837688044,0.6897727272727273,1214.0,1214.0,0.8463606293783117,0.8967053482082756,0.8053000847951558,1.0,global,0.8684612986468736,0.9,1263.0,0.8463606362753056,497.0,0.0,0.7176136363636364,0.5439222791125461,0.5682228514151557,0.21477272727272728,1760.0,0.0,0.0
150.0,0.08522727272727272,1605.0,0.7920336286894161,0.8607430651564933,0.9119318181818182,0.01,0.15,5.0,0.002840909090909091,0.9453681710213777,0.678409090909091,1194.0,1194.0,0.8169408239133804,0.8726930685819936,0.7806462231008968,0.9229643963210911,global,0.8684612986468736,0.9,1263.0,0.8169408309259016,497.0,0.0,0.7176136363636364,0.5390837254126509,0.5682228514151557,0.08806818181818182,1760.0,0.0,0.0
83.0,0.04715909090909091,1672.0,0.7887606410503171,0.8584293030110469,0.95,0.01,0.2,5.0,0.002840909090909091,0.9358669833729216,0.6715909090909091,1182.0,1182.0,0.8028790076806258,0.8661562952750104,0.7665768580005525,0.9158408122683046,global,0.8684612986468736,0.9,1263.0,0.8028790152767772,497.0,0.0,0.7176136363636364,0.5368821889915353,0.5682228514151557,0.05,1760.0,0.0,0.0
0.0,0.0,1755.0,0.7827209194040623,0.8564926813568238,0.9971590909090909,0.01,0.3,5.0,0.002840909090909091,0.9216152019002375,0.6613636363636364,1164.0,1164.0,0.7832809170344642,0.857140132861578,0.7516598825893612,0.9077091228738016,global,0.8684612986468736,0.9,1263.0,0.7832809247480819,497.0,0.0,0.7176136363636364,0.5346573720167987,0.5682228514151557,0.002840909090909091,1760.0,0.0,0.0
0.0,0.0,1755.0,0.7827209194040623,0.8564926813568238,0.9971590909090909,0.01,0.5,5.0,0.002840909090909091,0.9216152019002375,0.6613636363636364,1164.0,1164.0,0.7832809170344642,0.857140132861578,0.7516598825893612,0.9077091228738016,global,0.8684612986468736,0.9,1263.0,0.7832809247480819,497.0,0.0,0.7176136363636364,0.5346573720167987,0.5682228514151557,0.002840909090909091,1760.0,0.0,0.0
0.0,0.0,1755.0,0.7827209194040623,0.8564926813568238,0.9971590909090909,0.01,1.0,5.0,0.002840909090909091,0.9216152019002375,0.6613636363636364,1164.0,1164.0,0.7832809170344642,0.857140132861578,0.7516598825893612,0.9077091228738016,global,0.8684612986468736,0.9,1263.0,0.7832809247480819,497.0,0.0,0.7176136363636364,0.5346573720167987,0.5682228514151557,0.002840909090909091,1760.0,0.0,0.0
1611.0,0.915340909090909,148.0,0.8450936754689693,0.9082816154580149,0.08409090909090909,0.01,0.0,1.0,0.0005681818181818182,1.0,0.7176136363636364,1263.0,1263.0,0.9896974415988863,1.0,1.0,1.0,global,0.8984560148624464,0.92,1263.0,0.9896974424824881,497.0,0.0,0.7176136363636364,0.5667193800301907,0.5682228514151557,0.9159090909090909,1760.0,0.0,0.0
1383.0,0.7857954545454545,376.0,0.8385918811852021,0.9129311241288642,0.21363636363636362,0.01,0.025,1.0,0.0005681818181818182,0.9984164687252574,0.7164772727272727,1261.0,1261.0,0.9737599806843508,1.0,1.0,1.0,global,0.8984560148624464,0.92,1263.0,0.9737599842452576,497.0,0.0,0.7176136363636364,0.5649934958282297,0.5682228514151557,0.7863636363636364,1760.0,0.0,0.0
1106.0,0.6284090909090909,651.0,0.8282228305636593,0.8991008873303048,0.3698863636363636,0.01,0.05,3.0,0.0017045454545454545,0.9912905779889153,0.7113636363636363,1252.0,1252.0,0.9458051262561065,1.0,0.9422736496176239,1.0,global,0.8984560148624464,0.92,1263.0,0.9458051320361269,497.0,0.0,0.7176136363636364,0.5613010368306797,0.5682228514151557,0.6301136363636364,1760.0,0.0,0.0
446.0,0.2534090909090909,1310.0,0.8342334972603446,0.8989792761989188,0.7443181818181818,0.01,0.075,4.0,0.0022727272727272726,0.9786223277909739,0.7022727272727273,1236.0,1236.0,0.8841243864344156,0.929236829191395,0.8656831700115304,1.0,global,0.8984560148624464,0.92,1263.0,0.8841243955133731,497.0,0.0,0.7176136363636364,0.55166845691347,0.5682228514151557,0.2556818181818182,1760.0,0.0,0.0
208.0,0.11818181818181818,1547.0,0.8297520604020102,0.895733545629879,0.8789772727272728,0.01,0.1,5.0,0.002840909090909091,0.9667458432304038,0.69375,1221.0,1221.0,0.8572204011889094,0.9124492325913053,0.8324773997357219,0.9499307104658173,global,0.8984560148624464,0.92,1263.0,0.8572204107841269,497.0,0.0,0.7176136363636364,0.5480599516400432,0.5682228514151557,0.12102272727272727,1760.0,0.0,0.0
83.0,0.04715909090909091,1672.0,0.8252769642517899,0.8932234133043959,0.95,0.01,0.15,5.0,0.002840909090909091,0.9548693586698337,0.6852272727272727,1206.0,1206.0,0.8367223372402712,0.8991957719983461,0.8181405787283147,0.9369418144764836,global,0.8984560148624464,0.92,1263.0,0.8367223469548323,497.0,0.0,0.7176136363636364,0.5450273096701506,0.5682228514151557,0.05,1760.0,0.0,0.0
0.0,0.0,1755.0,0.8183009236029043,0.8899651398515505,0.9971590909090909,0.01,0.2,5.0,0.002840909090909091,0.9445764053840063,0.6778409090909091,1193.0,1193.0,0.818757836619829,0.8905112329528312,0.8031946942098643,0.9305633069628747,global,0.8984560148624464,0.92,1263.0,0.8187578468366415,497.0,0.0,0.7176136363636364,0.5433422654226867,0.5682228514151557,0.002840909090909091,1760.0,0.0,0.0
0.0,0.0,1755.0,0.8183009236029043,0.8899651398515505,0.9971590909090909,0.01,0.3,5.0,0.002840909090909091,0.9445764053840063,0.6778409090909091,1193.0,1193.0,0.818757836619829,0.8905112329528312,0.8031946942098643,0.9305633069628747,global,0.8984560148624464,0.92,1263.0,0.8187578468366415,497.0,0.0,0.7176136363636364,0.5433422654226867,0.5682228514151557,0.002840909090909091,1760.0,0.0,0.0
0.0,0.0,1755.0,0.8183009236029043,0.8899651398515505,0.9971590909090909,0.01,0.5,5.0,0.002840909090909091,0.9445764053840063,0.6778409090909091,1193.0,1193.0,0.818757836619829,0.8905112329528312,0.8031946942098643,0.9305633069628747,global,0.8984560148624464,0.92,1263.0,0.8187578468366415,497.0,0.0,0.7176136363636364,0.5433422654226867,0.5682228514151557,0.002840909090909091,1760.0,0.0,0.0
0.0,0.0,1755.0,0.8183009236029043,0.8899651398515505,0.9971590909090909,0.01,1.0,5.0,0.002840909090909091,0.9445764053840063,0.6778409090909091,1193.0,1193.0,0.818757836619829,0.8905112329528312,0.8031946942098643,0.9305633069628747,global,0.8984560148624464,0.92,1263.0,0.8187578468366415,497.0,0.0,0.7176136363636364,0.5433422654226867,0.5682228514151557,0.002840909090909091,1760.0,0.0,0.0
1225.0,0.6960227272727273,532.0,0.9050348915740584,0.9531394711610921,0.30227272727272725,0.01,0.0,3.0,0.0017045454545454545,1.0,0.7176136363636364,1263.0,1263.0,0.9775933473389307,1.0,1.0,1.0,global,0.937876470528967,0.95,1263.0,0.9775933533419131,497.0,0.0,0.7176136363636364,0.5658281259971971,0.5682228514151557,0.6977272727272728,1760.0,0.0,0.0
946.0,0.5375,810.0,0.8883447447561752,0.9445367809130011,0.4602272727272727,0.01,0.025,4.0,0.0022727272727272726,0.9968329374505146,0.7153409090909091,1259.0,1259.0,0.9549476809659546,1.0,0.9606731229582142,1.0,global,0.937876470528967,0.95,1263.0,0.9549476910034552,497.0,0.0,0.7176136363636364,0.5634500391172564,0.5682228514151557,0.5397727272727273,1760.0,0.0,0.0
150.0,0.08522727272727272,1605.0,0.8872046734306267,0.9413547289376858,0.9119318181818182,0.01,0.05,5.0,0.002840909090909091,0.9857482185273159,0.7073863636363636,1245.0,1245.0,0.9001602812213257,0.9482307266921297,0.9064897448791224,0.9731866681877408,global,0.937876470528967,0.95,1263.0,0.9001602974872943,497.0,0.0,0.7176136363636364,0.5566740612690596,0.5682228514151557,0.08806818181818182,1760.0,0.0,0.0
150.0,0.08522727272727272,1605.0,0.8872046734306267,0.9413547289376858,0.9119318181818182,0.01,0.075,5.0,0.002840909090909091,0.9857482185273159,0.7073863636363636,1245.0,1245.0,0.9001602812213257,0.9482307266921297,0.9064897448791224,0.9731866681877408,global,0.937876470528967,0.95,1263.0,0.9001602974872943,497.0,0.0,0.7176136363636364,0.5566740612690596,0.5682228514151557,0.08806818181818182,1760.0,0.0,0.0
67.0,0.03806818181818182,1688.0,0.8809616254408091,0.9398958381101341,0.9590909090909091,0.01,0.1,5.0,0.002840909090909091,0.9802058590657166,0.7034090909090909,1238.0,1238.0,0.8874039284258384,0.9441985660524546,0.8970594669334638,0.967871790204863,global,0.937876470528967,0.95,1263.0,0.887403944783779,497.0,0.0,0.7176136363636364,0.555761744294323,0.5682228514151557,0.04090909090909091,1760.0,0.0,0.0
0.0,0.0,1755.0,0.8787080067744288,0.938495697384131,0.9971590909090909,0.01,0.15,5.0,0.002840909090909091,0.9746634996041171,0.6994318181818182,1231.0,1231.0,0.8790036005840769,0.93857200846356,0.8905164152020194,0.963938840699587,global,0.937876470528967,0.95,1263.0,0.8790036186141658,497.0,0.0,0.7176136363636364,0.5548158896913893,0.5682228514151557,0.002840909090909091,1760.0,0.0,0.0
0.0,0.0,1755.0,0.8787080067744288,0.938495697384131,0.9971590909090909,0.01,0.2,5.0,0.002840909090909091,0.9746634996041171,0.6994318181818182,1231.0,1231.0,0.8790036005840769,0.93857200846356,0.8905164152020194,0.963938840699587,global,0.937876470528967,0.95,1263.0,0.8790036186141658,497.0,0.0,0.7176136363636364,0.5548158896913893,0.5682228514151557,0.002840909090909091,1760.0,0.0,0.0
0.0,0.0,1755.0,0.8787080067744288,0.938495697384131,0.9971590909090909,0.01,0.3,5.0,0.002840909090909091,0.9746634996041171,0.6994318181818182,1231.0,1231.0,0.8790036005840769,0.93857200846356,0.8905164152020194,0.963938840699587,global,0.937876470528967,0.95,1263.0,0.8790036186141658,497.0,0.0,0.7176136363636364,0.5548158896913893,0.5682228514151557,0.002840909090909091,1760.0,0.0,0.0
0.0,0.0,1755.0,0.8787080067744288,0.938495697384131,0.9971590909090909,0.01,0.5,5.0,0.002840909090909091,0.9746634996041171,0.6994318181818182,1231.0,1231.0,0.8790036005840769,0.93857200846356,0.8905164152020194,0.963938840699587,global,0.937876470528967,0.95,1263.0,0.8790036186141658,497.0,0.0,0.7176136363636364,0.5548158896913893,0.5682228514151557,0.002840909090909091,1760.0,0.0,0.0
0.0,0.0,1755.0,0.8787080067744288,0.938495697384131,0.9971590909090909,0.01,1.0,5.0,0.002840909090909091,0.9746634996041171,0.6994318181818182,1231.0,1231.0,0.8790036005840769,0.93857200846356,0.8905164152020194,0.963938840699587,global,0.937876470528967,0.95,1263.0,0.8790036186141658,497.0,0.0,0.7176136363636364,0.5548158896913893,0.5682228514151557,0.002840909090909091,1760.0,0.0,0.0
695.0,0.39488636363636365,1060.0,0.9376941489997928,0.9813565197014862,0.6022727272727273,0.01,0.0,5.0,0.002840909090909091,1.0,0.7176136363636364,1263.0,1263.0,0.9655665209832582,1.0,0.9788696041226423,1.0,global,0.9692714424997276,0.975,1263.0,0.9655665774346602,497.0,0.0,0.7176136363636364,0.5658682468739252,0.5682228514151557,0.3977272727272727,1760.0,0.0,0.0
83.0,0.04715909090909091,1672.0,0.9420815122285744,0.9806638375720522,0.95,0.01,0.025,5.0,0.002840909090909091,0.9984164687252574,0.7164772727272727,1261.0,1261.0,0.9457100297019627,0.9821890542752107,0.9623326265582614,0.9962245220145044,global,0.9692714424997276,0.975,1263.0,0.9457100914071781,497.0,0.0,0.7176136363636364,0.5639212852082149,0.5682228514151557,0.05,1760.0,0.0,0.0
0.0,0.0,1755.0,0.938063477160388,0.980042964677494,0.9971590909090909,0.01,0.05,5.0,0.002840909090909091,0.9968329374505146,0.7153409090909091,1259.0,1259.0,0.9382110622028972,0.980091602880467,0.9570295494726793,0.992247737919655,global,0.9692714424997276,0.975,1263.0,0.9382111243781844,497.0,0.0,0.7176136363636364,0.5635992307223218,0.5682228514151557,0.002840909090909091,1760.0,0.0,0.0
0.0,0.0,1755.0,0.938063477160388,0.980042964677494,0.9971590909090909,0.01,0.075,5.0,0.002840909090909091,0.9968329374505146,0.7153409090909091,1259.0,1259.0,0.9382110622028972,0.980091602880467,0.9570295494726793,0.992247737919655,global,0.9692714424997276,0.975,1263.0,0.9382111243781844,497.0,0.0,0.7176136363636364,0.5635992307223218,0.5682228514151557,0.002840909090909091,1760.0,0.0,0.0
0.0,0.0,1755.0,0.938063477160388,0.980042964677494,0.9971590909090909,0.01,0.1,5.0,0.002840909090909091,0.9968329374505146,0.7153409090909091,1259.0,1259.0,0.9382110622028972,0.980091602880467,0.9570295494726793,0.992247737919655,global,0.9692714424997276,0.975,1263.0,0.9382111243781844,497.0,0.0,0.7176136363636364,0.5635992307223218,0.5682228514151557,0.002840909090909091,1760.0,0.0,0.0
0.0,0.0,1755.0,0.938063477160388,0.980042964677494,0.9971590909090909,0.01,0.15,5.0,0.002840909090909091,0.9968329374505146,0.7153409090909091,1259.0,1259.0,0.9382110622028972,0.980091602880467,0.9570295494726793,0.992247737919655,global,0.9692714424997276,0.975,1263.0,0.9382111243781844,497.0,0.0,0.7176136363636364,0.5635992307223218,0.5682228514151557,0.002840909090909091,1760.0,0.0,0.0
0.0,0.0,1755.0,0.938063477160388,0.980042964677494,0.9971590909090909,0.01,0.2,5.0,0.002840909090909091,0.9968329374505146,0.7153409090909091,1259.0,1259.0,0.9382110622028972,0.980091602880467,0.9570295494726793,0.992247737919655,global,0.9692714424997276,0.975,1263.0,0.9382111243781844,497.0,0.0,0.7176136363636364,0.5635992307223218,0.5682228514151557,0.002840909090909091,1760.0,0.0,0.0
0.0,0.0,1755.0,0.938063477160388,0.980042964677494,0.9971590909090909,0.01,0.3,5.0,0.002840909090909091,0.9968329374505146,0.7153409090909091,1259.0,1259.0,0.9382110622028972,0.980091602880467,0.9570295494726793,0.992247737919655,global,0.9692714424997276,0.975,1263.0,0.9382111243781844,497.0,0.0,0.7176136363636364,0.5635992307223218,0.5682228514151557,0.002840909090909091,1760.0,0.0,0.0
0.0,0.0,1755.0,0.938063477160388,0.980042964677494,0.9971590909090909,0.01,0.5,5.0,0.002840909090909091,0.9968329374505146,0.7153409090909091,1259.0,1259.0,0.9382110622028972,0.980091602880467,0.9570295494726793,0.992247737919655,global,0.9692714424997276,0.975,1263.0,0.9382111243781844,497.0,0.0,0.7176136363636364,0.5635992307223218,0.5682228514151557,0.002840909090909091,1760.0,0.0,0.0
0.0,0.0,1755.0,0.938063477160388,0.980042964677494,0.9971590909090909,0.01,1.0,5.0,0.002840909090909091,0.9968329374505146,0.7153409090909091,1259.0,1259.0,0.9382110622028972,0.980091602880467,0.9570295494726793,0.992247737919655,global,0.9692714424997276,0.975,1263.0,0.9382111243781844,497.0,0.0,0.7176136363636364,0.5635992307223218,0.5682228514151557,0.002840909090909091,1760.0,0.0,0.0
1760.0,1.0,0.0,nan,nan,0.0,0.05,0.0,0.0,0.0,1.0,0.7176136363636364,1263.0,1263.0,1.0,1.0,1.0,1.0,global,-0.12826919808494602,0.5,1263.0,1.0,497.0,0.0,0.7176136363636364,0.5682228514151557,0.5682228514151557,1.0,1760.0,0.0,0.0
1760.0,1.0,0.0,nan,nan,0.0,0.05,0.025,0.0,0.0,1.0,0.7176136363636364,1263.0,1263.0,1.0,1.0,1.0,1.0,global,-0.12826919808494602,0.5,1263.0,1.0,497.0,0.0,0.7176136363636364,0.5682228514151557,0.5682228514151557,1.0,1760.0,0.0,0.0
1760.0,1.0,0.0,nan,nan,0.0,0.05,0.05,0.0,0.0,1.0,0.7176136363636364,1263.0,1263.0,1.0,1.0,1.0,1.0,global,-0.12826919808494602,0.5,1263.0,1.0,497.0,0.0,0.7176136363636364,0.5682228514151557,0.5682228514151557,1.0,1760.0,0.0,0.0
1760.0,1.0,0.0,nan,nan,0.0,0.05,0.075,0.0,0.0,1.0,0.7176136363636364,1263.0,1263.0,1.0,1.0,1.0,1.0,global,-0.12826919808494602,0.5,1263.0,1.0,497.0,0.0,0.7176136363636364,0.5682228514151557,0.5682228514151557,1.0,1760.0,0.0,0.0
1760.0,1.0,0.0,nan,nan,0.0,0.05,0.1,0.0,0.0,1.0,0.7176136363636364,1263.0,1263.0,1.0,1.0,1.0,1.0,global,-0.12826919808494602,0.5,1263.0,1.0,497.0,0.0,0.7176136363636364,0.5682228514151557,0.5682228514151557,1.0,1760.0,0.0,0.0
1760.0,1.0,0.0,nan,nan,0.0,0.05,0.15,0.0,0.0,1.0,0.7176136363636364,1263.0,1263.0,1.0,1.0,1.0,1.0,global,-0.12826919808494602,0.5,1263.0,1.0,497.0,0.0,0.7176136363636364,0.5682228514151557,0.5682228514151557,1.0,1760.0,0.0,0.0
1760.0,1.0,0.0,nan,nan,0.0,0.05,0.2,0.0,0.0,1.0,0.7176136363636364,1263.0,1263.0,1.0,1.0,1.0,1.0,global,-0.12826919808494602,0.5,1263.0,1.0,497.0,0.0,0.7176136363636364,0.5682228514151557,0.5682228514151557,1.0,1760.0,0.0,0.0
1665.0,0.9460227272727273,93.0,0.4939472542411241,0.5339170106204636,0.05284090909090909,0.05,0.3,2.0,0.0011363636363636363,0.9904988123515439,0.7107954545454546,1251.0,1251.0,0.9858418496390402,1.0,1.0,1.0,global,-0.12826919808494602,0.5,1263.0,0.9858418496390402,497.0,0.0,0.7176136363636364,0.5623539137787742,0.5682228514151557,0.9471590909090909,1760.0,0.0,0.0
463.0,0.2630681818181818,1241.0,0.40380024446165524,0.39046410595470266,0.7051136363636363,0.05,0.5,56.0,0.031818181818181815,0.7379255740300871,0.5295454545454545,932.0,932.0,0.6891061360604768,0.8666781428142769,0.37466396575858174,1.0,global,-0.12826919808494602,0.5,1263.0,0.6891061373229728,497.0,0.0,0.7176136363636364,0.4489907364460117,0.5682228514151557,0.2948863636363636,1760.0,0.0,0.0
0.0,0.0,1704.0,0.3826405757351192,0.360474819686023,0.9681818181818181,0.05,1.0,56.0,0.031818181818181815,0.5241488519398259,0.37613636363636366,662.0,662.0,0.4022244849640656,0.37367436208719085,0.18985775162320928,0.5769384607672203,global,-0.12826919808494602,0.5,1263.0,0.40222448693894297,497.0,0.0,0.7176136363636364,0.3735937554771222,0.5682228514151557,0.031818181818181815,1760.0,0.0,0.0
1760.0,1.0,0.0,nan,nan,0.0,0.05,0.0,0.0,0.0,1.0,0.7176136363636364,1263.0,1263.0,1.0,1.0,1.0,1.0,global,0.08371606720543677,0.6,1263.0,1.0,497.0,0.0,0.7176136363636364,0.5682228514151557,0.5682228514151557,1.0,1760.0,0.0,0.0
1760.0,1.0,0.0,nan,nan,0.0,0.05,0.025,0.0,0.0,1.0,0.7176136363636364,1263.0,1263.0,1.0,1.0,1.0,1.0,global,0.08371606720543677,0.6,1263.0,1.0,497.0,0.0,0.7176136363636364,0.5682228514151557,0.5682228514151557,1.0,1760.0,0.0,0.0
1760.0,1.0,0.0,nan,nan,0.0,0.05,0.05,0.0,0.0,1.0,0.7176136363636364,1263.0,1263.0,1.0,1.0,1.0,1.0,global,0.08371606720543677,0.6,1263.0,1.0,497.0,0.0,0.7176136363636364,0.5682228514151557,0.5682228514151557,1.0,1760.0,0.0,0.0
1760.0,1.0,0.0,nan,nan,0.0,0.05,0.075,0.0,0.0,1.0,0.7176136363636364,1263.0,1263.0,1.0,1.0,1.0,1.0,global,0.08371606720543677,0.6,1263.0,1.0,497.0,0.0,0.7176136363636364,0.5682228514151557,0.5682228514151557,1.0,1760.0,0.0,0.0
1760.0,1.0,0.0,nan,nan,0.0,0.05,0.1,0.0,0.0,1.0,0.7176136363636364,1263.0,1263.0,1.0,1.0,1.0,1.0,global,0.08371606720543677,0.6,1263.0,1.0,497.0,0.0,0.7176136363636364,0.5682228514151557,0.5682228514151557,1.0,1760.0,0.0,0.0
1760.0,1.0,0.0,nan,nan,0.0,0.05,0.15,0.0,0.0,1.0,0.7176136363636364,1263.0,1263.0,1.0,1.0,1.0,1.0,global,0.08371606720543677,0.6,1263.0,1.0,497.0,0.0,0.7176136363636364,0.5682228514151557,0.5682228514151557,1.0,1760.0,0.0,0.0
1665.0,0.9460227272727273,93.0,0.5394042309168201,0.5913187092152212,0.05284090909090909,0.05,0.2,2.0,0.0011363636363636363,0.9936658749010293,0.7130681818181818,1255.0,1255.0,0.9856866653432319,1.0,1.0,1.0,global,0.08371606720543677,0.6,1263.0,0.985686665381226,497.0,0.0,0.7176136363636364,0.5635300501424105,0.5682228514151557,0.9471590909090909,1760.0,0.0,0.0
1411.0,0.8017045454545455,337.0,0.48646767614932174,0.5052092668303154,0.19147727272727272,0.05,0.3,12.0,0.006818181818181818,0.9667458432304038,0.69375,1221.0,1221.0,0.9436418252285085,1.0,1.0,1.0,global,0.08371606720543677,0.6,1263.0,0.9436418255567294,497.0,0.0,0.7176136363636364,0.549422333418236,0.5682228514151557,0.8085227272727272,1760.0,0.0,0.0
280.0,0.1590909090909091,1419.0,0.44205959613136336,0.44037053425413153,0.80625,0.05,0.5,61.0,0.03465909090909091,0.7466349960411718,0.5357954545454545,943.0,943.0,0.6106842144797848,0.5969461226505793,0.3400181486563931,1.0,global,0.08371606720543677,0.6,1263.0,0.6106842159848475,497.0,0.0,0.7176136363636364,0.448278913241628,0.5682228514151557,0.19375,1760.0,0.0,0.0
0.0,0.0,1699.0,0.43159919830949456,0.4234582198648561,0.9653409090909091,0.05,1.0,61.0,0.03465909090909091,0.6254948535233571,0.44886363636363635,790.0,790.0,0.448867070765915,0.43316881277612435,0.2549013995563832,0.6299731718239245,global,0.08371606720543677,0.6,1263.0,0.44886707269881454,497.0,0.0,0.7176136363636364,0.4112656758002106,0.5682228514151557,0.03465909090909091,1760.0,0.0,0.0
1760.0,1.0,0.0,nan,nan,0.0,0.05,0.0,0.0,0.0,1.0,0.7176136363636364,1263.0,1263.0,1.0,1.0,1.0,1.0,global,0.18705643435578356,0.65,1263.0,1.0,497.0,0.0,0.7176136363636364,0.5682228514151557,0.5682228514151557,1.0,1760.0,0.0,0.0
1760.0,1.0,0.0,nan,nan,0.0,0.05,0.025,0.0,0.0,1.0,0.7176136363636364,1263.0,1263.0,1.0,1.0,1.0,1.0,global,0.18705643435578356,0.65,1263.0,1.0,497.0,0.0,0.7176136363636364,0.5682228514151557,0.5682228514151557,1.0,1760.0,0.0,0.0
1760.0,1.0,0.0,nan,nan,0.0,0.05,0.05,0.0,0.0,1.0,0.7176136363636364,1263.0,1263.0,1.0,1.0,1.0,1.0,global,0.18705643435578356,0.65,1263.0,1.0,497.0,0.0,0.7176136363636364,0.5682228514151557,0.5682228514151557,1.0,1760.0,0.0,0.0
1760.0,1.0,0.0,nan,nan,0.0,0.05,0.075,0.0,0.0,1.0,0.7176136363636364,1263.0,1263.0,1.0,1.0,1.0,1.0,global,0.18705643435578356,0.65,1263.0,1.0,497.0,0.0,0.7176136363636364,0.5682228514151557,0.5682228514151557,1.0,1760.0,0.0,0.0
1760.0,1.0,0.0,nan,nan,0.0,0.05,0.1,0.0,0.0,1.0,0.7176136363636364,1263.0,1263.0,1.0,1.0,1.0,1.0,global,0.18705643435578356,0.65,1263.0,1.0,497.0,0.0,0.7176136363636364,0.5682228514151557,0.5682228514151557,1.0,1760.0,0.0,0.0
1760.0,1.0,0.0,nan,nan,0.0,0.05,0.15,0.0,0.0,1.0,0.7176136363636364,1263.0,1263.0,1.0,1.0,1.0,1.0,global,0.18705643435578356,0.65,1263.0,1.0,497.0,0.0,0.7176136363636364,0.5682228514151557,0.5682228514151557,1.0,1760.0,0.0,0.0
1665.0,0.9460227272727273,93.0,0.5998356484676247,0.6420566279847242,0.05284090909090909,0.05,0.2,2.0,0.0011363636363636363,0.9936658749010293,0.7130681818181818,1255.0,1255.0,0.9875646137770816,1.0,1.0,1.0,global,0.18705643435578356,0.65,1263.0,0.9875646137770814,497.0,0.0,0.7176136363636364,0.5640811865060469,0.5682228514151557,0.9471590909090909,1760.0,0.0,0.0
1208.0,0.6863636363636364,521.0,0.5129004836311859,0.5260473230170495,0.29602272727272727,0.05,0.3,31.0,0.017613636363636363,0.9398258115597783,0.6744318181818182,1187.0,1187.0,0.9064374981195539,1.0,1.0,1.0,global,0.18705643435578356,0.65,1263.0,0.9064374983436785,497.0,0.0,0.7176136363636364,0.5377344035049492,0.5682228514151557,0.7039772727272727,1760.0,0.0,0.0
154.0,0.0875,1543.0,0.4709937723547226,0.47352544705425076,0.8767045454545455,0.05,0.5,63.0,0.03579545454545455,0.7347585114806018,0.5272727272727272,928.0,928.0,0.5667621411525745,0.5456659703183444,0.34955443200305847,0.8041321454438319,global,0.18705643435578356,0.65,1263.0,0.5667621423479438,497.0,0.0,0.7176136363636364,0.44656322606888205,0.5682228514151557,0.12329545454545454,1760.0,0.0,0.0
0.0,0.0,1697.0,0.4670108227402948,0.4704328745382944,0.9642045454545455,0.05,1.0,63.0,0.03579545454545455,0.6690419635787807,0.48011363636363635,845.0,845.0,0.4827797333101085,0.48074759882764867,0.30854720471363295,0.658140006643132,global,0.18705643435578356,0.65,1263.0,0.4827797347269875,497.0,0.0,0.7176136363636364,0.4294967787221353,0.5682228514151557,0.03579545454545455,1760.0,0.0,0.0
1760.0,1.0,0.0,nan,nan,0.0,0.05,0.0,0.0,0.0,1.0,0.7176136363636364,1263.0,1263.0,1.0,1.0,1.0,1.0,global,0.250216595201012,0.68,1263.0,1.0,497.0,0.0,0.7176136363636364,0.5682228514151557,0.5682228514151557,1.0,1760.0,0.0,0.0
1760.0,1.0,0.0,nan,nan,0.0,0.05,0.025,0.0,0.0,1.0,0.7176136363636364,1263.0,1263.0,1.0,1.0,1.0,1.0,global,0.250216595201012,0.68,1263.0,1.0,497.0,0.0,0.7176136363636364,0.5682228514151557,0.5682228514151557,1.0,1760.0,0.0,0.0
1760.0,1.0,0.0,nan,nan,0.0,0.05,0.05,0.0,0.0,1.0,0.7176136363636364,1263.0,1263.0,1.0,1.0,1.0,1.0,global,0.250216595201012,0.68,1263.0,1.0,497.0,0.0,0.7176136363636364,0.5682228514151557,0.5682228514151557,1.0,1760.0,0.0,0.0
1760.0,1.0,0.0,nan,nan,0.0,0.05,0.075,0.0,0.0,1.0,0.7176136363636364,1263.0,1263.0,1.0,1.0,1.0,1.0,global,0.250216595201012,0.68,1263.0,1.0,497.0,0.0,0.7176136363636364,0.5682228514151557,0.5682228514151557,1.0,1760.0,0.0,0.0
1760.0,1.0,0.0,nan,nan,0.0,0.05,0.1,0.0,0.0,1.0,0.7176136363636364,1263.0,1263.0,1.0,1.0,1.0,1.0,global,0.250216595201012,0.68,1263.0,1.0,497.0,0.0,0.7176136363636364,0.5682228514151557,0.5682228514151557,1.0,1760.0,0.0,0.0
1760.0,1.0,0.0,nan,nan,0.0,0.05,0.15,0.0,0.0,1.0,0.7176136363636364,1263.0,1263.0,1.0,1.0,1.0,1.0,global,0.250216595201012,0.68,1263.0,1.0,497.0,0.0,0.7176136363636364,0.5682228514151557,0.5682228514151557,1.0,1760.0,0.0,0.0
1394.0,0.7920454545454545,341.0,0.5609333822613473,0.6127126734484003,0.19375,0.05,0.2,25.0,0.014204545454545454,0.9722882026920031,0.6977272727272728,1228.0,1228.0,0.9481558146806965,1.0,1.0,1.0,global,0.250216595201012,0.68,1263.0,0.9481558148031213,497.0,0.0,0.7176136363636364,0.5534545529184554,0.5682228514151557,0.80625,1760.0,0.0,0.0
548.0,0.31136363636363634,1158.0,0.5000872329388064,0.5086939013391363,0.6579545454545455,0.05,0.3,54.0,0.03068181818181818,0.8582739509105305,0.615909090909091,1084.0,1084.0,0.7223731681080825,0.8008508758710329,0.4812656374024363,1.0,global,0.250216595201012,0.68,1263.0,0.722373168560461,497.0,0.0,0.7176136363636364,0.49042068342433665,0.5682228514151557,0.34204545454545454,1760.0,0.0,0.0
83.0,0.04715909090909091,1611.0,0.4895777774660771,0.5002760631752177,0.915340909090909,0.05,0.5,66.0,0.0375,0.7379255740300871,0.5295454545454545,932.0,932.0,0.5454394370137811,0.5399791209562586,0.35720070757752764,0.7371609734328847,global,0.250216595201012,0.68,1263.0,0.5454394378980986,497.0,0.0,0.7176136363636364,0.4490359921361377,0.5682228514151557,0.0846590909090909,1760.0,0.0,0.0
0.0,0.0,1694.0,0.4840055434693074,0.4937343781536981,0.9625,0.05,1.0,66.0,0.0375,0.7038796516231196,0.5051136363636364,889.0,889.0,0.49909649495389463,0.5067282562598315,0.32660222641279507,0.6795868087663203,global,0.250216595201012,0.68,1263.0,0.49909649610668205,497.0,0.0,0.7176136363636364,0.4407429933432193,0.5682228514151557,0.0375,1760.0,0.0,0.0
1760.0,1.0,0.0,nan,nan,0.0,0.05,0.0,0.0,0.0,1.0,0.7176136363636364,1263.0,1263.0,1.0,1.0,1.0,1.0,global,0.2926878680333636,0.7,1263.0,1.0,497.0,0.0,0.7176136363636364,0.5682228514151557,0.5682228514151557,1.0,1760.0,0.0,0.0
1760.0,1.0,0.0,nan,nan,0.0,0.05,0.025,0.0,0.0,1.0,0.7176136363636364,1263.0,1263.0,1.0,1.0,1.0,1.0,global,0.2926878680333636,0.7,1263.0,1.0,497.0,0.0,0.7176136363636364,0.5682228514151557,0.5682228514151557,1.0,1760.0,0.0,0.0
1760.0,1.0,0.0,nan,nan,0.0,0.05,0.05,0.0,0.0,1.0,0.7176136363636364,1263.0,1263.0,1.0,1.0,1.0,1.0,global,0.2926878680333636,0.7,1263.0,1.0,497.0,0.0,0.7176136363636364,0.5682228514151557,0.5682228514151557,1.0,1760.0,0.0,0.0
1760.0,1.0,0.0,nan,nan,0.0,0.05,0.075,0.0,0.0,1.0,0.7176136363636364,1263.0,1263.0,1.0,1.0,1.0,1.0,global,0.2926878680333636,0.7,1263.0,1.0,497.0,0.0,0.7176136363636364,0.5682228514151557,0.5682228514151557,1.0,1760.0,0.0,0.0
1760.0,1.0,0.0,nan,nan,0.0,0.05,0.1,0.0,0.0,1.0,0.7176136363636364,1263.0,1263.0,1.0,1.0,1.0,1.0,global,0.2926878680333636,0.7,1263.0,1.0,497.0,0.0,0.7176136363636364,0.5682228514151557,0.5682228514151557,1.0,1760.0,0.0,0.0
1665.0,0.9460227272727273,93.0,0.6227995087803868,0.6818258941336987,0.05284090909090909,0.05,0.15,2.0,0.0011363636363636363,0.995249406175772,0.7142045454545455,1257.0,1257.0,0.9876967222434335,1.0,1.0,1.0,global,0.2926878680333636,0.7,1263.0,0.9876967222694489,497.0,0.0,0.7176136363636364,0.5646550501424105,0.5682228514151557,0.9471590909090909,1760.0,0.0,0.0
1208.0,0.6863636363636364,519.0,0.5315638880784092,0.57162078058787,0.2948863636363636,0.05,0.2,33.0,0.01875,0.9564528899445764,0.6863636363636364,1208.0,1208.0,0.9034432186519238,1.0,1.0,1.0,global,0.2926878680333636,0.7,1263.0,0.9034432190888518,497.0,0.0,0.7176136363636364,0.5418924086733168,0.5682228514151557,0.7051136363636363,1760.0,0.0,0.0
548.0,0.31136363636363634,1156.0,0.5092393800043216,0.5301830307329232,0.6568181818181819,0.05,0.3,56.0,0.031818181818181815,0.8764845605700713,0.6289772727272728,1107.0,1107.0,0.7229219625137316,0.7843411358520352,0.4987326226688588,1.0,global,0.2926878680333636,0.7,1263.0,0.7229219634589326,497.0,0.0,0.7176136363636364,0.49488361033525674,0.5682228514151557,0.3431818181818182,1760.0,0.0,0.0
0.0,0.0,1692.0,0.49172543178361555,0.5143285658100382,0.9613636363636363,0.05,0.5,68.0,0.038636363636363635,0.7339667458432304,0.5267045454545455,927.0,927.0,0.5059812449158981,0.52552612918617,0.32939083877869,0.6920798492813411,global,0.2926878680333636,0.7,1263.0,0.5059812466132335,497.0,0.0,0.7176136363636364,0.4480752384359575,0.5682228514151557,0.038636363636363635,1760.0,0.0,0.0
0.0,0.0,1692.0,0.49172543178361555,0.5143285658100382,0.9613636363636363,0.05,1.0,68.0,0.038636363636363635,0.7339667458432304,0.5267045454545455,927.0,927.0,0.5059812449158981,0.52552612918617,0.32939083877869,0.6920798492813411,global,0.2926878680333636,0.7,1263.0,0.5059812466132335,497.0,0.0,0.7176136363636364,0.4480752384359575,0.5682228514151557,0.038636363636363635,1760.0,0.0,0.0
1760.0,1.0,0.0,nan,nan,0.0,0.05,0.0,0.0,0.0,1.0,0.7176136363636364,1263.0,1263.0,1.0,1.0,1.0,1.0,global,0.4948473218245595,0.8,1263.0,1.0,497.0,0.0,0.7176136363636364,0.5682228514151557,0.5682228514151557,1.0,1760.0,0.0,0.0
1760.0,1.0,0.0,nan,nan,0.0,0.05,0.025,0.0,0.0,1.0,0.7176136363636364,1263.0,1263.0,1.0,1.0,1.0,1.0,global,0.4948473218245595,0.8,1263.0,1.0,497.0,0.0,0.7176136363636364,0.5682228514151557,0.5682228514151557,1.0,1760.0,0.0,0.0
1760.0,1.0,0.0,nan,nan,0.0,0.05,0.05,0.0,0.0,1.0,0.7176136363636364,1263.0,1263.0,1.0,1.0,1.0,1.0,global,0.4948473218245595,0.8,1263.0,1.0,497.0,0.0,0.7176136363636364,0.5682228514151557,0.5682228514151557,1.0,1760.0,0.0,0.0
1760.0,1.0,0.0,nan,nan,0.0,0.05,0.075,0.0,0.0,1.0,0.7176136363636364,1263.0,1263.0,1.0,1.0,1.0,1.0,global,0.4948473218245595,0.8,1263.0,1.0,497.0,0.0,0.7176136363636364,0.5682228514151557,0.5682228514151557,1.0,1760.0,0.0,0.0
1637.0,0.9301136363636363,123.0,0.570156246063531,0.6320334535009422,0.06988636363636364,0.05,0.1,0.0,0.0,0.9920823436262867,0.7119318181818182,1253.0,1253.0,0.9674100904836677,1.0,1.0,1.0,global,0.4948473218245595,0.8,1263.0,0.9674100904836677,497.0,0.0,0.7176136363636364,0.5605528933744877,0.5682228514151557,0.9301136363636363,1760.0,0.0,0.0
1208.0,0.6863636363636364,513.0,0.6293792775447784,0.6828384748689158,0.29147727272727275,0.05,0.15,39.0,0.02215909090909091,0.9722882026920031,0.6977272727272728,1228.0,1228.0,0.9197189640284292,1.0,1.0,1.0,global,0.4948473218245595,0.8,1263.0,0.919718965191813,497.0,0.0,0.7176136363636364,0.5498476144093593,0.5682228514151557,0.7085227272727272,1760.0,0.0,0.0
431.0,0.24488636363636362,1266.0,0.5906264075221138,0.6390906813627788,0.7193181818181819,0.05,0.2,63.0,0.03579545454545455,0.9152810768012668,0.6568181818181819,1156.0,1156.0,0.7244873227095194,0.7591418091494645,0.5763691440856329,1.0,global,0.4948473218245595,0.8,1263.0,0.7244873256120639,497.0,0.0,0.7176136363636364,0.5079765045178267,0.5682228514151557,0.2806818181818182,1760.0,0.0,0.0
150.0,0.08522727272727272,1531.0,0.5879624957978542,0.6369785408247446,0.8698863636363636,0.05,0.3,79.0,0.044886363636363634,0.8717339667458432,0.6255681818181819,1101.0,1101.0,0.6523316608503239,0.6841458462348247,0.49612605566644924,0.84483603152876,global,0.4948473218245595,0.8,1263.0,0.6523316641457657,497.0,0.0,0.7176136363636364,0.49478551549727817,0.5682228514151557,0.13011363636363638,1760.0,0.0,0.0
0.0,0.0,1681.0,0.5804267585416165,0.63048396673988,0.9551136363636363,0.05,0.5,79.0,0.044886363636363634,0.828978622327791,0.5948863636363636,1047.0,1047.0,0.5932503915183771,0.6357245686339169,0.44624707632930216,0.767314415659985,global,0.4948473218245595,0.8,1263.0,0.5932503955183895,497.0,0.0,0.7176136363636364,0.4838364348286987,0.5682228514151557,0.044886363636363634,1760.0,0.0,0.0
0.0,0.0,1681.0,0.5804267585416165,0.63048396673988,0.9551136363636363,0.05,1.0,79.0,0.044886363636363634,0.828978622327791,0.5948863636363636,1047.0,1047.0,0.5932503915183771,0.6357245686339169,0.44624707632930216,0.767314415659985,global,0.4948473218245595,0.8,1263.0,0.5932503955183895,497.0,0.0,0.7176136363636364,0.4838364348286987,0.5682228514151557,0.044886363636363634,1760.0,0.0,0.0
1760.0,1.0,0.0,nan,nan,0.0,0.05,0.0,0.0,0.0,1.0,0.7176136363636364,1263.0,1263.0,1.0,1.0,1.0,1.0,global,0.6160151909536787,0.85,1263.0,1.0,497.0,0.0,0.7176136363636364,0.5682228514151557,0.5682228514151557,1.0,1760.0,0.0,0.0
1760.0,1.0,0.0,nan,nan,0.0,0.05,0.025,0.0,0.0,1.0,0.7176136363636364,1263.0,1263.0,1.0,1.0,1.0,1.0,global,0.6160151909536787,0.85,1263.0,1.0,497.0,0.0,0.7176136363636364,0.5682228514151557,0.5682228514151557,1.0,1760.0,0.0,0.0
1760.0,1.0,0.0,nan,nan,0.0,0.05,0.05,0.0,0.0,1.0,0.7176136363636364,1263.0,1263.0,1.0,1.0,1.0,1.0,global,0.6160151909536787,0.85,1263.0,1.0,497.0,0.0,0.7176136363636364,0.5682228514151557,0.5682228514151557,1.0,1760.0,0.0,0.0
1507.0,0.85625,226.0,0.7072720002932159,0.7780137008510903,0.12840909090909092,0.05,0.075,27.0,0.01534090909090909,0.9928741092636579,0.7125,1254.0,1254.0,0.9724546220371605,1.0,1.0,1.0,global,0.6160151909536787,0.85,1263.0,0.9724546230693435,497.0,0.0,0.7176136363636364,0.5632843838111264,0.5682228514151557,0.8715909090909091,1760.0,0.0,0.0
1310.0,0.7443181818181818,418.0,0.70195885779726,0.7550653467336885,0.2375,0.05,0.1,32.0,0.01818181818181818,0.9841646872525732,0.70625,1243.0,1243.0,0.9443720474730204,1.0,1.0,1.0,global,0.6160151909536787,0.85,1263.0,0.9443720494121564,497.0,0.0,0.7176136363636364,0.5566683301485325,0.5682228514151557,0.7625,1760.0,0.0,0.0
227.0,0.12897727272727272,1450.0,0.6680136125116762,0.7248316235875487,0.8238636363636364,0.05,0.15,83.0,0.04715909090909091,0.9168646080760094,0.6579545454545455,1158.0,1158.0,0.7373924603287525,0.7702611591541499,0.6181020686883046,0.9231124183966614,global,0.6160151909536787,0.85,1263.0,0.7373924640021223,497.0,0.0,0.7176136363636364,0.5171529293026282,0.5682228514151557,0.17613636363636365,1760.0,0.0,0.0
227.0,0.12897727272727272,1450.0,0.6680136125116762,0.7248316235875487,0.8238636363636364,0.05,0.2,83.0,0.04715909090909091,0.9168646080760094,0.6579545454545455,1158.0,1158.0,0.7373924603287525,0.7702611591541499,0.6181020686883046,0.9231124183966614,global,0.6160151909536787,0.85,1263.0,0.7373924640021223,497.0,0.0,0.7176136363636364,0.5171529293026282,0.5682228514151557,0.17613636363636365,1760.0,0.0,0.0
83.0,0.04715909090909091,1594.0,0.6601003397328861,0.7199120298633047,0.9056818181818181,0.05,0.3,83.0,0.04715909090909091,0.8931116389548693,0.6409090909090909,1128.0,1128.0,0.6929452537125983,0.7361467204395915,0.5802716062353728,0.8511236280623422,global,0.6160151909536787,0.85,1263.0,0.6929452576165852,497.0,0.0,0.7176136363636364,0.5092467976166596,0.5682228514151557,0.09431818181818181,1760.0,0.0,0.0
0.0,0.0,1677.0,0.6526537754883533,0.7137664325070031,0.9528409090909091,0.05,0.5,83.0,0.04715909090909091,0.8749010292953285,0.6278409090909091,1105.0,1105.0,0.6630270111525021,0.7201619072556961,0.5513773889103399,0.8171617522751587,global,0.6160151909536787,0.85,1263.0,0.6630270160048349,497.0,0.0,0.7176136363636364,0.5050844806419231,0.5682228514151557,0.04715909090909091,1760.0,0.0,0.0
0.0,0.0,1677.0,0.6526537754883533,0.7137664325070031,0.9528409090909091,0.05,1.0,83.0,0.04715909090909091,0.8749010292953285,0.6278409090909091,1105.0,1105.0,0.6630270111525021,0.7201619072556961,0.5513773889103399,0.8171617522751587,global,0.6160151909536787,0.85,1263.0,0.6630270160048349,497.0,0.0,0.7176136363636364,0.5050844806419231,0.5682228514151557,0.04715909090909091,1760.0,0.0,0.0
1760.0,1.0,0.0,nan,nan,0.0,0.05,0.0,0.0,0.0,1.0,0.7176136363636364,1263.0,1263.0,1.0,1.0,1.0,1.0,global,0.6847384498597079,0.88,1263.0,1.0,497.0,0.0,0.7176136363636364,0.5682228514151557,0.5682228514151557,1.0,1760.0,0.0,0.0
1760.0,1.0,0.0,nan,nan,0.0,0.05,0.025,0.0,0.0,1.0,0.7176136363636364,1263.0,1263.0,1.0,1.0,1.0,1.0,global,0.6847384498597079,0.88,1263.0,1.0,497.0,0.0,0.7176136363636364,0.5682228514151557,0.5682228514151557,1.0,1760.0,0.0,0.0
1489.0,0.8460227272727273,240.0,0.7368712917196262,0.8082560651517705,0.13636363636363635,0.05,0.05,31.0,0.017613636363636363,0.995249406175772,0.7142045454545455,1257.0,1257.0,0.9742523221014431,1.0,1.0,1.0,global,0.6847384498597079,0.88,1263.0,0.9742523224116469,497.0,0.0,0.7176136363636364,0.563974144404578,0.5682228514151557,0.8636363636363636,1760.0,0.0,0.0
1310.0,0.7443181818181818,416.0,0.7418000582444485,0.8021083205027983,0.23636363636363636,0.05,0.075,34.0,0.019318181818181818,0.9889152810768013,0.709659090909091,1249.0,1249.0,0.9510060959198834,1.0,1.0,1.0,global,0.6847384498597079,0.88,1263.0,0.9510060993031438,497.0,0.0,0.7176136363636364,0.5589040451151503,0.5682228514151557,0.7636363636363637,1760.0,0.0,0.0
517.0,0.29375,1164.0,0.7222809173907568,0.7839735819676956,0.6613636363636364,0.05,0.1,79.0,0.044886363636363634,0.9588281868566905,0.6880681818181819,1211.0,1211.0,0.8296075323049814,0.8858348233889758,0.748461302045268,1.0,global,0.6847384498597079,0.88,1263.0,0.8296075372152194,497.0,0.0,0.7176136363636364,0.5370787953591062,0.5682228514151557,0.3386363636363636,1760.0,0.0,0.0
227.0,0.12897727272727272,1445.0,0.7110788729245988,0.7762704843750143,0.8210227272727273,0.05,0.15,88.0,0.05,0.9390340459224069,0.6738636363636363,1186.0,1186.0,0.7705196444308364,0.810783509981368,0.6745485212207116,0.9358580135609754,global,0.6847384498597079,0.88,1263.0,0.7705196495400232,497.0,0.0,0.7176136363636364,0.5270012002082134,0.5682228514151557,0.17897727272727273,1760.0,0.0,0.0
83.0,0.04715909090909091,1589.0,0.7018131781166342,0.7677204187052192,0.9028409090909091,0.05,0.2,88.0,0.05,0.9216152019002375,0.6613636363636364,1164.0,1164.0,0.7302485193787078,0.7844950821976773,0.6375274324727648,0.8778723325570237,global,0.6847384498597079,0.88,1263.0,0.7302485247647184,497.0,0.0,0.7176136363636364,0.5206007503404266,0.5682228514151557,0.0971590909090909,1760.0,0.0,0.0
0.0,0.0,1672.0,0.6956331381805634,0.7618993531274177,0.95,0.05,0.3,88.0,0.05,0.9057798891528107,0.65,1144.0,1144.0,0.7049450614005636,0.7677656055946256,0.6117892193307934,0.8509159539889524,global,0.6847384498597079,0.88,1263.0,0.7049450668807351,497.0,0.0,0.7176136363636364,0.5172509333656901,0.5682228514151557,0.05,1760.0,0.0,0.0
0.0,0.0,1672.0,0.6956331381805634,0.7618993531274177,0.95,0.05,0.5,88.0,0.05,0.9057798891528107,0.65,1144.0,1144.0,0.7049450614005636,0.7677656055946256,0.6117892193307934,0.8509159539889524,global,0.6847384498597079,0.88,1263.0,0.7049450668807351,497.0,0.0,0.7176136363636364,0.5172509333656901,0.5682228514151557,0.05,1760.0,0.0,0.0
0.0,0.0,1672.0,0.6956331381805634,0.7618993531274177,0.95,0.05,1.0,88.0,0.05,0.9057798891528107,0.65,1144.0,1144.0,0.7049450614005636,0.7677656055946256,0.6117892193307934,0.8509159539889524,global,0.6847384498597079,0.88,1263.0,0.7049450668807351,497.0,0.0,0.7176136363636364,0.5172509333656901,0.5682228514151557,0.05,1760.0,0.0,0.0
1760.0,1.0,0.0,nan,nan,0.0,0.05,0.0,0.0,0.0,1.0,0.7176136363636364,1263.0,1263.0,1.0,1.0,1.0,1.0,global,0.7264562041671416,0.9,1263.0,1.0,497.0,0.0,0.7176136363636364,0.5682228514151557,0.5682228514151557,1.0,1760.0,0.0,0.0
1647.0,0.9357954545454545,108.0,0.7887049424951493,0.861456750355689,0.06136363636363636,0.05,0.025,5.0,0.002840909090909091,0.9992082343626286,0.7170454545454545,1262.0,1262.0,0.9917959922204931,1.0,1.0,1.0,global,0.7264562041671416,0.9,1263.0,0.9917959922204931,497.0,0.0,0.7176136363636364,0.5667630819382327,0.5682228514151557,0.9386363636363636,1760.0,0.0,0.0
1489.0,0.8460227272727273,240.0,0.7743674315457717,0.8326964804514858,0.13636363636363635,0.05,0.05,31.0,0.017613636363636363,0.9960411718131433,0.7147727272727272,1258.0,1258.0,0.9777595878471189,1.0,1.0,1.0,global,0.7264562041671416,0.9,1263.0,0.9777595878471191,497.0,0.0,0.7176136363636364,0.5646382718546153,0.5682228514151557,0.8636363636363636,1760.0,0.0,0.0
1177.0,0.66875,530.0,0.7615891352092856,0.8281633100865529,0.30113636363636365,0.05,0.075,53.0,0.030113636363636363,0.9865399841646872,0.7079545454545455,1246.0,1246.0,0.9420236821576352,1.0,1.0,1.0,global,0.7264562041671416,0.9,1263.0,0.9420236857646801,497.0,0.0,0.7176136363636364,0.5587796306891217,0.5682228514151557,0.6988636363636364,1760.0,0.0,0.0
344.0,0.19545454545454546,1328.0,0.7500627150530476,0.8070893166722817,0.7545454545454545,0.05,0.1,88.0,0.05,0.9564528899445764,0.6863636363636364,1208.0,1208.0,0.822892122587259,0.8647299972226412,0.7487341448018878,1.0,global,0.7264562041671416,0.9,1263.0,0.8228921279133787,497.0,0.0,0.7176136363636364,0.5377357583433047,0.5682228514151557,0.24545454545454545,1760.0,0.0,0.0
83.0,0.04715909090909091,1589.0,0.7362736800787691,0.7972481261692723,0.9028409090909091,0.05,0.15,88.0,0.05,0.9326999208234362,0.6693181818181818,1178.0,1178.0,0.7611239530085285,0.812296329575478,0.6883789043755162,0.8944539628619448,global,0.7264562041671416,0.9,1263.0,0.7611239591793852,497.0,0.0,0.7176136363636364,0.527565767435004,0.5682228514151557,0.0971590909090909,1760.0,0.0,0.0
83.0,0.04715909090909091,1589.0,0.7362736800787691,0.7972481261692723,0.9028409090909091,0.05,0.2,88.0,0.05,0.9326999208234362,0.6693181818181818,1178.0,1178.0,0.7611239530085285,0.812296329575478,0.6883789043755162,0.8944539628619448,global,0.7264562041671416,0.9,1263.0,0.7611239591793852,497.0,0.0,0.7176136363636364,0.527565767435004,0.5682228514151557,0.0971590909090909,1760.0,0.0,0.0
0.0,0.0,1672.0,0.7293985403223096,0.792375386908597,0.95,0.05,0.3,88.0,0.05,0.9192399049881235,0.6596590909090909,1161.0,1161.0,0.7375562070653924,0.7972481261692723,0.664252365872136,0.8716392021382041,global,0.7264562041671416,0.9,1263.0,0.7375562140713908,497.0,0.0,0.7176136363636364,0.5246875413693584,0.5682228514151557,0.05,1760.0,0.0,0.0
0.0,0.0,1672.0,0.7293985403223096,0.792375386908597,0.95,0.05,0.5,88.0,0.05,0.9192399049881235,0.6596590909090909,1161.0,1161.0,0.7375562070653924,0.7972481261692723,0.664252365872136,0.8716392021382041,global,0.7264562041671416,0.9,1263.0,0.7375562140713908,497.0,0.0,0.7176136363636364,0.5246875413693584,0.5682228514151557,0.05,1760.0,0.0,0.0
0.0,0.0,1672.0,0.7293985403223096,0.792375386908597,0.95,0.05,1.0,88.0,0.05,0.9192399049881235,0.6596590909090909,1161.0,1161.0,0.7375562070653924,0.7972481261692723,0.664252365872136,0.8716392021382041,global,0.7264562041671416,0.9,1263.0,0.7375562140713908,497.0,0.0,0.7176136363636364,0.5246875413693584,0.5682228514151557,0.05,1760.0,0.0,0.0
1611.0,0.915340909090909,144.0,0.8190162723837688,0.8886823108510331,0.08181818181818182,0.05,0.0,5.0,0.002840909090909091,1.0,0.7176136363636364,1263.0,1263.0,0.9879630774982079,1.0,1.0,1.0,global,0.7999930186365715,0.92,1263.0,0.9879630780508825,497.0,0.0,0.7176136363636364,0.5662788469049027,0.5682228514151557,0.9181818181818182,1760.0,0.0,0.0
1516.0,0.8613636363636363,235.0,0.8264713256677345,0.8984106097151938,0.13352272727272727,0.05,0.025,9.0,0.005113636363636364,0.9992082343626286,0.7170454545454545,1262.0,1262.0,0.9821246215030154,1.0,1.0,1.0,global,0.7999930186365715,0.92,1263.0,0.982124623778084,497.0,0.0,0.7176136363636364,0.5654452519552003,0.5682228514151557,0.8664772727272727,1760.0,0.0,0.0
1166.0,0.6625,539.0,0.7973605948082108,0.8750496365156324,0.30625,0.05,0.05,55.0,0.03125,0.9928741092636579,0.7125,1254.0,1254.0,0.9476434072710209,1.0,1.0,1.0,global,0.7999930186365715,0.92,1263.0,0.9476434110676761,497.0,0.0,0.7176136363636364,0.5613452797067564,0.5682228514151557,0.69375,1760.0,0.0,0.0
208.0,0.11818181818181818,1459.0,0.7976815054938639,0.8587713036752174,0.8289772727272727,0.05,0.075,93.0,0.05284090909090909,0.9643705463182898,0.6920454545454545,1218.0,1218.0,0.8360522544519241,0.8835627678136708,0.7930709329870818,0.9566480167474251,global,0.7999930186365715,0.92,1263.0,0.8360522658169095,497.0,0.0,0.7176136363636364,0.54352985181885,0.5682228514151557,0.17102272727272727,1760.0,0.0,0.0
150.0,0.08522727272727272,1517.0,0.7972940902851867,0.857964615636265,0.8619318181818182,0.05,0.1,93.0,0.05284090909090909,0.9604117181314331,0.6892045454545455,1213.0,1213.0,0.826872776204001,0.8747788694310742,0.7837029168564341,0.9420602869194764,global,0.7999930186365715,0.92,1263.0,0.8268727880863844,497.0,0.0,0.7176136363636364,0.5417782917246186,0.5682228514151557,0.1380681818181818,1760.0,0.0,0.0
83.0,0.04715909090909091,1584.0,0.793874818973438,0.8562296807989722,0.9,0.05,0.15,93.0,0.05284090909090909,0.9540775930324624,0.6846590909090909,1205.0,1205.0,0.8132044002647256,0.8668163349415045,0.7675341108529342,0.9273613569949166,global,0.7999930186365715,0.92,1263.0,0.8132044122259962,497.0,0.0,0.7176136363636364,0.5397585734853211,0.5682228514151557,0.1,1760.0,0.0,0.0
0.0,0.0,1667.0,0.7876597395371816,0.8520774541791237,0.9471590909090909,0.05,0.2,93.0,0.05284090909090909,0.943784639746635,0.6772727272727272,1192.0,1192.0,0.7942508382260441,0.8560602490610436,0.751326026197507,0.9116139838211076,global,0.7999930186365715,0.92,1263.0,0.7942508504547939,497.0,0.0,0.7176136363636364,0.53773830196513,0.5682228514151557,0.05284090909090909,1760.0,0.0,0.0
0.0,0.0,1667.0,0.7876597395371816,0.8520774541791237,0.9471590909090909,0.05,0.3,93.0,0.05284090909090909,0.943784639746635,0.6772727272727272,1192.0,1192.0,0.7942508382260441,0.8560602490610436,0.751326026197507,0.9116139838211076,global,0.7999930186365715,0.92,1263.0,0.7942508504547939,497.0,0.0,0.7176136363636364,0.53773830196513,0.5682228514151557,0.05284090909090909,1760.0,0.0,0.0
0.0,0.0,1667.0,0.7876597395371816,0.8520774541791237,0.9471590909090909,0.05,0.5,93.0,0.05284090909090909,0.943784639746635,0.6772727272727272,1192.0,1192.0,0.7942508382260441,0.8560602490610436,0.751326026197507,0.9116139838211076,global,0.7999930186365715,0.92,1263.0,0.7942508504547939,497.0,0.0,0.7176136363636364,0.53773830196513,0.5682228514151557,0.05284090909090909,1760.0,0.0,0.0
0.0,0.0,1667.0,0.7876597395371816,0.8520774541791237,0.9471590909090909,0.05,1.0,93.0,0.05284090909090909,0.943784639746635,0.6772727272727272,1192.0,1192.0,0.7942508382260441,0.8560602490610436,0.751326026197507,0.9116139838211076,global,0.7999930186365715,0.92,1263.0,0.7942508504547939,497.0,0.0,0.7176136363636364,0.53773830196513,0.5682228514151557,0.05284090909090909,1760.0,0.0,0.0
1177.0,0.66875,527.0,0.8902812605854127,0.941183620529991,0.2994318181818182,0.05,0.0,56.0,0.031818181818181815,1.0,0.7176136363636364,1263.0,1263.0,0.9722011111538653,1.0,1.0,1.0,global,0.8890793787806064,0.95,1263.0,0.972201119238057,497.0,0.0,0.7176136363636364,0.5651473994486766,0.5682228514151557,0.7005681818181818,1760.0,0.0,0.0
285.0,0.16193181818181818,1380.0,0.8796871925240047,0.9314985471311884,0.7840909090909091,0.05,0.025,95.0,0.05397727272727273,0.9936658749010293,0.7130681818181818,1255.0,1255.0,0.9084472261836053,0.9491677448968668,0.8996641691273846,1.0,global,0.8890793787806064,0.95,1263.0,0.90844724228821,497.0,0.0,0.7176136363636364,0.5571664165729552,0.5682228514151557,0.2159090909090909,1760.0,0.0,0.0
83.0,0.04715909090909091,1582.0,0.8705629528217305,0.9266948840988278,0.8988636363636363,0.05,0.05,95.0,0.05397727272727273,0.9881235154394299,0.7090909090909091,1248.0,1248.0,0.8822828136639939,0.9331179107644658,0.8811129449906842,0.9691662138161129,global,0.8890793787806064,0.95,1263.0,0.8822828344979902,497.0,0.0,0.7176136363636364,0.5542303157018459,0.5682228514151557,0.10113636363636364,1760.0,0.0,0.0
83.0,0.04715909090909091,1582.0,0.8705629528217305,0.9266948840988278,0.8988636363636363,0.05,0.075,95.0,0.05397727272727273,0.9881235154394299,0.7090909090909091,1248.0,1248.0,0.8822828136639939,0.9331179107644658,0.8811129449906842,0.9691662138161129,global,0.8890793787806064,0.95,1263.0,0.8822828344979902,497.0,0.0,0.7176136363636364,0.5542303157018459,0.5682228514151557,0.10113636363636364,1760.0,0.0,0.0
0.0,0.0,1665.0,0.8642110546785473,0.9240759113167566,0.9460227272727273,0.05,0.1,95.0,0.05397727272727273,0.9833729216152018,0.7056818181818182,1242.0,1242.0,0.8682562970109899,0.9261530298581566,0.8669720469784382,0.9592463105820364,global,0.8890793787806064,0.95,1263.0,0.8682563197032414,497.0,0.0,0.7176136363636364,0.5531816350907457,0.5682228514151557,0.05397727272727273,1760.0,0.0,0.0
0.0,0.0,1665.0,0.8642110546785473,0.9240759113167566,0.9460227272727273,0.05,0.15,95.0,0.05397727272727273,0.9833729216152018,0.7056818181818182,1242.0,1242.0,0.8682562970109899,0.9261530298581566,0.8669720469784382,0.9592463105820364,global,0.8890793787806064,0.95,1263.0,0.8682563197032414,497.0,0.0,0.7176136363636364,0.5531816350907457,0.5682228514151557,0.05397727272727273,1760.0,0.0,0.0
0.0,0.0,1665.0,0.8642110546785473,0.9240759113167566,0.9460227272727273,0.05,0.2,95.0,0.05397727272727273,0.9833729216152018,0.7056818181818182,1242.0,1242.0,0.8682562970109899,0.9261530298581566,0.8669720469784382,0.9592463105820364,global,0.8890793787806064,0.95,1263.0,0.8682563197032414,497.0,0.0,0.7176136363636364,0.5531816350907457,0.5682228514151557,0.05397727272727273,1760.0,0.0,0.0
0.0,0.0,1665.0,0.8642110546785473,0.9240759113167566,0.9460227272727273,0.05,0.3,95.0,0.05397727272727273,0.9833729216152018,0.7056818181818182,1242.0,1242.0,0.8682562970109899,0.9261530298581566,0.8669720469784382,0.9592463105820364,global,0.8890793787806064,0.95,1263.0,0.8682563197032414,497.0,0.0,0.7176136363636364,0.5531816350907457,0.5682228514151557,0.05397727272727273,1760.0,0.0,0.0
0.0,0.0,1665.0,0.8642110546785473,0.9240759113167566,0.9460227272727273,0.05,0.5,95.0,0.05397727272727273,0.9833729216152018,0.7056818181818182,1242.0,1242.0,0.8682562970109899,0.9261530298581566,0.8669720469784382,0.9592463105820364,global,0.8890793787806064,0.95,1263.0,0.8682563197032414,497.0,0.0,0.7176136363636364,0.5531816350907457,0.5682228514151557,0.05397727272727273,1760.0,0.0,0.0
0.0,0.0,1665.0,0.8642110546785473,0.9240759113167566,0.9460227272727273,0.05,1.0,95.0,0.05397727272727273,0.9833729216152018,0.7056818181818182,1242.0,1242.0,0.8682562970109899,0.9261530298581566,0.8669720469784382,0.9592463105820364,global,0.8890793787806064,0.95,1263.0,0.8682563197032414,497.0,0.0,0.7176136363636364,0.5531816350907457,0.5682228514151557,0.05397727272727273,1760.0,0.0,0.0
873.0,0.4960227272727273,812.0,0.9308956087358451,0.9692522547542031,0.46136363636363636,0.05,0.0,75.0,0.04261363636363636,1.0,0.7176136363636364,1263.0,1263.0,0.9697428912358846,1.0,0.975819441632454,1.0,global,0.9378514504347081,0.975,1263.0,0.9697429013573606,497.0,0.0,0.7176136363636364,0.5655301590703878,0.5682228514151557,0.5386363636363637,1760.0,0.0,0.0
77.0,0.04375,1587.0,0.9270939403581377,0.9671770289075234,0.9017045454545455,0.05,0.025,96.0,0.05454545454545454,0.9968329374505146,0.7153409090909091,1259.0,1259.0,0.9332321788982788,0.9706569174085092,0.9401158640565821,0.9926586826382959,global,0.9378514504347081,0.975,1263.0,0.9332322017490919,497.0,0.0,0.7176136363636364,0.5619760620051231,0.5682228514151557,0.09829545454545455,1760.0,0.0,0.0
0.0,0.0,1664.0,0.9266364571513757,0.9663817354635149,0.9454545454545454,0.05,0.05,96.0,0.05454545454545454,0.995249406175772,0.7142045454545455,1257.0,1257.0,0.9287959249997438,0.9678471231357243,0.9368471286001064,0.9873973466113226,global,0.9378514504347081,0.975,1263.0,0.9287959485522521,497.0,0.0,0.7176136363636364,0.5615540544875098,0.5682228514151557,0.05454545454545454,1760.0,0.0,0.0
0.0,0.0,1664.0,0.9266364571513757,0.9663817354635149,0.9454545454545454,0.05,0.075,96.0,0.05454545454545454,0.995249406175772,0.7142045454545455,1257.0,1257.0,0.9287959249997438,0.9678471231357243,0.9368471286001064,0.9873973466113226,global,0.9378514504347081,0.975,1263.0,0.9287959485522521,497.0,0.0,0.7176136363636364,0.5615540544875098,0.5682228514151557,0.05454545454545454,1760.0,0.0,0.0
0.0,0.0,1664.0,0.9266364571513757,0.9663817354635149,0.9454545454545454,0.05,0.1,96.0,0.05454545454545454,0.995249406175772,0.7142045454545455,1257.0,1257.0,0.9287959249997438,0.9678471231357243,0.9368471286001064,0.9873973466113226,global,0.9378514504347081,0.975,1263.0,0.9287959485522521,497.0,0.0,0.7176136363636364,0.5615540544875098,0.5682228514151557,0.05454545454545454,1760.0,0.0,0.0
0.0,0.0,1664.0,0.9266364571513757,0.9663817354635149,0.9454545454545454,0.05,0.15,96.0,0.05454545454545454,0.995249406175772,0.7142045454545455,1257.0,1257.0,0.9287959249997438,0.9678471231357243,0.9368471286001064,0.9873973466113226,global,0.9378514504347081,0.975,1263.0,0.9287959485522521,497.0,0.0,0.7176136363636364,0.5615540544875098,0.5682228514151557,0.05454545454545454,1760.0,0.0,0.0
0.0,0.0,1664.0,0.9266364571513757,0.9663817354635149,0.9454545454545454,0.05,0.2,96.0,0.05454545454545454,0.995249406175772,0.7142045454545455,1257.0,1257.0,0.9287959249997438,0.9678471231357243,0.9368471286001064,0.9873973466113226,global,0.9378514504347081,0.975,1263.0,0.9287959485522521,497.0,0.0,0.7176136363636364,0.5615540544875098,0.5682228514151557,0.05454545454545454,1760.0,0.0,0.0
0.0,0.0,1664.0,0.9266364571513757,0.9663817354635149,0.9454545454545454,0.05,0.3,96.0,0.05454545454545454,0.995249406175772,0.7142045454545455,1257.0,1257.0,0.9287959249997438,0.9678471231357243,0.9368471286001064,0.9873973466113226,global,0.9378514504347081,0.975,1263.0,0.9287959485522521,497.0,0.0,0.7176136363636364,0.5615540544875098,0.5682228514151557,0.05454545454545454,1760.0,0.0,0.0
0.0,0.0,1664.0,0.9266364571513757,0.9663817354635149,0.9454545454545454,0.05,0.5,96.0,0.05454545454545454,0.995249406175772,0.7142045454545455,1257.0,1257.0,0.9287959249997438,0.9678471231357243,0.9368471286001064,0.9873973466113226,global,0.9378514504347081,0.975,1263.0,0.9287959485522521,497.0,0.0,0.7176136363636364,0.5615540544875098,0.5682228514151557,0.05454545454545454,1760.0,0.0,0.0
0.0,0.0,1664.0,0.9266364571513757,0.9663817354635149,0.9454545454545454,0.05,1.0,96.0,0.05454545454545454,0.995249406175772,0.7142045454545455,1257.0,1257.0,0.9287959249997438,0.9678471231357243,0.9368471286001064,0.9873973466113226,global,0.9378514504347081,0.975,1263.0,0.9287959485522521,497.0,0.0,0.7176136363636364,0.5615540544875098,0.5682228514151557,0.05454545454545454,1760.0,0.0,0.0
1760.0,1.0,0.0,nan,nan,0.0,0.1,0.0,0.0,0.0,1.0,0.7176136363636364,1263.0,1263.0,1.0,1.0,1.0,1.0,global,-0.1168629889988214,0.5,1263.0,1.0,497.0,0.0,0.7176136363636364,0.5682228514151557,0.5682228514151557,1.0,1760.0,0.0,0.0
1760.0,1.0,0.0,nan,nan,0.0,0.1,0.025,0.0,0.0,1.0,0.7176136363636364,1263.0,1263.0,1.0,1.0,1.0,1.0,global,-0.1168629889988214,0.5,1263.0,1.0,497.0,0.0,0.7176136363636364,0.5682228514151557,0.5682228514151557,1.0,1760.0,0.0,0.0
1760.0,1.0,0.0,nan,nan,0.0,0.1,0.05,0.0,0.0,1.0,0.7176136363636364,1263.0,1263.0,1.0,1.0,1.0,1.0,global,-0.1168629889988214,0.5,1263.0,1.0,497.0,0.0,0.7176136363636364,0.5682228514151557,0.5682228514151557,1.0,1760.0,0.0,0.0
1760.0,1.0,0.0,nan,nan,0.0,0.1,0.075,0.0,0.0,1.0,0.7176136363636364,1263.0,1263.0,1.0,1.0,1.0,1.0,global,-0.1168629889988214,0.5,1263.0,1.0,497.0,0.0,0.7176136363636364,0.5682228514151557,0.5682228514151557,1.0,1760.0,0.0,0.0
1760.0,1.0,0.0,nan,nan,0.0,0.1,0.1,0.0,0.0,1.0,0.7176136363636364,1263.0,1263.0,1.0,1.0,1.0,1.0,global,-0.1168629889988214,0.5,1263.0,1.0,497.0,0.0,0.7176136363636364,0.5682228514151557,0.5682228514151557,1.0,1760.0,0.0,0.0
1430.0,0.8125,254.0,0.5860748854396146,0.6515366810693655,0.14431818181818182,0.1,0.15,76.0,0.04318181818181818,0.9809976247030879,0.7039772727272727,1239.0,1239.0,0.9635852804785456,1.0,1.0,1.0,global,-0.1168629889988214,0.5,1263.0,0.9635852806848995,497.0,0.0,0.7176136363636364,0.5561638512907081,0.5682228514151557,0.8556818181818182,1760.0,0.0,0.0
1317.0,0.7482954545454545,328.0,0.5794813881433719,0.6365344208847414,0.18636363636363637,0.1,0.2,115.0,0.06534090909090909,0.9738717339667459,0.6988636363636364,1230.0,1230.0,0.9531617481102781,1.0,1.0,1.0,global,-0.1168629889988214,0.5,1263.0,0.9531617483181417,497.0,0.0,0.7176136363636364,0.5523870594311023,0.5682228514151557,0.8136363636363636,1760.0,0.0,0.0
1091.0,0.6198863636363636,495.0,0.561868352677722,0.6180177531569173,0.28125,0.1,0.3,174.0,0.09886363636363636,0.9501187648456056,0.6818181818181818,1200.0,1200.0,0.9277082781918242,1.0,1.0,1.0,global,-0.1168629889988214,0.5,1263.0,0.9277082786179262,497.0,0.0,0.7176136363636364,0.5434277145637383,0.5682228514151557,0.71875,1760.0,0.0,0.0
463.0,0.2630681818181818,1122.0,0.4280424974043403,0.42450079761878035,0.6375,0.1,0.5,175.0,0.09943181818181818,0.7806809184481394,0.5602272727272727,986.0,986.0,0.7221423491447049,1.0,0.43413481886165456,1.0,global,-0.1168629889988214,0.5,1263.0,0.7221423499908588,497.0,0.0,0.7176136363636364,0.45172570628425107,0.5682228514151557,0.3625,1760.0,0.0,0.0
0.0,0.0,1585.0,0.38922263010134095,0.36288803710117856,0.9005681818181818,0.1,1.0,175.0,0.09943181818181818,0.5257323832145685,0.37727272727272726,664.0,664.0,0.46464995590207897,0.411710771251118,0.22823879796884217,0.6814359429328137,global,-0.1168629889988214,0.5,1263.0,0.46464995736407605,497.0,0.0,0.7176136363636364,0.32480031622445255,0.5682228514151557,0.09943181818181818,1760.0,0.0,0.0
1760.0,1.0,0.0,nan,nan,0.0,0.1,0.0,0.0,0.0,1.0,0.7176136363636364,1263.0,1263.0,1.0,1.0,1.0,1.0,global,0.12587227501345194,0.6,1263.0,1.0,497.0,0.0,0.7176136363636364,0.5682228514151557,0.5682228514151557,1.0,1760.0,0.0,0.0
1760.0,1.0,0.0,nan,nan,0.0,0.1,0.025,0.0,0.0,1.0,0.7176136363636364,1263.0,1263.0,1.0,1.0,1.0,1.0,global,0.12587227501345194,0.6,1263.0,1.0,497.0,0.0,0.7176136363636364,0.5682228514151557,0.5682228514151557,1.0,1760.0,0.0,0.0
1760.0,1.0,0.0,nan,nan,0.0,0.1,0.05,0.0,0.0,1.0,0.7176136363636364,1263.0,1263.0,1.0,1.0,1.0,1.0,global,0.12587227501345194,0.6,1263.0,1.0,497.0,0.0,0.7176136363636364,0.5682228514151557,0.5682228514151557,1.0,1760.0,0.0,0.0
1658.0,0.9420454545454545,77.0,0.6625657187589635,0.7355448898070902,0.04375,0.1,0.075,25.0,0.014204545454545454,0.997624703087886,0.7159090909090909,1260.0,1260.0,0.9906268255210823,1.0,1.0,1.0,global,0.12587227501345194,0.6,1263.0,0.9906268255210823,497.0,0.0,0.7176136363636364,0.5653687459267992,0.5682228514151557,0.95625,1760.0,0.0,0.0
1658.0,0.9420454545454545,77.0,0.6625657187589635,0.7355448898070902,0.04375,0.1,0.1,25.0,0.014204545454545454,0.997624703087886,0.7159090909090909,1260.0,1260.0,0.9906268255210823,1.0,1.0,1.0,global,0.12587227501345194,0.6,1263.0,0.9906268255210823,497.0,0.0,0.7176136363636364,0.5653687459267992,0.5682228514151557,0.95625,1760.0,0.0,0.0
1317.0,0.7482954545454545,322.0,0.6367815356346933,0.7044069001995098,0.18295454545454545,0.1,0.15,121.0,0.06875,0.9809976247030879,0.7039772727272727,1239.0,1239.0,0.9577857474829667,1.0,1.0,1.0,global,0.12587227501345194,0.6,1263.0,0.9577857475370392,497.0,0.0,0.7176136363636364,0.5559947865765331,0.5682228514151557,0.8170454545454545,1760.0,0.0,0.0
1317.0,0.7482954545454545,322.0,0.6367815356346933,0.7044069001995098,0.18295454545454545,0.1,0.2,121.0,0.06875,0.9809976247030879,0.7039772727272727,1239.0,1239.0,0.9577857474829667,1.0,1.0,1.0,global,0.12587227501345194,0.6,1263.0,0.9577857475370392,497.0,0.0,0.7176136363636364,0.5559947865765331,0.5682228514151557,0.8170454545454545,1760.0,0.0,0.0
1091.0,0.6198863636363636,487.0,0.6221209219602076,0.6849961695016249,0.2767045454545455,0.1,0.3,182.0,0.10340909090909091,0.9604117181314331,0.6892045454545455,1213.0,1213.0,0.9352029280855096,1.0,1.0,1.0,global,0.12587227501345194,0.6,1263.0,0.935202928178224,497.0,0.0,0.7176136363636364,0.5490984062790552,0.5682228514151557,0.7232954545454545,1760.0,0.0,0.0
415.0,0.23579545454545456,1162.0,0.4907115830055841,0.4999293595400165,0.6602272727272728,0.1,0.5,183.0,0.10397727272727272,0.8194774346793349,0.5880681818181818,1035.0,1035.0,0.7214905854890441,0.812442225379681,0.46957108768545974,1.0,global,0.12587227501345194,0.6,1263.0,0.721490585661694,497.0,0.0,0.7176136363636364,0.4702131280129987,0.5682228514151557,0.3397727272727273,1760.0,0.0,0.0
0.0,0.0,1577.0,0.45588290024374034,0.4526634282234801,0.8960227272727272,0.1,1.0,183.0,0.10397727272727272,0.6128266033254157,0.43977272727272726,774.0,774.0,0.5156373621032779,0.4930332509860191,0.30792285509725925,0.7058063942926692,global,0.12587227501345194,0.6,1263.0,0.5156373623967349,497.0,0.0,0.7176136363636364,0.3786585079397695,0.5682228514151557,0.10397727272727272,1760.0,0.0,0.0
1760.0,1.0,0.0,nan,nan,0.0,0.1,0.0,0.0,0.0,1.0,0.7176136363636364,1263.0,1263.0,1.0,1.0,1.0,1.0,global,0.2672259523727823,0.65,1263.0,1.0,497.0,0.0,0.7176136363636364,0.5682228514151557,0.5682228514151557,1.0,1760.0,0.0,0.0
1760.0,1.0,0.0,nan,nan,0.0,0.1,0.025,0.0,0.0,1.0,0.7176136363636364,1263.0,1263.0,1.0,1.0,1.0,1.0,global,0.2672259523727823,0.65,1263.0,1.0,497.0,0.0,0.7176136363636364,0.5682228514151557,0.5682228514151557,1.0,1760.0,0.0,0.0
1760.0,1.0,0.0,nan,nan,0.0,0.1,0.05,0.0,0.0,1.0,0.7176136363636364,1263.0,1263.0,1.0,1.0,1.0,1.0,global,0.2672259523727823,0.65,1263.0,1.0,497.0,0.0,0.7176136363636364,0.5682228514151557,0.5682228514151557,1.0,1760.0,0.0,0.0
1658.0,0.9420454545454545,76.0,0.7160141500403107,0.7806788736147334,0.04318181818181818,0.1,0.075,26.0,0.014772727272727272,0.997624703087886,0.7159090909090909,1260.0,1260.0,0.9923368897629925,1.0,1.0,1.0,global,0.2672259523727823,0.65,1263.0,0.9923368897629925,497.0,0.0,0.7176136363636364,0.5658922121871661,0.5682228514151557,0.9568181818181818,1760.0,0.0,0.0
1317.0,0.7482954545454545,317.0,0.6743334655277259,0.7514737279992326,0.18011363636363636,0.1,0.1,126.0,0.0715909090909091,0.9857482185273159,0.7073863636363636,1245.0,1245.0,0.9610246476816315,1.0,1.0,1.0,global,0.2672259523727823,0.65,1263.0,0.9610246478997915,497.0,0.0,0.7176136363636364,0.5581748135848239,0.5682228514151557,0.8198863636363637,1760.0,0.0,0.0
1317.0,0.7482954545454545,317.0,0.6743334655277259,0.7514737279992326,0.18011363636363636,0.1,0.15,126.0,0.0715909090909091,0.9857482185273159,0.7073863636363636,1245.0,1245.0,0.9610246476816315,1.0,1.0,1.0,global,0.2672259523727823,0.65,1263.0,0.9610246478997915,497.0,0.0,0.7176136363636364,0.5581748135848239,0.5682228514151557,0.8198863636363637,1760.0,0.0,0.0
1210.0,0.6875,393.0,0.6603556429962688,0.7295302317405695,0.22329545454545455,0.1,0.2,157.0,0.08920454545454545,0.9778305621536025,0.7017045454545454,1235.0,1235.0,0.9502221630626111,1.0,1.0,1.0,global,0.2672259523727823,0.65,1263.0,0.9502221633458862,497.0,0.0,0.7176136363636364,0.5554198076426673,0.5682228514151557,0.7767045454545455,1760.0,0.0,0.0
1055.0,0.5994318181818182,518.0,0.6408158397858983,0.6866041389674876,0.2943181818181818,0.1,0.3,187.0,0.10625,0.9596199524940617,0.6886363636363636,1212.0,1212.0,0.9288744237199799,1.0,1.0,1.0,global,0.2672259523727823,0.65,1263.0,0.9288744240086307,497.0,0.0,0.7176136363636364,0.5476792775109154,0.5682228514151557,0.7056818181818182,1760.0,0.0,0.0
415.0,0.23579545454545456,1157.0,0.5346441510651484,0.5617087536052078,0.6573863636363636,0.1,0.5,188.0,0.10681818181818181,0.8590657165479019,0.6164772727272727,1085.0,1085.0,0.7362268690369275,0.8067814734097366,0.5267675360645797,1.0,global,0.2672259523727823,0.65,1263.0,0.7362268694983642,497.0,0.0,0.7176136363636364,0.4866036602736448,0.5682228514151557,0.34261363636363634,1760.0,0.0,0.0
0.0,0.0,1572.0,0.5005547724293399,0.5244108295957763,0.8931818181818182,0.1,1.0,188.0,0.10681818181818181,0.6706254948535234,0.48125,847.0,847.0,0.5512658581094778,0.551534579436459,0.36142244684969616,0.737146695592556,global,0.2672259523727823,0.65,1263.0,0.5512658587318165,497.0,0.0,0.7176136363636364,0.4100319947458702,0.5682228514151557,0.10681818181818181,1760.0,0.0,0.0
1760.0,1.0,0.0,nan,nan,0.0,0.1,0.0,0.0,0.0,1.0,0.7176136363636364,1263.0,1263.0,1.0,1.0,1.0,1.0,global,0.3317496669528678,0.68,1263.0,1.0,497.0,0.0,0.7176136363636364,0.5682228514151557,0.5682228514151557,1.0,1760.0,0.0,0.0
1760.0,1.0,0.0,nan,nan,0.0,0.1,0.025,0.0,0.0,1.0,0.7176136363636364,1263.0,1263.0,1.0,1.0,1.0,1.0,global,0.3317496669528678,0.68,1263.0,1.0,497.0,0.0,0.7176136363636364,0.5682228514151557,0.5682228514151557,1.0,1760.0,0.0,0.0
1658.0,0.9420454545454545,76.0,0.7255354350497397,0.7857188433079562,0.04318181818181818,0.1,0.05,26.0,0.014772727272727272,0.9984164687252574,0.7164772727272727,1261.0,1261.0,0.992382030314624,1.0,1.0,1.0,global,0.3317496669528678,0.68,1263.0,0.992382030314624,497.0,0.0,0.7176136363636364,0.5660908386852157,0.5682228514151557,0.9568181818181818,1760.0,0.0,0.0
1658.0,0.9420454545454545,76.0,0.7255354350497397,0.7857188433079562,0.04318181818181818,0.1,0.075,26.0,0.014772727272727272,0.9984164687252574,0.7164772727272727,1261.0,1261.0,0.992382030314624,1.0,1.0,1.0,global,0.3317496669528678,0.68,1263.0,0.992382030314624,497.0,0.0,0.7176136363636364,0.5660908386852157,0.5682228514151557,0.9568181818181818,1760.0,0.0,0.0
1317.0,0.7482954545454545,313.0,0.6983877422014897,0.7696940185531826,0.17784090909090908,0.1,0.1,130.0,0.07386363636363637,0.9865399841646872,0.7079545454545455,1246.0,1246.0,0.9636903381462465,1.0,1.0,1.0,global,0.3317496669528678,0.68,1263.0,0.963690338260768,497.0,0.0,0.7176136363636364,0.5590666219010553,0.5682228514151557,0.8221590909090909,1760.0,0.0,0.0
1317.0,0.7482954545454545,313.0,0.6983877422014897,0.7696940185531826,0.17784090909090908,0.1,0.15,130.0,0.07386363636363637,0.9865399841646872,0.7079545454545455,1246.0,1246.0,0.9636903381462465,1.0,1.0,1.0,global,0.3317496669528678,0.68,1263.0,0.963690338260768,497.0,0.0,0.7176136363636364,0.5590666219010553,0.5682228514151557,0.8221590909090909,1760.0,0.0,0.0
1210.0,0.6875,389.0,0.6831249772287201,0.7614342695023784,0.22102272727272726,0.1,0.2,161.0,0.09147727272727273,0.9794140934283452,0.7028409090909091,1237.0,1237.0,0.9531219651033597,1.0,1.0,1.0,global,0.3317496669528678,0.68,1263.0,0.95312196528196,497.0,0.0,0.7176136363636364,0.5565648584130067,0.5682228514151557,0.7789772727272727,1760.0,0.0,0.0
1007.0,0.5721590909090909,561.0,0.6374750516266685,0.6848103163799999,0.31875,0.1,0.3,192.0,0.10909090909090909,0.9524940617577197,0.6835227272727272,1203.0,1203.0,0.9180325968765202,1.0,1.0,1.0,global,0.3317496669528678,0.68,1263.0,0.9180325970601684,497.0,0.0,0.7176136363636364,0.5438512855674128,0.5682228514151557,0.68125,1760.0,0.0,0.0
357.0,0.2028409090909091,1210.0,0.5556513239813778,0.5881193891856069,0.6875,0.1,0.5,193.0,0.10965909090909091,0.8519398258115598,0.6113636363636363,1076.0,1076.0,0.7274441206577223,0.7677550880050259,0.5337924491456304,1.0,global,0.3317496669528678,0.68,1263.0,0.7274441210632919,497.0,0.0,0.7176136363636364,0.48449715094975276,0.5682228514151557,0.3125,1760.0,0.0,0.0
0.0,0.0,1567.0,0.5237574591196932,0.5534970037093101,0.8903409090909091,0.1,1.0,193.0,0.10965909090909091,0.6967537608867775,0.5,880.0,880.0,0.5702993437966323,0.5808626107381374,0.3978485145959691,0.7546810134234084,global,0.3317496669528678,0.68,1263.0,0.5702993444529665,497.0,0.0,0.7176136363636364,0.4243759091525733,0.5682228514151557,0.10965909090909091,1760.0,0.0,0.0
1760.0,1.0,0.0,nan,nan,0.0,0.1,0.0,0.0,0.0,1.0,0.7176136363636364,1263.0,1263.0,1.0,1.0,1.0,1.0,global,0.37627084212104617,0.7,1263.0,1.0,497.0,0.0,0.7176136363636364,0.5682228514151557,0.5682228514151557,1.0,1760.0,0.0,0.0
1760.0,1.0,0.0,nan,nan,0.0,0.1,0.025,0.0,0.0,1.0,0.7176136363636364,1263.0,1263.0,1.0,1.0,1.0,1.0,global,0.37627084212104617,0.7,1263.0,1.0,497.0,0.0,0.7176136363636364,0.5682228514151557,0.5682228514151557,1.0,1760.0,0.0,0.0
1658.0,0.9420454545454545,76.0,0.7485442490985109,0.8066644596345469,0.04318181818181818,0.1,0.05,26.0,0.014772727272727272,0.9984164687252574,0.7164772727272727,1261.0,1261.0,0.9930206571914733,1.0,1.0,1.0,global,0.37627084212104617,0.7,1263.0,0.9930206571914735,497.0,0.0,0.7176136363636364,0.566266975048852,0.5682228514151557,0.9568181818181818,1760.0,0.0,0.0
1525.0,0.8664772727272727,177.0,0.7163087061111809,0.7943682956973952,0.10056818181818182,0.1,0.075,58.0,0.03295454545454545,0.9944576405384006,0.7136363636363636,1256.0,1256.0,0.9801235399186179,1.0,1.0,1.0,global,0.37627084212104617,0.7,1263.0,0.9801235400047426,497.0,0.0,0.7176136363636364,0.5636960182424832,0.5682228514151557,0.8994318181818182,1760.0,0.0,0.0
1317.0,0.7482954545454545,313.0,0.7141415381562413,0.7872959334859548,0.17784090909090908,0.1,0.1,130.0,0.07386363636363637,0.9881235154394299,0.7090909090909091,1248.0,1248.0,0.9651839052882601,1.0,1.0,1.0,global,0.37627084212104617,0.7,1263.0,0.9651839053749368,497.0,0.0,0.7176136363636364,0.5597541219010553,0.5682228514151557,0.8221590909090909,1760.0,0.0,0.0
1210.0,0.6875,389.0,0.6969151441921643,0.7633412749725679,0.22102272727272726,0.1,0.15,161.0,0.09147727272727273,0.9817893903404592,0.7045454545454546,1240.0,1240.0,0.9545372716288247,1.0,1.0,1.0,global,0.37627084212104617,0.7,1263.0,0.9545372717160607,497.0,0.0,0.7176136363636364,0.557462585685734,0.5682228514151557,0.7789772727272727,1760.0,0.0,0.0
1210.0,0.6875,389.0,0.6969151441921643,0.7633412749725679,0.22102272727272726,0.1,0.2,161.0,0.09147727272727273,0.9817893903404592,0.7045454545454546,1240.0,1240.0,0.9545372716288247,1.0,1.0,1.0,global,0.37627084212104617,0.7,1263.0,0.9545372717160607,497.0,0.0,0.7176136363636364,0.557462585685734,0.5682228514151557,0.7789772727272727,1760.0,0.0,0.0
454.0,0.25795454545454544,1113.0,0.5818876521630675,0.6195081573803415,0.6323863636363637,0.1,0.3,193.0,0.10965909090909091,0.8907363420427553,0.6392045454545454,1125.0,1125.0,0.7677153623128152,0.8513402727149644,0.5894036885370025,1.0,global,0.37627084212104617,0.7,1263.0,0.7677153624499182,497.0,0.0,0.7176136363636364,0.5019655107965698,0.5682228514151557,0.36761363636363636,1760.0,0.0,0.0
357.0,0.2028409090909091,1210.0,0.5751814685828809,0.6110429043593403,0.6875,0.1,0.5,193.0,0.10965909090909091,0.8638163103721298,0.6198863636363636,1091.0,1091.0,0.7371654365659436,0.7752134757999836,0.5533348558442257,1.0,global,0.37627084212104617,0.7,1263.0,0.7371654367073194,497.0,0.0,0.7176136363636364,0.49031533276793454,0.5682228514151557,0.3125,1760.0,0.0,0.0
0.0,0.0,1567.0,0.5444404318982526,0.5736526081080162,0.8903409090909091,0.1,1.0,193.0,0.10965909090909091,0.7125890736342043,0.5113636363636364,900.0,900.0,0.5879716795168639,0.606539134708861,0.42536714022309624,0.7649404272559684,global,0.37627084212104617,0.7,1263.0,0.5879716797776147,497.0,0.0,0.7176136363636364,0.43417136369802783,0.5682228514151557,0.10965909090909091,1760.0,0.0,0.0
1760.0,1.0,0.0,nan,nan,0.0,0.1,0.0,0.0,0.0,1.0,0.7176136363636364,1263.0,1263.0,1.0,1.0,1.0,1.0,global,0.6394131429533938,0.8,1263.0,1.0,497.0,0.0,0.7176136363636364,0.5682228514151557,0.5682228514151557,1.0,1760.0,0.0,0.0
1760.0,1.0,0.0,nan,nan,0.0,0.1,0.025,0.0,0.0,1.0,0.7176136363636364,1263.0,1263.0,1.0,1.0,1.0,1.0,global,0.6394131429533938,0.8,1263.0,1.0,497.0,0.0,0.7176136363636364,0.5682228514151557,0.5682228514151557,1.0,1760.0,0.0,0.0
1430.0,0.8125,238.0,0.828103745315627,0.8839336928673895,0.13522727272727272,0.1,0.05,92.0,0.05227272727272727,0.9944576405384006,0.7136363636363636,1256.0,1256.0,0.9837136510291079,1.0,1.0,1.0,global,0.6394131429533938,0.8,1263.0,0.9837136513294108,497.0,0.0,0.7176136363636364,0.5647777435505482,0.5682228514151557,0.8647727272727272,1760.0,0.0,0.0
1317.0,0.7482954545454545,305.0,0.8233123312837359,0.8733923467815896,0.17329545454545456,0.1,0.075,138.0,0.07840909090909091,0.9920823436262867,0.7119318181818182,1253.0,1253.0,0.9785662205547708,1.0,1.0,1.0,global,0.6394131429533938,0.8,1263.0,0.9785662208557927,497.0,0.0,0.7176136363636364,0.5636911201229821,0.5682228514151557,0.8267045454545454,1760.0,0.0,0.0
1198.0,0.6806818181818182,391.0,0.8063659060390597,0.8703891930527052,0.22215909090909092,0.1,0.1,171.0,0.0971590909090909,0.9873317498020586,0.7085227272727272,1247.0,1247.0,0.9698756902739194,1.0,1.0,1.0,global,0.6394131429533938,0.8,1263.0,0.9698756908890811,497.0,0.0,0.7176136363636364,0.5623457286510744,0.5682228514151557,0.7778409090909091,1760.0,0.0,0.0
968.0,0.55,588.0,0.7502930888047352,0.813423772652013,0.3340909090909091,0.1,0.15,204.0,0.1159090909090909,0.9722882026920031,0.6977272727272728,1228.0,1228.0,0.9345231063478214,1.0,0.9879441287409405,1.0,global,0.6394131429533938,0.8,1263.0,0.934523106972501,497.0,0.0,0.7176136363636364,0.5542536182500063,0.5682228514151557,0.6659090909090909,1760.0,0.0,0.0
415.0,0.23579545454545456,1140.0,0.7161765109582099,0.768687138987805,0.6477272727272727,0.1,0.2,205.0,0.11647727272727272,0.934283452098179,0.6704545454545454,1180.0,1180.0,0.8304274917165575,0.8844532383037962,0.7414817577365675,1.0,global,0.6394131429533938,0.8,1263.0,0.8304274926817022,497.0,0.0,0.7176136363636364,0.529782616206436,0.5682228514151557,0.3522727272727273,1760.0,0.0,0.0
357.0,0.2028409090909091,1198.0,0.7081993260364107,0.7649849232351676,0.6806818181818182,0.1,0.3,205.0,0.11647727272727272,0.9239904988123515,0.6630681818181818,1167.0,1167.0,0.8134676068750321,0.8568291734679229,0.7192343792573356,1.0,global,0.6394131429533938,0.8,1263.0,0.8134676079842835,497.0,0.0,0.7176136363636364,0.5247185561122045,0.5682228514151557,0.31931818181818183,1760.0,0.0,0.0
83.0,0.04715909090909091,1472.0,0.6803289963539338,0.741843300230507,0.8363636363636363,0.1,0.5,205.0,0.11647727272727272,0.8456057007125891,0.6068181818181818,1068.0,1068.0,0.7303150053510247,0.7755149286195759,0.6293552151448243,0.8959612482348209,global,0.6394131429533938,0.8,1263.0,0.7303150067994317,497.0,0.0,0.7176136363636364,0.5003846312897616,0.5682228514151557,0.16363636363636364,1760.0,0.0,0.0
0.0,0.0,1555.0,0.6764392166279469,0.7380533068711795,0.8835227272727273,0.1,1.0,205.0,0.11647727272727272,0.8115597783056215,0.5823863636363636,1025.0,1025.0,0.7051651008102462,0.7582074721444257,0.5985443157832108,0.8548634019970489,global,0.6394131429533938,0.8,1263.0,0.7051651023194156,497.0,0.0,0.7176136363636364,0.49271095067866133,0.5682228514151557,0.11647727272727272,1760.0,0.0,0.0
1647.0,0.9357954545454545,67.0,0.8057892180305604,0.9034009283684704,0.03806818181818182,0.1,0.0,46.0,0.026136363636363635,1.0,0.7176136363636364,1263.0,1263.0,0.9944643007514651,1.0,1.0,1.0,global,0.756038899635492,0.85,1263.0,0.9944643007514647,497.0,0.0,0.7176136363636364,0.5675576730866358,0.5682228514151557,0.9619318181818182,1760.0,0.0,0.0
1450.0,0.8238636363636364,204.0,0.8544281770106253,0.9174570698946365,0.1159090909090909,0.1,0.025,106.0,0.060227272727272727,0.9984164687252574,0.7164772727272727,1261.0,1261.0,0.9881095180270376,1.0,1.0,1.0,global,0.756038899635492,0.85,1263.0,0.9881095180270376,497.0,0.0,0.7176136363636364,0.5662843530455338,0.5682228514151557,0.884090909090909,1760.0,0.0,0.0
1198.0,0.6806818181818182,386.0,0.8434273413137899,0.9170897213951907,0.21931818181818183,0.1,0.05,176.0,0.1,0.995249406175772,0.7142045454545455,1257.0,1257.0,0.9748387612930672,1.0,1.0,1.0,global,0.756038899635492,0.85,1263.0,0.9748387615517292,497.0,0.0,0.7176136363636364,0.5646611571416308,0.5682228514151557,0.7806818181818181,1760.0,0.0,0.0
1052.0,0.5977272727272728,499.0,0.82245289177103,0.9021572405248192,0.28352272727272726,0.1,0.075,209.0,0.11875,0.9904988123515439,0.7107954545454546,1251.0,1251.0,0.9619643285328825,1.0,1.0,1.0,global,0.756038899635492,0.85,1263.0,0.9619643291569214,497.0,0.0,0.7176136363636364,0.5628919707991983,0.5682228514151557,0.7164772727272727,1760.0,0.0,0.0
968.0,0.55,583.0,0.8060506398069149,0.8774954590435865,0.33125,0.1,0.1,209.0,0.11875,0.9849564528899446,0.7068181818181818,1244.0,1244.0,0.9476149638063693,1.0,0.9833330835339058,1.0,global,0.756038899635492,0.85,1263.0,0.9476149644339199,497.0,0.0,0.7176136363636364,0.5593706306929339,0.5682228514151557,0.66875,1760.0,0.0,0.0
415.0,0.23579545454545456,1135.0,0.7827317237356389,0.8420055333462118,0.6448863636363636,0.1,0.15,210.0,0.11931818181818182,0.9635787806809184,0.6914772727272728,1217.0,1217.0,0.8678894622550309,0.9209317752327585,0.8199569217026201,1.0,global,0.756038899635492,0.85,1263.0,0.8678894633649958,497.0,0.0,0.7176136363636364,0.5432859922857273,0.5682228514151557,0.35511363636363635,1760.0,0.0,0.0
415.0,0.23579545454545456,1135.0,0.7827317237356389,0.8420055333462118,0.6448863636363636,0.1,0.2,210.0,0.11931818181818182,0.9635787806809184,0.6914772727272728,1217.0,1217.0,0.8678894622550309,0.9209317752327585,0.8199569217026201,1.0,global,0.756038899635492,0.85,1263.0,0.8678894633649958,497.0,0.0,0.7176136363636364,0.5432859922857273,0.5682228514151557,0.35511363636363635,1760.0,0.0,0.0
160.0,0.09090909090909091,1390.0,0.7567581838873622,0.8263286844234898,0.7897727272727273,0.1,0.3,210.0,0.11931818181818182,0.9121140142517815,0.6545454545454545,1152.0,1152.0,0.8070112674245217,0.8588267171935489,0.741195646028059,0.9648498872694078,global,0.756038899635492,0.85,1263.0,0.8070112688732203,497.0,0.0,0.7176136363636364,0.5282801026339058,0.5682228514151557,0.21022727272727273,1760.0,0.0,0.0
0.0,0.0,1550.0,0.7454446248362662,0.8184207374438728,0.8806818181818182,0.1,0.5,210.0,0.11931818181818182,0.8638163103721298,0.6198863636363636,1091.0,1091.0,0.7671436623158512,0.830150780986191,0.7017961262961933,0.9044786892819174,global,0.756038899635492,0.85,1263.0,0.7671436638455494,497.0,0.0,0.7176136363636364,0.518577963121589,0.5682228514151557,0.11931818181818182,1760.0,0.0,0.0
0.0,0.0,1550.0,0.7454446248362662,0.8184207374438728,0.8806818181818182,0.1,1.0,210.0,0.11931818181818182,0.8638163103721298,0.6198863636363636,1091.0,1091.0,0.7671436623158512,0.830150780986191,0.7017961262961933,0.9044786892819174,global,0.756038899635492,0.85,1263.0,0.7671436638455494,497.0,0.0,0.7176136363636364,0.518577963121589,0.5682228514151557,0.11931818181818182,1760.0,0.0,0.0
1552.0,0.8818181818181818,130.0,0.8850985681382911,0.9431607304925185,0.07386363636363637,0.1,0.0,78.0,0.04431818181818182,1.0,0.7176136363636364,1263.0,1263.0,0.9937227246251322,1.0,1.0,1.0,global,0.8245169474669135,0.88,1263.0,0.9937227251352391,497.0,0.0,0.7176136363636364,0.5673946995822264,0.5682228514151557,0.9261363636363636,1760.0,0.0,0.0
1198.0,0.6806818181818182,378.0,0.8856192357181139,0.9465617316102886,0.21477272727272728,0.1,0.025,184.0,0.10454545454545454,0.997624703087886,0.7159090909090909,1260.0,1260.0,0.9817535447455087,1.0,1.0,1.0,global,0.8245169474669135,0.88,1263.0,0.98175354525683,497.0,0.0,0.7176136363636364,0.5659202320910363,0.5682228514151557,0.7852272727272728,1760.0,0.0,0.0
1198.0,0.6806818181818182,378.0,0.8856192357181139,0.9465617316102886,0.21477272727272728,0.1,0.05,184.0,0.10454545454545454,0.997624703087886,0.7159090909090909,1260.0,1260.0,0.9817535447455087,1.0,1.0,1.0,global,0.8245169474669135,0.88,1263.0,0.98175354525683,497.0,0.0,0.7176136363636364,0.5659202320910363,0.5682228514151557,0.7852272727272728,1760.0,0.0,0.0
1052.0,0.5977272727272728,490.0,0.8707586499910712,0.9363230540750287,0.2784090909090909,0.1,0.075,218.0,0.12386363636363637,0.9936658749010293,0.7130681818181818,1255.0,1255.0,0.9725040315120447,1.0,1.0,1.0,global,0.8245169474669135,0.88,1263.0,0.9725040323883792,497.0,0.0,0.7176136363636364,0.5647101187937683,0.5682228514151557,0.7215909090909091,1760.0,0.0,0.0
968.0,0.55,574.0,0.8600901428396912,0.9148552115430678,0.3261363636363636,0.1,0.1,218.0,0.12386363636363637,0.9881235154394299,0.7090909090909091,1248.0,1248.0,0.962444068791103,1.0,0.9909480865304223,1.0,global,0.8245169474669135,0.88,1263.0,0.9624440696723529,497.0,0.0,0.7176136363636364,0.5622228695965948,0.5682228514151557,0.6738636363636363,1760.0,0.0,0.0
298.0,0.1693181818181818,1243.0,0.8198357363585781,0.8856027529764543,0.70625,0.1,0.15,219.0,0.12443181818181819,0.9619952494061758,0.6903409090909091,1215.0,1215.0,0.8752937072243325,0.9233598964867379,0.8513912121803144,1.0,global,0.8245169474669135,0.88,1263.0,0.875293708507397,497.0,0.0,0.7176136363636364,0.5463573265125106,0.5682228514151557,0.29375,1760.0,0.0,0.0
298.0,0.1693181818181818,1243.0,0.8198357363585781,0.8856027529764543,0.70625,0.1,0.2,219.0,0.12443181818181819,0.9619952494061758,0.6903409090909091,1215.0,1215.0,0.8752937072243325,0.9233598964867379,0.8513912121803144,1.0,global,0.8245169474669135,0.88,1263.0,0.875293708507397,497.0,0.0,0.7176136363636364,0.5463573265125106,0.5682228514151557,0.29375,1760.0,0.0,0.0
83.0,0.04715909090909091,1458.0,0.7992608224780386,0.873050737004035,0.8284090909090909,0.1,0.3,219.0,0.12443181818181819,0.9231987331749802,0.6625,1166.0,1166.0,0.8292167546296864,0.8911444374125738,0.7912934466763908,0.9513048500989336,global,0.8245169474669135,0.88,1263.0,0.8292167564083579,497.0,0.0,0.7176136363636364,0.5372743371818046,0.5682228514151557,0.1715909090909091,1760.0,0.0,0.0
0.0,0.0,1541.0,0.7928434581383073,0.8692236321403491,0.8755681818181819,0.1,0.5,219.0,0.12443181818181819,0.8986539984164688,0.6448863636363636,1135.0,1135.0,0.8107301022814314,0.881140789894529,0.768419297295293,0.9333385737109453,global,0.8245169474669135,0.88,1263.0,0.8107301041086833,497.0,0.0,0.7176136363636364,0.5336517929343407,0.5682228514151557,0.12443181818181819,1760.0,0.0,0.0
0.0,0.0,1541.0,0.7928434581383073,0.8692236321403491,0.8755681818181819,0.1,1.0,219.0,0.12443181818181819,0.8986539984164688,0.6448863636363636,1135.0,1135.0,0.8107301022814314,0.881140789894529,0.768419297295293,0.9333385737109453,global,0.8245169474669135,0.88,1263.0,0.8107301041086833,497.0,0.0,0.7176136363636364,0.5336517929343407,0.5682228514151557,0.12443181818181819,1760.0,0.0,0.0
1552.0,0.8818181818181818,128.0,0.9024200591635051,0.9608714445559277,0.07272727272727272,0.1,0.0,80.0,0.045454545454545456,1.0,0.7176136363636364,1263.0,1263.0,0.9946690293604765,1.0,1.0,1.0,global,0.8577521128387918,0.9,1263.0,0.9946690298705831,497.0,0.0,0.7176136363636364,0.5676082208692721,0.5682228514151557,0.9272727272727272,1760.0,0.0,0.0
1198.0,0.6806818181818182,375.0,0.9092849183321231,0.9607871503766399,0.21306818181818182,0.1,0.025,187.0,0.10625,0.997624703087886,0.7159090909090909,1260.0,1260.0,0.9855287845910767,1.0,1.0,1.0,global,0.8577521128387918,0.9,1263.0,0.9855287851023982,497.0,0.0,0.7176136363636364,0.5664606760543216,0.5682228514151557,0.7869318181818182,1760.0,0.0,0.0
1123.0,0.6380681818181818,450.0,0.8872974274144071,0.9431607304925185,0.2556818181818182,0.1,0.05,187.0,0.10625,0.9960411718131433,0.7147727272727272,1258.0,1258.0,0.9764381744117562,1.0,1.0,1.0,global,0.8577521128387918,0.9,1263.0,0.9764381749238902,497.0,0.0,0.7176136363636364,0.5650648970911321,0.5682228514151557,0.7443181818181818,1760.0,0.0,0.0
1016.0,0.5772727272727273,523.0,0.8853191454025967,0.9439715022395297,0.29715909090909093,0.1,0.075,221.0,0.12556818181818183,0.9936658749010293,0.7130681818181818,1255.0,1255.0,0.9724948707300252,1.0,1.0,1.0,global,0.8577521128387918,0.9,1263.0,0.9724948712433836,497.0,0.0,0.7176136363636364,0.5646922801845564,0.5682228514151557,0.7028409090909091,1760.0,0.0,0.0
415.0,0.23579545454545456,1123.0,0.8633252685966758,0.9146531397415738,0.6380681818181818,0.1,0.1,222.0,0.12613636363636363,0.9794140934283452,0.7028409090909091,1237.0,1237.0,0.9165809036301457,0.9607871503766399,0.8991008873303048,1.0,global,0.8577521128387918,0.9,1263.0,0.9165809048366427,497.0,0.0,0.7176136363636364,0.5548334626998713,0.5682228514151557,0.3619318181818182,1760.0,0.0,0.0
227.0,0.12897727272727272,1311.0,0.8363894948877517,0.9026725888350935,0.7448863636363636,0.1,0.15,222.0,0.12613636363636363,0.9619952494061758,0.6903409090909091,1215.0,1215.0,0.8777297624346326,0.9292580038279918,0.8581842604141425,1.0,global,0.8577521128387918,0.9,1263.0,0.8777297640414,497.0,0.0,0.7176136363636364,0.5485916094691655,0.5682228514151557,0.2551136363636364,1760.0,0.0,0.0
150.0,0.08522727272727272,1388.0,0.8268901581505561,0.8993819849042065,0.7886363636363637,0.1,0.2,222.0,0.12613636363636363,0.9517022961203484,0.6829545454545455,1202.0,1202.0,0.8611664829094311,0.9194507014490527,0.842244401980836,0.9807221505790535,global,0.8577521128387918,0.9,1263.0,0.8611664848316933,497.0,0.0,0.7176136363636364,0.5460233778406761,0.5682228514151557,0.21136363636363636,1760.0,0.0,0.0
83.0,0.04715909090909091,1455.0,0.822940441253331,0.8972831047067762,0.8267045454545454,0.1,0.3,222.0,0.12613636363636363,0.9406175771971497,0.675,1188.0,1188.0,0.8488734069283481,0.9123643445074319,0.8253090708523539,0.9653058153271832,global,0.8577521128387918,0.9,1263.0,0.8488734092714861,497.0,0.0,0.7176136363636364,0.5438161596013787,0.5682228514151557,0.17329545454545456,1760.0,0.0,0.0
0.0,0.0,1538.0,0.813665816840305,0.8922076581613179,0.8738636363636364,0.1,0.5,222.0,0.12613636363636363,0.9216152019002375,0.6613636363636364,1164.0,1164.0,0.8293537463503138,0.901440862218247,0.8097153576806027,0.9476505937592441,global,0.8577521128387918,0.9,1263.0,0.8293537494064079,497.0,0.0,0.7176136363636364,0.5409322517175513,0.5682228514151557,0.12613636363636363,1760.0,0.0,0.0
0.0,0.0,1538.0,0.813665816840305,0.8922076581613179,0.8738636363636364,0.1,1.0,222.0,0.12613636363636363,0.9216152019002375,0.6613636363636364,1164.0,1164.0,0.8293537463503138,0.901440862218247,0.8097153576806027,0.9476505937592441,global,0.8577521128387918,0.9,1263.0,0.8293537494064079,497.0,0.0,0.7176136363636364,0.5409322517175513,0.5682228514151557,0.12613636363636363,1760.0,0.0,0.0
1300.0,0.7386363636363636,306.0,0.9179624264700104,0.9691388444175817,0.17386363636363636,0.1,0.0,154.0,0.0875,1.0,0.7176136363636364,1263.0,1263.0,0.9888927750802626,1.0,1.0,1.0,global,0.884571566931884,0.92,1263.0,0.9888927763624267,497.0,0.0,0.7176136363636364,0.5671888059197812,0.5682228514151557,0.8261363636363637,1760.0,0.0,0.0
1091.0,0.6198863636363636,446.0,0.9117071101291075,0.9689784213543958,0.2534090909090909,0.1,0.025,223.0,0.12670454545454546,0.9984164687252574,0.7164772727272727,1261.0,1261.0,0.9830556071778301,1.0,1.0,1.0,global,0.884571566931884,0.92,1263.0,0.9830556101873899,497.0,0.0,0.7176136363636364,0.5666789576263175,0.5682228514151557,0.7465909090909091,1760.0,0.0,0.0
1016.0,0.5772727272727273,521.0,0.9005617132090596,0.956535449362264,0.29602272727272727,0.1,0.05,223.0,0.12670454545454546,0.9968329374505146,0.7153409090909091,1259.0,1259.0,0.9759894843650151,1.0,1.0,1.0,global,0.884571566931884,0.92,1263.0,0.9759894873793554,497.0,0.0,0.7176136363636364,0.5655843150267643,0.5682228514151557,0.7039772727272727,1760.0,0.0,0.0
415.0,0.23579545454545456,1121.0,0.8845949385327457,0.933437963680176,0.6369318181818182,0.1,0.075,224.0,0.12727272727272726,0.9857482185273159,0.7073863636363636,1245.0,1245.0,0.929366540692331,0.9701614030938374,0.9219073634709147,1.0,global,0.884571566931884,0.92,1263.0,0.9293665456608559,497.0,0.0,0.7176136363636364,0.5578716897868248,0.5682228514151557,0.36306818181818185,1760.0,0.0,0.0
415.0,0.23579545454545456,1121.0,0.8845949385327457,0.933437963680176,0.6369318181818182,0.1,0.1,224.0,0.12727272727272726,0.9857482185273159,0.7073863636363636,1245.0,1245.0,0.929366540692331,0.9701614030938374,0.9219073634709147,1.0,global,0.884571566931884,0.92,1263.0,0.9293665456608559,497.0,0.0,0.7176136363636364,0.5578716897868248,0.5682228514151557,0.36306818181818185,1760.0,0.0,0.0
150.0,0.08522727272727272,1386.0,0.8494292830663448,0.9219016988865707,0.7875,0.1,0.15,224.0,0.12727272727272726,0.9651623119556612,0.6926136363636364,1219.0,1219.0,0.8789505310951745,0.9371108174900459,0.8678729265239064,0.9879349483990338,global,0.884571566931884,0.92,1263.0,0.8789505368143786,497.0,0.0,0.7176136363636364,0.5508741049276297,0.5682228514151557,0.2125,1760.0,0.0,0.0
83.0,0.04715909090909091,1453.0,0.8438765974413386,0.9190870051928899,0.8255681818181818,0.1,0.2,224.0,0.12727272727272726,0.9572446555819477,0.6869318181818181,1209.0,1209.0,0.8664751048423027,0.9310954184122793,0.8556954941816637,0.9714669276352093,global,0.884571566931884,0.92,1263.0,0.8664751107722577,497.0,0.0,0.7176136363636364,0.5491384775974231,0.5682228514151557,0.1744318181818182,1760.0,0.0,0.0
0.0,0.0,1536.0,0.8352050695894143,0.9166596314965894,0.8727272727272727,0.1,0.3,224.0,0.12727272727272726,0.9414093428345209,0.6755681818181818,1189.0,1189.0,0.8489264304898753,0.9227322227160473,0.8406356721987842,0.9586064598594443,global,0.884571566931884,0.92,1263.0,0.8489264365195769,497.0,0.0,0.7176136363636364,0.5468511606226866,0.5682228514151557,0.12727272727272726,1760.0,0.0,0.0
0.0,0.0,1536.0,0.8352050695894143,0.9166596314965894,0.8727272727272727,0.1,0.5,224.0,0.12727272727272726,0.9414093428345209,0.6755681818181818,1189.0,1189.0,0.8489264304898753,0.9227322227160473,0.8406356721987842,0.9586064598594443,global,0.884571566931884,0.92,1263.0,0.8489264365195769,497.0,0.0,0.7176136363636364,0.5468511606226866,0.5682228514151557,0.12727272727272726,1760.0,0.0,0.0
0.0,0.0,1536.0,0.8352050695894143,0.9166596314965894,0.8727272727272727,0.1,1.0,224.0,0.12727272727272726,0.9414093428345209,0.6755681818181818,1189.0,1189.0,0.8489264304898753,0.9227322227160473,0.8406356721987842,0.9586064598594443,global,0.884571566931884,0.92,1263.0,0.8489264365195769,497.0,0.0,0.7176136363636364,0.5468511606226866,0.5682228514151557,0.12727272727272726,1760.0,0.0,0.0
1016.0,0.5772727272727273,520.0,0.9369253849620591,0.9859282568046689,0.29545454545454547,0.1,0.0,224.0,0.12727272727272726,1.0,0.7176136363636364,1263.0,1263.0,0.9846683239773176,1.0,1.0,1.0,global,0.9338130164175292,0.95,1263.0,0.9846683351310664,497.0,0.0,0.7176136363636364,0.5671432184598869,0.5682228514151557,0.7045454545454546,1760.0,0.0,0.0
1016.0,0.5772727272727273,520.0,0.9369253849620591,0.9859282568046689,0.29545454545454547,0.1,0.025,224.0,0.12727272727272726,1.0,0.7176136363636364,1263.0,1263.0,0.9846683239773176,1.0,1.0,1.0,global,0.9338130164175292,0.95,1263.0,0.9846683351310664,497.0,0.0,0.7176136363636364,0.5671432184598869,0.5682228514151557,0.7045454545454546,1760.0,0.0,0.0
285.0,0.16193181818181818,1250.0,0.9157712934673133,0.9654257231993549,0.7102272727272727,0.1,0.05,225.0,0.1278409090909091,0.9904988123515439,0.7107954545454546,1251.0,1251.0,0.9402117574732008,0.9802843563816442,0.9474700345352293,1.0,global,0.9338130164175292,0.95,1263.0,0.9402117746500679,497.0,0.0,0.7176136363636364,0.5616086428160189,0.5682228514151557,0.2897727272727273,1760.0,0.0,0.0
208.0,0.11818181818181818,1327.0,0.9073389417561131,0.9632834070900804,0.7539772727272728,0.1,0.075,225.0,0.1278409090909091,0.9873317498020586,0.7085227272727272,1247.0,1247.0,0.9291852538039904,0.9745614429872891,0.938543049795771,1.0,global,0.9338130164175292,0.95,1263.0,0.9291852718779876,497.0,0.0,0.7176136363636364,0.5605347293693477,0.5682228514151557,0.24602272727272728,1760.0,0.0,0.0
150.0,0.08522727272727272,1385.0,0.9058937679703942,0.9623439994034859,0.7869318181818182,0.1,0.1,225.0,0.1278409090909091,0.9833729216152018,0.7056818181818182,1242.0,1242.0,0.9240785471065501,0.9708491266744061,0.9322288622205304,1.0,global,0.9338130164175292,0.95,1263.0,0.9240785652533089,497.0,0.0,0.7176136363636364,0.5597433965478434,0.5682228514151557,0.21306818181818182,1760.0,0.0,0.0
0.0,0.0,1535.0,0.8921370242640468,0.9588612597243158,0.8721590909090909,0.1,0.15,225.0,0.1278409090909091,0.9699129057798892,0.6960227272727273,1225.0,1225.0,0.9009421651404513,0.9625005761795928,0.9092880717902476,0.9855859092285574,global,0.9338130164175292,0.95,1263.0,0.9009421854457422,497.0,0.0,0.7176136363636364,0.5576124976974458,0.5682228514151557,0.1278409090909091,1760.0,0.0,0.0
0.0,0.0,1535.0,0.8921370242640468,0.9588612597243158,0.8721590909090909,0.1,0.2,225.0,0.1278409090909091,0.9699129057798892,0.6960227272727273,1225.0,1225.0,0.9009421651404513,0.9625005761795928,0.9092880717902476,0.9855859092285574,global,0.9338130164175292,0.95,1263.0,0.9009421854457422,497.0,0.0,0.7176136363636364,0.5576124976974458,0.5682228514151557,0.1278409090909091,1760.0,0.0,0.0
0.0,0.0,1535.0,0.8921370242640468,0.9588612597243158,0.8721590909090909,0.1,0.3,225.0,0.1278409090909091,0.9699129057798892,0.6960227272727273,1225.0,1225.0,0.9009421651404513,0.9625005761795928,0.9092880717902476,0.9855859092285574,global,0.9338130164175292,0.95,1263.0,0.9009421854457422,497.0,0.0,0.7176136363636364,0.5576124976974458,0.5682228514151557,0.1278409090909091,1760.0,0.0,0.0
0.0,0.0,1535.0,0.8921370242640468,0.9588612597243158,0.8721590909090909,0.1,0.5,225.0,0.1278409090909091,0.9699129057798892,0.6960227272727273,1225.0,1225.0,0.9009421651404513,0.9625005761795928,0.9092880717902476,0.9855859092285574,global,0.9338130164175292,0.95,1263.0,0.9009421854457422,497.0,0.0,0.7176136363636364,0.5576124976974458,0.5682228514151557,0.1278409090909091,1760.0,0.0,0.0
0.0,0.0,1535.0,0.8921370242640468,0.9588612597243158,0.8721590909090909,0.1,1.0,225.0,0.1278409090909091,0.9699129057798892,0.6960227272727273,1225.0,1225.0,0.9009421651404513,0.9625005761795928,0.9092880717902476,0.9855859092285574,global,0.9338130164175292,0.95,1263.0,0.9009421854457422,497.0,0.0,0.7176136363636364,0.5576124976974458,0.5682228514151557,0.1278409090909091,1760.0,0.0,0.0
772.0,0.43863636363636366,761.0,0.9434564494658574,0.990563704480906,0.4323863636363636,0.1,0.0,227.0,0.12897727272727272,1.0,0.7176136363636364,1263.0,1263.0,0.9761827641455552,1.0,0.9953937846768734,1.0,global,0.9684571554065047,0.975,1263.0,0.9761827762223408,497.0,0.0,0.7176136363636364,0.5668009022618428,0.5682228514151557,0.5676136363636364,1760.0,0.0,0.0
160.0,0.09090909090909091,1372.0,0.9538451726827821,0.9901924884271095,0.7795454545454545,0.1,0.025,228.0,0.12954545454545455,0.9984164687252574,0.7164772727272727,1261.0,1261.0,0.9628492071951023,0.9953991638756482,0.9798461459269817,1.0,global,0.9684571554065047,0.975,1263.0,0.9628492220764153,497.0,0.0,0.7176136363636364,0.5656123839631204,0.5682228514151557,0.22045454545454546,1760.0,0.0,0.0
83.0,0.04715909090909091,1449.0,0.9518025504861906,0.9890896871793489,0.8232954545454545,0.1,0.05,228.0,0.12954545454545455,0.9960411718131433,0.7147727272727272,1258.0,1258.0,0.9585839086451289,0.9927223079174752,0.9760743694762422,1.0,global,0.9684571554065047,0.975,1263.0,0.9585839235619301,497.0,0.0,0.7176136363636364,0.5652032432437221,0.5682228514151557,0.17670454545454545,1760.0,0.0,0.0
0.0,0.0,1532.0,0.9437860661491797,0.9876676085330697,0.8704545454545455,0.1,0.075,228.0,0.12954545454545455,0.9928741092636579,0.7125,1254.0,1254.0,0.9483136636921884,0.9897684782192068,0.9706722597851297,1.0,global,0.9684571554065047,0.975,1263.0,0.9483136790001265,497.0,0.0,0.7176136363636364,0.5647397899053491,0.5682228514151557,0.12954545454545455,1760.0,0.0,0.0
0.0,0.0,1532.0,0.9437860661491797,0.9876676085330697,0.8704545454545455,0.1,0.1,228.0,0.12954545454545455,0.9928741092636579,0.7125,1254.0,1254.0,0.9483136636921884,0.9897684782192068,0.9706722597851297,1.0,global,0.9684571554065047,0.975,1263.0,0.9483136790001265,497.0,0.0,0.7176136363636364,0.5647397899053491,0.5682228514151557,0.12954545454545455,1760.0,0.0,0.0
0.0,0.0,1532.0,0.9437860661491797,0.9876676085330697,0.8704545454545455,0.1,0.15,228.0,0.12954545454545455,0.9928741092636579,0.7125,1254.0,1254.0,0.9483136636921884,0.9897684782192068,0.9706722597851297,1.0,global,0.9684571554065047,0.975,1263.0,0.9483136790001265,497.0,0.0,0.7176136363636364,0.5647397899053491,0.5682228514151557,0.12954545454545455,1760.0,0.0,0.0
0.0,0.0,1532.0,0.9437860661491797,0.9876676085330697,0.8704545454545455,0.1,0.2,228.0,0.12954545454545455,0.9928741092636579,0.7125,1254.0,1254.0,0.9483136636921884,0.9897684782192068,0.9706722597851297,1.0,global,0.9684571554065047,0.975,1263.0,0.9483136790001265,497.0,0.0,0.7176136363636364,0.5647397899053491,0.5682228514151557,0.12954545454545455,1760.0,0.0,0.0
0.0,0.0,1532.0,0.9437860661491797,0.9876676085330697,0.8704545454545455,0.1,0.3,228.0,0.12954545454545455,0.9928741092636579,0.7125,1254.0,1254.0,0.9483136636921884,0.9897684782192068,0.9706722597851297,1.0,global,0.9684571554065047,0.975,1263.0,0.9483136790001265,497.0,0.0,0.7176136363636364,0.5647397899053491,0.5682228514151557,0.12954545454545455,1760.0,0.0,0.0
0.0,0.0,1532.0,0.9437860661491797,0.9876676085330697,0.8704545454545455,0.1,0.5,228.0,0.12954545454545455,0.9928741092636579,0.7125,1254.0,1254.0,0.9483136636921884,0.9897684782192068,0.9706722597851297,1.0,global,0.9684571554065047,0.975,1263.0,0.9483136790001265,497.0,0.0,0.7176136363636364,0.5647397899053491,0.5682228514151557,0.12954545454545455,1760.0,0.0,0.0
0.0,0.0,1532.0,0.9437860661491797,0.9876676085330697,0.8704545454545455,0.1,1.0,228.0,0.12954545454545455,0.9928741092636579,0.7125,1254.0,1254.0,0.9483136636921884,0.9897684782192068,0.9706722597851297,1.0,global,0.9684571554065047,0.975,1263.0,0.9483136790001265,497.0,0.0,0.7176136363636364,0.5647397899053491,0.5682228514151557,0.12954545454545455,1760.0,0.0,0.0
1760.0,1.0,0.0,nan,nan,0.0,0.2,0.0,0.0,0.0,1.0,0.7176136363636364,1263.0,1263.0,1.0,1.0,1.0,1.0,global,-0.6928881213650385,0.5,1263.0,1.0,497.0,0.0,0.7176136363636364,0.5682228514151557,0.5682228514151557,1.0,1760.0,0.0,0.0
1760.0,1.0,0.0,nan,nan,0.0,0.2,0.025,0.0,0.0,1.0,0.7176136363636364,1263.0,1263.0,1.0,1.0,1.0,1.0,global,-0.6928881213650385,0.5,1263.0,1.0,497.0,0.0,0.7176136363636364,0.5682228514151557,0.5682228514151557,1.0,1760.0,0.0,0.0
1760.0,1.0,0.0,nan,nan,0.0,0.2,0.05,0.0,0.0,1.0,0.7176136363636364,1263.0,1263.0,1.0,1.0,1.0,1.0,global,-0.6928881213650385,0.5,1263.0,1.0,497.0,0.0,0.7176136363636364,0.5682228514151557,0.5682228514151557,1.0,1760.0,0.0,0.0
1760.0,1.0,0.0,nan,nan,0.0,0.2,0.075,0.0,0.0,1.0,0.7176136363636364,1263.0,1263.0,1.0,1.0,1.0,1.0,global,-0.6928881213650385,0.5,1263.0,1.0,497.0,0.0,0.7176136363636364,0.5682228514151557,0.5682228514151557,1.0,1760.0,0.0,0.0
1760.0,1.0,0.0,nan,nan,0.0,0.2,0.1,0.0,0.0,1.0,0.7176136363636364,1263.0,1263.0,1.0,1.0,1.0,1.0,global,-0.6928881213650385,0.5,1263.0,1.0,497.0,0.0,0.7176136363636364,0.5682228514151557,0.5682228514151557,1.0,1760.0,0.0,0.0
1760.0,1.0,0.0,nan,nan,0.0,0.2,0.15,0.0,0.0,1.0,0.7176136363636364,1263.0,1263.0,1.0,1.0,1.0,1.0,global,-0.6928881213650385,0.5,1263.0,1.0,497.0,0.0,0.7176136363636364,0.5682228514151557,0.5682228514151557,1.0,1760.0,0.0,0.0
1665.0,0.9460227272727273,48.0,0.6674483707118005,0.6892107715636314,0.02727272727272727,0.2,0.2,47.0,0.026704545454545453,0.9936658749010293,0.7130681818181818,1255.0,1255.0,0.9947003724416223,1.0,1.0,1.0,global,-0.6928881213650385,0.5,1263.0,0.9947003724416223,497.0,0.0,0.7176136363636364,0.565340330922956,0.5682228514151557,0.9727272727272728,1760.0,0.0,0.0
1331.0,0.75625,214.0,0.5877360313355218,0.6200163665558108,0.1215909090909091,0.2,0.3,215.0,0.12215909090909091,0.9635787806809184,0.6914772727272728,1217.0,1217.0,0.9745934283896173,1.0,1.0,1.0,global,-0.6928881213650385,0.5,1263.0,0.9745934283896173,497.0,0.0,0.7176136363636364,0.5542831181717501,0.5682228514151557,0.8784090909090909,1760.0,0.0,0.0
499.0,0.28352272727272726,852.0,0.4812473375996876,0.43860286380599217,0.48409090909090907,0.2,0.5,409.0,0.23238636363636364,0.7505938242280285,0.5386363636363637,948.0,948.0,0.8298184831155093,1.0,0.8226259726574535,1.0,global,-0.6928881213650385,0.5,1263.0,0.8298184866034053,497.0,0.0,0.7176136363636364,0.46477577183928637,0.5682228514151557,0.5159090909090909,1760.0,0.0,0.0
0.0,0.0,1344.0,0.45761945462966164,0.4164577805836249,0.7636363636363637,0.2,1.0,416.0,0.23636363636363636,0.5170229612034838,0.3710227272727273,653.0,653.0,0.6104495011046115,0.6981571558793684,0.25218698688298957,1.0,global,-0.6928881213650385,0.5,1263.0,0.6104495065111903,497.0,0.0,0.7176136363636364,0.37603345538044197,0.5682228514151557,0.23636363636363636,1760.0,0.0,0.0
1760.0,1.0,0.0,nan,nan,0.0,0.2,0.0,0.0,0.0,1.0,0.7176136363636364,1263.0,1263.0,1.0,1.0,1.0,1.0,global,-0.3533338913934846,0.6,1263.0,1.0,497.0,0.0,0.7176136363636364,0.5682228514151557,0.5682228514151557,1.0,1760.0,0.0,0.0
1760.0,1.0,0.0,nan,nan,0.0,0.2,0.025,0.0,0.0,1.0,0.7176136363636364,1263.0,1263.0,1.0,1.0,1.0,1.0,global,-0.3533338913934846,0.6,1263.0,1.0,497.0,0.0,0.7176136363636364,0.5682228514151557,0.5682228514151557,1.0,1760.0,0.0,0.0
1760.0,1.0,0.0,nan,nan,0.0,0.2,0.05,0.0,0.0,1.0,0.7176136363636364,1263.0,1263.0,1.0,1.0,1.0,1.0,global,-0.3533338913934846,0.6,1263.0,1.0,497.0,0.0,0.7176136363636364,0.5682228514151557,0.5682228514151557,1.0,1760.0,0.0,0.0
1760.0,1.0,0.0,nan,nan,0.0,0.2,0.075,0.0,0.0,1.0,0.7176136363636364,1263.0,1263.0,1.0,1.0,1.0,1.0,global,-0.3533338913934846,0.6,1263.0,1.0,497.0,0.0,0.7176136363636364,0.5682228514151557,0.5682228514151557,1.0,1760.0,0.0,0.0
1665.0,0.9460227272727273,45.0,0.6248526764342871,0.6908715646953332,0.02556818181818182,0.2,0.1,50.0,0.028409090909090908,0.9968329374505146,0.7153409090909091,1259.0,1259.0,0.9928486610281358,1.0,1.0,1.0,global,-0.3533338913934846,0.6,1263.0,0.9928486610281358,497.0,0.0,0.7176136363636364,0.5659427076828363,0.5682228514151557,0.9744318181818182,1760.0,0.0,0.0
1665.0,0.9460227272727273,45.0,0.6248526764342871,0.6908715646953332,0.02556818181818182,0.2,0.15,50.0,0.028409090909090908,0.9968329374505146,0.7153409090909091,1259.0,1259.0,0.9928486610281358,1.0,1.0,1.0,global,-0.3533338913934846,0.6,1263.0,0.9928486610281358,497.0,0.0,0.7176136363636364,0.5659427076828363,0.5682228514151557,0.9744318181818182,1760.0,0.0,0.0
1331.0,0.75625,201.0,0.5734231900270124,0.60323957907408,0.11420454545454546,0.2,0.2,228.0,0.12954545454545455,0.9738717339667459,0.6988636363636364,1230.0,1230.0,0.9701743043433522,1.0,1.0,1.0,global,-0.3533338913934846,0.6,1263.0,0.9701743059703896,497.0,0.0,0.7176136363636364,0.5571854029476692,0.5682228514151557,0.8857954545454545,1760.0,0.0,0.0
1091.0,0.6198863636363636,325.0,0.5398139488982574,0.5542744800791995,0.1846590909090909,0.2,0.3,344.0,0.19545454545454546,0.9477434679334917,0.6801136363636363,1197.0,1197.0,0.9500215650432526,1.0,1.0,1.0,global,-0.3533338913934846,0.6,1263.0,0.9500215669602827,497.0,0.0,0.7176136363636364,0.5491355284333996,0.5682228514151557,0.8153409090909091,1760.0,0.0,0.0
334.0,0.18977272727272726,984.0,0.4539328132878256,0.3958916922991247,0.5590909090909091,0.2,0.5,442.0,0.25113636363636366,0.7632620744259699,0.5477272727272727,964.0,964.0,0.738862061126232,1.0,0.4270529233843015,1.0,global,-0.3533338913934846,0.6,1263.0,0.7388620649264546,497.0,0.0,0.7176136363636364,0.4612636990959282,0.5682228514151557,0.4409090909090909,1760.0,0.0,0.0
0.0,0.0,1312.0,0.4537882781154196,0.4016268895019174,0.7454545454545455,0.2,1.0,448.0,0.2545454545454545,0.6223277909738717,0.4465909090909091,786.0,786.0,0.5913835973687872,0.5977948331089052,0.2561708207477294,1.0,global,-0.3533338913934846,0.6,1263.0,0.5913836033887384,497.0,0.0,0.7176136363636364,0.41488659619023516,0.5682228514151557,0.2545454545454545,1760.0,0.0,0.0
1760.0,1.0,0.0,nan,nan,0.0,0.2,0.0,0.0,0.0,1.0,0.7176136363636364,1263.0,1263.0,1.0,1.0,1.0,1.0,global,-0.15639135409769617,0.65,1263.0,1.0,497.0,0.0,0.7176136363636364,0.5682228514151557,0.5682228514151557,1.0,1760.0,0.0,0.0
1760.0,1.0,0.0,nan,nan,0.0,0.2,0.025,0.0,0.0,1.0,0.7176136363636364,1263.0,1263.0,1.0,1.0,1.0,1.0,global,-0.15639135409769617,0.65,1263.0,1.0,497.0,0.0,0.7176136363636364,0.5682228514151557,0.5682228514151557,1.0,1760.0,0.0,0.0
1760.0,1.0,0.0,nan,nan,0.0,0.2,0.05,0.0,0.0,1.0,0.7176136363636364,1263.0,1263.0,1.0,1.0,1.0,1.0,global,-0.15639135409769617,0.65,1263.0,1.0,497.0,0.0,0.7176136363636364,0.5682228514151557,0.5682228514151557,1.0,1760.0,0.0,0.0
1760.0,1.0,0.0,nan,nan,0.0,0.2,0.075,0.0,0.0,1.0,0.7176136363636364,1263.0,1263.0,1.0,1.0,1.0,1.0,global,-0.15639135409769617,0.65,1263.0,1.0,497.0,0.0,0.7176136363636364,0.5682228514151557,0.5682228514151557,1.0,1760.0,0.0,0.0
1665.0,0.9460227272727273,42.0,0.6525122022433673,0.7025915417204327,0.023863636363636365,0.2,0.1,53.0,0.030113636363636363,0.9968329374505146,0.7153409090909091,1259.0,1259.0,0.9942039366537814,1.0,1.0,1.0,global,-0.15639135409769617,0.65,1263.0,0.9942039366537814,497.0,0.0,0.7176136363636364,0.5662949804101091,0.5682228514151557,0.9761363636363637,1760.0,0.0,0.0
1552.0,0.8818181818181818,97.0,0.6522918535025779,0.7068507467955911,0.055113636363636365,0.2,0.15,111.0,0.06306818181818181,0.9912905779889153,0.7113636363636363,1252.0,1252.0,0.987502502721738,1.0,1.0,1.0,global,-0.15639135409769617,0.65,1263.0,0.987502502721738,497.0,0.0,0.7176136363636364,0.5641942473092342,0.5682228514151557,0.9448863636363637,1760.0,0.0,0.0
1331.0,0.75625,193.0,0.6158677705503416,0.6178856039630576,0.10965909090909091,0.2,0.2,236.0,0.1340909090909091,0.9762470308788599,0.7005681818181818,1233.0,1233.0,0.9738304077260574,1.0,1.0,1.0,global,-0.15639135409769617,0.65,1263.0,0.9738304078598254,497.0,0.0,0.7176136363636364,0.5589044479510539,0.5682228514151557,0.8903409090909091,1760.0,0.0,0.0
1052.0,0.5977272727272728,348.0,0.5576982381329123,0.5719676178037661,0.19772727272727272,0.2,0.3,360.0,0.20454545454545456,0.9477434679334917,0.6801136363636363,1197.0,1197.0,0.9449432226247317,1.0,1.0,1.0,global,-0.15639135409769617,0.65,1263.0,0.9449432238530837,497.0,0.0,0.7176136363636364,0.548946560244767,0.5682228514151557,0.8022727272727272,1760.0,0.0,0.0
150.0,0.08522727272727272,1139.0,0.4785248717504799,0.4329418225046875,0.647159090909091,0.2,0.5,471.0,0.2676136363636364,0.7410926365795725,0.5318181818181819,936.0,936.0,0.6740780448440498,0.7809010539496424,0.3611107514654503,1.0,global,-0.15639135409769617,0.65,1263.0,0.6740780487591368,497.0,0.0,0.7176136363636364,0.4557915278816252,0.5682228514151557,0.3528409090909091,1760.0,0.0,0.0
0.0,0.0,1288.0,0.47481913995017877,0.43253185321711807,0.7318181818181818,0.2,1.0,472.0,0.2681818181818182,0.6793349168646081,0.4875,858.0,858.0,0.6039720087969297,0.5958683505021243,0.3211246392216022,1.0,global,-0.15639135409769617,0.65,1263.0,0.6039720133769622,497.0,0.0,0.7176136363636364,0.4377181085983356,0.5682228514151557,0.2681818181818182,1760.0,0.0,0.0
1760.0,1.0,0.0,nan,nan,0.0,0.2,0.0,0.0,0.0,1.0,0.7176136363636364,1263.0,1263.0,1.0,1.0,1.0,1.0,global,-0.10176519988675566,0.68,1263.0,1.0,497.0,0.0,0.7176136363636364,0.5682228514151557,0.5682228514151557,1.0,1760.0,0.0,0.0
1760.0,1.0,0.0,nan,nan,0.0,0.2,0.025,0.0,0.0,1.0,0.7176136363636364,1263.0,1263.0,1.0,1.0,1.0,1.0,global,-0.10176519988675566,0.68,1263.0,1.0,497.0,0.0,0.7176136363636364,0.5682228514151557,0.5682228514151557,1.0,1760.0,0.0,0.0
1760.0,1.0,0.0,nan,nan,0.0,0.2,0.05,0.0,0.0,1.0,0.7176136363636364,1263.0,1263.0,1.0,1.0,1.0,1.0,global,-0.10176519988675566,0.68,1263.0,1.0,497.0,0.0,0.7176136363636364,0.5682228514151557,0.5682228514151557,1.0,1760.0,0.0,0.0
1760.0,1.0,0.0,nan,nan,0.0,0.2,0.075,0.0,0.0,1.0,0.7176136363636364,1263.0,1263.0,1.0,1.0,1.0,1.0,global,-0.10176519988675566,0.68,1263.0,1.0,497.0,0.0,0.7176136363636364,0.5682228514151557,0.5682228514151557,1.0,1760.0,0.0,0.0
1665.0,0.9460227272727273,42.0,0.6707852122893999,0.7465035127507901,0.023863636363636365,0.2,0.1,53.0,0.030113636363636363,0.9968329374505146,0.7153409090909091,1259.0,1259.0,0.9945087287196801,1.0,1.0,1.0,global,-0.10176519988675566,0.68,1263.0,0.9945087287196801,497.0,0.0,0.7176136363636364,0.5664029349555636,0.5682228514151557,0.9761363636363637,1760.0,0.0,0.0
1552.0,0.8818181818181818,97.0,0.6509822713812613,0.7355935688843076,0.055113636363636365,0.2,0.15,111.0,0.06306818181818181,0.9920823436262867,0.7119318181818182,1253.0,1253.0,0.9871868990291605,1.0,1.0,1.0,global,-0.10176519988675566,0.68,1263.0,0.9871868990747996,497.0,0.0,0.7176136363636364,0.5644380775217931,0.5682228514151557,0.9448863636363637,1760.0,0.0,0.0
1224.0,0.6954545454545454,247.0,0.6023160722267018,0.6315288756349152,0.1403409090909091,0.2,0.2,289.0,0.16420454545454546,0.9691211401425178,0.6954545454545454,1224.0,1224.0,0.9652351468368112,1.0,1.0,1.0,global,-0.10176519988675566,0.68,1263.0,0.9652351469576622,497.0,0.0,0.7176136363636364,0.5567160063135855,0.5682228514151557,0.8596590909090909,1760.0,0.0,0.0
1052.0,0.5977272727272728,346.0,0.5600619034238692,0.578661443202949,0.1965909090909091,0.2,0.3,362.0,0.2056818181818182,0.950910530482977,0.6823863636363636,1201.0,1201.0,0.9443209070111808,1.0,1.0,1.0,global,-0.10176519988675566,0.68,1263.0,0.9443209083968389,497.0,0.0,0.7176136363636364,0.549985078058746,0.5682228514151557,0.803409090909091,1760.0,0.0,0.0
67.0,0.03806818181818182,1215.0,0.4858555302602572,0.45464836843759443,0.6903409090909091,0.2,0.5,478.0,0.2715909090909091,0.7244655581947743,0.5198863636363636,915.0,915.0,0.6426274505415558,0.6647214259903321,0.3566022317342753,1.0,global,-0.10176519988675566,0.68,1263.0,0.6426274531727992,497.0,0.0,0.7176136363636364,0.45356574812575834,0.5682228514151557,0.3096590909090909,1760.0,0.0,0.0
0.0,0.0,1282.0,0.4834593792006462,0.44858181022264076,0.7284090909090909,0.2,1.0,478.0,0.2715909090909091,0.6975455265241488,0.5005681818181819,881.0,881.0,0.609516397897424,0.5925737425500105,0.3410427774314643,1.0,global,-0.10176519988675566,0.68,1263.0,0.6095164006302134,497.0,0.0,0.7176136363636364,0.44419943897737,0.5682228514151557,0.2715909090909091,1760.0,0.0,0.0
1760.0,1.0,0.0,nan,nan,0.0,0.2,0.0,0.0,0.0,1.0,0.7176136363636364,1263.0,1263.0,1.0,1.0,1.0,1.0,global,-0.04392973138780766,0.7,1263.0,1.0,497.0,0.0,0.7176136363636364,0.5682228514151557,0.5682228514151557,1.0,1760.0,0.0,0.0
1760.0,1.0,0.0,nan,nan,0.0,0.2,0.025,0.0,0.0,1.0,0.7176136363636364,1263.0,1263.0,1.0,1.0,1.0,1.0,global,-0.04392973138780766,0.7,1263.0,1.0,497.0,0.0,0.7176136363636364,0.5682228514151557,0.5682228514151557,1.0,1760.0,0.0,0.0
1760.0,1.0,0.0,nan,nan,0.0,0.2,0.05,0.0,0.0,1.0,0.7176136363636364,1263.0,1263.0,1.0,1.0,1.0,1.0,global,-0.04392973138780766,0.7,1263.0,1.0,497.0,0.0,0.7176136363636364,0.5682228514151557,0.5682228514151557,1.0,1760.0,0.0,0.0
1665.0,0.9460227272727273,42.0,0.6544049954151301,0.7355935688843076,0.023863636363636365,0.2,0.075,53.0,0.030113636363636363,0.997624703087886,0.7159090909090909,1260.0,1260.0,0.9939658015072483,1.0,1.0,1.0,global,-0.04392973138780766,0.7,1263.0,0.9939658016803891,497.0,0.0,0.7176136363636364,0.5664995258646545,0.5682228514151557,0.9761363636363637,1760.0,0.0,0.0
1552.0,0.8818181818181818,95.0,0.6325061742523104,0.7068507467955911,0.05397727272727273,0.2,0.1,113.0,0.06420454545454546,0.9936658749010293,0.7130681818181818,1255.0,1255.0,0.9862372830198076,1.0,1.0,1.0,global,-0.04392973138780766,0.7,1263.0,0.9862372832392047,497.0,0.0,0.7176136363636364,0.564647766101168,0.5682228514151557,0.9460227272727273,1760.0,0.0,0.0
1224.0,0.6954545454545454,244.0,0.5797814085236698,0.5984999838862308,0.13863636363636364,0.2,0.15,292.0,0.16590909090909092,0.9746634996041171,0.6994318181818182,1231.0,1231.0,0.9614259132113524,1.0,1.0,1.0,global,-0.04392973138780766,0.7,1263.0,0.9614259136611031,497.0,0.0,0.7176136363636364,0.5573380452687072,0.5682228514151557,0.8613636363636363,1760.0,0.0,0.0
1052.0,0.5977272727272728,342.0,0.5436162524228695,0.5697181430768256,0.1943181818181818,0.2,0.2,366.0,0.20795454545454545,0.9580364212193191,0.6875,1210.0,1210.0,0.9400289125084599,1.0,1.0,1.0,global,-0.04392973138780766,0.7,1263.0,0.9400289141735008,497.0,0.0,0.7176136363636364,0.550970753377504,0.5682228514151557,0.8056818181818182,1760.0,0.0,0.0
451.0,0.25625,833.0,0.49076387642186786,0.4649176461043182,0.4732954545454545,0.2,0.3,476.0,0.27045454545454545,0.8693586698337292,0.6238636363636364,1098.0,1098.0,0.7829485374912879,1.0,0.5407777594405087,1.0,global,-0.04392973138780766,0.7,1263.0,0.7829485395729381,497.0,0.0,0.7176136363636364,0.5001051509202117,0.5682228514151557,0.5267045454545455,1760.0,0.0,0.0
0.0,0.0,1276.0,0.48212686746846006,0.4573200608133827,0.725,0.2,0.5,484.0,0.275,0.7268408551068883,0.5215909090909091,918.0,918.0,0.6051076331458846,0.5862172380603778,0.33738792966510056,1.0,global,-0.04392973138780766,0.7,1263.0,0.605107636707693,497.0,0.0,0.7176136363636364,0.45084986538652355,0.5682228514151557,0.275,1760.0,0.0,0.0
0.0,0.0,1276.0,0.48212686746846006,0.4573200608133827,0.725,0.2,1.0,484.0,0.275,0.7268408551068883,0.5215909090909091,918.0,918.0,0.6051076331458846,0.5862172380603778,0.33738792966510056,1.0,global,-0.04392973138780766,0.7,1263.0,0.605107636707693,497.0,0.0,0.7176136363636364,0.45084986538652355,0.5682228514151557,0.275,1760.0,0.0,0.0
1760.0,1.0,0.0,nan,nan,0.0,0.2,0.0,0.0,0.0,1.0,0.7176136363636364,1263.0,1263.0,1.0,1.0,1.0,1.0,global,0.19601159390054737,0.8,1263.0,1.0,497.0,0.0,0.7176136363636364,0.5682228514151557,0.5682228514151557,1.0,1760.0,0.0,0.0
1760.0,1.0,0.0,nan,nan,0.0,0.2,0.025,0.0,0.0,1.0,0.7176136363636364,1263.0,1263.0,1.0,1.0,1.0,1.0,global,0.19601159390054737,0.8,1263.0,1.0,497.0,0.0,0.7176136363636364,0.5682228514151557,0.5682228514151557,1.0,1760.0,0.0,0.0
1665.0,0.9460227272727273,41.0,0.7127202401869556,0.7764467426331881,0.023295454545454546,0.2,0.05,54.0,0.03068181818181818,0.9984164687252574,0.7164772727272727,1261.0,1261.0,0.9947601629851704,1.0,1.0,1.0,global,0.19601159390054737,0.8,1263.0,0.9947601629851707,497.0,0.0,0.7176136363636364,0.5669414667018341,0.5682228514151557,0.9767045454545454,1760.0,0.0,0.0
1665.0,0.9460227272727273,41.0,0.7127202401869556,0.7764467426331881,0.023295454545454546,0.2,0.075,54.0,0.03068181818181818,0.9984164687252574,0.7164772727272727,1261.0,1261.0,0.9947601629851704,1.0,1.0,1.0,global,0.19601159390054737,0.8,1263.0,0.9947601629851707,497.0,0.0,0.7176136363636364,0.5669414667018341,0.5682228514151557,0.9767045454545454,1760.0,0.0,0.0
1292.0,0.7340909090909091,210.0,0.6032305514497969,0.6430782528312747,0.11931818181818182,0.2,0.1,258.0,0.14659090909090908,0.9857482185273159,0.7073863636363636,1245.0,1245.0,0.9643066841464877,1.0,1.0,1.0,global,0.19601159390054737,0.8,1263.0,0.964306684283156,497.0,0.0,0.7176136363636364,0.5598338154919275,0.5682228514151557,0.8806818181818182,1760.0,0.0,0.0
1052.0,0.5977272727272728,327.0,0.5841019806865371,0.6258737962035135,0.18579545454545454,0.2,0.15,381.0,0.21647727272727274,0.9722882026920031,0.6977272727272728,1228.0,1228.0,0.9424245413002537,1.0,1.0,1.0,global,0.19601159390054737,0.8,1263.0,0.9424245426090578,497.0,0.0,0.7176136363636364,0.5552193384425496,0.5682228514151557,0.8142045454545455,1760.0,0.0,0.0
451.0,0.25625,808.0,0.5451825184470979,0.5514188643037793,0.4590909090909091,0.2,0.2,501.0,0.2846590909090909,0.9160728424386382,0.6573863636363636,1157.0,1157.0,0.7983393534687651,1.0,0.5850973516324649,1.0,global,0.19601159390054737,0.8,1263.0,0.7983393574699063,497.0,0.0,0.7176136363636364,0.5164419155059871,0.5682228514151557,0.5409090909090909,1760.0,0.0,0.0
150.0,0.08522727272727272,1100.0,0.5308985165129908,0.5430235657318849,0.625,0.2,0.3,510.0,0.2897727272727273,0.8630245447347585,0.6193181818181818,1090.0,1090.0,0.690995536565438,0.7321172158980243,0.4706632458235652,1.0,global,0.19601159390054737,0.8,1263.0,0.6909955418474254,497.0,0.0,0.7176136363636364,0.49128930297918433,0.5682228514151557,0.375,1760.0,0.0,0.0
0.0,0.0,1249.0,0.5280533074348374,0.540675048811611,0.709659090909091,0.2,0.5,511.0,0.2903409090909091,0.8186856690419636,0.5875,1034.0,1034.0,0.633944634973636,0.6312568243445095,0.41092934356935984,0.9761080864066423,global,0.19601159390054737,0.8,1263.0,0.6339446413619447,497.0,0.0,0.7176136363636364,0.47891003166711904,0.5682228514151557,0.2903409090909091,1760.0,0.0,0.0
0.0,0.0,1249.0,0.5280533074348374,0.540675048811611,0.709659090909091,0.2,1.0,511.0,0.2903409090909091,0.8186856690419636,0.5875,1034.0,1034.0,0.633944634973636,0.6312568243445095,0.41092934356935984,0.9761080864066423,global,0.19601159390054737,0.8,1263.0,0.6339446413619447,497.0,0.0,0.7176136363636364,0.47891003166711904,0.5682228514151557,0.2903409090909091,1760.0,0.0,0.0
1760.0,1.0,0.0,nan,nan,0.0,0.2,0.0,0.0,0.0,1.0,0.7176136363636364,1263.0,1263.0,1.0,1.0,1.0,1.0,global,0.3297435500033757,0.85,1263.0,1.0,497.0,0.0,0.7176136363636364,0.5682228514151557,0.5682228514151557,1.0,1760.0,0.0,0.0
1760.0,1.0,0.0,nan,nan,0.0,0.2,0.025,0.0,0.0,1.0,0.7176136363636364,1263.0,1263.0,1.0,1.0,1.0,1.0,global,0.3297435500033757,0.85,1263.0,1.0,497.0,0.0,0.7176136363636364,0.5682228514151557,0.5682228514151557,1.0,1760.0,0.0,0.0
1450.0,0.8238636363636364,129.0,0.6708154021683681,0.7135520690680508,0.07329545454545454,0.2,0.05,181.0,0.1028409090909091,0.995249406175772,0.7142045454545455,1257.0,1257.0,0.9808826764982425,1.0,1.0,1.0,global,0.3297435500033757,0.85,1263.0,0.9808826765734123,497.0,0.0,0.7176136363636364,0.5646986609338066,0.5682228514151557,0.9267045454545455,1760.0,0.0,0.0
1331.0,0.75625,173.0,0.6496549100746671,0.6965150760392526,0.09829545454545455,0.2,0.075,256.0,0.14545454545454545,0.9920823436262867,0.7119318181818182,1253.0,1253.0,0.9739967331499952,1.0,1.0,1.0,global,0.3297435500033757,0.85,1263.0,0.9739967332254051,497.0,0.0,0.7176136363636364,0.5631049903593491,0.5682228514151557,0.9017045454545455,1760.0,0.0,0.0
1149.0,0.6528409090909091,287.0,0.6040991915304342,0.6491629068512548,0.1630681818181818,0.2,0.1,324.0,0.18409090909090908,0.9833729216152018,0.7056818181818182,1242.0,1242.0,0.9458106783898341,1.0,1.0,1.0,global,0.3297435500033757,0.85,1263.0,0.9458106784997445,497.0,0.0,0.7176136363636364,0.5563963449213138,0.5682228514151557,0.8369318181818182,1760.0,0.0,0.0
415.0,0.23579545454545456,829.0,0.5774657852844012,0.6141947405204106,0.47102272727272726,0.2,0.15,516.0,0.29318181818181815,0.9414093428345209,0.6755681818181818,1189.0,1189.0,0.7970840735049565,1.0,0.6192214103984556,1.0,global,0.3297435500033757,0.85,1263.0,0.7970840759795648,497.0,0.0,0.7176136363636364,0.5220031837802452,0.5682228514151557,0.5289772727272727,1760.0,0.0,0.0
209.0,0.11875,1028.0,0.5706542732877073,0.6097685489209901,0.5840909090909091,0.2,0.2,523.0,0.29715909090909093,0.9160728424386382,0.6573863636363636,1157.0,1157.0,0.7309631358112253,0.7965104800222215,0.544750527906185,1.0,global,0.3297435500033757,0.85,1263.0,0.7309631398754454,497.0,0.0,0.7176136363636364,0.5088365061129124,0.5682228514151557,0.4159090909090909,1760.0,0.0,0.0
67.0,0.03806818181818182,1166.0,0.5643564747156719,0.6004979207433847,0.6625,0.2,0.3,527.0,0.2994318181818182,0.8907363420427553,0.6392045454545454,1125.0,1125.0,0.6824642749038675,0.7026786141025265,0.49100828470611046,1.0,global,0.3297435500033757,0.85,1263.0,0.6824642795040446,497.0,0.0,0.7176136363636364,0.499868511930576,0.5682228514151557,0.3375,1760.0,0.0,0.0
0.0,0.0,1233.0,0.5641573435483824,0.6000144411543599,0.7005681818181818,0.2,0.5,527.0,0.2994318181818182,0.8709422011084719,0.625,1100.0,1100.0,0.6596465073709641,0.6710570211273411,0.45889632078602755,0.9572624449875833,global,0.3297435500033757,0.85,1263.0,0.6596465120756907,497.0,0.0,0.7176136363636364,0.49425788460036957,0.5682228514151557,0.2994318181818182,1760.0,0.0,0.0
0.0,0.0,1233.0,0.5641573435483824,0.6000144411543599,0.7005681818181818,0.2,1.0,527.0,0.2994318181818182,0.8709422011084719,0.625,1100.0,1100.0,0.6596465073709641,0.6710570211273411,0.45889632078602755,0.9572624449875833,global,0.3297435500033757,0.85,1263.0,0.6596465120756907,497.0,0.0,0.7176136363636364,0.49425788460036957,0.5682228514151557,0.2994318181818182,1760.0,0.0,0.0
1760.0,1.0,0.0,nan,nan,0.0,0.2,0.0,0.0,0.0,1.0,0.7176136363636364,1263.0,1263.0,1.0,1.0,1.0,1.0,global,0.42343159252335955,0.88,1263.0,1.0,497.0,0.0,0.7176136363636364,0.5682228514151557,0.5682228514151557,1.0,1760.0,0.0,0.0
1647.0,0.9357954545454545,45.0,0.6984226530875909,0.7881487751483626,0.02556818181818182,0.2,0.025,68.0,0.038636363636363635,0.9992082343626286,0.7170454545454545,1262.0,1262.0,0.9935478697570246,1.0,1.0,1.0,global,0.42343159252335955,0.88,1263.0,0.9935478697570246,497.0,0.0,0.7176136363636364,0.5672620611728738,0.5682228514151557,0.9744318181818182,1760.0,0.0,0.0
1450.0,0.8238636363636364,123.0,0.7039439548083948,0.75890089922405,0.06988636363636364,0.2,0.05,187.0,0.10625,0.9960411718131433,0.7147727272727272,1258.0,1258.0,0.9828202771868146,1.0,1.0,1.0,global,0.42343159252335955,0.88,1263.0,0.9828202771868146,497.0,0.0,0.7176136363636364,0.5652366995293547,0.5682228514151557,0.9301136363636363,1760.0,0.0,0.0
1101.0,0.6255681818181819,319.0,0.6297866465198191,0.6722800292111581,0.18125,0.2,0.075,340.0,0.19318181818181818,0.9841646872525732,0.70625,1243.0,1243.0,0.938645252761933,1.0,1.0,1.0,global,0.42343159252335955,0.88,1263.0,0.9386452557084535,497.0,0.0,0.7176136363636364,0.5553106547364262,0.5682228514151557,0.81875,1760.0,0.0,0.0
415.0,0.23579545454545456,815.0,0.6190529226687986,0.655892899459545,0.4630681818181818,0.2,0.1,530.0,0.30113636363636365,0.9564528899445764,0.6863636363636364,1208.0,1208.0,0.8152028250694668,1.0,0.6666269640351199,1.0,global,0.42343159252335955,0.88,1263.0,0.8152028284594239,497.0,0.0,0.7176136363636364,0.5288295269507091,0.5682228514151557,0.5369318181818182,1760.0,0.0,0.0
286.0,0.1625,941.0,0.613398912408959,0.6537294026860229,0.5346590909090909,0.2,0.15,533.0,0.3028409090909091,0.9453681710213777,0.678409090909091,1194.0,1194.0,0.7762635246855869,0.8871377849278022,0.6182698298431653,1.0,global,0.42343159252335955,0.88,1263.0,0.7762635285003724,497.0,0.0,0.7176136363636364,0.5215587534941029,0.5682228514151557,0.4653409090909091,1760.0,0.0,0.0
150.0,0.08522727272727272,1071.0,0.6091413540971408,0.6496605124187704,0.6085227272727273,0.2,0.2,539.0,0.30625,0.9295328582739509,0.6670454545454545,1174.0,1174.0,0.7369860900653673,0.7783252870661095,0.5668456423057598,1.0,global,0.42343159252335955,0.88,1263.0,0.7369860948403882,497.0,0.0,0.7176136363636364,0.5138963421700772,0.5682228514151557,0.39147727272727273,1760.0,0.0,0.0
0.0,0.0,1218.0,0.6015882810471501,0.6420566279847242,0.6920454545454545,0.2,0.3,542.0,0.3079545454545455,0.9002375296912114,0.6460227272727272,1137.0,1137.0,0.6877881780237562,0.711547926289068,0.5094085673926634,0.9567295067420059,global,0.42343159252335955,0.88,1263.0,0.6877881843950876,497.0,0.0,0.7176136363636364,0.5051250254034664,0.5682228514151557,0.3079545454545455,1760.0,0.0,0.0
0.0,0.0,1218.0,0.6015882810471501,0.6420566279847242,0.6920454545454545,0.2,0.5,542.0,0.3079545454545455,0.9002375296912114,0.6460227272727272,1137.0,1137.0,0.6877881780237562,0.711547926289068,0.5094085673926634,0.9567295067420059,global,0.42343159252335955,0.88,1263.0,0.6877881843950876,497.0,0.0,0.7176136363636364,0.5051250254034664,0.5682228514151557,0.3079545454545455,1760.0,0.0,0.0
0.0,0.0,1218.0,0.6015882810471501,0.6420566279847242,0.6920454545454545,0.2,1.0,542.0,0.3079545454545455,0.9002375296912114,0.6460227272727272,1137.0,1137.0,0.6877881780237562,0.711547926289068,0.5094085673926634,0.9567295067420059,global,0.42343159252335955,0.88,1263.0,0.6877881843950876,497.0,0.0,0.7176136363636364,0.5051250254034664,0.5682228514151557,0.3079545454545455,1760.0,0.0,0.0
1760.0,1.0,0.0,nan,nan,0.0,0.2,0.0,0.0,0.0,1.0,0.7176136363636364,1263.0,1263.0,1.0,1.0,1.0,1.0,global,0.4837952275976867,0.9,1263.0,1.0,497.0,0.0,0.7176136363636364,0.5682228514151557,0.5682228514151557,1.0,1760.0,0.0,0.0
1599.0,0.9085227272727273,86.0,0.6378657206198758,0.6605991226066066,0.048863636363636366,0.2,0.025,75.0,0.04261363636363636,0.9984164687252574,0.7164772727272727,1261.0,1261.0,0.9819076450428644,1.0,1.0,1.0,global,0.4837952275976867,0.9,1263.0,0.9819076471714154,497.0,0.0,0.7176136363636364,0.5648326145114958,0.5682228514151557,0.9511363636363637,1760.0,0.0,0.0
1363.0,0.7744318181818182,194.0,0.6734373328633616,0.7142476842574006,0.11022727272727273,0.2,0.05,203.0,0.11534090909090909,0.9944576405384006,0.7136363636363636,1256.0,1256.0,0.9656797196958311,1.0,1.0,1.0,global,0.4837952275976867,0.9,1263.0,0.9656797218328556,497.0,0.0,0.7176136363636364,0.5616784386488667,0.5682228514151557,0.8897727272727273,1760.0,0.0,0.0
968.0,0.55,381.0,0.6542530450377749,0.7108806174130753,0.21647727272727274,0.2,0.075,411.0,0.23352272727272727,0.9833729216152018,0.7056818181818182,1242.0,1242.0,0.9309619606838714,1.0,1.0,1.0,global,0.4837952275976867,0.9,1263.0,0.9309619636327643,497.0,0.0,0.7176136363636364,0.5550912118064012,0.5682228514151557,0.7835227272727273,1760.0,0.0,0.0
286.0,0.1625,934.0,0.6424907748253487,0.6914220274438351,0.5306818181818181,0.2,0.1,540.0,0.3068181818181818,0.9564528899445764,0.6863636363636364,1208.0,1208.0,0.7919462042236921,0.8927887202267702,0.6518239455007528,1.0,global,0.4837952275976867,0.9,1263.0,0.7919462079702554,497.0,0.0,0.7176136363636364,0.5266692047418117,0.5682228514151557,0.4693181818181818,1760.0,0.0,0.0
150.0,0.08522727272727272,1064.0,0.6357818694707003,0.6847532680381931,0.6045454545454545,0.2,0.15,546.0,0.31022727272727274,0.9445764053840063,0.6778409090909091,1193.0,1193.0,0.7536261262890654,0.7978602678978277,0.6039666724284473,1.0,global,0.4837952275976867,0.9,1263.0,0.7536261315468784,497.0,0.0,0.7176136363636364,0.5198249752359678,0.5682228514151557,0.39545454545454545,1760.0,0.0,0.0
150.0,0.08522727272727272,1064.0,0.6357818694707003,0.6847532680381931,0.6045454545454545,0.2,0.2,546.0,0.31022727272727274,0.9445764053840063,0.6778409090909091,1193.0,1193.0,0.7536261262890654,0.7978602678978277,0.6039666724284473,1.0,global,0.4837952275976867,0.9,1263.0,0.7536261315468784,497.0,0.0,0.7176136363636364,0.5198249752359678,0.5682228514151557,0.39545454545454545,1760.0,0.0,0.0
0.0,0.0,1211.0,0.6271385450527904,0.6751566432062276,0.6880681818181819,0.2,0.3,549.0,0.3119318181818182,0.9200316706254948,0.6602272727272728,1162.0,1162.0,0.706716549206756,0.7360515183839937,0.5440634697104979,0.9581292660124436,global,0.4837952275976867,0.9,1263.0,0.7067165551445305,497.0,0.0,0.7176136363636364,0.5120082039239026,0.5682228514151557,0.3119318181818182,1760.0,0.0,0.0
0.0,0.0,1211.0,0.6271385450527904,0.6751566432062276,0.6880681818181819,0.2,0.5,549.0,0.3119318181818182,0.9200316706254948,0.6602272727272728,1162.0,1162.0,0.706716549206756,0.7360515183839937,0.5440634697104979,0.9581292660124436,global,0.4837952275976867,0.9,1263.0,0.7067165551445305,497.0,0.0,0.7176136363636364,0.5120082039239026,0.5682228514151557,0.3119318181818182,1760.0,0.0,0.0
0.0,0.0,1211.0,0.6271385450527904,0.6751566432062276,0.6880681818181819,0.2,1.0,549.0,0.3119318181818182,0.9200316706254948,0.6602272727272728,1162.0,1162.0,0.706716549206756,0.7360515183839937,0.5440634697104979,0.9581292660124436,global,0.4837952275976867,0.9,1263.0,0.7067165551445305,497.0,0.0,0.7176136363636364,0.5120082039239026,0.5682228514151557,0.3119318181818182,1760.0,0.0,0.0
1760.0,1.0,0.0,nan,nan,0.0,0.2,0.0,0.0,0.0,1.0,0.7176136363636364,1263.0,1263.0,1.0,1.0,1.0,1.0,global,0.5664692065572857,0.92,1263.0,1.0,497.0,0.0,0.7176136363636364,0.5682228514151557,0.5682228514151557,1.0,1760.0,0.0,0.0
1402.0,0.7965909090909091,162.0,0.7334973098471219,0.7741427415183927,0.09204545454545454,0.2,0.025,196.0,0.11136363636363636,0.9968329374505146,0.7153409090909091,1259.0,1259.0,0.9767154122980012,1.0,1.0,1.0,global,0.5664692065572857,0.92,1263.0,0.9767154122980012,497.0,0.0,0.7176136363636364,0.5639316280372054,0.5682228514151557,0.9079545454545455,1760.0,0.0,0.0
1208.0,0.6863636363636364,266.0,0.7010722592900044,0.7546274954690717,0.15113636363636362,0.2,0.05,286.0,0.1625,0.9936658749010293,0.7130681818181818,1255.0,1255.0,0.9559349545566938,1.0,1.0,1.0,global,0.5664692065572857,0.92,1263.0,0.9559349548882439,497.0,0.0,0.7176136363636364,0.5596582745275239,0.5682228514151557,0.8488636363636364,1760.0,0.0,0.0
344.0,0.19545454545454546,868.0,0.6885473931629007,0.739081552928692,0.49318181818181817,0.2,0.075,548.0,0.31136363636363634,0.9730799683293745,0.6982954545454545,1229.0,1229.0,0.8312225905992611,0.9488775350032461,0.7247599953943878,1.0,global,0.5664692065572857,0.92,1263.0,0.831222592448657,497.0,0.0,0.7176136363636364,0.5364495782250358,0.5682228514151557,0.5068181818181818,1760.0,0.0,0.0
209.0,0.11875,998.0,0.6866077519739076,0.7356377763918538,0.5670454545454545,0.2,0.1,553.0,0.31420454545454546,0.9643705463182898,0.6920454545454545,1218.0,1218.0,0.8003346597140824,0.8531340135575374,0.6831132956439953,1.0,global,0.5664692065572857,0.92,1263.0,0.8003346622270602,497.0,0.0,0.7176136363636364,0.5307717571893551,0.5682228514151557,0.4329545454545455,1760.0,0.0,0.0
150.0,0.08522727272727272,1054.0,0.6835866273467255,0.7328022434481181,0.5988636363636364,0.2,0.15,556.0,0.3159090909090909,0.9596199524940617,0.6886363636363636,1212.0,1212.0,0.7856638787554963,0.8298713651283638,0.6631608826164127,1.0,global,0.5664692065572857,0.92,1263.0,0.7856638815761606,497.0,0.0,0.7176136363636364,0.5280439978979685,0.5682228514151557,0.4011363636363636,1760.0,0.0,0.0
0.0,0.0,1201.0,0.674509894140522,0.7263501441831501,0.6823863636363636,0.2,0.2,559.0,0.3176136363636364,0.9390340459224069,0.6738636363636363,1186.0,1186.0,0.743944124142586,0.7796922947656973,0.613108113082571,0.9713043641144614,global,0.5664692065572857,0.92,1263.0,0.7439441279022716,497.0,0.0,0.7176136363636364,0.5215681356768124,0.5682228514151557,0.3176136363636364,1760.0,0.0,0.0
0.0,0.0,1201.0,0.674509894140522,0.7263501441831501,0.6823863636363636,0.2,0.3,559.0,0.3176136363636364,0.9390340459224069,0.6738636363636363,1186.0,1186.0,0.743944124142586,0.7796922947656973,0.613108113082571,0.9713043641144614,global,0.5664692065572857,0.92,1263.0,0.7439441279022716,497.0,0.0,0.7176136363636364,0.5215681356768124,0.5682228514151557,0.3176136363636364,1760.0,0.0,0.0
0.0,0.0,1201.0,0.674509894140522,0.7263501441831501,0.6823863636363636,0.2,0.5,559.0,0.3176136363636364,0.9390340459224069,0.6738636363636363,1186.0,1186.0,0.743944124142586,0.7796922947656973,0.613108113082571,0.9713043641144614,global,0.5664692065572857,0.92,1263.0,0.7439441279022716,497.0,0.0,0.7176136363636364,0.5215681356768124,0.5682228514151557,0.3176136363636364,1760.0,0.0,0.0
0.0,0.0,1201.0,0.674509894140522,0.7263501441831501,0.6823863636363636,0.2,1.0,559.0,0.3176136363636364,0.9390340459224069,0.6738636363636363,1186.0,1186.0,0.743944124142586,0.7796922947656973,0.613108113082571,0.9713043641144614,global,0.5664692065572857,0.92,1263.0,0.7439441279022716,497.0,0.0,0.7176136363636364,0.5215681356768124,0.5682228514151557,0.3176136363636364,1760.0,0.0,0.0
1504.0,0.8545454545454545,121.0,0.815686789100306,0.8587848225716349,0.06875,0.2,0.0,135.0,0.07670454545454546,1.0,0.7176136363636364,1263.0,1263.0,0.987303840579356,1.0,1.0,1.0,global,0.7231870488814302,0.95,1263.0,0.9873038428222246,497.0,0.0,0.7176136363636364,0.5661517622630066,0.5682228514151557,0.93125,1760.0,0.0,0.0
1105.0,0.6278409090909091,311.0,0.791643617319716,0.845702848193324,0.17670454545454545,0.2,0.025,344.0,0.19545454545454546,0.9968329374505146,0.7153409090909091,1259.0,1259.0,0.9619364829098768,1.0,1.0,1.0,global,0.7231870488814302,0.95,1263.0,0.9619364863891224,497.0,0.0,0.7176136363636364,0.562836077152518,0.5682228514151557,0.8232954545454545,1760.0,0.0,0.0
400.0,0.22727272727272727,865.0,0.7876577196310718,0.8345003081165984,0.4914772727272727,0.2,0.05,495.0,0.28125,0.9873317498020586,0.7085227272727272,1247.0,1247.0,0.8796102708734306,0.9610373167179211,0.8193867492638225,1.0,global,0.7231870488814302,0.95,1263.0,0.8796102757689357,497.0,0.0,0.7176136363636364,0.5477969834916868,0.5682228514151557,0.5085227272727273,1760.0,0.0,0.0
0.0,0.0,1188.0,0.7715100482044027,0.826157613025337,0.675,0.2,0.075,572.0,0.325,0.9722882026920031,0.6977272727272728,1228.0,1228.0,0.8187709991458374,0.8576788510430733,0.7469765284040928,0.9849983250738528,global,0.7231870488814302,0.95,1263.0,0.8187710141815355,497.0,0.0,0.7176136363636364,0.5395888083321918,0.5682228514151557,0.325,1760.0,0.0,0.0
0.0,0.0,1188.0,0.7715100482044027,0.826157613025337,0.675,0.2,0.1,572.0,0.325,0.9722882026920031,0.6977272727272728,1228.0,1228.0,0.8187709991458374,0.8576788510430733,0.7469765284040928,0.9849983250738528,global,0.7231870488814302,0.95,1263.0,0.8187710141815355,497.0,0.0,0.7176136363636364,0.5395888083321918,0.5682228514151557,0.325,1760.0,0.0,0.0
0.0,0.0,1188.0,0.7715100482044027,0.826157613025337,0.675,0.2,0.15,572.0,0.325,0.9722882026920031,0.6977272727272728,1228.0,1228.0,0.8187709991458374,0.8576788510430733,0.7469765284040928,0.9849983250738528,global,0.7231870488814302,0.95,1263.0,0.8187710141815355,497.0,0.0,0.7176136363636364,0.5395888083321918,0.5682228514151557,0.325,1760.0,0.0,0.0
0.0,0.0,1188.0,0.7715100482044027,0.826157613025337,0.675,0.2,0.2,572.0,0.325,0.9722882026920031,0.6977272727272728,1228.0,1228.0,0.8187709991458374,0.8576788510430733,0.7469765284040928,0.9849983250738528,global,0.7231870488814302,0.95,1263.0,0.8187710141815355,497.0,0.0,0.7176136363636364,0.5395888083321918,0.5682228514151557,0.325,1760.0,0.0,0.0
0.0,0.0,1188.0,0.7715100482044027,0.826157613025337,0.675,0.2,0.3,572.0,0.325,0.9722882026920031,0.6977272727272728,1228.0,1228.0,0.8187709991458374,0.8576788510430733,0.7469765284040928,0.9849983250738528,global,0.7231870488814302,0.95,1263.0,0.8187710141815355,497.0,0.0,0.7176136363636364,0.5395888083321918,0.5682228514151557,0.325,1760.0,0.0,0.0
0.0,0.0,1188.0,0.7715100482044027,0.826157613025337,0.675,0.2,0.5,572.0,0.325,0.9722882026920031,0.6977272727272728,1228.0,1228.0,0.8187709991458374,0.8576788510430733,0.7469765284040928,0.9849983250738528,global,0.7231870488814302,0.95,1263.0,0.8187710141815355,497.0,0.0,0.7176136363636364,0.5395888083321918,0.5682228514151557,0.325,1760.0,0.0,0.0
0.0,0.0,1188.0,0.7715100482044027,0.826157613025337,0.675,0.2,1.0,572.0,0.325,0.9722882026920031,0.6977272727272728,1228.0,1228.0,0.8187709991458374,0.8576788510430733,0.7469765284040928,0.9849983250738528,global,0.7231870488814302,0.95,1263.0,0.8187710141815355,497.0,0.0,0.7176136363636364,0.5395888083321918,0.5682228514151557,0.325,1760.0,0.0,0.0
1140.0,0.6477272727272727,271.0,0.901396246118475,0.9336081545525163,0.15397727272727274,0.2,0.0,349.0,0.19829545454545455,1.0,0.7176136363636364,1263.0,1263.0,0.9844638582561966,1.0,1.0,1.0,global,0.8672845072219694,0.975,1263.0,0.9844638729995738,497.0,0.0,0.7176136363636364,0.5661096169529817,0.5682228514151557,0.8460227272727273,1760.0,0.0,0.0
189.0,0.10738636363636364,999.0,0.8948843637953139,0.9292990678927899,0.5676136363636364,0.2,0.025,572.0,0.325,0.9944576405384006,0.7136363636363636,1256.0,1256.0,0.9302855693005545,0.9650160488784209,0.9092510129777498,1.0,global,0.8672845072219694,0.975,1263.0,0.930285588481088,497.0,0.0,0.7176136363636364,0.5581001583944819,0.5682228514151557,0.4323863636363636,1760.0,0.0,0.0
0.0,0.0,1176.0,0.8871714311917267,0.927021859573203,0.6681818181818182,0.2,0.05,584.0,0.33181818181818185,0.9897070467141726,0.7102272727272727,1250.0,1250.0,0.9107300363588944,0.9413519173296683,0.8885158021508102,1.0,global,0.8672845072219694,0.975,1263.0,0.9107300609558034,497.0,0.0,0.7176136363636364,0.5561137111382085,0.5682228514151557,0.33181818181818185,1760.0,0.0,0.0
0.0,0.0,1176.0,0.8871714311917267,0.927021859573203,0.6681818181818182,0.2,0.075,584.0,0.33181818181818185,0.9897070467141726,0.7102272727272727,1250.0,1250.0,0.9107300363588944,0.9413519173296683,0.8885158021508102,1.0,global,0.8672845072219694,0.975,1263.0,0.9107300609558034,497.0,0.0,0.7176136363636364,0.5561137111382085,0.5682228514151557,0.33181818181818185,1760.0,0.0,0.0
0.0,0.0,1176.0,0.8871714311917267,0.927021859573203,0.6681818181818182,0.2,0.1,584.0,0.33181818181818185,0.9897070467141726,0.7102272727272727,1250.0,1250.0,0.9107300363588944,0.9413519173296683,0.8885158021508102,1.0,global,0.8672845072219694,0.975,1263.0,0.9107300609558034,497.0,0.0,0.7176136363636364,0.5561137111382085,0.5682228514151557,0.33181818181818185,1760.0,0.0,0.0
0.0,0.0,1176.0,0.8871714311917267,0.927021859573203,0.6681818181818182,0.2,0.15,584.0,0.33181818181818185,0.9897070467141726,0.7102272727272727,1250.0,1250.0,0.9107300363588944,0.9413519173296683,0.8885158021508102,1.0,global,0.8672845072219694,0.975,1263.0,0.9107300609558034,497.0,0.0,0.7176136363636364,0.5561137111382085,0.5682228514151557,0.33181818181818185,1760.0,0.0,0.0
0.0,0.0,1176.0,0.8871714311917267,0.927021859573203,0.6681818181818182,0.2,0.2,584.0,0.33181818181818185,0.9897070467141726,0.7102272727272727,1250.0,1250.0,0.9107300363588944,0.9413519173296683,0.8885158021508102,1.0,global,0.8672845072219694,0.975,1263.0,0.9107300609558034,497.0,0.0,0.7176136363636364,0.5561137111382085,0.5682228514151557,0.33181818181818185,1760.0,0.0,0.0
0.0,0.0,1176.0,0.8871714311917267,0.927021859573203,0.6681818181818182,0.2,0.3,584.0,0.33181818181818185,0.9897070467141726,0.7102272727272727,1250.0,1250.0,0.9107300363588944,0.9413519173296683,0.8885158021508102,1.0,global,0.8672845072219694,0.975,1263.0,0.9107300609558034,497.0,0.0,0.7176136363636364,0.5561137111382085,0.5682228514151557,0.33181818181818185,1760.0,0.0,0.0
0.0,0.0,1176.0,0.8871714311917267,0.927021859573203,0.6681818181818182,0.2,0.5,584.0,0.33181818181818185,0.9897070467141726,0.7102272727272727,1250.0,1250.0,0.9107300363588944,0.9413519173296683,0.8885158021508102,1.0,global,0.8672845072219694,0.975,1263.0,0.9107300609558034,497.0,0.0,0.7176136363636364,0.5561137111382085,0.5682228514151557,0.33181818181818185,1760.0,0.0,0.0
0.0,0.0,1176.0,0.8871714311917267,0.927021859573203,0.6681818181818182,0.2,1.0,584.0,0.33181818181818185,0.9897070467141726,0.7102272727272727,1250.0,1250.0,0.9107300363588944,0.9413519173296683,0.8885158021508102,1.0,global,0.8672845072219694,0.975,1263.0,0.9107300609558034,497.0,0.0,0.7176136363636364,0.5561137111382085,0.5682228514151557,0.33181818181818185,1760.0,0.0,0.0
1760.0,1.0,0.0,nan,nan,0.0,0.3,0.0,0.0,0.0,1.0,0.7176136363636364,1263.0,1263.0,1.0,1.0,1.0,1.0,global,-0.8148796365201005,0.5,1263.0,1.0,497.0,0.0,0.7176136363636364,0.5682228514151557,0.5682228514151557,1.0,1760.0,0.0,0.0
1760.0,1.0,0.0,nan,nan,0.0,0.3,0.025,0.0,0.0,1.0,0.7176136363636364,1263.0,1263.0,1.0,1.0,1.0,1.0,global,-0.8148796365201005,0.5,1263.0,1.0,497.0,0.0,0.7176136363636364,0.5682228514151557,0.5682228514151557,1.0,1760.0,0.0,0.0
1760.0,1.0,0.0,nan,nan,0.0,0.3,0.05,0.0,0.0,1.0,0.7176136363636364,1263.0,1263.0,1.0,1.0,1.0,1.0,global,-0.8148796365201005,0.5,1263.0,1.0,497.0,0.0,0.7176136363636364,0.5682228514151557,0.5682228514151557,1.0,1760.0,0.0,0.0
1760.0,1.0,0.0,nan,nan,0.0,0.3,0.075,0.0,0.0,1.0,0.7176136363636364,1263.0,1263.0,1.0,1.0,1.0,1.0,global,-0.8148796365201005,0.5,1263.0,1.0,497.0,0.0,0.7176136363636364,0.5682228514151557,0.5682228514151557,1.0,1760.0,0.0,0.0
1760.0,1.0,0.0,nan,nan,0.0,0.3,0.1,0.0,0.0,1.0,0.7176136363636364,1263.0,1263.0,1.0,1.0,1.0,1.0,global,-0.8148796365201005,0.5,1263.0,1.0,497.0,0.0,0.7176136363636364,0.5682228514151557,0.5682228514151557,1.0,1760.0,0.0,0.0
1760.0,1.0,0.0,nan,nan,0.0,0.3,0.15,0.0,0.0,1.0,0.7176136363636364,1263.0,1263.0,1.0,1.0,1.0,1.0,global,-0.8148796365201005,0.5,1263.0,1.0,497.0,0.0,0.7176136363636364,0.5682228514151557,0.5682228514151557,1.0,1760.0,0.0,0.0
1433.0,0.8142045454545455,129.0,0.5852743309136814,0.6018869192674567,0.07329545454545454,0.3,0.2,198.0,0.1125,0.9762470308788599,0.7005681818181818,1233.0,1233.0,0.9862094465267323,1.0,1.0,1.0,global,-0.8148796365201005,0.5,1263.0,0.9862094465267324,497.0,0.0,0.7176136363636364,0.559680091224273,0.5682228514151557,0.9267045454545455,1760.0,0.0,0.0
1091.0,0.6198863636363636,290.0,0.5410644725908884,0.5429340461059575,0.16477272727272727,0.3,0.3,379.0,0.21534090909090908,0.936658749010293,0.6721590909090909,1183.0,1183.0,0.9604299038074985,1.0,1.0,1.0,global,-0.8148796365201005,0.5,1263.0,0.9604299224998422,497.0,0.0,0.7176136363636364,0.5476980939210278,0.5682228514151557,0.8352272727272727,1760.0,0.0,0.0
499.0,0.28352272727272726,810.0,0.47378980757030437,0.4288498102307262,0.4602272727272727,0.3,0.5,451.0,0.25625,0.7616785431512272,0.5465909090909091,962.0,962.0,0.8320722150977997,1.0,0.8639248366341281,1.0,global,-0.8148796365201005,0.5,1263.0,0.8320722401338951,497.0,0.0,0.7176136363636364,0.46811174334740446,0.5682228514151557,0.5397727272727273,1760.0,0.0,0.0
0.0,0.0,1302.0,0.44207405158151497,0.3849977414673461,0.7397727272727272,0.3,1.0,458.0,0.26022727272727275,0.5249406175771971,0.37670454545454546,663.0,663.0,0.6120605396366191,0.6852295603772427,0.23641935960581725,1.0,global,-0.8148796365201005,0.5,1263.0,0.6120605761412778,497.0,0.0,0.7176136363636364,0.3767487769414816,0.5682228514151557,0.26022727272727275,1760.0,0.0,0.0
1760.0,1.0,0.0,nan,nan,0.0,0.3,0.0,0.0,0.0,1.0,0.7176136363636364,1263.0,1263.0,1.0,1.0,1.0,1.0,global,-0.458092967889564,0.6,1263.0,1.0,497.0,0.0,0.7176136363636364,0.5682228514151557,0.5682228514151557,1.0,1760.0,0.0,0.0
1760.0,1.0,0.0,nan,nan,0.0,0.3,0.025,0.0,0.0,1.0,0.7176136363636364,1263.0,1263.0,1.0,1.0,1.0,1.0,global,-0.458092967889564,0.6,1263.0,1.0,497.0,0.0,0.7176136363636364,0.5682228514151557,0.5682228514151557,1.0,1760.0,0.0,0.0
1760.0,1.0,0.0,nan,nan,0.0,0.3,0.05,0.0,0.0,1.0,0.7176136363636364,1263.0,1263.0,1.0,1.0,1.0,1.0,global,-0.458092967889564,0.6,1263.0,1.0,497.0,0.0,0.7176136363636364,0.5682228514151557,0.5682228514151557,1.0,1760.0,0.0,0.0
1760.0,1.0,0.0,nan,nan,0.0,0.3,0.075,0.0,0.0,1.0,0.7176136363636364,1263.0,1263.0,1.0,1.0,1.0,1.0,global,-0.458092967889564,0.6,1263.0,1.0,497.0,0.0,0.7176136363636364,0.5682228514151557,0.5682228514151557,1.0,1760.0,0.0,0.0
1647.0,0.9357954545454545,43.0,0.5525337052097937,0.6481803014649558,0.024431818181818183,0.3,0.1,70.0,0.03977272727272727,0.9960411718131433,0.7147727272727272,1258.0,1258.0,0.9932417650230414,1.0,1.0,1.0,global,-0.458092967889564,0.6,1263.0,0.9932417650230413,497.0,0.0,0.7176136363636364,0.5662084936182955,0.5682228514151557,0.9755681818181818,1760.0,0.0,0.0
1552.0,0.8818181818181818,77.0,0.5703268569013161,0.6538081573157538,0.04375,0.3,0.15,131.0,0.07443181818181818,0.9904988123515439,0.7107954545454546,1251.0,1251.0,0.9893526239519911,1.0,1.0,1.0,global,-0.458092967889564,0.6,1263.0,0.9893526241525177,497.0,0.0,0.7176136363636364,0.5641723745775662,0.5682228514151557,0.95625,1760.0,0.0,0.0
1224.0,0.6954545454545454,209.0,0.522007033345844,0.5534337990120697,0.11875,0.3,0.2,327.0,0.18579545454545454,0.9675376088677752,0.6943181818181818,1222.0,1222.0,0.9651870916266613,1.0,1.0,1.0,global,-0.458092967889564,0.6,1263.0,0.9651870942626989,497.0,0.0,0.7176136363636364,0.5557971280961302,0.5682228514151557,0.88125,1760.0,0.0,0.0
1091.0,0.6198863636363636,273.0,0.5233905852577725,0.5666305015136877,0.15511363636363637,0.3,0.3,396.0,0.225,0.9548693586698337,0.6852272727272727,1206.0,1206.0,0.9533665746769628,1.0,1.0,1.0,global,-0.458092967889564,0.6,1263.0,0.9533665776474072,497.0,0.0,0.7176136363636364,0.5519802741302182,0.5682228514151557,0.8448863636363636,1760.0,0.0,0.0
269.0,0.15284090909090908,1004.0,0.44552200992628926,0.373707030182863,0.5704545454545454,0.3,0.5,487.0,0.2767045454545455,0.7450514647664291,0.5346590909090909,941.0,941.0,0.7195201665514492,1.0,0.36919109794536026,1.0,global,-0.458092967889564,0.6,1263.0,0.7195201708613213,497.0,0.0,0.7176136363636364,0.45321345440686234,0.5682228514151557,0.42954545454545456,1760.0,0.0,0.0
0.0,0.0,1268.0,0.44406598573991024,0.3785117037926749,0.7204545454545455,0.3,1.0,492.0,0.27954545454545454,0.6231195566112431,0.4471590909090909,787.0,787.0,0.5994732070070256,0.604800231665729,0.270486728005604,1.0,global,-0.458092967889564,0.6,1263.0,0.5994732121602524,497.0,0.0,0.7176136363636364,0.41480737704164355,0.5682228514151557,0.27954545454545454,1760.0,0.0,0.0
1760.0,1.0,0.0,nan,nan,0.0,0.3,0.0,0.0,0.0,1.0,0.7176136363636364,1263.0,1263.0,1.0,1.0,1.0,1.0,global,-0.30379609020523285,0.65,1263.0,1.0,497.0,0.0,0.7176136363636364,0.5682228514151557,0.5682228514151557,1.0,1760.0,0.0,0.0
1760.0,1.0,0.0,nan,nan,0.0,0.3,0.025,0.0,0.0,1.0,0.7176136363636364,1263.0,1263.0,1.0,1.0,1.0,1.0,global,-0.30379609020523285,0.65,1263.0,1.0,497.0,0.0,0.7176136363636364,0.5682228514151557,0.5682228514151557,1.0,1760.0,0.0,0.0
1760.0,1.0,0.0,nan,nan,0.0,0.3,0.05,0.0,0.0,1.0,0.7176136363636364,1263.0,1263.0,1.0,1.0,1.0,1.0,global,-0.30379609020523285,0.65,1263.0,1.0,497.0,0.0,0.7176136363636364,0.5682228514151557,0.5682228514151557,1.0,1760.0,0.0,0.0
1760.0,1.0,0.0,nan,nan,0.0,0.3,0.075,0.0,0.0,1.0,0.7176136363636364,1263.0,1263.0,1.0,1.0,1.0,1.0,global,-0.30379609020523285,0.65,1263.0,1.0,497.0,0.0,0.7176136363636364,0.5682228514151557,0.5682228514151557,1.0,1760.0,0.0,0.0
1552.0,0.8818181818181818,73.0,0.5281817528796217,0.4781357984100912,0.04147727272727273,0.3,0.1,135.0,0.07670454545454546,0.9936658749010293,0.7130681818181818,1255.0,1255.0,0.9875936237808985,1.0,1.0,1.0,global,-0.30379609020523285,0.65,1263.0,0.9875936244680875,497.0,0.0,0.7176136363636364,0.5646539208732918,0.5682228514151557,0.9585227272727272,1760.0,0.0,0.0
1326.0,0.7534090909090909,158.0,0.5165475187548461,0.4830739190711702,0.08977272727272727,0.3,0.15,276.0,0.15681818181818183,0.9809976247030879,0.7039772727272727,1239.0,1239.0,0.9722961047874045,1.0,1.0,1.0,global,-0.30379609020523285,0.65,1263.0,0.9722961063289884,497.0,0.0,0.7176136363636364,0.559625881357953,0.5682228514151557,0.9102272727272728,1760.0,0.0,0.0
1091.0,0.6198863636363636,261.0,0.5219507932913219,0.5155160316754754,0.14829545454545454,0.3,0.2,408.0,0.2318181818181818,0.9619952494061758,0.6903409090909091,1215.0,1215.0,0.9523918073977365,1.0,1.0,1.0,global,-0.30379609020523285,0.65,1263.0,0.9523918106753904,497.0,0.0,0.7176136363636364,0.5538139276568883,0.5682228514151557,0.8517045454545454,1760.0,0.0,0.0
1052.0,0.5977272727272728,293.0,0.5109130932394099,0.5022621338335198,0.16647727272727272,0.3,0.3,415.0,0.23579545454545456,0.9556611243072051,0.6857954545454545,1207.0,1207.0,0.9440811987299409,1.0,1.0,1.0,global,-0.30379609020523285,0.65,1263.0,0.9440812020678551,497.0,0.0,0.7176136363636364,0.5503761681347014,0.5682228514151557,0.8335227272727272,1760.0,0.0,0.0
221.0,0.12556818181818183,1031.0,0.4586317284356432,0.40775868591635295,0.5857954545454546,0.3,0.5,508.0,0.28863636363636364,0.7648456057007126,0.5488636363636363,966.0,966.0,0.7024155774320151,0.9375105746973011,0.38249023815493516,1.0,global,-0.30379609020523285,0.65,1263.0,0.7024155824365697,497.0,0.0,0.7176136363636364,0.459305261301321,0.5682228514151557,0.41420454545454544,1760.0,0.0,0.0
0.0,0.0,1250.0,0.45199490806083215,0.4066941206529197,0.7102272727272727,0.3,1.0,510.0,0.2897727272727273,0.6730007917656373,0.48295454545454547,850.0,850.0,0.6002786388208423,0.5926545953302305,0.29924183332625875,1.0,global,-0.30379609020523285,0.65,1263.0,0.600278644861439,497.0,0.0,0.7176136363636364,0.43150114160566166,0.5682228514151557,0.2897727272727273,1760.0,0.0,0.0
1760.0,1.0,0.0,nan,nan,0.0,0.3,0.0,0.0,0.0,1.0,0.7176136363636364,1263.0,1263.0,1.0,1.0,1.0,1.0,global,-0.20534338533122468,0.68,1263.0,1.0,497.0,0.0,0.7176136363636364,0.5682228514151557,0.5682228514151557,1.0,1760.0,0.0,0.0
1760.0,1.0,0.0,nan,nan,0.0,0.3,0.025,0.0,0.0,1.0,0.7176136363636364,1263.0,1263.0,1.0,1.0,1.0,1.0,global,-0.20534338533122468,0.68,1263.0,1.0,497.0,0.0,0.7176136363636364,0.5682228514151557,0.5682228514151557,1.0,1760.0,0.0,0.0
1665.0,0.9460227272727273,33.0,0.46890565178053756,0.44892411992623493,0.01875,0.3,0.05,62.0,0.035227272727272725,0.9984164687252574,0.7164772727272727,1261.0,1261.0,0.9932612929647016,1.0,1.0,1.0,global,-0.20534338533122468,0.68,1263.0,0.9932612934756173,497.0,0.0,0.7176136363636364,0.5665523316057502,0.5682228514151557,0.98125,1760.0,0.0,0.0
1665.0,0.9460227272727273,33.0,0.46890565178053756,0.44892411992623493,0.01875,0.3,0.075,62.0,0.035227272727272725,0.9984164687252574,0.7164772727272727,1261.0,1261.0,0.9932612929647016,1.0,1.0,1.0,global,-0.20534338533122468,0.68,1263.0,0.9932612934756173,497.0,0.0,0.7176136363636364,0.5665523316057502,0.5682228514151557,0.98125,1760.0,0.0,0.0
1433.0,0.8142045454545455,111.0,0.5345004885519067,0.513381767790446,0.06306818181818181,0.3,0.1,216.0,0.12272727272727273,0.9904988123515439,0.7107954545454546,1251.0,1251.0,0.9799064959087154,1.0,1.0,1.0,global,-0.20534338533122468,0.68,1263.0,0.9799064964237153,497.0,0.0,0.7176136363636364,0.5627175079203895,0.5682228514151557,0.9369318181818181,1760.0,0.0,0.0
1224.0,0.6954545454545454,194.0,0.5081434239833712,0.4635362602760578,0.11022727272727273,0.3,0.15,342.0,0.1943181818181818,0.9786223277909739,0.7022727272727273,1236.0,1236.0,0.9617975474938539,1.0,1.0,1.0,global,-0.20534338533122468,0.68,1263.0,0.9617975504247734,497.0,0.0,0.7176136363636364,0.5581125048954595,0.5682228514151557,0.8897727272727273,1760.0,0.0,0.0
1091.0,0.6198863636363636,256.0,0.5318985032109097,0.5220646373580844,0.14545454545454545,0.3,0.2,413.0,0.2346590909090909,0.9667458432304038,0.69375,1221.0,1221.0,0.9520780613442783,1.0,1.0,1.0,global,-0.20534338533122468,0.68,1263.0,0.9520780643770269,497.0,0.0,0.7176136363636364,0.5550129241063136,0.5682228514151557,0.8545454545454545,1760.0,0.0,0.0
499.0,0.28352272727272726,751.0,0.4780378040282828,0.44277935233813026,0.42670454545454545,0.3,0.3,510.0,0.2897727272727273,0.8717339667458432,0.6255681818181819,1101.0,1101.0,0.8042049164974394,1.0,0.6065144063308743,1.0,global,-0.20534338533122468,0.68,1263.0,0.8042049207764547,497.0,0.0,0.7176136363636364,0.5026293054154171,0.5682228514151557,0.5732954545454545,1760.0,0.0,0.0
221.0,0.12556818181818183,1020.0,0.4670868301443708,0.43595836191394055,0.5795454545454546,0.3,0.5,519.0,0.2948863636363636,0.7933491686460807,0.5693181818181818,1002.0,1002.0,0.7016324468173573,0.9104670527944838,0.39887782451011256,1.0,global,-0.20534338533122468,0.68,1263.0,0.7016324518337632,497.0,0.0,0.7176136363636364,0.4677666925999418,0.5682228514151557,0.42045454545454547,1760.0,0.0,0.0
0.0,0.0,1239.0,0.4628796977739616,0.43595836191394055,0.7039772727272727,0.3,1.0,521.0,0.29602272727272727,0.7054631828978623,0.50625,891.0,891.0,0.6051472525723287,0.5811796893175706,0.32834230309801943,1.0,global,-0.20534338533122468,0.68,1263.0,0.6051472582136741,497.0,0.0,0.7176136363636364,0.442167118358828,0.5682228514151557,0.29602272727272727,1760.0,0.0,0.0
1760.0,1.0,0.0,nan,nan,0.0,0.3,0.0,0.0,0.0,1.0,0.7176136363636364,1263.0,1263.0,1.0,1.0,1.0,1.0,global,-0.1513961846699533,0.7,1263.0,1.0,497.0,0.0,0.7176136363636364,0.5682228514151557,0.5682228514151557,1.0,1760.0,0.0,0.0
1760.0,1.0,0.0,nan,nan,0.0,0.3,0.025,0.0,0.0,1.0,0.7176136363636364,1263.0,1263.0,1.0,1.0,1.0,1.0,global,-0.1513961846699533,0.7,1263.0,1.0,497.0,0.0,0.7176136363636364,0.5682228514151557,0.5682228514151557,1.0,1760.0,0.0,0.0
1552.0,0.8818181818181818,70.0,0.5038768405489106,0.4830316865686459,0.03977272727272727,0.3,0.05,138.0,0.07840909090909091,0.9968329374505146,0.7153409090909091,1259.0,1259.0,0.9862078549795169,1.0,1.0,1.0,global,-0.1513961846699533,0.7,1263.0,0.9862078555393539,497.0,0.0,0.7176136363636364,0.5650993142383292,0.5682228514151557,0.9602272727272727,1760.0,0.0,0.0
1552.0,0.8818181818181818,70.0,0.5038768405489106,0.4830316865686459,0.03977272727272727,0.3,0.075,138.0,0.07840909090909091,0.9968329374505146,0.7153409090909091,1259.0,1259.0,0.9862078549795169,1.0,1.0,1.0,global,-0.1513961846699533,0.7,1263.0,0.9862078555393539,497.0,0.0,0.7176136363636364,0.5650993142383292,0.5682228514151557,0.9602272727272727,1760.0,0.0,0.0
1433.0,0.8142045454545455,110.0,0.5177323178349956,0.49636502464032783,0.0625,0.3,0.1,217.0,0.12329545454545454,0.9928741092636579,0.7125,1254.0,1254.0,0.9784633251983731,1.0,1.0,1.0,global,-0.1513961846699533,0.7,1263.0,0.9784633257604423,497.0,0.0,0.7176136363636364,0.5630004468924298,0.5682228514151557,0.9375,1760.0,0.0,0.0
1224.0,0.6954545454545454,191.0,0.5027232693782215,0.48250124204846084,0.10852272727272727,0.3,0.15,345.0,0.19602272727272727,0.9817893903404592,0.7045454545454546,1240.0,1240.0,0.9602980674745516,1.0,1.0,1.0,global,-0.1513961846699533,0.7,1263.0,0.9602980704384336,497.0,0.0,0.7176136363636364,0.5586209147694021,0.5682228514151557,0.8914772727272727,1760.0,0.0,0.0
1091.0,0.6198863636363636,252.0,0.5277726292948739,0.5096983627120097,0.1431818181818182,0.3,0.2,417.0,0.2369318181818182,0.9699129057798892,0.6960227272727273,1225.0,1225.0,0.951042550139142,1.0,1.0,1.0,global,-0.1513961846699533,0.7,1263.0,0.9510425531393166,497.0,0.0,0.7176136363636364,0.5556633794348016,0.5682228514151557,0.8568181818181818,1760.0,0.0,0.0
499.0,0.28352272727272726,746.0,0.4860104612916845,0.4669419533890784,0.4238636363636364,0.3,0.3,515.0,0.29261363636363635,0.8812351543942993,0.6323863636363637,1113.0,1113.0,0.8051180724753736,1.0,0.5992168731604989,1.0,global,-0.1513961846699533,0.7,1263.0,0.805118076295297,497.0,0.0,0.7176136363636364,0.5056908556084586,0.5682228514151557,0.5761363636363637,1760.0,0.0,0.0
221.0,0.12556818181818183,1014.0,0.47431828823337663,0.4536928399950214,0.5761363636363637,0.3,0.5,525.0,0.29829545454545453,0.8076009501187649,0.5795454545454546,1020.0,1020.0,0.7036598193472466,0.8848645230307817,0.4119508907867645,1.0,global,-0.1513961846699533,0.7,1263.0,0.7036598243976898,497.0,0.0,0.7176136363636364,0.47247028824752874,0.5682228514151557,0.4238636363636364,1760.0,0.0,0.0
0.0,0.0,1233.0,0.47017168712884194,0.45185607852212506,0.7005681818181818,0.3,1.0,527.0,0.2994318181818182,0.7220902612826603,0.5181818181818182,912.0,912.0,0.6096001905159888,0.5830062633620761,0.3353670565001741,1.0,global,-0.1513961846699533,0.7,1263.0,0.6096001962021514,497.0,0.0,0.7176136363636364,0.44797866855186946,0.5682228514151557,0.2994318181818182,1760.0,0.0,0.0
1760.0,1.0,0.0,nan,nan,0.0,0.3,0.0,0.0,0.0,1.0,0.7176136363636364,1263.0,1263.0,1.0,1.0,1.0,1.0,global,0.12874894179370247,0.8,1263.0,1.0,497.0,0.0,0.7176136363636364,0.5682228514151557,0.5682228514151557,1.0,1760.0,0.0,0.0
1445.0,0.8210227272727273,101.0,0.5176000600849678,0.5145187549964321,0.05738636363636364,0.3,0.025,214.0,0.1215909090909091,0.997624703087886,0.7159090909090909,1260.0,1260.0,0.977411431384931,1.0,1.0,1.0,global,0.12874894179370247,0.8,1263.0,0.9774114319749873,497.0,0.0,0.7176136363636364,0.5641525722465007,0.5682228514151557,0.9426136363636364,1760.0,0.0,0.0
1326.0,0.7534090909090909,137.0,0.5330140658545794,0.5357406820873581,0.07784090909090909,0.3,0.05,297.0,0.16875,0.995249406175772,0.7142045454545455,1257.0,1257.0,0.9706508442342974,1.0,1.0,1.0,global,0.12874894179370247,0.8,1263.0,0.9706508448257619,497.0,0.0,0.7176136363636364,0.56261035383928,0.5682228514151557,0.9221590909090909,1760.0,0.0,0.0
1185.0,0.6732954545454546,207.0,0.5379733702018382,0.5598602651874646,0.11761363636363636,0.3,0.075,368.0,0.20909090909090908,0.9912905779889153,0.7113636363636363,1252.0,1252.0,0.9527640506276638,1.0,1.0,1.0,global,0.12874894179370247,0.8,1263.0,0.9527640512393618,497.0,0.0,0.7176136363636364,0.5588187394124835,0.5682228514151557,0.8823863636363637,1760.0,0.0,0.0
1185.0,0.6732954545454546,207.0,0.5379733702018382,0.5598602651874646,0.11761363636363636,0.3,0.1,368.0,0.20909090909090908,0.9912905779889153,0.7113636363636363,1252.0,1252.0,0.9527640506276638,1.0,1.0,1.0,global,0.12874894179370247,0.8,1263.0,0.9527640512393618,497.0,0.0,0.7176136363636364,0.5588187394124835,0.5682228514151557,0.8823863636363637,1760.0,0.0,0.0
1052.0,0.5977272727272728,264.0,0.5591370926542958,0.5762578868523013,0.15,0.3,0.15,444.0,0.25227272727272726,0.9825811559778306,0.7051136363636363,1241.0,1241.0,0.9431603020343976,1.0,1.0,1.0,global,0.12874894179370247,0.8,1263.0,0.9431603026515173,497.0,0.0,0.7176136363636364,0.556631819611671,0.5682228514151557,0.85,1760.0,0.0,0.0
451.0,0.25625,752.0,0.5354456615751817,0.5433707000132417,0.42727272727272725,0.3,0.2,557.0,0.3164772727272727,0.9279493269992082,0.6659090909090909,1172.0,1172.0,0.7994330245367252,1.0,0.5944929419251034,1.0,global,0.12874894179370247,0.8,1263.0,0.7994330253500084,497.0,0.0,0.7176136363636364,0.5171715781647402,0.5682228514151557,0.5727272727272728,1760.0,0.0,0.0
150.0,0.08522727272727272,1043.0,0.5219265711909589,0.5408832588663172,0.5926136363636364,0.3,0.3,567.0,0.3221590909090909,0.8717339667458432,0.6255681818181819,1101.0,1101.0,0.6938766872748646,0.7416987316943361,0.47001941487478766,1.0,global,0.12874894179370247,0.8,1263.0,0.6938766889394911,497.0,0.0,0.7176136363636364,0.491132956674254,0.5682228514151557,0.40738636363636366,1760.0,0.0,0.0
0.0,0.0,1191.0,0.5161649591489944,0.5367235860901405,0.6767045454545455,0.3,0.5,569.0,0.32329545454545455,0.8250197941409343,0.5920454545454545,1042.0,1042.0,0.6359628867301456,0.6262556530344926,0.4025279029778698,1.0,global,0.12874894179370247,0.8,1263.0,0.6359628885427432,497.0,0.0,0.7176136363636364,0.47810901345689044,0.5682228514151557,0.32329545454545455,1760.0,0.0,0.0
0.0,0.0,1191.0,0.5161649591489944,0.5367235860901405,0.6767045454545455,0.3,1.0,569.0,0.32329545454545455,0.8250197941409343,0.5920454545454545,1042.0,1042.0,0.6359628867301456,0.6262556530344926,0.4025279029778698,1.0,global,0.12874894179370247,0.8,1263.0,0.6359628885427432,497.0,0.0,0.7176136363636364,0.47810901345689044,0.5682228514151557,0.32329545454545455,1760.0,0.0,0.0
1760.0,1.0,0.0,nan,nan,0.0,0.3,0.0,0.0,0.0,1.0,0.7176136363636364,1263.0,1263.0,1.0,1.0,1.0,1.0,global,0.2620995837868716,0.85,1263.0,1.0,497.0,0.0,0.7176136363636364,0.5682228514151557,0.5682228514151557,1.0,1760.0,0.0,0.0
1445.0,0.8210227272727273,98.0,0.6017621513264931,0.5975092149069988,0.05568181818181818,0.3,0.025,217.0,0.12329545454545454,0.997624703087886,0.7159090909090909,1260.0,1260.0,0.9819844782742937,1.0,1.0,1.0,global,0.2620995837868716,0.85,1263.0,0.9819844782742937,497.0,0.0,0.7176136363636364,0.5648514288358067,0.5682228514151557,0.9443181818181818,1760.0,0.0,0.0
1224.0,0.6954545454545454,171.0,0.613979350979317,0.6127126734484003,0.0971590909090909,0.3,0.05,365.0,0.20738636363636365,0.9936658749010293,0.7130681818181818,1255.0,1255.0,0.9683186240245973,1.0,1.0,1.0,global,0.2620995837868716,0.85,1263.0,0.9683186240245973,497.0,0.0,0.7176136363636364,0.5622290726982154,0.5682228514151557,0.9028409090909091,1760.0,0.0,0.0
1185.0,0.6732954545454546,201.0,0.6055116846982562,0.6149699349291757,0.11420454545454546,0.3,0.075,374.0,0.2125,0.9920823436262867,0.7119318181818182,1253.0,1253.0,0.9606456189842634,1.0,1.0,1.0,global,0.2620995837868716,0.85,1263.0,0.9606456189842634,497.0,0.0,0.7176136363636364,0.5603510070691161,0.5682228514151557,0.8857954545454545,1760.0,0.0,0.0
1149.0,0.6528409090909091,234.0,0.5812067198967957,0.6026935125686131,0.13295454545454546,0.3,0.1,377.0,0.21420454545454545,0.9897070467141726,0.7102272727272727,1250.0,1250.0,0.9487397025153678,1.0,1.0,1.0,global,0.2620995837868716,0.85,1263.0,0.9487397025153678,497.0,0.0,0.7176136363636364,0.5569323036165429,0.5682228514151557,0.8670454545454546,1760.0,0.0,0.0
463.0,0.2630681818181818,726.0,0.5805951596787754,0.6030263098019704,0.4125,0.3,0.15,571.0,0.32443181818181815,0.946159936658749,0.6789772727272727,1195.0,1195.0,0.8203052064899857,1.0,0.6496961653823472,1.0,global,0.2620995837868716,0.85,1263.0,0.8203052065077369,497.0,0.0,0.7176136363636364,0.5254946308794444,0.5682228514151557,0.5875,1760.0,0.0,0.0
227.0,0.12897727272727272,956.0,0.5673167267959532,0.5975092149069988,0.5431818181818182,0.3,0.2,577.0,0.32784090909090907,0.9152810768012668,0.6568181818181819,1156.0,1156.0,0.7436089600823771,0.8291570455363719,0.5479880072060499,1.0,global,0.2620995837868716,0.85,1263.0,0.7436089609918811,497.0,0.0,0.7176136363636364,0.5084256453567633,0.5682228514151557,0.45681818181818185,1760.0,0.0,0.0
150.0,0.08522727272727272,1027.0,0.5653294745535782,0.5956532092635354,0.5835227272727272,0.3,0.3,583.0,0.33125,0.9026128266033254,0.6477272727272727,1140.0,1140.0,0.7201331880020406,0.7605768443824766,0.5219610611239351,1.0,global,0.2620995837868716,0.85,1263.0,0.7201331889243097,497.0,0.0,0.7176136363636364,0.5033614811769695,0.5682228514151557,0.41647727272727275,1760.0,0.0,0.0
0.0,0.0,1175.0,0.558700764689968,0.5905209490710404,0.6676136363636364,0.3,0.5,585.0,0.33238636363636365,0.8630245447347585,0.6193181818181818,1090.0,1090.0,0.6672036959405079,0.6739476915837685,0.46516362177600906,1.0,global,0.2620995837868716,0.85,1263.0,0.66720369774705,497.0,0.0,0.7176136363636364,0.49243412886869686,0.5682228514151557,0.33238636363636365,1760.0,0.0,0.0
0.0,0.0,1175.0,0.558700764689968,0.5905209490710404,0.6676136363636364,0.3,1.0,585.0,0.33238636363636365,0.8630245447347585,0.6193181818181818,1090.0,1090.0,0.6672036959405079,0.6739476915837685,0.46516362177600906,1.0,global,0.2620995837868716,0.85,1263.0,0.66720369774705,497.0,0.0,0.7176136363636364,0.49243412886869686,0.5682228514151557,0.33238636363636365,1760.0,0.0,0.0
1760.0,1.0,0.0,nan,nan,0.0,0.3,0.0,0.0,0.0,1.0,0.7176136363636364,1263.0,1263.0,1.0,1.0,1.0,1.0,global,0.36811123266919443,0.88,1263.0,1.0,497.0,0.0,0.7176136363636364,0.5682228514151557,0.5682228514151557,1.0,1760.0,0.0,0.0
1343.0,0.7630681818181818,134.0,0.6620847373674743,0.6782502397831742,0.07613636363636364,0.3,0.025,283.0,0.16079545454545455,0.9968329374505146,0.7153409090909091,1259.0,1259.0,0.9774544225090293,1.0,1.0,1.0,global,0.36811123266919443,0.88,1263.0,0.9774544225090294,497.0,0.0,0.7176136363636364,0.5642851355406171,0.5682228514151557,0.9238636363636363,1760.0,0.0,0.0
1224.0,0.6954545454545454,168.0,0.6633134140826179,0.6782502397831742,0.09545454545454546,0.3,0.05,368.0,0.20909090909090908,0.9944576405384006,0.7136363636363636,1256.0,1256.0,0.972657618022633,1.0,1.0,1.0,global,0.36811123266919443,0.88,1263.0,0.972657618022633,497.0,0.0,0.7176136363636364,0.5631969375902653,0.5682228514151557,0.9045454545454545,1760.0,0.0,0.0
1149.0,0.6528409090909091,229.0,0.6304185699768247,0.657915924827477,0.13011363636363638,0.3,0.075,382.0,0.21704545454545454,0.9912905779889153,0.7113636363636363,1252.0,1252.0,0.9551306890067711,1.0,1.0,1.0,global,0.36811123266919443,0.88,1263.0,0.955130689006771,497.0,0.0,0.7176136363636364,0.5586917767995888,0.5682228514151557,0.8698863636363636,1760.0,0.0,0.0
1016.0,0.5772727272727273,283.0,0.6378815465889607,0.6660642012417407,0.16079545454545455,0.3,0.1,461.0,0.26193181818181815,0.9857482185273159,0.7073863636363636,1245.0,1245.0,0.9459003756349773,1.0,1.0,1.0,global,0.36811123266919443,0.88,1263.0,0.9459003757756747,497.0,0.0,0.7176136363636364,0.5571639197757795,0.5682228514151557,0.8392045454545455,1760.0,0.0,0.0
286.0,0.1625,887.0,0.603037771591499,0.6441004466353843,0.5039772727272728,0.3,0.15,587.0,0.33352272727272725,0.948535233570863,0.6806818181818182,1198.0,1198.0,0.7793181601668935,0.9019740730836383,0.6110793485900101,1.0,global,0.36811123266919443,0.88,1263.0,0.7793181620349995,497.0,0.0,0.7176136363636364,0.5212596873540144,0.5682228514151557,0.4960227272727273,1760.0,0.0,0.0
227.0,0.12897727272727272,944.0,0.6021511433858753,0.6441004466353843,0.5363636363636364,0.3,0.2,589.0,0.3346590909090909,0.9406175771971497,0.675,1188.0,1188.0,0.762898156159259,0.8447813846038601,0.5894389850342776,1.0,global,0.36811123266919443,0.88,1263.0,0.7628981580430898,497.0,0.0,0.7176136363636364,0.5174414004895083,0.5682228514151557,0.4636363636363636,1760.0,0.0,0.0
83.0,0.04715909090909091,1082.0,0.5954960736564053,0.6429650956994155,0.6147727272727272,0.3,0.3,595.0,0.3380681818181818,0.9168646080760094,0.6579545454545455,1158.0,1158.0,0.7181047767191011,0.745805527818505,0.546681362801719,1.0,global,0.36811123266919443,0.88,1263.0,0.718104778661896,497.0,0.0,0.7176136363636364,0.5083404726158716,0.5682228514151557,0.38522727272727275,1760.0,0.0,0.0
0.0,0.0,1163.0,0.5920234020049188,0.6339811983802046,0.6607954545454545,0.3,0.5,597.0,0.3392045454545455,0.8978622327790974,0.6443181818181818,1134.0,1134.0,0.6916790613035408,0.712420778450086,0.5192235144853288,1.0,global,0.36811123266919443,0.88,1263.0,0.6916790632874531,497.0,0.0,0.7176136363636364,0.5038532930923509,0.5682228514151557,0.3392045454545455,1760.0,0.0,0.0
0.0,0.0,1163.0,0.5920234020049188,0.6339811983802046,0.6607954545454545,0.3,1.0,597.0,0.3392045454545455,0.8978622327790974,0.6443181818181818,1134.0,1134.0,0.6916790613035408,0.712420778450086,0.5192235144853288,1.0,global,0.36811123266919443,0.88,1263.0,0.6916790632874531,497.0,0.0,0.7176136363636364,0.5038532930923509,0.5682228514151557,0.3392045454545455,1760.0,0.0,0.0
1665.0,0.9460227272727273,29.0,0.6716118730742526,0.6938178341085359,0.016477272727272726,0.3,0.0,66.0,0.0375,1.0,0.7176136363636364,1263.0,1263.0,0.9958398970460713,1.0,1.0,1.0,global,0.4299107949951633,0.9,1263.0,0.9958398970460713,497.0,0.0,0.7176136363636364,0.5674748281645554,0.5682228514151557,0.9835227272727273,1760.0,0.0,0.0
1343.0,0.7630681818181818,134.0,0.6873442819252846,0.7156841930745781,0.07613636363636364,0.3,0.025,283.0,0.16079545454545455,0.997624703087886,0.7159090909090909,1260.0,1260.0,0.9789081460028961,1.0,1.0,1.0,global,0.4299107949951633,0.9,1263.0,0.9789081460028961,497.0,0.0,0.7176136363636364,0.5646929387619435,0.5682228514151557,0.9238636363636363,1760.0,0.0,0.0
1188.0,0.675,199.0,0.6553552732623575,0.6911331179259961,0.11306818181818182,0.3,0.05,373.0,0.2119318181818182,0.995249406175772,0.7142045454545455,1257.0,1257.0,0.9632598302443564,1.0,1.0,1.0,global,0.4299107949951633,0.9,1263.0,0.9632598302443564,497.0,0.0,0.7176136363636364,0.561114009286378,0.5682228514151557,0.8869318181818182,1760.0,0.0,0.0
1149.0,0.6528409090909091,228.0,0.654628727281353,0.6941991877709935,0.12954545454545455,0.3,0.075,383.0,0.21761363636363637,0.9936658749010293,0.7130681818181818,1255.0,1255.0,0.9573445838474978,1.0,1.0,1.0,global,0.4299107949951633,0.9,1263.0,0.9573445838474978,497.0,0.0,0.7176136363636364,0.5596677618390968,0.5682228514151557,0.8704545454545455,1760.0,0.0,0.0
405.0,0.23011363636363635,768.0,0.6350568748399256,0.6842569814705833,0.43636363636363634,0.3,0.1,587.0,0.33352272727272725,0.9707046714172605,0.696590909090909,1226.0,1226.0,0.8255655209267507,1.0,0.6932791208253171,1.0,global,0.4299107949951633,0.9,1263.0,0.8255655252306984,497.0,0.0,0.7176136363636364,0.5322580357352773,0.5682228514151557,0.5636363636363636,1760.0,0.0,0.0
150.0,0.08522727272727272,1010.0,0.6223510755779472,0.6760192742959833,0.5738636363636364,0.3,0.15,600.0,0.3409090909090909,0.9477434679334917,0.6801136363636363,1197.0,1197.0,0.7542284777570769,0.7924172039867212,0.5938530696524242,1.0,global,0.4299107949951633,0.9,1263.0,0.7542284825496159,497.0,0.0,0.7176136363636364,0.5187768387557371,0.5682228514151557,0.42613636363636365,1760.0,0.0,0.0
150.0,0.08522727272727272,1010.0,0.6223510755779472,0.6760192742959833,0.5738636363636364,0.3,0.2,600.0,0.3409090909090909,0.9477434679334917,0.6801136363636363,1197.0,1197.0,0.7542284777570769,0.7924172039867212,0.5938530696524242,1.0,global,0.4299107949951633,0.9,1263.0,0.7542284825496159,497.0,0.0,0.7176136363636364,0.5187768387557371,0.5682228514151557,0.42613636363636365,1760.0,0.0,0.0
0.0,0.0,1158.0,0.6136243129216868,0.6638158906477074,0.6579545454545455,0.3,0.3,602.0,0.34204545454545454,0.9192399049881235,0.6596590909090909,1161.0,1161.0,0.7068070798311853,0.7348133876679597,0.5489649402529352,1.0,global,0.4299107949951633,0.9,1263.0,0.7068070855871326,497.0,0.0,0.7176136363636364,0.5104063046292826,0.5682228514151557,0.34204545454545454,1760.0,0.0,0.0
0.0,0.0,1158.0,0.6136243129216868,0.6638158906477074,0.6579545454545455,0.3,0.5,602.0,0.34204545454545454,0.9192399049881235,0.6596590909090909,1161.0,1161.0,0.7068070798311853,0.7348133876679597,0.5489649402529352,1.0,global,0.4299107949951633,0.9,1263.0,0.7068070855871326,497.0,0.0,0.7176136363636364,0.5104063046292826,0.5682228514151557,0.34204545454545454,1760.0,0.0,0.0
0.0,0.0,1158.0,0.6136243129216868,0.6638158906477074,0.6579545454545455,0.3,1.0,602.0,0.34204545454545454,0.9192399049881235,0.6596590909090909,1161.0,1161.0,0.7068070798311853,0.7348133876679597,0.5489649402529352,1.0,global,0.4299107949951633,0.9,1263.0,0.7068070855871326,497.0,0.0,0.7176136363636364,0.5104063046292826,0.5682228514151557,0.34204545454545454,1760.0,0.0,0.0
1665.0,0.9460227272727273,28.0,0.7254633321420874,0.7517918957385905,0.015909090909090907,0.3,0.0,67.0,0.03806818181818182,1.0,0.7176136363636364,1263.0,1263.0,0.9965221008030668,1.0,1.0,1.0,global,0.5228132935392155,0.92,1263.0,0.9965221008030668,497.0,0.0,0.7176136363636364,0.5676168736191008,0.5682228514151557,0.9840909090909091,1760.0,0.0,0.0
1343.0,0.7630681818181818,130.0,0.7433404213158917,0.7568628917952859,0.07386363636363637,0.3,0.025,287.0,0.1630681818181818,0.997624703087886,0.7159090909090909,1260.0,1260.0,0.9828893614210593,1.0,1.0,1.0,global,0.5228132935392155,0.92,1263.0,0.9828893614210593,497.0,0.0,0.7176136363636364,0.5653369288682338,0.5682228514151557,0.9261363636363636,1760.0,0.0,0.0
1149.0,0.6528409090909091,221.0,0.7068532094352925,0.7387915060191309,0.12556818181818183,0.3,0.05,390.0,0.2215909090909091,0.9944576405384006,0.7136363636363636,1256.0,1256.0,0.9642902396843948,1.0,1.0,1.0,global,0.5228132935392155,0.92,1263.0,0.9642902396843948,497.0,0.0,0.7176136363636364,0.5611412973999328,0.5682228514151557,0.8744318181818181,1760.0,0.0,0.0
525.0,0.29829545454545453,718.0,0.6771205424958971,0.7265901244438555,0.40795454545454546,0.3,0.075,517.0,0.29375,0.9809976247030879,0.7039772727272727,1239.0,1239.0,0.8525022010110394,1.0,0.7453122199580435,1.0,global,0.5228132935392155,0.92,1263.0,0.8525022048035843,497.0,0.0,0.7176136363636364,0.5395411866931403,0.5682228514151557,0.5920454545454545,1760.0,0.0,0.0
286.0,0.1625,872.0,0.6796817249369954,0.7272569674915201,0.4954545454545455,0.3,0.1,602.0,0.34204545454545454,0.9691211401425178,0.6954545454545454,1224.0,1224.0,0.8209986109942033,0.9147920908099499,0.6980419078819647,1.0,global,0.5228132935392155,0.92,1263.0,0.8209986151524001,497.0,0.0,0.7176136363636364,0.5332565192722283,0.5682228514151557,0.5045454545454545,1760.0,0.0,0.0
150.0,0.08522727272727272,999.0,0.6745282647764166,0.7261153327383505,0.5676136363636364,0.3,0.15,611.0,0.3471590909090909,0.9572446555819477,0.6869318181818181,1209.0,1209.0,0.7886721983866725,0.8258069323803221,0.6628611864018953,1.0,global,0.5228132935392155,0.92,1263.0,0.7886722031220377,497.0,0.0,0.7176136363636364,0.5271954526815871,0.5682228514151557,0.4323863636363636,1760.0,0.0,0.0
83.0,0.04715909090909091,1066.0,0.6693194592988279,0.7236042936264803,0.6056818181818182,0.3,0.2,611.0,0.3471590909090909,0.9477434679334917,0.6801136363636363,1197.0,1197.0,0.7687722534946692,0.8006866476343464,0.6417242318768491,1.0,global,0.5228132935392155,0.92,1263.0,0.7687722582775067,497.0,0.0,0.7176136363636364,0.5236189162604714,0.5682228514151557,0.39431818181818185,1760.0,0.0,0.0
0.0,0.0,1147.0,0.6641082084881919,0.713223294102896,0.6517045454545455,0.3,0.3,613.0,0.3482954545454545,0.934283452098179,0.6704545454545454,1180.0,1180.0,0.7455192698207149,0.7800872403007261,0.6144977900182178,1.0,global,0.5228132935392155,0.92,1263.0,0.7455192754297305,497.0,0.0,0.7176136363636364,0.5202851458278599,0.5682228514151557,0.3482954545454545,1760.0,0.0,0.0
0.0,0.0,1147.0,0.6641082084881919,0.713223294102896,0.6517045454545455,0.3,0.5,613.0,0.3482954545454545,0.934283452098179,0.6704545454545454,1180.0,1180.0,0.7455192698207149,0.7800872403007261,0.6144977900182178,1.0,global,0.5228132935392155,0.92,1263.0,0.7455192754297305,497.0,0.0,0.7176136363636364,0.5202851458278599,0.5682228514151557,0.3482954545454545,1760.0,0.0,0.0
0.0,0.0,1147.0,0.6641082084881919,0.713223294102896,0.6517045454545455,0.3,1.0,613.0,0.3482954545454545,0.934283452098179,0.6704545454545454,1180.0,1180.0,0.7455192698207149,0.7800872403007261,0.6144977900182178,1.0,global,0.5228132935392155,0.92,1263.0,0.7455192754297305,497.0,0.0,0.7176136363636364,0.5202851458278599,0.5682228514151557,0.3482954545454545,1760.0,0.0,0.0
1524.0,0.865909090909091,92.0,0.8151823516697083,0.859049093245948,0.05227272727272727,0.3,0.0,144.0,0.08181818181818182,1.0,0.7176136363636364,1263.0,1263.0,0.9901957383704436,1.0,1.0,1.0,global,0.697963237820835,0.95,1263.0,0.9901957383704438,497.0,0.0,0.7176136363636364,0.566652330695092,0.5682228514151557,0.9477272727272728,1760.0,0.0,0.0
1185.0,0.6732954545454546,184.0,0.8250411441212234,0.8458523780263196,0.10454545454545454,0.3,0.025,391.0,0.22215909090909092,0.997624703087886,0.7159090909090909,1260.0,1260.0,0.982365258177298,1.0,1.0,1.0,global,0.697963237820835,0.95,1263.0,0.982365258177298,497.0,0.0,0.7176136363636364,0.5653101269715861,0.5682228514151557,0.8954545454545455,1760.0,0.0,0.0
267.0,0.15170454545454545,872.0,0.7829769687416316,0.8275406469609385,0.4954545454545455,0.3,0.05,621.0,0.3528409090909091,0.9849564528899446,0.7068181818181818,1244.0,1244.0,0.876136372834854,0.9432851252298082,0.8053909097126102,1.0,global,0.697963237820835,0.95,1263.0,0.8761363810294558,497.0,0.0,0.7176136363636364,0.5468234772659339,0.5682228514151557,0.5045454545454545,1760.0,0.0,0.0
150.0,0.08522727272727272,984.0,0.7814945082634568,0.827645063854689,0.5590909090909091,0.3,0.075,626.0,0.35568181818181815,0.9794140934283452,0.7028409090909091,1237.0,1237.0,0.8574503380506141,0.8960249949920568,0.7856132590417417,1.0,global,0.697963237820835,0.95,1263.0,0.8574503472434709,497.0,0.0,0.7176136363636364,0.5433786026127678,0.5682228514151557,0.4409090909090909,1760.0,0.0,0.0
83.0,0.04715909090909091,1051.0,0.7747672830288566,0.8251045514394373,0.5971590909090909,0.3,0.1,626.0,0.35568181818181815,0.9746634996041171,0.6994318181818182,1231.0,1231.0,0.8417333061088228,0.8806082133537801,0.7699431438565847,1.0,global,0.697963237820835,0.95,1263.0,0.8417333156288097,497.0,0.0,0.7176136363636364,0.5411770661916523,0.5682228514151557,0.4028409090909091,1760.0,0.0,0.0
0.0,0.0,1131.0,0.7665975017646149,0.8187450058474636,0.6426136363636363,0.3,0.15,629.0,0.3573863636363636,0.9675376088677752,0.6943181818181818,1222.0,1222.0,0.8225606212269454,0.8589842972719525,0.7495742606947061,1.0,global,0.697963237820835,0.95,1263.0,0.8225606318488743,497.0,0.0,0.7176136363636364,0.5391327501769911,0.5682228514151557,0.3573863636363636,1760.0,0.0,0.0
0.0,0.0,1131.0,0.7665975017646149,0.8187450058474636,0.6426136363636363,0.3,0.2,629.0,0.3573863636363636,0.9675376088677752,0.6943181818181818,1222.0,1222.0,0.8225606212269454,0.8589842972719525,0.7495742606947061,1.0,global,0.697963237820835,0.95,1263.0,0.8225606318488743,497.0,0.0,0.7176136363636364,0.5391327501769911,0.5682228514151557,0.3573863636363636,1760.0,0.0,0.0
0.0,0.0,1131.0,0.7665975017646149,0.8187450058474636,0.6426136363636363,0.3,0.3,629.0,0.3573863636363636,0.9675376088677752,0.6943181818181818,1222.0,1222.0,0.8225606212269454,0.8589842972719525,0.7495742606947061,1.0,global,0.697963237820835,0.95,1263.0,0.8225606318488743,497.0,0.0,0.7176136363636364,0.5391327501769911,0.5682228514151557,0.3573863636363636,1760.0,0.0,0.0
0.0,0.0,1131.0,0.7665975017646149,0.8187450058474636,0.6426136363636363,0.3,0.5,629.0,0.3573863636363636,0.9675376088677752,0.6943181818181818,1222.0,1222.0,0.8225606212269454,0.8589842972719525,0.7495742606947061,1.0,global,0.697963237820835,0.95,1263.0,0.8225606318488743,497.0,0.0,0.7176136363636364,0.5391327501769911,0.5682228514151557,0.3573863636363636,1760.0,0.0,0.0
0.0,0.0,1131.0,0.7665975017646149,0.8187450058474636,0.6426136363636363,0.3,1.0,629.0,0.3573863636363636,0.9675376088677752,0.6943181818181818,1222.0,1222.0,0.8225606212269454,0.8589842972719525,0.7495742606947061,1.0,global,0.697963237820835,0.95,1263.0,0.8225606318488743,497.0,0.0,0.7176136363636364,0.5391327501769911,0.5682228514151557,0.3573863636363636,1760.0,0.0,0.0
972.0,0.5522727272727272,375.0,0.8818060414083602,0.9175028553376368,0.21306818181818182,0.3,0.0,413.0,0.2346590909090909,1.0,0.7176136363636364,1263.0,1263.0,0.9708024425331816,1.0,1.0,1.0,global,0.8454712440030526,0.975,1263.0,0.9708024452138923,497.0,0.0,0.7176136363636364,0.5640904742647147,0.5682228514151557,0.7869318181818182,1760.0,0.0,0.0
286.0,0.1625,845.0,0.8861000497120989,0.9204216497269518,0.48011363636363635,0.3,0.025,629.0,0.3573863636363636,0.9984164687252574,0.7164772727272727,1261.0,1261.0,0.9362304798546722,0.9863332271891144,0.9124492325913053,1.0,global,0.8454712440030526,0.975,1263.0,0.9362304852675408,497.0,0.0,0.7176136363636364,0.5585149520963076,0.5682228514151557,0.5198863636363636,1760.0,0.0,0.0
0.0,0.0,1118.0,0.8722736874597964,0.9149110477151922,0.6352272727272728,0.3,0.05,642.0,0.36477272727272725,0.9912905779889153,0.7113636363636363,1252.0,1252.0,0.90318508737967,0.9365839484941185,0.8780817174031755,1.0,global,0.8454712440030526,0.975,1263.0,0.9031850994857535,497.0,0.0,0.7176136363636364,0.554864613063564,0.5682228514151557,0.36477272727272725,1760.0,0.0,0.0
0.0,0.0,1118.0,0.8722736874597964,0.9149110477151922,0.6352272727272728,0.3,0.075,642.0,0.36477272727272725,0.9912905779889153,0.7113636363636363,1252.0,1252.0,0.90318508737967,0.9365839484941185,0.8780817174031755,1.0,global,0.8454712440030526,0.975,1263.0,0.9031850994857535,497.0,0.0,0.7176136363636364,0.554864613063564,0.5682228514151557,0.36477272727272725,1760.0,0.0,0.0
0.0,0.0,1118.0,0.8722736874597964,0.9149110477151922,0.6352272727272728,0.3,0.1,642.0,0.36477272727272725,0.9912905779889153,0.7113636363636363,1252.0,1252.0,0.90318508737967,0.9365839484941185,0.8780817174031755,1.0,global,0.8454712440030526,0.975,1263.0,0.9031850994857535,497.0,0.0,0.7176136363636364,0.554864613063564,0.5682228514151557,0.36477272727272725,1760.0,0.0,0.0
0.0,0.0,1118.0,0.8722736874597964,0.9149110477151922,0.6352272727272728,0.3,0.15,642.0,0.36477272727272725,0.9912905779889153,0.7113636363636363,1252.0,1252.0,0.90318508737967,0.9365839484941185,0.8780817174031755,1.0,global,0.8454712440030526,0.975,1263.0,0.9031850994857535,497.0,0.0,0.7176136363636364,0.554864613063564,0.5682228514151557,0.36477272727272725,1760.0,0.0,0.0
0.0,0.0,1118.0,0.8722736874597964,0.9149110477151922,0.6352272727272728,0.3,0.2,642.0,0.36477272727272725,0.9912905779889153,0.7113636363636363,1252.0,1252.0,0.90318508737967,0.9365839484941185,0.8780817174031755,1.0,global,0.8454712440030526,0.975,1263.0,0.9031850994857535,497.0,0.0,0.7176136363636364,0.554864613063564,0.5682228514151557,0.36477272727272725,1760.0,0.0,0.0
0.0,0.0,1118.0,0.8722736874597964,0.9149110477151922,0.6352272727272728,0.3,0.3,642.0,0.36477272727272725,0.9912905779889153,0.7113636363636363,1252.0,1252.0,0.90318508737967,0.9365839484941185,0.8780817174031755,1.0,global,0.8454712440030526,0.975,1263.0,0.9031850994857535,497.0,0.0,0.7176136363636364,0.554864613063564,0.5682228514151557,0.36477272727272725,1760.0,0.0,0.0
0.0,0.0,1118.0,0.8722736874597964,0.9149110477151922,0.6352272727272728,0.3,0.5,642.0,0.36477272727272725,0.9912905779889153,0.7113636363636363,1252.0,1252.0,0.90318508737967,0.9365839484941185,0.8780817174031755,1.0,global,0.8454712440030526,0.975,1263.0,0.9031850994857535,497.0,0.0,0.7176136363636364,0.554864613063564,0.5682228514151557,0.36477272727272725,1760.0,0.0,0.0
0.0,0.0,1118.0,0.8722736874597964,0.9149110477151922,0.6352272727272728,0.3,1.0,642.0,0.36477272727272725,0.9912905779889153,0.7113636363636363,1252.0,1252.0,0.90318508737967,0.9365839484941185,0.8780817174031755,1.0,global,0.8454712440030526,0.975,1263.0,0.9031850994857535,497.0,0.0,0.7176136363636364,0.554864613063564,0.5682228514151557,0.36477272727272725,1760.0,0.0,0.0
1760.0,1.0,0.0,nan,nan,0.0,0.5,0.0,0.0,0.0,1.0,0.7176136363636364,1263.0,1263.0,1.0,1.0,1.0,1.0,global,-1.3235319586661285,0.5,1263.0,1.0,497.0,0.0,0.7176136363636364,0.5682228514151557,0.5682228514151557,1.0,1760.0,0.0,0.0
1760.0,1.0,0.0,nan,nan,0.0,0.5,0.025,0.0,0.0,1.0,0.7176136363636364,1263.0,1263.0,1.0,1.0,1.0,1.0,global,-1.3235319586661285,0.5,1263.0,1.0,497.0,0.0,0.7176136363636364,0.5682228514151557,0.5682228514151557,1.0,1760.0,0.0,0.0
1760.0,1.0,0.0,nan,nan,0.0,0.5,0.05,0.0,0.0,1.0,0.7176136363636364,1263.0,1263.0,1.0,1.0,1.0,1.0,global,-1.3235319586661285,0.5,1263.0,1.0,497.0,0.0,0.7176136363636364,0.5682228514151557,0.5682228514151557,1.0,1760.0,0.0,0.0
1760.0,1.0,0.0,nan,nan,0.0,0.5,0.075,0.0,0.0,1.0,0.7176136363636364,1263.0,1263.0,1.0,1.0,1.0,1.0,global,-1.3235319586661285,0.5,1263.0,1.0,497.0,0.0,0.7176136363636364,0.5682228514151557,0.5682228514151557,1.0,1760.0,0.0,0.0
1760.0,1.0,0.0,nan,nan,0.0,0.5,0.1,0.0,0.0,1.0,0.7176136363636364,1263.0,1263.0,1.0,1.0,1.0,1.0,global,-1.3235319586661285,0.5,1263.0,1.0,497.0,0.0,0.7176136363636364,0.5682228514151557,0.5682228514151557,1.0,1760.0,0.0,0.0
1665.0,0.9460227272727273,34.0,0.846673116117098,0.8470726059381509,0.019318181818181818,0.5,0.15,61.0,0.03465909090909091,0.9944576405384006,0.7136363636363636,1256.0,1256.0,0.9984130179215941,1.0,1.0,1.0,global,-1.3235319586661285,0.5,1263.0,0.9984130179215941,497.0,0.0,0.7176136363636364,0.5659110180435206,0.5682228514151557,0.9806818181818182,1760.0,0.0,0.0
1300.0,0.7386363636363636,174.0,0.6761420494506665,0.7654107935177763,0.09886363636363636,0.5,0.2,286.0,0.1625,0.9659540775930324,0.6931818181818182,1220.0,1220.0,0.9822143584534382,1.0,1.0,1.0,global,-1.3235319586661285,0.5,1263.0,0.9822143584534382,497.0,0.0,0.7176136363636364,0.5562460653511139,0.5682228514151557,0.9011363636363636,1760.0,0.0,0.0
1091.0,0.6198863636363636,261.0,0.6397052674644067,0.7288011160213436,0.14829545454545454,0.5,0.3,408.0,0.2318181818181818,0.9429928741092637,0.6767045454545455,1191.0,1191.0,0.9694460386346812,1.0,1.0,1.0,global,-1.3235319586661285,0.5,1263.0,0.9694460441587214,497.0,0.0,0.7176136363636364,0.5493957108835721,0.5682228514151557,0.8517045454545454,1760.0,0.0,0.0
499.0,0.28352272727272726,748.0,0.525262809539683,0.5353243112834515,0.425,0.5,0.5,513.0,0.29147727272727275,0.7727632620744259,0.5545454545454546,976.0,976.0,0.8579679717065445,1.0,0.9116048176068513,1.0,global,-1.3235319586661285,0.5,1263.0,0.8579679817623119,497.0,0.0,0.7176136363636364,0.4721753153084924,0.5682228514151557,0.575,1760.0,0.0,0.0
0.0,0.0,1238.0,0.5074571115744236,0.5269436575990033,0.7034090909090909,0.5,1.0,522.0,0.29659090909090907,0.5170229612034838,0.3710227272727273,653.0,653.0,0.6839579322353498,0.8291655623718669,0.3949589612442599,1.0,global,-1.3235319586661285,0.5,1263.0,0.6839579483629968,497.0,0.0,0.7176136363636364,0.37522372291105727,0.5682228514151557,0.29659090909090907,1760.0,0.0,0.0
1760.0,1.0,0.0,nan,nan,0.0,0.5,0.0,0.0,0.0,1.0,0.7176136363636364,1263.0,1263.0,1.0,1.0,1.0,1.0,global,-0.7976770610467208,0.6,1263.0,1.0,497.0,0.0,0.7176136363636364,0.5682228514151557,0.5682228514151557,1.0,1760.0,0.0,0.0
1760.0,1.0,0.0,nan,nan,0.0,0.5,0.025,0.0,0.0,1.0,0.7176136363636364,1263.0,1263.0,1.0,1.0,1.0,1.0,global,-0.7976770610467208,0.6,1263.0,1.0,497.0,0.0,0.7176136363636364,0.5682228514151557,0.5682228514151557,1.0,1760.0,0.0,0.0
1760.0,1.0,0.0,nan,nan,0.0,0.5,0.05,0.0,0.0,1.0,0.7176136363636364,1263.0,1263.0,1.0,1.0,1.0,1.0,global,-0.7976770610467208,0.6,1263.0,1.0,497.0,0.0,0.7176136363636364,0.5682228514151557,0.5682228514151557,1.0,1760.0,0.0,0.0
1760.0,1.0,0.0,nan,nan,0.0,0.5,0.075,0.0,0.0,1.0,0.7176136363636364,1263.0,1263.0,1.0,1.0,1.0,1.0,global,-0.7976770610467208,0.6,1263.0,1.0,497.0,0.0,0.7176136363636364,0.5682228514151557,0.5682228514151557,1.0,1760.0,0.0,0.0
1760.0,1.0,0.0,nan,nan,0.0,0.5,0.1,0.0,0.0,1.0,0.7176136363636364,1263.0,1263.0,1.0,1.0,1.0,1.0,global,-0.7976770610467208,0.6,1263.0,1.0,497.0,0.0,0.7176136363636364,0.5682228514151557,0.5682228514151557,1.0,1760.0,0.0,0.0
1433.0,0.8142045454545455,104.0,0.6632598675046396,0.7754481640490123,0.05909090909090909,0.5,0.15,223.0,0.12670454545454546,0.9849564528899446,0.7068181818181818,1244.0,1244.0,0.987006811607896,1.0,1.0,1.0,global,-0.7976770610467208,0.6,1263.0,0.9870068117226015,497.0,0.0,0.7176136363636364,0.5622562574491735,0.5682228514151557,0.9409090909090909,1760.0,0.0,0.0
1091.0,0.6198863636363636,237.0,0.585249877697375,0.6506556757404757,0.13465909090909092,0.5,0.2,432.0,0.24545454545454545,0.9604117181314331,0.6892045454545455,1213.0,1213.0,0.9627306155556585,1.0,1.0,1.0,global,-0.7976770610467208,0.6,1263.0,0.9627306156824706,497.0,0.0,0.7176136363636364,0.5539204500889607,0.5682228514151557,0.8653409090909091,1760.0,0.0,0.0
1091.0,0.6198863636363636,237.0,0.585249877697375,0.6506556757404757,0.13465909090909092,0.5,0.3,432.0,0.24545454545454545,0.9604117181314331,0.6892045454545455,1213.0,1213.0,0.9627306155556585,1.0,1.0,1.0,global,-0.7976770610467208,0.6,1263.0,0.9627306156824706,497.0,0.0,0.7176136363636364,0.5539204500889607,0.5682228514151557,0.8653409090909091,1760.0,0.0,0.0
463.0,0.2630681818181818,735.0,0.5047430554744591,0.5079587057926547,0.41761363636363635,0.5,0.5,562.0,0.31931818181818183,0.8171021377672208,0.5863636363636363,1032.0,1032.0,0.8310751507044667,1.0,0.7533481845195534,1.0,global,-0.7976770610467208,0.6,1263.0,0.8310751512684361,497.0,0.0,0.7176136363636364,0.4866301150345416,0.5682228514151557,0.5823863636363636,1760.0,0.0,0.0
0.0,0.0,1185.0,0.48417441779757986,0.46909342613744487,0.6732954545454546,0.5,1.0,575.0,0.32670454545454547,0.618368962787015,0.44375,781.0,781.0,0.6591984629750974,0.7537032206470458,0.32509521356338866,1.0,global,-0.7976770610467208,0.6,1263.0,0.6591984671726658,497.0,0.0,0.7176136363636364,0.41704072989311225,0.5682228514151557,0.32670454545454547,1760.0,0.0,0.0
1760.0,1.0,0.0,nan,nan,0.0,0.5,0.0,0.0,0.0,1.0,0.7176136363636364,1263.0,1263.0,1.0,1.0,1.0,1.0,global,-0.5818237748657029,0.65,1263.0,1.0,497.0,0.0,0.7176136363636364,0.5682228514151557,0.5682228514151557,1.0,1760.0,0.0,0.0
1760.0,1.0,0.0,nan,nan,0.0,0.5,0.025,0.0,0.0,1.0,0.7176136363636364,1263.0,1263.0,1.0,1.0,1.0,1.0,global,-0.5818237748657029,0.65,1263.0,1.0,497.0,0.0,0.7176136363636364,0.5682228514151557,0.5682228514151557,1.0,1760.0,0.0,0.0
1760.0,1.0,0.0,nan,nan,0.0,0.5,0.05,0.0,0.0,1.0,0.7176136363636364,1263.0,1263.0,1.0,1.0,1.0,1.0,global,-0.5818237748657029,0.65,1263.0,1.0,497.0,0.0,0.7176136363636364,0.5682228514151557,0.5682228514151557,1.0,1760.0,0.0,0.0
1552.0,0.8818181818181818,58.0,0.6105094662955488,0.7701259488437715,0.03295454545454545,0.5,0.075,150.0,0.08522727272727272,0.995249406175772,0.7142045454545455,1257.0,1257.0,0.9903944259786491,1.0,1.0,1.0,global,-0.5818237748657029,0.65,1263.0,0.9903944259786491,497.0,0.0,0.7176136363636364,0.5651925705565465,0.5682228514151557,0.9670454545454545,1760.0,0.0,0.0
1552.0,0.8818181818181818,58.0,0.6105094662955488,0.7701259488437715,0.03295454545454545,0.5,0.1,150.0,0.08522727272727272,0.995249406175772,0.7142045454545455,1257.0,1257.0,0.9903944259786491,1.0,1.0,1.0,global,-0.5818237748657029,0.65,1263.0,0.9903944259786491,497.0,0.0,0.7176136363636364,0.5651925705565465,0.5682228514151557,0.9670454545454545,1760.0,0.0,0.0
1193.0,0.6778409090909091,186.0,0.5785407006794768,0.6530444322330896,0.10568181818181818,0.5,0.15,381.0,0.21647727272727274,0.9746634996041171,0.6994318181818182,1231.0,1231.0,0.9688441947699694,1.0,1.0,1.0,global,-0.5818237748657029,0.65,1263.0,0.9688441947699694,497.0,0.0,0.7176136363636364,0.5580063852073294,0.5682228514151557,0.8943181818181818,1760.0,0.0,0.0
1091.0,0.6198863636363636,221.0,0.5689078058940071,0.6066822524255835,0.12556818181818183,0.5,0.2,448.0,0.2545454545454545,0.9683293745051464,0.6948863636363637,1223.0,1223.0,0.9608738891694478,1.0,1.0,1.0,global,-0.5818237748657029,0.65,1263.0,0.9608738891694478,497.0,0.0,0.7176136363636364,0.5557476049336406,0.5682228514151557,0.8744318181818181,1760.0,0.0,0.0
1091.0,0.6198863636363636,221.0,0.5689078058940071,0.6066822524255835,0.12556818181818183,0.5,0.3,448.0,0.2545454545454545,0.9683293745051464,0.6948863636363637,1223.0,1223.0,0.9608738891694478,1.0,1.0,1.0,global,-0.5818237748657029,0.65,1263.0,0.9608738891694478,497.0,0.0,0.7176136363636364,0.5557476049336406,0.5682228514151557,0.8744318181818181,1760.0,0.0,0.0
221.0,0.12556818181818183,938.0,0.4804129580641428,0.472598216098833,0.5329545454545455,0.5,0.5,601.0,0.34147727272727274,0.7719714964370546,0.5539772727272727,975.0,975.0,0.7388742045655692,1.0,0.47158857336933224,1.0,global,-0.5818237748657029,0.65,1263.0,0.7388742060001825,497.0,0.0,0.7176136363636364,0.46492877443759023,0.5682228514151557,0.46704545454545454,1760.0,0.0,0.0
0.0,0.0,1155.0,0.4776516400441344,0.4570088304669264,0.65625,0.5,1.0,605.0,0.34375,0.6753760886777513,0.48465909090909093,853.0,853.0,0.6497265393965357,0.7215452361508402,0.33907874903096447,1.0,global,-0.5818237748657029,0.65,1263.0,0.6497265410769426,497.0,0.0,0.7176136363636364,0.43563597760486966,0.5682228514151557,0.34375,1760.0,0.0,0.0
1760.0,1.0,0.0,nan,nan,0.0,0.5,0.0,0.0,0.0,1.0,0.7176136363636364,1263.0,1263.0,1.0,1.0,1.0,1.0,global,-0.490252109185833,0.68,1263.0,1.0,497.0,0.0,0.7176136363636364,0.5682228514151557,0.5682228514151557,1.0,1760.0,0.0,0.0
1760.0,1.0,0.0,nan,nan,0.0,0.5,0.025,0.0,0.0,1.0,0.7176136363636364,1263.0,1263.0,1.0,1.0,1.0,1.0,global,-0.490252109185833,0.68,1263.0,1.0,497.0,0.0,0.7176136363636364,0.5682228514151557,0.5682228514151557,1.0,1760.0,0.0,0.0
1552.0,0.8818181818181818,57.0,0.5984470244619801,0.7025915417204327,0.03238636363636364,0.5,0.05,151.0,0.08579545454545455,0.9968329374505146,0.7153409090909091,1259.0,1259.0,0.9894747830081376,1.0,1.0,1.0,global,-0.490252109185833,0.68,1263.0,0.9894747830324152,497.0,0.0,0.7176136363636364,0.565400807902275,0.5682228514151557,0.9676136363636364,1760.0,0.0,0.0
1552.0,0.8818181818181818,57.0,0.5984470244619801,0.7025915417204327,0.03238636363636364,0.5,0.075,151.0,0.08579545454545455,0.9968329374505146,0.7153409090909091,1259.0,1259.0,0.9894747830081376,1.0,1.0,1.0,global,-0.490252109185833,0.68,1263.0,0.9894747830324152,497.0,0.0,0.7176136363636364,0.565400807902275,0.5682228514151557,0.9676136363636364,1760.0,0.0,0.0
1433.0,0.8142045454545455,95.0,0.5830934307097988,0.6996904632061789,0.05397727272727273,0.5,0.1,232.0,0.1318181818181818,0.9920823436262867,0.7119318181818182,1253.0,1253.0,0.983030937722426,1.0,1.0,1.0,global,-0.490252109185833,0.68,1263.0,0.9830309377468198,497.0,0.0,0.7176136363636364,0.5633860513501853,0.5682228514151557,0.9460227272727273,1760.0,0.0,0.0
1091.0,0.6198863636363636,218.0,0.5628036679997754,0.6226488238059186,0.12386363636363637,0.5,0.15,451.0,0.25625,0.9722882026920031,0.6977272727272728,1228.0,1228.0,0.9594133698305981,1.0,1.0,1.0,global,-0.490252109185833,0.68,1263.0,0.9594133698603484,497.0,0.0,0.7176136363636364,0.5565690823206245,0.5682228514151557,0.8761363636363636,1760.0,0.0,0.0
1091.0,0.6198863636363636,218.0,0.5628036679997754,0.6226488238059186,0.12386363636363637,0.5,0.2,451.0,0.25625,0.9722882026920031,0.6977272727272728,1228.0,1228.0,0.9594133698305981,1.0,1.0,1.0,global,-0.490252109185833,0.68,1263.0,0.9594133698603484,497.0,0.0,0.7176136363636364,0.5565690823206245,0.5682228514151557,0.8761363636363636,1760.0,0.0,0.0
538.0,0.30568181818181817,641.0,0.5098390364777655,0.5082179272451406,0.36420454545454545,0.5,0.3,581.0,0.3301136363636364,0.882818685669042,0.6335227272727273,1115.0,1115.0,0.8395437204613313,1.0,0.7803430268301368,1.0,global,-0.490252109185833,0.68,1263.0,0.8395437213021055,497.0,0.0,0.7176136363636364,0.5100517725325091,0.5682228514151557,0.6357954545454545,1760.0,0.0,0.0
150.0,0.08522727272727272,999.0,0.48294618834367914,0.4600904235325378,0.5676136363636364,0.5,0.5,611.0,0.3471590909090909,0.7688044338875692,0.5517045454545455,971.0,971.0,0.7081920815781011,0.8864513813601319,0.4099836464672389,1.0,global,-0.490252109185833,0.68,1263.0,0.7081920855279671,497.0,0.0,0.7176136363636364,0.4630496900388898,0.5682228514151557,0.4323863636363636,1760.0,0.0,0.0
0.0,0.0,1148.0,0.47862585733725077,0.4465811322499208,0.6522727272727272,0.5,1.0,612.0,0.3477272727272727,0.7030878859857482,0.5045454545454545,888.0,888.0,0.6453716417023644,0.7163811466432727,0.34151889154616044,1.0,global,-0.490252109185833,0.68,1263.0,0.6453716460214182,497.0,0.0,0.7176136363636364,0.44365799464035743,0.5682228514151557,0.3477272727272727,1760.0,0.0,0.0
1760.0,1.0,0.0,nan,nan,0.0,0.5,0.0,0.0,0.0,1.0,0.7176136363636364,1263.0,1263.0,1.0,1.0,1.0,1.0,global,-0.4272965960449154,0.7,1263.0,1.0,497.0,0.0,0.7176136363636364,0.5682228514151557,0.5682228514151557,1.0,1760.0,0.0,0.0
1760.0,1.0,0.0,nan,nan,0.0,0.5,0.025,0.0,0.0,1.0,0.7176136363636364,1263.0,1263.0,1.0,1.0,1.0,1.0,global,-0.4272965960449154,0.7,1263.0,1.0,497.0,0.0,0.7176136363636364,0.5682228514151557,0.5682228514151557,1.0,1760.0,0.0,0.0
1552.0,0.8818181818181818,55.0,0.6078382527773453,0.7583147307972808,0.03125,0.5,0.05,153.0,0.08693181818181818,0.9968329374505146,0.7153409090909091,1259.0,1259.0,0.9900324258053018,1.0,1.0,1.0,global,-0.4272965960449154,0.7,1263.0,0.9900324258053018,497.0,0.0,0.7176136363636364,0.565524702013154,0.5682228514151557,0.96875,1760.0,0.0,0.0
1552.0,0.8818181818181818,55.0,0.6078382527773453,0.7583147307972808,0.03125,0.5,0.075,153.0,0.08693181818181818,0.9968329374505146,0.7153409090909091,1259.0,1259.0,0.9900324258053018,1.0,1.0,1.0,global,-0.4272965960449154,0.7,1263.0,0.9900324258053018,497.0,0.0,0.7176136363636364,0.565524702013154,0.5682228514151557,0.96875,1760.0,0.0,0.0
1331.0,0.75625,125.0,0.5527702572284153,0.6133369679233798,0.07102272727272728,0.5,0.1,304.0,0.17272727272727273,0.9889152810768013,0.709659090909091,1249.0,1249.0,0.9738608717195151,1.0,1.0,1.0,global,-0.4272965960449154,0.7,1263.0,0.9738608717195151,497.0,0.0,0.7176136363636364,0.5615807106419212,0.5682228514151557,0.9289772727272727,1760.0,0.0,0.0
1091.0,0.6198863636363636,214.0,0.5666713089041449,0.6242161214303236,0.1215909090909091,0.5,0.15,455.0,0.2585227272727273,0.9746634996041171,0.6994318181818182,1231.0,1231.0,0.9591664271591235,1.0,1.0,1.0,global,-0.4272965960449154,0.7,1263.0,0.9591664271591231,497.0,0.0,0.7176136363636364,0.5571020673405945,0.5682228514151557,0.8784090909090909,1760.0,0.0,0.0
1091.0,0.6198863636363636,214.0,0.5666713089041449,0.6242161214303236,0.1215909090909091,0.5,0.2,455.0,0.2585227272727273,0.9746634996041171,0.6994318181818182,1231.0,1231.0,0.9591664271591235,1.0,1.0,1.0,global,-0.4272965960449154,0.7,1263.0,0.9591664271591231,497.0,0.0,0.7176136363636364,0.5571020673405945,0.5682228514151557,0.8784090909090909,1760.0,0.0,0.0
538.0,0.30568181818181817,636.0,0.5205769475992212,0.5205972487159098,0.3613636363636364,0.5,0.3,586.0,0.33295454545454545,0.8891528107680127,0.6380681818181818,1123.0,1123.0,0.8411884456873645,1.0,0.773643375930317,1.0,global,-0.4272965960449154,0.7,1263.0,0.8411884464161749,497.0,0.0,0.7176136363636364,0.5126259083683223,0.5682228514151557,0.6386363636363637,1760.0,0.0,0.0
150.0,0.08522727272727272,993.0,0.4944089831331352,0.4702156638940187,0.5642045454545455,0.5,0.5,617.0,0.35056818181818183,0.7790973871733967,0.5590909090909091,984.0,984.0,0.7122652749538168,0.8816911471072236,0.42571378972869056,1.0,global,-0.4272965960449154,0.7,1263.0,0.7122652782100156,497.0,0.0,0.7176136363636364,0.4676556312703416,0.5682228514151557,0.43579545454545454,1760.0,0.0,0.0
0.0,0.0,1142.0,0.4898016131514621,0.4649681990254217,0.6488636363636363,0.5,1.0,618.0,0.35113636363636364,0.7149643705463183,0.5130681818181818,903.0,903.0,0.6508276820903693,0.7205711497151315,0.35719918917491633,1.0,global,-0.4272965960449154,0.7,1263.0,0.6508276856386526,497.0,0.0,0.7176136363636364,0.4490934813263546,0.5682228514151557,0.35113636363636364,1760.0,0.0,0.0
1760.0,1.0,0.0,nan,nan,0.0,0.5,0.0,0.0,0.0,1.0,0.7176136363636364,1263.0,1263.0,1.0,1.0,1.0,1.0,global,-0.030691151380252628,0.8,1263.0,1.0,497.0,0.0,0.7176136363636364,0.5682228514151557,0.5682228514151557,1.0,1760.0,0.0,0.0
1647.0,0.9357954545454545,26.0,0.6076780415925902,0.5528358492383093,0.014772727272727272,0.5,0.025,87.0,0.04943181818181818,0.9992082343626286,0.7170454545454545,1262.0,1262.0,0.9950260290534718,1.0,1.0,1.0,global,-0.030691151380252628,0.8,1263.0,0.9950260290534718,497.0,0.0,0.7176136363636364,0.5672682470124057,0.5682228514151557,0.9852272727272727,1760.0,0.0,0.0
1552.0,0.8818181818181818,48.0,0.6450790196344682,0.5984999838862308,0.02727272727272727,0.5,0.05,160.0,0.09090909090909091,0.997624703087886,0.7159090909090909,1260.0,1260.0,0.9923945504207387,1.0,1.0,1.0,global,-0.030691151380252628,0.8,1263.0,0.9923945504207387,497.0,0.0,0.7176136363636364,0.5663217075373317,0.5682228514151557,0.9727272727272728,1760.0,0.0,0.0
1292.0,0.7340909090909091,139.0,0.5705869857728754,0.5863290914092276,0.07897727272727273,0.5,0.075,329.0,0.18693181818181817,0.9904988123515439,0.7107954545454546,1251.0,1251.0,0.9697934890072047,1.0,1.0,1.0,global,-0.030691151380252628,0.8,1263.0,0.9697934890072047,497.0,0.0,0.7176136363636364,0.5615091919935196,0.5682228514151557,0.9210227272727273,1760.0,0.0,0.0
1292.0,0.7340909090909091,139.0,0.5705869857728754,0.5863290914092276,0.07897727272727273,0.5,0.1,329.0,0.18693181818181817,0.9904988123515439,0.7107954545454546,1251.0,1251.0,0.9697934890072047,1.0,1.0,1.0,global,-0.030691151380252628,0.8,1263.0,0.9697934890072047,497.0,0.0,0.7176136363636364,0.5615091919935196,0.5682228514151557,0.9210227272727273,1760.0,0.0,0.0
1004.0,0.5704545454545454,263.0,0.5753928011486319,0.5875608311859902,0.1494318181818182,0.5,0.15,493.0,0.28011363636363634,0.9746634996041171,0.6994318181818182,1231.0,1231.0,0.9437766259847498,1.0,1.0,1.0,global,-0.030691151380252628,0.8,1263.0,0.943776627762555,497.0,0.0,0.7176136363636364,0.5544070142944396,0.5682228514151557,0.8505681818181818,1760.0,0.0,0.0
451.0,0.25625,666.0,0.5586036404466964,0.5819430026172075,0.3784090909090909,0.5,0.2,643.0,0.3653409090909091,0.9295328582739509,0.6670454545454545,1174.0,1174.0,0.8262988772456336,1.0,0.6830091453288014,1.0,global,-0.030691151380252628,0.8,1263.0,0.826298879223787,497.0,0.0,0.7176136363636364,0.5226262939505709,0.5682228514151557,0.6215909090909091,1760.0,0.0,0.0
221.0,0.12556818181818183,882.0,0.5415342497958376,0.5548113657312314,0.5011363636363636,0.5,0.3,657.0,0.37329545454545454,0.88756927949327,0.6369318181818182,1121.0,1121.0,0.750113672279444,0.9160459280063538,0.5269897297173503,1.0,global,-0.030691151380252628,0.8,1263.0,0.7501136748141836,497.0,0.0,0.7176136363636364,0.5019727243229789,0.5682228514151557,0.49886363636363634,1760.0,0.0,0.0
0.0,0.0,1097.0,0.533093371967855,0.5463510258522923,0.6232954545454545,0.5,0.5,663.0,0.37670454545454546,0.8234362628661916,0.5909090909090909,1040.0,1040.0,0.6713695656542981,0.7110935111144993,0.42991067798839816,1.0,global,-0.030691151380252628,0.8,1263.0,0.6713695687848834,497.0,0.0,0.7176136363636364,0.4831174269109587,0.5682228514151557,0.37670454545454546,1760.0,0.0,0.0
0.0,0.0,1097.0,0.533093371967855,0.5463510258522923,0.6232954545454545,0.5,1.0,663.0,0.37670454545454546,0.8234362628661916,0.5909090909090909,1040.0,1040.0,0.6713695656542981,0.7110935111144993,0.42991067798839816,1.0,global,-0.030691151380252628,0.8,1263.0,0.6713695687848834,497.0,0.0,0.7176136363636364,0.4831174269109587,0.5682228514151557,0.37670454545454546,1760.0,0.0,0.0
1760.0,1.0,0.0,nan,nan,0.0,0.5,0.0,0.0,0.0,1.0,0.7176136363636364,1263.0,1263.0,1.0,1.0,1.0,1.0,global,0.10138595709308364,0.85,1263.0,1.0,497.0,0.0,0.7176136363636364,0.5682228514151557,0.5682228514151557,1.0,1760.0,0.0,0.0
1450.0,0.8238636363636364,76.0,0.6191544476418955,0.5966573274189756,0.04318181818181818,0.5,0.025,234.0,0.13295454545454546,0.997624703087886,0.7159090909090909,1260.0,1260.0,0.9845848228807433,1.0,1.0,1.0,global,0.10138595709308364,0.85,1263.0,0.9845848228807436,497.0,0.0,0.7176136363636364,0.5653659155863769,0.5682228514151557,0.9568181818181818,1760.0,0.0,0.0
1292.0,0.7340909090909091,136.0,0.5915110468591194,0.5890619421338402,0.07727272727272727,0.5,0.05,332.0,0.18863636363636363,0.9944576405384006,0.7136363636363636,1256.0,1256.0,0.9704040647007801,1.0,1.0,1.0,global,0.10138595709308364,0.85,1263.0,0.9704040647007801,497.0,0.0,0.7176136363636364,0.5624507195701784,0.5682228514151557,0.9227272727272727,1760.0,0.0,0.0
1292.0,0.7340909090909091,136.0,0.5915110468591194,0.5890619421338402,0.07727272727272727,0.5,0.075,332.0,0.18863636363636363,0.9944576405384006,0.7136363636363636,1256.0,1256.0,0.9704040647007801,1.0,1.0,1.0,global,0.10138595709308364,0.85,1263.0,0.9704040647007801,497.0,0.0,0.7176136363636364,0.5624507195701784,0.5682228514151557,0.9227272727272727,1760.0,0.0,0.0
1004.0,0.5704545454545454,258.0,0.5957956794894214,0.6083405090456144,0.14659090909090908,0.5,0.1,498.0,0.28295454545454546,0.9825811559778306,0.7051136363636363,1241.0,1241.0,0.9446295451355372,1.0,1.0,1.0,global,0.10138595709308364,0.85,1263.0,0.9446295453283934,497.0,0.0,0.7176136363636364,0.5562864934761768,0.5682228514151557,0.8534090909090909,1760.0,0.0,0.0
415.0,0.23579545454545456,689.0,0.5739471435789595,0.6011399197387982,0.39147727272727273,0.5,0.15,656.0,0.37272727272727274,0.9493269992082344,0.68125,1199.0,1199.0,0.8184211762876132,1.0,0.6536433491009639,1.0,global,0.10138595709308364,0.85,1263.0,0.81842117685583,497.0,0.0,0.7176136363636364,0.5252049437967513,0.5682228514151557,0.6085227272727273,1760.0,0.0,0.0
356.0,0.20227272727272727,746.0,0.5694580906161245,0.5966573274189756,0.4238636363636364,0.5,0.2,658.0,0.37386363636363634,0.9414093428345209,0.6755681818181818,1189.0,1189.0,0.7997563701519906,1.0,0.622254379068336,1.0,global,0.10138595709308364,0.85,1263.0,0.7997563710259437,497.0,0.0,0.7176136363636364,0.5208477474544149,0.5682228514151557,0.5761363636363637,1760.0,0.0,0.0
150.0,0.08522727272727272,940.0,0.5616866825948685,0.5911004595977696,0.5340909090909091,0.5,0.3,670.0,0.3806818181818182,0.9073634204275535,0.6511363636363636,1146.0,1146.0,0.7345641864928785,0.8411245953075253,0.5222670492812012,1.0,global,0.10138595709308364,0.85,1263.0,0.7345641877427405,497.0,0.0,0.7176136363636364,0.5060185637545984,0.5682228514151557,0.4659090909090909,1760.0,0.0,0.0
0.0,0.0,1087.0,0.5524583898165825,0.5811335211893515,0.6176136363636363,0.5,0.5,673.0,0.38238636363636364,0.8693586698337292,0.6238636363636364,1098.0,1098.0,0.6808514747052679,0.717739851836878,0.4592162073619083,1.0,global,0.10138595709308364,0.85,1263.0,0.6808514765787451,497.0,0.0,0.7176136363636364,0.49450508819051625,0.5682228514151557,0.38238636363636364,1760.0,0.0,0.0
0.0,0.0,1087.0,0.5524583898165825,0.5811335211893515,0.6176136363636363,0.5,1.0,673.0,0.38238636363636364,0.8693586698337292,0.6238636363636364,1098.0,1098.0,0.6808514747052679,0.717739851836878,0.4592162073619083,1.0,global,0.10138595709308364,0.85,1263.0,0.6808514765787451,497.0,0.0,0.7176136363636364,0.49450508819051625,0.5682228514151557,0.38238636363636364,1760.0,0.0,0.0
1760.0,1.0,0.0,nan,nan,0.0,0.5,0.0,0.0,0.0,1.0,0.7176136363636364,1263.0,1263.0,1.0,1.0,1.0,1.0,global,0.23848728610405107,0.88,1263.0,1.0,497.0,0.0,0.7176136363636364,0.5682228514151557,0.5682228514151557,1.0,1760.0,0.0,0.0
1331.0,0.75625,106.0,0.6668288303291982,0.6676035375393149,0.060227272727272727,0.5,0.025,323.0,0.18352272727272728,0.9968329374505146,0.7153409090909091,1259.0,1259.0,0.9812111572306378,1.0,1.0,1.0,global,0.23848728610405107,0.88,1263.0,0.9812111572855847,497.0,0.0,0.7176136363636364,0.5648592125701364,0.5682228514151557,0.9397727272727273,1760.0,0.0,0.0
1292.0,0.7340909090909091,133.0,0.6444464445678784,0.6640774970991066,0.07556818181818181,0.5,0.05,335.0,0.1903409090909091,0.9960411718131433,0.7147727272727272,1258.0,1258.0,0.9737150392248114,1.0,1.0,1.0,global,0.23848728610405107,0.88,1263.0,0.9737150392798019,497.0,0.0,0.7176136363636364,0.5633817888047931,0.5682228514151557,0.9244318181818182,1760.0,0.0,0.0
1111.0,0.63125,217.0,0.6344296925665489,0.655592201497062,0.12329545454545454,0.5,0.075,432.0,0.24545454545454545,0.9897070467141726,0.7102272727272727,1250.0,1250.0,0.9558391068620392,1.0,1.0,1.0,global,0.23848728610405107,0.88,1263.0,0.9558391069173818,497.0,0.0,0.7176136363636364,0.5592629765996424,0.5682228514151557,0.8767045454545455,1760.0,0.0,0.0
415.0,0.23579545454545456,675.0,0.617135233982506,0.6533354562290565,0.3835227272727273,0.5,0.1,670.0,0.3806818181818182,0.9635787806809184,0.6914772727272728,1217.0,1217.0,0.8357802729160789,1.0,0.6991269195569041,1.0,global,0.23848728610405107,0.88,1263.0,0.8357802731424979,497.0,0.0,0.7176136363636364,0.5320922991721672,0.5682228514151557,0.6164772727272727,1760.0,0.0,0.0
357.0,0.2028409090909091,731.0,0.6136221121584716,0.6496095888490068,0.4153409090909091,0.5,0.15,672.0,0.38181818181818183,0.9572446555819477,0.6869318181818181,1209.0,1209.0,0.8187954818807719,1.0,0.6640774970991066,1.0,global,0.23848728610405107,0.88,1263.0,0.8187954822374119,497.0,0.0,0.7176136363636364,0.5279416652800063,0.5682228514151557,0.584659090909091,1760.0,0.0,0.0
150.0,0.08522727272727272,922.0,0.6018149399309324,0.6375024126009082,0.5238636363636363,0.5,0.2,688.0,0.39090909090909093,0.9311163895486936,0.6681818181818182,1176.0,1176.0,0.7582447849580661,0.847396707751124,0.5750002147471114,1.0,global,0.23848728610405107,0.88,1263.0,0.7582447863522706,497.0,0.0,0.7176136363636364,0.5159381589365529,0.5682228514151557,0.47613636363636364,1760.0,0.0,0.0
0.0,0.0,1069.0,0.5907377774181215,0.6218002477110134,0.6073863636363637,0.5,0.3,691.0,0.3926136363636364,0.9010292953285828,0.6465909090909091,1138.0,1138.0,0.7076184648865841,0.7474040613161982,0.5155612817083237,1.0,global,0.23848728610405107,0.88,1263.0,0.7076184669413398,497.0,0.0,0.7176136363636364,0.5062641630502756,0.5682228514151557,0.3926136363636364,1760.0,0.0,0.0
0.0,0.0,1069.0,0.5907377774181215,0.6218002477110134,0.6073863636363637,0.5,0.5,691.0,0.3926136363636364,0.9010292953285828,0.6465909090909091,1138.0,1138.0,0.7076184648865841,0.7474040613161982,0.5155612817083237,1.0,global,0.23848728610405107,0.88,1263.0,0.7076184669413398,497.0,0.0,0.7176136363636364,0.5062641630502756,0.5682228514151557,0.3926136363636364,1760.0,0.0,0.0
0.0,0.0,1069.0,0.5907377774181215,0.6218002477110134,0.6073863636363637,0.5,1.0,691.0,0.3926136363636364,0.9010292953285828,0.6465909090909091,1138.0,1138.0,0.7076184648865841,0.7474040613161982,0.5155612817083237,1.0,global,0.23848728610405107,0.88,1263.0,0.7076184669413398,497.0,0.0,0.7176136363636364,0.5062641630502756,0.5682228514151557,0.3926136363636364,1760.0,0.0,0.0
1760.0,1.0,0.0,nan,nan,0.0,0.5,0.0,0.0,0.0,1.0,0.7176136363636364,1263.0,1263.0,1.0,1.0,1.0,1.0,global,0.3131943613798524,0.9,1263.0,1.0,497.0,0.0,0.7176136363636364,0.5682228514151557,0.5682228514151557,1.0,1760.0,0.0,0.0
1331.0,0.75625,104.0,0.694210257406778,0.698267914806961,0.05909090909090909,0.5,0.025,325.0,0.1846590909090909,0.9968329374505146,0.7153409090909091,1259.0,1259.0,0.9829981874650313,1.0,1.0,1.0,global,0.3131943613798524,0.9,1263.0,0.9829981874650313,497.0,0.0,0.7176136363636364,0.565210020954568,0.5682228514151557,0.9409090909090909,1760.0,0.0,0.0
1244.0,0.7068181818181818,169.0,0.6558636447057493,0.6598545097702253,0.09602272727272727,0.5,0.05,347.0,0.19715909090909092,0.9944576405384006,0.7136363636363636,1256.0,1256.0,0.9660247547320963,1.0,1.0,1.0,global,0.3131943613798524,0.9,1263.0,0.9660247547320964,497.0,0.0,0.7176136363636364,0.5612909558876037,0.5682228514151557,0.9039772727272727,1760.0,0.0,0.0
1004.0,0.5704545454545454,248.0,0.6768004154362862,0.6945860304353907,0.1409090909090909,0.5,0.075,508.0,0.28863636363636364,0.9873317498020586,0.7085227272727272,1247.0,1247.0,0.9551615652529891,1.0,1.0,1.0,global,0.3131943613798524,0.9,1263.0,0.9551615652857532,497.0,0.0,0.7176136363636364,0.559303976006604,0.5682228514151557,0.8590909090909091,1760.0,0.0,0.0
415.0,0.23579545454545456,669.0,0.6451501400855794,0.6817780530044946,0.3801136363636364,0.5,0.1,676.0,0.3840909090909091,0.9707046714172605,0.696590909090909,1226.0,1226.0,0.84717722183131,1.0,0.7243895892577915,1.0,global,0.3131943613798524,0.9,1263.0,0.8471772224413759,497.0,0.0,0.7176136363636364,0.5358359558807265,0.5682228514151557,0.6198863636363636,1760.0,0.0,0.0
227.0,0.12897727272727272,846.0,0.6294458506598394,0.6680507390703065,0.48068181818181815,0.5,0.15,687.0,0.39034090909090907,0.9540775930324624,0.6846590909090909,1205.0,1205.0,0.792735687423014,0.916899751924163,0.6335177978582611,1.0,global,0.3131943613798524,0.9,1263.0,0.7927356886729567,497.0,0.0,0.7176136363636364,0.5252243182279619,0.5682228514151557,0.5193181818181818,1760.0,0.0,0.0
150.0,0.08522727272727272,916.0,0.6273964170536038,0.6675201029448137,0.5204545454545455,0.5,0.2,694.0,0.39431818181818185,0.9453681710213777,0.678409090909091,1194.0,1194.0,0.7725058526231802,0.8623032415705303,0.6074783173956941,1.0,global,0.3131943613798524,0.9,1263.0,0.772505854416819,497.0,0.0,0.7176136363636364,0.521372251989973,0.5682228514151557,0.47954545454545455,1760.0,0.0,0.0
0.0,0.0,1062.0,0.6156211279367358,0.6513479535587776,0.6034090909090909,0.5,0.3,698.0,0.3965909090909091,0.9184481393507522,0.6590909090909091,1160.0,1160.0,0.724638928720196,0.7673621497596281,0.555071730887782,1.0,global,0.3131943613798524,0.9,1263.0,0.7246389313403812,497.0,0.0,0.7176136363636364,0.5126698470127864,0.5682228514151557,0.3965909090909091,1760.0,0.0,0.0
0.0,0.0,1062.0,0.6156211279367358,0.6513479535587776,0.6034090909090909,0.5,0.5,698.0,0.3965909090909091,0.9184481393507522,0.6590909090909091,1160.0,1160.0,0.724638928720196,0.7673621497596281,0.555071730887782,1.0,global,0.3131943613798524,0.9,1263.0,0.7246389313403812,497.0,0.0,0.7176136363636364,0.5126698470127864,0.5682228514151557,0.3965909090909091,1760.0,0.0,0.0
0.0,0.0,1062.0,0.6156211279367358,0.6513479535587776,0.6034090909090909,0.5,1.0,698.0,0.3965909090909091,0.9184481393507522,0.6590909090909091,1160.0,1160.0,0.724638928720196,0.7673621497596281,0.555071730887782,1.0,global,0.3131943613798524,0.9,1263.0,0.7246389313403812,497.0,0.0,0.7176136363636364,0.5126698470127864,0.5682228514151557,0.3965909090909091,1760.0,0.0,0.0
1712.0,0.9727272727272728,37.0,0.600353945256033,0.636205273804451,0.021022727272727273,0.5,0.0,11.0,0.00625,1.0,0.7176136363636364,1263.0,1263.0,0.9895579415625092,1.0,1.0,1.0,global,0.4002888118084718,0.92,1263.0,0.9895579415625093,497.0,0.0,0.7176136363636364,0.5659573464771711,0.5682228514151557,0.9789772727272728,1760.0,0.0,0.0
1283.0,0.7289772727272728,139.0,0.693472980980254,0.7086414186179647,0.07897727272727273,0.5,0.025,338.0,0.19204545454545455,0.9968329374505146,0.7153409090909091,1259.0,1259.0,0.9751661986179396,1.0,1.0,1.0,global,0.4002888118084718,0.92,1263.0,0.9751661986179396,497.0,0.0,0.7176136363636364,0.5633690160751269,0.5682228514151557,0.9210227272727273,1760.0,0.0,0.0
1208.0,0.6863636363636364,196.0,0.6659472863370021,0.6866000130125782,0.11136363636363636,0.5,0.05,356.0,0.20227272727272727,0.995249406175772,0.7142045454545455,1257.0,1257.0,0.9596053997798126,1.0,1.0,1.0,global,0.4002888118084718,0.92,1263.0,0.9596053997798126,497.0,0.0,0.7176136363636364,0.5598602636292456,0.5682228514151557,0.8886363636363637,1760.0,0.0,0.0
344.0,0.19545454545454546,725.0,0.6668018712445747,0.7093338978684129,0.4119318181818182,0.5,0.075,691.0,0.3926136363636364,0.9738717339667459,0.6988636363636364,1230.0,1230.0,0.8409859336752564,1.0,0.7295681832135343,1.0,global,0.4002888118084718,0.92,1263.0,0.8409859343747714,497.0,0.0,0.7176136363636364,0.5370025789997669,0.5682228514151557,0.5880681818181818,1760.0,0.0,0.0
286.0,0.1625,781.0,0.664749167825459,0.7068512269849787,0.44375,0.5,0.1,693.0,0.39375,0.9699129057798892,0.6960227272727273,1225.0,1225.0,0.8262169155666665,0.9831703305447759,0.6953331431844362,1.0,global,0.4002888118084718,0.92,1263.0,0.8262169162690368,497.0,0.0,0.7176136363636364,0.533789445107606,0.5682228514151557,0.55625,1760.0,0.0,0.0
150.0,0.08522727272727272,906.0,0.6589593337599707,0.6974673777590468,0.5147727272727273,0.5,0.15,704.0,0.4,0.9588281868566905,0.6880681818181819,1211.0,1211.0,0.7921651431171415,0.8761956684619711,0.6507225625884956,1.0,global,0.4002888118084718,0.92,1263.0,0.7921651440008941,497.0,0.0,0.7176136363636364,0.5276299639182954,0.5682228514151557,0.48522727272727273,1760.0,0.0,0.0
83.0,0.04715909090909091,973.0,0.652148222974694,0.6945404100547687,0.5528409090909091,0.5,0.2,704.0,0.4,0.9493269992082344,0.68125,1199.0,1199.0,0.7708065856130177,0.8335400056874381,0.6242665519888256,1.0,global,0.4002888118084718,0.92,1263.0,0.7708065871629399,497.0,0.0,0.7176136363636364,0.5235974526295301,0.5682228514151557,0.4471590909090909,1760.0,0.0,0.0
0.0,0.0,1051.0,0.6465372386483794,0.6899222488251123,0.5971590909090909,0.5,0.3,709.0,0.4028409090909091,0.936658749010293,0.6721590909090909,1183.0,1183.0,0.7475265990345568,0.7922421961772571,0.6017864202113661,1.0,global,0.4002888118084718,0.92,1263.0,0.7475266012306503,497.0,0.0,0.7176136363636364,0.5201036953047452,0.5682228514151557,0.4028409090909091,1760.0,0.0,0.0
0.0,0.0,1051.0,0.6465372386483794,0.6899222488251123,0.5971590909090909,0.5,0.5,709.0,0.4028409090909091,0.936658749010293,0.6721590909090909,1183.0,1183.0,0.7475265990345568,0.7922421961772571,0.6017864202113661,1.0,global,0.4002888118084718,0.92,1263.0,0.7475266012306503,497.0,0.0,0.7176136363636364,0.5201036953047452,0.5682228514151557,0.4028409090909091,1760.0,0.0,0.0
0.0,0.0,1051.0,0.6465372386483794,0.6899222488251123,0.5971590909090909,0.5,1.0,709.0,0.4028409090909091,0.936658749010293,0.6721590909090909,1183.0,1183.0,0.7475265990345568,0.7922421961772571,0.6017864202113661,1.0,global,0.4002888118084718,0.92,1263.0,0.7475266012306503,497.0,0.0,0.7176136363636364,0.5201036953047452,0.5682228514151557,0.4028409090909091,1760.0,0.0,0.0
1363.0,0.7744318181818182,132.0,0.7558273301505644,0.7732845470557221,0.075,0.5,0.0,265.0,0.15056818181818182,1.0,0.7176136363636364,1263.0,1263.0,0.9793139543357959,1.0,1.0,1.0,global,0.5713595084888465,0.95,1263.0,0.9793139543357962,497.0,0.0,0.7176136363636364,0.5645956956577819,0.5682228514151557,0.925,1760.0,0.0,0.0
1137.0,0.6460227272727272,197.0,0.7615502535306136,0.7968929961626889,0.11193181818181819,0.5,0.025,426.0,0.24204545454545454,0.9984164687252574,0.7164772727272727,1261.0,1261.0,0.9714465410651252,1.0,1.0,1.0,global,0.5713595084888465,0.95,1263.0,0.9714465418410345,497.0,0.0,0.7176136363636364,0.5635554481063683,0.5682228514151557,0.8880681818181818,1760.0,0.0,0.0
267.0,0.15170454545454545,775.0,0.7395342185844554,0.7841952810979089,0.4403409090909091,0.5,0.05,718.0,0.40795454545454546,0.9849564528899446,0.7068181818181818,1244.0,1244.0,0.862648269607237,0.9737286812948626,0.7754856653330551,1.0,global,0.5713595084888465,0.95,1263.0,0.8626482730515881,497.0,0.0,0.7176136363636364,0.5440763671793647,0.5682228514151557,0.5596590909090909,1760.0,0.0,0.0
150.0,0.08522727272727272,885.0,0.737316639473032,0.7828398702466934,0.5028409090909091,0.5,0.075,725.0,0.4119318181818182,0.9786223277909739,0.7022727272727273,1236.0,1236.0,0.8403922299710737,0.9065103672612808,0.7480504238057035,1.0,global,0.5713595084888465,0.95,1263.0,0.8403922342993267,497.0,0.0,0.7176136363636364,0.5398683183358823,0.5682228514151557,0.4971590909090909,1760.0,0.0,0.0
150.0,0.08522727272727272,885.0,0.737316639473032,0.7828398702466934,0.5028409090909091,0.5,0.1,725.0,0.4119318181818182,0.9786223277909739,0.7022727272727273,1236.0,1236.0,0.8403922299710737,0.9065103672612808,0.7480504238057035,1.0,global,0.5713595084888465,0.95,1263.0,0.8403922342993267,497.0,0.0,0.7176136363636364,0.5398683183358823,0.5682228514151557,0.4971590909090909,1760.0,0.0,0.0
0.0,0.0,1028.0,0.72332401772256,0.7737249852004829,0.5840909090909091,0.5,0.15,732.0,0.4159090909090909,0.9643705463182898,0.6920454545454545,1218.0,1218.0,0.8032829222887824,0.8446742562117397,0.7064306036414277,1.0,global,0.5713595084888465,0.95,1263.0,0.8032829282817682,497.0,0.0,0.7176136363636364,0.5345697218569131,0.5682228514151557,0.4159090909090909,1760.0,0.0,0.0
0.0,0.0,1028.0,0.72332401772256,0.7737249852004829,0.5840909090909091,0.5,0.2,732.0,0.4159090909090909,0.9643705463182898,0.6920454545454545,1218.0,1218.0,0.8032829222887824,0.8446742562117397,0.7064306036414277,1.0,global,0.5713595084888465,0.95,1263.0,0.8032829282817682,497.0,0.0,0.7176136363636364,0.5345697218569131,0.5682228514151557,0.4159090909090909,1760.0,0.0,0.0
0.0,0.0,1028.0,0.72332401772256,0.7737249852004829,0.5840909090909091,0.5,0.3,732.0,0.4159090909090909,0.9643705463182898,0.6920454545454545,1218.0,1218.0,0.8032829222887824,0.8446742562117397,0.7064306036414277,1.0,global,0.5713595084888465,0.95,1263.0,0.8032829282817682,497.0,0.0,0.7176136363636364,0.5345697218569131,0.5682228514151557,0.4159090909090909,1760.0,0.0,0.0
0.0,0.0,1028.0,0.72332401772256,0.7737249852004829,0.5840909090909091,0.5,0.5,732.0,0.4159090909090909,0.9643705463182898,0.6920454545454545,1218.0,1218.0,0.8032829222887824,0.8446742562117397,0.7064306036414277,1.0,global,0.5713595084888465,0.95,1263.0,0.8032829282817682,497.0,0.0,0.7176136363636364,0.5345697218569131,0.5682228514151557,0.4159090909090909,1760.0,0.0,0.0
0.0,0.0,1028.0,0.72332401772256,0.7737249852004829,0.5840909090909091,0.5,1.0,732.0,0.4159090909090909,0.9643705463182898,0.6920454545454545,1218.0,1218.0,0.8032829222887824,0.8446742562117397,0.7064306036414277,1.0,global,0.5713595084888465,0.95,1263.0,0.8032829282817682,497.0,0.0,0.7176136363636364,0.5345697218569131,0.5682228514151557,0.4159090909090909,1760.0,0.0,0.0
1101.0,0.6255681818181819,218.0,0.8735227049044583,0.8975454413335665,0.12386363636363637,0.5,0.0,441.0,0.2505681818181818,1.0,0.7176136363636364,1263.0,1263.0,0.9823752937950789,1.0,1.0,1.0,global,0.7811463203084835,0.975,1263.0,0.9823752947430276,497.0,0.0,0.7176136363636364,0.5652588593854629,0.5682228514151557,0.8761363636363636,1760.0,0.0,0.0
227.0,0.12897727272727272,800.0,0.864136390180248,0.8969843188057091,0.45454545454545453,0.5,0.025,733.0,0.41647727272727275,0.9936658749010293,0.7130681818181818,1255.0,1255.0,0.9247607897810936,0.9795666490447146,0.8901003250660584,1.0,global,0.7811463203084835,0.975,1263.0,0.9247607930719772,497.0,0.0,0.7176136363636364,0.555995291287899,0.5682228514151557,0.5454545454545454,1760.0,0.0,0.0
0.0,0.0,1011.0,0.8507739677798695,0.891016076592971,0.5744318181818182,0.5,0.05,749.0,0.42556818181818185,0.9873317498020586,0.7085227272727272,1247.0,1247.0,0.8939741262654085,0.9300553532249991,0.8553187671186204,1.0,global,0.7811463203084835,0.975,1263.0,0.8939741359306794,497.0,0.0,0.7176136363636364,0.5524368981868167,0.5682228514151557,0.42556818181818185,1760.0,0.0,0.0
0.0,0.0,1011.0,0.8507739677798695,0.891016076592971,0.5744318181818182,0.5,0.075,749.0,0.42556818181818185,0.9873317498020586,0.7085227272727272,1247.0,1247.0,0.8939741262654085,0.9300553532249991,0.8553187671186204,1.0,global,0.7811463203084835,0.975,1263.0,0.8939741359306794,497.0,0.0,0.7176136363636364,0.5524368981868167,0.5682228514151557,0.42556818181818185,1760.0,0.0,0.0
0.0,0.0,1011.0,0.8507739677798695,0.891016076592971,0.5744318181818182,0.5,0.1,749.0,0.42556818181818185,0.9873317498020586,0.7085227272727272,1247.0,1247.0,0.8939741262654085,0.9300553532249991,0.8553187671186204,1.0,global,0.7811463203084835,0.975,1263.0,0.8939741359306794,497.0,0.0,0.7176136363636364,0.5524368981868167,0.5682228514151557,0.42556818181818185,1760.0,0.0,0.0
0.0,0.0,1011.0,0.8507739677798695,0.891016076592971,0.5744318181818182,0.5,0.15,749.0,0.42556818181818185,0.9873317498020586,0.7085227272727272,1247.0,1247.0,0.8939741262654085,0.9300553532249991,0.8553187671186204,1.0,global,0.7811463203084835,0.975,1263.0,0.8939741359306794,497.0,0.0,0.7176136363636364,0.5524368981868167,0.5682228514151557,0.42556818181818185,1760.0,0.0,0.0
0.0,0.0,1011.0,0.8507739677798695,0.891016076592971,0.5744318181818182,0.5,0.2,749.0,0.42556818181818185,0.9873317498020586,0.7085227272727272,1247.0,1247.0,0.8939741262654085,0.9300553532249991,0.8553187671186204,1.0,global,0.7811463203084835,0.975,1263.0,0.8939741359306794,497.0,0.0,0.7176136363636364,0.5524368981868167,0.5682228514151557,0.42556818181818185,1760.0,0.0,0.0
0.0,0.0,1011.0,0.8507739677798695,0.891016076592971,0.5744318181818182,0.5,0.3,749.0,0.42556818181818185,0.9873317498020586,0.7085227272727272,1247.0,1247.0,0.8939741262654085,0.9300553532249991,0.8553187671186204,1.0,global,0.7811463203084835,0.975,1263.0,0.8939741359306794,497.0,0.0,0.7176136363636364,0.5524368981868167,0.5682228514151557,0.42556818181818185,1760.0,0.0,0.0
0.0,0.0,1011.0,0.8507739677798695,0.891016076592971,0.5744318181818182,0.5,0.5,749.0,0.42556818181818185,0.9873317498020586,0.7085227272727272,1247.0,1247.0,0.8939741262654085,0.9300553532249991,0.8553187671186204,1.0,global,0.7811463203084835,0.975,1263.0,0.8939741359306794,497.0,0.0,0.7176136363636364,0.5524368981868167,0.5682228514151557,0.42556818181818185,1760.0,0.0,0.0
0.0,0.0,1011.0,0.8507739677798695,0.891016076592971,0.5744318181818182,0.5,1.0,749.0,0.42556818181818185,0.9873317498020586,0.7085227272727272,1247.0,1247.0,0.8939741262654085,0.9300553532249991,0.8553187671186204,1.0,global,0.7811463203084835,0.975,1263.0,0.8939741359306794,497.0,0.0,0.7176136363636364,0.5524368981868167,0.5682228514151557,0.42556818181818185,1760.0,0.0,0.0
