{
  "train": {
    "sample_count": 19922.0,
    "coverage": 0.5266037546431082,
    "precision_up": 0.6921037124337065,
    "precision_down": 0.738590332163111,
    "balanced_precision": 0.7153470222984087,
    "all_sample_accuracy": 0.6447143861058127,
    "accepted_sample_accuracy": 0.7085120579544372,
    "utility": 0.21960646521433597,
    "downside_risk": 0.39178903087552885,
    "selection_score": 0.5605222400524654,
    "share_up_predictions": 0.6470307882947288,
    "share_down_predictions": 0.3529692117052712,
    "selected_t_up": 0.575,
    "selected_t_down": 0.345,
    "accepted_count": 10491.0,
    "up_prediction_count": 6788.0,
    "down_prediction_count": 3703.0,
    "roc_auc": 0.6989658887042449,
    "brier_score": 0.21979536036755543,
    "log_loss": 0.6287787619403504
  },
  "validation": {
    "sample_count": 7716.0,
    "coverage": 0.48405909797822705,
    "precision_up": 0.5652173913043478,
    "precision_down": 0.6127379209370425,
    "balanced_precision": 0.5889776561206952,
    "all_sample_accuracy": 0.5426386728875064,
    "accepted_sample_accuracy": 0.5825970548862115,
    "utility": 0.0799637117677553,
    "downside_risk": 0.44949715583664807,
    "selection_score": 0.1778959237660114,
    "share_up_predictions": 0.6342704149933066,
    "share_down_predictions": 0.36572958500669345,
    "selected_t_up": 0.575,
    "selected_t_down": 0.345,
    "accepted_count": 3735.0,
    "up_prediction_count": 2369.0,
    "down_prediction_count": 1366.0,
    "roc_auc": 0.5621581425626355,
    "brier_score": 0.2575298189139094,
    "log_loss": 0.71414223785388
  },
  "thresholds": {
    "t_up": 0.575,
    "t_down": 0.345
  },
  "threshold_search": {
    "constraint_satisfied": true,
    "fallback_reason": null,
    "objective": "selection_score",
    "t_up": 0.575,
    "t_down": 0.345,
    "selection_score": 0.1778959237660114,
    "utility": 0.0799637117677553,
    "downside_risk": 0.44949715583664807,
    "accepted_sample_accuracy": 0.5825970548862115,
    "balanced_precision": 0.5889776561206952,
    "coverage": 0.48405909797822705,
    "precision_up": 0.5652173913043478,
    "precision_down": 0.6127379209370425,
    "up_prediction_count": 2369.0,
    "down_prediction_count": 1366.0,
    "accepted_count": 3735.0,
    "min_up_signals": 1000.0,
    "min_down_signals": 1000.0,
    "min_total_signals": 4000.0
  }
}