{
  "selection_data": "validation",
  "objective": "selection_score",
  "min_coverage": 0.4,
  "tie_tolerance": 0.002,
  "grid": {
    "t_up_min": 0.45,
    "t_up_max": 0.7,
    "t_down_min": 0.3,
    "t_down_max": 0.55,
    "step": 0.005
  },
  "enforce_min_side_share": false,
  "min_side_share": 0.2,
  "min_up_signals": 1000,
  "min_down_signals": 1000,
  "min_total_signals": 4000,
  "best": {
    "constraint_satisfied": true,
    "fallback_reason": null,
    "objective": "selection_score",
    "t_up": 0.575,
    "t_down": 0.345,
    "selection_score": 0.1778959237660114,
    "utility": 0.0799637117677553,
    "downside_risk": 0.44949715583664807,
    "accepted_sample_accuracy": 0.5825970548862115,
    "balanced_precision": 0.5889776561206952,
    "coverage": 0.48405909797822705,
    "precision_up": 0.5652173913043478,
    "precision_down": 0.6127379209370425,
    "up_prediction_count": 2369.0,
    "down_prediction_count": 1366.0,
    "accepted_count": 3735.0,
    "min_up_signals": 1000.0,
    "min_down_signals": 1000.0,
    "min_total_signals": 4000.0
  },
  "side_guarded_best": {
    "constraint_satisfied": true,
    "fallback_reason": null,
    "objective": "selection_score",
    "t_up": 0.575,
    "t_down": 0.345,
    "selection_score": 0.1778959237660114,
    "utility": 0.0799637117677553,
    "downside_risk": 0.44949715583664807,
    "accepted_sample_accuracy": 0.5825970548862115,
    "balanced_precision": 0.5889776561206952,
    "coverage": 0.48405909797822705,
    "precision_up": 0.5652173913043478,
    "precision_down": 0.6127379209370425,
    "up_prediction_count": 2369.0,
    "down_prediction_count": 1366.0,
    "accepted_count": 3735.0,
    "min_up_signals": 1000.0,
    "min_down_signals": 1000.0,
    "min_total_signals": 4000.0
  }
}