feature,importance_q50,importance_q60,importance_q70,importance_q80,importance_q90,importance_mean
p_side,25.424361749945735,29.259087863277646,32.99674986787264,27.794821471282017,22.244902201452746,27.543984630766158
selected_side,12.069475022572254,12.237994174259477,11.479540178748195,16.031613336072475,12.913528148307797,12.94643017199204
micro_rv_10s,3.330643003355936,2.663561017766077,5.757866783459582,4.246448493090842,4.00904708136422,4.001513275807332
micro_rv_5s,2.1254773615140246,3.0661214422713754,4.26259011916521,3.6352105822511747,2.7859247729877192,3.175064855637901
micro_rv_30s,2.2867732085084898,3.316112363239547,1.7667593908610704,3.0244112833318217,2.689545100191289,2.6167202692264433
context_ret_product__clv_1__ret_1,1.7022372308069995,2.0107504733100408,2.1991006502533645,2.524921055177288,3.6784117847815727,2.423084238865853
micro_rv_60s,1.3868021880932035,1.8207157465126036,3.87697248917737,1.6452750164796635,2.0372082487398946,2.153394737800547
direction_confidence,1.3782590331817717,1.2260881505483727,1.5651646582647745,1.376070843631328,2.5609961158870105,1.6213157603026516
rv_30_delta_1,1.553736677845103,1.2414180900400498,0.6161236611683868,0.8838216768268453,1.8179294015792073,1.2226059014919186
ret_vol_ratio__ret_1__rv_30,1.6792759803045276,1.1850540167422816,1.140874908326557,1.1793110919706251,0.424123747570935,1.1217279489829852
ret_close_z_product__ret_1__close_z_3,0.49237195599615013,0.3602130770843648,1.2257776522395512,1.7885605813470686,1.55746155621685,1.084876964576797
ret_1_rolling_z_24,0.9538221630811866,1.257217826656449,1.2969861779900078,0.78940894376771,1.0447087555927268,1.068428773417616
htf_rv_15m_delta_1,0.5100830325975477,0.2761523641380972,0.5748775759282354,0.9787546896374252,1.396927657525957,0.7473590639654526
rv_10_delta_1,0.9099997761650126,0.6958447103324126,0.4240380360734705,0.7060927977301762,0.7403131922196176,0.6952577025041379
ret_vol_ratio__ret_1__rv_10,0.7137857904829187,0.45840014082044683,0.5457732436834021,0.3931448925532728,1.0166501668515615,0.6255508468783203
ret_close_z_product__ret_1__close_z_5,0.24905301225595758,0.5177072699803092,0.4712398472122652,0.7711575855593864,0.9097187636044703,0.5837752957224778
rv_5_delta_1,0.28490434670152753,0.18284111087119326,0.2748077316432187,0.53007668801241,1.5609342961007178,0.5667128346658135
p_bin,0.4904778796009741,0.05820655491369921,0.3613535671753939,1.4564476466034177,0.052244314659214516,0.48374599259053996
ret_range_pos_product__ret_1__range_pos_5,0.10050225335350413,0.06376005609749803,0.07027460911481319,1.8421802238997114,0.05919606644447025,0.42718264178199944
ret_1_mean_gap_24,0.3389051114985828,0.1524973600447554,0.17443368967179276,1.2254850193554854,0.061890810410960194,0.3906423981963153
ret_vol_ratio__ret_1__rv_3,0.4326766593592087,0.6247700402434672,0.3720209083341687,0.23113052434241677,0.1933048405874497,0.3707805945733423
htf_rv_15m,0.3306399817632756,0.19686247021879436,0.06255788831263477,0.27653767394875495,0.7026670011066724,0.3138530030700264
htf_close_z_15m_delta_1,0.6764769744664695,0.41401201112196373,0.08413426684558362,0.08138665491614923,0.3117294011495148,0.3135478616999362
body_pct_1,0.03584801734744355,0.1830495356267023,0.5089962948099276,0.605079528918408,0.21049879728636917,0.30869443479777015
ret_1_rolling_z_12,0.5997428580049667,0.50064777348978,0.16472939150609214,0.0,0.27647360507472235,0.3083187256151122
micro_ret_5s,0.4241402785742285,0.14748544326528293,0.5403355695609791,0.24388761373850276,0.14410624533275385,0.2999910300943494
p_up,0.3991991952693805,0.1452639716723547,0.7692940257029309,0.08482943968114,0.07952972251358208,0.29562327096787766
ret_1,0.010362505209106492,0.5837273308748345,0.20356413271344878,0.3205668612906698,0.34183263384636814,0.2920106927868856
ret_vol_ratio__ret_1__rv_5,0.13623172280309198,0.17959676198299085,0.18445740209523065,0.3018161700713362,0.643275666711753,0.28907554473288055
ret_relative_volume_product__ret_1__relative_volume_10,0.018662705179667234,0.020923256720925276,0.9820845415977254,0.05913609013531739,0.20969360656871155,0.2581000400404694
htf_range_pos_15m_delta_1,0.269017326387862,0.3469479148277019,0.10226994435423319,0.13741770175310294,0.42025241274182984,0.25518106001294594
ret_efficiency_product__ret_1__efficiency_10,0.6285177664782822,0.04388797615373496,0.35696072015877445,0.218555582604472,0.011586478500970977,0.2519017047792469
prev_bar_body_bps,0.36481891974687286,0.289932886118458,0.05025801636776283,0.08686932390873209,0.37677187323077366,0.23373020387451987
taker_imbalance_zscore_20,0.0,0.39303979142197276,0.6084439534145094,0.11238843403035886,0.0,0.22277443577336822
ret_vol_product__ret_1__rv_30,0.006682626576173616,0.010846454268643385,0.008103956680316913,1.0349751841497334,0.05079140186251988,0.22227992470747746
prev_bar_return,0.170921521073854,0.16190704753881796,0.1897658016211696,0.40937509085374346,0.17326538889562518,0.22104696999664206
abs_ret_mean_5_delta_1,0.038738547446195475,0.1368840199069171,0.18380757189581085,0.40883084342286335,0.32694382270639744,0.21904096107563684
micro_ret_60s,0.3171560424677859,0.3351293916674688,0.1853502652620665,0.15701846122279828,0.08512199611733343,0.21595523134749056
rv_3_delta_1,0.1849561330277149,0.3133793557487221,0.015068645971975879,0.32734478137496564,0.2235537735283033,0.21286053793033638
range_pos_3,0.22458446127045587,0.1342614669620909,0.07013207050198783,0.0,0.6206607826894902,0.20992775628480498
regime_vol_ratio,0.19049057736570602,0.17017912640053057,0.23735475825691624,0.24512610844193455,0.12953214172283026,0.19453654243758353
second_level_price_slope,0.29837043773204946,0.16651789989627094,0.05080495780360845,0.13020983612587816,0.3142936964581327,0.19203936560318793
lower_wick_ratio_1,0.21486876423533227,0.18319154136048083,0.30210239292159324,0.08464711458612974,0.17452223857711807,0.1918664103361308
upper_wick_ratio_1,0.08698669313517006,0.13040271162795292,0.15108267575424306,0.3036684498986061,0.26232646290019257,0.18689339866323293
price_location_product__range_pos_5__close_z_5,0.045484806702955086,0.04390541996900979,0.09453080251389208,0.00565265387847621,0.6668299533103702,0.17128072727494068
legal_prev_trade_count_z_3,0.31231731136606683,0.22728365796862393,0.14198689770941067,0.1302638634629071,0.024327748408108148,0.16723589578302334
rv_term_spread__rv_3__rv_30,0.18553658913987622,0.08922284155303148,0.22520626428404053,0.11807741713777681,0.18373682972810323,0.16035598836856563
prev_bar_upper_wick_bps,0.13802378134279072,0.18820057232484672,0.06256463526972476,0.16128647584401085,0.22910193081545543,0.15583547911936568
ret_term_ratio__ret_1__ret_3,0.07685959866952279,0.0831589301573456,0.17689372228225908,0.20699744344428023,0.23340031325671026,0.15546200156202358
context_ret_product__up_ratio_5__ret_1,0.05156302413819285,0.06861995750702524,0.07006241153101288,0.29915905088610234,0.25320193138014896,0.14852127508849647
context_ret_product__down_ratio_5__ret_1,0.0,0.6160919321267959,0.06936300421561085,0.0,0.03503070665661928,0.14409712859980522
micro_ret_10s,0.40383750650935907,0.14168928438338907,0.07557089317376389,0.07919568969365791,0.014203311720944349,0.14289933709622285
wick_pressure_1_rolling_z_12,0.1587759020877777,0.1692884080377742,0.12836787226109989,0.10423791031630739,0.1334242066673501,0.13881885987406187
ret_relative_volume_product__ret_1__relative_volume_20,0.388230833537624,0.1336839503647878,0.03830166448174205,0.0,0.12678127231494227,0.13739954413981922
rv_10_rolling_z_6,0.007934966534479124,0.038282194347077844,0.11337186021019549,0.01931973889194348,0.46629281624367763,0.1290403152454747
rv_3_rolling_z_24,0.05180553522775738,0.11384456529344154,0.10482949017823627,0.19035699448726826,0.16766511333155926,0.12570033970365255
micro_ret_30s,0.11693614135492308,0.17645036413067505,0.036880546500357984,0.06251311781873674,0.23559697972470992,0.12567542990588057
context_ret_product__max_down_ret_5__ret_1,0.04993644443000982,0.03795174149959153,0.0,0.09794508840509134,0.43313269521576747,0.12379319391009203
ret_1_mean_gap_12,0.14460069681043566,0.16525451328364624,0.016299175962365672,0.08992226321790048,0.16653766307601753,0.11652286247007311
ret_term_spread__ret_5__ret_15,0.3813631617383699,0.038888687498201326,0.04985073544420436,0.06885785695983815,0.039117553161447285,0.11561559896041221
second_level_signed_dollar_flow,0.034898664922705484,0.01907701642780909,0.09280237092030481,0.08208286831079989,0.34521864874808517,0.1148159138659409
abs_ret_mean_20_delta_1,0.09601249279585004,0.03441636256700205,0.09555300610387714,0.14689055700248915,0.18007334382630127,0.11058915245910392
ret_relative_volume_product__ret_1__relative_volume_5,0.13533635446214257,0.20140787817131298,0.07034273358795741,0.1228826014297863,0.007811571268874477,0.10755622778401475
ret_efficiency_product__ret_1__efficiency_5,0.0,0.0785768250668959,0.0,0.0,0.45818075090960075,0.10735151519529933
rv_3_mean_gap_24,0.07488539140683212,0.09733154226067703,0.21874014590270574,0.09423147091228376,0.03889536123785145,0.10481678234407002
rv_3_delta_6,0.07649148399629867,0.04917544819274444,0.14853040519225907,0.11491959642887283,0.13372383242277158,0.10456815324658933
prev_bar_taker_buy_ratio_zscore_20,0.039558338273375855,0.10087486109771368,0.16807956568097357,0.06274785954157697,0.15022648427487154,0.10429742177370231
rv_30_rolling_z_6,0.04475048408717069,0.14539272390009628,0.03987106079191111,0.0719063618129922,0.21786113899266518,0.10395635391696709
range_pos_3_rolling_z_24,0.04346033947909737,0.18054081593886306,0.017256530559307533,0.22065232866932089,0.053940249366639464,0.10317005280264566
ret_volume_z_product__ret_1__volume_z_20,0.2856048977364342,0.04845734843460615,0.04318183317620686,0.12339257804205195,0.0,0.10012733147785984
ret_close_z_product__ret_15__close_z_10,0.2622539757142753,0.04155883127471667,0.07974048318607532,0.03912701496175379,0.07359818284163352,0.0992556975956909
compression_score_rolling_z_6,0.18249851743995174,0.08455748010054358,0.09131845275427561,0.08672850116362317,0.045650039727418074,0.09815059823716243
rv_3_mean_gap_6,0.11102766323013202,0.08629630071053958,0.09650732916591935,0.12592988564081692,0.04711131348411047,0.09337449844630366
rv_term_ratio__rv_3__rv_30,0.04827266083152527,0.0763438794450213,0.12150799968018418,0.12861792865186847,0.08782597488393362,0.09251368869850655
prev_bar_vwap_proxy,0.06062155226575076,0.052386699353554535,0.05248850088876154,0.03384993812549555,0.25910669905993755,0.09169067793869998
max_down_ret_5_delta_1,0.01523903851496665,0.06057789856581983,0.06943426687299872,0.07169687800869724,0.2386283175227159,0.09111527989703967
legal_prev_relative_trade_count_20,0.13759238332482632,0.07817608705511417,0.04891639500233953,0.11678060884403192,0.06604614692506434,0.08950232423027525
range_pos_10_delta_1,0.0697789423705861,0.16717754489283176,0.047356111828927114,0.12725322936836203,0.034355030793250654,0.08918417185079153
volume_z_term_ratio__volume_z_10__volume_z_20,0.18542684503617804,0.19321472646375057,0.0,0.034941112996977414,0.03044419877274869,0.08880537665393094
donchian_width_20,0.14535395820004854,0.11807039251685134,0.07725637965450796,0.07801139037178245,0.022686622602494523,0.08827574866913696
hour_cos,0.2156567559758851,0.11339537877252674,0.03834650967735545,0.040745777225421685,0.027868503092244472,0.08720258494868668
prev_bar_log_trade_count_lag3,0.1506301739468141,0.13649964900825043,0.048254148890189544,0.011138087660665869,0.08858828723260975,0.08702206934770593
volume_z_20_rolling_z_6,0.23681153368439084,0.06537396153289797,0.003935987580763359,0.06970051502847052,0.058958569425969894,0.08695611345049852
relative_volume_20_lag6,0.09091655801331763,0.052479929452438,0.055846295625156576,0.003457369697773616,0.22940182248655075,0.08642039505504731
ret_volume_z_product__ret_1__volume_z_10,0.051833613589669515,0.05653806481793544,0.0539528539824352,0.02374960232788932,0.24252980892561468,0.08572078872870884
range_pos_5_rolling_z_24,0.11797794181724067,0.08850648194099513,0.15293006504506848,0.046650982973359234,0.014454206431452031,0.0841039356416231
clv_1_rolling_z_24,0.20490549789239673,0.1168212921284129,0.05472569140856891,0.012203022073688872,0.029624448761856628,0.0836559904529848
rv_30_mean_gap_12,0.19109445168535813,0.1504645263024794,0.0050368567616809355,0.02498928081178521,0.03387537458510539,0.0810920980292818
rv_5_lag3,0.04985777921970778,0.044786983933079304,0.14274697598145178,0.10035125407015257,0.06001855810631911,0.07955231026214211
context_ret_product__wick_pressure_1__ret_15,0.15288917195620289,0.06049360317076776,0.047017888886452835,0.05493309757608037,0.07936112133310669,0.07893897658452212
efficiency_3_delta_6,0.24345661243870934,0.07905441158542413,0.01918710868845374,0.01112548771236733,0.04182623138003422,0.07892997036099775
compression_to_expansion_flag,0.0,0.0,0.0,0.08152512633422938,0.31149337404850647,0.07860370007654717
efficiency_term_spread__efficiency_3__efficiency_10,0.09381978611488791,0.10573527062796557,0.13385934003343256,0.01230322679673506,0.03545132059324054,0.07623378883325233
close_z_3_rolling_z_6,0.07044447498262374,0.008225178066712973,0.0,0.2677702828217429,0.033361534737252826,0.0759602941216665
rv_10_rolling_z_12,0.1072901837085239,0.05896941989778895,0.038684196576119025,0.0,0.1586987768368015,0.07272851540384669
close_z_5_mean_gap_6,0.09344951150566892,0.18129934971939574,0.010895941942469206,0.01701043750145242,0.06097226934711409,0.07272550200322006
realized_skew_20,0.09198906011674167,0.118925665027044,0.012571944203183704,0.0058814556267748975,0.12993128881966734,0.07185988275868231
low_volume_flag_share_20_rolling_z_12,0.09925743636299461,0.0848746332712727,0.05878661342857758,0.06008972031506908,0.05621461914634316,0.07184460450485143
compression_score_rolling_z_12,0.07238925174757857,0.021294437028145523,0.09744539847149304,0.06038391753735668,0.09639183696654562,0.0695809683502239
legal_prev_taker_buy_base_volume_sum_20,0.023895877027725956,0.04377632368477135,0.08205152277967866,0.13590947549740637,0.05887099505342377,0.0689008388086012
clv_1_mean_gap_12,0.06413132394559352,0.11672125660948493,0.06104136886558745,0.08982709552630178,0.012028723143087856,0.0687499536180111
range_pos_3_mean_gap_24,0.08403023080370475,0.12843718843874496,0.02896490052239315,0.02911705094616777,0.07067460182255984,0.0682447945067141
ret_vol_product__ret_15__rv_10,0.04062803013608557,0.08820246810556985,0.1054275972777043,0.07668388570447612,0.029349816833343475,0.06805835961143587
ret_term_ratio__ret_3__ret_10,0.03266926778849307,0.18052076435008424,0.10005805756404312,0.007413882613307024,0.006368221154829585,0.0654060386941514
rv_5_rolling_z_24,0.11466999973673934,0.04880024379056217,0.02697950586931631,0.046654289854623755,0.08912467809549776,0.06524574346934786
range_pos_3_mean_gap_6,0.1197539708364597,0.08469370058270878,0.04724817414820715,0.026907252305781247,0.04521099507682124,0.06476281858999562
taker_sell_ratio,0.0,0.0,0.1182441523182558,0.0,0.20196743490828659,0.06404231744530849
rv_term_ratio__rv_3__rv_10,0.10287907888170934,0.08962301598834439,0.0,0.021874804468446026,0.10411363784639084,0.06369810743697812
prev_bar_log_trade_count_lag2,0.04200566684494458,0.10270257278297676,0.03626366788912744,0.03636677856353968,0.09987955298761973,0.06344364781364163
context_relative_volume_product__clv_1__relative_volume_20,0.24160798053238278,0.02621438764310866,0.013255832028181447,0.0089964154432737,0.02604721965470829,0.06322436706033097
rv_10_lag12,0.05439129855353267,0.06851548602693942,0.02388701290175338,0.059176076837385176,0.11012834214521659,0.06321964329296545
body_x_volume_3,0.0,0.019909192966499692,0.029125379166825234,0.09969560818348493,0.1667645162271942,0.06309893930880081
prev_bar_log_trade_count_lag12,0.01854904914612858,0.046397053826661754,0.06647156866514718,0.0860427238382921,0.09644872728944884,0.06278182455313568
dollar_vol_mean_20,0.0,0.06507982577004559,0.08320933017434495,0.12991555402553726,0.03516721909161549,0.06267438581230866
htf_close_z_15m_lag3,0.12955155549613398,0.044389211394087885,0.04839326542506341,0.031419200892156406,0.05894466782335371,0.06253958020615909
rv_3_rolling_z_6,0.019531862819152455,0.014365407442101874,0.0702451334338788,0.13082060542309487,0.07401674696225878,0.06179595121609736
volume_state_product__volume_z_20__relative_volume_3,0.10545836907262802,0.051872834546792895,0.04650323503589325,0.07037958214183897,0.03246007724273231,0.0613348196079771
prev_bar_lower_wick_bps,0.08694525450901429,0.0178221688217227,0.08178422184549912,0.10138768888455726,0.01822998229495327,0.06123386327114934
efficiency_3_delta_3,0.04949942672778651,0.11746297176753946,0.11031048490174213,0.021429675602593085,0.0,0.05974051179993223
vwap_dist_term_ratio__vwap_dist_3__vwap_dist_10,0.0667081266320817,0.06543639133788692,0.06874352934306849,0.03181884692211332,0.06533793093058593,0.059608965033147276
ret_vol_product__ret_1__rv_5,0.0,0.0,0.0,0.2125456713634703,0.08484006943763413,0.059477148160220886
body_imbalance_5,0.04270563704608118,0.040631670477980074,0.11238169302893178,0.09923989160406514,0.0,0.05899177843141164
range_pos_5_mean_gap_24,0.05768136135685037,0.07396288423581518,0.033000344513308404,0.06363205266899744,0.06640923507269954,0.058937175569534185
close_location_1,0.11196334777017762,0.03950083982593125,0.02642629625949491,0.023726922160403282,0.09246314292983497,0.0588161097891684
htf_close_z_15m_lag12,0.04227322991597409,0.06577109264964665,0.011041386871160281,0.11753519949210776,0.054047484164498255,0.05813367861867741
range_pos_5_rolling_z_12,0.1625765344287628,0.028513124003447205,0.040830520865923335,0.0,0.05790833039913988,0.05796570193945465
low_volume_flag_share_5_mean_gap_24,0.13029871439748708,0.04777893177487139,0.01698228506453164,0.02989360743732212,0.06404209884810681,0.05779912750446381
rv_3_mean_gap_12,0.112389835696392,0.10168655995149474,0.006893203808611364,0.019074210637945874,0.0472624265827217,0.05746124733543313
signed_volume_1,0.03186719446336237,0.09200561246244697,0.010996710425636476,0.0,0.15074012415397856,0.05712192830108487
rv_term_spread__rv_10__rv_30,0.06175193830245628,0.08313454677329647,0.04943774801294348,0.0401793394540926,0.04873885011540906,0.05664848453163958
ret_vol_product__ret_1__rv_10,0.13262874195782337,0.04524805806997916,0.004039664977252365,0.0,0.10054165152477479,0.05649162330596593
ret_term_ratio__ret_3__ret_5,0.07798216476099508,0.09718898729143029,0.049963587286676006,0.005935223577283966,0.051204865043531576,0.05645496559198339
abs_ret_mean_20,0.030935050497654305,0.025323401736645716,0.0,0.06983910143543551,0.15585088273586326,0.056389687281119746
signed_volume_1_lag6,0.11412704584296555,0.06971378314415208,0.029913706249234222,0.00916117785840877,0.05828260971382105,0.05623966456171634
context_relative_volume_product__clv_1__relative_volume_10,0.0542008955526353,0.05440185938179178,0.047062071454003734,0.0,0.12184441595825037,0.055501848469336236
rv_term_ratio__rv_3__rv_5,0.01156501590974911,0.07296439475082975,0.0928027959530398,0.010607162523347455,0.08932242540650587,0.0554523589086944
clv_1_delta_6,0.0,0.044201292520599775,0.0,0.08432305440793163,0.1480282990658118,0.05531052919886864
rv_term_spread__rv_3__rv_10,0.09170012749205612,0.054074187739028834,0.042340199792399745,0.0,0.087638386552927,0.055150580315282346
compression_score,0.07906295582543188,0.06624439568366655,0.06283761793690108,0.012541347762689855,0.0547335819718151,0.055083979836100895
context_ret_product__clv_1__ret_3,0.02757047384164545,0.053266154417559226,0.12309095069952088,0.031178922246092797,0.0402111270816042,0.05506352565728451
ret_1_mean_gap_6,0.0,0.028327690614941198,0.04472780003242906,0.05186912167776804,0.14929130829386697,0.05484318412380105
low_volume_flag_share_20_lag6,0.08294819618969715,0.03895291246842945,0.08772551131033911,0.020577287731606136,0.04088054795121606,0.054216891130257586
prev_bar_taker_buy_ratio_lag2,0.09514275624536142,0.06877762915398285,0.012744044395679551,0.03928923268454088,0.05484093280700118,0.05415891905731318
volume_z_term_ratio__volume_z_5__volume_z_10,0.05878386872002904,0.16925621882673722,0.01672522937206065,0.020830270581281403,0.004700492297271774,0.05405921595947601
rv_30_rolling_z_12,0.015706704072564442,0.05948905807624592,0.06549202243911541,0.04311188613378747,0.08600502849842458,0.053960939844027556
htf_range_pos_15m_delta_3,0.1054879173048112,0.043282502316773185,0.034826362617935154,0.052748003233464597,0.031793135514707735,0.05362758419753837
legal_prev_trade_count_sum_20,0.04712549532649061,0.0525621036243217,0.0,0.04671147497225939,0.11976824591574782,0.053233463967763905
clv_1,0.027539724827568262,0.10579518241949913,0.01015639510371876,0.03144991202527178,0.08875675592635843,0.05273959406048327
relative_volume_20,0.0,0.030649390761233106,0.09000066194652641,0.08623405189934306,0.05599910449811938,0.05257664182104439
ret_range_pos_product__ret_5__range_pos_10,0.05537771107861283,0.016096900627675652,0.00979331110602498,0.06990303073208862,0.11091566135872878,0.052417322980626166
htf_efficiency_15m_delta_1,0.08866190070177955,0.0522268608888637,0.03447633852114878,0.008391989159403713,0.07797094272871354,0.052345606399981856
rv_3_delta_3,0.04792764110410298,0.11190932949599298,0.044274669250824815,0.0,0.057198307088293064,0.05226198938784277
rv_term_spread__rv_5__rv_30,0.07527720882329278,0.04205782362538759,0.06540771303416147,0.07391173270066487,0.004386812605284317,0.05220825815775822
context_ret_product__compression_score__ret_15,0.0950411518157337,0.053955461045792796,0.03725333368702355,0.01553757053520754,0.057709786466515624,0.05189946071005465
low_volume_flag_share_20_delta_6,0.10208665286268902,0.0,0.06401639530196404,0.074875845801407,0.015495009777741124,0.051294780748760226
clv_1_rolling_z_12,0.02533196106243668,0.0753645971895322,0.051044274603481446,0.045388691347771556,0.0590913521426822,0.05124417526918081
relative_volume_20_mean_gap_12,0.10530117942355519,0.044156207957032616,0.03494746843740129,0.02951223291025671,0.04106814610854041,0.05099704696735724
max_up_ret_5,0.08188877496529333,0.03912799142091866,0.04096672893462734,0.04362579238600747,0.04924116522409627,0.05097009058618862
max_up_ret_5_delta_1,0.023817294732125873,0.00962305174188357,0.02954466241967735,0.02237794500911899,0.16930104369998006,0.05093279952055717
volume_share_term_ratio__volume_share_3__volume_share_5,0.12357231910195104,0.07702859097140566,0.03751444297935245,0.016426033029023127,0.0,0.050908277216346456
volume_z_20_lag1,0.0724137171398684,0.041783429869577185,0.05557021445731051,0.056271649669876876,0.026734501593537255,0.050554702546034044
relative_volume_20_lag12,0.11764978895718654,0.06408263225291382,0.05924264433468237,0.009990764001398388,0.0,0.050193165909236226
ret_close_z_product__ret_1__close_z_10,0.027466293705707558,0.05188205300408558,0.06688462496503966,0.08170966601331806,0.022382011215515914,0.05006492978073335
close_z_10_mean_gap_12,0.0093926667805205,0.10239733195533536,0.006146876878119156,0.019807360479421065,0.11243977344830897,0.05003680190834101
wick_pressure_1_lag1,0.030345506492096556,0.027237595737229,0.039968088494533434,0.025620261809952156,0.125091039312158,0.04965249836919383
legal_prev_trade_count_sum_3,0.0083470749007568,0.06922387189513561,0.07287353752176906,0.008849532671937867,0.08894103719397034,0.04964701083671393
volume_below_rolling_p20_share_20_lag1,0.10155084678196569,0.029764526450265175,0.022445708652122382,0.027188306027990366,0.06534952099003852,0.04925978178047642
volume_z_5_lag6,0.08918413494938357,0.060671853807027026,0.029587988457237705,0.05756870649231025,0.008264861051640178,0.04905550895151974
clv_1_mean_gap_24,0.07434331351237478,0.01984510672266312,0.03362157496043658,0.06570141468175641,0.051318560273763976,0.048965994030198974
low_volume_flag_share_20_rolling_z_24,0.1191455515305774,0.04375871948068839,0.013454857670252238,0.054973503074937216,0.012879981725678533,0.048842522696426756
compression_score_delta_1,0.05581953319873884,0.09619684099660779,0.07159681920341432,0.020066936398783475,0.0,0.04873602595950889
compression_score_lag1,0.10618994414396025,0.031216179368180393,0.03225900647604376,0.03471414394387393,0.03809899713718053,0.04849565421384778
relative_volume_5_lag6,0.026767437892042997,0.0,0.04962853818088709,0.008732495134476657,0.15704448617043543,0.04843459147556843
vwap_dist_10,0.03984977627359853,0.04389531263908376,0.038317072808257774,0.03170836632441314,0.08817332452327394,0.04838877051372542
rv_3_rolling_z_12,0.022488216608859163,0.10409176955169322,0.07147847420797565,0.014790217459203498,0.029000210051733328,0.048369777575892975
rv_5_mean_gap_12,0.06622661439230182,0.08340476378879164,0.03983347839135381,0.014465400019523875,0.03760879573441099,0.04830781046527642
prev_bar_log_trade_count,0.0799758392844689,0.046740200518961134,0.048863031349608385,0.01374808282055744,0.052035443619386265,0.048272519518596436
rv_30_mean_gap_24,0.16312514070561226,0.06060718872941513,0.017129849450163343,0.0,0.0,0.048172435777038156
clv_1_lag12,0.0837725801779127,0.03065863264482172,0.06089226061025179,0.012688419404090658,0.05265130462620528,0.04813263949265643
close_z_10_delta_1,0.06660713648255337,0.0,0.13669788719167375,0.011038492775932083,0.026302791650836814,0.048129261620199204
range_pos_3_rolling_z_6,0.0,0.03204022067157742,0.0216469724739608,0.021679778270153965,0.16482405345810847,0.04803820497476013
volume_z_term_ratio__volume_z_3__volume_z_10,0.06985150303607338,0.05481393015055416,0.04152486209582299,0.03868117183649806,0.034129970756258406,0.04780028757504139
rv_3,0.015668996645343287,0.059199099468398374,0.09218125781827714,0.056842835652277615,0.014936126523123473,0.04776566322148398
vwap_dist_term_ratio__vwap_dist_3__vwap_dist_5,0.08661734185808916,0.03912100226106937,0.058675139400635214,0.042019696485539534,0.009819166029914752,0.0472504692070496
compression_score_mean_gap_24,0.06162640189136572,0.06978487556123196,0.0,0.03595636264993719,0.0688035761027708,0.04723424324106113
ret_efficiency_product__ret_5__efficiency_10,0.054101768894796946,0.020454370470648194,0.07666087225066845,0.025564176405362703,0.05929139959940657,0.047214517524176575
wick_pressure_1_rolling_z_6,0.0858459151054172,0.03290294985736388,0.0,0.02201746263709803,0.09524165087407428,0.047201595694790675
rv_10_lag1,0.014572194113116377,0.07617986774926673,0.06095737405110551,0.03030765900164532,0.053917541902797045,0.04718692736358619
ret_5_mean_gap_12,0.04955958906577813,0.06918880037489403,0.02315456498601849,0.07469019969456965,0.01643000330392629,0.046604631485037316
rv_5_rolling_z_12,0.015772538169980966,0.05409206400986004,0.14668446042419744,0.0066808012846304,0.009488009270280439,0.046543574631789854
ret_efficiency_product__ret_1__efficiency_3,0.09183672954688807,0.00885468802405158,0.013896693314750963,0.09729200046960194,0.01951925085932203,0.04627987244292291
volume_z_5_delta_6,0.0,0.05414956546486998,0.06590430748393503,0.037832035804382394,0.07249838317260185,0.046076858385157855
ret_range_pos_product__ret_3__range_pos_3,0.12556500663638287,0.0,0.013621421814975745,0.011829093427213697,0.07853684296239942,0.04591047296819435
ret_1_lag12,0.03382232984483895,0.059426382315118535,0.021346789784962312,0.01465533410720466,0.1001477024354766,0.045879707697520214
prev_bar_taker_buy_ratio,0.07095674839508256,0.06596134777755423,0.007053481049581042,0.03811868202199555,0.04587059431968978,0.045592170712780634
htf_close_z_15m_lag1,0.14630718596284117,0.04006755509168283,0.01564337373416597,0.0,0.025675527391774474,0.04553872843609289
signed_dollar_volume_1,0.10084298172739813,0.05108969962914871,0.060529035202927316,0.0,0.015177850726379904,0.04552791345717081
ret_1_rolling_z_6,0.0,0.08201633561124114,0.0781112989711331,0.04707931787187305,0.02037470918254557,0.04551633232735857
rv_30_rolling_z_24,0.08543063685128002,0.0405993001929399,0.04318840495633609,0.022753159377293723,0.03559364619132521,0.04551302951383499
range_pos_10_delta_3,0.07706148811187784,0.05814977183535281,0.04553886786039223,0.032261986781533934,0.013859407074741028,0.04537430433277957
taker_imbalance,0.0,0.0,0.16620129457610752,0.06027004880108996,0.0,0.045294268675439495
volume_below_rolling_p20_share_20_rolling_z_24,0.1018461353487697,0.007521381625418347,0.07050429573847779,0.021702263253060062,0.024576438685167633,0.045230102930178706
volume_z_3_delta_6,0.018962540436908412,0.02741458561283467,0.013904228259666689,0.06155853770397565,0.10272521527577108,0.044913021457831305
ret_vol_product__ret_10__rv_30,0.04263376121543363,0.09026024901508116,0.060312761149530165,0.014627975466217236,0.01641571317601961,0.04485009200445636
legal_prev_trade_count_sum_5,0.051326695224333446,0.01734422567823886,0.08870091193136394,0.049018093579732636,0.01748792870472509,0.044775571023678795
efficiency_10_rolling_z_24,0.059371254319322914,0.028066147203830404,0.0,0.008754651044514136,0.1265201255614783,0.044542435625829144
ret_vol_product__ret_1__rv_3,0.03328385352135912,0.028421426470275367,0.032338842163004165,0.09930602014222373,0.028047479399867747,0.044279524339346024
prev_bar_range_bps,0.02579196171807387,0.03633392614466942,0.07903326682481084,0.0465264514291969,0.0334063758052468,0.04421839638439957
breakout_up_dist_20,0.09532658663728999,0.04439470161556185,0.018071593431791034,0.031782532875518923,0.0314281653684931,0.044200715985730984
relative_volume_5_lag1,0.03964448731652407,0.0490039073436188,0.015994160405668895,0.03405821958744552,0.082256622240301,0.044191479378711665
rv_5_delta_3,0.07742526898748787,0.0501733152004812,0.007874633198970976,0.06522405517873946,0.01940353727061703,0.0440201619672593
context_ret_product__down_ratio_5__ret_10,0.016307701343443403,0.05806913550818338,0.07535128613824073,0.07006620221062188,0.0,0.043958865040097876
volume_below_rolling_p20_share_5_rolling_z_12,0.15579294083608666,0.02777149782482402,0.0037317867761770588,0.02431067500298434,0.00815045399119308,0.04395147088625303
ret_3_mean_gap_12,0.026304893530099356,0.05914274369681131,0.0723284269348449,0.04934318076213443,0.011951068592486822,0.043814062703275355
wick_pressure_1_lag3,0.08520117963833644,0.05765371361857646,0.036248644566897775,0.01400577731548018,0.025475014067959597,0.04371686584145009
dollar_vol_mean_5_delta_6,0.014362401794175849,0.05291091610555556,0.079376425172837,0.056649806073198854,0.015261386715491253,0.043712187172251706
ret_range_pos_product__ret_5__range_pos_5,0.0538335287148227,0.03983481973015011,0.007190687838256976,0.021010235439881265,0.09663466994850625,0.04370078833432346
legal_prev_taker_buy_base_volume_sum_5,0.0709185839465623,0.008708524805913638,0.04857779662636964,0.03709764483184427,0.05196518509383244,0.04345354706090446
ret_term_spread__ret_1__ret_15,0.02764239739258448,0.026392504548095882,0.03153598145540346,0.06115810898604721,0.07046348887744769,0.043438496251915745
ret_15_rolling_z_24,0.01698645815373619,0.017539796390451508,0.028721047846154545,0.0629848130858503,0.09016707661519689,0.04327983841827789
wick_pressure_1,0.02976453248964959,0.02285660517626425,0.06600527841725479,0.02641267389444954,0.07047705049993674,0.04310322809551098
legal_prev_trade_count_z_10,0.019833864602574098,0.05965497933742951,0.0401141464364387,0.07400098362936537,0.021623424833461708,0.04304547976785388
prev_bar_taker_quote_imbalance,0.026896042072314743,0.02334150859012686,0.07035143587511611,0.02417907273112444,0.07043458314406309,0.04304052848254905
rv_10_delta_3,0.02359365745700311,0.04863933788161744,0.02550504954850621,0.03296208360841051,0.08376620124209454,0.04289326594752636
context_ret_product__wick_pressure_1__ret_1,0.03168462592001146,0.06932637205865415,0.01661243546540505,0.07251984231057919,0.02092342703613444,0.042213340558156856
stale_trade_share_5_rolling_z_24,0.09366478647583414,0.05120356909563216,0.0,0.027142802782578797,0.03904948650126412,0.042212128971061844
rv_30,0.11006946086237984,0.019580926190392086,0.03666863176776187,0.02918941568603967,0.01549538202995767,0.042200763307306224
clv_1_mean_gap_6,0.02263567907096664,0.06001920056634592,0.0029012268798468592,0.05942405124030413,0.06573853350931978,0.04214373825335667
volume_z_3_mean_gap_24,0.10164523253925511,0.056185163124745904,0.0,0.0109539183011243,0.04133522458354144,0.042023907709733355
low_volume_flag_share_5_rolling_z_24,0.07685944557484885,0.07149734945074758,0.034790026725092627,0.02647012831390381,0.0,0.041923390012918574
rv_30_delta_3,0.051655949712567,0.0596989663326497,0.025355035347509793,0.018516019400540647,0.05325932022381568,0.041697058203416563
ret_term_ratio__ret_1__ret_5,0.027149686824963475,0.011285645010781626,0.011066629015995484,0.06274733110087327,0.09605623241899973,0.041661104874322716
htf_close_z_15m_lag6,0.08551777888950929,0.014425108806183973,0.038888794366353015,0.020032888758123958,0.04862043727666926,0.041497001619367896
ret_10_mean_gap_6,0.04898524620290511,0.014103883907583166,0.06424973006035123,0.0,0.07941769500405409,0.04135131103497872
wick_pressure_1_lag12,0.015609276259705407,0.08206575060763426,0.0514343452795234,0.026895738063007477,0.03066021232585881,0.04133306450714587
close_z_term_spread__close_z_3__close_z_5,0.07820513232356589,0.026750637256833985,0.048320142655466455,0.006821814382300829,0.046439079182612246,0.04130736116015589
true_range_pct_1,0.02974322037438633,0.08833723736065291,0.04261936092660085,0.020430124538249578,0.02539339998561923,0.04130466863710178
prev_bar_taker_buy_ratio_mean_5,0.06586047296063909,0.07341369562346908,0.013123446427130666,0.021602311117954267,0.03247483766374194,0.04129495275858701
directional_persistence_score,0.06868850395205998,0.05110526951940919,0.02400915093979945,0.035611656814624595,0.02658623149518789,0.04120016254421622
range_pos_5,0.016675903179834445,0.036984153899484326,0.1516920641709732,0.0,0.0,0.04107042425005839
hour_sin,0.015501783132605886,0.0284595689259165,0.008605512448705605,0.005997583643546548,0.14662320943788748,0.04103753151773241
volume_z_3,0.0690962311120741,0.02185465937952061,0.05490707126061862,0.04437669312898074,0.014849200291152852,0.041016771034469386
stale_trade_share_5_lag6,0.06190537271354396,0.03258076811374255,0.016870631442816718,0.021787152610521082,0.0710224879924162,0.0408332825746081
rv_10_lag2,0.039512393146253634,0.014169712482046225,0.013513798119779616,0.08164153436260993,0.0549882864418307,0.04076514491050402
context_ret_product__max_down_ret_5__ret_3,0.07383344853203848,0.03381363308848053,0.05477197294586196,0.0,0.041225687775162445,0.04072894846830868
ret_3,0.057940677926508456,0.04748931967184331,0.08835120101184188,0.0,0.00717738687533346,0.04019171709710542
flat_share_5_lag1,0.044085081021257695,0.01128281464114294,0.0,0.03446855418698533,0.11071916789750291,0.04011112354937778
context_relative_volume_product__up_ratio_5__relative_volume_3,0.02336536550029196,0.05697114649343062,0.051702376599668746,0.03434034153464672,0.0331561994580697,0.039907085917221544
legal_prev_relative_trade_count_10,0.013079344144156535,0.054153242517610126,0.0612446592626519,0.026970232974947737,0.043767412354514444,0.03984297825077615
efficiency_10_mean_gap_6,0.08919466311939878,0.04808213382824378,0.035993949399365004,0.009978493555142373,0.0155092531068204,0.039751698601794075
rv_10_mean_gap_24,0.047810298292652584,0.04444657345590055,0.030543435750748343,0.028301980468997425,0.04752319912326325,0.03972509741831243
close_z_10,0.03431941526324787,0.10641841057921543,0.00739985154308316,0.0,0.04849822249434759,0.03932717997597881
context_relative_volume_product__max_up_ret_5__relative_volume_10,0.04908441347659101,0.04464278444048476,0.04717746996700043,0.047560167861518884,0.00806145513981716,0.03930525817708245
close_z_5_delta_1,0.024414384581615586,0.033113546533338194,0.0,0.12485037521360307,0.013748644758785605,0.03922539021746849
rv_10_mean_gap_6,0.09844344757644462,0.036362409978083425,0.051596198641550184,0.009693453024365375,0.0,0.03921910184408872
prev_bar_trade_count_lag2,0.0,0.10421818200860361,0.034400865909175245,0.0,0.05683141846515464,0.0390900932765867
volume_share_term_spread__volume_share_3__volume_share_20,0.08712412231415165,0.03999104130732901,0.029522077581710028,0.0,0.03826376472522987,0.038980201185684106
htf_ret_15m_1_delta_1,0.0,0.03215145393872569,0.029946452596466187,0.05544745127265321,0.07716501750525012,0.03894207506261904
rv_5_rolling_z_6,0.019044510934736206,0.03031579786423627,0.0757411780824196,0.006851673144461758,0.06267101418386067,0.0389248348419429
ret_close_z_product__ret_3__close_z_3,0.01553173607291334,0.08555546523663363,0.032230167143434386,0.029230595629450143,0.03201704219408835,0.03891300125530397
ret_vol_ratio__ret_10__rv_3,0.13977131277730542,0.0194201564549818,0.0,0.0,0.03518690874807983,0.03887567559607341
ret_10_lag1,0.07005796347037675,0.040025286811175,0.04003365888049458,0.013781191009798664,0.03036067985394564,0.038851756005158125
prev_bar_taker_buy_ratio_lag12,0.05262150591266582,0.05072806651498179,0.02894078415597657,0.011020852026729228,0.04991706370242747,0.038645654462556175
ret_15_rolling_z_12,0.06950820400282436,0.05370109771060732,0.032782135372523835,0.03623663249099114,0.0,0.03844561391538933
volume_z_5_delta_1,0.1378658042807199,0.010611480399778366,0.032691996115125466,0.010198047612171336,0.0,0.03827346568155901
relative_volume_10_rolling_z_12,0.06372777185028056,0.015313058335557624,0.01569910288341052,0.054797177685201266,0.04147763460836809,0.038202949072563615
wick_pressure_1_rolling_z_24,0.05666402760562116,0.04064021770573394,0.006658019815091118,0.025432124885380037,0.06139296505045878,0.038157471012457006
prev_bar_log_trade_count_lag6,0.07310087701430801,0.0424241761072129,0.015383360426237867,0.009583911064340237,0.04958966323381789,0.03801639756918338
low_volume_flag_share_20_mean_gap_12,0.022934677060868006,0.02027080289869092,0.0441089494083936,0.07574826786518875,0.02597543408072939,0.03780762626277413
ret_close_z_product__ret_3__close_z_10,0.05081092587237319,0.011670909717045038,0.04872980055942553,0.03719916492175488,0.038836684182129697,0.03744949705054566
low_volume_flag_share_20_mean_gap_24,0.0,0.05146554893201608,0.09741428226251203,0.007895346291827953,0.02987933773960734,0.037330903045192675
range_pos_10_delta_6,0.021946945176038016,0.026002611665766034,0.08444593422081773,0.019580435460649782,0.033847942772215645,0.03716477385909744
htf_ret_15m_1_delta_3,0.02521894797377346,0.050293232999772376,0.04692173972938487,0.03016973693906879,0.03317340552441358,0.03715541263328262
efficiency_term_ratio__efficiency_3__efficiency_10,0.07994181065471194,0.08736170503320087,0.01832964134634718,0.0,0.0,0.037126631406852
ret_range_pos_product__ret_1__range_pos_3,0.047429971697702834,0.0,0.0,0.06418248934620231,0.0739527990882036,0.03711305202642175
relative_volume_10_rolling_z_24,0.06345139957431474,0.015201586725403948,0.02045818904839594,0.018651842217629555,0.067428448655497,0.03703829324424824
rv_term_ratio__rv_5__rv_30,0.061779837206115726,0.027730458390619654,0.044146801580734835,0.014254554698525277,0.03722060620850708,0.03702645161690051
prev_bar_avg_quote_per_trade,0.030851632893299015,0.04533464965849311,0.02544146384693012,0.027127246746811436,0.056098872321361265,0.03697077309337899
ret_15_mean_gap_24,0.07377534214930807,0.0343436274338435,0.022426696860391098,0.0,0.053613928506812125,0.036831918990070954
prev_bar_trade_count,0.07107210972013757,0.012281185649557288,0.02526310419338607,0.021422702966076613,0.05350379915243084,0.03670858033631767
range_pos_5_delta_6,0.02365795408965038,0.06918299112300917,0.0,0.04974093729758344,0.040851590483536614,0.036686694598755926
price_location_product__range_pos_5__close_z_10,0.0,0.007943042728328097,0.07645912362198884,0.0,0.09902212787336746,0.03668485884473688
efficiency_term_ratio__efficiency_3__efficiency_5,0.026844363456441485,0.038973521740345525,0.030356490677391625,0.036239679945974414,0.05068141596397216,0.03661909435682505
range_pos_5_mean_gap_6,0.0,0.05914100509899068,0.04740602669015231,0.013418986828731303,0.06305098667014569,0.036603401057604
rv_30_mean_gap_6,0.0282328569425769,0.036594309560364184,0.029692086255421687,0.022431900314998247,0.06591915842656927,0.036574062299986054
legal_prev_trade_count_z_5,0.012401519798854042,0.09630335106564623,0.032803550808245645,0.0,0.04121107776775941,0.03654389988810106
context_ret_product__wick_pressure_1__ret_5,0.04098264679561598,0.08579985188143369,0.03806754435236043,0.01760867340477464,0.0,0.03649174328683695
relative_volume_term_ratio__relative_volume_3__relative_volume_5,0.09135531610969391,0.042579085286905675,0.045547934715570865,0.0,0.002899711984008541,0.0364764096192358
ret_relative_volume_product__ret_3__relative_volume_20,0.130269694404259,0.003655282901022642,0.022148075880725763,0.0,0.02629359397386585,0.036473329431974656
rv_5_lag12,0.014398954923535382,0.02648360100825727,0.014334156440608032,0.08274502162362282,0.04435977711136436,0.036464302221477576
signed_volume_1_lag1,0.06911626612293822,0.05646446900831937,0.03435471355683873,0.0,0.021798147697343857,0.03634671927708803
abs_ret_mean_20_delta_6,0.11546107782797375,0.024143845436104257,0.02145070923387475,0.01485911500201896,0.005579512284727106,0.036298851956939764
volume_z_term_ratio__volume_z_3__volume_z_5,0.08302989132994293,0.051213099905154554,0.010519694189974794,0.004258368079381563,0.03176663732065592,0.03615753816502195
volume_below_rolling_p20_share_20,0.06058045279084359,0.05004538942758504,0.02810800322053146,0.00860673492434436,0.03342101546912776,0.036152319166486445
ret_efficiency_product__ret_15__efficiency_5,0.0753311479642172,0.05473393578244513,0.011248588649799234,0.017087224717869418,0.022320988138865926,0.03614437705063938
dollar_vol_mean_5,0.023760972178025485,0.07653989404093209,0.019750593249054704,0.0068255464066116186,0.05315915846681407,0.036007232868287595
wick_pressure_x_volume_1,0.047309082656052194,0.04932654059977559,0.022192288055981713,0.022462499058471384,0.03849509562017929,0.035957101198092034
price_location_product__range_pos_3__close_z_10,0.04841905652400524,0.0640026628432302,0.008384214095383405,0.05565393733753252,0.0,0.03529197416003028
ret_term_spread__ret_3__ret_10,0.0963234434571561,0.051439565003926574,0.005577929099462587,0.022677092177705842,0.0,0.03520360594765022
ret_15_mean_gap_6,0.01700034727679965,0.0,0.03641147461047374,0.0,0.12248870764622742,0.03518010590670016
rv_10_mean_gap_12,0.06698287552662845,0.04161446658329163,0.04051741665759015,0.015294486893710477,0.011227647988831347,0.035127378730010414
dollar_vol_mean_20_delta_1,0.0314069114296577,0.08360755497367849,0.0046830539450351755,0.04777530104298638,0.007839785039852413,0.03506252128624203
compression_score_mean_gap_12,0.08694539499272395,0.0629136472523684,0.0020034557521852155,0.023431511536708673,0.0,0.03505880190679724
relative_volume_term_spread__relative_volume_3__relative_volume_10,0.0398478992714276,0.05850892272775723,0.025821953264912975,0.05100277667232688,0.0,0.035036310387284934
ret_close_z_product__ret_3__close_z_5,0.03354845588696707,0.04155781852291956,0.09371424710619247,0.0,0.006041990317386649,0.03497250236669315
low_volume_flag_share_20_lag1,0.008471665633894516,0.051223403362723484,0.0647357516612851,0.0503529468782481,0.0,0.034956753507230244
volume_share_term_ratio__volume_share_3__volume_share_20,0.05484854461189474,0.05362968810643363,0.011077178495998433,0.05492456813870778,0.0,0.03489599587060692
htf_ret_15m_1_lag12,0.037748935209588844,0.023641323185813665,0.07029398599454995,0.014384781980830659,0.02824180837735381,0.03486216694962739
ret_15_delta_6,0.11465085003371092,0.04544258554000816,0.0,0.005595989418969996,0.008594051272593547,0.03485669525305653
efficiency_3_rolling_z_6,0.05470862648453475,0.08489703149714639,0.015894573198880244,0.0,0.0184656199004393,0.03479317021620014
efficiency_10_delta_6,0.13835551994490347,0.03554594867314653,0.0,0.0,0.0,0.03478029372361
wick_pressure_1_delta_6,0.07120090715843778,0.039661345735753806,0.019372468392798593,0.03788929698750436,0.005605671249599557,0.03474593790481882
htf_close_z_15m_delta_6,0.04662428150567293,0.03421366662585034,0.021320735259807686,0.013394696964388721,0.05807821195962411,0.034726318463068756
legal_prev_log_taker_buy_base_volume_lag12,0.037046430535676154,0.024252966410378638,0.010515317155635067,0.0,0.10149324096013032,0.03466159101236403
relative_volume_5_lag12,0.019324174917473416,0.07138757521402166,0.0289776152210748,0.0,0.05271333642168818,0.03448054035485161
relative_volume_20_rolling_z_12,0.03356835526947223,0.06084608190502213,0.014078977718753667,0.02617915838239571,0.03769304253196095,0.03447312316152094
ret_15_rolling_z_6,0.09830553334962595,0.02987425334066625,0.011746490307868805,0.03220828663496906,0.0,0.03442691272662601
rv_5_lag2,0.012428376287174945,0.04359382204356696,0.060654085569554324,0.020138194576696914,0.0350638344194728,0.034375662579293184
compression_score_rolling_z_24,0.014690257068194143,0.042230306826832154,0.033467916838325895,0.03212139810389148,0.04875776668635295,0.03425352910471933
slope_5,0.0211643197930808,0.00374396310593842,0.025052346279336987,0.02338771824824515,0.0977795800908005,0.03422558550348037
htf_rv_15m_delta_3,0.01908603319240727,0.01408622710734797,0.10095646150338636,0.0367414024949691,0.0,0.03417402485962214
volume_share_term_ratio__volume_share_5__volume_share_10,0.09214834376950883,0.026818922161699885,0.017866479991115954,0.011498482257915615,0.02219935332804226,0.03410631630165651
rv_term_spread__rv_3__rv_5,0.036884327109012995,0.04357029118780806,0.056006589051475354,0.02585215801594006,0.007682378569159485,0.03399914878667919
prev_bar_avg_trade_size,0.05738942138899133,0.07917663813525937,0.026054346808923448,0.007147549202306822,0.0,0.03395359110709619
volume_below_rolling_p20_share_20_lag12,0.06726824211724862,0.02681884505506376,0.022496410941046072,0.03099680290833771,0.022142505789255,0.03394456136219023
regime_trend_strength,0.06856662806787152,0.05015755797895777,0.02932998230382703,0.00754477697282351,0.013916261892319882,0.03390304144315994
volume_below_rolling_p20_share_20_mean_gap_24,0.05029335003381838,0.07562143274475759,0.013922951594628797,0.010011559235649154,0.019561051362495772,0.033882068994269945
ret_10_delta_1,0.03135289987993233,0.04105902628933616,0.04744886954175967,0.0,0.04901081936414721,0.03377432301503507
legal_prev_relative_trade_count_5,0.04780310104825919,0.043813155462167595,0.008020442592606815,0.0184293459172488,0.05016194133986909,0.0336455972720303
ret_range_pos_product__ret_3__range_pos_5,0.08489349341878498,0.0,0.04061954254383628,0.04249101645207875,0.0,0.03360081048294
ret_1_lag3,0.09152114376166316,0.04579110661915855,0.026536848296390695,0.0,0.004137078860951299,0.03359723550763274
relative_volume_20_delta_3,0.021642727788894138,0.056238497898791324,0.022327334060092453,0.01863738492110963,0.049030837732986235,0.033575356480374755
ret_close_z_product__ret_5__close_z_5,0.033243028122909773,0.017082656973905718,0.015666910649534814,0.08057836590674464,0.020928273258330306,0.033499846982285045
wick_pressure_1_mean_gap_24,0.03712497008655792,0.04844392878276413,0.06352413504427439,0.018114076026932234,0.0,0.033441421988105735
relative_volume_5_delta_3,0.039453232774444756,0.08792215890707893,0.023316735429908995,0.0,0.015708831350788727,0.03328019169244428
close_z_10_rolling_z_6,0.016492054632765936,0.028548251689221833,0.013564840588737574,0.017353476543418983,0.09039488135686537,0.033270700962201936
legal_prev_taker_sell_base_volume,0.0,0.07234270717870174,0.02817587310645717,0.046892774456726426,0.018613863503329407,0.03320504364904295
rv_10_rolling_z_24,0.04070923832424535,0.0327194291535679,0.016347898946451608,0.008539961876763544,0.06747505483356525,0.03315831662691873
ret_term_ratio__ret_1__ret_10,0.04505575772662607,0.03789464882376162,0.039628977864684334,0.0,0.04319659635038993,0.03315519615309239
body_pct_1_lag6,0.04720859871654376,0.0388561454247053,0.036583869589229996,0.01755867825247753,0.025530844136161215,0.03314762722382356
context_relative_volume_product__up_ratio_5__relative_volume_10,0.04713519244510448,0.011020725181694207,0.014984269530997017,0.016154846340812382,0.07611788352112878,0.033082583403947374
volume_z_10_rolling_z_6,0.07938453044919193,0.010007191206489454,0.018058367150164373,0.007925039132589984,0.048973323746131114,0.03286969033691337
efficiency_10_mean_gap_12,0.02992735426621578,0.11864016885355978,0.015303359347940027,0.0,0.0,0.03277417649354312
relative_volume_5_rolling_z_12,0.07620357948214976,0.013514268493100796,0.010469684214488694,0.019590650409419416,0.04406327320294125,0.03276829116041998
low_volume_flag_share_5_mean_gap_12,0.07742106840299379,0.015017543194781794,0.029839815076619453,0.02191057891198901,0.018959848160578902,0.03262977074939259
volume_below_rolling_p20_share_5_mean_gap_12,0.055227860643639284,0.026358371079284397,0.005733011184369347,0.009618965532344476,0.06535789631570817,0.03245922095106914
rv_5,0.03221049346662705,0.07695233476803237,0.024158591557615988,0.02077374677977519,0.00799939230959472,0.032418911776329065
clv_1_rolling_z_6,0.10654592046319702,0.0,0.034442597316523826,0.02097183524531985,0.0,0.032392070605008136
stale_trade_share_20_mean_gap_24,0.016619415879091413,0.04588133734414476,0.0,0.013517853814396581,0.08593572559221772,0.0323908665259701
context_ret_product__wick_pressure_1__ret_3,0.028922483703224783,0.055044018260768594,0.011658097204268518,0.04534577848264467,0.020975045385156564,0.03238908460721263
volume_z_20_delta_1,0.03168899611690103,0.05804698369772531,0.012248107021047294,0.05448648787052827,0.004867491330740498,0.03226761320738848
signed_volume_1_lag3,0.024938209209509767,0.016433162544122536,0.010571042937747924,0.017588033068837113,0.09048965419392441,0.03200402039082835
rv_5_mean_gap_6,0.0,0.02620645115338099,0.018650197636260066,0.05877930018103939,0.05588755270285786,0.031904700334707665
htf_efficiency_15m,0.08099445526202098,0.03483588093840872,0.006877390433783187,0.01765301866711929,0.01892710615000973,0.03185757029026838
bb_width_pct_rank_100,0.04854845869493134,0.06769023012999409,0.00761123342218303,0.018780203995314264,0.01645218343145621,0.03181646193477579
up_ratio_5_mean_gap_6,0.060638048243522855,0.02675730983139948,0.015365386336371847,0.0,0.05599893730650282,0.0317519363435594
ret_range_pos_product__ret_1__range_pos_10,0.02972319852236573,0.0439622735274791,0.020044216993595584,0.00900762616804106,0.054942355090161314,0.031535934060328556
efficiency_term_ratio__efficiency_5__efficiency_10,0.0612657847447252,0.0597924179836049,0.023216969190170755,0.013255813116457434,0.0,0.03150619700699166
wick_imbalance_3,0.028411406717662863,0.0956206171482806,0.005880792146092702,0.0,0.027578482447959702,0.031498259691999174
volume_z_5_rolling_z_24,0.04897233098789024,0.03721787474918891,0.02478777759401323,0.016046523560867994,0.03037345995163437,0.03147959336871895
volume_state_product__volume_z_3__relative_volume_10,0.06307956892946705,0.006906819227877536,0.003136965154212847,0.023472812293609903,0.06046373303749985,0.031411979728533435
volume_z_20_lag2,0.0387774832332967,0.032839191270473564,0.043868080347831406,0.0075655937145953965,0.03353122312710519,0.03131631433866045
volume_z_3_rolling_z_24,0.0898152158383447,0.028361320737390328,0.008101886128930341,0.013569977310388805,0.01581848393406783,0.031133376789824408
bb_width_20,0.059491974838739546,0.00654213551374148,0.061092127954786614,0.010417312398518895,0.018025272538573923,0.03111376464887209
context_relative_volume_product__max_up_ret_5__relative_volume_20,0.032688360542891176,0.026877648859978835,0.04347838010305152,0.012939120937804157,0.03912998787078307,0.031022699662901755
efficiency_5_delta_1,0.05696207849079904,0.014281701861645383,0.016722591653742423,0.02748704616747022,0.039628798299351,0.031016443294601615
efficiency_3_mean_gap_12,0.019728240424168018,0.06109392555188969,0.03096041211024129,0.043296108786096195,0.0,0.03101573737447904
volume_z_5_lag1,0.04144817705457151,0.031838502166295246,0.0442740466948291,0.037356925276014204,0.0,0.03098353023834201
rv_5_mean_gap_24,0.009988763874605084,0.05730330216712718,0.01987054362945833,0.0040364177749277865,0.06370394902849018,0.030980595294921715
close_z_3_mean_gap_6,0.033319500362737495,0.01230934106832711,0.0,0.026993321563171965,0.08212684194618694,0.030949800988084704
volume_z_20_lag3,0.03604403466000151,0.023582033204911118,0.03738229283421283,0.005025193965177704,0.052406701152491034,0.030888051163358837
ret_10_lag12,0.06920280441880707,0.045189836801423675,0.03953705442479227,0.0,0.0,0.030785939129004604
upside_rv_20,0.01786313796189618,0.03728211919283529,0.01579123318710661,0.041200663328034286,0.03980542819149295,0.030388516372273067
clv_x_dollar_volume_1,0.03388199372399196,0.03382497153387965,0.0401445699818816,0.015216070717846239,0.028623229627643833,0.030338167117048658
relative_volume_term_spread__relative_volume_5__relative_volume_10,0.03301419804768421,0.006619627784334159,0.02780669191244089,0.08388386694531197,0.0,0.030264876937954245
rv_5_lag1,0.022230252345152645,0.04224663017910803,0.03921352458089047,0.022121034298388,0.025371324233123622,0.030236553127332554
prev_bar_log_quote_volume,0.03987075682491456,0.022387329238781957,0.0,0.0388048299879794,0.05009229620746355,0.030231042451827894
body_pct_1_lag3,0.0740987166940183,0.03739970059116099,0.01790609028547779,0.0,0.02117790860805721,0.03011648323574286
ret_1_delta_3,0.08258062689439136,0.0019286950077536914,0.011586609684000333,0.011937483816742004,0.04200094975120156,0.03000687303081779
legal_prev_trade_count_sum_10,0.012923716012910844,0.06054839141523865,0.03061801090917776,0.04002506166381477,0.005914734817431974,0.030005982963714806
rv_10_delta_6,0.05027380771729872,0.05465580010009552,0.022402763749909658,0.016185185041779914,0.005783880743464426,0.029860287470509644
relative_volume_20_lag1,0.04159076453704258,0.0451852778940258,0.01206021393019586,0.0,0.05012392153160439,0.02979203557857373
close_z_10_delta_6,0.0,0.07753522912881654,0.013696377531302898,0.014725692404473382,0.042976298900941554,0.029786719593106876
relative_volume_5_mean_gap_24,0.0240349738771327,0.026999213674804425,0.027140153575433274,0.0,0.07072381320993891,0.02977963086746186
max_up_ret_5_delta_6,0.02225005485242799,0.03047151316073513,0.029929636004634476,0.0658771765341994,0.0,0.029705676110399405
close_z_3_rolling_z_12,0.05026452313141855,0.0075645909423130665,0.032435934594335074,0.015617571134812186,0.04172357046391703,0.029521238053359176
efficiency_10_rolling_z_12,0.026821790859712508,0.052850082399077083,0.04393923047387832,0.02392980060324354,0.0,0.029508180867182286
relative_volume_20_rolling_z_24,0.041063461766769664,0.05186952291283052,0.009520924259347594,0.0,0.04486601350796574,0.029463984489382707
context_ret_product__max_up_ret_5__ret_15,0.0302784486843024,0.041135814196401034,0.005512598157419694,0.012608931273401893,0.05721008607809181,0.02934917567792337
range_pos_3_delta_6,0.02655696654002897,0.03453042404343157,0.045150224028129,0.024296014927770726,0.016159880194451047,0.029338701946762264
ret_5_lag1,0.010464258017985477,0.0197516239835695,0.04731702036020087,0.010846078525473335,0.05785890679083554,0.029247577535612947
ret_range_pos_product__ret_10__range_pos_3,0.025082745054745188,0.027085996253511324,0.02509905098435008,0.05829992941501196,0.010305523207103155,0.02917464898294434
efficiency_3_rolling_z_24,0.07749654636788417,0.014526113811846833,0.025689195261284797,0.0,0.02797517278974125,0.02913740564615141
prev_bar_taker_buy_volume_lag6,0.040003425277018875,0.028701364338582475,0.027297700870721833,0.010648946619413258,0.03896207838099156,0.029122703097345604
context_relative_volume_product__compression_score__relative_volume_20,0.04211482519726993,0.039434418446669714,0.038316327583926287,0.0,0.025538999908616248,0.029080914227296435
ret_3_rolling_z_6,0.06847833955927517,0.026363693436415925,0.022799629361269242,0.007873766190921809,0.01973893026378281,0.02905087176233299
relative_volume_20_mean_gap_6,0.04584886681771801,0.04976931970253452,0.013097860866439081,0.0036020520498467002,0.03249221450651497,0.028962062788610653
legal_prev_taker_buy_base_volume_sum_10,0.02366660810984111,0.0,0.029148657371891783,0.020055627298734172,0.07192155904980697,0.028958490366054808
legal_prev_taker_buy_base_volume_z_3,0.0643961768230058,0.04565797567142088,0.016933830856674107,0.010361548255874719,0.007263223591502052,0.02892255103969551
ret_range_pos_product__ret_10__range_pos_10,0.0680283931235049,0.004592952592737904,0.014060649505894206,0.024220237045571667,0.033518867042074324,0.028884219861956596
close_z_5_mean_gap_24,0.039256155838490944,0.02278979747941744,0.017136194387848178,0.011789839706981664,0.05289475796366467,0.02877334907528058
up_ratio_5_rolling_z_6,0.0,0.06259370005026854,0.01757201108423738,0.04529985009497606,0.018394308350239093,0.028771973915944216
context_relative_volume_product__compression_score__relative_volume_3,0.01846796599764753,0.050518011632566744,0.0603079829525508,0.0023620628138391222,0.012105569455306199,0.02875231857038208
efficiency_5_rolling_z_24,0.07262348191438006,0.019719855710831888,0.038645339872343185,0.012375135968971171,0.0,0.028672762693305258
ret_10_mean_gap_24,0.03385803687694427,0.005997234966425656,0.018280565266107857,0.018595822746268247,0.06659150828176959,0.02866463362750312
ret_volume_z_product__ret_15__volume_z_10,0.060009272729547265,0.008727270750107138,0.028823412415035544,0.045760726644008404,0.0,0.02866413650773967
volume_z_10_delta_6,0.045466228076854104,0.010734215088736357,0.027269359545248666,0.03699131149053493,0.022454668052688774,0.028583156450812563
legal_prev_taker_buy_base_volume_z_10,0.060165958585128,0.04469838047602719,0.012827184074911391,0.0,0.024648360270232164,0.02846797668125975
htf_close_z_15m_lag2,0.06250438061502119,0.015094454183546187,0.046084507765918915,0.0,0.01859399077834946,0.02845546666856715
prev_bar_taker_buy_volume_lag2,0.0,0.0,0.017212475626832556,0.055294341400722924,0.06940542834534126,0.028382449074579354
low_volume_flag_share_20_mean_gap_6,0.021877277487934447,0.04577539461530359,0.016721576315828605,0.013980863408730419,0.04310297908763907,0.028291618183087223
clv_1_lag6,0.08266042741392021,0.029883192642030442,0.02037712065242244,0.0,0.007986575401012138,0.028181463221877045
relative_volume_20_lag3,0.061898470589521436,0.054978010531105605,0.0,0.0,0.02398296737615182,0.028171889699355773
close_z_3_rolling_z_24,0.05227987789528148,0.029272399710374757,0.0,0.026577270083452585,0.03271305360840513,0.02816852025950279
low_volume_flag_share_5_rolling_z_6,0.036560482390547475,0.07016959706398297,0.01950835239765227,0.0,0.014436173543711343,0.028134921079178817
ret_term_ratio__ret_10__ret_15,0.04348075807949376,0.053260747862764767,0.0,0.024403301484503405,0.019468992945300072,0.0281227600744124
volume_z_10_rolling_z_12,0.0,0.025359303390873555,0.022170593229605025,0.030040758665205825,0.0630127488508961,0.0281166808273161
close_z_term_ratio__close_z_5__close_z_10,0.03530563159982454,0.061779664001337525,0.022221615727292057,0.009458365542618303,0.011664433353181748,0.02808594204485083
prev_bar_log_volume,0.015205513822626825,0.07907124360372958,0.022971627281633843,0.0,0.022945928457251855,0.028038862633048424
prev_bar_taker_buy_ratio_lag1,0.018627091316215982,0.0,0.006716453571748985,0.0,0.11466167125432272,0.02800104322845754
close_z_5_delta_3,0.01592494255792842,0.020616901805668077,0.006270015683794117,0.029505410951833875,0.06686272058026312,0.02783599831589752
volume_below_rolling_p20_share_20_mean_gap_12,0.09422113285887093,0.020222223459318085,0.006755389902069841,0.0,0.01791299415764399,0.027822348075580566
ret_close_z_product__ret_5__close_z_3,0.05500798526246176,0.04929440262362991,0.020362778737061854,0.014117386020018934,0.0,0.027756510528634492
clv_x_volume_1,0.009726522081407844,0.019345091021728544,0.024107822794118154,0.04127110156793742,0.04429738443442183,0.02774958437992276
ret_15_mean_gap_12,0.0,0.05105561187773926,0.025498467804559357,0.017493250802714466,0.04410334385445444,0.027630134867893508
htf_regime_trend_strength_15m_delta_1,0.02883322799110015,0.03338506561461153,0.03598720980107391,0.024219318047328332,0.015442951234674393,0.02757355453775766
volume_z_10_mean_gap_24,0.03777044953418304,0.0237111345663688,0.03199661478453798,0.03852623266552988,0.005815027060139922,0.02756389172215192
ret_volume_z_product__ret_10__volume_z_3,0.02362501842171388,0.04141040754649842,0.05504442722737133,0.00861847814629769,0.009119710591153346,0.02756360838660693
ret_10_lag3,0.062209813351532826,0.03920443048111823,0.007084534993876702,0.029178407395154888,0.0,0.02753543724433653
price_location_product__range_pos_3__close_z_3,0.011012601696160543,0.0,0.002830814618432786,0.052948568090681415,0.07086463221487724,0.0275313233240304
relative_volume_term_spread__relative_volume_10__relative_volume_20,0.02443384091849584,0.020946869685473497,0.020039746809602098,0.04381673777443532,0.028072391753828384,0.02746191738836703
ret_volume_z_product__ret_5__volume_z_5,0.020605499244481584,0.02964801987387134,0.010942627356694578,0.021570046060623405,0.05439756484047528,0.02743275147522924
legal_prev_log_taker_buy_base_volume_lag6,0.04878861248558933,0.019616522491528995,0.017484636863775778,0.008482967718081429,0.04261219751679,0.027396987415153107
down_ratio_5,0.03685004344606292,0.01785564361980321,0.0,0.07683030974200465,0.004735511238434299,0.027254301609261018
volume_z_20_lag12,0.04473426605220448,0.0673519511094949,0.0,0.007063398759675861,0.017036481380369985,0.02723721946034905
prev_bar_taker_buy_ratio_lag3,0.03411158003797073,0.050430566584611154,0.009458851335134836,0.017270461600820786,0.02433633731004391,0.027121559373716287
range_pos_3_delta_1,0.043460137301059104,0.0,0.01756957099957086,0.013334694715833885,0.06118353624248222,0.027109587851789213
volume_z_5_lag3,0.0,0.058305549048806846,0.022253850717840615,0.0037801562809449316,0.05114223574490471,0.02709635835849942
rv_30_delta_6,0.08151750204579065,0.02433349832110036,0.0,0.0,0.029358690782751648,0.02704193822992853
relative_volume_3_rolling_z_6,0.023756230810323548,0.030338593298602744,0.03126376173350506,0.010127878213668298,0.03968707349906287,0.027034707511032506
range_pos_10_rolling_z_12,0.08462071584039751,0.021871295214608885,0.023985300097598194,0.0,0.004502625377749069,0.02699598730607073
volume_z_term_spread__volume_z_3__volume_z_10,0.05738283181449596,0.013234493190004349,0.017778770376195227,0.016168041276616363,0.030062544166716172,0.026925336164805615
wick_pressure_1_lag2,0.0,0.09272087033697518,0.0,0.01255320637669827,0.028800349843579227,0.026814885311450536
volume_state_product__volume_z_20__relative_volume_20,0.04265397581794564,0.02143484813634455,0.011811993156444987,0.0,0.05803928645834625,0.026788020713816287
slope_3,0.040949155706135484,0.03141587693383255,0.0,0.025593037600803895,0.03593542625281246,0.02677869929871688
legal_prev_taker_buy_base_volume_sum_3,0.09300923615570181,0.03438780536647417,0.0,0.0,0.006458988487023513,0.0267712060018399
volume_below_rolling_p20_share_20_lag6,0.06060746951843782,0.033549794557929946,0.016885946653057978,0.02239458651239303,0.0,0.026687559448363755
relative_volume_term_ratio__relative_volume_3__relative_volume_10,0.031835360060516044,0.036460755833446504,0.029749989685172153,0.019656740716740687,0.01572599561314436,0.026685768381803955
ret_5_delta_1,0.0634824494217258,0.0204419873578418,0.018560015734718622,0.0,0.03065189750872854,0.026627270004602948
close_z_term_ratio__close_z_3__close_z_5,0.01769448929331122,0.029995688232332344,0.032546080743754195,0.009115089495195353,0.04370022332118712,0.026610314217156046
volume_share_term_spread__volume_share_5__volume_share_10,0.028367823917182778,0.02229935270870755,0.04408330589254826,0.029143516568517804,0.008723331238372968,0.026523466065065872
ret_1_lag6,0.012380082497877346,0.0638261756597193,0.05633737124024384,0.0,0.0,0.026508725879568103
close_z_3,0.03853706788193476,0.0326171667943135,0.06136902268983797,0.0,0.0,0.026504651473217244
volume_z_20_delta_3,0.0178252161411682,0.056086510687503734,0.0,0.0,0.05782488683287744,0.026347322732309875
wick_pressure_1_delta_3,0.014885597642118805,0.049401155128937835,0.011678001337663613,0.05568786371901181,0.0,0.026330523565546417
ret_volume_z_product__ret_15__volume_z_20,0.034252218839833225,0.035252202853257135,0.031057376735746996,0.030796214890087784,0.0,0.026271602663785032
stale_trade_share_20,0.03061804617777678,0.04655011542659307,0.0,0.03890512201807848,0.015116566937319496,0.026237970111953564
ret_relative_volume_product__ret_1__relative_volume_3,0.016556641383588085,0.035649364342454117,0.06879536397200059,0.009912503044645747,0.0,0.026182774548537707
rv_10_lag6,0.024715529498175605,0.0,0.02600404505577683,0.013998572018919313,0.06610697901450138,0.02616502511747463
volume_share_term_spread__volume_share_3__volume_share_10,0.020485875644852502,0.04620245932032996,0.03793708474776166,0.019642737653555942,0.006409360047833836,0.02613550348286678
rv_term_spread__rv_5__rv_10,0.02785640634759292,0.03994063293375332,0.0,0.010733302869746414,0.0517003265372263,0.02604613373766379
range_pos_term_ratio__range_pos_5__range_pos_10,0.08797944125176797,0.003321392608544306,0.0,0.017416170478953354,0.02142740653199928,0.026028882174252983
close_z_term_spread__close_z_5__close_z_10,0.060568437026565274,0.01644111161904445,0.05308245897283265,0.0,0.0,0.02601840152368847
max_positive_single_bar_return,0.014475420069370174,0.02272172667185395,0.00849363040623244,0.04173491418327174,0.042580913008097625,0.026001320867765187
ret_15_delta_3,0.053677097391777034,0.05610546546868343,0.0,0.02017238828473034,0.0,0.025990990229038162
ret_10_mean_gap_12,0.03128980996710164,0.03619407289577199,0.017917581524052317,0.0,0.04443207222511917,0.02596670732240902
price_location_product__range_pos_5__close_z_3,0.03763484819669843,0.0,0.0,0.03242137338733286,0.05963433323785276,0.025938110964376808
htf_efficiency_15m_delta_6,0.05273603433417866,0.00885913156495717,0.008413580948293505,0.0,0.05964258203779201,0.02593026577704427
stale_trade_share_5_delta_6,0.015432313832879163,0.03487883202499377,0.031148825719687953,0.021325599008771696,0.026717292691944047,0.025900572655655325
ret_vol_ratio__ret_5__rv_5,0.06255001264900018,0.0,0.009999598263479731,0.0,0.056869659375968745,0.025883854057689733
ret_10_delta_6,0.021762586736004976,0.04213437363647303,0.0,0.03400896173030766,0.03128553936326968,0.025838292293211072
relative_volume_3_delta_6,0.04917381455085384,0.009303528542368832,0.004109355673795433,0.016571330423551307,0.049941031138032395,0.02581981206572036
volume_z_term_ratio__volume_z_3__volume_z_20,0.02381064356642159,0.04621055553931729,0.025634517489399773,0.008471881654271646,0.024966265033683165,0.025818772656618694
abs_ret_mean_5_delta_6,0.014389792418677829,0.040914265852789254,0.004696009180782751,0.007952729722130687,0.06061803283961173,0.02571416600279845
context_relative_volume_product__compression_score__relative_volume_5,0.03842750994368571,0.028342035903494402,0.008771874698375839,0.0,0.05292518329586539,0.025693320768284268
ret_10_delta_3,0.016765644979143585,0.06043320917738794,0.019286641194743034,0.012707977625432718,0.019024236155360717,0.025643541826413596
ret_efficiency_product__ret_10__efficiency_10,0.0,0.010839555707047262,0.017983641336102463,0.008311016142253195,0.09061404127678416,0.025549650892437416
ret_vol_ratio__ret_5__rv_3,0.033899655428976695,0.03787973226381824,0.0,0.011526524968163185,0.04420747120168276,0.025502676772528175
context_relative_volume_product__max_down_ret_5__relative_volume_10,0.0,0.028130949751702033,0.0,0.043257733196072845,0.055767051654561084,0.025431146920467197
context_ret_product__clv_1__ret_5,0.014826332297069297,0.0,0.03654366980229758,0.00722543110197877,0.0681067535861783,0.02534043735750479
volume_state_product__volume_z_3__relative_volume_20,0.0,0.017397840967411694,0.04654549271838017,0.06243493137875605,0.0,0.025275653012909582
context_ret_product__compression_score__ret_3,0.0345855695864859,0.040453128120789286,0.01952251537712733,0.0,0.03178715228912482,0.025269673074705467
close_z_3_delta_3,0.039290010896283395,0.011749815800866583,0.01890548257839077,0.011119664157281972,0.04506686991838924,0.025226368670242395
efficiency_10_delta_3,0.05259188935572474,0.03310412108640768,0.005300876016661013,0.0,0.03499284800693789,0.02519794689314626
ret_5_lag12,0.03509432824509863,0.0417291397194717,0.009566972118661202,0.018988081694917155,0.020392568544289287,0.025154218064487595
legal_prev_relative_taker_buy_base_volume_3,0.01665235409732856,0.05538773200586682,0.02860235704785246,0.0,0.025027543498900344,0.025133997329989638
ret_term_ratio__ret_5__ret_10,0.03128617695585068,0.02153763256771322,0.04513829473672753,0.0,0.02758417645992177,0.025109256144042635
ret_term_ratio__ret_5__ret_15,0.025912921773975597,0.07821376152910182,0.011035548934677463,0.0,0.010325090263189668,0.02509746450018891
prev_bar_trade_count_lag1,0.0,0.0412865946271541,0.006924634321817125,0.05596199886250576,0.021174077812023403,0.025069461124700078
context_relative_volume_product__clv_1__relative_volume_5,0.0,0.027358140554072295,0.07186444985560744,0.0,0.026050497735722412,0.025054617629080428
ret_3_delta_1,0.04781431178555034,0.01284078869941262,0.007503252678434308,0.02073156256728476,0.036202103117812204,0.025018403769698848
legal_prev_log_taker_buy_base_volume_lag2,0.03929676880248541,0.012578156645386923,0.007161465222282019,0.06601380115019571,0.0,0.025010038364070016
context_relative_volume_product__max_up_ret_5__relative_volume_5,0.0,0.017242591338887184,0.03064847792782289,0.04530110816844541,0.03177743099953294,0.024993921686937683
ret_relative_volume_product__ret_15__relative_volume_10,0.007815456917702407,0.03941248078705804,0.00936853482258446,0.01978096246773857,0.048568334268911106,0.024989153852798915
abs_ret_mean_20_delta_3,0.01765473559290002,0.03589535467257077,0.0060722234250064535,0.00944940624306516,0.05496371524264265,0.02480708703523701
ret_term_spread__ret_3__ret_5,0.025831890743586338,0.08121119165356563,0.012946847514260642,0.003974249598277763,0.0,0.024792835901938075
low_volume_flag_share_20,0.04845190465788239,0.03884221732582655,0.017630039752969423,0.005871345425228887,0.013076095801611355,0.024774320592703722
prev_bar_taker_net_quote_volume,0.012083843598237921,0.0583260850803018,0.0,0.010962759170808295,0.0421201269262335,0.024698562955116306
signed_volume_1_lag12,0.030339626143477655,0.05705815628310422,0.0,0.01924606384730058,0.016815605563562704,0.024691890367489033
legal_prev_taker_buy_base_volume_z_20,0.03387102211671359,0.01017298412328076,0.006362405081080274,0.0443305201554332,0.028558908077144726,0.02465916791073051
range_expansion_x_volume_3,0.05757046546007541,0.01122308199524479,0.0,0.011384838295488234,0.04303763003110095,0.024643203156381875
ret_vol_ratio__ret_15__rv_3,0.05913549375844655,0.020542709273841244,0.01799176673873701,0.017196386629989742,0.00832550044627013,0.024638371369456936
close_z_5_rolling_z_6,0.0,0.032744690380129574,0.023510556857610766,0.019179421564031907,0.04729329789905596,0.02454559334016564
efficiency_3,0.024142793597015405,0.02040834271451239,0.017020487061467658,0.060867393858992244,0.0,0.02448780344639754
ret_term_spread__ret_1__ret_3,0.02406661193266787,0.01943122815113195,0.0610879897022122,0.012701299234190356,0.004826723610489308,0.024422770526138338
ret_close_z_product__ret_15__close_z_3,0.0167005026280699,0.057306276154153374,0.010774265373065599,0.02454661216986089,0.012494142113351425,0.02436435968770024
relative_volume_3_delta_1,0.01662317535977059,0.0690810642424441,0.03605451687458148,0.0,0.0,0.024351751295359235
context_relative_volume_product__down_ratio_5__relative_volume_20,0.016965716290215878,0.059014869715873705,0.0,0.03907741598490892,0.006664903430921073,0.024344581084383917
ret_range_pos_product__ret_3__range_pos_10,0.05485356303588622,0.059093871414331055,0.007554883076138068,0.0,0.0,0.024300463505271066
realized_skew_10,0.05607321479052236,0.03616874935634277,0.00679950455889047,0.022456839053206414,0.0,0.024299661551792404
prev_bar_taker_buy_volume_lag3,0.0,0.06216698565350551,0.020483751197867554,0.030741757852233494,0.007679058679022625,0.024214310676525835
prev_bar_taker_buy_volume,0.045173871058224915,0.06094098267371586,0.0,0.0,0.014520282048851236,0.0241270271561584
prev_bar_taker_buy_ratio_lag6,0.04034182871535477,0.05504455021507093,0.01600519256336949,0.0,0.008921017779168513,0.024062517854592742
relative_volume_10_mean_gap_24,0.023342332624421744,0.024962913382733813,0.0,0.01722838433046992,0.05410531306732262,0.02392778868098962
relative_volume_5_delta_1,0.048228716378490126,0.039334162442313865,0.0,0.03204355409620179,0.0,0.023921286583401157
weekday_sin,0.026918220845332685,0.03316287502431104,0.04144276276294682,0.010926413135350085,0.0071160718853725,0.023913268730662626
downside_rv_20,0.0,0.009152245129147273,0.042788168356072485,0.0,0.0675947671069265,0.023907036118429252
ret_term_ratio__ret_3__ret_15,0.06201364109131095,0.0,0.03158251475316284,0.02572764302029013,0.0,0.02386475977295278
stale_trade_share_5_delta_1,0.0,0.021177577453744933,0.023994011002349738,0.021752046309659243,0.052270334506623786,0.02383879385447554
ret_5_mean_gap_6,0.009120494078629063,0.013520058707256333,0.015914875291733275,0.00485482592570465,0.07573016356206284,0.023828083513077233
wick_imbalance_5,0.020230587004042636,0.07142863312631514,0.0,0.018847100984890525,0.008398943635643037,0.023781052950178266
volume_z_term_spread__volume_z_3__volume_z_5,0.0,0.05863606553533319,0.005214071357699371,0.029493747122150537,0.025511187822569503,0.02377101436755052
context_relative_volume_product__wick_pressure_1__relative_volume_3,0.0345987850864983,0.028428599786275273,0.02961577151337843,0.0,0.02563148427562358,0.023654928132355115
htf_ret_15m_1_lag2,0.029102004932815225,0.016550112279847973,0.012080668422119646,0.00905903602891073,0.051336542192603876,0.02362567277125949
relative_volume_20_delta_6,0.02298084774223874,0.03101849199660817,0.016954489818465132,0.012002492237082035,0.03514348406534896,0.023619961171948606
relative_volume_5_mean_gap_12,0.0,0.053129759962803634,0.02594481415352917,0.00288889675196296,0.03607988564347492,0.023608671302354136
ret_close_z_product__ret_10__close_z_10,0.044451558308546184,0.035611532563852744,0.03775299388415694,0.0,0.0,0.023563216951311174
body_pct_1_lag12,0.062272150206292017,0.01436303375081003,0.0,0.015951610305787157,0.025156647865363892,0.02354868842565062
ret_vol_ratio__ret_3__rv_5,0.053134369610399676,0.0,0.04014068826317434,0.011253043084475719,0.012796610382077637,0.023464942268025472
ret_volume_z_product__ret_1__volume_z_5,0.0,0.03567738536114825,0.019126453788050307,0.053800028302973764,0.008537293681061759,0.023428232226646816
relative_volume_5_lag2,0.031015342758664667,0.0,0.05575419582753765,0.030293677602530752,0.0,0.023412643237746614
context_ret_product__max_down_ret_5__ret_15,0.0,0.03878650388313509,0.02495255204023807,0.019926697831927905,0.03334792948482454,0.02340273664802512
volume_share_term_ratio__volume_share_3__volume_share_10,0.018289378578609152,0.009639695605837493,0.053695615403523564,0.022963592834211562,0.012375384998766009,0.023392733484189555
relative_volume_term_ratio__relative_volume_5__relative_volume_20,0.028983169179467954,0.027843989099023005,0.017197416572616746,0.017075177216112188,0.025711098242149948,0.023362170061873966
context_ret_product__compression_score__ret_1,0.03212007262320069,0.00934759165635094,0.0,0.0,0.07507345304736641,0.02330822346538361
context_ret_product__wick_pressure_1__ret_10,0.05033315385605325,0.021883665250999593,0.04304359775136606,0.0,0.000999535717195343,0.023251990515122847
rv_10_lag3,0.016696390508618708,0.0,0.02134310460835528,0.04858950521801097,0.029533306680653806,0.023232461403127756
dollar_vol_mean_20_delta_6,0.060560802582556944,0.03246897638584667,0.009131681315166174,0.0,0.01368705636990417,0.02316970333069479
prev_bar_taker_buy_volume_lag12,0.01672313442358678,0.01675956819503159,0.011767699013368164,0.026374362962819073,0.04415943940513273,0.023156840799987664
range_3,0.024952211364424933,0.01208026824740856,0.03429668930374406,0.0441603651261117,0.0,0.02309790680833785
range_pos_term_ratio__range_pos_3__range_pos_5,0.029819623729948397,0.012994845242517336,0.018933969606793166,0.0,0.053737735132671834,0.023097234742386147
volume_share_term_spread__volume_share_3__volume_share_5,0.07850504158023675,0.007926122912059779,0.0,0.016082260206788213,0.012496441602489337,0.023001973260314813
efficiency_3_mean_gap_6,0.03591935278050695,0.026020582675399966,0.0,0.013172794016486303,0.039843040645456754,0.022991154023569996
range_5,0.05681590408659547,0.008800890985766823,0.003613254703148243,0.04572537584900056,0.0,0.02299108512490222
prev_bar_taker_buy_quote_volume,0.042693701567411355,0.0,0.05885123786802223,0.013178564170995735,0.0,0.022944700721285863
context_ret_product__max_up_ret_5__ret_5,0.019849734146561722,0.049789274771168186,0.014885562731949433,0.030047976222609823,0.0,0.022914509574457835
volume_z_3_mean_gap_12,0.00657724090208528,0.009023113583268096,0.04009567296014968,0.009891918487047948,0.04883224727011868,0.022884038640533937
abs_ret_mean_5_delta_3,0.0,0.029353212335222728,0.013527931541689008,0.0,0.07134777684786583,0.022845784144955514
volume_share_term_ratio__volume_share_5__volume_share_20,0.01710722781997547,0.038750217799863505,0.025694512096870358,0.008658065527697597,0.023578479949023692,0.022757700638686127
ret_10_lag2,0.04846341638214502,0.009598496653853646,0.02816404954813451,0.02747016737506825,0.0,0.022739225991840285
stale_trade_share_5_mean_gap_24,0.03753858964837646,0.012157428415903816,0.003241162214674433,0.008172394425467024,0.05250919632580984,0.022723754206046314
ret_volume_z_product__ret_15__volume_z_3,0.032014226255481164,0.02744724832238275,0.03367464860081787,0.02042968721967244,0.0,0.02271316207967084
context_ret_product__up_ratio_5__ret_10,0.0,0.034373135973661345,0.04242852613007832,0.019571141743016225,0.017113007338946985,0.022697162237140574
dollar_vol_mean_20_delta_3,0.0,0.0,0.017266136520245234,0.024105062885166072,0.07193327470807266,0.022660894822696794
clv_1_lag3,0.016682496095864637,0.047461958179631586,0.031189306979871288,0.0,0.017938150470894792,0.022654382345252463
volume_z_5_lag2,0.03519690197347212,0.0510811887062028,0.026786638720521554,0.0,0.0,0.022612945880039294
wick_pressure_1_mean_gap_12,0.07188081919764955,0.016410419482535542,0.017125572416725146,0.007561784351595135,0.0,0.022595719089701073
volume_below_rolling_p20_share_20_rolling_z_12,0.011277678785280815,0.007878388019517143,0.03163634294035659,0.04410811271118637,0.017990823045328504,0.022578269100333885
context_relative_volume_product__down_ratio_5__relative_volume_3,0.021003947593446433,0.016608243196339575,0.03545635036779935,0.0,0.03956622161034456,0.022526952553585982
max_down_ret_5,0.0,0.0383140288041465,0.02621179028036609,0.010472962667003795,0.037372054829042156,0.02247416731611171
range_pos_10_mean_gap_6,0.013032436165029738,0.029226479250914827,0.0,0.056730345652648693,0.012853070677125149,0.022368466349143683
prev_bar_trade_count_lag3,0.03470604848286027,0.03953998236317462,0.006030158586011656,0.0,0.03129514539584971,0.022314266965579248
volume_below_rolling_p20_share_20_lag2,0.032869672382142334,0.013319533186427047,0.04037305742295478,0.0,0.0247809233534483,0.022268637268994494
ret_range_pos_product__ret_10__range_pos_5,0.0,0.01514906077500382,0.0,0.07403828161641497,0.021719414461310177,0.022181351370545794
htf_ret_15m_1_lag6,0.04494764576914677,0.016081635590027267,0.01543513084526702,0.018768830147853712,0.01536411542800635,0.022119471556060224
htf_ret_15m_1,0.03539059688192804,0.03193741000977589,0.01785764045374645,0.0,0.02513723525855929,0.022064576520801935
up_ratio_5_rolling_z_24,0.0,0.03490563428207532,0.014788790313973796,0.06007597632325559,0.0,0.02195408018386094
volume_share_10,0.049397158150786755,0.02379622408202714,0.0,0.0,0.036511802376012245,0.021941036921765227
volume_share_term_spread__volume_share_5__volume_share_20,0.03444341840720395,0.02735384495312381,0.019053621217651043,0.017415177417925438,0.01142119687464067,0.021937451774108982
stale_trade_share_20_rolling_z_24,0.04568725071107237,0.022019896720468946,0.024878825186464677,0.0,0.016795763552146025,0.021876347234030404
prev_bar_trade_count_lag12,0.0,0.0,0.003955159973136562,0.0673736284561838,0.037902485202457446,0.02184625472635556
ret_term_ratio__ret_1__ret_15,0.021995846975946524,0.03330359490105026,0.01116380071144183,0.038078464723553,0.004408291042585493,0.02178999967091542
relative_volume_5_mean_gap_6,0.0,0.0,0.009984492584125376,0.049577253154785665,0.04931503405988987,0.021775355959760184
ret_vol_product__ret_3__rv_3,0.03375213964321119,0.04441046319351684,0.0,0.009296668555233487,0.021143053794047705,0.021720465037201847
ret_3_delta_3,0.016585089991725973,0.03198279265646251,0.017789139728613495,0.0,0.04222860251059285,0.021717124977478967
relative_volume_10_rolling_z_6,0.053881503726160074,0.013341872384024164,0.018363787528944058,0.0065366234251737305,0.016240317241201296,0.021672820861100665
low_volume_flag_share_5_lag1,0.021551609111984248,0.013266920742616092,0.04700762473475662,0.0,0.026300211363165456,0.021625273190504484
max_down_ret_5_delta_6,0.02710230205800024,0.04024966724845731,0.006719086173664106,0.00811272735403379,0.025650307278580902,0.02156681802254727
legal_prev_log_taker_buy_base_volume,0.015162731012159144,0.0071826400784667085,0.013106837211487891,0.0275217892305984,0.044615966489207376,0.021517992804383903
ret_vol_product__ret_10__rv_10,0.03615462150147243,0.011206690190440835,0.0,0.059884239646649816,0.0,0.021449110267712616
ret_volume_z_product__ret_1__volume_z_3,0.030986368957640762,0.007623641350909664,0.008832778697090747,0.05965098697697364,0.0,0.021418755196522962
context_ret_product__clv_1__ret_15,0.04598343515729784,0.0393380684238013,0.009974989615949873,0.0,0.011375508664736918,0.021334400372357187
rv_term_ratio__rv_5__rv_10,0.019412894782026676,0.017279644186734073,0.043299814965942034,0.009703368510647412,0.01694385729058679,0.021327915947187397
close_location_1_lag3,0.025585078599971008,0.02500215688111802,0.005812127196827869,0.0,0.050234212711647595,0.021326715077912898
ret_term_spread__ret_5__ret_10,0.01118490330843484,0.036293126643062515,0.051611185284548076,0.006819972616636188,0.0,0.02118183757053633
wick_pressure_1_lag6,0.017472180018685567,0.06069692182409333,0.019400701611412014,0.008007608456772751,0.0,0.02111548238219273
context_ret_product__up_ratio_5__ret_15,0.014997194843546205,0.03596845796773818,0.017658590978912245,0.00399895142380452,0.03291725391227259,0.02110808982525475
prev_bar_log_trade_count_lag1,0.05760747658266627,0.0,0.0,0.0,0.04790529326269786,0.021102553969072825
close_z_term_ratio__close_z_3__close_z_10,0.01553157326135197,0.020723074542099665,0.025701172824260054,0.03744953516681271,0.005946389902765528,0.021070349139457982
compression_score_lag12,0.04098190687154098,0.03409692944607908,0.019820851392697743,0.010275090924034015,0.0,0.02103495572687036
ret_vol_ratio__ret_10__rv_10,0.0,0.008347091911270858,0.0,0.030336333470726177,0.06638017124739475,0.021012719325878358
price_location_product__range_pos_3__close_z_5,0.043400541022693,0.0309852140502012,0.022913304696956238,0.007601388318535061,0.0,0.0209800896176771
ret_volume_z_product__ret_10__volume_z_10,0.02958133705501138,0.04843043366069394,0.017724675475121302,0.008647822396461549,0.0,0.020876853717457632
compression_score_delta_6,0.05458559538263473,0.03378345703964826,0.0,0.015753228139516972,0.0,0.020824456112359994
close_location_1_lag2,0.017736023509065776,0.0514470489105225,0.010732513603054494,0.01448234200407521,0.00950722312756048,0.020781030230855695
ret_vol_ratio__ret_15__rv_10,0.02218767404916989,0.02807665761871425,0.021585571512856092,0.0,0.03175041041541316,0.02072006271923068
ret_3_lag6,0.012998744184912744,0.016952683106729385,0.03382770007501109,0.00908143247260012,0.03073560533852848,0.020719233035556367
volume_z_20_lag6,0.014631350684348914,0.013545857500231516,0.07540086938839104,0.0,0.0,0.020715615514594294
relative_volume_20_rolling_z_6,0.021157961237421308,0.03103191148811337,0.009986623058662925,0.011575833014533394,0.029787268147290862,0.020707919389204375
rv_term_ratio__rv_10__rv_30,0.0,0.014912726523139864,0.055096446036488826,0.02191391004732324,0.011550840750575582,0.0206947846715055
ret_efficiency_product__ret_15__efficiency_3,0.05075161117580812,0.03348906232589408,0.0,0.01111526513866679,0.007942119403657024,0.020659611608805202
range_pos_10,0.026826342913125207,0.015449286848930254,0.025670493005715295,0.013037834254000697,0.022144309169749535,0.020625653238304197
legal_prev_relative_trade_count_3,0.04683958839368426,0.022632296532474196,0.015287782752602003,0.0,0.018280918407744998,0.020608117217301092
relative_volume_term_spread__relative_volume_3__relative_volume_5,0.051934288909223865,0.0,0.01276024204276268,0.00931036456313919,0.02902641828804839,0.020606262760634826
relative_volume_10_mean_gap_6,0.01359775024022344,0.021629174693445486,0.01833711763145871,0.03527633063548335,0.01411610497910758,0.020591295635943713
max_down_ret_5_delta_3,0.058726807808819954,0.02043446304547345,0.007297223171921885,0.012104509112593103,0.004350033428277771,0.020582607313417232
up_ratio_5_mean_gap_12,0.03335664531892029,0.06104185615898035,0.0,0.008493169953773468,0.0,0.02057833428633482
ret_vol_ratio__ret_3__rv_30,0.024771056732452626,0.00726835036276412,0.04673531779537935,0.0,0.023869965292876136,0.020528938036694443
efficiency_5,0.03475462261184036,0.022405960327787168,0.018493262368175258,0.02010253793627201,0.006735718974284361,0.020498420443671832
ret_range_pos_product__ret_5__range_pos_3,0.0,0.06947197473629385,0.0,0.015519117440900844,0.017486797319694908,0.02049557789937792
relative_volume_term_ratio__relative_volume_3__relative_volume_20,0.016376128764522227,0.025690212958998135,0.030793641837817083,0.006657013332265526,0.022748067184407618,0.020453012815602117
close_z_10_rolling_z_12,0.058429892029315644,0.0,0.015570368280032259,0.027819234388611933,0.0,0.02036389893959197
volume_z_3_mean_gap_6,0.03590662094111187,0.06121844914130889,0.0,0.004569140906905554,0.0,0.02033884219786526
ret_3_lag12,0.0,0.028669110075513184,0.0,0.0726702258517474,0.0,0.020267867185452114
vwap_dist_term_ratio__vwap_dist_5__vwap_dist_10,0.029185595682103684,0.027490728953971616,0.03581788949534236,0.008687602613241158,0.0,0.020236363348931766
context_ret_product__max_up_ret_5__ret_1,0.051261577611565176,0.0,0.0,0.04991625870418781,0.0,0.020235567263150598
efficiency_10_rolling_z_6,0.0501788386779281,0.04522857238167246,0.0,0.0,0.005577525934689986,0.02019698739885811
prev_bar_taker_buy_volume_lag1,0.008847756252367967,0.03274580171260661,0.009626070756790546,0.03867229887559258,0.010929706324658155,0.02016432678440317
ret_vol_ratio__ret_15__rv_30,0.014819730100332744,0.0040072689360734996,0.03802194295508431,0.02658505037284343,0.01719976195415879,0.020126750863698556
wick_rejection_count,0.09036853377285681,0.0,0.0,0.005161640302132888,0.004798336195289842,0.020065702054055907
signed_dollar_volume_3,0.022691736373834336,0.0526624754148364,0.011428042433743318,0.013541696700056834,0.0,0.02006479018449418
context_ret_product__max_down_ret_5__ret_5,0.0,0.01292427342860701,0.0,0.03833259958285868,0.04904318021393622,0.020060010645080385
ret_close_z_product__ret_15__close_z_5,0.03688911709724567,0.034030956405439836,0.008678329508357016,0.0,0.02058839201551195,0.020037359005310895
minute_cos,0.0,0.06140337015596933,0.029874178966519394,0.008661139855104846,0.0,0.019987737795518715
legal_prev_relative_taker_buy_base_volume_5,0.0,0.038350764318053385,0.012137632106588506,0.020132984969155148,0.0284926170529509,0.019822799689349586
close_location_1_lag1,0.03551921695155237,0.04180452644829896,0.01240438878997027,0.0,0.009342301253534798,0.01981408668867128
stale_trade_share_5_rolling_z_12,0.0624097629128815,0.028935803325052606,0.0,0.007284000804176747,0.0,0.019725913408422172
range_pos_5_mean_gap_12,0.053292609954891955,0.016957777918867475,0.007734744764963556,0.008171015414126065,0.012471268090078143,0.019725483228585437
ret_3_rolling_z_12,0.0275726810674726,0.023856129249360043,0.01746093030229766,0.01927020835068824,0.010459572675473981,0.019723904329058507
ret_3_lag2,0.013895991790131016,0.05157978591361623,0.022575525605929504,0.010558675792106748,0.0,0.0197219958203567
clv_1_lag2,0.04726089587847054,0.0280882818594378,0.023248235016591057,0.0,0.0,0.019719482550899878
volume_state_product__volume_z_5__relative_volume_3,0.02136197254072572,0.026346158978120267,0.009779728522519963,0.0,0.04097461508846322,0.019692495025965834
ret_close_z_product__ret_5__close_z_10,0.0,0.039670692736734306,0.04054776317751531,0.0,0.017889525964585647,0.019621596375767054
context_relative_volume_product__wick_pressure_1__relative_volume_10,0.0364960836005456,0.0,0.033410212512210574,0.028192934165454587,0.0,0.01961984605564215
ret_term_spread__ret_10__ret_15,0.0,0.03997583831178207,0.020745634429406697,0.01575761360997898,0.021305949895688465,0.019557007249371244
relative_volume_20_delta_1,0.01789296367811978,0.04487297148470413,0.012815900938352422,0.001802369824480464,0.020226496294707613,0.019522140444072883
ret_5_lag6,0.039076769896848086,0.025308459369949233,0.02246350230420862,0.0,0.01057616852905672,0.019484980020012536
ret_10_rolling_z_6,0.04325190874507128,0.013582367848185353,0.00950377232543529,0.028941740178397794,0.0017018500459344734,0.019396327828604835
relative_volume_20_mean_gap_24,0.025585983637594574,0.016225884492716038,0.02287452757378454,0.013477986952266943,0.018499876594548496,0.019332851850182117
range_pos_term_ratio__range_pos_3__range_pos_10,0.06261553574800031,0.010302702982959953,0.0,0.02352477100590623,0.0,0.0192886019473733
volume_below_rolling_p20_share_5_delta_6,0.05352294619438403,0.001450760871177248,0.0,0.014891178477894623,0.02654358288011471,0.019281693684714125
volume_below_rolling_p20_share_5_lag6,0.028208755342635568,0.05121949895509457,0.0,0.0,0.016913362341822415,0.01926832332791051
low_volume_flag_share_20_delta_3,0.0,0.0197106695521555,0.0,0.0,0.07662624606590103,0.019267383123611308
efficiency_5_rolling_z_6,0.05260070156279734,0.02184265767752689,0.021791896823557227,0.0,0.0,0.01924705121277629
ret_vol_product__ret_5__rv_5,0.006629771680689584,0.025425973544743026,0.009286864578766091,0.02591067829918528,0.028872268808595364,0.01922511138239587
volume_share_5,0.018646306354492315,0.010354624407896529,0.010666505647703836,0.02308548690000684,0.033360484480954376,0.01922268155821078
up_ratio_5_delta_3,0.045801715961066226,0.03263781228948867,0.009463125947363545,0.0,0.007537835392847615,0.019088097918153208
close_z_3_delta_1,0.0,0.036085929756387206,0.0,0.0024254908278383124,0.056484278999232355,0.018999139916691575
efficiency_3_mean_gap_24,0.04976924273426623,0.0,0.02278228253258662,0.022365620282990686,0.0,0.018983429109968707
ret_volume_z_product__ret_10__volume_z_5,0.03738738685627002,0.01855273834459093,0.003828246709340922,0.010195009024735184,0.02484674544325452,0.018962025275638318
relative_volume_5_lag3,0.01624989190172364,0.04390940624693286,0.0,0.02529358721237837,0.008818653704452699,0.018854307813097514
relative_volume_3_rolling_z_12,0.01545369450683277,0.020060132765742335,0.0,0.01868864078581937,0.03989188943392962,0.01881887149846482
clv_1_delta_3,0.019530979114097808,0.058071768946077316,0.0,0.006752490067008375,0.008634105960735093,0.01859786881758372
ret_1_delta_1,0.007119787269920404,0.011356690396331267,0.017404369026695746,0.012078057592529456,0.045025070618405605,0.018596794980776495
compression_score_delta_3,0.05600659514650835,0.01841538646705562,0.014523698058369325,0.0036010237483525775,0.0,0.018509340684057178
ret_10_rolling_z_12,0.039228688440353286,0.024331863521777884,0.014275343696646958,0.014492235804315523,0.0,0.01846562629261873
range_pos_10_mean_gap_24,0.0,0.007973098724465985,0.005345233975327563,0.07462918286146364,0.004300833275217554,0.018449669767294945
volume_z_20_rolling_z_24,0.0,0.03528011055234402,0.0,0.03580881997115571,0.021044235059625868,0.01842663311662512
efficiency_3_rolling_z_12,0.012562998363712283,0.03456460161604391,0.018856830545360585,0.012919276125489805,0.013046182281958368,0.01838997778651299
close_location_1_lag12,0.012711575116937,0.0,0.0303831855805568,0.02969263997506029,0.019118167024131064,0.01838111353933703
volume_z_10,0.04850908668651388,0.005347519439906637,0.01793154483385678,0.020101805573847827,0.0,0.018377991306825027
htf_rv_15m_delta_6,0.020505208662703993,0.030226448298392734,0.023123420954036737,0.0,0.017892274202047167,0.018349470423436126
range_pos_5_delta_1,0.03237008765014261,0.02712903638605527,0.0,0.03171041143865347,0.0,0.01824190709497027
volume_z_term_spread__volume_z_5__volume_z_20,0.04322677320295287,0.011817331286508373,0.02867354573821049,0.0,0.007347971503096566,0.01821312434615366
low_volume_flag_share_5_delta_6,0.02271950172063462,0.01551266265853478,0.005516290790923903,0.0,0.04728285876930834,0.018206262787880328
efficiency_5_rolling_z_12,0.03017613210108212,0.026309422672348325,0.009323370569985705,0.02510311444602193,0.0,0.018182407957887614
efficiency_10_mean_gap_24,0.0,0.05899885777689518,0.009588955872515983,0.0,0.022253655640760907,0.018168293858034413
volume_z_20_rolling_z_12,0.013415245365655176,0.0,0.04113566129491455,0.03617776765967071,0.0,0.018145734864048087
htf_range_pos_15m_delta_6,0.0,0.03956437986613033,0.0,0.025453803081431258,0.025688376865421605,0.01814131196259664
efficiency_5_delta_6,0.06979431195973718,0.010448331494196987,0.0,0.0051035591739665475,0.004953600820360759,0.018059960689652294
legal_prev_trade_count_z_20,0.01893709876531368,0.0,0.04201684053372045,0.00885842927726617,0.020423351809174557,0.01804714407709497
relative_volume_term_ratio__relative_volume_5__relative_volume_10,0.0126682633434672,0.03955251152364663,0.0161837536992339,0.021801895276559097,0.0,0.018041284768581363
ret_vol_ratio__ret_3__rv_10,0.010654524631597486,0.005852784570654232,0.03106497511695513,0.0201337707141673,0.022142017536149902,0.01796961451390481
volume_state_product__volume_z_3__relative_volume_3,0.04740209690009928,0.034771041325523236,0.007481734743461952,0.0,0.0,0.017930974593816894
relative_volume_10_mean_gap_12,0.033991705631911354,0.01997458808394443,0.006650611328282286,0.021838597806368074,0.006988832448700715,0.01788886705984137
minute_sin,0.021127850462553374,0.01332547703049023,0.030363863258130716,0.02456526855243601,0.0,0.017876491860722064
price_location_product__range_pos_10__close_z_3,0.0,0.010018097023209077,0.014726068505905413,0.0,0.06445047202133668,0.01783892751009023
volume_z_5_mean_gap_24,0.05764145153859673,0.017877325660026096,0.0,0.0,0.013152247554579855,0.017734204950640535
relative_volume_10_delta_3,0.0,0.021539998580281727,0.008012653324835436,0.008248247856343444,0.05075743494726571,0.017711666941745263
legal_prev_log_taker_buy_base_volume_lag3,0.0,0.020711439768467812,0.030897447908949303,0.021862264908686074,0.014922226600542512,0.01767867583732914
context_ret_product__compression_score__ret_10,0.06526287527626018,0.010534818376400037,0.012444686263818018,0.0,0.0,0.017648475983295647
efficiency_5_mean_gap_12,0.04366810685433902,0.02170406397746715,0.006534694321000551,0.0,0.016261155115427493,0.017633604053646845
close_z_5,0.02353480602663365,0.011452391641294817,0.024562497587446767,0.02701381947318267,0.0015838155834868328,0.017629466062408946
ret_vol_product__ret_5__rv_30,0.04685411916658693,0.020561374262458503,0.0,0.020725354064696715,0.0,0.01762816949874843
ret_3_mean_gap_6,0.03485209371050108,0.04854336915986601,0.0,0.004441721790817231,0.0,0.017567436932236863
htf_close_z_15m,0.020254393759977538,0.022973086885747285,0.008085434297776495,0.0152861050599299,0.021187411351894926,0.017557286271065224
context_relative_volume_product__down_ratio_5__relative_volume_5,0.012794445716551393,0.03901327706622616,0.009270304530655357,0.007095303161590619,0.019504894391944503,0.017535644973393605
range_pos_3_mean_gap_12,0.02884171254759033,0.011161036294864816,0.01097832886580857,0.022631996054457097,0.014061982251433328,0.017535011202830828
close_z_10_rolling_z_24,0.005512515283750305,0.03187664325166448,0.004470088406027521,0.012856093907058566,0.03293422030982619,0.01752991223166541
volume_state_product__volume_z_10__relative_volume_3,0.024031676561465466,0.034570216063485024,0.008418200685327615,0.020454870043929235,0.0,0.01749499267084147
prev_bar_taker_sell_ratio,0.014299921504639936,0.04542295539882319,0.003094632316936818,0.007554567190389606,0.017088350509981684,0.017492085384154248
volume_z_10_mean_gap_6,0.027259388130785364,0.024041942270850773,0.00804583681569139,0.010279681152508312,0.017748968463637355,0.01747516336669464
volume_below_rolling_p20_share_5_mean_gap_24,0.026844258716013897,0.03800341007412441,0.015431775472622932,0.007045207181054035,0.0,0.017464930288763055
prev_bar_taker_imbalance,0.03016216271705934,0.018728630797121115,0.0,0.0167835393428407,0.02163974297485014,0.017462815166374258
ret_term_spread__ret_3__ret_15,0.027805896766805057,0.027436878194349226,0.007825844747375976,0.012743479279676036,0.011488203978047324,0.017460060593250722
context_relative_volume_product__max_up_ret_5__relative_volume_3,0.022769550506607027,0.028598193362308042,0.0,0.006779880319681346,0.029028292720660764,0.01743518338185144
stale_trade_share_20_rolling_z_12,0.007306412061951178,0.025671660954599988,0.009029582648428998,0.004657409487413674,0.04005576815170735,0.017344166660820236
momentum_reversal,0.014441891326345194,0.03682266230970053,0.03536342555978064,0.0,0.0,0.01732559583916527
volume_share_term_spread__volume_share_10__volume_share_20,0.02066335779958409,0.007235310172034815,0.027598631736506618,0.030834847632708245,0.0,0.017266429468166755
volume_z_10_delta_1,0.0,0.020817414965937083,0.021568485957032726,0.043679085013847666,0.0,0.017212997187363493
volume_below_rolling_p20_share_20_delta_1,0.0145533359313985,0.012529093173295229,0.01450896995664851,0.027769039004840342,0.01661516019109887,0.017195119651456293
efficiency_3_delta_1,0.025297931912881884,0.036822485938513276,0.010194520170590752,0.0,0.013560183193776134,0.01717502424315241
dollar_vol_mean_5_delta_3,0.045411960922993606,0.0,0.016754569545586212,0.005534547399254755,0.018132505277873478,0.017166716629141612
stale_trade_share_20_mean_gap_6,0.03596778189359825,0.0215621207573234,0.019539658054174052,0.0,0.008757098122301455,0.01716533176547943
ret_relative_volume_product__ret_3__relative_volume_10,0.025048505047175994,0.0344698777692882,0.018496498260240885,0.007469171800612582,0.0,0.017096810575463535
relative_volume_3_mean_gap_6,0.03931816635504401,0.024218083406628798,0.0,0.021567114365218118,0.0,0.017020672825378187
volume_z_20_mean_gap_24,0.036235393341975834,0.015947836366447754,0.03284905428313347,0.0,0.0,0.017006456798311413
low_volume_flag_share_5_mean_gap_6,0.034681274579766504,0.006157634061614525,0.026646562914551166,0.007044597339997513,0.010436906188244128,0.016993395016834768
ret_vol_product__ret_15__rv_30,0.009131385846387058,0.008147561108660186,0.0,0.0,0.06740142661047115,0.016936074713103676
volume_z_3_rolling_z_12,0.029867077372958215,0.025151867020723057,0.01465361095553684,0.014667205468684868,0.0,0.016867952163580596
atr_ratio_5_20,0.018936467289300155,0.025349128242756615,0.00833291828155146,0.03165660301019295,0.0,0.016855023364760236
htf_regime_trend_strength_15m_delta_6,0.006825118009966278,0.0095584644200538,0.046219820697347466,0.0,0.021616701992777883,0.01684402102402908
ret_5_rolling_z_6,0.012217530929904411,0.015141089574494778,0.007343088640926576,0.03948609274255619,0.00964733723041133,0.01676702782365866
low_volume_flag_share_5_rolling_z_12,0.010574121186961355,0.03436404138395143,0.015286190840674379,0.02355059709164066,0.0,0.016754990100645566
volume_z_term_ratio__volume_z_5__volume_z_20,0.019902533799454603,0.024084558096752404,0.03374100724346007,0.005847966662776034,0.0,0.016715213160488622
volume_state_product__volume_z_20__relative_volume_5,0.023002440770078143,0.028291422829838347,0.020591767936174257,0.0,0.011661517647404973,0.016709429836699145
volume_z_5_delta_3,0.03760815326864556,0.02086418927533681,0.0,0.0249633244144663,0.0,0.016687133391689736
price_location_product__range_pos_10__close_z_10,0.019438612684715195,0.04292219453735579,0.020991561653752697,0.0,0.0,0.016670473775164736
ret_3_delta_6,0.034754790445612145,0.0377514576027543,0.0,0.0,0.010438006945825215,0.01658885099883833
volume_below_rolling_p20_share_5_delta_3,0.06999067130261573,0.0,0.012619274085908924,0.0,0.0,0.01652198907770493
prev_bar_trade_count_lag6,0.019405351408298254,0.0,0.0,0.0,0.06313599497784475,0.0165082692772286
ret_1_delta_6,0.02036280515982493,0.028432382953366732,0.021489698047872444,0.0058542107692877475,0.006299715748922116,0.01648776253585479
upside_rv_5,0.0,0.0,0.016694217645275462,0.004671033127651231,0.06105463930272613,0.016483978015130567
relative_volume_3,0.025674901531933213,0.0,0.019358340867619592,0.034339802601712925,0.0028295462169838116,0.01644051824364991
volume_z_5,0.030302890978321673,0.025732008325659625,0.008096144612332637,0.01788715824107678,0.0,0.016403640431478145
rv_10,0.029915146282405124,0.020970900802915256,0.009171715621717189,0.021832714161892815,0.0,0.016378095373786077
max_up_ret_5_delta_3,0.018081967031434762,0.0075416673222728145,0.021225503181014904,0.013150723445551082,0.021781638187731992,0.01635629983360111
ret_relative_volume_product__ret_5__relative_volume_20,0.026765253540311944,0.02039484372371994,0.0,0.013090490447647301,0.02048860006717292,0.01614783755577042
ret_3_mean_gap_24,0.018263230673704497,0.0380955070009239,0.0,0.024279644434303353,0.0,0.016127676421786353
ret_range_pos_product__ret_15__range_pos_5,0.0,0.0,0.018334272908501512,0.011238958181784555,0.05101874816410594,0.016118395850878403
relative_volume_term_spread__relative_volume_5__relative_volume_20,0.0,0.020877752045689993,0.030460715058654962,0.0,0.0292471066167262,0.01611711474421423
efficiency_5_mean_gap_24,0.006921130121968355,0.03533351516063111,0.03339778767295706,0.0,0.004704705726785785,0.016071427736468462
htf_close_z_15m_delta_3,0.018014467643271914,0.024875881558684785,0.0,0.008335150473386402,0.02902345558686863,0.016049791052442343
ret_5_lag2,0.027913401682714563,0.029590415687809964,0.011202574172970527,0.0,0.011498500658679025,0.016040978440434818
stale_trade_share_5_rolling_z_6,0.0,0.02949186240666217,0.0,0.010588886012425407,0.04002909542392406,0.01602196876860233
htf_efficiency_15m_delta_3,0.008239061965604177,0.02209018965460683,0.008800579470914704,0.016172703061380012,0.024804694860348107,0.016021445802570766
ret_volume_z_product__ret_5__volume_z_3,0.045985174411352275,0.02626732469532925,0.0,0.007814122298411497,0.0,0.016013324281018603
ret_10,0.012986177272128115,0.019542123738467233,0.0,0.022452026258069694,0.024988410543112974,0.015993747562355602
relative_volume_3_delta_3,0.0506447941245861,0.0,0.0071160039012421765,0.010614852934247602,0.011518448540239219,0.01597881990006302
ret_5_rolling_z_24,0.022312024130440707,0.02234079910708326,0.022446423130056473,0.012551676436139117,0.0,0.015930184560743913
second_level_volume_burst,0.009985973458850146,0.0,0.023148919251218227,0.024426584138634435,0.02208925609147749,0.01593014658803606
volume_share_20,0.02684505804340877,0.03818551925203734,0.009741041282328175,0.004860346627664853,0.0,0.015926393041087828
prev_bar_taker_buy_ratio_delta_1,0.0,0.04431056576906467,0.0,0.00879176655248359,0.026278176677637263,0.015876101799837106
ret_vol_product__ret_3__rv_10,0.010609394999143259,0.0345261645535086,0.011142754081877478,0.014161804935656396,0.008741569114442795,0.015836337536925708
context_relative_volume_product__compression_score__relative_volume_10,0.0,0.0,0.011185278019566883,0.011265099477547664,0.05665251816289197,0.015820579132001304
ret_relative_volume_product__ret_15__relative_volume_5,0.0,0.032240329377790804,0.011133247056772107,0.035280078598068386,0.0,0.01573073100652626
close_location_1_lag6,0.018752979606616885,0.006190133170927097,0.016042204312856145,0.016898156449378175,0.020624389445830334,0.015701572597121728
vwap_dist_term_spread__vwap_dist_3__vwap_dist_5,0.03142218330025206,0.010913578860616363,0.0,0.01945435896923317,0.01655485985810253,0.015668996197640825
ret_5_lag3,0.017709128902920455,0.0,0.032155374741131476,0.0,0.028247690376850418,0.01562243880418047
stale_trade_share_5_mean_gap_12,0.032097227874384,0.0,0.0,0.02705284435915449,0.018686209853996327,0.015567256417506965
relative_volume_10,0.02730680173262007,0.0,0.021901883885731912,0.014392414996560621,0.013753946025762668,0.015471009328135055
stale_trade_share_20_mean_gap_12,0.003392600710280219,0.03683553662677161,0.01804001192706574,0.005848708204183886,0.013130384508026676,0.015449448395265625
consecutive_bullish_bar_count,0.06780521985422622,0.0,0.0,0.009271019172986204,0.0,0.015415247805442484
range_pos_10_rolling_z_6,0.03113785556818673,0.03406408029242395,0.011856753036997868,0.0,0.0,0.015411737779521711
abs_ret_mean_5,0.023955557995544108,0.016256496960288327,0.013100915810272507,0.008035235703322562,0.015509431522975684,0.01537152759848064
context_relative_volume_product__wick_pressure_1__relative_volume_20,0.01200878644327539,0.0,0.02034186270037073,0.02246352519916024,0.02200498323784286,0.015363831516129845
efficiency_term_spread__efficiency_3__efficiency_5,0.0604189716964997,0.01630472031315596,0.0,0.0,0.0,0.015344738401931133
legal_prev_relative_taker_buy_base_volume_20,0.010843608936109575,0.02108464998473512,0.01678622781684208,0.027827078324231452,0.0,0.015308313012383645
relative_volume_3_mean_gap_24,0.037687626611228216,0.029595725155756206,0.0,0.0,0.008936590688790113,0.015243988491154908
ret_relative_volume_product__ret_15__relative_volume_3,0.0,0.010459088339660668,0.027146919366075314,0.038528436830400095,0.0,0.015226888907227214
volume_z_20_mean_gap_12,0.023059012366109514,0.030425369286565654,0.01647948394467517,0.0061513165623031715,0.0,0.0152230364319307
relative_volume_5_rolling_z_6,0.018668212306013343,0.0,0.022891822823454835,0.034468673466556486,0.0,0.015205741719204935
volume_z_3_rolling_z_6,0.0032489229462042105,0.02253381678379584,0.01920239730871224,0.03103351165199585,0.0,0.015203729738141627
ret_vol_product__ret_5__rv_3,0.03304724421651704,0.02767160101074853,0.0,0.014679948859285735,0.0,0.01507975881731026
context_relative_volume_product__down_ratio_5__relative_volume_10,0.06078263335546413,0.0,0.0,0.008527462475029779,0.005736774876678376,0.015009374141434457
context_relative_volume_product__wick_pressure_1__relative_volume_5,0.018441235479323928,0.03530520239688437,0.011279176315719163,0.009844509210461122,0.0,0.014974024680477718
context_relative_volume_product__clv_1__relative_volume_3,0.03353731535429748,0.02023667308096406,0.0,0.0169688537913211,0.00411110977765216,0.014970790400846961
volume_z_20_delta_6,0.011702087801872891,0.004713093048527292,0.021223366848872525,0.036487949170633444,0.0,0.01482529937398123
weekday_cos,0.0,0.021369771689051725,0.03765645254608927,0.014812194701449838,0.0,0.014767683787318167
range_pos_10_mean_gap_12,0.0392878165765578,0.007428913036991904,0.0,0.0,0.027070848840992146,0.014757515690908368
ret_vol_product__ret_15__rv_5,0.0,0.024690630938739376,0.0,0.03703318672376915,0.011920116606272495,0.014728786853756204
ret_5_mean_gap_24,0.009953966231302208,0.024208422140888065,0.005838767272108216,0.026796149269418677,0.006845066146583827,0.014728474212060198
close_z_5_rolling_z_12,0.03773882988149345,0.02221351686343212,0.00425716631301805,0.008836321627149672,0.0,0.014609166937018659
ret_close_z_product__ret_10__close_z_5,0.02415932679594441,0.026614526365977546,0.0,0.019056083500492087,0.002972863702244486,0.014560560072931708
range_pos_term_spread__range_pos_5__range_pos_10,0.01854939905873586,0.03942633233088663,0.0,0.008606408490492705,0.006067630658417468,0.01452995410770653
volume_below_rolling_p20_share_5_rolling_z_24,0.020906470964643525,0.02808698168231725,0.0,0.02053175117143984,0.002848459559837881,0.014474732675647698
clv_1_lag1,0.016254265159306093,0.01662482181878606,0.00754281608190501,0.014381234884657854,0.017380017354527325,0.01443663105983647
ret_relative_volume_product__ret_5__relative_volume_10,0.0,0.0,0.041424817531825905,0.03017433751333807,0.0,0.014319831009032797
wick_pressure_1_delta_1,0.032599817901597994,0.0,0.0,0.03038018389503463,0.008099021290499706,0.014215804617426466
context_ret_product__down_ratio_5__ret_15,0.0,0.026787089507425532,0.0,0.008735699190424169,0.03473051388235335,0.014050660516040609
ret_relative_volume_product__ret_5__relative_volume_3,0.012003879725712142,0.02874710697698129,0.019582928020932297,0.0,0.009308027727998684,0.013928388490324883
ret_close_z_product__ret_10__close_z_3,0.013864722754906765,0.030721787931924333,0.005498977340839391,0.019538898325565362,0.0,0.01392487727064717
max_negative_single_bar_return,0.0,0.061471951990431886,0.007945003314765534,0.0,0.0,0.013883391061039484
breakout_down_dist_20,0.028523684717430362,0.014127871934543134,0.015697497918609936,0.011033227334880448,0.0,0.013876456381092774
up_ratio_5,0.0,0.0,0.021265028407467093,0.04781173482286561,0.0,0.013815352646066542
relative_volume_20_lag2,0.02018389041843315,0.0,0.005458532302010704,0.043416774373189776,0.0,0.013811839418726726
low_volume_flag_share_20_lag2,0.0404985220020239,0.01235541284727852,0.015165643865619633,0.0,0.0,0.01360391574298441
context_relative_volume_product__max_down_ret_5__relative_volume_20,0.019611370200735806,0.009698267903086793,0.025496107328157963,0.0,0.013166047639689007,0.013594358614333914
ret_efficiency_product__ret_10__efficiency_5,0.03931357971028449,0.009623227744670544,0.0,0.00605411052497983,0.012865665207918268,0.013571316637570626
relative_volume_10_delta_6,0.01706350891351436,0.021382276910421254,0.006268680199666011,0.022914164557860085,0.0,0.013525726116292342
ret_5_delta_6,0.01725128137731436,0.006895977753457263,0.017110609869732566,0.010732828567868426,0.01556499535051006,0.013511138583776536
legal_prev_taker_buy_base_volume_z_5,0.025998696922514736,0.03061177668886499,0.0,0.010866238694077669,0.0,0.013495342461091478
efficiency_10_delta_1,0.023238876034244384,0.030457633257496564,0.0,0.01366434160701546,0.0,0.01347217017975128
volume_z_3_delta_1,0.0,0.04195380236697098,0.0,0.011053945002169673,0.014163866979273791,0.01343432286968289
volume_below_rolling_p20_share_5_rolling_z_6,0.04384553773494779,0.014385253459279443,0.008911063601020286,0.0,0.0,0.013428370959049502
context_relative_volume_product__max_down_ret_5__relative_volume_3,0.030299459948674175,0.015869282076516618,0.008267586302560683,0.012352679428109312,0.0,0.013357801551172157
up_ratio_5_rolling_z_12,0.0,0.045724844433923155,0.007877434835116841,0.00442081746854787,0.008551009122758902,0.013314821172069353
ret_relative_volume_product__ret_3__relative_volume_3,0.0,0.014360984798562959,0.006591789888094857,0.026029635089506883,0.019546784414060294,0.013305838838044998
ret_5_delta_3,0.0,0.019240144294990373,0.0163833807891654,0.010593145544026489,0.020301524917645804,0.013303639109165613
down_ratio_5_delta_6,0.02253406432622708,0.017813962982869656,0.013161446349508511,0.012639170830718385,0.0,0.013229728897864727
rv_5_lag6,0.03892111700370174,0.01514458799037431,0.0,0.0,0.012033779969064635,0.013219896992628138
compression_score_mean_gap_6,0.0,0.025234701593371916,0.008920993987827594,0.031925901729666695,0.0,0.013216319462173243
signed_volume_1_lag2,0.012630081467580564,0.02486595377700895,0.00792416486135695,0.006835102397814579,0.013368976193179704,0.013124855739388147
wick_pressure_1_mean_gap_6,0.001972086672863141,0.009171985167804517,0.023434127574494867,0.030813732956807994,0.0,0.013078386474394105
volume_share_term_ratio__volume_share_10__volume_share_20,0.011418716008410719,0.03196869259842223,0.0,0.0,0.021897247828064938,0.013056931286979578
range_pos_3_delta_3,0.039928216915940735,0.0,0.01611575720486504,0.0,0.009149306446008547,0.013038656113362865
context_ret_product__max_up_ret_5__ret_10,0.04733686996508829,0.0,0.017821509390842857,0.0,0.0,0.01303167587118623
stale_trade_share_5_lag3,0.019208273330860403,0.03690396871732457,0.004648017668155444,0.004369502559123209,0.0,0.013025952455092726
ret_1_lag1,0.009358300204401829,0.039489061323179676,0.016161470077972327,0.0,0.0,0.013001766321110766
relative_volume_5,0.025161786096264654,0.016514072591721086,0.006841434858557568,0.01642816592270878,0.0,0.012989091893850419
close_z_3_delta_6,0.019406597601185186,0.036145301130576984,0.009131270181919374,0.0,0.0,0.01293663378273631
volume_state_product__volume_z_5__relative_volume_5,0.030851799958455516,0.0,0.022247389271332907,0.0,0.011116672710413427,0.012843172388040369
htf_regime_trend_strength_15m_delta_3,0.011309591832807666,0.011697412197928834,0.023059792652547702,0.0,0.01808388976395287,0.012830137289447412
efficiency_5_mean_gap_6,0.03990202305355538,0.024023353180936347,0.0,0.0,0.0,0.012785075246898345
htf_ret_15m_1_delta_6,0.0254638095907105,0.00996603048971602,0.00910009349487582,0.019264322931399305,0.0,0.01275885130134033
ret_vol_ratio__ret_3__rv_3,0.012656279606216608,0.036879673486768245,0.0,0.0,0.014149023662043838,0.012736995351005736
ret_15_delta_1,0.015657854359321974,0.02158944144264157,0.0,0.017631784718230827,0.008111808788525727,0.01259817786174402
relative_volume_term_spread__relative_volume_3__relative_volume_20,0.016470188685224787,0.0,0.0,0.046450049823250995,0.0,0.012584047701695156
ret_3_lag3,0.0,0.041618420297793085,0.005413193418252368,0.015701060692485357,0.0,0.012546534881706161
volume_below_rolling_p20_share_20_rolling_z_6,0.022764090174809664,0.009419390802814986,0.013109976535921792,0.008890606293105592,0.008084091195597203,0.012453631000449846
range_pos_5_delta_3,0.020002968816757862,0.027761573161337323,0.013906797384862947,0.0,0.0,0.012334267872591625
close_z_10_mean_gap_24,0.018965193897554126,0.008425827852314228,0.011996813846275694,0.022283141108904076,0.0,0.012334195341009624
volume_z_term_spread__volume_z_10__volume_z_20,0.011239783516685493,0.01495358095477326,0.0,0.035213119421462415,0.0,0.012281296778584232
ret_volume_z_product__ret_3__volume_z_3,0.01110272058605259,0.015312176979268842,0.009415270268835605,0.012665026141036996,0.012873799471624835,0.012273798689363773
context_relative_volume_product__up_ratio_5__relative_volume_5,0.015975877391369693,0.018094477236406968,0.0,0.027219189007346184,0.0,0.012257908727024569
dollar_vol_mean_5_delta_1,0.0228762840716444,0.006360723900241268,0.02524555822002012,0.006600738391452579,0.0,0.012216660916671675
context_ret_product__compression_score__ret_5,0.017494377603121457,0.029657515463394957,0.0,0.0,0.013676420411418254,0.012165662695586934
ret_vol_product__ret_10__rv_3,0.0173508068145854,0.0041969738048938925,0.0,0.024719913279855864,0.014552974307520217,0.012164133641371075
ret_efficiency_product__ret_5__efficiency_3,0.02091697725400775,0.010135664128143483,0.0,0.0,0.029574767666337216,0.01212548180969769
ret_relative_volume_product__ret_3__relative_volume_5,0.0076504388938672405,0.0361458779141381,0.0,0.016756012457782427,0.0,0.012110465853157554
htf_ret_15m_1_lag1,0.03192222310773997,0.016033245630984797,0.009662718298421115,0.0,0.0027547720950403197,0.012074591826437239
legal_prev_log_taker_buy_base_volume_lag1,0.0,0.031047703846189996,0.0,0.015545426937895047,0.013753376106397791,0.012069301378096567
ret_1_accel,0.048983807927191814,0.0,0.0,0.011283745667352638,0.0,0.01205351071890889
ret_volume_z_product__ret_3__volume_z_20,0.031737117920338266,0.009607535152202253,0.007703001950677055,0.0,0.01113072449861173,0.01203567590436586
low_volume_flag_share_20_lag3,0.0,0.029569033963441144,0.009709759460383804,0.007550821909929935,0.01315960396852031,0.011997843860455038
volume_state_product__volume_z_10__relative_volume_10,0.03315462384817025,0.020508567665765167,0.0030393723601616143,0.0,0.0032616881275288763,0.011992850400325182
context_ret_product__down_ratio_5__ret_3,0.005867432758353824,0.03536146517922058,0.018539764634014962,0.0,0.0,0.011953732514317871
ret_3_lag1,0.0,0.036100588870957635,0.01104764840706304,0.0021348114945104295,0.010344157125554802,0.01192544117961718
ret_3_rolling_z_24,0.041806476494441004,0.01764501508394878,0.0,0.0,0.0,0.011890298315677957
ret_5_rolling_z_12,0.0,0.0,0.012075892441465796,0.012376001337252873,0.03475794918627049,0.011841968592997831
ret_efficiency_product__ret_3__efficiency_10,0.02339301532791677,0.004401695346683532,0.015806183321994474,0.005847273537697883,0.009508375446054191,0.011791308596069371
flat_share_20,0.0,0.009678347458060886,0.0,0.008593820710139028,0.04033836964862466,0.011722107563364914
prev_bar_quote_volume,0.01969593877819098,0.015513214467454593,0.0,0.007416676228998265,0.01583748181501772,0.011692662257932312
vwap_dist_3,0.017665713576682347,0.012574866423444877,0.009807960610777188,0.008562878761875335,0.009769657820198644,0.011676215438595679
compression_score_lag3,0.0,0.038639028273712975,0.008836770622195381,0.0036096656726478976,0.0071804882636114535,0.011653190566433541
low_volume_flag_share_5_lag12,0.0,0.0,0.0,0.015413171553507648,0.04283785280135975,0.01165020487097348
context_ret_product__up_ratio_5__ret_5,0.010053630087895062,0.024754178982928768,0.010883053419072822,0.012250731090683725,0.0,0.011588318716116075
close_z_10_delta_3,0.019982078896727734,0.012221683052195495,0.011361716005861028,0.014227095711039455,0.0,0.011558514733164743
ret_volume_z_product__ret_10__volume_z_20,0.010388259189950285,0.028805559449767107,0.013210165198750349,0.004964697147953323,0.0,0.011473736197284212
volume_z_5_mean_gap_12,0.02665898688573509,0.008512552258066183,0.013173337042173052,0.0,0.008954785795772266,0.011459932396349317
taker_imbalance_mean_5,0.0,0.008824606607511803,0.0,0.0,0.04774332315684625,0.01131358595287161
relative_volume_5_rolling_z_24,0.0309946487296763,0.011108208030561123,0.0,0.014291479680466408,0.0,0.011278867288140766
volume_state_product__volume_z_5__relative_volume_10,0.005390597116812717,0.007749262520451107,0.0362684004226071,0.006069964420324958,0.0,0.011095644896039177
volume_z_5_mean_gap_6,0.017934594463377414,0.01454001201756378,0.0,0.0,0.02276968983608725,0.011048859263405689
volume_z_5_lag12,0.009910165324111066,0.03289746029732237,0.0,0.006731398893853289,0.005634278113531793,0.011034660525763703
volume_share_3,0.021436981078068053,0.014889826863457982,0.0,0.008464709192072675,0.010208616858180577,0.011000026798355857
ret_1_lag2,0.034650741043822375,0.011152970392003829,0.0,0.008929103517261809,0.0,0.010946562990617604
htf_regime_trend_strength_15m,0.0,0.03790400831459926,0.01670145888629181,0.0,0.0,0.010921093440178215
volume_z_20_mean_gap_6,0.02308401660613977,0.0,0.020756402085248423,0.009388501933340714,0.0,0.010645784124945781
close_z_3_mean_gap_24,0.0,0.007139792479548558,0.01399138418773722,0.03202150203369699,0.0,0.010630535740196553
ret_efficiency_product__ret_3__efficiency_3,0.03347351713521402,0.0,0.010428641548613442,0.0,0.008715345065006493,0.010523500749766792
close_z_5_delta_6,0.0,0.0,0.018593905675333394,0.007034592099839086,0.026850707228467028,0.010495841000727901
relative_volume_10_delta_1,0.012737288988008967,0.0,0.016731949586474837,0.017047507646529837,0.005949402249940584,0.010493229694190843
down_ratio_5_delta_1,0.01975399510014017,0.03268141218540059,0.0,0.0,0.0,0.010487081457108152
range_pos_5_rolling_z_6,0.013020246317635754,0.014512329580651046,0.008654175291031624,0.01616226935916892,0.0,0.010469804109697469
relative_volume_3_mean_gap_12,0.0,0.008351181752680561,0.0,0.03284928069973304,0.010967785225389737,0.010433649535560667
low_volume_flag_share_5_lag6,0.01579101004466419,0.0,0.029449698046288077,0.0,0.006857493982978271,0.010419640414786107
body_imbalance_3,0.006528129273242561,0.024098183688770376,0.0,0.014696924650687858,0.006307615225273771,0.010326170567594915
volume_below_rolling_p20_share_5_mean_gap_6,0.002792602643543303,0.023157568856751683,0.017539280030350785,0.0,0.007911007807528746,0.010280091867634905
vwap_dist_term_spread__vwap_dist_5__vwap_dist_10,0.0,0.0,0.03066428442085293,0.02055346110004857,0.0,0.0102435491041803
up_ratio_5_delta_1,0.0,0.015514056684634694,0.0,0.01760915587608484,0.017623237367981222,0.010149289985740152
range_pos_term_spread__range_pos_3__range_pos_5,0.010326821624594173,0.012726302759280095,0.01790389119960765,0.0,0.009749460424867329,0.010141295201669849
ret_efficiency_product__ret_3__efficiency_5,0.011785835738526346,0.01863400519380124,0.020116865550628485,0.0,0.0,0.010107341296591214
ret_efficiency_product__ret_15__efficiency_10,0.008306939946083168,0.006275212214611437,0.0,0.03585992460079596,0.0,0.010088415352298114
volume_z_3_delta_3,0.0,0.010090658869685087,0.0,0.024926980455960753,0.015317086558775032,0.010066945176884175
ret_vol_ratio__ret_5__rv_10,0.04117679037411047,0.0,0.0,0.008907642990613786,0.0,0.010016886672944852
ret_3_accel,0.0,0.04933538740499635,0.0,0.0,0.0,0.00986707748099927
ret_volume_z_product__ret_15__volume_z_5,0.01884309512159899,0.0,0.019509050052883746,0.010950398876338948,0.0,0.009860508810164337
low_volume_flag_share_20_lag12,0.01898218665175531,0.016514857284573903,0.01366972487310148,0.0,0.0,0.009833353761886139
ret_volume_z_product__ret_5__volume_z_10,0.01795701977808832,0.0,0.00853162008283283,0.010183079975661107,0.012342716925866524,0.009802887352489756
up_ratio_5_mean_gap_24,0.014792510022918712,0.01735322362278841,0.009067922072621498,0.0,0.007655701190293863,0.009773871381724497
volume_state_product__volume_z_10__relative_volume_20,0.0,0.01377015392184821,0.0,0.0,0.03498708515458672,0.009751447815286985
volume_z_10_mean_gap_12,0.020175055247871155,0.01345857329656306,0.007422300966522195,0.0,0.0071072152372782214,0.009632628949646926
consecutive_up,0.004575476251873071,0.017103109670833762,0.008028772610314533,0.004194318501378481,0.013828423222272403,0.00954602005133445
downside_rv_5,0.027186391091537768,0.012013479987346448,0.0034464464760123412,0.0046224429154775645,0.0,0.009453752094074824
range_pos_10_rolling_z_24,0.020160035981815285,0.013994057803046217,0.005486417561860151,0.0,0.007613611746565619,0.009450824618657455
compression_score_lag6,0.018154844152725037,0.018173486526985923,0.01060263642443703,0.0,0.0,0.009386193420829598
flat_share_5_lag12,0.0,0.0,0.011550884662698274,0.014188642335159391,0.021176256646029627,0.009383156728777459
body_pct_1_lag2,0.0,0.0207770890372166,0.015814063948021862,0.009967463626107132,0.0,0.009311723322269119
volume_below_rolling_p20_share_5_lag1,0.0337596913991581,0.0,0.012257295471125182,0.0,0.0,0.009203397374056656
ret_efficiency_product__ret_10__efficiency_3,0.0,0.016890598702145068,0.0,0.022245201964767675,0.006645473533361111,0.009156254840054771
volume_z_10_rolling_z_24,0.0,0.016609222731047823,0.02915358742678275,0.0,0.0,0.009152562031566114
volume_state_product__volume_z_20__relative_volume_10,0.016989088991524383,0.02831641918721596,0.0,0.0,0.0,0.009061101635748069
context_relative_volume_product__up_ratio_5__relative_volume_20,0.0,0.029017723358088637,0.008836986766559663,0.0,0.007427168999041966,0.009056375824738052
close_z_5_rolling_z_24,0.006061443441514172,0.0,0.01217585962949429,0.02050379305909772,0.0064840701818675425,0.009045033262394744
range_pos_term_spread__range_pos_3__range_pos_10,0.014210472970959908,0.0,0.0,0.0,0.030982197442461543,0.00903853408268429
rv_5_delta_6,0.007234066610457982,0.0,0.006540810845219245,0.022151221421573383,0.008957341346578216,0.008976688044765766
volume_below_rolling_p20_share_5_lag12,0.0,0.0,0.018161036276698034,0.0,0.026008254742089575,0.008833858203757521
compression_score_lag2,0.007793059264027605,0.014591689529699366,0.0,0.021671075001889094,0.0,0.008811164759123214
low_volume_flag_share_5,0.007448540949668526,0.009950886806862288,0.02649698353401339,0.0,0.0,0.008779282258108841
ret_range_pos_product__ret_15__range_pos_3,0.0,0.025579868344414034,0.018025318021750822,0.0,0.0,0.00872103727323297
close_z_3_mean_gap_12,0.0,0.0,0.0,0.0,0.0430166814122129,0.00860333628244258
bearish_burst_score,0.028243000079157407,0.0,0.008630831526333446,0.0,0.006060316250504484,0.008586829571199068
volume_z_term_spread__volume_z_5__volume_z_10,0.019257981570805896,0.010735464072144985,0.006824982088893971,0.0,0.006090646626267571,0.008581814871622484
ret_5,0.0,0.013073263944370464,0.020937277344785378,0.0,0.008499227685552481,0.008501953794941664
efficiency_5_delta_3,0.017434912756936524,0.010391638805199725,0.0,0.010092230343103017,0.004435086866988275,0.008470773754445509
volume_z_term_spread__volume_z_3__volume_z_20,0.0,0.008450138455773483,0.026755189142581192,0.007045517825603949,0.0,0.008450169084791724
context_ret_product__clv_1__ret_10,0.0,0.0,0.026185554875023984,0.0,0.016042874369415084,0.008445685848887812
low_volume_flag_share_5_lag3,0.009634998678562622,0.008718232028122972,0.010388899413637104,0.0,0.013472361689614555,0.00844289836198745
volume_z_20,0.0,0.011987225796919772,0.0,0.01594032663337998,0.014221811964207366,0.008429872878901425
volume_below_rolling_p20_share_5,0.0,0.0115718387127158,0.009169591384160857,0.014948565581925677,0.0060062701666613386,0.008339253169092734
low_volume_flag_share_5_lag2,0.0,0.0,0.017585780999643162,0.012242174514266194,0.011723252194542354,0.008310241541690341
volume_state_product__volume_z_3__relative_volume_5,0.005479421768979818,0.013177849725755371,0.0,0.01581607418601161,0.007067723762287892,0.008308213888606936
volume_z_5_rolling_z_12,0.010814159996744562,0.018436991356625854,0.0,0.0,0.01188888636513327,0.008228007543700736
stale_trade_share_20_delta_3,0.0,0.0,0.0,0.014489774275703988,0.025875135425372186,0.008072981940215235
ret_volume_z_product__ret_3__volume_z_10,0.0,0.03986840078017944,0.0,0.0,0.0,0.007973680156035888
positive_taker_imbalance,0.0,0.0,0.0,0.03985374017574614,0.0,0.007970748035149227
volume_below_rolling_p20_share_5_lag3,0.0,0.018577113634303387,0.008024927856116295,0.0,0.013176207380344283,0.007955649774152793
htf_ret_15m_1_lag3,0.0,0.016400450929125617,0.0058892117078372976,0.0,0.017154891263313914,0.007888910780055367
body_pct_1_lag1,0.015298589461978021,0.015354436125377824,0.008145620300476643,0.0,0.0,0.007759729177566498
prev_bar_taker_net_volume,0.02380273589398891,0.014521878309990743,0.0,0.0,0.0,0.0076649228407959305
ret_vol_product__ret_3__rv_5,0.00989596551825232,0.0,0.009577589522391027,0.018710410851154307,0.0,0.00763679317835953
price_location_product__range_pos_10__close_z_5,0.01834779653409492,0.0,0.0,0.0,0.019772480523605827,0.007624055411540149
ret_vol_product__ret_3__rv_30,0.006560926038545579,0.011768365253208589,0.0,0.006948995815860531,0.012625399160465558,0.0075807372536160515
stale_trade_share_20_delta_6,0.0,0.0,0.029560248198224417,0.00796296570081819,0.0,0.0075046427798085204
close_z_10_mean_gap_6,0.010805465049691224,0.007665777734654114,0.0,0.018912188249025932,0.0,0.007476686206674255
ret_10_lag6,0.015836356566965016,0.012283235309974022,0.0,0.009154831479525883,0.0,0.007454884671292984
stale_trade_share_5_lag1,0.007763326799445919,0.0,0.0,0.009614392893652438,0.01922080539935048,0.007319705018489766
relative_volume_3_rolling_z_24,0.024970270513692387,0.01137383566247687,0.0,0.0,0.0,0.007268821235233852
ret_vol_ratio__ret_15__rv_5,0.0,0.0189581763318512,0.0,0.017368091028623796,0.0,0.007265253472094999
legal_prev_relative_taker_buy_base_volume_10,0.0,0.0,0.0,0.03531850781795633,0.0,0.007063701563591265
ret_volume_z_product__ret_5__volume_z_20,0.0,0.021608640955214486,0.0,0.0,0.01339186223628344,0.007000100638299585
ret_vol_ratio__ret_10__rv_5,0.012316079078297012,0.005610105691707301,0.0,0.016723607055553313,0.0,0.006929958365111524
volume_z_5_rolling_z_6,0.012884714421006842,0.01116074145264948,0.009916552806588973,0.0,0.0,0.0067924017360490585
stale_trade_share_5_mean_gap_6,0.0,0.0,0.0,0.014030518574407782,0.019500289268086567,0.00670616156849887
ret_relative_volume_product__ret_10__relative_volume_10,0.02111387194204667,0.0,0.012350179915095025,0.0,0.0,0.006692810371428338
ret_volume_z_product__ret_3__volume_z_5,0.008618660068894628,0.010654570554373514,0.0,0.007658945699027004,0.006161217491667627,0.006618678762792554
context_ret_product__max_up_ret_5__ret_3,0.0,0.02085230434809318,0.0,0.012139136936407868,0.0,0.00659828825690021
clv_1_delta_1,0.0,0.03222968700036712,0.0,0.0,0.0,0.006445937400073425
signed_dollar_flow,0.023213791683082886,0.0,0.008591409012580176,0.0,0.0,0.006361040139132612
ret_relative_volume_product__ret_10__relative_volume_3,0.0,0.005851216092620048,0.0059068407659812906,0.009881027843714313,0.010079133172708903,0.006343643575004912
ret_relative_volume_product__ret_10__relative_volume_5,0.0,0.0,0.0,0.03151774848498888,0.0,0.006303549696997776
context_ret_product__down_ratio_5__ret_5,0.017137519794219278,0.0,0.0,0.013937632146959235,0.0,0.006215030388235702
prev_bar_taker_buy_quote_ratio,0.01673145200006917,0.0,0.007544886914176476,0.006765276891581505,0.0,0.00620832316116543
volume_below_rolling_p20_share_20_mean_gap_6,0.0,0.0,0.030791664232868835,0.0,0.0,0.006158332846573767
low_volume_flag_share_5_delta_1,0.030051710981839196,0.0,0.0,0.0,0.0,0.006010342196367839
efficiency_10,0.01464779823407138,0.0,0.007870790208567699,0.0,0.007316332536969713,0.005966984195921758
flat_share_5_lag6,0.0,0.0,0.019081343039824904,0.010638775863293263,6.814374341247627e-05,0.005957652529306129
context_relative_volume_product__max_down_ret_5__relative_volume_5,0.0,0.0,0.0,0.012859127522784033,0.01683118354663951,0.005938062213884709
volume_below_rolling_p20_share_20_delta_6,0.0,0.010058389172724449,0.018930277548669106,0.0,0.0,0.005797733344278711
close_z_term_spread__close_z_3__close_z_10,0.02262632302597927,0.006149592360710082,0.0,0.0,0.0,0.005755183077337871
htf_range_pos_15m,0.014021755924466878,0.0,0.0,0.014179839019621209,0.0,0.005640318988817618
range_10,0.0,0.005802969099367168,0.013786099150546452,0.008443414030417646,0.0,0.005606496456066252
ret_term_spread__ret_1__ret_5,0.0,0.0,0.009051673996203142,0.016209469422600833,0.0026724235896417124,0.005586713401689138
ret_vol_product__ret_10__rv_5,0.020992646592765184,0.0,0.0,0.006618310310397573,0.0,0.005522191380632552
ret_relative_volume_product__ret_10__relative_volume_20,0.0,0.016785082172504292,0.002236085505786629,0.0017343475557907886,0.006741934884004302,0.005499490023617203
context_ret_product__max_down_ret_5__ret_10,0.012590979078546892,0.014418806853446958,0.0,0.0,0.0,0.00540195718639877
range_pos_3_rolling_z_12,0.0,0.0,0.01275654806758153,0.0,0.014135244952980464,0.005378358604112399
stale_trade_share_5_delta_3,0.0,0.005607531888508528,0.0,0.01126029693178184,0.009524385229450021,0.005278442809948078
ret_relative_volume_product__ret_15__relative_volume_20,0.0,0.0,0.00505955095488508,0.011335683605419216,0.009361588972909974,0.005151364706642854
ret_relative_volume_product__ret_5__relative_volume_5,0.0,0.014515337839654864,0.010336541955871883,0.0,0.0,0.00497037595910535
volume_z_10_delta_3,0.0,0.010870718725084013,0.0,0.0,0.013428122185329055,0.004859768182082613
ret_10_rolling_z_24,0.0,0.004461624190291111,0.013800522298150885,0.004694259529880661,0.0,0.0045912812036645306
volume_below_rolling_p20_share_20_delta_3,0.0,0.022733986603902166,0.0,0.0,0.0,0.0045467973207804335
consecutive_bearish_bar_count,0.009427223390585259,0.0,0.0,0.0,0.012874983063185772,0.004460441290754206
low_volume_flag_share_5_delta_3,0.0,0.0,0.0,0.003463706682581383,0.018478300259265276,0.004388401388369332
volume_state_product__volume_z_5__relative_volume_20,0.0,0.02183786330540336,0.0,0.0,0.0,0.004367572661080672
close_z_5_mean_gap_12,0.0,0.0,0.012872766902118382,0.008964800324392631,0.0,0.004367513445302203
negative_taker_imbalance,0.0,0.02141619002309221,0.0,0.0,0.0,0.004283238004618442
volume_below_rolling_p20_share_5_lag2,0.01293065817738968,0.008211221309367944,0.0,0.0,0.0,0.004228375897351524
relative_volume_5_delta_6,0.0,0.0,0.0,0.020765066462403337,0.0,0.004153013292480667
up_ratio_5_delta_6,0.014120984285390692,0.0,0.0,0.00641678986479291,0.0,0.004107554830036721
volume_below_rolling_p20_share_5_delta_1,0.0,0.0,0.011236155122668706,0.009005006502632782,0.0,0.004048232325060298
flat_share_20_delta_3,0.0,0.018941757550018094,0.0,0.0,0.0,0.003788351510003619
ret_15,0.0,0.0,0.0114069136752575,0.0,0.006993471768271244,0.003680077088705749
stale_trade_share_20_rolling_z_6,0.0,0.007459314253109737,0.0,0.0,0.009917789317531713,0.00347542071412829
volume_below_rolling_p20_share_20_lag3,0.0,0.0028459625377655943,0.004057185953199289,0.0104114209369123,0.0,0.0034629138855754365
efficiency_term_spread__efficiency_5__efficiency_10,0.0,0.0,0.009274123064757148,0.0,0.007328964887764441,0.003320617590504318
consecutive_down,0.0,0.0,0.016230856239720114,0.0,0.0,0.003246171247944023
stale_trade_share_5,0.0,0.0010968056155867493,0.0,0.015067447885026885,0.0,0.003232850700122727
flat_share_5,0.0,0.0,0.0026216049194709525,0.012580798517135687,0.0,0.003040480687321328
low_volume_flag_share_20_delta_1,0.0,0.0,0.0,0.014811500869809995,0.0,0.002962300173961999
ret_vol_ratio__ret_10__rv_30,0.0,0.0052463002449553275,0.009445188716113362,0.0,0.0,0.0029382977922137376
down_ratio_5_delta_3,0.0,0.0,0.0,0.014473787174306243,0.0,0.0028947574348612485
vwap_dist_term_spread__vwap_dist_3__vwap_dist_10,0.0,0.00396360242156427,0.004235482193957787,0.0059265067882165534,0.0,0.0028251182807477217
ret_efficiency_product__ret_5__efficiency_5,0.0,0.013858175592847135,0.0,0.0,0.0,0.002771635118569427
ret_vol_product__ret_15__rv_3,0.0,0.01174079301002699,0.0,0.0,0.0,0.002348158602005398
bullish_burst_score,0.003845790458649237,0.0,0.007629482111873553,0.0,0.0,0.002295054514104558
volume_state_product__volume_z_10__relative_volume_5,0.0,0.011163292835114023,0.0,0.0,0.0,0.002232658567022805
ret_term_spread__ret_1__ret_10,0.0067487061968664955,0.0,0.0,0.004164156632863415,0.0,0.002182572565945982
vwap_dist_5,0.0,0.0,0.0031447884115258034,0.00672417166999274,0.0,0.0019737920163037086
flat_share_5_delta_6,0.0,0.0,0.0,0.0,0.009587280883482962,0.0019174561766965924
flat_share_5_lag3,0.0047476370931218035,0.0038043997526266264,0.0,0.0,0.0,0.001710407369149686
taker_imbalance_slope,0.0,0.00818624217791968,0.0,0.0,0.0,0.0016372484355839361
flat_share_5_delta_3,0.00013829907263837439,0.0,0.007884912814986602,0.0,0.0,0.001604642377524995
relative_volume_term_ratio__relative_volume_10__relative_volume_20,0.0,0.0,0.0065227699869300024,0.0,0.0,0.0013045539973860006
low_volume_flag_share_20_rolling_z_6,0.0,0.006165779774197937,0.0,0.0,0.0,0.0012331559548395875
ret_vol_ratio__ret_5__rv_30,0.0,0.006049252584984372,0.0,0.0,0.0,0.0012098505169968745
ret_vol_product__ret_5__rv_10,0.0,0.0,0.005854523708573067,0.0,0.0,0.0011709047417146133
ret_range_pos_product__ret_15__range_pos_10,0.0,0.0,0.004327476455932648,0.0,0.0,0.0008654952911865295
flat_share_20_delta_1,0.0,0.004130169487357433,0.0,0.0,0.0,0.0008260338974714867
context_ret_product__up_ratio_5__ret_3,0.0,0.0,0.0,0.0011344037276933183,0.0021853815056139124,0.0006639570466614461
flat_share_5_lag2,0.0,0.0,0.0,0.0025290822168436136,0.0,0.0005058164433687227
stale_trade_share_5_lag2,0.0,0.0,0.0,0.0022594417758761746,0.0,0.00045188835517523493
stale_trade_share_5_lag12,0.0,0.0,0.0004686227432472298,0.0,0.000956328960135262,0.00028499034067649834
flat_share_20_delta_6,0.0,0.0,0.0,0.0,0.0,0.0
positive_basis_pressure,0.0,0.0,0.0,0.0,0.0,0.0
nr4_flag,0.0,0.0,0.0,0.0,0.0,0.0
nr7_flag,0.0,0.0,0.0,0.0,0.0,0.0
upward_mid_drift,0.0,0.0,0.0,0.0,0.0,0.0
last_1m_up,0.0,0.0,0.0,0.0,0.0,0.0
last_second_reversal_flag,0.0,0.0,0.0,0.0,0.0,0.0
late_window_acceleration_flag,0.0,0.0,0.0,0.0,0.0,0.0
is_weekend,0.0,0.0,0.0,0.0,0.0,0.0
taker_buy_ratio,0.0,0.0,0.0,0.0,0.0,0.0
stale_trade_share_20_delta_1,0.0,0.0,0.0,0.0,0.0,0.0
negative_basis_pressure,0.0,0.0,0.0,0.0,0.0,0.0
downward_mid_drift,0.0,0.0,0.0,0.0,0.0,0.0
price_direction_flips_30s,0.0,0.0,0.0,0.0,0.0,0.0
burst_volume_flag,0.0,0.0,0.0,0.0,0.0,0.0
flat_share_5_delta_1,0.0,0.0,0.0,0.0,0.0,0.0
