prediction_candidate,min_ev,bid_offset_steps,min_q,sample_count,coverage,precision_up,precision_down,balanced_precision,all_sample_accuracy,accepted_sample_accuracy,share_up_predictions,share_down_predictions,selected_t_up,selected_t_down,accepted_count,up_prediction_count,down_prediction_count,roc_auc,brier_score,log_loss,utility,downside_risk,selection_score,up_signal_count,down_signal_count,total_signal_count,signal_coverage,overall_signal_accuracy,trade_count,order_count,order_coverage,fill_rate,correct_count,correct_fill_rate,wrong_fill_forced,wrong_fill_printed,sum_pnl,mean_accepted_pnl,mean_pnl_filled,win_pnl_sum,loss_pnl_sum,mean_bid,median_bid,mean_expected_ev,negative_expected_ev_share,mean_model_fill_prob,realized_correct_fill_rate_submitted,submitted_fill_calibration_gap
xgboost,-0.25,-4.0,0.0,1242.0,1.0,0.7492492492492493,0.7152777777777778,0.7322635135135136,0.7334943639291466,0.7334943639291466,0.5362318840579711,0.463768115942029,0.5793880837359099,0.4314090177133656,1242.0,666.0,576.0,0.7925585539117999,0.1880518726271942,0.5602134885564686,0.46698872785829315,0.5162418387450337,0.9045929500668268,666.0,576.0,1242.0,1.0,0.7334943639291466,462.0,1242.0,1.0,0.3719806763285024,911.0,0.1437980241492865,1.0,0.6918429003021148,20.230000000000004,0.01628824476650564,0.0437878787878788,79.54,-59.309999999999995,0.28302737520128823,0.36,0.005825161533392728,0.573268921095008,0.1703888117800887,0.1437980241492865,0.026590787630802193
xgboost,-0.245,-4.0,0.0,1242.0,1.0,0.7492492492492493,0.7152777777777778,0.7322635135135136,0.7334943639291466,0.7334943639291466,0.5362318840579711,0.463768115942029,0.5793880837359099,0.4314090177133656,1242.0,666.0,576.0,0.7925585539117999,0.1880518726271942,0.5602134885564686,0.46698872785829315,0.5162418387450337,0.9045929500668268,666.0,576.0,1242.0,1.0,0.7334943639291466,462.0,1242.0,1.0,0.3719806763285024,911.0,0.1437980241492865,1.0,0.6918429003021148,20.230000000000004,0.01628824476650564,0.0437878787878788,79.54,-59.309999999999995,0.28302737520128823,0.36,0.005825161533392728,0.573268921095008,0.1703888117800887,0.1437980241492865,0.026590787630802193
xgboost,-0.24,-4.0,0.0,1242.0,1.0,0.7492492492492493,0.7152777777777778,0.7322635135135136,0.7334943639291466,0.7334943639291466,0.5362318840579711,0.463768115942029,0.5793880837359099,0.4314090177133656,1242.0,666.0,576.0,0.7925585539117999,0.1880518726271942,0.5602134885564686,0.46698872785829315,0.5162418387450337,0.9045929500668268,666.0,576.0,1242.0,1.0,0.7334943639291466,462.0,1242.0,1.0,0.3719806763285024,911.0,0.1437980241492865,1.0,0.6918429003021148,20.230000000000004,0.01628824476650564,0.0437878787878788,79.54,-59.309999999999995,0.28302737520128823,0.36,0.005825161533392728,0.573268921095008,0.1703888117800887,0.1437980241492865,0.026590787630802193
xgboost,-0.235,-4.0,0.0,1242.0,1.0,0.7492492492492493,0.7152777777777778,0.7322635135135136,0.7334943639291466,0.7334943639291466,0.5362318840579711,0.463768115942029,0.5793880837359099,0.4314090177133656,1242.0,666.0,576.0,0.7925585539117999,0.1880518726271942,0.5602134885564686,0.46698872785829315,0.5162418387450337,0.9045929500668268,666.0,576.0,1242.0,1.0,0.7334943639291466,462.0,1242.0,1.0,0.3719806763285024,911.0,0.1437980241492865,1.0,0.6918429003021148,20.230000000000004,0.01628824476650564,0.0437878787878788,79.54,-59.309999999999995,0.28302737520128823,0.36,0.005825161533392728,0.573268921095008,0.1703888117800887,0.1437980241492865,0.026590787630802193
xgboost,-0.23,-4.0,0.0,1242.0,1.0,0.7492492492492493,0.7152777777777778,0.7322635135135136,0.7334943639291466,0.7334943639291466,0.5362318840579711,0.463768115942029,0.5793880837359099,0.4314090177133656,1242.0,666.0,576.0,0.7925585539117999,0.1880518726271942,0.5602134885564686,0.46698872785829315,0.5162418387450337,0.9045929500668268,666.0,576.0,1242.0,1.0,0.7334943639291466,462.0,1242.0,1.0,0.3719806763285024,911.0,0.1437980241492865,1.0,0.6918429003021148,20.230000000000004,0.01628824476650564,0.0437878787878788,79.54,-59.309999999999995,0.28302737520128823,0.36,0.005825161533392728,0.573268921095008,0.1703888117800887,0.1437980241492865,0.026590787630802193
xgboost,-0.225,-4.0,0.0,1242.0,1.0,0.7492492492492493,0.7152777777777778,0.7322635135135136,0.7334943639291466,0.7334943639291466,0.5362318840579711,0.463768115942029,0.5793880837359099,0.4314090177133656,1242.0,666.0,576.0,0.7925585539117999,0.1880518726271942,0.5602134885564686,0.46698872785829315,0.5162418387450337,0.9045929500668268,666.0,576.0,1242.0,1.0,0.7334943639291466,462.0,1242.0,1.0,0.3719806763285024,911.0,0.1437980241492865,1.0,0.6918429003021148,20.230000000000004,0.01628824476650564,0.0437878787878788,79.54,-59.309999999999995,0.28302737520128823,0.36,0.005825161533392728,0.573268921095008,0.1703888117800887,0.1437980241492865,0.026590787630802193
xgboost,-0.22,-4.0,0.0,1242.0,1.0,0.7492492492492493,0.7152777777777778,0.7322635135135136,0.7334943639291466,0.7334943639291466,0.5362318840579711,0.463768115942029,0.5793880837359099,0.4314090177133656,1242.0,666.0,576.0,0.7925585539117999,0.1880518726271942,0.5602134885564686,0.46698872785829315,0.5162418387450337,0.9045929500668268,666.0,576.0,1242.0,1.0,0.7334943639291466,462.0,1242.0,1.0,0.3719806763285024,911.0,0.1437980241492865,1.0,0.6918429003021148,20.230000000000004,0.01628824476650564,0.0437878787878788,79.54,-59.309999999999995,0.28302737520128823,0.36,0.005825161533392728,0.573268921095008,0.1703888117800887,0.1437980241492865,0.026590787630802193
xgboost,-0.215,-4.0,0.0,1242.0,1.0,0.7492492492492493,0.7152777777777778,0.7322635135135136,0.7334943639291466,0.7334943639291466,0.5362318840579711,0.463768115942029,0.5793880837359099,0.4314090177133656,1242.0,666.0,576.0,0.7925585539117999,0.1880518726271942,0.5602134885564686,0.46698872785829315,0.5162418387450337,0.9045929500668268,666.0,576.0,1242.0,1.0,0.7334943639291466,462.0,1242.0,1.0,0.3719806763285024,911.0,0.1437980241492865,1.0,0.6918429003021148,20.230000000000004,0.01628824476650564,0.0437878787878788,79.54,-59.309999999999995,0.28302737520128823,0.36,0.005825161533392728,0.573268921095008,0.1703888117800887,0.1437980241492865,0.026590787630802193
xgboost,-0.21,-4.0,0.0,1242.0,1.0,0.7492492492492493,0.7152777777777778,0.7322635135135136,0.7334943639291466,0.7334943639291466,0.5362318840579711,0.463768115942029,0.5793880837359099,0.4314090177133656,1242.0,666.0,576.0,0.7925585539117999,0.1880518726271942,0.5602134885564686,0.46698872785829315,0.5162418387450337,0.9045929500668268,666.0,576.0,1242.0,1.0,0.7334943639291466,462.0,1242.0,1.0,0.3719806763285024,911.0,0.1437980241492865,1.0,0.6918429003021148,20.230000000000004,0.01628824476650564,0.0437878787878788,79.54,-59.309999999999995,0.28302737520128823,0.36,0.005825161533392728,0.573268921095008,0.1703888117800887,0.1437980241492865,0.026590787630802193
xgboost,-0.205,-4.0,0.0,1242.0,1.0,0.7492492492492493,0.7152777777777778,0.7322635135135136,0.7334943639291466,0.7334943639291466,0.5362318840579711,0.463768115942029,0.5793880837359099,0.4314090177133656,1242.0,666.0,576.0,0.7925585539117999,0.1880518726271942,0.5602134885564686,0.46698872785829315,0.5162418387450337,0.9045929500668268,666.0,576.0,1242.0,1.0,0.7334943639291466,462.0,1242.0,1.0,0.3719806763285024,911.0,0.1437980241492865,1.0,0.6918429003021148,20.230000000000004,0.01628824476650564,0.0437878787878788,79.54,-59.309999999999995,0.28302737520128823,0.36,0.005825161533392728,0.573268921095008,0.1703888117800887,0.1437980241492865,0.026590787630802193
xgboost,-0.2,-4.0,0.0,1242.0,1.0,0.7492492492492493,0.7152777777777778,0.7322635135135136,0.7334943639291466,0.7334943639291466,0.5362318840579711,0.463768115942029,0.5793880837359099,0.4314090177133656,1242.0,666.0,576.0,0.7925585539117999,0.1880518726271942,0.5602134885564686,0.46698872785829315,0.5162418387450337,0.9045929500668268,666.0,576.0,1242.0,1.0,0.7334943639291466,462.0,1242.0,1.0,0.3719806763285024,911.0,0.1437980241492865,1.0,0.6918429003021148,20.230000000000004,0.01628824476650564,0.0437878787878788,79.54,-59.309999999999995,0.28302737520128823,0.36,0.005825161533392728,0.573268921095008,0.1703888117800887,0.1437980241492865,0.026590787630802193
xgboost,-0.195,-4.0,0.0,1242.0,1.0,0.7492492492492493,0.7152777777777778,0.7322635135135136,0.7334943639291466,0.7334943639291466,0.5362318840579711,0.463768115942029,0.5793880837359099,0.4314090177133656,1242.0,666.0,576.0,0.7925585539117999,0.1880518726271942,0.5602134885564686,0.46698872785829315,0.5162418387450337,0.9045929500668268,666.0,576.0,1242.0,1.0,0.7334943639291466,462.0,1242.0,1.0,0.3719806763285024,911.0,0.1437980241492865,1.0,0.6918429003021148,20.230000000000004,0.01628824476650564,0.0437878787878788,79.54,-59.309999999999995,0.28302737520128823,0.36,0.005825161533392728,0.573268921095008,0.1703888117800887,0.1437980241492865,0.026590787630802193
xgboost,-0.19,-4.0,0.0,1242.0,1.0,0.7492492492492493,0.7152777777777778,0.7322635135135136,0.7334943639291466,0.7334943639291466,0.5362318840579711,0.463768115942029,0.5793880837359099,0.4314090177133656,1242.0,666.0,576.0,0.7925585539117999,0.1880518726271942,0.5602134885564686,0.46698872785829315,0.5162418387450337,0.9045929500668268,666.0,576.0,1242.0,1.0,0.7334943639291466,462.0,1242.0,1.0,0.3719806763285024,911.0,0.1437980241492865,1.0,0.6918429003021148,20.230000000000004,0.01628824476650564,0.0437878787878788,79.54,-59.309999999999995,0.28302737520128823,0.36,0.005825161533392728,0.573268921095008,0.1703888117800887,0.1437980241492865,0.026590787630802193
xgboost,-0.185,-4.0,0.0,1242.0,1.0,0.7492492492492493,0.7152777777777778,0.7322635135135136,0.7334943639291466,0.7334943639291466,0.5362318840579711,0.463768115942029,0.5793880837359099,0.4314090177133656,1242.0,666.0,576.0,0.7925585539117999,0.1880518726271942,0.5602134885564686,0.46698872785829315,0.5162418387450337,0.9045929500668268,666.0,576.0,1242.0,1.0,0.7334943639291466,462.0,1242.0,1.0,0.3719806763285024,911.0,0.1437980241492865,1.0,0.6918429003021148,20.230000000000004,0.01628824476650564,0.0437878787878788,79.54,-59.309999999999995,0.28302737520128823,0.36,0.005825161533392728,0.573268921095008,0.1703888117800887,0.1437980241492865,0.026590787630802193
xgboost,-0.18,-4.0,0.0,1242.0,1.0,0.7492492492492493,0.7152777777777778,0.7322635135135136,0.7334943639291466,0.7334943639291466,0.5362318840579711,0.463768115942029,0.5793880837359099,0.4314090177133656,1242.0,666.0,576.0,0.7925585539117999,0.1880518726271942,0.5602134885564686,0.46698872785829315,0.5162418387450337,0.9045929500668268,666.0,576.0,1242.0,1.0,0.7334943639291466,462.0,1242.0,1.0,0.3719806763285024,911.0,0.1437980241492865,1.0,0.6918429003021148,20.230000000000004,0.01628824476650564,0.0437878787878788,79.54,-59.309999999999995,0.28302737520128823,0.36,0.005825161533392728,0.573268921095008,0.1703888117800887,0.1437980241492865,0.026590787630802193
xgboost,-0.175,-4.0,0.0,1242.0,1.0,0.7492492492492493,0.7152777777777778,0.7322635135135136,0.7334943639291466,0.7334943639291466,0.5362318840579711,0.463768115942029,0.5793880837359099,0.4314090177133656,1242.0,666.0,576.0,0.7925585539117999,0.1880518726271942,0.5602134885564686,0.46698872785829315,0.5162418387450337,0.9045929500668268,666.0,576.0,1242.0,1.0,0.7334943639291466,462.0,1242.0,1.0,0.3719806763285024,911.0,0.1437980241492865,1.0,0.6918429003021148,20.230000000000004,0.01628824476650564,0.0437878787878788,79.54,-59.309999999999995,0.28302737520128823,0.36,0.005825161533392728,0.573268921095008,0.1703888117800887,0.1437980241492865,0.026590787630802193
xgboost,-0.17,-4.0,0.0,1242.0,1.0,0.7492492492492493,0.7152777777777778,0.7322635135135136,0.7334943639291466,0.7334943639291466,0.5362318840579711,0.463768115942029,0.5793880837359099,0.4314090177133656,1242.0,666.0,576.0,0.7925585539117999,0.1880518726271942,0.5602134885564686,0.46698872785829315,0.5162418387450337,0.9045929500668268,666.0,576.0,1242.0,1.0,0.7334943639291466,462.0,1242.0,1.0,0.3719806763285024,911.0,0.1437980241492865,1.0,0.6918429003021148,20.230000000000004,0.01628824476650564,0.0437878787878788,79.54,-59.309999999999995,0.28302737520128823,0.36,0.005825161533392728,0.573268921095008,0.1703888117800887,0.1437980241492865,0.026590787630802193
xgboost,-0.165,-4.0,0.0,1242.0,1.0,0.7492492492492493,0.7152777777777778,0.7322635135135136,0.7334943639291466,0.7334943639291466,0.5362318840579711,0.463768115942029,0.5793880837359099,0.4314090177133656,1242.0,666.0,576.0,0.7925585539117999,0.1880518726271942,0.5602134885564686,0.46698872785829315,0.5162418387450337,0.9045929500668268,666.0,576.0,1242.0,1.0,0.7334943639291466,462.0,1242.0,1.0,0.3719806763285024,911.0,0.1437980241492865,1.0,0.6918429003021148,20.230000000000004,0.01628824476650564,0.0437878787878788,79.54,-59.309999999999995,0.28302737520128823,0.36,0.005825161533392728,0.573268921095008,0.1703888117800887,0.1437980241492865,0.026590787630802193
xgboost,-0.16,-4.0,0.0,1242.0,1.0,0.7492492492492493,0.7152777777777778,0.7322635135135136,0.7334943639291466,0.7334943639291466,0.5362318840579711,0.463768115942029,0.5793880837359099,0.4314090177133656,1242.0,666.0,576.0,0.7925585539117999,0.1880518726271942,0.5602134885564686,0.46698872785829315,0.5162418387450337,0.9045929500668268,666.0,576.0,1242.0,1.0,0.7334943639291466,462.0,1242.0,1.0,0.3719806763285024,911.0,0.1437980241492865,1.0,0.6918429003021148,20.230000000000004,0.01628824476650564,0.0437878787878788,79.54,-59.309999999999995,0.28302737520128823,0.36,0.005825161533392728,0.573268921095008,0.1703888117800887,0.1437980241492865,0.026590787630802193
xgboost,-0.155,-4.0,0.0,1242.0,1.0,0.7492492492492493,0.7152777777777778,0.7322635135135136,0.7334943639291466,0.7334943639291466,0.5362318840579711,0.463768115942029,0.5793880837359099,0.4314090177133656,1242.0,666.0,576.0,0.7925585539117999,0.1880518726271942,0.5602134885564686,0.46698872785829315,0.5162418387450337,0.9045929500668268,666.0,576.0,1242.0,1.0,0.7334943639291466,462.0,1242.0,1.0,0.3719806763285024,911.0,0.1437980241492865,1.0,0.6918429003021148,20.230000000000004,0.01628824476650564,0.0437878787878788,79.54,-59.309999999999995,0.28302737520128823,0.36,0.005825161533392728,0.573268921095008,0.1703888117800887,0.1437980241492865,0.026590787630802193
xgboost,-0.15,-4.0,0.0,1242.0,1.0,0.7492492492492493,0.7152777777777778,0.7322635135135136,0.7334943639291466,0.7334943639291466,0.5362318840579711,0.463768115942029,0.5793880837359099,0.4314090177133656,1242.0,666.0,576.0,0.7925585539117999,0.1880518726271942,0.5602134885564686,0.46698872785829315,0.5162418387450337,0.9045929500668268,666.0,576.0,1242.0,1.0,0.7334943639291466,462.0,1242.0,1.0,0.3719806763285024,911.0,0.1437980241492865,1.0,0.6918429003021148,20.230000000000004,0.01628824476650564,0.0437878787878788,79.54,-59.309999999999995,0.28302737520128823,0.36,0.005825161533392728,0.573268921095008,0.1703888117800887,0.1437980241492865,0.026590787630802193
xgboost,-0.145,-4.0,0.0,1242.0,1.0,0.7492492492492493,0.7152777777777778,0.7322635135135136,0.7334943639291466,0.7334943639291466,0.5362318840579711,0.463768115942029,0.5793880837359099,0.4314090177133656,1242.0,666.0,576.0,0.7925585539117999,0.1880518726271942,0.5602134885564686,0.46698872785829315,0.5162418387450337,0.9045929500668268,666.0,576.0,1242.0,1.0,0.7334943639291466,462.0,1242.0,1.0,0.3719806763285024,911.0,0.1437980241492865,1.0,0.6918429003021148,20.230000000000004,0.01628824476650564,0.0437878787878788,79.54,-59.309999999999995,0.28302737520128823,0.36,0.005825161533392728,0.573268921095008,0.1703888117800887,0.1437980241492865,0.026590787630802193
xgboost,-0.14,-4.0,0.0,1242.0,1.0,0.7492492492492493,0.7152777777777778,0.7322635135135136,0.7334943639291466,0.7334943639291466,0.5362318840579711,0.463768115942029,0.5793880837359099,0.4314090177133656,1242.0,666.0,576.0,0.7925585539117999,0.1880518726271942,0.5602134885564686,0.46698872785829315,0.5162418387450337,0.9045929500668268,666.0,576.0,1242.0,1.0,0.7334943639291466,462.0,1242.0,1.0,0.3719806763285024,911.0,0.1437980241492865,1.0,0.6918429003021148,20.230000000000004,0.01628824476650564,0.0437878787878788,79.54,-59.309999999999995,0.28302737520128823,0.36,0.005825161533392728,0.573268921095008,0.1703888117800887,0.1437980241492865,0.026590787630802193
xgboost,-0.135,-4.0,0.0,1242.0,1.0,0.7492492492492493,0.7152777777777778,0.7322635135135136,0.7334943639291466,0.7334943639291466,0.5362318840579711,0.463768115942029,0.5793880837359099,0.4314090177133656,1242.0,666.0,576.0,0.7925585539117999,0.1880518726271942,0.5602134885564686,0.46698872785829315,0.5162418387450337,0.9045929500668268,666.0,576.0,1242.0,1.0,0.7334943639291466,462.0,1242.0,1.0,0.3719806763285024,911.0,0.1437980241492865,1.0,0.6918429003021148,20.230000000000004,0.01628824476650564,0.0437878787878788,79.54,-59.309999999999995,0.28302737520128823,0.36,0.005825161533392728,0.573268921095008,0.1703888117800887,0.1437980241492865,0.026590787630802193
xgboost,-0.13,-4.0,0.0,1242.0,1.0,0.7492492492492493,0.7152777777777778,0.7322635135135136,0.7334943639291466,0.7334943639291466,0.5362318840579711,0.463768115942029,0.5793880837359099,0.4314090177133656,1242.0,666.0,576.0,0.7925585539117999,0.1880518726271942,0.5602134885564686,0.46698872785829315,0.5162418387450337,0.9045929500668268,666.0,576.0,1242.0,1.0,0.7334943639291466,462.0,1242.0,1.0,0.3719806763285024,911.0,0.1437980241492865,1.0,0.6918429003021148,20.230000000000004,0.01628824476650564,0.0437878787878788,79.54,-59.309999999999995,0.28302737520128823,0.36,0.005825161533392728,0.573268921095008,0.1703888117800887,0.1437980241492865,0.026590787630802193
xgboost,-0.125,-4.0,0.0,1242.0,1.0,0.7492492492492493,0.7152777777777778,0.7322635135135136,0.7334943639291466,0.7334943639291466,0.5362318840579711,0.463768115942029,0.5793880837359099,0.4314090177133656,1242.0,666.0,576.0,0.7925585539117999,0.1880518726271942,0.5602134885564686,0.46698872785829315,0.5162418387450337,0.9045929500668268,666.0,576.0,1242.0,1.0,0.7334943639291466,462.0,1242.0,1.0,0.3719806763285024,911.0,0.1437980241492865,1.0,0.6918429003021148,20.230000000000004,0.01628824476650564,0.0437878787878788,79.54,-59.309999999999995,0.28302737520128823,0.36,0.005825161533392728,0.573268921095008,0.1703888117800887,0.1437980241492865,0.026590787630802193
xgboost,-0.12,-4.0,0.0,1242.0,1.0,0.7492492492492493,0.7152777777777778,0.7322635135135136,0.7334943639291466,0.7334943639291466,0.5362318840579711,0.463768115942029,0.5793880837359099,0.4314090177133656,1242.0,666.0,576.0,0.7925585539117999,0.1880518726271942,0.5602134885564686,0.46698872785829315,0.5162418387450337,0.9045929500668268,666.0,576.0,1242.0,1.0,0.7334943639291466,462.0,1242.0,1.0,0.3719806763285024,911.0,0.1437980241492865,1.0,0.6918429003021148,20.230000000000004,0.01628824476650564,0.0437878787878788,79.54,-59.309999999999995,0.28302737520128823,0.36,0.005825161533392728,0.573268921095008,0.1703888117800887,0.1437980241492865,0.026590787630802193
xgboost,-0.115,-4.0,0.0,1242.0,1.0,0.7492492492492493,0.7152777777777778,0.7322635135135136,0.7334943639291466,0.7334943639291466,0.5362318840579711,0.463768115942029,0.5793880837359099,0.4314090177133656,1242.0,666.0,576.0,0.7925585539117999,0.1880518726271942,0.5602134885564686,0.46698872785829315,0.5162418387450337,0.9045929500668268,666.0,576.0,1242.0,1.0,0.7334943639291466,462.0,1242.0,1.0,0.3719806763285024,911.0,0.1437980241492865,1.0,0.6918429003021148,20.230000000000004,0.01628824476650564,0.0437878787878788,79.54,-59.309999999999995,0.28302737520128823,0.36,0.005825161533392728,0.573268921095008,0.1703888117800887,0.1437980241492865,0.026590787630802193
xgboost,-0.11,-4.0,0.0,1242.0,1.0,0.7492492492492493,0.7152777777777778,0.7322635135135136,0.7334943639291466,0.7334943639291466,0.5362318840579711,0.463768115942029,0.5793880837359099,0.4314090177133656,1242.0,666.0,576.0,0.7925585539117999,0.1880518726271942,0.5602134885564686,0.46698872785829315,0.5162418387450337,0.9045929500668268,666.0,576.0,1242.0,1.0,0.7334943639291466,462.0,1242.0,1.0,0.3719806763285024,911.0,0.1437980241492865,1.0,0.6918429003021148,20.230000000000004,0.01628824476650564,0.0437878787878788,79.54,-59.309999999999995,0.28302737520128823,0.36,0.005825161533392728,0.573268921095008,0.1703888117800887,0.1437980241492865,0.026590787630802193
xgboost,-0.105,-4.0,0.0,1242.0,1.0,0.7492492492492493,0.7152777777777778,0.7322635135135136,0.7334943639291466,0.7334943639291466,0.5362318840579711,0.463768115942029,0.5793880837359099,0.4314090177133656,1242.0,666.0,576.0,0.7925585539117999,0.1880518726271942,0.5602134885564686,0.46698872785829315,0.5162418387450337,0.9045929500668268,666.0,576.0,1242.0,1.0,0.7334943639291466,462.0,1242.0,1.0,0.3719806763285024,911.0,0.1437980241492865,1.0,0.6918429003021148,20.230000000000004,0.01628824476650564,0.0437878787878788,79.54,-59.309999999999995,0.28302737520128823,0.36,0.005825161533392728,0.573268921095008,0.1703888117800887,0.1437980241492865,0.026590787630802193
xgboost,-0.1,-4.0,0.0,1242.0,1.0,0.7492492492492493,0.7152777777777778,0.7322635135135136,0.7334943639291466,0.7334943639291466,0.5362318840579711,0.463768115942029,0.5793880837359099,0.4314090177133656,1242.0,666.0,576.0,0.7925585539117999,0.1880518726271942,0.5602134885564686,0.46698872785829315,0.5162418387450337,0.9045929500668268,666.0,576.0,1242.0,1.0,0.7334943639291466,462.0,1242.0,1.0,0.3719806763285024,911.0,0.1437980241492865,1.0,0.6918429003021148,20.230000000000004,0.01628824476650564,0.0437878787878788,79.54,-59.309999999999995,0.28302737520128823,0.36,0.005825161533392728,0.573268921095008,0.1703888117800887,0.1437980241492865,0.026590787630802193
xgboost,-0.095,-4.0,0.0,1242.0,1.0,0.7492492492492493,0.7152777777777778,0.7322635135135136,0.7334943639291466,0.7334943639291466,0.5362318840579711,0.463768115942029,0.5793880837359099,0.4314090177133656,1242.0,666.0,576.0,0.7925585539117999,0.1880518726271942,0.5602134885564686,0.46698872785829315,0.5162418387450337,0.9045929500668268,666.0,576.0,1242.0,1.0,0.7334943639291466,462.0,1242.0,1.0,0.3719806763285024,911.0,0.1437980241492865,1.0,0.6918429003021148,20.230000000000004,0.01628824476650564,0.0437878787878788,79.54,-59.309999999999995,0.28302737520128823,0.36,0.005825161533392728,0.573268921095008,0.1703888117800887,0.1437980241492865,0.026590787630802193
xgboost,-0.09,-4.0,0.0,1242.0,1.0,0.7492492492492493,0.7152777777777778,0.7322635135135136,0.7334943639291466,0.7334943639291466,0.5362318840579711,0.463768115942029,0.5793880837359099,0.4314090177133656,1242.0,666.0,576.0,0.7925585539117999,0.1880518726271942,0.5602134885564686,0.46698872785829315,0.5162418387450337,0.9045929500668268,666.0,576.0,1242.0,1.0,0.7334943639291466,462.0,1242.0,1.0,0.3719806763285024,911.0,0.1437980241492865,1.0,0.6918429003021148,20.230000000000004,0.01628824476650564,0.0437878787878788,79.54,-59.309999999999995,0.28302737520128823,0.36,0.005825161533392728,0.573268921095008,0.1703888117800887,0.1437980241492865,0.026590787630802193
xgboost,-0.085,-4.0,0.0,1242.0,1.0,0.7492492492492493,0.7152777777777778,0.7322635135135136,0.7334943639291466,0.7334943639291466,0.5362318840579711,0.463768115942029,0.5793880837359099,0.4314090177133656,1242.0,666.0,576.0,0.7925585539117999,0.1880518726271942,0.5602134885564686,0.46698872785829315,0.5162418387450337,0.9045929500668268,666.0,576.0,1242.0,1.0,0.7334943639291466,462.0,1242.0,1.0,0.3719806763285024,911.0,0.1437980241492865,1.0,0.6918429003021148,20.230000000000004,0.01628824476650564,0.0437878787878788,79.54,-59.309999999999995,0.28302737520128823,0.36,0.005825161533392728,0.573268921095008,0.1703888117800887,0.1437980241492865,0.026590787630802193
xgboost,-0.08,-4.0,0.0,1242.0,1.0,0.7492492492492493,0.7152777777777778,0.7322635135135136,0.7334943639291466,0.7334943639291466,0.5362318840579711,0.463768115942029,0.5793880837359099,0.4314090177133656,1242.0,666.0,576.0,0.7925585539117999,0.1880518726271942,0.5602134885564686,0.46698872785829315,0.5162418387450337,0.9045929500668268,666.0,576.0,1242.0,1.0,0.7334943639291466,462.0,1242.0,1.0,0.3719806763285024,911.0,0.1437980241492865,1.0,0.6918429003021148,20.230000000000004,0.01628824476650564,0.0437878787878788,79.54,-59.309999999999995,0.28302737520128823,0.36,0.005825161533392728,0.573268921095008,0.1703888117800887,0.1437980241492865,0.026590787630802193
xgboost,-0.075,-4.0,0.0,1242.0,1.0,0.7492492492492493,0.7152777777777778,0.7322635135135136,0.7334943639291466,0.7334943639291466,0.5362318840579711,0.463768115942029,0.5793880837359099,0.4314090177133656,1242.0,666.0,576.0,0.7925585539117999,0.1880518726271942,0.5602134885564686,0.46698872785829315,0.5162418387450337,0.9045929500668268,666.0,576.0,1242.0,1.0,0.7334943639291466,461.0,1241.0,0.999194847020934,0.3711755233494364,911.0,0.1437980241492865,1.0,0.6909090909090909,20.590000000000003,0.016578099838969407,0.04466377440347074,79.54,-58.949999999999996,0.28273752012882447,0.36,0.005825161533392728,0.573268921095008,0.1703888117800887,0.1437980241492865,0.026590787630802193
xgboost,-0.07,-4.0,0.0,1242.0,1.0,0.7492492492492493,0.7152777777777778,0.7322635135135136,0.7334943639291466,0.7334943639291466,0.5362318840579711,0.463768115942029,0.5793880837359099,0.4314090177133656,1242.0,666.0,576.0,0.7925585539117999,0.1880518726271942,0.5602134885564686,0.46698872785829315,0.5162418387450337,0.9045929500668268,666.0,576.0,1242.0,1.0,0.7334943639291466,460.0,1239.0,0.9975845410628019,0.37037037037037035,911.0,0.1437980241492865,1.0,0.6899696048632219,21.0,0.016908212560386472,0.04565217391304349,79.54,-58.54,0.28199677938808376,0.36,0.005825161533392728,0.573268921095008,0.17046841404677093,0.14395604395604394,0.02651237009072699
xgboost,-0.065,-4.0,0.0,1242.0,1.0,0.7492492492492493,0.7152777777777778,0.7322635135135136,0.7334943639291466,0.7334943639291466,0.5362318840579711,0.463768115942029,0.5793880837359099,0.4314090177133656,1242.0,666.0,576.0,0.7925585539117999,0.1880518726271942,0.5602134885564686,0.46698872785829315,0.5162418387450337,0.9045929500668268,666.0,576.0,1242.0,1.0,0.7334943639291466,458.0,1235.0,0.9943639291465378,0.3687600644122383,911.0,0.14270032930845225,1.0,0.6890243902439024,20.82,0.01676328502415459,0.04545851528384281,79.0,-58.17999999999999,0.28075684380032206,0.36,0.005825161533392728,0.573268921095008,0.17049675116514687,0.14332965821389196,0.027167092951254912
xgboost,-0.06,-4.0,0.0,1242.0,1.0,0.7492492492492493,0.7152777777777778,0.7322635135135136,0.7334943639291466,0.7334943639291466,0.5362318840579711,0.463768115942029,0.5793880837359099,0.4314090177133656,1242.0,666.0,576.0,0.7925585539117999,0.1880518726271942,0.5602134885564686,0.46698872785829315,0.5162418387450337,0.9045929500668268,666.0,576.0,1242.0,1.0,0.7334943639291466,454.0,1227.0,0.9879227053140096,0.36553945249597425,911.0,0.141602634467618,1.0,0.6861538461538461,21.51,0.017318840579710146,0.04737885462555067,78.36000000000001,-56.849999999999994,0.2781159420289855,0.36,0.005825161533392728,0.573268921095008,0.1704564161160899,0.14301552106430154,0.027440895051788344
xgboost,-0.055,-4.0,0.0,1242.0,1.0,0.7492492492492493,0.7152777777777778,0.7322635135135136,0.7334943639291466,0.7334943639291466,0.5362318840579711,0.463768115942029,0.5793880837359099,0.4314090177133656,1242.0,666.0,576.0,0.7925585539117999,0.1880518726271942,0.5602134885564686,0.46698872785829315,0.5162418387450337,0.9045929500668268,666.0,576.0,1242.0,1.0,0.7334943639291466,447.0,1217.0,0.9798711755233495,0.35990338164251207,911.0,0.14050493962678376,1.0,0.6802507836990596,23.380000000000003,0.01882447665056361,0.05230425055928412,77.77000000000001,-54.39,0.2747745571658615,0.36,0.005825161533392728,0.573268921095008,0.1704416773209394,0.14253897550111358,0.02790270181982582
xgboost,-0.05,-4.0,0.0,1242.0,1.0,0.7492492492492493,0.7152777777777778,0.7322635135135136,0.7334943639291466,0.7334943639291466,0.5362318840579711,0.463768115942029,0.5793880837359099,0.4314090177133656,1242.0,666.0,576.0,0.7925585539117999,0.1880518726271942,0.5602134885564686,0.46698872785829315,0.5162418387450337,0.9045929500668268,666.0,576.0,1242.0,1.0,0.7334943639291466,442.0,1206.0,0.9710144927536232,0.355877616747182,911.0,0.13830954994511527,1.0,0.6772151898734177,23.330000000000002,0.018784219001610307,0.05278280542986427,76.59,-53.25999999999999,0.2711030595813204,0.36,0.005825161533392728,0.573268921095008,0.17044980258502987,0.14157303370786517,0.0288767688771647
xgboost,-0.045,-4.0,0.0,1242.0,1.0,0.7492492492492493,0.7152777777777778,0.7322635135135136,0.7334943639291466,0.7334943639291466,0.5362318840579711,0.463768115942029,0.5793880837359099,0.4314090177133656,1242.0,666.0,576.0,0.7925585539117999,0.1880518726271942,0.5602134885564686,0.46698872785829315,0.5162418387450337,0.9045929500668268,666.0,576.0,1242.0,1.0,0.7334943639291466,434.0,1188.0,0.9565217391304348,0.3494363929146538,911.0,0.132821075740944,1.0,0.6741214057507987,21.96,0.017681159420289857,0.05059907834101384,73.89000000000001,-51.93,0.2649194847020934,0.31,0.005825161533392728,0.573268921095008,0.1700340509712696,0.1382857142857143,0.03174833668555532
xgboost,-0.04,-4.0,0.0,1242.0,1.0,0.7492492492492493,0.7152777777777778,0.7322635135135136,0.7334943639291466,0.7334943639291466,0.5362318840579711,0.463768115942029,0.5793880837359099,0.4314090177133656,1242.0,666.0,576.0,0.7925585539117999,0.1880518726271942,0.5602134885564686,0.46698872785829315,0.5162418387450337,0.9045929500668268,666.0,576.0,1242.0,1.0,0.7334943639291466,431.0,1175.0,0.9460547504025765,0.3470209339774557,911.0,0.13172338090010977,1.0,0.6720257234726688,22.19,0.01786634460547504,0.05148491879350349,73.30000000000001,-51.11,0.2604669887278583,0.31,0.005825161533392728,0.573268921095008,0.16969819745066128,0.1388888888888889,0.030809308561772386
xgboost,-0.035,-4.0,0.0,1242.0,1.0,0.7492492492492493,0.7152777777777778,0.7322635135135136,0.7334943639291466,0.7334943639291466,0.5362318840579711,0.463768115942029,0.5793880837359099,0.4314090177133656,1242.0,666.0,576.0,0.7925585539117999,0.1880518726271942,0.5602134885564686,0.46698872785829315,0.5162418387450337,0.9045929500668268,666.0,576.0,1242.0,1.0,0.7334943639291466,423.0,1145.0,0.9219001610305958,0.34057971014492755,911.0,0.12733260153677278,1.0,0.6677524429967426,21.270000000000003,0.0171256038647343,0.05028368794326242,70.79,-49.519999999999996,0.2500402576489533,0.26,0.005825161533392728,0.573268921095008,0.16912034427333703,0.13842482100238662,0.030695523270950403
xgboost,-0.03,-4.0,0.0,1242.0,1.0,0.7492492492492493,0.7152777777777778,0.7322635135135136,0.7334943639291466,0.7334943639291466,0.5362318840579711,0.463768115942029,0.5793880837359099,0.4314090177133656,1242.0,666.0,576.0,0.7925585539117999,0.1880518726271942,0.5602134885564686,0.46698872785829315,0.5162418387450337,0.9045929500668268,666.0,576.0,1242.0,1.0,0.7334943639291466,413.0,1116.0,0.8985507246376812,0.3325281803542673,911.0,0.12294182217343579,1.0,0.6611295681063123,21.520000000000003,0.017326892109500808,0.05210653753026635,68.58000000000001,-47.06,0.23994363929146537,0.21,0.005825161533392728,0.573268921095008,0.16901610876245002,0.1374233128834356,0.031592795879014424
xgboost,-0.025,-4.0,0.0,1242.0,1.0,0.7492492492492493,0.7152777777777778,0.7322635135135136,0.7334943639291466,0.7334943639291466,0.5362318840579711,0.463768115942029,0.5793880837359099,0.4314090177133656,1242.0,666.0,576.0,0.7925585539117999,0.1880518726271942,0.5602134885564686,0.46698872785829315,0.5162418387450337,0.9045929500668268,666.0,576.0,1242.0,1.0,0.7334943639291466,403.0,1079.0,0.8687600644122383,0.3244766505636071,911.0,0.11855104281009879,1.0,0.6542372881355932,21.27,0.017125603864734298,0.05277915632754343,66.52000000000001,-45.25,0.22772946859903384,0.16,0.005825161533392728,0.573268921095008,0.16772904625751686,0.1377551020408163,0.02997394421670055
xgboost,-0.02,-4.0,0.0,1242.0,1.0,0.7492492492492493,0.7152777777777778,0.7322635135135136,0.7334943639291466,0.7334943639291466,0.5362318840579711,0.463768115942029,0.5793880837359099,0.4314090177133656,1242.0,666.0,576.0,0.7925585539117999,0.1880518726271942,0.5602134885564686,0.46698872785829315,0.5162418387450337,0.9045929500668268,666.0,576.0,1242.0,1.0,0.7334943639291466,391.0,1044.0,0.8405797101449275,0.3148148148148148,911.0,0.11306256860592755,1.0,0.6458333333333334,20.69,0.01665861513687601,0.05291560102301791,63.620000000000005,-42.92999999999999,0.21613526570048308,0.11,0.005825161533392728,0.573268921095008,0.16632514418886293,0.13624338624338625,0.030081757945476684
xgboost,-0.015,-4.0,0.0,1242.0,1.0,0.7492492492492493,0.7152777777777778,0.7322635135135136,0.7334943639291466,0.7334943639291466,0.5362318840579711,0.463768115942029,0.5793880837359099,0.4314090177133656,1242.0,666.0,576.0,0.7925585539117999,0.1880518726271942,0.5602134885564686,0.46698872785829315,0.5162418387450337,0.9045929500668268,666.0,576.0,1242.0,1.0,0.7334943639291466,376.0,1004.0,0.8083735909822867,0.3027375201288245,911.0,0.10647639956092206,1.0,0.6344086021505376,20.64,0.016618357487922706,0.05489361702127662,60.18,-39.54,0.2021658615136876,0.06,0.005825161533392728,0.573268921095008,0.16539887180102283,0.13379310344827586,0.03160576835274698
xgboost,-0.01,-4.0,0.0,1242.0,1.0,0.7492492492492493,0.7152777777777778,0.7322635135135136,0.7334943639291466,0.7334943639291466,0.5362318840579711,0.463768115942029,0.5793880837359099,0.4314090177133656,1242.0,666.0,576.0,0.7925585539117999,0.1880518726271942,0.5602134885564686,0.46698872785829315,0.5162418387450337,0.9045929500668268,666.0,576.0,1242.0,1.0,0.7334943639291466,362.0,956.0,0.7697262479871175,0.2914653784219002,911.0,0.09989023051591657,1.0,0.6273062730627307,20.23,0.016288244766505637,0.055883977900552495,56.64000000000001,-36.41,0.18583735909822865,0.01,0.005825161533392728,0.573268921095008,0.16278216661545483,0.13284671532846715,0.029935451286987685
xgboost,-0.005,-4.0,0.0,1242.0,1.0,0.7492492492492493,0.7152777777777778,0.7322635135135136,0.7334943639291466,0.7334943639291466,0.5362318840579711,0.463768115942029,0.5793880837359099,0.4314090177133656,1242.0,666.0,576.0,0.7925585539117999,0.1880518726271942,0.5602134885564686,0.46698872785829315,0.5162418387450337,0.9045929500668268,666.0,576.0,1242.0,1.0,0.7334943639291466,344.0,899.0,0.7238325281803543,0.27697262479871176,911.0,0.09549945115257959,1.0,0.6070038910505836,23.16,0.018647342995169083,0.06732558139534885,54.68,-31.520000000000003,0.1664975845410628,0.01,0.005825161533392728,0.573268921095008,0.16007546549285775,0.13551401869158877,0.024561446801268982
xgboost,0.0,-4.0,0.0,1242.0,1.0,0.7492492492492493,0.7152777777777778,0.7322635135135136,0.7334943639291466,0.7334943639291466,0.5362318840579711,0.463768115942029,0.5793880837359099,0.4314090177133656,1242.0,666.0,576.0,0.7925585539117999,0.1880518726271942,0.5602134885564686,0.46698872785829315,0.5162418387450337,0.9045929500668268,666.0,576.0,1242.0,1.0,0.7334943639291466,184.0,530.0,0.42673107890499196,0.14814814814814814,911.0,0.09110867178924259,1.0,0.801980198019802,25.26,0.02033816425120773,0.1372826086956522,52.12,-26.86,0.14915458937198067,0.0,0.005825161533392728,0.573268921095008,0.21984938183030883,0.19347319347319347,0.02637618835711536
xgboost,0.005,-4.0,0.0,1242.0,1.0,0.7492492492492493,0.7152777777777778,0.7322635135135136,0.7334943639291466,0.7334943639291466,0.5362318840579711,0.463768115942029,0.5793880837359099,0.4314090177133656,1242.0,666.0,576.0,0.7925585539117999,0.1880518726271942,0.5602134885564686,0.46698872785829315,0.5162418387450337,0.9045929500668268,666.0,576.0,1242.0,1.0,0.7334943639291466,166.0,451.0,0.36312399355877617,0.13365539452495975,911.0,0.08562019758507135,1.0,0.8409090909090909,24.240000000000002,0.01951690821256039,0.14602409638554217,49.22,-24.979999999999997,0.13450885668276974,0.0,0.005825161533392728,0.573268921095008,0.23927995073031788,0.21487603305785125,0.024403917672466635
xgboost,0.01,-4.0,0.0,1242.0,1.0,0.7492492492492493,0.7152777777777778,0.7322635135135136,0.7334943639291466,0.7334943639291466,0.5362318840579711,0.463768115942029,0.5793880837359099,0.4314090177133656,1242.0,666.0,576.0,0.7925585539117999,0.1880518726271942,0.5602134885564686,0.46698872785829315,0.5162418387450337,0.9045929500668268,666.0,576.0,1242.0,1.0,0.7334943639291466,143.0,392.0,0.31561996779388085,0.11513687600644122,911.0,0.07244785949506037,1.0,0.8311688311688312,20.47,0.01648148148148148,0.14314685314685313,42.59,-22.119999999999997,0.11507246376811593,0.0,0.005825161533392728,0.573268921095008,0.24517404020778716,0.20952380952380953,0.03565023068397763
xgboost,0.015,-4.0,0.0,1242.0,1.0,0.7492492492492493,0.7152777777777778,0.7322635135135136,0.7334943639291466,0.7334943639291466,0.5362318840579711,0.463768115942029,0.5793880837359099,0.4314090177133656,1242.0,666.0,576.0,0.7925585539117999,0.1880518726271942,0.5602134885564686,0.46698872785829315,0.5162418387450337,0.9045929500668268,666.0,576.0,1242.0,1.0,0.7334943639291466,118.0,334.0,0.2689210950080515,0.09500805152979067,911.0,0.06366630076838639,1.0,0.8666666666666667,20.970000000000002,0.016884057971014495,0.17771186440677966,38.22,-17.25,0.09661030595813204,0.0,0.005825161533392728,0.573268921095008,0.24979419030085967,0.2116788321167883,0.03811535818407136
xgboost,0.02,-4.0,0.0,1242.0,1.0,0.7492492492492493,0.7152777777777778,0.7322635135135136,0.7334943639291466,0.7334943639291466,0.5362318840579711,0.463768115942029,0.5793880837359099,0.4314090177133656,1242.0,666.0,576.0,0.7925585539117999,0.1880518726271942,0.5602134885564686,0.46698872785829315,0.5162418387450337,0.9045929500668268,666.0,576.0,1242.0,1.0,0.7334943639291466,107.0,286.0,0.23027375201288244,0.0861513687600644,911.0,0.05817782656421515,1.0,0.8888888888888888,20.33,0.016368760064412236,0.19000000000000003,35.72,-15.39,0.07947665056360709,0.0,0.005825161533392728,0.573268921095008,0.25979335763459577,0.22844827586206898,0.03134508177252679
xgboost,0.025,-4.0,0.0,1242.0,1.0,0.7492492492492493,0.7152777777777778,0.7322635135135136,0.7334943639291466,0.7334943639291466,0.5362318840579711,0.463768115942029,0.5793880837359099,0.4314090177133656,1242.0,666.0,576.0,0.7925585539117999,0.1880518726271942,0.5602134885564686,0.46698872785829315,0.5162418387450337,0.9045929500668268,666.0,576.0,1242.0,1.0,0.7334943639291466,95.0,249.0,0.20048309178743962,0.07648953301127215,911.0,0.05159165751920966,1.0,0.875,19.15,0.01541867954911433,0.201578947368421,32.18,-13.03,0.0664573268921095,0.0,0.005825161533392728,0.573268921095008,0.262793655678704,0.23383084577114427,0.028962809907559728
xgboost,0.03,-4.0,0.0,1242.0,1.0,0.7492492492492493,0.7152777777777778,0.7322635135135136,0.7334943639291466,0.7334943639291466,0.5362318840579711,0.463768115942029,0.5793880837359099,0.4314090177133656,1242.0,666.0,576.0,0.7925585539117999,0.1880518726271942,0.5602134885564686,0.46698872785829315,0.5162418387450337,0.9045929500668268,666.0,576.0,1242.0,1.0,0.7334943639291466,87.0,220.0,0.17713365539452497,0.07004830917874397,911.0,0.04939626783754116,1.0,0.8571428571428571,20.43,0.01644927536231884,0.2348275862068965,31.099999999999998,-10.67,0.057004830917874394,0.0,0.005825161533392728,0.573268921095008,0.2668010039945667,0.25280898876404495,0.013992015230521737
xgboost,0.035,-4.0,0.0,1242.0,1.0,0.7492492492492493,0.7152777777777778,0.7322635135135136,0.7334943639291466,0.7334943639291466,0.5362318840579711,0.463768115942029,0.5793880837359099,0.4314090177133656,1242.0,666.0,576.0,0.7925585539117999,0.1880518726271942,0.5602134885564686,0.46698872785829315,0.5162418387450337,0.9045929500668268,666.0,576.0,1242.0,1.0,0.7334943639291466,71.0,185.0,0.14895330112721417,0.0571658615136876,911.0,0.04171240395170143,1.0,0.9090909090909091,19.090000000000003,0.015370370370370373,0.2688732394366196,27.42,-8.33,0.04609500805152979,0.0,0.005825161533392728,0.573268921095008,0.26971134112069484,0.25,0.019711341120694836
xgboost,0.04,-4.0,0.0,1242.0,1.0,0.7492492492492493,0.7152777777777778,0.7322635135135136,0.7334943639291466,0.7334943639291466,0.5362318840579711,0.463768115942029,0.5793880837359099,0.4314090177133656,1242.0,666.0,576.0,0.7925585539117999,0.1880518726271942,0.5602134885564686,0.46698872785829315,0.5162418387450337,0.9045929500668268,666.0,576.0,1242.0,1.0,0.7334943639291466,60.0,159.0,0.1280193236714976,0.04830917874396135,911.0,0.03402854006586169,1.0,0.9310344827586207,15.700000000000001,0.012640901771336555,0.2616666666666666,22.740000000000002,-7.04,0.03884057971014493,0.0,0.005825161533392728,0.573268921095008,0.2766887750190038,0.23846153846153847,0.03822723655746532
xgboost,0.045,-4.0,0.0,1242.0,1.0,0.7492492492492493,0.7152777777777778,0.7322635135135136,0.7334943639291466,0.7334943639291466,0.5362318840579711,0.463768115942029,0.5793880837359099,0.4314090177133656,1242.0,666.0,576.0,0.7925585539117999,0.1880518726271942,0.5602134885564686,0.46698872785829315,0.5162418387450337,0.9045929500668268,666.0,576.0,1242.0,1.0,0.7334943639291466,52.0,135.0,0.10869565217391304,0.04186795491143317,911.0,0.027442371020856202,1.0,0.9259259259259259,13.23,0.010652173913043479,0.2544230769230769,19.450000000000003,-6.220000000000001,0.03071658615136876,0.0,0.005825161533392728,0.573268921095008,0.27847949891454643,0.23148148148148148,0.04699801743306495
xgboost,0.05,-4.0,0.0,1242.0,1.0,0.7492492492492493,0.7152777777777778,0.7322635135135136,0.7334943639291466,0.7334943639291466,0.5362318840579711,0.463768115942029,0.5793880837359099,0.4314090177133656,1242.0,666.0,576.0,0.7925585539117999,0.1880518726271942,0.5602134885564686,0.46698872785829315,0.5162418387450337,0.9045929500668268,666.0,576.0,1242.0,1.0,0.7334943639291466,44.0,112.0,0.09017713365539452,0.03542673107890499,911.0,0.021953896816684963,1.0,0.9166666666666666,9.760000000000002,0.007858293075684381,0.2218181818181818,15.4,-5.640000000000001,0.024734299516908212,0.0,0.005825161533392728,0.573268921095008,0.2897566125982187,0.22727272727272727,0.062483885325491456
xgboost,0.055,-4.0,0.0,1242.0,1.0,0.7492492492492493,0.7152777777777778,0.7322635135135136,0.7334943639291466,0.7334943639291466,0.5362318840579711,0.463768115942029,0.5793880837359099,0.4314090177133656,1242.0,666.0,576.0,0.7925585539117999,0.1880518726271942,0.5602134885564686,0.46698872785829315,0.5162418387450337,0.9045929500668268,666.0,576.0,1242.0,1.0,0.7334943639291466,42.0,100.0,0.08051529790660225,0.033816425120772944,911.0,0.021953896816684963,1.0,0.9090909090909091,10.580000000000002,0.00851851851851852,0.2519047619047619,15.4,-4.82,0.021175523349436395,0.0,0.005825161533392728,0.573268921095008,0.2940640032100372,0.2564102564102564,0.037653746799780785
xgboost,0.06,-4.0,0.0,1242.0,1.0,0.7492492492492493,0.7152777777777778,0.7322635135135136,0.7334943639291466,0.7334943639291466,0.5362318840579711,0.463768115942029,0.5793880837359099,0.4314090177133656,1242.0,666.0,576.0,0.7925585539117999,0.1880518726271942,0.5602134885564686,0.46698872785829315,0.5162418387450337,0.9045929500668268,666.0,576.0,1242.0,1.0,0.7334943639291466,36.0,86.0,0.06924315619967794,0.028985507246376812,911.0,0.019758507135016465,1.0,0.9444444444444444,10.14,0.00816425120772947,0.2816666666666666,14.02,-3.88,0.017560386473429952,0.0,0.005825161533392728,0.573268921095008,0.2926143134998925,0.2647058823529412,0.027908431146951296
xgboost,0.065,-4.0,0.0,1242.0,1.0,0.7492492492492493,0.7152777777777778,0.7322635135135136,0.7334943639291466,0.7334943639291466,0.5362318840579711,0.463768115942029,0.5793880837359099,0.4314090177133656,1242.0,666.0,576.0,0.7925585539117999,0.1880518726271942,0.5602134885564686,0.46698872785829315,0.5162418387450337,0.9045929500668268,666.0,576.0,1242.0,1.0,0.7334943639291466,32.0,75.0,0.06038647342995169,0.02576489533011272,911.0,0.01756311745334797,1.0,0.9375,9.08,0.007310789049919485,0.28375,12.39,-3.31,0.01469404186795491,0.0,0.005825161533392728,0.573268921095008,0.2942380772556289,0.2711864406779661,0.023051636577662793
xgboost,0.07,-4.0,0.0,1242.0,1.0,0.7492492492492493,0.7152777777777778,0.7322635135135136,0.7334943639291466,0.7334943639291466,0.5362318840579711,0.463768115942029,0.5793880837359099,0.4314090177133656,1242.0,666.0,576.0,0.7925585539117999,0.1880518726271942,0.5602134885564686,0.46698872785829315,0.5162418387450337,0.9045929500668268,666.0,576.0,1242.0,1.0,0.7334943639291466,28.0,63.0,0.050724637681159424,0.02254428341384863,911.0,0.014270032930845226,1.0,0.9333333333333333,6.97,0.005611916264090177,0.24892857142857142,10.020000000000001,-3.05,0.012222222222222223,0.0,0.005825161533392728,0.573268921095008,0.3037049813816945,0.2708333333333333,0.03287164804836118
xgboost,0.075,-4.0,0.0,1242.0,1.0,0.7492492492492493,0.7152777777777778,0.7322635135135136,0.7334943639291466,0.7334943639291466,0.5362318840579711,0.463768115942029,0.5793880837359099,0.4314090177133656,1242.0,666.0,576.0,0.7925585539117999,0.1880518726271942,0.5602134885564686,0.46698872785829315,0.5162418387450337,0.9045929500668268,666.0,576.0,1242.0,1.0,0.7334943639291466,23.0,51.0,0.04106280193236715,0.018518518518518517,911.0,0.008781558726673985,1.0,0.9333333333333333,2.7200000000000006,0.0021900161030595816,0.11826086956521738,5.7700000000000005,-3.05,0.009830917874396135,0.0,0.005825161533392728,0.573268921095008,0.31517432174748844,0.2222222222222222,0.09295209952526623
xgboost,0.08,-4.0,0.0,1242.0,1.0,0.7492492492492493,0.7152777777777778,0.7322635135135136,0.7334943639291466,0.7334943639291466,0.5362318840579711,0.463768115942029,0.5793880837359099,0.4314090177133656,1242.0,666.0,576.0,0.7925585539117999,0.1880518726271942,0.5602134885564686,0.46698872785829315,0.5162418387450337,0.9045929500668268,666.0,576.0,1242.0,1.0,0.7334943639291466,18.0,43.0,0.03462157809983897,0.014492753623188406,911.0,0.006586169045005488,1.0,0.9166666666666666,1.77,0.00142512077294686,0.09833333333333334,4.24,-2.47,0.008478260869565218,0.0,0.005825161533392728,0.573268921095008,0.32476452233329894,0.1935483870967742,0.13121613523652476
xgboost,0.085,-4.0,0.0,1242.0,1.0,0.7492492492492493,0.7152777777777778,0.7322635135135136,0.7334943639291466,0.7334943639291466,0.5362318840579711,0.463768115942029,0.5793880837359099,0.4314090177133656,1242.0,666.0,576.0,0.7925585539117999,0.1880518726271942,0.5602134885564686,0.46698872785829315,0.5162418387450337,0.9045929500668268,666.0,576.0,1242.0,1.0,0.7334943639291466,14.0,37.0,0.029790660225442835,0.011272141706924315,911.0,0.005488474204171241,1.0,0.8888888888888888,1.71,0.0013768115942028986,0.12214285714285715,3.5,-1.79,0.007181964573268921,0.0,0.005825161533392728,0.573268921095008,0.32704912817903925,0.17857142857142858,0.14847769960761067
xgboost,0.09,-4.0,0.0,1242.0,1.0,0.7492492492492493,0.7152777777777778,0.7322635135135136,0.7334943639291466,0.7334943639291466,0.5362318840579711,0.463768115942029,0.5793880837359099,0.4314090177133656,1242.0,666.0,576.0,0.7925585539117999,0.1880518726271942,0.5602134885564686,0.46698872785829315,0.5162418387450337,0.9045929500668268,666.0,576.0,1242.0,1.0,0.7334943639291466,14.0,36.0,0.028985507246376812,0.011272141706924315,911.0,0.005488474204171241,1.0,0.8888888888888888,1.71,0.0013768115942028986,0.12214285714285715,3.5,-1.79,0.007053140096618358,0.0,0.005825161533392728,0.573268921095008,0.33145391996260043,0.18518518518518517,0.14626873477741525
xgboost,0.095,-4.0,0.0,1242.0,1.0,0.7492492492492493,0.7152777777777778,0.7322635135135136,0.7334943639291466,0.7334943639291466,0.5362318840579711,0.463768115942029,0.5793880837359099,0.4314090177133656,1242.0,666.0,576.0,0.7925585539117999,0.1880518726271942,0.5602134885564686,0.46698872785829315,0.5162418387450337,0.9045929500668268,666.0,576.0,1242.0,1.0,0.7334943639291466,11.0,32.0,0.02576489533011272,0.008856682769726247,911.0,0.003293084522502744,1.0,0.875,0.74,0.0005958132045088566,0.0672727272727273,2.2199999999999998,-1.48,0.005933977455716586,0.0,0.005825161533392728,0.573268921095008,0.3251230275879304,0.125,0.20012302758793038
xgboost,0.1,-4.0,0.0,1242.0,1.0,0.7492492492492493,0.7152777777777778,0.7322635135135136,0.7334943639291466,0.7334943639291466,0.5362318840579711,0.463768115942029,0.5793880837359099,0.4314090177133656,1242.0,666.0,576.0,0.7925585539117999,0.1880518726271942,0.5602134885564686,0.46698872785829315,0.5162418387450337,0.9045929500668268,666.0,576.0,1242.0,1.0,0.7334943639291466,10.0,28.0,0.02254428341384863,0.008051529790660225,911.0,0.003293084522502744,1.0,0.8571428571428571,0.95,0.0007648953301127214,0.09500000000000004,2.2199999999999998,-1.27,0.005056360708534621,0.0,0.005825161533392728,0.573268921095008,0.3257210247573398,0.14285714285714285,0.18286388190019698
xgboost,0.105,-4.0,0.0,1242.0,1.0,0.7492492492492493,0.7152777777777778,0.7322635135135136,0.7334943639291466,0.7334943639291466,0.5362318840579711,0.463768115942029,0.5793880837359099,0.4314090177133656,1242.0,666.0,576.0,0.7925585539117999,0.1880518726271942,0.5602134885564686,0.46698872785829315,0.5162418387450337,0.9045929500668268,666.0,576.0,1242.0,1.0,0.7334943639291466,8.0,22.0,0.017713365539452495,0.00644122383252818,911.0,0.003293084522502744,1.0,1.0,1.2200000000000002,0.0009822866344605477,0.15250000000000002,2.2199999999999998,-1.0,0.003880837359098229,0.0,0.005825161533392728,0.573268921095008,0.33144816317979026,0.17647058823529413,0.15497757494449613
xgboost,0.11,-4.0,0.0,1242.0,1.0,0.7492492492492493,0.7152777777777778,0.7322635135135136,0.7334943639291466,0.7334943639291466,0.5362318840579711,0.463768115942029,0.5793880837359099,0.4314090177133656,1242.0,666.0,576.0,0.7925585539117999,0.1880518726271942,0.5602134885564686,0.46698872785829315,0.5162418387450337,0.9045929500668268,666.0,576.0,1242.0,1.0,0.7334943639291466,8.0,21.0,0.016908212560386472,0.00644122383252818,911.0,0.003293084522502744,1.0,1.0,1.2200000000000002,0.0009822866344605477,0.15250000000000002,2.2199999999999998,-1.0,0.003711755233494364,0.0,0.005825161533392728,0.573268921095008,0.3309834459796548,0.1875,0.1434834459796548
xgboost,0.115,-4.0,0.0,1242.0,1.0,0.7492492492492493,0.7152777777777778,0.7322635135135136,0.7334943639291466,0.7334943639291466,0.5362318840579711,0.463768115942029,0.5793880837359099,0.4314090177133656,1242.0,666.0,576.0,0.7925585539117999,0.1880518726271942,0.5602134885564686,0.46698872785829315,0.5162418387450337,0.9045929500668268,666.0,576.0,1242.0,1.0,0.7334943639291466,6.0,16.0,0.01288244766505636,0.004830917874396135,911.0,0.003293084522502744,1.0,1.0,1.6400000000000001,0.0013204508856682771,0.2733333333333334,2.2199999999999998,-0.58,0.002785829307568438,0.0,0.005825161533392728,0.573268921095008,0.3364818279559796,0.23076923076923078,0.1057125971867488
xgboost,0.12,-4.0,0.0,1242.0,1.0,0.7492492492492493,0.7152777777777778,0.7322635135135136,0.7334943639291466,0.7334943639291466,0.5362318840579711,0.463768115942029,0.5793880837359099,0.4314090177133656,1242.0,666.0,576.0,0.7925585539117999,0.1880518726271942,0.5602134885564686,0.46698872785829315,0.5162418387450337,0.9045929500668268,666.0,576.0,1242.0,1.0,0.7334943639291466,6.0,12.0,0.00966183574879227,0.004830917874396135,911.0,0.003293084522502744,1.0,1.0,1.6400000000000001,0.0013204508856682771,0.2733333333333334,2.2199999999999998,-0.58,0.002028985507246377,0.0,0.005825161533392728,0.573268921095008,0.3420320550600688,0.3333333333333333,0.00869872172673547
xgboost,0.125,-4.0,0.0,1242.0,1.0,0.7492492492492493,0.7152777777777778,0.7322635135135136,0.7334943639291466,0.7334943639291466,0.5362318840579711,0.463768115942029,0.5793880837359099,0.4314090177133656,1242.0,666.0,576.0,0.7925585539117999,0.1880518726271942,0.5602134885564686,0.46698872785829315,0.5162418387450337,0.9045929500668268,666.0,576.0,1242.0,1.0,0.7334943639291466,4.0,9.0,0.007246376811594203,0.00322061191626409,911.0,0.0021953896816684962,1.0,1.0,1.2599999999999998,0.0010144927536231882,0.315,1.63,-0.37,0.0014412238325281804,0.0,0.005825161533392728,0.573268921095008,0.3516349749905722,0.2857142857142857,0.06592068927628653
xgboost,0.13,-4.0,0.0,1242.0,1.0,0.7492492492492493,0.7152777777777778,0.7322635135135136,0.7334943639291466,0.7334943639291466,0.5362318840579711,0.463768115942029,0.5793880837359099,0.4314090177133656,1242.0,666.0,576.0,0.7925585539117999,0.1880518726271942,0.5602134885564686,0.46698872785829315,0.5162418387450337,0.9045929500668268,666.0,576.0,1242.0,1.0,0.7334943639291466,2.0,6.0,0.004830917874396135,0.001610305958132045,911.0,0.0,1.0,1.0,-0.37,-0.0002979066022544283,-0.185,0.0,-0.37,0.0009742351046698874,0.0,0.005825161533392728,0.573268921095008,0.35578087717294693,0.0,0.35578087717294693
xgboost,0.135,-4.0,0.0,1242.0,1.0,0.7492492492492493,0.7152777777777778,0.7322635135135136,0.7334943639291466,0.7334943639291466,0.5362318840579711,0.463768115942029,0.5793880837359099,0.4314090177133656,1242.0,666.0,576.0,0.7925585539117999,0.1880518726271942,0.5602134885564686,0.46698872785829315,0.5162418387450337,0.9045929500668268,666.0,576.0,1242.0,1.0,0.7334943639291466,2.0,4.0,0.00322061191626409,0.001610305958132045,911.0,0.0,1.0,1.0,-0.37,-0.0002979066022544283,-0.185,0.0,-0.37,0.0005555555555555556,0.0,0.005825161533392728,0.573268921095008,0.3248465657234192,0.0,0.3248465657234192
xgboost,0.14,-4.0,0.0,1242.0,1.0,0.7492492492492493,0.7152777777777778,0.7322635135135136,0.7334943639291466,0.7334943639291466,0.5362318840579711,0.463768115942029,0.5793880837359099,0.4314090177133656,1242.0,666.0,576.0,0.7925585539117999,0.1880518726271942,0.5602134885564686,0.46698872785829315,0.5162418387450337,0.9045929500668268,666.0,576.0,1242.0,1.0,0.7334943639291466,1.0,3.0,0.0024154589371980675,0.0008051529790660225,911.0,0.0,1.0,1.0,-0.21,-0.00016908212560386472,-0.21,0.0,-0.21,0.000426731078904992,0.0,0.005825161533392728,0.573268921095008,0.3248465657234192,0.0,0.3248465657234192
xgboost,0.145,-4.0,0.0,1242.0,1.0,0.7492492492492493,0.7152777777777778,0.7322635135135136,0.7334943639291466,0.7334943639291466,0.5362318840579711,0.463768115942029,0.5793880837359099,0.4314090177133656,1242.0,666.0,576.0,0.7925585539117999,0.1880518726271942,0.5602134885564686,0.46698872785829315,0.5162418387450337,0.9045929500668268,666.0,576.0,1242.0,1.0,0.7334943639291466,1.0,3.0,0.0024154589371980675,0.0008051529790660225,911.0,0.0,1.0,1.0,-0.21,-0.00016908212560386472,-0.21,0.0,-0.21,0.000426731078904992,0.0,0.005825161533392728,0.573268921095008,0.3248465657234192,0.0,0.3248465657234192
xgboost,0.15,-4.0,0.0,1242.0,1.0,0.7492492492492493,0.7152777777777778,0.7322635135135136,0.7334943639291466,0.7334943639291466,0.5362318840579711,0.463768115942029,0.5793880837359099,0.4314090177133656,1242.0,666.0,576.0,0.7925585539117999,0.1880518726271942,0.5602134885564686,0.46698872785829315,0.5162418387450337,0.9045929500668268,666.0,576.0,1242.0,1.0,0.7334943639291466,1.0,3.0,0.0024154589371980675,0.0008051529790660225,911.0,0.0,1.0,1.0,-0.21,-0.00016908212560386472,-0.21,0.0,-0.21,0.000426731078904992,0.0,0.005825161533392728,0.573268921095008,0.3248465657234192,0.0,0.3248465657234192
xgboost,0.155,-4.0,0.0,1242.0,1.0,0.7492492492492493,0.7152777777777778,0.7322635135135136,0.7334943639291466,0.7334943639291466,0.5362318840579711,0.463768115942029,0.5793880837359099,0.4314090177133656,1242.0,666.0,576.0,0.7925585539117999,0.1880518726271942,0.5602134885564686,0.46698872785829315,0.5162418387450337,0.9045929500668268,666.0,576.0,1242.0,1.0,0.7334943639291466,1.0,3.0,0.0024154589371980675,0.0008051529790660225,911.0,0.0,1.0,1.0,-0.21,-0.00016908212560386472,-0.21,0.0,-0.21,0.000426731078904992,0.0,0.005825161533392728,0.573268921095008,0.3248465657234192,0.0,0.3248465657234192
xgboost,0.16,-4.0,0.0,1242.0,1.0,0.7492492492492493,0.7152777777777778,0.7322635135135136,0.7334943639291466,0.7334943639291466,0.5362318840579711,0.463768115942029,0.5793880837359099,0.4314090177133656,1242.0,666.0,576.0,0.7925585539117999,0.1880518726271942,0.5602134885564686,0.46698872785829315,0.5162418387450337,0.9045929500668268,666.0,576.0,1242.0,1.0,0.7334943639291466,1.0,3.0,0.0024154589371980675,0.0008051529790660225,911.0,0.0,1.0,1.0,-0.21,-0.00016908212560386472,-0.21,0.0,-0.21,0.000426731078904992,0.0,0.005825161533392728,0.573268921095008,0.3248465657234192,0.0,0.3248465657234192
xgboost,0.165,-4.0,0.0,1242.0,1.0,0.7492492492492493,0.7152777777777778,0.7322635135135136,0.7334943639291466,0.7334943639291466,0.5362318840579711,0.463768115942029,0.5793880837359099,0.4314090177133656,1242.0,666.0,576.0,0.7925585539117999,0.1880518726271942,0.5602134885564686,0.46698872785829315,0.5162418387450337,0.9045929500668268,666.0,576.0,1242.0,1.0,0.7334943639291466,1.0,1.0,0.0008051529790660225,0.0008051529790660225,911.0,0.0,1.0,1.0,-0.21,-0.00016908212560386472,-0.21,0.0,-0.21,0.00016908212560386472,0.0,0.005825161533392728,0.573268921095008,,,
xgboost,0.17,-4.0,0.0,1242.0,1.0,0.7492492492492493,0.7152777777777778,0.7322635135135136,0.7334943639291466,0.7334943639291466,0.5362318840579711,0.463768115942029,0.5793880837359099,0.4314090177133656,1242.0,666.0,576.0,0.7925585539117999,0.1880518726271942,0.5602134885564686,0.46698872785829315,0.5162418387450337,0.9045929500668268,666.0,576.0,1242.0,1.0,0.7334943639291466,1.0,1.0,0.0008051529790660225,0.0008051529790660225,911.0,0.0,1.0,1.0,-0.21,-0.00016908212560386472,-0.21,0.0,-0.21,0.00016908212560386472,0.0,0.005825161533392728,0.573268921095008,,,
xgboost,0.175,-4.0,0.0,1242.0,1.0,0.7492492492492493,0.7152777777777778,0.7322635135135136,0.7334943639291466,0.7334943639291466,0.5362318840579711,0.463768115942029,0.5793880837359099,0.4314090177133656,1242.0,666.0,576.0,0.7925585539117999,0.1880518726271942,0.5602134885564686,0.46698872785829315,0.5162418387450337,0.9045929500668268,666.0,576.0,1242.0,1.0,0.7334943639291466,1.0,1.0,0.0008051529790660225,0.0008051529790660225,911.0,0.0,1.0,1.0,-0.21,-0.00016908212560386472,-0.21,0.0,-0.21,0.00016908212560386472,0.0,0.005825161533392728,0.573268921095008,,,
xgboost,0.18,-4.0,0.0,1242.0,1.0,0.7492492492492493,0.7152777777777778,0.7322635135135136,0.7334943639291466,0.7334943639291466,0.5362318840579711,0.463768115942029,0.5793880837359099,0.4314090177133656,1242.0,666.0,576.0,0.7925585539117999,0.1880518726271942,0.5602134885564686,0.46698872785829315,0.5162418387450337,0.9045929500668268,666.0,576.0,1242.0,1.0,0.7334943639291466,1.0,1.0,0.0008051529790660225,0.0008051529790660225,911.0,0.0,1.0,1.0,-0.21,-0.00016908212560386472,-0.21,0.0,-0.21,0.00016908212560386472,0.0,0.005825161533392728,0.573268921095008,,,
xgboost,0.185,-4.0,0.0,1242.0,1.0,0.7492492492492493,0.7152777777777778,0.7322635135135136,0.7334943639291466,0.7334943639291466,0.5362318840579711,0.463768115942029,0.5793880837359099,0.4314090177133656,1242.0,666.0,576.0,0.7925585539117999,0.1880518726271942,0.5602134885564686,0.46698872785829315,0.5162418387450337,0.9045929500668268,666.0,576.0,1242.0,1.0,0.7334943639291466,1.0,1.0,0.0008051529790660225,0.0008051529790660225,911.0,0.0,1.0,1.0,-0.21,-0.00016908212560386472,-0.21,0.0,-0.21,0.00016908212560386472,0.0,0.005825161533392728,0.573268921095008,,,
xgboost,0.19,-4.0,0.0,1242.0,1.0,0.7492492492492493,0.7152777777777778,0.7322635135135136,0.7334943639291466,0.7334943639291466,0.5362318840579711,0.463768115942029,0.5793880837359099,0.4314090177133656,1242.0,666.0,576.0,0.7925585539117999,0.1880518726271942,0.5602134885564686,0.46698872785829315,0.5162418387450337,0.9045929500668268,666.0,576.0,1242.0,1.0,0.7334943639291466,1.0,1.0,0.0008051529790660225,0.0008051529790660225,911.0,0.0,1.0,1.0,-0.21,-0.00016908212560386472,-0.21,0.0,-0.21,0.00016908212560386472,0.0,0.005825161533392728,0.573268921095008,,,
xgboost,0.195,-4.0,0.0,1242.0,1.0,0.7492492492492493,0.7152777777777778,0.7322635135135136,0.7334943639291466,0.7334943639291466,0.5362318840579711,0.463768115942029,0.5793880837359099,0.4314090177133656,1242.0,666.0,576.0,0.7925585539117999,0.1880518726271942,0.5602134885564686,0.46698872785829315,0.5162418387450337,0.9045929500668268,666.0,576.0,1242.0,1.0,0.7334943639291466,1.0,1.0,0.0008051529790660225,0.0008051529790660225,911.0,0.0,1.0,1.0,-0.21,-0.00016908212560386472,-0.21,0.0,-0.21,0.00016908212560386472,0.0,0.005825161533392728,0.573268921095008,,,
xgboost,0.2,-4.0,0.0,1242.0,1.0,0.7492492492492493,0.7152777777777778,0.7322635135135136,0.7334943639291466,0.7334943639291466,0.5362318840579711,0.463768115942029,0.5793880837359099,0.4314090177133656,1242.0,666.0,576.0,0.7925585539117999,0.1880518726271942,0.5602134885564686,0.46698872785829315,0.5162418387450337,0.9045929500668268,666.0,576.0,1242.0,1.0,0.7334943639291466,0.0,0.0,0.0,0.0,911.0,0.0,,,0.0,0.0,,0.0,0.0,0.0,0.0,0.005825161533392728,0.573268921095008,,,
xgboost,-0.25,-3.0,0.0,1242.0,1.0,0.7492492492492493,0.7152777777777778,0.7322635135135136,0.7334943639291466,0.7334943639291466,0.5362318840579711,0.463768115942029,0.5793880837359099,0.4314090177133656,1242.0,666.0,576.0,0.7925585539117999,0.1880518726271942,0.5602134885564686,0.46698872785829315,0.5162418387450337,0.9045929500668268,666.0,576.0,1242.0,1.0,0.7334943639291466,525.0,1242.0,1.0,0.4227053140096618,911.0,0.21295279912184412,1.0,0.7371601208459214,37.949999999999996,0.03055555555555555,0.07228571428571429,107.11,-69.16,0.3206682769726248,0.41,0.01400440767680084,0.47906602254428343,0.23373688416377641,0.21295279912184412,0.0207840850419323
xgboost,-0.245,-3.0,0.0,1242.0,1.0,0.7492492492492493,0.7152777777777778,0.7322635135135136,0.7334943639291466,0.7334943639291466,0.5362318840579711,0.463768115942029,0.5793880837359099,0.4314090177133656,1242.0,666.0,576.0,0.7925585539117999,0.1880518726271942,0.5602134885564686,0.46698872785829315,0.5162418387450337,0.9045929500668268,666.0,576.0,1242.0,1.0,0.7334943639291466,525.0,1242.0,1.0,0.4227053140096618,911.0,0.21295279912184412,1.0,0.7371601208459214,37.949999999999996,0.03055555555555555,0.07228571428571429,107.11,-69.16,0.3206682769726248,0.41,0.01400440767680084,0.47906602254428343,0.23373688416377641,0.21295279912184412,0.0207840850419323
xgboost,-0.24,-3.0,0.0,1242.0,1.0,0.7492492492492493,0.7152777777777778,0.7322635135135136,0.7334943639291466,0.7334943639291466,0.5362318840579711,0.463768115942029,0.5793880837359099,0.4314090177133656,1242.0,666.0,576.0,0.7925585539117999,0.1880518726271942,0.5602134885564686,0.46698872785829315,0.5162418387450337,0.9045929500668268,666.0,576.0,1242.0,1.0,0.7334943639291466,525.0,1242.0,1.0,0.4227053140096618,911.0,0.21295279912184412,1.0,0.7371601208459214,37.949999999999996,0.03055555555555555,0.07228571428571429,107.11,-69.16,0.3206682769726248,0.41,0.01400440767680084,0.47906602254428343,0.23373688416377641,0.21295279912184412,0.0207840850419323
xgboost,-0.235,-3.0,0.0,1242.0,1.0,0.7492492492492493,0.7152777777777778,0.7322635135135136,0.7334943639291466,0.7334943639291466,0.5362318840579711,0.463768115942029,0.5793880837359099,0.4314090177133656,1242.0,666.0,576.0,0.7925585539117999,0.1880518726271942,0.5602134885564686,0.46698872785829315,0.5162418387450337,0.9045929500668268,666.0,576.0,1242.0,1.0,0.7334943639291466,525.0,1242.0,1.0,0.4227053140096618,911.0,0.21295279912184412,1.0,0.7371601208459214,37.949999999999996,0.03055555555555555,0.07228571428571429,107.11,-69.16,0.3206682769726248,0.41,0.01400440767680084,0.47906602254428343,0.23373688416377641,0.21295279912184412,0.0207840850419323
xgboost,-0.23,-3.0,0.0,1242.0,1.0,0.7492492492492493,0.7152777777777778,0.7322635135135136,0.7334943639291466,0.7334943639291466,0.5362318840579711,0.463768115942029,0.5793880837359099,0.4314090177133656,1242.0,666.0,576.0,0.7925585539117999,0.1880518726271942,0.5602134885564686,0.46698872785829315,0.5162418387450337,0.9045929500668268,666.0,576.0,1242.0,1.0,0.7334943639291466,525.0,1242.0,1.0,0.4227053140096618,911.0,0.21295279912184412,1.0,0.7371601208459214,37.949999999999996,0.03055555555555555,0.07228571428571429,107.11,-69.16,0.3206682769726248,0.41,0.01400440767680084,0.47906602254428343,0.23373688416377641,0.21295279912184412,0.0207840850419323
xgboost,-0.225,-3.0,0.0,1242.0,1.0,0.7492492492492493,0.7152777777777778,0.7322635135135136,0.7334943639291466,0.7334943639291466,0.5362318840579711,0.463768115942029,0.5793880837359099,0.4314090177133656,1242.0,666.0,576.0,0.7925585539117999,0.1880518726271942,0.5602134885564686,0.46698872785829315,0.5162418387450337,0.9045929500668268,666.0,576.0,1242.0,1.0,0.7334943639291466,525.0,1242.0,1.0,0.4227053140096618,911.0,0.21295279912184412,1.0,0.7371601208459214,37.949999999999996,0.03055555555555555,0.07228571428571429,107.11,-69.16,0.3206682769726248,0.41,0.01400440767680084,0.47906602254428343,0.23373688416377641,0.21295279912184412,0.0207840850419323
xgboost,-0.22,-3.0,0.0,1242.0,1.0,0.7492492492492493,0.7152777777777778,0.7322635135135136,0.7334943639291466,0.7334943639291466,0.5362318840579711,0.463768115942029,0.5793880837359099,0.4314090177133656,1242.0,666.0,576.0,0.7925585539117999,0.1880518726271942,0.5602134885564686,0.46698872785829315,0.5162418387450337,0.9045929500668268,666.0,576.0,1242.0,1.0,0.7334943639291466,525.0,1242.0,1.0,0.4227053140096618,911.0,0.21295279912184412,1.0,0.7371601208459214,37.949999999999996,0.03055555555555555,0.07228571428571429,107.11,-69.16,0.3206682769726248,0.41,0.01400440767680084,0.47906602254428343,0.23373688416377641,0.21295279912184412,0.0207840850419323
xgboost,-0.215,-3.0,0.0,1242.0,1.0,0.7492492492492493,0.7152777777777778,0.7322635135135136,0.7334943639291466,0.7334943639291466,0.5362318840579711,0.463768115942029,0.5793880837359099,0.4314090177133656,1242.0,666.0,576.0,0.7925585539117999,0.1880518726271942,0.5602134885564686,0.46698872785829315,0.5162418387450337,0.9045929500668268,666.0,576.0,1242.0,1.0,0.7334943639291466,525.0,1242.0,1.0,0.4227053140096618,911.0,0.21295279912184412,1.0,0.7371601208459214,37.949999999999996,0.03055555555555555,0.07228571428571429,107.11,-69.16,0.3206682769726248,0.41,0.01400440767680084,0.47906602254428343,0.23373688416377641,0.21295279912184412,0.0207840850419323
xgboost,-0.21,-3.0,0.0,1242.0,1.0,0.7492492492492493,0.7152777777777778,0.7322635135135136,0.7334943639291466,0.7334943639291466,0.5362318840579711,0.463768115942029,0.5793880837359099,0.4314090177133656,1242.0,666.0,576.0,0.7925585539117999,0.1880518726271942,0.5602134885564686,0.46698872785829315,0.5162418387450337,0.9045929500668268,666.0,576.0,1242.0,1.0,0.7334943639291466,525.0,1242.0,1.0,0.4227053140096618,911.0,0.21295279912184412,1.0,0.7371601208459214,37.949999999999996,0.03055555555555555,0.07228571428571429,107.11,-69.16,0.3206682769726248,0.41,0.01400440767680084,0.47906602254428343,0.23373688416377641,0.21295279912184412,0.0207840850419323
xgboost,-0.205,-3.0,0.0,1242.0,1.0,0.7492492492492493,0.7152777777777778,0.7322635135135136,0.7334943639291466,0.7334943639291466,0.5362318840579711,0.463768115942029,0.5793880837359099,0.4314090177133656,1242.0,666.0,576.0,0.7925585539117999,0.1880518726271942,0.5602134885564686,0.46698872785829315,0.5162418387450337,0.9045929500668268,666.0,576.0,1242.0,1.0,0.7334943639291466,525.0,1242.0,1.0,0.4227053140096618,911.0,0.21295279912184412,1.0,0.7371601208459214,37.949999999999996,0.03055555555555555,0.07228571428571429,107.11,-69.16,0.3206682769726248,0.41,0.01400440767680084,0.47906602254428343,0.23373688416377641,0.21295279912184412,0.0207840850419323
xgboost,-0.2,-3.0,0.0,1242.0,1.0,0.7492492492492493,0.7152777777777778,0.7322635135135136,0.7334943639291466,0.7334943639291466,0.5362318840579711,0.463768115942029,0.5793880837359099,0.4314090177133656,1242.0,666.0,576.0,0.7925585539117999,0.1880518726271942,0.5602134885564686,0.46698872785829315,0.5162418387450337,0.9045929500668268,666.0,576.0,1242.0,1.0,0.7334943639291466,525.0,1242.0,1.0,0.4227053140096618,911.0,0.21295279912184412,1.0,0.7371601208459214,37.949999999999996,0.03055555555555555,0.07228571428571429,107.11,-69.16,0.3206682769726248,0.41,0.01400440767680084,0.47906602254428343,0.23373688416377641,0.21295279912184412,0.0207840850419323
xgboost,-0.195,-3.0,0.0,1242.0,1.0,0.7492492492492493,0.7152777777777778,0.7322635135135136,0.7334943639291466,0.7334943639291466,0.5362318840579711,0.463768115942029,0.5793880837359099,0.4314090177133656,1242.0,666.0,576.0,0.7925585539117999,0.1880518726271942,0.5602134885564686,0.46698872785829315,0.5162418387450337,0.9045929500668268,666.0,576.0,1242.0,1.0,0.7334943639291466,525.0,1242.0,1.0,0.4227053140096618,911.0,0.21295279912184412,1.0,0.7371601208459214,37.949999999999996,0.03055555555555555,0.07228571428571429,107.11,-69.16,0.3206682769726248,0.41,0.01400440767680084,0.47906602254428343,0.23373688416377641,0.21295279912184412,0.0207840850419323
xgboost,-0.19,-3.0,0.0,1242.0,1.0,0.7492492492492493,0.7152777777777778,0.7322635135135136,0.7334943639291466,0.7334943639291466,0.5362318840579711,0.463768115942029,0.5793880837359099,0.4314090177133656,1242.0,666.0,576.0,0.7925585539117999,0.1880518726271942,0.5602134885564686,0.46698872785829315,0.5162418387450337,0.9045929500668268,666.0,576.0,1242.0,1.0,0.7334943639291466,525.0,1242.0,1.0,0.4227053140096618,911.0,0.21295279912184412,1.0,0.7371601208459214,37.949999999999996,0.03055555555555555,0.07228571428571429,107.11,-69.16,0.3206682769726248,0.41,0.01400440767680084,0.47906602254428343,0.23373688416377641,0.21295279912184412,0.0207840850419323
xgboost,-0.185,-3.0,0.0,1242.0,1.0,0.7492492492492493,0.7152777777777778,0.7322635135135136,0.7334943639291466,0.7334943639291466,0.5362318840579711,0.463768115942029,0.5793880837359099,0.4314090177133656,1242.0,666.0,576.0,0.7925585539117999,0.1880518726271942,0.5602134885564686,0.46698872785829315,0.5162418387450337,0.9045929500668268,666.0,576.0,1242.0,1.0,0.7334943639291466,525.0,1242.0,1.0,0.4227053140096618,911.0,0.21295279912184412,1.0,0.7371601208459214,37.949999999999996,0.03055555555555555,0.07228571428571429,107.11,-69.16,0.3206682769726248,0.41,0.01400440767680084,0.47906602254428343,0.23373688416377641,0.21295279912184412,0.0207840850419323
xgboost,-0.18,-3.0,0.0,1242.0,1.0,0.7492492492492493,0.7152777777777778,0.7322635135135136,0.7334943639291466,0.7334943639291466,0.5362318840579711,0.463768115942029,0.5793880837359099,0.4314090177133656,1242.0,666.0,576.0,0.7925585539117999,0.1880518726271942,0.5602134885564686,0.46698872785829315,0.5162418387450337,0.9045929500668268,666.0,576.0,1242.0,1.0,0.7334943639291466,525.0,1242.0,1.0,0.4227053140096618,911.0,0.21295279912184412,1.0,0.7371601208459214,37.949999999999996,0.03055555555555555,0.07228571428571429,107.11,-69.16,0.3206682769726248,0.41,0.01400440767680084,0.47906602254428343,0.23373688416377641,0.21295279912184412,0.0207840850419323
xgboost,-0.175,-3.0,0.0,1242.0,1.0,0.7492492492492493,0.7152777777777778,0.7322635135135136,0.7334943639291466,0.7334943639291466,0.5362318840579711,0.463768115942029,0.5793880837359099,0.4314090177133656,1242.0,666.0,576.0,0.7925585539117999,0.1880518726271942,0.5602134885564686,0.46698872785829315,0.5162418387450337,0.9045929500668268,666.0,576.0,1242.0,1.0,0.7334943639291466,525.0,1242.0,1.0,0.4227053140096618,911.0,0.21295279912184412,1.0,0.7371601208459214,37.949999999999996,0.03055555555555555,0.07228571428571429,107.11,-69.16,0.3206682769726248,0.41,0.01400440767680084,0.47906602254428343,0.23373688416377641,0.21295279912184412,0.0207840850419323
xgboost,-0.17,-3.0,0.0,1242.0,1.0,0.7492492492492493,0.7152777777777778,0.7322635135135136,0.7334943639291466,0.7334943639291466,0.5362318840579711,0.463768115942029,0.5793880837359099,0.4314090177133656,1242.0,666.0,576.0,0.7925585539117999,0.1880518726271942,0.5602134885564686,0.46698872785829315,0.5162418387450337,0.9045929500668268,666.0,576.0,1242.0,1.0,0.7334943639291466,525.0,1242.0,1.0,0.4227053140096618,911.0,0.21295279912184412,1.0,0.7371601208459214,37.949999999999996,0.03055555555555555,0.07228571428571429,107.11,-69.16,0.3206682769726248,0.41,0.01400440767680084,0.47906602254428343,0.23373688416377641,0.21295279912184412,0.0207840850419323
xgboost,-0.165,-3.0,0.0,1242.0,1.0,0.7492492492492493,0.7152777777777778,0.7322635135135136,0.7334943639291466,0.7334943639291466,0.5362318840579711,0.463768115942029,0.5793880837359099,0.4314090177133656,1242.0,666.0,576.0,0.7925585539117999,0.1880518726271942,0.5602134885564686,0.46698872785829315,0.5162418387450337,0.9045929500668268,666.0,576.0,1242.0,1.0,0.7334943639291466,525.0,1242.0,1.0,0.4227053140096618,911.0,0.21295279912184412,1.0,0.7371601208459214,37.949999999999996,0.03055555555555555,0.07228571428571429,107.11,-69.16,0.3206682769726248,0.41,0.01400440767680084,0.47906602254428343,0.23373688416377641,0.21295279912184412,0.0207840850419323
xgboost,-0.16,-3.0,0.0,1242.0,1.0,0.7492492492492493,0.7152777777777778,0.7322635135135136,0.7334943639291466,0.7334943639291466,0.5362318840579711,0.463768115942029,0.5793880837359099,0.4314090177133656,1242.0,666.0,576.0,0.7925585539117999,0.1880518726271942,0.5602134885564686,0.46698872785829315,0.5162418387450337,0.9045929500668268,666.0,576.0,1242.0,1.0,0.7334943639291466,525.0,1242.0,1.0,0.4227053140096618,911.0,0.21295279912184412,1.0,0.7371601208459214,37.949999999999996,0.03055555555555555,0.07228571428571429,107.11,-69.16,0.3206682769726248,0.41,0.01400440767680084,0.47906602254428343,0.23373688416377641,0.21295279912184412,0.0207840850419323
xgboost,-0.155,-3.0,0.0,1242.0,1.0,0.7492492492492493,0.7152777777777778,0.7322635135135136,0.7334943639291466,0.7334943639291466,0.5362318840579711,0.463768115942029,0.5793880837359099,0.4314090177133656,1242.0,666.0,576.0,0.7925585539117999,0.1880518726271942,0.5602134885564686,0.46698872785829315,0.5162418387450337,0.9045929500668268,666.0,576.0,1242.0,1.0,0.7334943639291466,525.0,1242.0,1.0,0.4227053140096618,911.0,0.21295279912184412,1.0,0.7371601208459214,37.949999999999996,0.03055555555555555,0.07228571428571429,107.11,-69.16,0.3206682769726248,0.41,0.01400440767680084,0.47906602254428343,0.23373688416377641,0.21295279912184412,0.0207840850419323
xgboost,-0.15,-3.0,0.0,1242.0,1.0,0.7492492492492493,0.7152777777777778,0.7322635135135136,0.7334943639291466,0.7334943639291466,0.5362318840579711,0.463768115942029,0.5793880837359099,0.4314090177133656,1242.0,666.0,576.0,0.7925585539117999,0.1880518726271942,0.5602134885564686,0.46698872785829315,0.5162418387450337,0.9045929500668268,666.0,576.0,1242.0,1.0,0.7334943639291466,525.0,1242.0,1.0,0.4227053140096618,911.0,0.21295279912184412,1.0,0.7371601208459214,37.949999999999996,0.03055555555555555,0.07228571428571429,107.11,-69.16,0.3206682769726248,0.41,0.01400440767680084,0.47906602254428343,0.23373688416377641,0.21295279912184412,0.0207840850419323
xgboost,-0.145,-3.0,0.0,1242.0,1.0,0.7492492492492493,0.7152777777777778,0.7322635135135136,0.7334943639291466,0.7334943639291466,0.5362318840579711,0.463768115942029,0.5793880837359099,0.4314090177133656,1242.0,666.0,576.0,0.7925585539117999,0.1880518726271942,0.5602134885564686,0.46698872785829315,0.5162418387450337,0.9045929500668268,666.0,576.0,1242.0,1.0,0.7334943639291466,525.0,1242.0,1.0,0.4227053140096618,911.0,0.21295279912184412,1.0,0.7371601208459214,37.949999999999996,0.03055555555555555,0.07228571428571429,107.11,-69.16,0.3206682769726248,0.41,0.01400440767680084,0.47906602254428343,0.23373688416377641,0.21295279912184412,0.0207840850419323
xgboost,-0.14,-3.0,0.0,1242.0,1.0,0.7492492492492493,0.7152777777777778,0.7322635135135136,0.7334943639291466,0.7334943639291466,0.5362318840579711,0.463768115942029,0.5793880837359099,0.4314090177133656,1242.0,666.0,576.0,0.7925585539117999,0.1880518726271942,0.5602134885564686,0.46698872785829315,0.5162418387450337,0.9045929500668268,666.0,576.0,1242.0,1.0,0.7334943639291466,525.0,1242.0,1.0,0.4227053140096618,911.0,0.21295279912184412,1.0,0.7371601208459214,37.949999999999996,0.03055555555555555,0.07228571428571429,107.11,-69.16,0.3206682769726248,0.41,0.01400440767680084,0.47906602254428343,0.23373688416377641,0.21295279912184412,0.0207840850419323
xgboost,-0.135,-3.0,0.0,1242.0,1.0,0.7492492492492493,0.7152777777777778,0.7322635135135136,0.7334943639291466,0.7334943639291466,0.5362318840579711,0.463768115942029,0.5793880837359099,0.4314090177133656,1242.0,666.0,576.0,0.7925585539117999,0.1880518726271942,0.5602134885564686,0.46698872785829315,0.5162418387450337,0.9045929500668268,666.0,576.0,1242.0,1.0,0.7334943639291466,525.0,1242.0,1.0,0.4227053140096618,911.0,0.21295279912184412,1.0,0.7371601208459214,37.949999999999996,0.03055555555555555,0.07228571428571429,107.11,-69.16,0.3206682769726248,0.41,0.01400440767680084,0.47906602254428343,0.23373688416377641,0.21295279912184412,0.0207840850419323
xgboost,-0.13,-3.0,0.0,1242.0,1.0,0.7492492492492493,0.7152777777777778,0.7322635135135136,0.7334943639291466,0.7334943639291466,0.5362318840579711,0.463768115942029,0.5793880837359099,0.4314090177133656,1242.0,666.0,576.0,0.7925585539117999,0.1880518726271942,0.5602134885564686,0.46698872785829315,0.5162418387450337,0.9045929500668268,666.0,576.0,1242.0,1.0,0.7334943639291466,525.0,1242.0,1.0,0.4227053140096618,911.0,0.21295279912184412,1.0,0.7371601208459214,37.949999999999996,0.03055555555555555,0.07228571428571429,107.11,-69.16,0.3206682769726248,0.41,0.01400440767680084,0.47906602254428343,0.23373688416377641,0.21295279912184412,0.0207840850419323
xgboost,-0.125,-3.0,0.0,1242.0,1.0,0.7492492492492493,0.7152777777777778,0.7322635135135136,0.7334943639291466,0.7334943639291466,0.5362318840579711,0.463768115942029,0.5793880837359099,0.4314090177133656,1242.0,666.0,576.0,0.7925585539117999,0.1880518726271942,0.5602134885564686,0.46698872785829315,0.5162418387450337,0.9045929500668268,666.0,576.0,1242.0,1.0,0.7334943639291466,525.0,1242.0,1.0,0.4227053140096618,911.0,0.21295279912184412,1.0,0.7371601208459214,37.949999999999996,0.03055555555555555,0.07228571428571429,107.11,-69.16,0.3206682769726248,0.41,0.01400440767680084,0.47906602254428343,0.23373688416377641,0.21295279912184412,0.0207840850419323
xgboost,-0.12,-3.0,0.0,1242.0,1.0,0.7492492492492493,0.7152777777777778,0.7322635135135136,0.7334943639291466,0.7334943639291466,0.5362318840579711,0.463768115942029,0.5793880837359099,0.4314090177133656,1242.0,666.0,576.0,0.7925585539117999,0.1880518726271942,0.5602134885564686,0.46698872785829315,0.5162418387450337,0.9045929500668268,666.0,576.0,1242.0,1.0,0.7334943639291466,525.0,1242.0,1.0,0.4227053140096618,911.0,0.21295279912184412,1.0,0.7371601208459214,37.949999999999996,0.03055555555555555,0.07228571428571429,107.11,-69.16,0.3206682769726248,0.41,0.01400440767680084,0.47906602254428343,0.23373688416377641,0.21295279912184412,0.0207840850419323
xgboost,-0.115,-3.0,0.0,1242.0,1.0,0.7492492492492493,0.7152777777777778,0.7322635135135136,0.7334943639291466,0.7334943639291466,0.5362318840579711,0.463768115942029,0.5793880837359099,0.4314090177133656,1242.0,666.0,576.0,0.7925585539117999,0.1880518726271942,0.5602134885564686,0.46698872785829315,0.5162418387450337,0.9045929500668268,666.0,576.0,1242.0,1.0,0.7334943639291466,525.0,1242.0,1.0,0.4227053140096618,911.0,0.21295279912184412,1.0,0.7371601208459214,37.949999999999996,0.03055555555555555,0.07228571428571429,107.11,-69.16,0.3206682769726248,0.41,0.01400440767680084,0.47906602254428343,0.23373688416377641,0.21295279912184412,0.0207840850419323
xgboost,-0.11,-3.0,0.0,1242.0,1.0,0.7492492492492493,0.7152777777777778,0.7322635135135136,0.7334943639291466,0.7334943639291466,0.5362318840579711,0.463768115942029,0.5793880837359099,0.4314090177133656,1242.0,666.0,576.0,0.7925585539117999,0.1880518726271942,0.5602134885564686,0.46698872785829315,0.5162418387450337,0.9045929500668268,666.0,576.0,1242.0,1.0,0.7334943639291466,525.0,1242.0,1.0,0.4227053140096618,911.0,0.21295279912184412,1.0,0.7371601208459214,37.949999999999996,0.03055555555555555,0.07228571428571429,107.11,-69.16,0.3206682769726248,0.41,0.01400440767680084,0.47906602254428343,0.23373688416377641,0.21295279912184412,0.0207840850419323
xgboost,-0.105,-3.0,0.0,1242.0,1.0,0.7492492492492493,0.7152777777777778,0.7322635135135136,0.7334943639291466,0.7334943639291466,0.5362318840579711,0.463768115942029,0.5793880837359099,0.4314090177133656,1242.0,666.0,576.0,0.7925585539117999,0.1880518726271942,0.5602134885564686,0.46698872785829315,0.5162418387450337,0.9045929500668268,666.0,576.0,1242.0,1.0,0.7334943639291466,525.0,1242.0,1.0,0.4227053140096618,911.0,0.21295279912184412,1.0,0.7371601208459214,37.949999999999996,0.03055555555555555,0.07228571428571429,107.11,-69.16,0.3206682769726248,0.41,0.01400440767680084,0.47906602254428343,0.23373688416377641,0.21295279912184412,0.0207840850419323
xgboost,-0.1,-3.0,0.0,1242.0,1.0,0.7492492492492493,0.7152777777777778,0.7322635135135136,0.7334943639291466,0.7334943639291466,0.5362318840579711,0.463768115942029,0.5793880837359099,0.4314090177133656,1242.0,666.0,576.0,0.7925585539117999,0.1880518726271942,0.5602134885564686,0.46698872785829315,0.5162418387450337,0.9045929500668268,666.0,576.0,1242.0,1.0,0.7334943639291466,525.0,1241.0,0.999194847020934,0.4227053140096618,911.0,0.21295279912184412,1.0,0.7371601208459214,37.949999999999996,0.03055555555555555,0.07228571428571429,107.11,-69.16,0.3202979066022544,0.41,0.01400440767680084,0.47906602254428343,0.2338367641872757,0.21318681318681318,0.02064995100046252
xgboost,-0.095,-3.0,0.0,1242.0,1.0,0.7492492492492493,0.7152777777777778,0.7322635135135136,0.7334943639291466,0.7334943639291466,0.5362318840579711,0.463768115942029,0.5793880837359099,0.4314090177133656,1242.0,666.0,576.0,0.7925585539117999,0.1880518726271942,0.5602134885564686,0.46698872785829315,0.5162418387450337,0.9045929500668268,666.0,576.0,1242.0,1.0,0.7334943639291466,525.0,1241.0,0.999194847020934,0.4227053140096618,911.0,0.21295279912184412,1.0,0.7371601208459214,37.949999999999996,0.03055555555555555,0.07228571428571429,107.11,-69.16,0.3202979066022544,0.41,0.01400440767680084,0.47906602254428343,0.2338367641872757,0.21318681318681318,0.02064995100046252
xgboost,-0.09,-3.0,0.0,1242.0,1.0,0.7492492492492493,0.7152777777777778,0.7322635135135136,0.7334943639291466,0.7334943639291466,0.5362318840579711,0.463768115942029,0.5793880837359099,0.4314090177133656,1242.0,666.0,576.0,0.7925585539117999,0.1880518726271942,0.5602134885564686,0.46698872785829315,0.5162418387450337,0.9045929500668268,666.0,576.0,1242.0,1.0,0.7334943639291466,525.0,1241.0,0.999194847020934,0.4227053140096618,911.0,0.21295279912184412,1.0,0.7371601208459214,37.949999999999996,0.03055555555555555,0.07228571428571429,107.11,-69.16,0.3202979066022544,0.41,0.01400440767680084,0.47906602254428343,0.2338367641872757,0.21318681318681318,0.02064995100046252
xgboost,-0.085,-3.0,0.0,1242.0,1.0,0.7492492492492493,0.7152777777777778,0.7322635135135136,0.7334943639291466,0.7334943639291466,0.5362318840579711,0.463768115942029,0.5793880837359099,0.4314090177133656,1242.0,666.0,576.0,0.7925585539117999,0.1880518726271942,0.5602134885564686,0.46698872785829315,0.5162418387450337,0.9045929500668268,666.0,576.0,1242.0,1.0,0.7334943639291466,525.0,1241.0,0.999194847020934,0.4227053140096618,911.0,0.21295279912184412,1.0,0.7371601208459214,37.949999999999996,0.03055555555555555,0.07228571428571429,107.11,-69.16,0.3202979066022544,0.41,0.01400440767680084,0.47906602254428343,0.2338367641872757,0.21318681318681318,0.02064995100046252
xgboost,-0.08,-3.0,0.0,1242.0,1.0,0.7492492492492493,0.7152777777777778,0.7322635135135136,0.7334943639291466,0.7334943639291466,0.5362318840579711,0.463768115942029,0.5793880837359099,0.4314090177133656,1242.0,666.0,576.0,0.7925585539117999,0.1880518726271942,0.5602134885564686,0.46698872785829315,0.5162418387450337,0.9045929500668268,666.0,576.0,1242.0,1.0,0.7334943639291466,525.0,1241.0,0.999194847020934,0.4227053140096618,911.0,0.21295279912184412,1.0,0.7371601208459214,37.949999999999996,0.03055555555555555,0.07228571428571429,107.11,-69.16,0.3202979066022544,0.41,0.01400440767680084,0.47906602254428343,0.2338367641872757,0.21318681318681318,0.02064995100046252
xgboost,-0.075,-3.0,0.0,1242.0,1.0,0.7492492492492493,0.7152777777777778,0.7322635135135136,0.7334943639291466,0.7334943639291466,0.5362318840579711,0.463768115942029,0.5793880837359099,0.4314090177133656,1242.0,666.0,576.0,0.7925585539117999,0.1880518726271942,0.5602134885564686,0.46698872785829315,0.5162418387450337,0.9045929500668268,666.0,576.0,1242.0,1.0,0.7334943639291466,525.0,1241.0,0.999194847020934,0.4227053140096618,911.0,0.21295279912184412,1.0,0.7371601208459214,37.949999999999996,0.03055555555555555,0.07228571428571429,107.11,-69.16,0.3202979066022544,0.41,0.01400440767680084,0.47906602254428343,0.2338367641872757,0.21318681318681318,0.02064995100046252
xgboost,-0.07,-3.0,0.0,1242.0,1.0,0.7492492492492493,0.7152777777777778,0.7322635135135136,0.7334943639291466,0.7334943639291466,0.5362318840579711,0.463768115942029,0.5793880837359099,0.4314090177133656,1242.0,666.0,576.0,0.7925585539117999,0.1880518726271942,0.5602134885564686,0.46698872785829315,0.5162418387450337,0.9045929500668268,666.0,576.0,1242.0,1.0,0.7334943639291466,525.0,1241.0,0.999194847020934,0.4227053140096618,911.0,0.21295279912184412,1.0,0.7371601208459214,37.949999999999996,0.03055555555555555,0.07228571428571429,107.11,-69.16,0.3202979066022544,0.41,0.01400440767680084,0.47906602254428343,0.2338367641872757,0.21318681318681318,0.02064995100046252
xgboost,-0.065,-3.0,0.0,1242.0,1.0,0.7492492492492493,0.7152777777777778,0.7322635135135136,0.7334943639291466,0.7334943639291466,0.5362318840579711,0.463768115942029,0.5793880837359099,0.4314090177133656,1242.0,666.0,576.0,0.7925585539117999,0.1880518726271942,0.5602134885564686,0.46698872785829315,0.5162418387450337,0.9045929500668268,666.0,576.0,1242.0,1.0,0.7334943639291466,524.0,1240.0,0.998389694041868,0.4219001610305958,911.0,0.21295279912184412,1.0,0.7363636363636363,38.41,0.030925925925925923,0.07330152671755724,107.11,-68.69999999999999,0.3199275362318841,0.41,0.01400440767680084,0.47906602254428343,0.2338367641872757,0.21318681318681318,0.02064995100046252
xgboost,-0.06,-3.0,0.0,1242.0,1.0,0.7492492492492493,0.7152777777777778,0.7322635135135136,0.7334943639291466,0.7334943639291466,0.5362318840579711,0.463768115942029,0.5793880837359099,0.4314090177133656,1242.0,666.0,576.0,0.7925585539117999,0.1880518726271942,0.5602134885564686,0.46698872785829315,0.5162418387450337,0.9045929500668268,666.0,576.0,1242.0,1.0,0.7334943639291466,519.0,1234.0,0.9935587761674718,0.4178743961352657,911.0,0.21075740944017562,1.0,0.7339449541284404,38.760000000000005,0.031207729468599038,0.0746820809248555,106.18,-67.41999999999999,0.3176650563607085,0.41,0.01400440767680084,0.47906602254428343,0.23378411578599778,0.21168687982359427,0.02209723596240351
xgboost,-0.055,-3.0,0.0,1242.0,1.0,0.7492492492492493,0.7152777777777778,0.7322635135135136,0.7334943639291466,0.7334943639291466,0.5362318840579711,0.463768115942029,0.5793880837359099,0.4314090177133656,1242.0,666.0,576.0,0.7925585539117999,0.1880518726271942,0.5602134885564686,0.46698872785829315,0.5162418387450337,0.9045929500668268,666.0,576.0,1242.0,1.0,0.7334943639291466,512.0,1223.0,0.9847020933977456,0.41223832528180354,911.0,0.20636663007683864,1.0,0.7314814814814815,38.03,0.030619967793880837,0.07427734375000002,103.97,-65.94,0.31367149758454105,0.41,0.01400440767680084,0.47906602254428343,0.23381335658743332,0.20912124582869857,0.02469211075873476
xgboost,-0.05,-3.0,0.0,1242.0,1.0,0.7492492492492493,0.7152777777777778,0.7322635135135136,0.7334943639291466,0.7334943639291466,0.5362318840579711,0.463768115942029,0.5793880837359099,0.4314090177133656,1242.0,666.0,576.0,0.7925585539117999,0.1880518726271942,0.5602134885564686,0.46698872785829315,0.5162418387450337,0.9045929500668268,666.0,576.0,1242.0,1.0,0.7334943639291466,508.0,1211.0,0.9750402576489533,0.40901771336553944,911.0,0.2052689352360044,1.0,0.7289719626168224,38.82,0.031256038647343,0.07641732283464568,103.33,-64.51,0.30886473429951694,0.41,0.01400440767680084,0.47906602254428343,0.23392958281080375,0.2101123595505618,0.023817223260241965
xgboost,-0.045,-3.0,0.0,1242.0,1.0,0.7492492492492493,0.7152777777777778,0.7322635135135136,0.7334943639291466,0.7334943639291466,0.5362318840579711,0.463768115942029,0.5793880837359099,0.4314090177133656,1242.0,666.0,576.0,0.7925585539117999,0.1880518726271942,0.5602134885564686,0.46698872785829315,0.5162418387450337,0.9045929500668268,666.0,576.0,1242.0,1.0,0.7334943639291466,504.0,1204.0,0.9694041867954911,0.4057971014492754,911.0,0.20417124039517015,1.0,0.7264150943396226,39.61,0.03189210950080515,0.07859126984126984,102.78999999999999,-63.18000000000001,0.3064734299516908,0.41,0.01400440767680084,0.47906602254428343,0.23383375807217496,0.20993227990970656,0.023901478162468404
xgboost,-0.04,-3.0,0.0,1242.0,1.0,0.7492492492492493,0.7152777777777778,0.7322635135135136,0.7334943639291466,0.7334943639291466,0.5362318840579711,0.463768115942029,0.5793880837359099,0.4314090177133656,1242.0,666.0,576.0,0.7925585539117999,0.1880518726271942,0.5602134885564686,0.46698872785829315,0.5162418387450337,0.9045929500668268,666.0,576.0,1242.0,1.0,0.7334943639291466,496.0,1190.0,0.9581320450885669,0.3993558776167472,911.0,0.19978046103183314,1.0,0.7229299363057324,39.14,0.03151368760064412,0.07891129032258065,100.53,-61.39,0.3013687600644122,0.41,0.01400440767680084,0.47906602254428343,0.23380780917460517,0.20776255707762556,0.02604525209697961
xgboost,-0.035,-3.0,0.0,1242.0,1.0,0.7492492492492493,0.7152777777777778,0.7322635135135136,0.7334943639291466,0.7334943639291466,0.5362318840579711,0.463768115942029,0.5793880837359099,0.4314090177133656,1242.0,666.0,576.0,0.7925585539117999,0.1880518726271942,0.5602134885564686,0.46698872785829315,0.5162418387450337,0.9045929500668268,666.0,576.0,1242.0,1.0,0.7334943639291466,484.0,1168.0,0.9404186795491143,0.3896940418679549,911.0,0.1942919868276619,1.0,0.7166123778501629,39.760000000000005,0.03201288244766506,0.08214876033057852,97.98000000000002,-58.22,0.29342190016103054,0.36,0.01400440767680084,0.47906602254428343,0.23342809295681988,0.20557491289198607,0.02785318006483381
xgboost,-0.03,-3.0,0.0,1242.0,1.0,0.7492492492492493,0.7152777777777778,0.7322635135135136,0.7334943639291466,0.7334943639291466,0.5362318840579711,0.463768115942029,0.5793880837359099,0.4314090177133656,1242.0,666.0,576.0,0.7925585539117999,0.1880518726271942,0.5602134885564686,0.46698872785829315,0.5162418387450337,0.9045929500668268,666.0,576.0,1242.0,1.0,0.7334943639291466,475.0,1136.0,0.9146537842190016,0.3824476650563607,911.0,0.1877058177826564,1.0,0.7138157894736842,37.6,0.03027375201288245,0.07915789473684211,94.59,-56.989999999999995,0.2818921095008052,0.31,0.01400440767680084,0.47906602254428343,0.23221906986481583,0.20552884615384615,0.026690223710969685
xgboost,-0.025,-3.0,0.0,1242.0,1.0,0.7492492492492493,0.7152777777777778,0.7322635135135136,0.7334943639291466,0.7334943639291466,0.5362318840579711,0.463768115942029,0.5793880837359099,0.4314090177133656,1242.0,666.0,576.0,0.7925585539117999,0.1880518726271942,0.5602134885564686,0.46698872785829315,0.5162418387450337,0.9045929500668268,666.0,576.0,1242.0,1.0,0.7334943639291466,467.0,1116.0,0.8985507246376812,0.37600644122383253,911.0,0.18441273326015367,1.0,0.7090301003344481,37.730000000000004,0.030378421900161035,0.08079229122055676,93.07000000000001,-55.339999999999996,0.27504830917874395,0.26,0.01400440767680084,0.47906602254428343,0.23210529853547657,0.20563035495716034,0.02647494357831623
xgboost,-0.02,-3.0,0.0,1242.0,1.0,0.7492492492492493,0.7152777777777778,0.7322635135135136,0.7334943639291466,0.7334943639291466,0.5362318840579711,0.463768115942029,0.5793880837359099,0.4314090177133656,1242.0,666.0,576.0,0.7925585539117999,0.1880518726271942,0.5602134885564686,0.46698872785829315,0.5162418387450337,0.9045929500668268,666.0,576.0,1242.0,1.0,0.7334943639291466,460.0,1094.0,0.8808373590982287,0.37037037037037035,911.0,0.18221734357848518,1.0,0.7040816326530612,38.150000000000006,0.030716586151368765,0.08293478260869566,91.99,-53.84,0.26738325281803543,0.26,0.01400440767680084,0.47906602254428343,0.23157452542334794,0.2075,0.024074525423347953
xgboost,-0.015,-3.0,0.0,1242.0,1.0,0.7492492492492493,0.7152777777777778,0.7322635135135136,0.7334943639291466,0.7334943639291466,0.5362318840579711,0.463768115942029,0.5793880837359099,0.4314090177133656,1242.0,666.0,576.0,0.7925585539117999,0.1880518726271942,0.5602134885564686,0.46698872785829315,0.5162418387450337,0.9045929500668268,666.0,576.0,1242.0,1.0,0.7334943639291466,447.0,1063.0,0.855877616747182,0.35990338164251207,911.0,0.17672886937431395,1.0,0.6958041958041958,39.879999999999995,0.03210950080515298,0.08921700223713647,89.78999999999999,-49.91,0.25602254428341387,0.21,0.01400440767680084,0.47906602254428343,0.23165373964069777,0.2072072072072072,0.02444653243349057
xgboost,-0.01,-3.0,0.0,1242.0,1.0,0.7492492492492493,0.7152777777777778,0.7322635135135136,0.7334943639291466,0.7334943639291466,0.5362318840579711,0.463768115942029,0.5793880837359099,0.4314090177133656,1242.0,666.0,576.0,0.7925585539117999,0.1880518726271942,0.5602134885564686,0.46698872785829315,0.5162418387450337,0.9045929500668268,666.0,576.0,1242.0,1.0,0.7334943639291466,429.0,1015.0,0.8172302737520128,0.34541062801932365,911.0,0.17014270032930845,1.0,0.6897810218978102,40.71,0.03277777777777778,0.0948951048951049,86.69999999999999,-45.99,0.2394927536231884,0.16,0.01400440767680084,0.47906602254428343,0.23056034307157705,0.20917678812415655,0.021383554947420502
xgboost,-0.005,-3.0,0.0,1242.0,1.0,0.7492492492492493,0.7152777777777778,0.7322635135135136,0.7334943639291466,0.7334943639291466,0.5362318840579711,0.463768115942029,0.5793880837359099,0.4314090177133656,1242.0,666.0,576.0,0.7925585539117999,0.1880518726271942,0.5602134885564686,0.46698872785829315,0.5162418387450337,0.9045929500668268,666.0,576.0,1242.0,1.0,0.7334943639291466,410.0,967.0,0.7785829307568438,0.33011272141706927,911.0,0.15806805708013172,1.0,0.6804511278195489,38.3,0.03083735909822866,0.09341463414634148,81.26,-42.96,0.2222785829307569,0.11,0.01400440767680084,0.47906602254428343,0.2286045995996614,0.20542082738944364,0.02318377221021775
xgboost,0.0,-3.0,0.0,1242.0,1.0,0.7492492492492493,0.7152777777777778,0.7322635135135136,0.7334943639291466,0.7334943639291466,0.5362318840579711,0.463768115942029,0.5793880837359099,0.4314090177133656,1242.0,666.0,576.0,0.7925585539117999,0.1880518726271942,0.5602134885564686,0.46698872785829315,0.5162418387450337,0.9045929500668268,666.0,576.0,1242.0,1.0,0.7334943639291466,258.0,647.0,0.5209339774557166,0.20772946859903382,911.0,0.145993413830955,1.0,0.864,37.120000000000005,0.02988727858293076,0.14387596899224808,75.32,-38.2,0.20533011272141705,0.034999999999999996,0.01400440767680084,0.47906602254428343,0.28903684640567306,0.2547892720306513,0.03424757437502174
xgboost,0.005,-3.0,0.0,1242.0,1.0,0.7492492492492493,0.7152777777777778,0.7322635135135136,0.7334943639291466,0.7334943639291466,0.5362318840579711,0.463768115942029,0.5793880837359099,0.4314090177133656,1242.0,666.0,576.0,0.7925585539117999,0.1880518726271942,0.5602134885564686,0.46698872785829315,0.5162418387450337,0.9045929500668268,666.0,576.0,1242.0,1.0,0.7334943639291466,240.0,579.0,0.46618357487922707,0.1932367149758454,911.0,0.13391877058177826,1.0,0.864406779661017,32.1,0.025845410628019323,0.13375,68.78,-36.68000000000001,0.19049114331723027,0.0,0.01400440767680084,0.47906602254428343,0.30771989422222024,0.2646420824295011,0.043077811792719134
xgboost,0.01,-3.0,0.0,1242.0,1.0,0.7492492492492493,0.7152777777777778,0.7322635135135136,0.7334943639291466,0.7334943639291466,0.5362318840579711,0.463768115942029,0.5793880837359099,0.4314090177133656,1242.0,666.0,576.0,0.7925585539117999,0.1880518726271942,0.5602134885564686,0.46698872785829315,0.5162418387450337,0.9045929500668268,666.0,576.0,1242.0,1.0,0.7334943639291466,219.0,524.0,0.4219001610305958,0.17632850241545894,911.0,0.1251372118551043,1.0,0.8476190476190476,33.76,0.027181964573268918,0.15415525114155254,64.96,-31.200000000000003,0.17221417069243156,0.0,0.01400440767680084,0.47906602254428343,0.31337030427552637,0.2720763723150358,0.04129393196049058
xgboost,0.015,-3.0,0.0,1242.0,1.0,0.7492492492492493,0.7152777777777778,0.7322635135135136,0.7334943639291466,0.7334943639291466,0.5362318840579711,0.463768115942029,0.5793880837359099,0.4314090177133656,1242.0,666.0,576.0,0.7925585539117999,0.1880518726271942,0.5602134885564686,0.46698872785829315,0.5162418387450337,0.9045929500668268,666.0,576.0,1242.0,1.0,0.7334943639291466,199.0,470.0,0.3784219001610306,0.16022544283413848,911.0,0.1141602634467618,1.0,0.8631578947368421,32.61,0.026256038647342994,0.16386934673366835,60.81,-28.200000000000003,0.15189210950080514,0.0,0.01400440767680084,0.47906602254428343,0.31983599048852923,0.2773333333333333,0.04250265715519591
xgboost,0.02,-3.0,0.0,1242.0,1.0,0.7492492492492493,0.7152777777777778,0.7322635135135136,0.7334943639291466,0.7334943639291466,0.5362318840579711,0.463768115942029,0.5793880837359099,0.4314090177133656,1242.0,666.0,576.0,0.7925585539117999,0.1880518726271942,0.5602134885564686,0.46698872785829315,0.5162418387450337,0.9045929500668268,666.0,576.0,1242.0,1.0,0.7334943639291466,183.0,424.0,0.3413848631239936,0.1473429951690821,911.0,0.10537870472008781,1.0,0.896551724137931,30.369999999999997,0.024452495974235103,0.16595628415300545,56.739999999999995,-26.37,0.13658615136876007,0.0,0.01400440767680084,0.47906602254428343,0.32639287673047457,0.28486646884273,0.04152640788774459
xgboost,0.025,-3.0,0.0,1242.0,1.0,0.7492492492492493,0.7152777777777778,0.7322635135135136,0.7334943639291466,0.7334943639291466,0.5362318840579711,0.463768115942029,0.5793880837359099,0.4314090177133656,1242.0,666.0,576.0,0.7925585539117999,0.1880518726271942,0.5602134885564686,0.46698872785829315,0.5162418387450337,0.9045929500668268,666.0,576.0,1242.0,1.0,0.7334943639291466,162.0,375.0,0.30193236714975846,0.13043478260869565,911.0,0.09440175631174534,1.0,0.8947368421052632,29.53,0.023776167471819647,0.18228395061728395,51.59,-22.060000000000002,0.11819645732689212,0.0,0.01400440767680084,0.47906602254428343,0.3312938090501023,0.28762541806020064,0.04366839098990166
xgboost,0.03,-3.0,0.0,1242.0,1.0,0.7492492492492493,0.7152777777777778,0.7322635135135136,0.7334943639291466,0.7334943639291466,0.5362318840579711,0.463768115942029,0.5793880837359099,0.4314090177133656,1242.0,666.0,576.0,0.7925585539117999,0.1880518726271942,0.5602134885564686,0.46698872785829315,0.5162418387450337,0.9045929500668268,666.0,576.0,1242.0,1.0,0.7334943639291466,145.0,323.0,0.26006441223832527,0.11674718196457327,911.0,0.08562019758507135,1.0,0.8805970149253731,27.95,0.022504025764895328,0.19275862068965519,47.519999999999996,-19.57,0.10022544283413848,0.0,0.01400440767680084,0.47906602254428343,0.3402879308559932,0.3046875,0.03560043085599318
xgboost,0.035,-3.0,0.0,1242.0,1.0,0.7492492492492493,0.7152777777777778,0.7322635135135136,0.7334943639291466,0.7334943639291466,0.5362318840579711,0.463768115942029,0.5793880837359099,0.4314090177133656,1242.0,666.0,576.0,0.7925585539117999,0.1880518726271942,0.5602134885564686,0.46698872785829315,0.5162418387450337,0.9045929500668268,666.0,576.0,1242.0,1.0,0.7334943639291466,128.0,283.0,0.2278582930756844,0.10305958132045089,911.0,0.07903402854006586,1.0,0.8928571428571429,27.77,0.022359098228663447,0.21695312500000002,44.28,-16.51,0.08573268921095008,0.0,0.01400440767680084,0.47906602254428343,0.3432818552733518,0.31718061674008813,0.026101238533263682
xgboost,0.04,-3.0,0.0,1242.0,1.0,0.7492492492492493,0.7152777777777778,0.7322635135135136,0.7334943639291466,0.7334943639291466,0.5362318840579711,0.463768115942029,0.5793880837359099,0.4314090177133656,1242.0,666.0,576.0,0.7925585539117999,0.1880518726271942,0.5602134885564686,0.46698872785829315,0.5162418387450337,0.9045929500668268,666.0,576.0,1242.0,1.0,0.7334943639291466,114.0,246.0,0.19806763285024154,0.09178743961352658,911.0,0.06805708013172337,1.0,0.9038461538461539,23.36,0.018808373590982287,0.20491228070175438,38.230000000000004,-14.870000000000001,0.0730354267310789,0.0,0.01400440767680084,0.47906602254428343,0.3534603098157755,0.31958762886597936,0.03387268094979612
xgboost,0.045,-3.0,0.0,1242.0,1.0,0.7492492492492493,0.7152777777777778,0.7322635135135136,0.7334943639291466,0.7334943639291466,0.5362318840579711,0.463768115942029,0.5793880837359099,0.4314090177133656,1242.0,666.0,576.0,0.7925585539117999,0.1880518726271942,0.5602134885564686,0.46698872785829315,0.5162418387450337,0.9045929500668268,666.0,576.0,1242.0,1.0,0.7334943639291466,99.0,211.0,0.16988727858293076,0.07971014492753623,911.0,0.06147091108671789,1.0,0.9069767441860465,22.560000000000002,0.018164251207729472,0.22787878787878788,35.09,-12.530000000000001,0.06091787439613526,0.0,0.01400440767680084,0.47906602254428343,0.3574623453120391,0.3333333333333333,0.02412901197870576
xgboost,0.05,-3.0,0.0,1242.0,1.0,0.7492492492492493,0.7152777777777778,0.7322635135135136,0.7334943639291466,0.7334943639291466,0.5362318840579711,0.463768115942029,0.5793880837359099,0.4314090177133656,1242.0,666.0,576.0,0.7925585539117999,0.1880518726271942,0.5602134885564686,0.46698872785829315,0.5162418387450337,0.9045929500668268,666.0,576.0,1242.0,1.0,0.7334943639291466,87.0,184.0,0.14814814814814814,0.07004830917874397,911.0,0.05378704720087816,1.0,0.8947368421052632,21.08,0.016972624798711755,0.24229885057471262,31.660000000000004,-10.58,0.051159420289855075,0.0,0.01400440767680084,0.47906602254428343,0.3602734474490767,0.3356164383561644,0.024657009092912296
xgboost,0.055,-3.0,0.0,1242.0,1.0,0.7492492492492493,0.7152777777777778,0.7322635135135136,0.7334943639291466,0.7334943639291466,0.5362318840579711,0.463768115942029,0.5793880837359099,0.4314090177133656,1242.0,666.0,576.0,0.7925585539117999,0.1880518726271942,0.5602134885564686,0.46698872785829315,0.5162418387450337,0.9045929500668268,666.0,576.0,1242.0,1.0,0.7334943639291466,72.0,159.0,0.1280193236714976,0.057971014492753624,911.0,0.04500548847420417,1.0,0.9032258064516129,17.28,0.01391304347826087,0.24000000000000002,26.14,-8.86,0.04479871175523349,0.0,0.01400440767680084,0.47906602254428343,0.36781883402727544,0.3203125,0.04750633402727544
xgboost,0.06,-3.0,0.0,1242.0,1.0,0.7492492492492493,0.7152777777777778,0.7322635135135136,0.7334943639291466,0.7334943639291466,0.5362318840579711,0.463768115942029,0.5793880837359099,0.4314090177133656,1242.0,666.0,576.0,0.7925585539117999,0.1880518726271942,0.5602134885564686,0.46698872785829315,0.5162418387450337,0.9045929500668268,666.0,576.0,1242.0,1.0,0.7334943639291466,63.0,135.0,0.10869565217391304,0.050724637681159424,911.0,0.038419319429198684,1.0,0.8928571428571429,14.420000000000002,0.011610305958132047,0.22888888888888886,22.650000000000002,-8.23,0.037278582930756844,0.0,0.01400440767680084,0.47906602254428343,0.37511572979878044,0.32710280373831774,0.0480129260604627
xgboost,0.065,-3.0,0.0,1242.0,1.0,0.7492492492492493,0.7152777777777778,0.7322635135135136,0.7334943639291466,0.7334943639291466,0.5362318840579711,0.463768115942029,0.5793880837359099,0.4314090177133656,1242.0,666.0,576.0,0.7925585539117999,0.1880518726271942,0.5602134885564686,0.46698872785829315,0.5162418387450337,0.9045929500668268,666.0,576.0,1242.0,1.0,0.7334943639291466,51.0,117.0,0.09420289855072464,0.04106280193236715,911.0,0.03293084522502744,1.0,0.9523809523809523,13.34,0.01074074074074074,0.26156862745098036,19.450000000000003,-6.109999999999999,0.03222222222222222,0.0,0.01400440767680084,0.47906602254428343,0.3760853065177798,0.3125,0.06358530651777983
xgboost,0.07,-3.0,0.0,1242.0,1.0,0.7492492492492493,0.7152777777777778,0.7322635135135136,0.7334943639291466,0.7334943639291466,0.5362318840579711,0.463768115942029,0.5793880837359099,0.4314090177133656,1242.0,666.0,576.0,0.7925585539117999,0.1880518726271942,0.5602134885564686,0.46698872785829315,0.5162418387450337,0.9045929500668268,666.0,576.0,1242.0,1.0,0.7334943639291466,43.0,99.0,0.07971014492753623,0.03462157809983897,911.0,0.02854006586169045,1.0,1.0,11.77,0.009476650563607084,0.2737209302325581,16.740000000000002,-4.970000000000001,0.02680354267310789,0.0,0.01400440767680084,0.47906602254428343,0.3813392236465361,0.3170731707317073,0.06426605291482879
xgboost,0.075,-3.0,0.0,1242.0,1.0,0.7492492492492493,0.7152777777777778,0.7322635135135136,0.7334943639291466,0.7334943639291466,0.5362318840579711,0.463768115942029,0.5793880837359099,0.4314090177133656,1242.0,666.0,576.0,0.7925585539117999,0.1880518726271942,0.5602134885564686,0.46698872785829315,0.5162418387450337,0.9045929500668268,666.0,576.0,1242.0,1.0,0.7334943639291466,39.0,90.0,0.07246376811594203,0.03140096618357488,911.0,0.025246981339187707,1.0,1.0,10.36,0.008341384863123993,0.26564102564102565,15.170000000000002,-4.8100000000000005,0.02455716586151369,0.0,0.01400440767680084,0.47906602254428343,0.3836278470384108,0.3108108108108108,0.0728170362276
xgboost,0.08,-3.0,0.0,1242.0,1.0,0.7492492492492493,0.7152777777777778,0.7322635135135136,0.7334943639291466,0.7334943639291466,0.5362318840579711,0.463768115942029,0.5793880837359099,0.4314090177133656,1242.0,666.0,576.0,0.7925585539117999,0.1880518726271942,0.5602134885564686,0.46698872785829315,0.5162418387450337,0.9045929500668268,666.0,576.0,1242.0,1.0,0.7334943639291466,31.0,73.0,0.05877616747181964,0.0249597423510467,911.0,0.019758507135016465,1.0,1.0,8.59,0.006916264090177133,0.2770967741935484,12.27,-3.68,0.018260869565217393,0.0,0.01400440767680084,0.47906602254428343,0.38932827512423196,0.3,0.08932827512423197
xgboost,0.085,-3.0,0.0,1242.0,1.0,0.7492492492492493,0.7152777777777778,0.7322635135135136,0.7334943639291466,0.7334943639291466,0.5362318840579711,0.463768115942029,0.5793880837359099,0.4314090177133656,1242.0,666.0,576.0,0.7925585539117999,0.1880518726271942,0.5602134885564686,0.46698872785829315,0.5162418387450337,0.9045929500668268,666.0,576.0,1242.0,1.0,0.7334943639291466,25.0,60.0,0.04830917874396135,0.020128824476650563,911.0,0.018660812294182216,1.0,1.0,9.3,0.0074879227053140105,0.37200000000000005,11.73,-2.4299999999999997,0.015056360708534621,0.0,0.01400440767680084,0.47906602254428343,0.3991420724644111,0.3269230769230769,0.07221899554133415
xgboost,0.09,-3.0,0.0,1242.0,1.0,0.7492492492492493,0.7152777777777778,0.7322635135135136,0.7334943639291466,0.7334943639291466,0.5362318840579711,0.463768115942029,0.5793880837359099,0.4314090177133656,1242.0,666.0,576.0,0.7925585539117999,0.1880518726271942,0.5602134885564686,0.46698872785829315,0.5162418387450337,0.9045929500668268,666.0,576.0,1242.0,1.0,0.7334943639291466,18.0,51.0,0.04106280193236715,0.014492753623188406,911.0,0.014270032930845226,1.0,1.0,7.819999999999999,0.0062962962962962955,0.43444444444444447,9.02,-1.2,0.01248792270531401,0.0,0.01400440767680084,0.47906602254428343,0.39878685027360916,0.2826086956521739,0.11617815462143527
xgboost,0.095,-3.0,0.0,1242.0,1.0,0.7492492492492493,0.7152777777777778,0.7322635135135136,0.7334943639291466,0.7334943639291466,0.5362318840579711,0.463768115942029,0.5793880837359099,0.4314090177133656,1242.0,666.0,576.0,0.7925585539117999,0.1880518726271942,0.5602134885564686,0.46698872785829315,0.5162418387450337,0.9045929500668268,666.0,576.0,1242.0,1.0,0.7334943639291466,14.0,46.0,0.037037037037037035,0.011272141706924315,911.0,0.009879253567508232,1.0,1.0,5.01,0.004033816425120773,0.35785714285714293,6.210000000000001,-1.2,0.011320450885668276,0.0,0.01400440767680084,0.47906602254428343,0.4050336265709342,0.21951219512195122,0.185521431448983
xgboost,0.1,-3.0,0.0,1242.0,1.0,0.7492492492492493,0.7152777777777778,0.7322635135135136,0.7334943639291466,0.7334943639291466,0.5362318840579711,0.463768115942029,0.5793880837359099,0.4314090177133656,1242.0,666.0,576.0,0.7925585539117999,0.1880518726271942,0.5602134885564686,0.46698872785829315,0.5162418387450337,0.9045929500668268,666.0,576.0,1242.0,1.0,0.7334943639291466,11.0,37.0,0.029790660225442835,0.008856682769726247,911.0,0.007683863885839737,1.0,1.0,3.79,0.0030515297906602255,0.34454545454545454,4.73,-0.94,0.008470209339774557,0.0,0.01400440767680084,0.47906602254428343,0.40046069793628924,0.21212121212121213,0.18833948581507712
xgboost,0.105,-3.0,0.0,1242.0,1.0,0.7492492492492493,0.7152777777777778,0.7322635135135136,0.7334943639291466,0.7334943639291466,0.5362318840579711,0.463768115942029,0.5793880837359099,0.4314090177133656,1242.0,666.0,576.0,0.7925585539117999,0.1880518726271942,0.5602134885564686,0.46698872785829315,0.5162418387450337,0.9045929500668268,666.0,576.0,1242.0,1.0,0.7334943639291466,9.0,33.0,0.026570048309178744,0.007246376811594203,911.0,0.006586169045005488,1.0,1.0,3.21,0.002584541062801932,0.3566666666666667,3.9400000000000004,-0.73,0.007874396135265702,0.0,0.01400440767680084,0.47906602254428343,0.4102615808447202,0.2,0.2102615808447202
xgboost,0.11,-3.0,0.0,1242.0,1.0,0.7492492492492493,0.7152777777777778,0.7322635135135136,0.7334943639291466,0.7334943639291466,0.5362318840579711,0.463768115942029,0.5793880837359099,0.4314090177133656,1242.0,666.0,576.0,0.7925585539117999,0.1880518726271942,0.5602134885564686,0.46698872785829315,0.5162418387450337,0.9045929500668268,666.0,576.0,1242.0,1.0,0.7334943639291466,9.0,31.0,0.0249597423510467,0.007246376811594203,911.0,0.006586169045005488,1.0,1.0,3.21,0.002584541062801932,0.3566666666666667,3.9400000000000004,-0.73,0.007536231884057971,0.0,0.01400440767680084,0.47906602254428343,0.4198491631874016,0.21428571428571427,0.20556344890168735
xgboost,0.115,-3.0,0.0,1242.0,1.0,0.7492492492492493,0.7152777777777778,0.7322635135135136,0.7334943639291466,0.7334943639291466,0.5362318840579711,0.463768115942029,0.5793880837359099,0.4314090177133656,1242.0,666.0,576.0,0.7925585539117999,0.1880518726271942,0.5602134885564686,0.46698872785829315,0.5162418387450337,0.9045929500668268,666.0,576.0,1242.0,1.0,0.7334943639291466,7.0,27.0,0.021739130434782608,0.005636070853462158,911.0,0.0043907793633369925,1.0,1.0,1.9300000000000002,0.0015539452495974236,0.27571428571428575,2.66,-0.73,0.006376811594202898,0.0,0.01400440767680084,0.47906602254428343,0.4136399595687787,0.16666666666666666,0.24697329290211203
xgboost,0.12,-3.0,0.0,1242.0,1.0,0.7492492492492493,0.7152777777777778,0.7322635135135136,0.7334943639291466,0.7334943639291466,0.5362318840579711,0.463768115942029,0.5793880837359099,0.4314090177133656,1242.0,666.0,576.0,0.7925585539117999,0.1880518726271942,0.5602134885564686,0.46698872785829315,0.5162418387450337,0.9045929500668268,666.0,576.0,1242.0,1.0,0.7334943639291466,7.0,27.0,0.021739130434782608,0.005636070853462158,911.0,0.0043907793633369925,1.0,1.0,1.9300000000000002,0.0015539452495974236,0.27571428571428575,2.66,-0.73,0.006376811594202898,0.0,0.01400440767680084,0.47906602254428343,0.4136399595687787,0.16666666666666666,0.24697329290211203
xgboost,0.125,-3.0,0.0,1242.0,1.0,0.7492492492492493,0.7152777777777778,0.7322635135135136,0.7334943639291466,0.7334943639291466,0.5362318840579711,0.463768115942029,0.5793880837359099,0.4314090177133656,1242.0,666.0,576.0,0.7925585539117999,0.1880518726271942,0.5602134885564686,0.46698872785829315,0.5162418387450337,0.9045929500668268,666.0,576.0,1242.0,1.0,0.7334943639291466,7.0,22.0,0.017713365539452495,0.005636070853462158,911.0,0.0043907793633369925,1.0,1.0,1.9300000000000002,0.0015539452495974236,0.27571428571428575,2.66,-0.73,0.004766505636070853,0.0,0.01400440767680084,0.47906602254428343,0.40218357428124074,0.21052631578947367,0.19165725849176707
xgboost,0.13,-3.0,0.0,1242.0,1.0,0.7492492492492493,0.7152777777777778,0.7322635135135136,0.7334943639291466,0.7334943639291466,0.5362318840579711,0.463768115942029,0.5793880837359099,0.4314090177133656,1242.0,666.0,576.0,0.7925585539117999,0.1880518726271942,0.5602134885564686,0.46698872785829315,0.5162418387450337,0.9045929500668268,666.0,576.0,1242.0,1.0,0.7334943639291466,6.0,18.0,0.014492753623188406,0.004830917874396135,911.0,0.003293084522502744,1.0,1.0,1.34,0.0010789049919484703,0.22333333333333336,2.0700000000000003,-0.73,0.003929146537842191,0.0,0.01400440767680084,0.47906602254428343,0.4085241248210271,0.2,0.2085241248210271
xgboost,0.135,-3.0,0.0,1242.0,1.0,0.7492492492492493,0.7152777777777778,0.7322635135135136,0.7334943639291466,0.7334943639291466,0.5362318840579711,0.463768115942029,0.5793880837359099,0.4314090177133656,1242.0,666.0,576.0,0.7925585539117999,0.1880518726271942,0.5602134885564686,0.46698872785829315,0.5162418387450337,0.9045929500668268,666.0,576.0,1242.0,1.0,0.7334943639291466,6.0,18.0,0.014492753623188406,0.004830917874396135,911.0,0.003293084522502744,1.0,1.0,1.34,0.0010789049919484703,0.22333333333333336,2.0700000000000003,-0.73,0.003929146537842191,0.0,0.01400440767680084,0.47906602254428343,0.4085241248210271,0.2,0.2085241248210271
xgboost,0.14,-3.0,0.0,1242.0,1.0,0.7492492492492493,0.7152777777777778,0.7322635135135136,0.7334943639291466,0.7334943639291466,0.5362318840579711,0.463768115942029,0.5793880837359099,0.4314090177133656,1242.0,666.0,576.0,0.7925585539117999,0.1880518726271942,0.5602134885564686,0.46698872785829315,0.5162418387450337,0.9045929500668268,666.0,576.0,1242.0,1.0,0.7334943639291466,5.0,10.0,0.008051529790660225,0.004025764895330112,911.0,0.0021953896816684962,1.0,1.0,0.8,0.0006441223832528181,0.16,1.53,-0.73,0.002012882447665056,0.0,0.01400440767680084,0.47906602254428343,0.4455780216625759,0.2857142857142857,0.15986373594829018
xgboost,0.145,-3.0,0.0,1242.0,1.0,0.7492492492492493,0.7152777777777778,0.7322635135135136,0.7334943639291466,0.7334943639291466,0.5362318840579711,0.463768115942029,0.5793880837359099,0.4314090177133656,1242.0,666.0,576.0,0.7925585539117999,0.1880518726271942,0.5602134885564686,0.46698872785829315,0.5162418387450337,0.9045929500668268,666.0,576.0,1242.0,1.0,0.7334943639291466,4.0,9.0,0.007246376811594203,0.00322061191626409,911.0,0.0010976948408342481,1.0,1.0,0.06000000000000005,4.83091787439614e-05,0.015000000000000013,0.79,-0.73,0.0018035426731078906,0.0,0.01400440767680084,0.47906602254428343,0.4390781323115031,0.16666666666666666,0.2724114656448364
xgboost,0.15,-3.0,0.0,1242.0,1.0,0.7492492492492493,0.7152777777777778,0.7322635135135136,0.7334943639291466,0.7334943639291466,0.5362318840579711,0.463768115942029,0.5793880837359099,0.4314090177133656,1242.0,666.0,576.0,0.7925585539117999,0.1880518726271942,0.5602134885564686,0.46698872785829315,0.5162418387450337,0.9045929500668268,666.0,576.0,1242.0,1.0,0.7334943639291466,3.0,7.0,0.005636070853462158,0.0024154589371980675,911.0,0.0010976948408342481,1.0,1.0,0.32000000000000006,0.00025764895330112724,0.10666666666666669,0.79,-0.47,0.0014653784219001611,0.0,0.01400440767680084,0.47906602254428343,0.4576804518699646,0.2,0.2576804518699646
xgboost,0.155,-3.0,0.0,1242.0,1.0,0.7492492492492493,0.7152777777777778,0.7322635135135136,0.7334943639291466,0.7334943639291466,0.5362318840579711,0.463768115942029,0.5793880837359099,0.4314090177133656,1242.0,666.0,576.0,0.7925585539117999,0.1880518726271942,0.5602134885564686,0.46698872785829315,0.5162418387450337,0.9045929500668268,666.0,576.0,1242.0,1.0,0.7334943639291466,2.0,6.0,0.004830917874396135,0.001610305958132045,911.0,0.0010976948408342481,1.0,1.0,0.5800000000000001,0.0004669887278582931,0.29000000000000004,0.79,-0.21,0.0012560386473429953,0.0,0.01400440767680084,0.47906602254428343,0.4576804518699646,0.2,0.2576804518699646
xgboost,0.16,-3.0,0.0,1242.0,1.0,0.7492492492492493,0.7152777777777778,0.7322635135135136,0.7334943639291466,0.7334943639291466,0.5362318840579711,0.463768115942029,0.5793880837359099,0.4314090177133656,1242.0,666.0,576.0,0.7925585539117999,0.1880518726271942,0.5602134885564686,0.46698872785829315,0.5162418387450337,0.9045929500668268,666.0,576.0,1242.0,1.0,0.7334943639291466,1.0,5.0,0.004025764895330112,0.0008051529790660225,911.0,0.0,1.0,1.0,-0.21,-0.00016908212560386472,-0.21,0.0,-0.21,0.0010869565217391304,0.0,0.01400440767680084,0.47906602254428343,0.46402984857559204,0.0,0.46402984857559204
xgboost,0.165,-3.0,0.0,1242.0,1.0,0.7492492492492493,0.7152777777777778,0.7322635135135136,0.7334943639291466,0.7334943639291466,0.5362318840579711,0.463768115942029,0.5793880837359099,0.4314090177133656,1242.0,666.0,576.0,0.7925585539117999,0.1880518726271942,0.5602134885564686,0.46698872785829315,0.5162418387450337,0.9045929500668268,666.0,576.0,1242.0,1.0,0.7334943639291466,1.0,4.0,0.00322061191626409,0.0008051529790660225,911.0,0.0,1.0,1.0,-0.21,-0.00016908212560386472,-0.21,0.0,-0.21,0.0009581320450885668,0.0,0.01400440767680084,0.47906602254428343,0.4983311891555786,0.0,0.4983311891555786
xgboost,0.17,-3.0,0.0,1242.0,1.0,0.7492492492492493,0.7152777777777778,0.7322635135135136,0.7334943639291466,0.7334943639291466,0.5362318840579711,0.463768115942029,0.5793880837359099,0.4314090177133656,1242.0,666.0,576.0,0.7925585539117999,0.1880518726271942,0.5602134885564686,0.46698872785829315,0.5162418387450337,0.9045929500668268,666.0,576.0,1242.0,1.0,0.7334943639291466,1.0,4.0,0.00322061191626409,0.0008051529790660225,911.0,0.0,1.0,1.0,-0.21,-0.00016908212560386472,-0.21,0.0,-0.21,0.0009581320450885668,0.0,0.01400440767680084,0.47906602254428343,0.4983311891555786,0.0,0.4983311891555786
xgboost,0.175,-3.0,0.0,1242.0,1.0,0.7492492492492493,0.7152777777777778,0.7322635135135136,0.7334943639291466,0.7334943639291466,0.5362318840579711,0.463768115942029,0.5793880837359099,0.4314090177133656,1242.0,666.0,576.0,0.7925585539117999,0.1880518726271942,0.5602134885564686,0.46698872785829315,0.5162418387450337,0.9045929500668268,666.0,576.0,1242.0,1.0,0.7334943639291466,1.0,4.0,0.00322061191626409,0.0008051529790660225,911.0,0.0,1.0,1.0,-0.21,-0.00016908212560386472,-0.21,0.0,-0.21,0.0009581320450885668,0.0,0.01400440767680084,0.47906602254428343,0.4983311891555786,0.0,0.4983311891555786
xgboost,0.18,-3.0,0.0,1242.0,1.0,0.7492492492492493,0.7152777777777778,0.7322635135135136,0.7334943639291466,0.7334943639291466,0.5362318840579711,0.463768115942029,0.5793880837359099,0.4314090177133656,1242.0,666.0,576.0,0.7925585539117999,0.1880518726271942,0.5602134885564686,0.46698872785829315,0.5162418387450337,0.9045929500668268,666.0,576.0,1242.0,1.0,0.7334943639291466,1.0,4.0,0.00322061191626409,0.0008051529790660225,911.0,0.0,1.0,1.0,-0.21,-0.00016908212560386472,-0.21,0.0,-0.21,0.0009581320450885668,0.0,0.01400440767680084,0.47906602254428343,0.4983311891555786,0.0,0.4983311891555786
xgboost,0.185,-3.0,0.0,1242.0,1.0,0.7492492492492493,0.7152777777777778,0.7322635135135136,0.7334943639291466,0.7334943639291466,0.5362318840579711,0.463768115942029,0.5793880837359099,0.4314090177133656,1242.0,666.0,576.0,0.7925585539117999,0.1880518726271942,0.5602134885564686,0.46698872785829315,0.5162418387450337,0.9045929500668268,666.0,576.0,1242.0,1.0,0.7334943639291466,1.0,3.0,0.0024154589371980675,0.0008051529790660225,911.0,0.0,1.0,1.0,-0.21,-0.00016908212560386472,-0.21,0.0,-0.21,0.0005877616747181965,0.0,0.01400440767680084,0.47906602254428343,0.4962359666824341,0.0,0.4962359666824341
xgboost,0.19,-3.0,0.0,1242.0,1.0,0.7492492492492493,0.7152777777777778,0.7322635135135136,0.7334943639291466,0.7334943639291466,0.5362318840579711,0.463768115942029,0.5793880837359099,0.4314090177133656,1242.0,666.0,576.0,0.7925585539117999,0.1880518726271942,0.5602134885564686,0.46698872785829315,0.5162418387450337,0.9045929500668268,666.0,576.0,1242.0,1.0,0.7334943639291466,1.0,3.0,0.0024154589371980675,0.0008051529790660225,911.0,0.0,1.0,1.0,-0.21,-0.00016908212560386472,-0.21,0.0,-0.21,0.0005877616747181965,0.0,0.01400440767680084,0.47906602254428343,0.4962359666824341,0.0,0.4962359666824341
xgboost,0.195,-3.0,0.0,1242.0,1.0,0.7492492492492493,0.7152777777777778,0.7322635135135136,0.7334943639291466,0.7334943639291466,0.5362318840579711,0.463768115942029,0.5793880837359099,0.4314090177133656,1242.0,666.0,576.0,0.7925585539117999,0.1880518726271942,0.5602134885564686,0.46698872785829315,0.5162418387450337,0.9045929500668268,666.0,576.0,1242.0,1.0,0.7334943639291466,0.0,1.0,0.0008051529790660225,0.0,911.0,0.0,,,0.0,0.0,,0.0,0.0,0.00020933977455716587,0.0,0.01400440767680084,0.47906602254428343,0.4639502167701721,0.0,0.4639502167701721
xgboost,0.2,-3.0,0.0,1242.0,1.0,0.7492492492492493,0.7152777777777778,0.7322635135135136,0.7334943639291466,0.7334943639291466,0.5362318840579711,0.463768115942029,0.5793880837359099,0.4314090177133656,1242.0,666.0,576.0,0.7925585539117999,0.1880518726271942,0.5602134885564686,0.46698872785829315,0.5162418387450337,0.9045929500668268,666.0,576.0,1242.0,1.0,0.7334943639291466,0.0,1.0,0.0008051529790660225,0.0,911.0,0.0,,,0.0,0.0,,0.0,0.0,0.00020933977455716587,0.0,0.01400440767680084,0.47906602254428343,0.4639502167701721,0.0,0.4639502167701721
xgboost,-0.25,-2.0,0.0,1242.0,1.0,0.7492492492492493,0.7152777777777778,0.7322635135135136,0.7334943639291466,0.7334943639291466,0.5362318840579711,0.463768115942029,0.5793880837359099,0.4314090177133656,1242.0,666.0,576.0,0.7925585539117999,0.1880518726271942,0.5602134885564686,0.46698872785829315,0.5162418387450337,0.9045929500668268,666.0,576.0,1242.0,1.0,0.7334943639291466,593.0,1242.0,1.0,0.4774557165861514,911.0,0.287596048298573,1.0,0.7824773413897281,52.11999999999999,0.041964573268921085,0.08789207419898817,131.88,-79.76,0.35963768115942024,0.46,0.0250803302404161,0.37922705314009664,0.32014873437685676,0.287596048298573,0.032552686078283766
xgboost,-0.245,-2.0,0.0,1242.0,1.0,0.7492492492492493,0.7152777777777778,0.7322635135135136,0.7334943639291466,0.7334943639291466,0.5362318840579711,0.463768115942029,0.5793880837359099,0.4314090177133656,1242.0,666.0,576.0,0.7925585539117999,0.1880518726271942,0.5602134885564686,0.46698872785829315,0.5162418387450337,0.9045929500668268,666.0,576.0,1242.0,1.0,0.7334943639291466,593.0,1242.0,1.0,0.4774557165861514,911.0,0.287596048298573,1.0,0.7824773413897281,52.11999999999999,0.041964573268921085,0.08789207419898817,131.88,-79.76,0.35963768115942024,0.46,0.0250803302404161,0.37922705314009664,0.32014873437685676,0.287596048298573,0.032552686078283766
xgboost,-0.24,-2.0,0.0,1242.0,1.0,0.7492492492492493,0.7152777777777778,0.7322635135135136,0.7334943639291466,0.7334943639291466,0.5362318840579711,0.463768115942029,0.5793880837359099,0.4314090177133656,1242.0,666.0,576.0,0.7925585539117999,0.1880518726271942,0.5602134885564686,0.46698872785829315,0.5162418387450337,0.9045929500668268,666.0,576.0,1242.0,1.0,0.7334943639291466,593.0,1242.0,1.0,0.4774557165861514,911.0,0.287596048298573,1.0,0.7824773413897281,52.11999999999999,0.041964573268921085,0.08789207419898817,131.88,-79.76,0.35963768115942024,0.46,0.0250803302404161,0.37922705314009664,0.32014873437685676,0.287596048298573,0.032552686078283766
xgboost,-0.235,-2.0,0.0,1242.0,1.0,0.7492492492492493,0.7152777777777778,0.7322635135135136,0.7334943639291466,0.7334943639291466,0.5362318840579711,0.463768115942029,0.5793880837359099,0.4314090177133656,1242.0,666.0,576.0,0.7925585539117999,0.1880518726271942,0.5602134885564686,0.46698872785829315,0.5162418387450337,0.9045929500668268,666.0,576.0,1242.0,1.0,0.7334943639291466,593.0,1242.0,1.0,0.4774557165861514,911.0,0.287596048298573,1.0,0.7824773413897281,52.11999999999999,0.041964573268921085,0.08789207419898817,131.88,-79.76,0.35963768115942024,0.46,0.0250803302404161,0.37922705314009664,0.32014873437685676,0.287596048298573,0.032552686078283766
xgboost,-0.23,-2.0,0.0,1242.0,1.0,0.7492492492492493,0.7152777777777778,0.7322635135135136,0.7334943639291466,0.7334943639291466,0.5362318840579711,0.463768115942029,0.5793880837359099,0.4314090177133656,1242.0,666.0,576.0,0.7925585539117999,0.1880518726271942,0.5602134885564686,0.46698872785829315,0.5162418387450337,0.9045929500668268,666.0,576.0,1242.0,1.0,0.7334943639291466,593.0,1242.0,1.0,0.4774557165861514,911.0,0.287596048298573,1.0,0.7824773413897281,52.11999999999999,0.041964573268921085,0.08789207419898817,131.88,-79.76,0.35963768115942024,0.46,0.0250803302404161,0.37922705314009664,0.32014873437685676,0.287596048298573,0.032552686078283766
xgboost,-0.225,-2.0,0.0,1242.0,1.0,0.7492492492492493,0.7152777777777778,0.7322635135135136,0.7334943639291466,0.7334943639291466,0.5362318840579711,0.463768115942029,0.5793880837359099,0.4314090177133656,1242.0,666.0,576.0,0.7925585539117999,0.1880518726271942,0.5602134885564686,0.46698872785829315,0.5162418387450337,0.9045929500668268,666.0,576.0,1242.0,1.0,0.7334943639291466,593.0,1242.0,1.0,0.4774557165861514,911.0,0.287596048298573,1.0,0.7824773413897281,52.11999999999999,0.041964573268921085,0.08789207419898817,131.88,-79.76,0.35963768115942024,0.46,0.0250803302404161,0.37922705314009664,0.32014873437685676,0.287596048298573,0.032552686078283766
xgboost,-0.22,-2.0,0.0,1242.0,1.0,0.7492492492492493,0.7152777777777778,0.7322635135135136,0.7334943639291466,0.7334943639291466,0.5362318840579711,0.463768115942029,0.5793880837359099,0.4314090177133656,1242.0,666.0,576.0,0.7925585539117999,0.1880518726271942,0.5602134885564686,0.46698872785829315,0.5162418387450337,0.9045929500668268,666.0,576.0,1242.0,1.0,0.7334943639291466,593.0,1242.0,1.0,0.4774557165861514,911.0,0.287596048298573,1.0,0.7824773413897281,52.11999999999999,0.041964573268921085,0.08789207419898817,131.88,-79.76,0.35963768115942024,0.46,0.0250803302404161,0.37922705314009664,0.32014873437685676,0.287596048298573,0.032552686078283766
xgboost,-0.215,-2.0,0.0,1242.0,1.0,0.7492492492492493,0.7152777777777778,0.7322635135135136,0.7334943639291466,0.7334943639291466,0.5362318840579711,0.463768115942029,0.5793880837359099,0.4314090177133656,1242.0,666.0,576.0,0.7925585539117999,0.1880518726271942,0.5602134885564686,0.46698872785829315,0.5162418387450337,0.9045929500668268,666.0,576.0,1242.0,1.0,0.7334943639291466,593.0,1242.0,1.0,0.4774557165861514,911.0,0.287596048298573,1.0,0.7824773413897281,52.11999999999999,0.041964573268921085,0.08789207419898817,131.88,-79.76,0.35963768115942024,0.46,0.0250803302404161,0.37922705314009664,0.32014873437685676,0.287596048298573,0.032552686078283766
xgboost,-0.21,-2.0,0.0,1242.0,1.0,0.7492492492492493,0.7152777777777778,0.7322635135135136,0.7334943639291466,0.7334943639291466,0.5362318840579711,0.463768115942029,0.5793880837359099,0.4314090177133656,1242.0,666.0,576.0,0.7925585539117999,0.1880518726271942,0.5602134885564686,0.46698872785829315,0.5162418387450337,0.9045929500668268,666.0,576.0,1242.0,1.0,0.7334943639291466,593.0,1242.0,1.0,0.4774557165861514,911.0,0.287596048298573,1.0,0.7824773413897281,52.11999999999999,0.041964573268921085,0.08789207419898817,131.88,-79.76,0.35963768115942024,0.46,0.0250803302404161,0.37922705314009664,0.32014873437685676,0.287596048298573,0.032552686078283766
xgboost,-0.205,-2.0,0.0,1242.0,1.0,0.7492492492492493,0.7152777777777778,0.7322635135135136,0.7334943639291466,0.7334943639291466,0.5362318840579711,0.463768115942029,0.5793880837359099,0.4314090177133656,1242.0,666.0,576.0,0.7925585539117999,0.1880518726271942,0.5602134885564686,0.46698872785829315,0.5162418387450337,0.9045929500668268,666.0,576.0,1242.0,1.0,0.7334943639291466,593.0,1242.0,1.0,0.4774557165861514,911.0,0.287596048298573,1.0,0.7824773413897281,52.11999999999999,0.041964573268921085,0.08789207419898817,131.88,-79.76,0.35963768115942024,0.46,0.0250803302404161,0.37922705314009664,0.32014873437685676,0.287596048298573,0.032552686078283766
xgboost,-0.2,-2.0,0.0,1242.0,1.0,0.7492492492492493,0.7152777777777778,0.7322635135135136,0.7334943639291466,0.7334943639291466,0.5362318840579711,0.463768115942029,0.5793880837359099,0.4314090177133656,1242.0,666.0,576.0,0.7925585539117999,0.1880518726271942,0.5602134885564686,0.46698872785829315,0.5162418387450337,0.9045929500668268,666.0,576.0,1242.0,1.0,0.7334943639291466,593.0,1242.0,1.0,0.4774557165861514,911.0,0.287596048298573,1.0,0.7824773413897281,52.11999999999999,0.041964573268921085,0.08789207419898817,131.88,-79.76,0.35963768115942024,0.46,0.0250803302404161,0.37922705314009664,0.32014873437685676,0.287596048298573,0.032552686078283766
xgboost,-0.195,-2.0,0.0,1242.0,1.0,0.7492492492492493,0.7152777777777778,0.7322635135135136,0.7334943639291466,0.7334943639291466,0.5362318840579711,0.463768115942029,0.5793880837359099,0.4314090177133656,1242.0,666.0,576.0,0.7925585539117999,0.1880518726271942,0.5602134885564686,0.46698872785829315,0.5162418387450337,0.9045929500668268,666.0,576.0,1242.0,1.0,0.7334943639291466,593.0,1242.0,1.0,0.4774557165861514,911.0,0.287596048298573,1.0,0.7824773413897281,52.11999999999999,0.041964573268921085,0.08789207419898817,131.88,-79.76,0.35963768115942024,0.46,0.0250803302404161,0.37922705314009664,0.32014873437685676,0.287596048298573,0.032552686078283766
xgboost,-0.19,-2.0,0.0,1242.0,1.0,0.7492492492492493,0.7152777777777778,0.7322635135135136,0.7334943639291466,0.7334943639291466,0.5362318840579711,0.463768115942029,0.5793880837359099,0.4314090177133656,1242.0,666.0,576.0,0.7925585539117999,0.1880518726271942,0.5602134885564686,0.46698872785829315,0.5162418387450337,0.9045929500668268,666.0,576.0,1242.0,1.0,0.7334943639291466,593.0,1242.0,1.0,0.4774557165861514,911.0,0.287596048298573,1.0,0.7824773413897281,52.11999999999999,0.041964573268921085,0.08789207419898817,131.88,-79.76,0.35963768115942024,0.46,0.0250803302404161,0.37922705314009664,0.32014873437685676,0.287596048298573,0.032552686078283766
xgboost,-0.185,-2.0,0.0,1242.0,1.0,0.7492492492492493,0.7152777777777778,0.7322635135135136,0.7334943639291466,0.7334943639291466,0.5362318840579711,0.463768115942029,0.5793880837359099,0.4314090177133656,1242.0,666.0,576.0,0.7925585539117999,0.1880518726271942,0.5602134885564686,0.46698872785829315,0.5162418387450337,0.9045929500668268,666.0,576.0,1242.0,1.0,0.7334943639291466,593.0,1242.0,1.0,0.4774557165861514,911.0,0.287596048298573,1.0,0.7824773413897281,52.11999999999999,0.041964573268921085,0.08789207419898817,131.88,-79.76,0.35963768115942024,0.46,0.0250803302404161,0.37922705314009664,0.32014873437685676,0.287596048298573,0.032552686078283766
xgboost,-0.18,-2.0,0.0,1242.0,1.0,0.7492492492492493,0.7152777777777778,0.7322635135135136,0.7334943639291466,0.7334943639291466,0.5362318840579711,0.463768115942029,0.5793880837359099,0.4314090177133656,1242.0,666.0,576.0,0.7925585539117999,0.1880518726271942,0.5602134885564686,0.46698872785829315,0.5162418387450337,0.9045929500668268,666.0,576.0,1242.0,1.0,0.7334943639291466,593.0,1242.0,1.0,0.4774557165861514,911.0,0.287596048298573,1.0,0.7824773413897281,52.11999999999999,0.041964573268921085,0.08789207419898817,131.88,-79.76,0.35963768115942024,0.46,0.0250803302404161,0.37922705314009664,0.32014873437685676,0.287596048298573,0.032552686078283766
xgboost,-0.175,-2.0,0.0,1242.0,1.0,0.7492492492492493,0.7152777777777778,0.7322635135135136,0.7334943639291466,0.7334943639291466,0.5362318840579711,0.463768115942029,0.5793880837359099,0.4314090177133656,1242.0,666.0,576.0,0.7925585539117999,0.1880518726271942,0.5602134885564686,0.46698872785829315,0.5162418387450337,0.9045929500668268,666.0,576.0,1242.0,1.0,0.7334943639291466,593.0,1242.0,1.0,0.4774557165861514,911.0,0.287596048298573,1.0,0.7824773413897281,52.11999999999999,0.041964573268921085,0.08789207419898817,131.88,-79.76,0.35963768115942024,0.46,0.0250803302404161,0.37922705314009664,0.32014873437685676,0.287596048298573,0.032552686078283766
xgboost,-0.17,-2.0,0.0,1242.0,1.0,0.7492492492492493,0.7152777777777778,0.7322635135135136,0.7334943639291466,0.7334943639291466,0.5362318840579711,0.463768115942029,0.5793880837359099,0.4314090177133656,1242.0,666.0,576.0,0.7925585539117999,0.1880518726271942,0.5602134885564686,0.46698872785829315,0.5162418387450337,0.9045929500668268,666.0,576.0,1242.0,1.0,0.7334943639291466,593.0,1242.0,1.0,0.4774557165861514,911.0,0.287596048298573,1.0,0.7824773413897281,52.11999999999999,0.041964573268921085,0.08789207419898817,131.88,-79.76,0.35963768115942024,0.46,0.0250803302404161,0.37922705314009664,0.32014873437685676,0.287596048298573,0.032552686078283766
xgboost,-0.165,-2.0,0.0,1242.0,1.0,0.7492492492492493,0.7152777777777778,0.7322635135135136,0.7334943639291466,0.7334943639291466,0.5362318840579711,0.463768115942029,0.5793880837359099,0.4314090177133656,1242.0,666.0,576.0,0.7925585539117999,0.1880518726271942,0.5602134885564686,0.46698872785829315,0.5162418387450337,0.9045929500668268,666.0,576.0,1242.0,1.0,0.7334943639291466,593.0,1242.0,1.0,0.4774557165861514,911.0,0.287596048298573,1.0,0.7824773413897281,52.11999999999999,0.041964573268921085,0.08789207419898817,131.88,-79.76,0.35963768115942024,0.46,0.0250803302404161,0.37922705314009664,0.32014873437685676,0.287596048298573,0.032552686078283766
xgboost,-0.16,-2.0,0.0,1242.0,1.0,0.7492492492492493,0.7152777777777778,0.7322635135135136,0.7334943639291466,0.7334943639291466,0.5362318840579711,0.463768115942029,0.5793880837359099,0.4314090177133656,1242.0,666.0,576.0,0.7925585539117999,0.1880518726271942,0.5602134885564686,0.46698872785829315,0.5162418387450337,0.9045929500668268,666.0,576.0,1242.0,1.0,0.7334943639291466,593.0,1242.0,1.0,0.4774557165861514,911.0,0.287596048298573,1.0,0.7824773413897281,52.11999999999999,0.041964573268921085,0.08789207419898817,131.88,-79.76,0.35963768115942024,0.46,0.0250803302404161,0.37922705314009664,0.32014873437685676,0.287596048298573,0.032552686078283766
xgboost,-0.155,-2.0,0.0,1242.0,1.0,0.7492492492492493,0.7152777777777778,0.7322635135135136,0.7334943639291466,0.7334943639291466,0.5362318840579711,0.463768115942029,0.5793880837359099,0.4314090177133656,1242.0,666.0,576.0,0.7925585539117999,0.1880518726271942,0.5602134885564686,0.46698872785829315,0.5162418387450337,0.9045929500668268,666.0,576.0,1242.0,1.0,0.7334943639291466,593.0,1242.0,1.0,0.4774557165861514,911.0,0.287596048298573,1.0,0.7824773413897281,52.11999999999999,0.041964573268921085,0.08789207419898817,131.88,-79.76,0.35963768115942024,0.46,0.0250803302404161,0.37922705314009664,0.32014873437685676,0.287596048298573,0.032552686078283766
xgboost,-0.15,-2.0,0.0,1242.0,1.0,0.7492492492492493,0.7152777777777778,0.7322635135135136,0.7334943639291466,0.7334943639291466,0.5362318840579711,0.463768115942029,0.5793880837359099,0.4314090177133656,1242.0,666.0,576.0,0.7925585539117999,0.1880518726271942,0.5602134885564686,0.46698872785829315,0.5162418387450337,0.9045929500668268,666.0,576.0,1242.0,1.0,0.7334943639291466,593.0,1242.0,1.0,0.4774557165861514,911.0,0.287596048298573,1.0,0.7824773413897281,52.11999999999999,0.041964573268921085,0.08789207419898817,131.88,-79.76,0.35963768115942024,0.46,0.0250803302404161,0.37922705314009664,0.32014873437685676,0.287596048298573,0.032552686078283766
xgboost,-0.145,-2.0,0.0,1242.0,1.0,0.7492492492492493,0.7152777777777778,0.7322635135135136,0.7334943639291466,0.7334943639291466,0.5362318840579711,0.463768115942029,0.5793880837359099,0.4314090177133656,1242.0,666.0,576.0,0.7925585539117999,0.1880518726271942,0.5602134885564686,0.46698872785829315,0.5162418387450337,0.9045929500668268,666.0,576.0,1242.0,1.0,0.7334943639291466,593.0,1242.0,1.0,0.4774557165861514,911.0,0.287596048298573,1.0,0.7824773413897281,52.11999999999999,0.041964573268921085,0.08789207419898817,131.88,-79.76,0.35963768115942024,0.46,0.0250803302404161,0.37922705314009664,0.32014873437685676,0.287596048298573,0.032552686078283766
xgboost,-0.14,-2.0,0.0,1242.0,1.0,0.7492492492492493,0.7152777777777778,0.7322635135135136,0.7334943639291466,0.7334943639291466,0.5362318840579711,0.463768115942029,0.5793880837359099,0.4314090177133656,1242.0,666.0,576.0,0.7925585539117999,0.1880518726271942,0.5602134885564686,0.46698872785829315,0.5162418387450337,0.9045929500668268,666.0,576.0,1242.0,1.0,0.7334943639291466,593.0,1242.0,1.0,0.4774557165861514,911.0,0.287596048298573,1.0,0.7824773413897281,52.11999999999999,0.041964573268921085,0.08789207419898817,131.88,-79.76,0.35963768115942024,0.46,0.0250803302404161,0.37922705314009664,0.32014873437685676,0.287596048298573,0.032552686078283766
xgboost,-0.135,-2.0,0.0,1242.0,1.0,0.7492492492492493,0.7152777777777778,0.7322635135135136,0.7334943639291466,0.7334943639291466,0.5362318840579711,0.463768115942029,0.5793880837359099,0.4314090177133656,1242.0,666.0,576.0,0.7925585539117999,0.1880518726271942,0.5602134885564686,0.46698872785829315,0.5162418387450337,0.9045929500668268,666.0,576.0,1242.0,1.0,0.7334943639291466,593.0,1242.0,1.0,0.4774557165861514,911.0,0.287596048298573,1.0,0.7824773413897281,52.11999999999999,0.041964573268921085,0.08789207419898817,131.88,-79.76,0.35963768115942024,0.46,0.0250803302404161,0.37922705314009664,0.32014873437685676,0.287596048298573,0.032552686078283766
xgboost,-0.13,-2.0,0.0,1242.0,1.0,0.7492492492492493,0.7152777777777778,0.7322635135135136,0.7334943639291466,0.7334943639291466,0.5362318840579711,0.463768115942029,0.5793880837359099,0.4314090177133656,1242.0,666.0,576.0,0.7925585539117999,0.1880518726271942,0.5602134885564686,0.46698872785829315,0.5162418387450337,0.9045929500668268,666.0,576.0,1242.0,1.0,0.7334943639291466,593.0,1242.0,1.0,0.4774557165861514,911.0,0.287596048298573,1.0,0.7824773413897281,52.11999999999999,0.041964573268921085,0.08789207419898817,131.88,-79.76,0.35963768115942024,0.46,0.0250803302404161,0.37922705314009664,0.32014873437685676,0.287596048298573,0.032552686078283766
xgboost,-0.125,-2.0,0.0,1242.0,1.0,0.7492492492492493,0.7152777777777778,0.7322635135135136,0.7334943639291466,0.7334943639291466,0.5362318840579711,0.463768115942029,0.5793880837359099,0.4314090177133656,1242.0,666.0,576.0,0.7925585539117999,0.1880518726271942,0.5602134885564686,0.46698872785829315,0.5162418387450337,0.9045929500668268,666.0,576.0,1242.0,1.0,0.7334943639291466,593.0,1242.0,1.0,0.4774557165861514,911.0,0.287596048298573,1.0,0.7824773413897281,52.11999999999999,0.041964573268921085,0.08789207419898817,131.88,-79.76,0.35963768115942024,0.46,0.0250803302404161,0.37922705314009664,0.32014873437685676,0.287596048298573,0.032552686078283766
xgboost,-0.12,-2.0,0.0,1242.0,1.0,0.7492492492492493,0.7152777777777778,0.7322635135135136,0.7334943639291466,0.7334943639291466,0.5362318840579711,0.463768115942029,0.5793880837359099,0.4314090177133656,1242.0,666.0,576.0,0.7925585539117999,0.1880518726271942,0.5602134885564686,0.46698872785829315,0.5162418387450337,0.9045929500668268,666.0,576.0,1242.0,1.0,0.7334943639291466,593.0,1242.0,1.0,0.4774557165861514,911.0,0.287596048298573,1.0,0.7824773413897281,52.11999999999999,0.041964573268921085,0.08789207419898817,131.88,-79.76,0.35963768115942024,0.46,0.0250803302404161,0.37922705314009664,0.32014873437685676,0.287596048298573,0.032552686078283766
xgboost,-0.115,-2.0,0.0,1242.0,1.0,0.7492492492492493,0.7152777777777778,0.7322635135135136,0.7334943639291466,0.7334943639291466,0.5362318840579711,0.463768115942029,0.5793880837359099,0.4314090177133656,1242.0,666.0,576.0,0.7925585539117999,0.1880518726271942,0.5602134885564686,0.46698872785829315,0.5162418387450337,0.9045929500668268,666.0,576.0,1242.0,1.0,0.7334943639291466,593.0,1242.0,1.0,0.4774557165861514,911.0,0.287596048298573,1.0,0.7824773413897281,52.11999999999999,0.041964573268921085,0.08789207419898817,131.88,-79.76,0.35963768115942024,0.46,0.0250803302404161,0.37922705314009664,0.32014873437685676,0.287596048298573,0.032552686078283766
xgboost,-0.11,-2.0,0.0,1242.0,1.0,0.7492492492492493,0.7152777777777778,0.7322635135135136,0.7334943639291466,0.7334943639291466,0.5362318840579711,0.463768115942029,0.5793880837359099,0.4314090177133656,1242.0,666.0,576.0,0.7925585539117999,0.1880518726271942,0.5602134885564686,0.46698872785829315,0.5162418387450337,0.9045929500668268,666.0,576.0,1242.0,1.0,0.7334943639291466,593.0,1242.0,1.0,0.4774557165861514,911.0,0.287596048298573,1.0,0.7824773413897281,52.11999999999999,0.041964573268921085,0.08789207419898817,131.88,-79.76,0.35963768115942024,0.46,0.0250803302404161,0.37922705314009664,0.32014873437685676,0.287596048298573,0.032552686078283766
xgboost,-0.105,-2.0,0.0,1242.0,1.0,0.7492492492492493,0.7152777777777778,0.7322635135135136,0.7334943639291466,0.7334943639291466,0.5362318840579711,0.463768115942029,0.5793880837359099,0.4314090177133656,1242.0,666.0,576.0,0.7925585539117999,0.1880518726271942,0.5602134885564686,0.46698872785829315,0.5162418387450337,0.9045929500668268,666.0,576.0,1242.0,1.0,0.7334943639291466,593.0,1242.0,1.0,0.4774557165861514,911.0,0.287596048298573,1.0,0.7824773413897281,52.11999999999999,0.041964573268921085,0.08789207419898817,131.88,-79.76,0.35963768115942024,0.46,0.0250803302404161,0.37922705314009664,0.32014873437685676,0.287596048298573,0.032552686078283766
xgboost,-0.1,-2.0,0.0,1242.0,1.0,0.7492492492492493,0.7152777777777778,0.7322635135135136,0.7334943639291466,0.7334943639291466,0.5362318840579711,0.463768115942029,0.5793880837359099,0.4314090177133656,1242.0,666.0,576.0,0.7925585539117999,0.1880518726271942,0.5602134885564686,0.46698872785829315,0.5162418387450337,0.9045929500668268,666.0,576.0,1242.0,1.0,0.7334943639291466,593.0,1242.0,1.0,0.4774557165861514,911.0,0.287596048298573,1.0,0.7824773413897281,52.11999999999999,0.041964573268921085,0.08789207419898817,131.88,-79.76,0.35963768115942024,0.46,0.0250803302404161,0.37922705314009664,0.32014873437685676,0.287596048298573,0.032552686078283766
xgboost,-0.095,-2.0,0.0,1242.0,1.0,0.7492492492492493,0.7152777777777778,0.7322635135135136,0.7334943639291466,0.7334943639291466,0.5362318840579711,0.463768115942029,0.5793880837359099,0.4314090177133656,1242.0,666.0,576.0,0.7925585539117999,0.1880518726271942,0.5602134885564686,0.46698872785829315,0.5162418387450337,0.9045929500668268,666.0,576.0,1242.0,1.0,0.7334943639291466,593.0,1242.0,1.0,0.4774557165861514,911.0,0.287596048298573,1.0,0.7824773413897281,52.11999999999999,0.041964573268921085,0.08789207419898817,131.88,-79.76,0.35963768115942024,0.46,0.0250803302404161,0.37922705314009664,0.32014873437685676,0.287596048298573,0.032552686078283766
xgboost,-0.09,-2.0,0.0,1242.0,1.0,0.7492492492492493,0.7152777777777778,0.7322635135135136,0.7334943639291466,0.7334943639291466,0.5362318840579711,0.463768115942029,0.5793880837359099,0.4314090177133656,1242.0,666.0,576.0,0.7925585539117999,0.1880518726271942,0.5602134885564686,0.46698872785829315,0.5162418387450337,0.9045929500668268,666.0,576.0,1242.0,1.0,0.7334943639291466,593.0,1242.0,1.0,0.4774557165861514,911.0,0.287596048298573,1.0,0.7824773413897281,52.11999999999999,0.041964573268921085,0.08789207419898817,131.88,-79.76,0.35963768115942024,0.46,0.0250803302404161,0.37922705314009664,0.32014873437685676,0.287596048298573,0.032552686078283766
xgboost,-0.085,-2.0,0.0,1242.0,1.0,0.7492492492492493,0.7152777777777778,0.7322635135135136,0.7334943639291466,0.7334943639291466,0.5362318840579711,0.463768115942029,0.5793880837359099,0.4314090177133656,1242.0,666.0,576.0,0.7925585539117999,0.1880518726271942,0.5602134885564686,0.46698872785829315,0.5162418387450337,0.9045929500668268,666.0,576.0,1242.0,1.0,0.7334943639291466,593.0,1242.0,1.0,0.4774557165861514,911.0,0.287596048298573,1.0,0.7824773413897281,52.11999999999999,0.041964573268921085,0.08789207419898817,131.88,-79.76,0.35963768115942024,0.46,0.0250803302404161,0.37922705314009664,0.32014873437685676,0.287596048298573,0.032552686078283766
xgboost,-0.08,-2.0,0.0,1242.0,1.0,0.7492492492492493,0.7152777777777778,0.7322635135135136,0.7334943639291466,0.7334943639291466,0.5362318840579711,0.463768115942029,0.5793880837359099,0.4314090177133656,1242.0,666.0,576.0,0.7925585539117999,0.1880518726271942,0.5602134885564686,0.46698872785829315,0.5162418387450337,0.9045929500668268,666.0,576.0,1242.0,1.0,0.7334943639291466,593.0,1242.0,1.0,0.4774557165861514,911.0,0.287596048298573,1.0,0.7824773413897281,52.11999999999999,0.041964573268921085,0.08789207419898817,131.88,-79.76,0.35963768115942024,0.46,0.0250803302404161,0.37922705314009664,0.32014873437685676,0.287596048298573,0.032552686078283766
xgboost,-0.075,-2.0,0.0,1242.0,1.0,0.7492492492492493,0.7152777777777778,0.7322635135135136,0.7334943639291466,0.7334943639291466,0.5362318840579711,0.463768115942029,0.5793880837359099,0.4314090177133656,1242.0,666.0,576.0,0.7925585539117999,0.1880518726271942,0.5602134885564686,0.46698872785829315,0.5162418387450337,0.9045929500668268,666.0,576.0,1242.0,1.0,0.7334943639291466,593.0,1242.0,1.0,0.4774557165861514,911.0,0.287596048298573,1.0,0.7824773413897281,52.11999999999999,0.041964573268921085,0.08789207419898817,131.88,-79.76,0.35963768115942024,0.46,0.0250803302404161,0.37922705314009664,0.32014873437685676,0.287596048298573,0.032552686078283766
xgboost,-0.07,-2.0,0.0,1242.0,1.0,0.7492492492492493,0.7152777777777778,0.7322635135135136,0.7334943639291466,0.7334943639291466,0.5362318840579711,0.463768115942029,0.5793880837359099,0.4314090177133656,1242.0,666.0,576.0,0.7925585539117999,0.1880518726271942,0.5602134885564686,0.46698872785829315,0.5162418387450337,0.9045929500668268,666.0,576.0,1242.0,1.0,0.7334943639291466,593.0,1242.0,1.0,0.4774557165861514,911.0,0.287596048298573,1.0,0.7824773413897281,52.11999999999999,0.041964573268921085,0.08789207419898817,131.88,-79.76,0.35963768115942024,0.46,0.0250803302404161,0.37922705314009664,0.32014873437685676,0.287596048298573,0.032552686078283766
xgboost,-0.065,-2.0,0.0,1242.0,1.0,0.7492492492492493,0.7152777777777778,0.7322635135135136,0.7334943639291466,0.7334943639291466,0.5362318840579711,0.463768115942029,0.5793880837359099,0.4314090177133656,1242.0,666.0,576.0,0.7925585539117999,0.1880518726271942,0.5602134885564686,0.46698872785829315,0.5162418387450337,0.9045929500668268,666.0,576.0,1242.0,1.0,0.7334943639291466,593.0,1241.0,0.999194847020934,0.4774557165861514,911.0,0.287596048298573,1.0,0.7824773413897281,52.11999999999999,0.041964573268921085,0.08789207419898817,131.88,-79.76,0.35914653784219,0.46,0.0250803302404161,0.37922705314009664,0.3201892247597513,0.2879120879120879,0.032277136847663424
xgboost,-0.06,-2.0,0.0,1242.0,1.0,0.7492492492492493,0.7152777777777778,0.7322635135135136,0.7334943639291466,0.7334943639291466,0.5362318840579711,0.463768115942029,0.5793880837359099,0.4314090177133656,1242.0,666.0,576.0,0.7925585539117999,0.1880518726271942,0.5602134885564686,0.46698872785829315,0.5162418387450337,0.9045929500668268,666.0,576.0,1242.0,1.0,0.7334943639291466,591.0,1239.0,0.9975845410628019,0.4758454106280193,911.0,0.287596048298573,1.0,0.7811550151975684,53.14,0.04278582930756844,0.08991539763113367,131.88,-78.74,0.3583252818035427,0.46,0.0250803302404161,0.37922705314009664,0.3201892247597513,0.2879120879120879,0.032277136847663424
xgboost,-0.055,-2.0,0.0,1242.0,1.0,0.7492492492492493,0.7152777777777778,0.7322635135135136,0.7334943639291466,0.7334943639291466,0.5362318840579711,0.463768115942029,0.5793880837359099,0.4314090177133656,1242.0,666.0,576.0,0.7925585539117999,0.1880518726271942,0.5602134885564686,0.46698872785829315,0.5162418387450337,0.9045929500668268,666.0,576.0,1242.0,1.0,0.7334943639291466,590.0,1237.0,0.9959742351046699,0.4750402576489533,911.0,0.287596048298573,1.0,0.7804878048780488,53.699999999999996,0.04323671497584541,0.09101694915254238,131.88,-78.17999999999999,0.35746376811594205,0.46,0.0250803302404161,0.37922705314009664,0.3201515939859192,0.28822882288228824,0.031922771103630954
xgboost,-0.05,-2.0,0.0,1242.0,1.0,0.7492492492492493,0.7152777777777778,0.7322635135135136,0.7334943639291466,0.7334943639291466,0.5362318840579711,0.463768115942029,0.5793880837359099,0.4314090177133656,1242.0,666.0,576.0,0.7925585539117999,0.1880518726271942,0.5602134885564686,0.46698872785829315,0.5162418387450337,0.9045929500668268,666.0,576.0,1242.0,1.0,0.7334943639291466,590.0,1234.0,0.9935587761674718,0.4750402576489533,911.0,0.287596048298573,1.0,0.7804878048780488,53.699999999999996,0.04323671497584541,0.09101694915254238,131.88,-78.17999999999999,0.356231884057971,0.46,0.0250803302404161,0.37922705314009664,0.3202205897724178,0.2891832229580574,0.031037366814360423
xgboost,-0.045,-2.0,0.0,1242.0,1.0,0.7492492492492493,0.7152777777777778,0.7322635135135136,0.7334943639291466,0.7334943639291466,0.5362318840579711,0.463768115942029,0.5793880837359099,0.4314090177133656,1242.0,666.0,576.0,0.7925585539117999,0.1880518726271942,0.5602134885564686,0.46698872785829315,0.5162418387450337,0.9045929500668268,666.0,576.0,1242.0,1.0,0.7334943639291466,585.0,1223.0,0.9847020933977456,0.47101449275362317,911.0,0.2843029637760702,1.0,0.7791411042944786,53.2,0.0428341384863124,0.09094017094017094,130.36,-77.16,0.3514734299516908,0.46,0.0250803302404161,0.37922705314009664,0.320451052345485,0.2887402452619844,0.0317108070835006
xgboost,-0.04,-2.0,0.0,1242.0,1.0,0.7492492492492493,0.7152777777777778,0.7322635135135136,0.7334943639291466,0.7334943639291466,0.5362318840579711,0.463768115942029,0.5793880837359099,0.4314090177133656,1242.0,666.0,576.0,0.7925585539117999,0.1880518726271942,0.5602134885564686,0.46698872785829315,0.5162418387450337,0.9045929500668268,666.0,576.0,1242.0,1.0,0.7334943639291466,580.0,1214.0,0.9774557165861514,0.4669887278582931,911.0,0.28210757409440174,1.0,0.7770897832817337,53.7,0.043236714975845414,0.0925862068965517,129.48000000000002,-75.78,0.34789855072463766,0.46,0.0250803302404161,0.37922705314009664,0.3201202726990871,0.2884399551066218,0.03168031759246531
xgboost,-0.035,-2.0,0.0,1242.0,1.0,0.7492492492492493,0.7152777777777778,0.7322635135135136,0.7334943639291466,0.7334943639291466,0.5362318840579711,0.463768115942029,0.5793880837359099,0.4314090177133656,1242.0,666.0,576.0,0.7925585539117999,0.1880518726271942,0.5602134885564686,0.46698872785829315,0.5162418387450337,0.9045929500668268,666.0,576.0,1242.0,1.0,0.7334943639291466,570.0,1202.0,0.9677938808373591,0.45893719806763283,911.0,0.27442371020856204,1.0,0.775,51.3,0.041304347826086954,0.09,126.1,-74.80000000000001,0.34329307568438,0.46,0.0250803302404161,0.37922705314009664,0.3195716346098773,0.2834467120181406,0.03612492259173672
xgboost,-0.03,-2.0,0.0,1242.0,1.0,0.7492492492492493,0.7152777777777778,0.7322635135135136,0.7334943639291466,0.7334943639291466,0.5362318840579711,0.463768115942029,0.5793880837359099,0.4314090177133656,1242.0,666.0,576.0,0.7925585539117999,0.1880518726271942,0.5602134885564686,0.46698872785829315,0.5162418387450337,0.9045929500668268,666.0,576.0,1242.0,1.0,0.7334943639291466,564.0,1187.0,0.9557165861513688,0.45410628019323673,911.0,0.2711306256860593,1.0,0.7728706624605678,50.809999999999995,0.0409098228663446,0.09008865248226951,124.42999999999999,-73.62,0.3374557165861513,0.46,0.0250803302404161,0.37922705314009664,0.3198502720290816,0.28390804597701147,0.03594222605207015
xgboost,-0.025,-2.0,0.0,1242.0,1.0,0.7492492492492493,0.7152777777777778,0.7322635135135136,0.7334943639291466,0.7334943639291466,0.5362318840579711,0.463768115942029,0.5793880837359099,0.4314090177133656,1242.0,666.0,576.0,0.7925585539117999,0.1880518726271942,0.5602134885564686,0.46698872785829315,0.5162418387450337,0.9045929500668268,666.0,576.0,1242.0,1.0,0.7334943639291466,556.0,1171.0,0.9428341384863124,0.4476650563607085,911.0,0.2689352360043908,1.0,0.7684887459807074,53.089999999999996,0.04274557165861513,0.09548561151079138,123.5,-70.41,0.3313687600644122,0.41,0.0250803302404161,0.37922705314009664,0.31985824566746,0.28488372093023256,0.03497452473722745
xgboost,-0.02,-2.0,0.0,1242.0,1.0,0.7492492492492493,0.7152777777777778,0.7322635135135136,0.7334943639291466,0.7334943639291466,0.5362318840579711,0.463768115942029,0.5793880837359099,0.4314090177133656,1242.0,666.0,576.0,0.7925585539117999,0.1880518726271942,0.5602134885564686,0.46698872785829315,0.5162418387450337,0.9045929500668268,666.0,576.0,1242.0,1.0,0.7334943639291466,546.0,1151.0,0.926731078904992,0.4396135265700483,911.0,0.26344676180021953,1.0,0.7647058823529411,53.04,0.042705314009661835,0.09714285714285713,121.1,-68.06,0.32392109500805155,0.41,0.0250803302404161,0.37922705314009664,0.3199439051048555,0.28402366863905326,0.035920236465802224
xgboost,-0.015,-2.0,0.0,1242.0,1.0,0.7492492492492493,0.7152777777777778,0.7322635135135136,0.7334943639291466,0.7334943639291466,0.5362318840579711,0.463768115942029,0.5793880837359099,0.4314090177133656,1242.0,666.0,576.0,0.7925585539117999,0.1880518726271942,0.5602134885564686,0.46698872785829315,0.5162418387450337,0.9045929500668268,666.0,576.0,1242.0,1.0,0.7334943639291466,535.0,1131.0,0.9106280193236715,0.4307568438003221,911.0,0.25686059275521406,1.0,0.760797342192691,52.55,0.04231078904991948,0.09822429906542056,118.11,-65.56,0.3164331723027375,0.36,0.0250803302404161,0.37922705314009664,0.3201697623446943,0.2819277108433735,0.03824205150132082
xgboost,-0.01,-2.0,0.0,1242.0,1.0,0.7492492492492493,0.7152777777777778,0.7322635135135136,0.7334943639291466,0.7334943639291466,0.5362318840579711,0.463768115942029,0.5793880837359099,0.4314090177133656,1242.0,666.0,576.0,0.7925585539117999,0.1880518726271942,0.5602134885564686,0.46698872785829315,0.5162418387450337,0.9045929500668268,666.0,576.0,1242.0,1.0,0.7334943639291466,518.0,1095.0,0.8816425120772947,0.4170692431561997,911.0,0.24588364434687157,1.0,0.7551020408163265,51.41999999999999,0.04140096618357487,0.09926640926640927,113.51,-62.09000000000001,0.3024959742351047,0.31,0.0250803302404161,0.37922705314009664,0.3190299021370811,0.27965043695380776,0.03937946518327334
xgboost,-0.005,-2.0,0.0,1242.0,1.0,0.7492492492492493,0.7152777777777778,0.7322635135135136,0.7334943639291466,0.7334943639291466,0.5362318840579711,0.463768115942029,0.5793880837359099,0.4314090177133656,1242.0,666.0,576.0,0.7925585539117999,0.1880518726271942,0.5602134885564686,0.46698872785829315,0.5162418387450337,0.9045929500668268,666.0,576.0,1242.0,1.0,0.7334943639291466,502.0,1064.0,0.856682769726248,0.40418679549114334,911.0,0.23929747530186607,1.0,0.7464788732394366,52.53,0.042294685990338164,0.10464143426294821,110.77,-58.24000000000001,0.29359098228663444,0.26,0.0250803302404161,0.37922705314009664,0.3210676014924852,0.2794871794871795,0.041580422005305706
xgboost,0.0,-2.0,0.0,1242.0,1.0,0.7492492492492493,0.7152777777777778,0.7322635135135136,0.7334943639291466,0.7334943639291466,0.5362318840579711,0.463768115942029,0.5793880837359099,0.4314090177133656,1242.0,666.0,576.0,0.7925585539117999,0.1880518726271942,0.5602134885564686,0.46698872785829315,0.5162418387450337,0.9045929500668268,666.0,576.0,1242.0,1.0,0.7334943639291466,362.0,771.0,0.6207729468599034,0.2914653784219002,911.0,0.2217343578485181,1.0,0.8875,48.08,0.03871175523349436,0.13281767955801105,102.97999999999999,-54.900000000000006,0.2744041867954911,0.21,0.0250803302404161,0.37922705314009664,0.388279669255067,0.33060556464811786,0.05767410460694916
xgboost,0.005,-2.0,0.0,1242.0,1.0,0.7492492492492493,0.7152777777777778,0.7322635135135136,0.7334943639291466,0.7334943639291466,0.5362318840579711,0.463768115942029,0.5793880837359099,0.4314090177133656,1242.0,666.0,576.0,0.7925585539117999,0.1880518726271942,0.5602134885564686,0.46698872785829315,0.5162418387450337,0.9045929500668268,666.0,576.0,1242.0,1.0,0.7334943639291466,335.0,700.0,0.5636070853462157,0.26972624798711753,911.0,0.20636663007683864,1.0,0.891156462585034,43.94999999999999,0.03538647342995168,0.13119402985074627,96.12,-52.17,0.2591384863123994,0.16,0.0250803302404161,0.37922705314009664,0.4079160328085448,0.3399638336347197,0.06795219917382511
xgboost,0.01,-2.0,0.0,1242.0,1.0,0.7492492492492493,0.7152777777777778,0.7322635135135136,0.7334943639291466,0.7334943639291466,0.5362318840579711,0.463768115942029,0.5793880837359099,0.4314090177133656,1242.0,666.0,576.0,0.7925585539117999,0.1880518726271942,0.5602134885564686,0.46698872785829315,0.5162418387450337,0.9045929500668268,666.0,576.0,1242.0,1.0,0.7334943639291466,310.0,644.0,0.5185185185185185,0.249597423510467,911.0,0.19209659714599342,1.0,0.8962962962962963,40.95,0.03297101449275362,0.13209677419354837,90.05,-49.099999999999994,0.23988727858293077,0.11,0.0250803302404161,0.37922705314009664,0.41182735451078134,0.343811394891945,0.06801595961883633
xgboost,0.015,-2.0,0.0,1242.0,1.0,0.7492492492492493,0.7152777777777778,0.7322635135135136,0.7334943639291466,0.7334943639291466,0.5362318840579711,0.463768115942029,0.5793880837359099,0.4314090177133656,1242.0,666.0,576.0,0.7925585539117999,0.1880518726271942,0.5602134885564686,0.46698872785829315,0.5162418387450337,0.9045929500668268,666.0,576.0,1242.0,1.0,0.7334943639291466,293.0,609.0,0.49033816425120774,0.2359098228663446,911.0,0.18111964873765093,1.0,0.890625,39.519999999999996,0.03181964573268921,0.13488054607508532,85.5,-45.980000000000004,0.22571658615136878,0.0,0.0250803302404161,0.37922705314009664,0.4132822334239736,0.34303534303534305,0.07024689038863052
xgboost,0.02,-2.0,0.0,1242.0,1.0,0.7492492492492493,0.7152777777777778,0.7322635135135136,0.7334943639291466,0.7334943639291466,0.5362318840579711,0.463768115942029,0.5793880837359099,0.4314090177133656,1242.0,666.0,576.0,0.7925585539117999,0.1880518726271942,0.5602134885564686,0.46698872785829315,0.5162418387450337,0.9045929500668268,666.0,576.0,1242.0,1.0,0.7334943639291466,271.0,568.0,0.4573268921095008,0.2181964573268921,911.0,0.1690450054884742,1.0,0.8974358974358975,37.239999999999995,0.029983896940418676,0.1374169741697417,80.31,-43.07000000000001,0.21137681159420288,0.0,0.0250803302404161,0.37922705314009664,0.4178341970078961,0.34146341463414637,0.07637078237374972
xgboost,0.025,-2.0,0.0,1242.0,1.0,0.7492492492492493,0.7152777777777778,0.7322635135135136,0.7334943639291466,0.7334943639291466,0.5362318840579711,0.463768115942029,0.5793880837359099,0.4314090177133656,1242.0,666.0,576.0,0.7925585539117999,0.1880518726271942,0.5602134885564686,0.46698872785829315,0.5162418387450337,0.9045929500668268,666.0,576.0,1242.0,1.0,0.7334943639291466,245.0,514.0,0.4138486312399356,0.1972624798711755,911.0,0.15916575192096596,1.0,0.9,39.8,0.032045088566827695,0.1624489795918367,75.95,-36.15,0.19097423510466988,0.0,0.0250803302404161,0.37922705314009664,0.42169114306641087,0.3502415458937198,0.07144959717269106
xgboost,0.03,-2.0,0.0,1242.0,1.0,0.7492492492492493,0.7152777777777778,0.7322635135135136,0.7334943639291466,0.7334943639291466,0.5362318840579711,0.463768115942029,0.5793880837359099,0.4314090177133656,1242.0,666.0,576.0,0.7925585539117999,0.1880518726271942,0.5602134885564686,0.46698872785829315,0.5162418387450337,0.9045929500668268,666.0,576.0,1242.0,1.0,0.7334943639291466,222.0,464.0,0.37359098228663445,0.178743961352657,911.0,0.14818880351262348,1.0,0.8850574712643678,39.73,0.03198872785829307,0.178963963963964,71.0,-31.269999999999996,0.17132850241545894,0.0,0.0250803302404161,0.37922705314009664,0.4226559590676735,0.35809018567639256,0.06456577339128095
xgboost,0.035,-2.0,0.0,1242.0,1.0,0.7492492492492493,0.7152777777777778,0.7322635135135136,0.7334943639291466,0.7334943639291466,0.5362318840579711,0.463768115942029,0.5793880837359099,0.4314090177133656,1242.0,666.0,576.0,0.7925585539117999,0.1880518726271942,0.5602134885564686,0.46698872785829315,0.5162418387450337,0.9045929500668268,666.0,576.0,1242.0,1.0,0.7334943639291466,201.0,410.0,0.33011272141706927,0.16183574879227053,911.0,0.1350164654226125,1.0,0.8717948717948718,37.739999999999995,0.030386473429951686,0.18776119402985075,65.07000000000001,-27.330000000000002,0.14859098228663448,0.0,0.0250803302404161,0.37922705314009664,0.4320458332188876,0.3704819277108434,0.06156390550804425
xgboost,0.04,-2.0,0.0,1242.0,1.0,0.7492492492492493,0.7152777777777778,0.7322635135135136,0.7334943639291466,0.7334943639291466,0.5362318840579711,0.463768115942029,0.5793880837359099,0.4314090177133656,1242.0,666.0,576.0,0.7925585539117999,0.1880518726271942,0.5602134885564686,0.46698872785829315,0.5162418387450337,0.9045929500668268,666.0,576.0,1242.0,1.0,0.7334943639291466,185.0,370.0,0.29790660225442833,0.14895330112721417,911.0,0.1251372118551043,1.0,0.8732394366197183,36.55,0.02942834138486312,0.19756756756756755,60.61000000000001,-24.060000000000002,0.13168276972624798,0.0,0.0250803302404161,0.37922705314009664,0.439491995800299,0.38127090301003347,0.05822109279026555
xgboost,0.045,-2.0,0.0,1242.0,1.0,0.7492492492492493,0.7152777777777778,0.7322635135135136,0.7334943639291466,0.7334943639291466,0.5362318840579711,0.463768115942029,0.5793880837359099,0.4314090177133656,1242.0,666.0,576.0,0.7925585539117999,0.1880518726271942,0.5602134885564686,0.46698872785829315,0.5162418387450337,0.9045929500668268,666.0,576.0,1242.0,1.0,0.7334943639291466,167.0,328.0,0.2640901771336554,0.13446054750402575,911.0,0.11086717892425905,1.0,0.8787878787878788,31.18,0.025104669887278584,0.18670658682634728,53.64,-22.46,0.11568438003220613,0.0,0.0250803302404161,0.37922705314009664,0.44928163654021636,0.38549618320610685,0.06378545333410951
xgboost,0.05,-2.0,0.0,1242.0,1.0,0.7492492492492493,0.7152777777777778,0.7322635135135136,0.7334943639291466,0.7334943639291466,0.5362318840579711,0.463768115942029,0.5793880837359099,0.4314090177133656,1242.0,666.0,576.0,0.7925585539117999,0.1880518726271942,0.5602134885564686,0.46698872785829315,0.5162418387450337,0.9045929500668268,666.0,576.0,1242.0,1.0,0.7334943639291466,151.0,294.0,0.23671497584541062,0.1215780998389694,911.0,0.10208562019758508,1.0,0.8620689655172413,30.29,0.02438808373590982,0.20059602649006622,49.92,-19.630000000000003,0.10188405797101449,0.0,0.0250803302404161,0.37922705314009664,0.4524041401632762,0.3940677966101695,0.058336343553106684
xgboost,0.055,-2.0,0.0,1242.0,1.0,0.7492492492492493,0.7152777777777778,0.7322635135135136,0.7334943639291466,0.7334943639291466,0.5362318840579711,0.463768115942029,0.5793880837359099,0.4314090177133656,1242.0,666.0,576.0,0.7925585539117999,0.1880518726271942,0.5602134885564686,0.46698872785829315,0.5162418387450337,0.9045929500668268,666.0,576.0,1242.0,1.0,0.7334943639291466,133.0,257.0,0.2069243156199678,0.107085346215781,911.0,0.09220636663007684,1.0,0.8775510204081632,29.02,0.023365539452495972,0.2181954887218045,45.31,-16.29,0.08741545893719806,0.0,0.0250803302404161,0.37922705314009664,0.45085720990139705,0.40384615384615385,0.047011056055243194
xgboost,0.06,-2.0,0.0,1242.0,1.0,0.7492492492492493,0.7152777777777778,0.7322635135135136,0.7334943639291466,0.7334943639291466,0.5362318840579711,0.463768115942029,0.5793880837359099,0.4314090177133656,1242.0,666.0,576.0,0.7925585539117999,0.1880518726271942,0.5602134885564686,0.46698872785829315,0.5162418387450337,0.9045929500668268,666.0,576.0,1242.0,1.0,0.7334943639291466,123.0,233.0,0.18760064412238325,0.09903381642512077,911.0,0.0867178924259056,1.0,0.8636363636363636,29.27,0.02356682769726248,0.23796747967479673,43.21,-13.94,0.07687600644122383,0.0,0.0250803302404161,0.37922705314009664,0.4540884066668768,0.41798941798941797,0.03609898867745881
xgboost,0.065,-2.0,0.0,1242.0,1.0,0.7492492492492493,0.7152777777777778,0.7322635135135136,0.7334943639291466,0.7334943639291466,0.5362318840579711,0.463768115942029,0.5793880837359099,0.4314090177133656,1242.0,666.0,576.0,0.7925585539117999,0.1880518726271942,0.5602134885564686,0.46698872785829315,0.5162418387450337,0.9045929500668268,666.0,576.0,1242.0,1.0,0.7334943639291466,107.0,202.0,0.16264090177133655,0.0861513687600644,911.0,0.07244785949506037,1.0,0.8536585365853658,24.130000000000003,0.019428341384863126,0.22551401869158874,36.84,-12.71,0.06487117552334944,0.0,0.0250803302404161,0.37922705314009664,0.46027932033775754,0.40993788819875776,0.050341432138999775
xgboost,0.07,-2.0,0.0,1242.0,1.0,0.7492492492492493,0.7152777777777778,0.7322635135135136,0.7334943639291466,0.7334943639291466,0.5362318840579711,0.463768115942029,0.5793880837359099,0.4314090177133656,1242.0,666.0,576.0,0.7925585539117999,0.1880518726271942,0.5602134885564686,0.46698872785829315,0.5162418387450337,0.9045929500668268,666.0,576.0,1242.0,1.0,0.7334943639291466,93.0,177.0,0.14251207729468598,0.0748792270531401,911.0,0.06147091108671789,1.0,0.918918918918919,19.57,0.01575684380032206,0.2104301075268817,31.54,-11.969999999999999,0.05665861513687601,0.0,0.0250803302404161,0.37922705314009664,0.46761466541460583,0.4,0.06761466541460581
xgboost,0.075,-2.0,0.0,1242.0,1.0,0.7492492492492493,0.7152777777777778,0.7322635135135136,0.7334943639291466,0.7334943639291466,0.5362318840579711,0.463768115942029,0.5793880837359099,0.4314090177133656,1242.0,666.0,576.0,0.7925585539117999,0.1880518726271942,0.5602134885564686,0.46698872785829315,0.5162418387450337,0.9045929500668268,666.0,576.0,1242.0,1.0,0.7334943639291466,80.0,153.0,0.12318840579710146,0.0644122383252818,911.0,0.054884742041712405,1.0,0.9333333333333333,18.85,0.015177133655394526,0.23562499999999997,28.549999999999997,-9.7,0.047930756843800326,0.0,0.0250803302404161,0.37922705314009664,0.46781270775368544,0.4065040650406504,0.061308642713035044
xgboost,0.08,-2.0,0.0,1242.0,1.0,0.7492492492492493,0.7152777777777778,0.7322635135135136,0.7334943639291466,0.7334943639291466,0.5362318840579711,0.463768115942029,0.5793880837359099,0.4314090177133656,1242.0,666.0,576.0,0.7925585539117999,0.1880518726271942,0.5602134885564686,0.46698872785829315,0.5162418387450337,0.9045929500668268,666.0,576.0,1242.0,1.0,0.7334943639291466,69.0,135.0,0.10869565217391304,0.05555555555555555,911.0,0.04939626783754116,1.0,1.0,17.759999999999998,0.014299516908212559,0.25739130434782603,25.799999999999997,-8.04,0.04227053140096619,0.0,0.0250803302404161,0.37922705314009664,0.46930543783011736,0.40540540540540543,0.06390003242471193
xgboost,0.085,-2.0,0.0,1242.0,1.0,0.7492492492492493,0.7152777777777778,0.7322635135135136,0.7334943639291466,0.7334943639291466,0.5362318840579711,0.463768115942029,0.5793880837359099,0.4314090177133656,1242.0,666.0,576.0,0.7925585539117999,0.1880518726271942,0.5602134885564686,0.46698872785829315,0.5162418387450337,0.9045929500668268,666.0,576.0,1242.0,1.0,0.7334943639291466,62.0,119.0,0.09581320450885668,0.0499194847020934,911.0,0.04500548847420417,1.0,1.0,16.98,0.013671497584541063,0.2738709677419355,23.740000000000002,-6.76,0.037270531400966186,0.0,0.0250803302404161,0.37922705314009664,0.4760862122080764,0.41836734693877553,0.05771886526930087
xgboost,0.09,-2.0,0.0,1242.0,1.0,0.7492492492492493,0.7152777777777778,0.7322635135135136,0.7334943639291466,0.7334943639291466,0.5362318840579711,0.463768115942029,0.5793880837359099,0.4314090177133656,1242.0,666.0,576.0,0.7925585539117999,0.1880518726271942,0.5602134885564686,0.46698872785829315,0.5162418387450337,0.9045929500668268,666.0,576.0,1242.0,1.0,0.7334943639291466,51.0,104.0,0.08373590982286634,0.04106280193236715,911.0,0.04171240395170143,1.0,1.0,18.490000000000002,0.014887278582930758,0.362549019607843,22.369999999999997,-3.88,0.032238325281803544,0.0,0.0250803302404161,0.37922705314009664,0.4755169649373044,0.4175824175824176,0.05793454735488679
xgboost,0.095,-2.0,0.0,1242.0,1.0,0.7492492492492493,0.7152777777777778,0.7322635135135136,0.7334943639291466,0.7334943639291466,0.5362318840579711,0.463768115942029,0.5793880837359099,0.4314090177133656,1242.0,666.0,576.0,0.7925585539117999,0.1880518726271942,0.5602134885564686,0.46698872785829315,0.5162418387450337,0.9045929500668268,666.0,576.0,1242.0,1.0,0.7334943639291466,45.0,93.0,0.0748792270531401,0.036231884057971016,911.0,0.03732162458836443,1.0,1.0,16.85,0.01356682769726248,0.3744444444444444,20.11,-3.26,0.028244766505636076,0.0,0.0250803302404161,0.37922705314009664,0.4763440291692571,0.4146341463414634,0.061709882827793716
xgboost,0.1,-2.0,0.0,1242.0,1.0,0.7492492492492493,0.7152777777777778,0.7322635135135136,0.7334943639291466,0.7334943639291466,0.5362318840579711,0.463768115942029,0.5793880837359099,0.4314090177133656,1242.0,666.0,576.0,0.7925585539117999,0.1880518726271942,0.5602134885564686,0.46698872785829315,0.5162418387450337,0.9045929500668268,666.0,576.0,1242.0,1.0,0.7334943639291466,40.0,79.0,0.06360708534621579,0.0322061191626409,911.0,0.03293084522502744,1.0,1.0,14.649999999999999,0.01179549114331723,0.36625,17.45,-2.8,0.02422705314009662,0.0,0.0250803302404161,0.37922705314009664,0.48683251699675684,0.43478260869565216,0.052049908301104675
xgboost,0.105,-2.0,0.0,1242.0,1.0,0.7492492492492493,0.7152777777777778,0.7322635135135136,0.7334943639291466,0.7334943639291466,0.5362318840579711,0.463768115942029,0.5793880837359099,0.4314090177133656,1242.0,666.0,576.0,0.7925585539117999,0.1880518726271942,0.5602134885564686,0.46698872785829315,0.5162418387450337,0.9045929500668268,666.0,576.0,1242.0,1.0,0.7334943639291466,32.0,65.0,0.05233494363929147,0.02576489533011272,911.0,0.02854006586169045,1.0,1.0,13.530000000000001,0.010893719806763286,0.42281250000000004,15.29,-1.7599999999999998,0.020048309178743964,0.0,0.0250803302404161,0.37922705314009664,0.48791865802417367,0.4406779661016949,0.04724069192247876
xgboost,0.11,-2.0,0.0,1242.0,1.0,0.7492492492492493,0.7152777777777778,0.7322635135135136,0.7334943639291466,0.7334943639291466,0.5362318840579711,0.463768115942029,0.5793880837359099,0.4314090177133656,1242.0,666.0,576.0,0.7925585539117999,0.1880518726271942,0.5602134885564686,0.46698872785829315,0.5162418387450337,0.9045929500668268,666.0,576.0,1242.0,1.0,0.7334943639291466,22.0,47.0,0.03784219001610306,0.017713365539452495,911.0,0.019758507135016465,1.0,1.0,9.530000000000001,0.007673107890499195,0.4331818181818182,10.52,-0.99,0.013824476650563609,0.0,0.0250803302404161,0.37922705314009664,0.4948337864737178,0.4186046511627907,0.07622913531092707
xgboost,0.115,-2.0,0.0,1242.0,1.0,0.7492492492492493,0.7152777777777778,0.7322635135135136,0.7334943639291466,0.7334943639291466,0.5362318840579711,0.463768115942029,0.5793880837359099,0.4314090177133656,1242.0,666.0,576.0,0.7925585539117999,0.1880518726271942,0.5602134885564686,0.46698872785829315,0.5162418387450337,0.9045929500668268,666.0,576.0,1242.0,1.0,0.7334943639291466,19.0,42.0,0.033816425120772944,0.015297906602254429,911.0,0.01756311745334797,1.0,1.0,8.76,0.007053140096618358,0.46105263157894744,9.54,-0.78,0.012334943639291466,0.0,0.0250803302404161,0.37922705314009664,0.49799088980907047,0.41025641025641024,0.08773447955266023
xgboost,0.12,-2.0,0.0,1242.0,1.0,0.7492492492492493,0.7152777777777778,0.7322635135135136,0.7334943639291466,0.7334943639291466,0.5362318840579711,0.463768115942029,0.5793880837359099,0.4314090177133656,1242.0,666.0,576.0,0.7925585539117999,0.1880518726271942,0.5602134885564686,0.46698872785829315,0.5162418387450337,0.9045929500668268,666.0,576.0,1242.0,1.0,0.7334943639291466,16.0,37.0,0.029790660225442835,0.01288244766505636,911.0,0.014270032930845226,1.0,1.0,6.989999999999999,0.005628019323671497,0.436875,7.77,-0.78,0.010764895330112722,0.0,0.0250803302404161,0.37922705314009664,0.4991570259718334,0.38235294117647056,0.11680408479536286
xgboost,0.125,-2.0,0.0,1242.0,1.0,0.7492492492492493,0.7152777777777778,0.7322635135135136,0.7334943639291466,0.7334943639291466,0.5362318840579711,0.463768115942029,0.5793880837359099,0.4314090177133656,1242.0,666.0,576.0,0.7925585539117999,0.1880518726271942,0.5602134885564686,0.46698872785829315,0.5162418387450337,0.9045929500668268,666.0,576.0,1242.0,1.0,0.7334943639291466,14.0,30.0,0.024154589371980676,0.011272141706924315,911.0,0.013172338090010977,1.0,1.0,6.81,0.005483091787439613,0.4864285714285715,7.38,-0.5700000000000001,0.008293075684380032,0.0,0.0250803302404161,0.37922705314009664,0.49662293014781816,0.42857142857142855,0.06805150157638962
xgboost,0.13,-2.0,0.0,1242.0,1.0,0.7492492492492493,0.7152777777777778,0.7322635135135136,0.7334943639291466,0.7334943639291466,0.5362318840579711,0.463768115942029,0.5793880837359099,0.4314090177133656,1242.0,666.0,576.0,0.7925585539117999,0.1880518726271942,0.5602134885564686,0.46698872785829315,0.5162418387450337,0.9045929500668268,666.0,576.0,1242.0,1.0,0.7334943639291466,11.0,23.0,0.018518518518518517,0.008856682769726247,911.0,0.009879253567508232,1.0,1.0,5.14,0.004138486312399356,0.46727272727272734,5.71,-0.5700000000000001,0.0064653784219001606,0.0,0.0250803302404161,0.37922705314009664,0.514331993602571,0.42857142857142855,0.08576056503114243
xgboost,0.135,-2.0,0.0,1242.0,1.0,0.7492492492492493,0.7152777777777778,0.7322635135135136,0.7334943639291466,0.7334943639291466,0.5362318840579711,0.463768115942029,0.5793880837359099,0.4314090177133656,1242.0,666.0,576.0,0.7925585539117999,0.1880518726271942,0.5602134885564686,0.46698872785829315,0.5162418387450337,0.9045929500668268,666.0,576.0,1242.0,1.0,0.7334943639291466,9.0,19.0,0.015297906602254429,0.007246376811594203,911.0,0.007683863885839737,1.0,1.0,3.91,0.003148148148148148,0.43444444444444447,4.4799999999999995,-0.5700000000000001,0.005386473429951691,0.0,0.0250803302404161,0.37922705314009664,0.5363329736625447,0.4117647058823529,0.12456826778019181
xgboost,0.14,-2.0,0.0,1242.0,1.0,0.7492492492492493,0.7152777777777778,0.7322635135135136,0.7334943639291466,0.7334943639291466,0.5362318840579711,0.463768115942029,0.5793880837359099,0.4314090177133656,1242.0,666.0,576.0,0.7925585539117999,0.1880518726271942,0.5602134885564686,0.46698872785829315,0.5162418387450337,0.9045929500668268,666.0,576.0,1242.0,1.0,0.7334943639291466,8.0,17.0,0.013687600644122383,0.00644122383252818,911.0,0.006586169045005488,1.0,1.0,3.37,0.0027133655394524963,0.42125,3.94,-0.5700000000000001,0.004605475040257649,0.0,0.0250803302404161,0.37922705314009664,0.5312790175278982,0.4,0.13127901752789817
xgboost,0.145,-2.0,0.0,1242.0,1.0,0.7492492492492493,0.7152777777777778,0.7322635135135136,0.7334943639291466,0.7334943639291466,0.5362318840579711,0.463768115942029,0.5793880837359099,0.4314090177133656,1242.0,666.0,576.0,0.7925585539117999,0.1880518726271942,0.5602134885564686,0.46698872785829315,0.5162418387450337,0.9045929500668268,666.0,576.0,1242.0,1.0,0.7334943639291466,7.0,15.0,0.012077294685990338,0.005636070853462158,911.0,0.006586169045005488,1.0,1.0,3.63,0.002922705314009662,0.5185714285714286,3.94,-0.31,0.004146537842190016,0.0,0.0250803302404161,0.37922705314009664,0.5397937148809433,0.42857142857142855,0.11122228630951475
xgboost,0.15,-2.0,0.0,1242.0,1.0,0.7492492492492493,0.7152777777777778,0.7322635135135136,0.7334943639291466,0.7334943639291466,0.5362318840579711,0.463768115942029,0.5793880837359099,0.4314090177133656,1242.0,666.0,576.0,0.7925585539117999,0.1880518726271942,0.5602134885564686,0.46698872785829315,0.5162418387450337,0.9045929500668268,666.0,576.0,1242.0,1.0,0.7334943639291466,7.0,14.0,0.011272141706924315,0.005636070853462158,911.0,0.006586169045005488,1.0,1.0,3.63,0.002922705314009662,0.5185714285714286,3.94,-0.31,0.0038164251207729472,0.0,0.0250803302404161,0.37922705314009664,0.5367591083049774,0.46153846153846156,0.07522064676651585
xgboost,0.155,-2.0,0.0,1242.0,1.0,0.7492492492492493,0.7152777777777778,0.7322635135135136,0.7334943639291466,0.7334943639291466,0.5362318840579711,0.463768115942029,0.5793880837359099,0.4314090177133656,1242.0,666.0,576.0,0.7925585539117999,0.1880518726271942,0.5602134885564686,0.46698872785829315,0.5162418387450337,0.9045929500668268,666.0,576.0,1242.0,1.0,0.7334943639291466,5.0,12.0,0.00966183574879227,0.004025764895330112,911.0,0.0043907793633369925,1.0,1.0,2.15,0.0017310789049919484,0.43,2.46,-0.31,0.0033977455716586147,0.0,0.0250803302404161,0.37922705314009664,0.5389906655658375,0.36363636363636365,0.17535430192947388
xgboost,0.16,-2.0,0.0,1242.0,1.0,0.7492492492492493,0.7152777777777778,0.7322635135135136,0.7334943639291466,0.7334943639291466,0.5362318840579711,0.463768115942029,0.5793880837359099,0.4314090177133656,1242.0,666.0,576.0,0.7925585539117999,0.1880518726271942,0.5602134885564686,0.46698872785829315,0.5162418387450337,0.9045929500668268,666.0,576.0,1242.0,1.0,0.7334943639291466,3.0,10.0,0.008051529790660225,0.0024154589371980675,911.0,0.0021953896816684962,1.0,1.0,0.8699999999999999,0.0007004830917874395,0.29,1.18,-0.31,0.002818035426731079,0.0,0.0250803302404161,0.37922705314009664,0.5577980015012953,0.2222222222222222,0.3355757792790731
xgboost,0.165,-2.0,0.0,1242.0,1.0,0.7492492492492493,0.7152777777777778,0.7322635135135136,0.7334943639291466,0.7334943639291466,0.5362318840579711,0.463768115942029,0.5793880837359099,0.4314090177133656,1242.0,666.0,576.0,0.7925585539117999,0.1880518726271942,0.5602134885564686,0.46698872785829315,0.5162418387450337,0.9045929500668268,666.0,576.0,1242.0,1.0,0.7334943639291466,3.0,8.0,0.00644122383252818,0.0024154589371980675,911.0,0.0021953896816684962,1.0,1.0,0.8699999999999999,0.0007004830917874395,0.29,1.18,-0.31,0.00215780998389694,0.0,0.0250803302404161,0.37922705314009664,0.5594739488192967,0.2857142857142857,0.273759663105011
xgboost,0.17,-2.0,0.0,1242.0,1.0,0.7492492492492493,0.7152777777777778,0.7322635135135136,0.7334943639291466,0.7334943639291466,0.5362318840579711,0.463768115942029,0.5793880837359099,0.4314090177133656,1242.0,666.0,576.0,0.7925585539117999,0.1880518726271942,0.5602134885564686,0.46698872785829315,0.5162418387450337,0.9045929500668268,666.0,576.0,1242.0,1.0,0.7334943639291466,3.0,6.0,0.004830917874396135,0.0024154589371980675,911.0,0.0021953896816684962,1.0,1.0,0.8699999999999999,0.0007004830917874395,0.29,1.18,-0.31,0.001537842190016103,0.0,0.0250803302404161,0.37922705314009664,0.5580628514289856,0.4,0.15806285142898557
xgboost,0.175,-2.0,0.0,1242.0,1.0,0.7492492492492493,0.7152777777777778,0.7322635135135136,0.7334943639291466,0.7334943639291466,0.5362318840579711,0.463768115942029,0.5793880837359099,0.4314090177133656,1242.0,666.0,576.0,0.7925585539117999,0.1880518726271942,0.5602134885564686,0.46698872785829315,0.5162418387450337,0.9045929500668268,666.0,576.0,1242.0,1.0,0.7334943639291466,2.0,4.0,0.00322061191626409,0.001610305958132045,911.0,0.0010976948408342481,1.0,1.0,0.18,0.00014492753623188405,0.09,0.49,-0.31,0.00107890499194847,0.0,0.0250803302404161,0.37922705314009664,0.5698026418685913,0.3333333333333333,0.236469308535258
xgboost,0.18,-2.0,0.0,1242.0,1.0,0.7492492492492493,0.7152777777777778,0.7322635135135136,0.7334943639291466,0.7334943639291466,0.5362318840579711,0.463768115942029,0.5793880837359099,0.4314090177133656,1242.0,666.0,576.0,0.7925585539117999,0.1880518726271942,0.5602134885564686,0.46698872785829315,0.5162418387450337,0.9045929500668268,666.0,576.0,1242.0,1.0,0.7334943639291466,2.0,4.0,0.00322061191626409,0.001610305958132045,911.0,0.0010976948408342481,1.0,1.0,0.18,0.00014492753623188405,0.09,0.49,-0.31,0.00107890499194847,0.0,0.0250803302404161,0.37922705314009664,0.5698026418685913,0.3333333333333333,0.236469308535258
xgboost,0.185,-2.0,0.0,1242.0,1.0,0.7492492492492493,0.7152777777777778,0.7322635135135136,0.7334943639291466,0.7334943639291466,0.5362318840579711,0.463768115942029,0.5793880837359099,0.4314090177133656,1242.0,666.0,576.0,0.7925585539117999,0.1880518726271942,0.5602134885564686,0.46698872785829315,0.5162418387450337,0.9045929500668268,666.0,576.0,1242.0,1.0,0.7334943639291466,2.0,4.0,0.00322061191626409,0.001610305958132045,911.0,0.0010976948408342481,1.0,1.0,0.18,0.00014492753623188405,0.09,0.49,-0.31,0.00107890499194847,0.0,0.0250803302404161,0.37922705314009664,0.5698026418685913,0.3333333333333333,0.236469308535258
xgboost,0.19,-2.0,0.0,1242.0,1.0,0.7492492492492493,0.7152777777777778,0.7322635135135136,0.7334943639291466,0.7334943639291466,0.5362318840579711,0.463768115942029,0.5793880837359099,0.4314090177133656,1242.0,666.0,576.0,0.7925585539117999,0.1880518726271942,0.5602134885564686,0.46698872785829315,0.5162418387450337,0.9045929500668268,666.0,576.0,1242.0,1.0,0.7334943639291466,2.0,4.0,0.00322061191626409,0.001610305958132045,911.0,0.0010976948408342481,1.0,1.0,0.18,0.00014492753623188405,0.09,0.49,-0.31,0.00107890499194847,0.0,0.0250803302404161,0.37922705314009664,0.5698026418685913,0.3333333333333333,0.236469308535258
xgboost,0.195,-2.0,0.0,1242.0,1.0,0.7492492492492493,0.7152777777777778,0.7322635135135136,0.7334943639291466,0.7334943639291466,0.5362318840579711,0.463768115942029,0.5793880837359099,0.4314090177133656,1242.0,666.0,576.0,0.7925585539117999,0.1880518726271942,0.5602134885564686,0.46698872785829315,0.5162418387450337,0.9045929500668268,666.0,576.0,1242.0,1.0,0.7334943639291466,2.0,4.0,0.00322061191626409,0.001610305958132045,911.0,0.0010976948408342481,1.0,1.0,0.18,0.00014492753623188405,0.09,0.49,-0.31,0.00107890499194847,0.0,0.0250803302404161,0.37922705314009664,0.5698026418685913,0.3333333333333333,0.236469308535258
xgboost,0.2,-2.0,0.0,1242.0,1.0,0.7492492492492493,0.7152777777777778,0.7322635135135136,0.7334943639291466,0.7334943639291466,0.5362318840579711,0.463768115942029,0.5793880837359099,0.4314090177133656,1242.0,666.0,576.0,0.7925585539117999,0.1880518726271942,0.5602134885564686,0.46698872785829315,0.5162418387450337,0.9045929500668268,666.0,576.0,1242.0,1.0,0.7334943639291466,1.0,3.0,0.0024154589371980675,0.0008051529790660225,911.0,0.0010976948408342481,,,0.49,0.000394524959742351,0.49,0.49,0.0,0.0008293075684380032,0.0,0.0250803302404161,0.37922705314009664,0.5698026418685913,0.3333333333333333,0.236469308535258
xgboost,-0.25,-1.0,0.0,1242.0,1.0,0.7492492492492493,0.7152777777777778,0.7322635135135136,0.7334943639291466,0.7334943639291466,0.5362318840579711,0.463768115942029,0.5793880837359099,0.4314090177133656,1242.0,666.0,576.0,0.7925585539117999,0.1880518726271942,0.5602134885564686,0.46698872785829315,0.5162418387450337,0.9045929500668268,666.0,576.0,1242.0,1.0,0.7334943639291466,677.0,1242.0,1.0,0.5450885668276972,911.0,0.37980241492864986,1.0,0.8096676737160121,64.92999999999999,0.05227858293075684,0.09590841949778435,155.99,-91.06,0.39993558776167476,0.51,0.041075969479153054,0.27938808373590984,0.44625021477611215,0.37980241492864986,0.0664477998474623
xgboost,-0.245,-1.0,0.0,1242.0,1.0,0.7492492492492493,0.7152777777777778,0.7322635135135136,0.7334943639291466,0.7334943639291466,0.5362318840579711,0.463768115942029,0.5793880837359099,0.4314090177133656,1242.0,666.0,576.0,0.7925585539117999,0.1880518726271942,0.5602134885564686,0.46698872785829315,0.5162418387450337,0.9045929500668268,666.0,576.0,1242.0,1.0,0.7334943639291466,677.0,1242.0,1.0,0.5450885668276972,911.0,0.37980241492864986,1.0,0.8096676737160121,64.92999999999999,0.05227858293075684,0.09590841949778435,155.99,-91.06,0.39993558776167476,0.51,0.041075969479153054,0.27938808373590984,0.44625021477611215,0.37980241492864986,0.0664477998474623
xgboost,-0.24,-1.0,0.0,1242.0,1.0,0.7492492492492493,0.7152777777777778,0.7322635135135136,0.7334943639291466,0.7334943639291466,0.5362318840579711,0.463768115942029,0.5793880837359099,0.4314090177133656,1242.0,666.0,576.0,0.7925585539117999,0.1880518726271942,0.5602134885564686,0.46698872785829315,0.5162418387450337,0.9045929500668268,666.0,576.0,1242.0,1.0,0.7334943639291466,677.0,1242.0,1.0,0.5450885668276972,911.0,0.37980241492864986,1.0,0.8096676737160121,64.92999999999999,0.05227858293075684,0.09590841949778435,155.99,-91.06,0.39993558776167476,0.51,0.041075969479153054,0.27938808373590984,0.44625021477611215,0.37980241492864986,0.0664477998474623
xgboost,-0.235,-1.0,0.0,1242.0,1.0,0.7492492492492493,0.7152777777777778,0.7322635135135136,0.7334943639291466,0.7334943639291466,0.5362318840579711,0.463768115942029,0.5793880837359099,0.4314090177133656,1242.0,666.0,576.0,0.7925585539117999,0.1880518726271942,0.5602134885564686,0.46698872785829315,0.5162418387450337,0.9045929500668268,666.0,576.0,1242.0,1.0,0.7334943639291466,677.0,1242.0,1.0,0.5450885668276972,911.0,0.37980241492864986,1.0,0.8096676737160121,64.92999999999999,0.05227858293075684,0.09590841949778435,155.99,-91.06,0.39993558776167476,0.51,0.041075969479153054,0.27938808373590984,0.44625021477611215,0.37980241492864986,0.0664477998474623
xgboost,-0.23,-1.0,0.0,1242.0,1.0,0.7492492492492493,0.7152777777777778,0.7322635135135136,0.7334943639291466,0.7334943639291466,0.5362318840579711,0.463768115942029,0.5793880837359099,0.4314090177133656,1242.0,666.0,576.0,0.7925585539117999,0.1880518726271942,0.5602134885564686,0.46698872785829315,0.5162418387450337,0.9045929500668268,666.0,576.0,1242.0,1.0,0.7334943639291466,677.0,1242.0,1.0,0.5450885668276972,911.0,0.37980241492864986,1.0,0.8096676737160121,64.92999999999999,0.05227858293075684,0.09590841949778435,155.99,-91.06,0.39993558776167476,0.51,0.041075969479153054,0.27938808373590984,0.44625021477611215,0.37980241492864986,0.0664477998474623
xgboost,-0.225,-1.0,0.0,1242.0,1.0,0.7492492492492493,0.7152777777777778,0.7322635135135136,0.7334943639291466,0.7334943639291466,0.5362318840579711,0.463768115942029,0.5793880837359099,0.4314090177133656,1242.0,666.0,576.0,0.7925585539117999,0.1880518726271942,0.5602134885564686,0.46698872785829315,0.5162418387450337,0.9045929500668268,666.0,576.0,1242.0,1.0,0.7334943639291466,677.0,1242.0,1.0,0.5450885668276972,911.0,0.37980241492864986,1.0,0.8096676737160121,64.92999999999999,0.05227858293075684,0.09590841949778435,155.99,-91.06,0.39993558776167476,0.51,0.041075969479153054,0.27938808373590984,0.44625021477611215,0.37980241492864986,0.0664477998474623
xgboost,-0.22,-1.0,0.0,1242.0,1.0,0.7492492492492493,0.7152777777777778,0.7322635135135136,0.7334943639291466,0.7334943639291466,0.5362318840579711,0.463768115942029,0.5793880837359099,0.4314090177133656,1242.0,666.0,576.0,0.7925585539117999,0.1880518726271942,0.5602134885564686,0.46698872785829315,0.5162418387450337,0.9045929500668268,666.0,576.0,1242.0,1.0,0.7334943639291466,677.0,1242.0,1.0,0.5450885668276972,911.0,0.37980241492864986,1.0,0.8096676737160121,64.92999999999999,0.05227858293075684,0.09590841949778435,155.99,-91.06,0.39993558776167476,0.51,0.041075969479153054,0.27938808373590984,0.44625021477611215,0.37980241492864986,0.0664477998474623
xgboost,-0.215,-1.0,0.0,1242.0,1.0,0.7492492492492493,0.7152777777777778,0.7322635135135136,0.7334943639291466,0.7334943639291466,0.5362318840579711,0.463768115942029,0.5793880837359099,0.4314090177133656,1242.0,666.0,576.0,0.7925585539117999,0.1880518726271942,0.5602134885564686,0.46698872785829315,0.5162418387450337,0.9045929500668268,666.0,576.0,1242.0,1.0,0.7334943639291466,677.0,1242.0,1.0,0.5450885668276972,911.0,0.37980241492864986,1.0,0.8096676737160121,64.92999999999999,0.05227858293075684,0.09590841949778435,155.99,-91.06,0.39993558776167476,0.51,0.041075969479153054,0.27938808373590984,0.44625021477611215,0.37980241492864986,0.0664477998474623
xgboost,-0.21,-1.0,0.0,1242.0,1.0,0.7492492492492493,0.7152777777777778,0.7322635135135136,0.7334943639291466,0.7334943639291466,0.5362318840579711,0.463768115942029,0.5793880837359099,0.4314090177133656,1242.0,666.0,576.0,0.7925585539117999,0.1880518726271942,0.5602134885564686,0.46698872785829315,0.5162418387450337,0.9045929500668268,666.0,576.0,1242.0,1.0,0.7334943639291466,677.0,1242.0,1.0,0.5450885668276972,911.0,0.37980241492864986,1.0,0.8096676737160121,64.92999999999999,0.05227858293075684,0.09590841949778435,155.99,-91.06,0.39993558776167476,0.51,0.041075969479153054,0.27938808373590984,0.44625021477611215,0.37980241492864986,0.0664477998474623
xgboost,-0.205,-1.0,0.0,1242.0,1.0,0.7492492492492493,0.7152777777777778,0.7322635135135136,0.7334943639291466,0.7334943639291466,0.5362318840579711,0.463768115942029,0.5793880837359099,0.4314090177133656,1242.0,666.0,576.0,0.7925585539117999,0.1880518726271942,0.5602134885564686,0.46698872785829315,0.5162418387450337,0.9045929500668268,666.0,576.0,1242.0,1.0,0.7334943639291466,677.0,1242.0,1.0,0.5450885668276972,911.0,0.37980241492864986,1.0,0.8096676737160121,64.92999999999999,0.05227858293075684,0.09590841949778435,155.99,-91.06,0.39993558776167476,0.51,0.041075969479153054,0.27938808373590984,0.44625021477611215,0.37980241492864986,0.0664477998474623
xgboost,-0.2,-1.0,0.0,1242.0,1.0,0.7492492492492493,0.7152777777777778,0.7322635135135136,0.7334943639291466,0.7334943639291466,0.5362318840579711,0.463768115942029,0.5793880837359099,0.4314090177133656,1242.0,666.0,576.0,0.7925585539117999,0.1880518726271942,0.5602134885564686,0.46698872785829315,0.5162418387450337,0.9045929500668268,666.0,576.0,1242.0,1.0,0.7334943639291466,677.0,1242.0,1.0,0.5450885668276972,911.0,0.37980241492864986,1.0,0.8096676737160121,64.92999999999999,0.05227858293075684,0.09590841949778435,155.99,-91.06,0.39993558776167476,0.51,0.041075969479153054,0.27938808373590984,0.44625021477611215,0.37980241492864986,0.0664477998474623
xgboost,-0.195,-1.0,0.0,1242.0,1.0,0.7492492492492493,0.7152777777777778,0.7322635135135136,0.7334943639291466,0.7334943639291466,0.5362318840579711,0.463768115942029,0.5793880837359099,0.4314090177133656,1242.0,666.0,576.0,0.7925585539117999,0.1880518726271942,0.5602134885564686,0.46698872785829315,0.5162418387450337,0.9045929500668268,666.0,576.0,1242.0,1.0,0.7334943639291466,677.0,1242.0,1.0,0.5450885668276972,911.0,0.37980241492864986,1.0,0.8096676737160121,64.92999999999999,0.05227858293075684,0.09590841949778435,155.99,-91.06,0.39993558776167476,0.51,0.041075969479153054,0.27938808373590984,0.44625021477611215,0.37980241492864986,0.0664477998474623
xgboost,-0.19,-1.0,0.0,1242.0,1.0,0.7492492492492493,0.7152777777777778,0.7322635135135136,0.7334943639291466,0.7334943639291466,0.5362318840579711,0.463768115942029,0.5793880837359099,0.4314090177133656,1242.0,666.0,576.0,0.7925585539117999,0.1880518726271942,0.5602134885564686,0.46698872785829315,0.5162418387450337,0.9045929500668268,666.0,576.0,1242.0,1.0,0.7334943639291466,677.0,1242.0,1.0,0.5450885668276972,911.0,0.37980241492864986,1.0,0.8096676737160121,64.92999999999999,0.05227858293075684,0.09590841949778435,155.99,-91.06,0.39993558776167476,0.51,0.041075969479153054,0.27938808373590984,0.44625021477611215,0.37980241492864986,0.0664477998474623
xgboost,-0.185,-1.0,0.0,1242.0,1.0,0.7492492492492493,0.7152777777777778,0.7322635135135136,0.7334943639291466,0.7334943639291466,0.5362318840579711,0.463768115942029,0.5793880837359099,0.4314090177133656,1242.0,666.0,576.0,0.7925585539117999,0.1880518726271942,0.5602134885564686,0.46698872785829315,0.5162418387450337,0.9045929500668268,666.0,576.0,1242.0,1.0,0.7334943639291466,677.0,1242.0,1.0,0.5450885668276972,911.0,0.37980241492864986,1.0,0.8096676737160121,64.92999999999999,0.05227858293075684,0.09590841949778435,155.99,-91.06,0.39993558776167476,0.51,0.041075969479153054,0.27938808373590984,0.44625021477611215,0.37980241492864986,0.0664477998474623
xgboost,-0.18,-1.0,0.0,1242.0,1.0,0.7492492492492493,0.7152777777777778,0.7322635135135136,0.7334943639291466,0.7334943639291466,0.5362318840579711,0.463768115942029,0.5793880837359099,0.4314090177133656,1242.0,666.0,576.0,0.7925585539117999,0.1880518726271942,0.5602134885564686,0.46698872785829315,0.5162418387450337,0.9045929500668268,666.0,576.0,1242.0,1.0,0.7334943639291466,677.0,1242.0,1.0,0.5450885668276972,911.0,0.37980241492864986,1.0,0.8096676737160121,64.92999999999999,0.05227858293075684,0.09590841949778435,155.99,-91.06,0.39993558776167476,0.51,0.041075969479153054,0.27938808373590984,0.44625021477611215,0.37980241492864986,0.0664477998474623
xgboost,-0.175,-1.0,0.0,1242.0,1.0,0.7492492492492493,0.7152777777777778,0.7322635135135136,0.7334943639291466,0.7334943639291466,0.5362318840579711,0.463768115942029,0.5793880837359099,0.4314090177133656,1242.0,666.0,576.0,0.7925585539117999,0.1880518726271942,0.5602134885564686,0.46698872785829315,0.5162418387450337,0.9045929500668268,666.0,576.0,1242.0,1.0,0.7334943639291466,677.0,1242.0,1.0,0.5450885668276972,911.0,0.37980241492864986,1.0,0.8096676737160121,64.92999999999999,0.05227858293075684,0.09590841949778435,155.99,-91.06,0.39993558776167476,0.51,0.041075969479153054,0.27938808373590984,0.44625021477611215,0.37980241492864986,0.0664477998474623
xgboost,-0.17,-1.0,0.0,1242.0,1.0,0.7492492492492493,0.7152777777777778,0.7322635135135136,0.7334943639291466,0.7334943639291466,0.5362318840579711,0.463768115942029,0.5793880837359099,0.4314090177133656,1242.0,666.0,576.0,0.7925585539117999,0.1880518726271942,0.5602134885564686,0.46698872785829315,0.5162418387450337,0.9045929500668268,666.0,576.0,1242.0,1.0,0.7334943639291466,677.0,1242.0,1.0,0.5450885668276972,911.0,0.37980241492864986,1.0,0.8096676737160121,64.92999999999999,0.05227858293075684,0.09590841949778435,155.99,-91.06,0.39993558776167476,0.51,0.041075969479153054,0.27938808373590984,0.44625021477611215,0.37980241492864986,0.0664477998474623
xgboost,-0.165,-1.0,0.0,1242.0,1.0,0.7492492492492493,0.7152777777777778,0.7322635135135136,0.7334943639291466,0.7334943639291466,0.5362318840579711,0.463768115942029,0.5793880837359099,0.4314090177133656,1242.0,666.0,576.0,0.7925585539117999,0.1880518726271942,0.5602134885564686,0.46698872785829315,0.5162418387450337,0.9045929500668268,666.0,576.0,1242.0,1.0,0.7334943639291466,677.0,1242.0,1.0,0.5450885668276972,911.0,0.37980241492864986,1.0,0.8096676737160121,64.92999999999999,0.05227858293075684,0.09590841949778435,155.99,-91.06,0.39993558776167476,0.51,0.041075969479153054,0.27938808373590984,0.44625021477611215,0.37980241492864986,0.0664477998474623
xgboost,-0.16,-1.0,0.0,1242.0,1.0,0.7492492492492493,0.7152777777777778,0.7322635135135136,0.7334943639291466,0.7334943639291466,0.5362318840579711,0.463768115942029,0.5793880837359099,0.4314090177133656,1242.0,666.0,576.0,0.7925585539117999,0.1880518726271942,0.5602134885564686,0.46698872785829315,0.5162418387450337,0.9045929500668268,666.0,576.0,1242.0,1.0,0.7334943639291466,677.0,1242.0,1.0,0.5450885668276972,911.0,0.37980241492864986,1.0,0.8096676737160121,64.92999999999999,0.05227858293075684,0.09590841949778435,155.99,-91.06,0.39993558776167476,0.51,0.041075969479153054,0.27938808373590984,0.44625021477611215,0.37980241492864986,0.0664477998474623
xgboost,-0.155,-1.0,0.0,1242.0,1.0,0.7492492492492493,0.7152777777777778,0.7322635135135136,0.7334943639291466,0.7334943639291466,0.5362318840579711,0.463768115942029,0.5793880837359099,0.4314090177133656,1242.0,666.0,576.0,0.7925585539117999,0.1880518726271942,0.5602134885564686,0.46698872785829315,0.5162418387450337,0.9045929500668268,666.0,576.0,1242.0,1.0,0.7334943639291466,677.0,1242.0,1.0,0.5450885668276972,911.0,0.37980241492864986,1.0,0.8096676737160121,64.92999999999999,0.05227858293075684,0.09590841949778435,155.99,-91.06,0.39993558776167476,0.51,0.041075969479153054,0.27938808373590984,0.44625021477611215,0.37980241492864986,0.0664477998474623
xgboost,-0.15,-1.0,0.0,1242.0,1.0,0.7492492492492493,0.7152777777777778,0.7322635135135136,0.7334943639291466,0.7334943639291466,0.5362318840579711,0.463768115942029,0.5793880837359099,0.4314090177133656,1242.0,666.0,576.0,0.7925585539117999,0.1880518726271942,0.5602134885564686,0.46698872785829315,0.5162418387450337,0.9045929500668268,666.0,576.0,1242.0,1.0,0.7334943639291466,677.0,1242.0,1.0,0.5450885668276972,911.0,0.37980241492864986,1.0,0.8096676737160121,64.92999999999999,0.05227858293075684,0.09590841949778435,155.99,-91.06,0.39993558776167476,0.51,0.041075969479153054,0.27938808373590984,0.44625021477611215,0.37980241492864986,0.0664477998474623
xgboost,-0.145,-1.0,0.0,1242.0,1.0,0.7492492492492493,0.7152777777777778,0.7322635135135136,0.7334943639291466,0.7334943639291466,0.5362318840579711,0.463768115942029,0.5793880837359099,0.4314090177133656,1242.0,666.0,576.0,0.7925585539117999,0.1880518726271942,0.5602134885564686,0.46698872785829315,0.5162418387450337,0.9045929500668268,666.0,576.0,1242.0,1.0,0.7334943639291466,677.0,1242.0,1.0,0.5450885668276972,911.0,0.37980241492864986,1.0,0.8096676737160121,64.92999999999999,0.05227858293075684,0.09590841949778435,155.99,-91.06,0.39993558776167476,0.51,0.041075969479153054,0.27938808373590984,0.44625021477611215,0.37980241492864986,0.0664477998474623
xgboost,-0.14,-1.0,0.0,1242.0,1.0,0.7492492492492493,0.7152777777777778,0.7322635135135136,0.7334943639291466,0.7334943639291466,0.5362318840579711,0.463768115942029,0.5793880837359099,0.4314090177133656,1242.0,666.0,576.0,0.7925585539117999,0.1880518726271942,0.5602134885564686,0.46698872785829315,0.5162418387450337,0.9045929500668268,666.0,576.0,1242.0,1.0,0.7334943639291466,677.0,1242.0,1.0,0.5450885668276972,911.0,0.37980241492864986,1.0,0.8096676737160121,64.92999999999999,0.05227858293075684,0.09590841949778435,155.99,-91.06,0.39993558776167476,0.51,0.041075969479153054,0.27938808373590984,0.44625021477611215,0.37980241492864986,0.0664477998474623
xgboost,-0.135,-1.0,0.0,1242.0,1.0,0.7492492492492493,0.7152777777777778,0.7322635135135136,0.7334943639291466,0.7334943639291466,0.5362318840579711,0.463768115942029,0.5793880837359099,0.4314090177133656,1242.0,666.0,576.0,0.7925585539117999,0.1880518726271942,0.5602134885564686,0.46698872785829315,0.5162418387450337,0.9045929500668268,666.0,576.0,1242.0,1.0,0.7334943639291466,677.0,1242.0,1.0,0.5450885668276972,911.0,0.37980241492864986,1.0,0.8096676737160121,64.92999999999999,0.05227858293075684,0.09590841949778435,155.99,-91.06,0.39993558776167476,0.51,0.041075969479153054,0.27938808373590984,0.44625021477611215,0.37980241492864986,0.0664477998474623
xgboost,-0.13,-1.0,0.0,1242.0,1.0,0.7492492492492493,0.7152777777777778,0.7322635135135136,0.7334943639291466,0.7334943639291466,0.5362318840579711,0.463768115942029,0.5793880837359099,0.4314090177133656,1242.0,666.0,576.0,0.7925585539117999,0.1880518726271942,0.5602134885564686,0.46698872785829315,0.5162418387450337,0.9045929500668268,666.0,576.0,1242.0,1.0,0.7334943639291466,677.0,1242.0,1.0,0.5450885668276972,911.0,0.37980241492864986,1.0,0.8096676737160121,64.92999999999999,0.05227858293075684,0.09590841949778435,155.99,-91.06,0.39993558776167476,0.51,0.041075969479153054,0.27938808373590984,0.44625021477611215,0.37980241492864986,0.0664477998474623
xgboost,-0.125,-1.0,0.0,1242.0,1.0,0.7492492492492493,0.7152777777777778,0.7322635135135136,0.7334943639291466,0.7334943639291466,0.5362318840579711,0.463768115942029,0.5793880837359099,0.4314090177133656,1242.0,666.0,576.0,0.7925585539117999,0.1880518726271942,0.5602134885564686,0.46698872785829315,0.5162418387450337,0.9045929500668268,666.0,576.0,1242.0,1.0,0.7334943639291466,677.0,1242.0,1.0,0.5450885668276972,911.0,0.37980241492864986,1.0,0.8096676737160121,64.92999999999999,0.05227858293075684,0.09590841949778435,155.99,-91.06,0.39993558776167476,0.51,0.041075969479153054,0.27938808373590984,0.44625021477611215,0.37980241492864986,0.0664477998474623
xgboost,-0.12,-1.0,0.0,1242.0,1.0,0.7492492492492493,0.7152777777777778,0.7322635135135136,0.7334943639291466,0.7334943639291466,0.5362318840579711,0.463768115942029,0.5793880837359099,0.4314090177133656,1242.0,666.0,576.0,0.7925585539117999,0.1880518726271942,0.5602134885564686,0.46698872785829315,0.5162418387450337,0.9045929500668268,666.0,576.0,1242.0,1.0,0.7334943639291466,677.0,1242.0,1.0,0.5450885668276972,911.0,0.37980241492864986,1.0,0.8096676737160121,64.92999999999999,0.05227858293075684,0.09590841949778435,155.99,-91.06,0.39993558776167476,0.51,0.041075969479153054,0.27938808373590984,0.44625021477611215,0.37980241492864986,0.0664477998474623
xgboost,-0.115,-1.0,0.0,1242.0,1.0,0.7492492492492493,0.7152777777777778,0.7322635135135136,0.7334943639291466,0.7334943639291466,0.5362318840579711,0.463768115942029,0.5793880837359099,0.4314090177133656,1242.0,666.0,576.0,0.7925585539117999,0.1880518726271942,0.5602134885564686,0.46698872785829315,0.5162418387450337,0.9045929500668268,666.0,576.0,1242.0,1.0,0.7334943639291466,677.0,1242.0,1.0,0.5450885668276972,911.0,0.37980241492864986,1.0,0.8096676737160121,64.92999999999999,0.05227858293075684,0.09590841949778435,155.99,-91.06,0.39993558776167476,0.51,0.041075969479153054,0.27938808373590984,0.44625021477611215,0.37980241492864986,0.0664477998474623
xgboost,-0.11,-1.0,0.0,1242.0,1.0,0.7492492492492493,0.7152777777777778,0.7322635135135136,0.7334943639291466,0.7334943639291466,0.5362318840579711,0.463768115942029,0.5793880837359099,0.4314090177133656,1242.0,666.0,576.0,0.7925585539117999,0.1880518726271942,0.5602134885564686,0.46698872785829315,0.5162418387450337,0.9045929500668268,666.0,576.0,1242.0,1.0,0.7334943639291466,677.0,1242.0,1.0,0.5450885668276972,911.0,0.37980241492864986,1.0,0.8096676737160121,64.92999999999999,0.05227858293075684,0.09590841949778435,155.99,-91.06,0.39993558776167476,0.51,0.041075969479153054,0.27938808373590984,0.44625021477611215,0.37980241492864986,0.0664477998474623
xgboost,-0.105,-1.0,0.0,1242.0,1.0,0.7492492492492493,0.7152777777777778,0.7322635135135136,0.7334943639291466,0.7334943639291466,0.5362318840579711,0.463768115942029,0.5793880837359099,0.4314090177133656,1242.0,666.0,576.0,0.7925585539117999,0.1880518726271942,0.5602134885564686,0.46698872785829315,0.5162418387450337,0.9045929500668268,666.0,576.0,1242.0,1.0,0.7334943639291466,677.0,1242.0,1.0,0.5450885668276972,911.0,0.37980241492864986,1.0,0.8096676737160121,64.92999999999999,0.05227858293075684,0.09590841949778435,155.99,-91.06,0.39993558776167476,0.51,0.041075969479153054,0.27938808373590984,0.44625021477611215,0.37980241492864986,0.0664477998474623
xgboost,-0.1,-1.0,0.0,1242.0,1.0,0.7492492492492493,0.7152777777777778,0.7322635135135136,0.7334943639291466,0.7334943639291466,0.5362318840579711,0.463768115942029,0.5793880837359099,0.4314090177133656,1242.0,666.0,576.0,0.7925585539117999,0.1880518726271942,0.5602134885564686,0.46698872785829315,0.5162418387450337,0.9045929500668268,666.0,576.0,1242.0,1.0,0.7334943639291466,677.0,1242.0,1.0,0.5450885668276972,911.0,0.37980241492864986,1.0,0.8096676737160121,64.92999999999999,0.05227858293075684,0.09590841949778435,155.99,-91.06,0.39993558776167476,0.51,0.041075969479153054,0.27938808373590984,0.44625021477611215,0.37980241492864986,0.0664477998474623
xgboost,-0.095,-1.0,0.0,1242.0,1.0,0.7492492492492493,0.7152777777777778,0.7322635135135136,0.7334943639291466,0.7334943639291466,0.5362318840579711,0.463768115942029,0.5793880837359099,0.4314090177133656,1242.0,666.0,576.0,0.7925585539117999,0.1880518726271942,0.5602134885564686,0.46698872785829315,0.5162418387450337,0.9045929500668268,666.0,576.0,1242.0,1.0,0.7334943639291466,677.0,1242.0,1.0,0.5450885668276972,911.0,0.37980241492864986,1.0,0.8096676737160121,64.92999999999999,0.05227858293075684,0.09590841949778435,155.99,-91.06,0.39993558776167476,0.51,0.041075969479153054,0.27938808373590984,0.44625021477611215,0.37980241492864986,0.0664477998474623
xgboost,-0.09,-1.0,0.0,1242.0,1.0,0.7492492492492493,0.7152777777777778,0.7322635135135136,0.7334943639291466,0.7334943639291466,0.5362318840579711,0.463768115942029,0.5793880837359099,0.4314090177133656,1242.0,666.0,576.0,0.7925585539117999,0.1880518726271942,0.5602134885564686,0.46698872785829315,0.5162418387450337,0.9045929500668268,666.0,576.0,1242.0,1.0,0.7334943639291466,677.0,1242.0,1.0,0.5450885668276972,911.0,0.37980241492864986,1.0,0.8096676737160121,64.92999999999999,0.05227858293075684,0.09590841949778435,155.99,-91.06,0.39993558776167476,0.51,0.041075969479153054,0.27938808373590984,0.44625021477611215,0.37980241492864986,0.0664477998474623
xgboost,-0.085,-1.0,0.0,1242.0,1.0,0.7492492492492493,0.7152777777777778,0.7322635135135136,0.7334943639291466,0.7334943639291466,0.5362318840579711,0.463768115942029,0.5793880837359099,0.4314090177133656,1242.0,666.0,576.0,0.7925585539117999,0.1880518726271942,0.5602134885564686,0.46698872785829315,0.5162418387450337,0.9045929500668268,666.0,576.0,1242.0,1.0,0.7334943639291466,677.0,1242.0,1.0,0.5450885668276972,911.0,0.37980241492864986,1.0,0.8096676737160121,64.92999999999999,0.05227858293075684,0.09590841949778435,155.99,-91.06,0.39993558776167476,0.51,0.041075969479153054,0.27938808373590984,0.44625021477611215,0.37980241492864986,0.0664477998474623
xgboost,-0.08,-1.0,0.0,1242.0,1.0,0.7492492492492493,0.7152777777777778,0.7322635135135136,0.7334943639291466,0.7334943639291466,0.5362318840579711,0.463768115942029,0.5793880837359099,0.4314090177133656,1242.0,666.0,576.0,0.7925585539117999,0.1880518726271942,0.5602134885564686,0.46698872785829315,0.5162418387450337,0.9045929500668268,666.0,576.0,1242.0,1.0,0.7334943639291466,677.0,1242.0,1.0,0.5450885668276972,911.0,0.37980241492864986,1.0,0.8096676737160121,64.92999999999999,0.05227858293075684,0.09590841949778435,155.99,-91.06,0.39993558776167476,0.51,0.041075969479153054,0.27938808373590984,0.44625021477611215,0.37980241492864986,0.0664477998474623
xgboost,-0.075,-1.0,0.0,1242.0,1.0,0.7492492492492493,0.7152777777777778,0.7322635135135136,0.7334943639291466,0.7334943639291466,0.5362318840579711,0.463768115942029,0.5793880837359099,0.4314090177133656,1242.0,666.0,576.0,0.7925585539117999,0.1880518726271942,0.5602134885564686,0.46698872785829315,0.5162418387450337,0.9045929500668268,666.0,576.0,1242.0,1.0,0.7334943639291466,677.0,1242.0,1.0,0.5450885668276972,911.0,0.37980241492864986,1.0,0.8096676737160121,64.92999999999999,0.05227858293075684,0.09590841949778435,155.99,-91.06,0.39993558776167476,0.51,0.041075969479153054,0.27938808373590984,0.44625021477611215,0.37980241492864986,0.0664477998474623
xgboost,-0.07,-1.0,0.0,1242.0,1.0,0.7492492492492493,0.7152777777777778,0.7322635135135136,0.7334943639291466,0.7334943639291466,0.5362318840579711,0.463768115942029,0.5793880837359099,0.4314090177133656,1242.0,666.0,576.0,0.7925585539117999,0.1880518726271942,0.5602134885564686,0.46698872785829315,0.5162418387450337,0.9045929500668268,666.0,576.0,1242.0,1.0,0.7334943639291466,677.0,1242.0,1.0,0.5450885668276972,911.0,0.37980241492864986,1.0,0.8096676737160121,64.92999999999999,0.05227858293075684,0.09590841949778435,155.99,-91.06,0.39993558776167476,0.51,0.041075969479153054,0.27938808373590984,0.44625021477611215,0.37980241492864986,0.0664477998474623
xgboost,-0.065,-1.0,0.0,1242.0,1.0,0.7492492492492493,0.7152777777777778,0.7322635135135136,0.7334943639291466,0.7334943639291466,0.5362318840579711,0.463768115942029,0.5793880837359099,0.4314090177133656,1242.0,666.0,576.0,0.7925585539117999,0.1880518726271942,0.5602134885564686,0.46698872785829315,0.5162418387450337,0.9045929500668268,666.0,576.0,1242.0,1.0,0.7334943639291466,677.0,1242.0,1.0,0.5450885668276972,911.0,0.37980241492864986,1.0,0.8096676737160121,64.92999999999999,0.05227858293075684,0.09590841949778435,155.99,-91.06,0.39993558776167476,0.51,0.041075969479153054,0.27938808373590984,0.44625021477611215,0.37980241492864986,0.0664477998474623
xgboost,-0.06,-1.0,0.0,1242.0,1.0,0.7492492492492493,0.7152777777777778,0.7322635135135136,0.7334943639291466,0.7334943639291466,0.5362318840579711,0.463768115942029,0.5793880837359099,0.4314090177133656,1242.0,666.0,576.0,0.7925585539117999,0.1880518726271942,0.5602134885564686,0.46698872785829315,0.5162418387450337,0.9045929500668268,666.0,576.0,1242.0,1.0,0.7334943639291466,677.0,1242.0,1.0,0.5450885668276972,911.0,0.37980241492864986,1.0,0.8096676737160121,64.92999999999999,0.05227858293075684,0.09590841949778435,155.99,-91.06,0.39993558776167476,0.51,0.041075969479153054,0.27938808373590984,0.44625021477611215,0.37980241492864986,0.0664477998474623
xgboost,-0.055,-1.0,0.0,1242.0,1.0,0.7492492492492493,0.7152777777777778,0.7322635135135136,0.7334943639291466,0.7334943639291466,0.5362318840579711,0.463768115942029,0.5793880837359099,0.4314090177133656,1242.0,666.0,576.0,0.7925585539117999,0.1880518726271942,0.5602134885564686,0.46698872785829315,0.5162418387450337,0.9045929500668268,666.0,576.0,1242.0,1.0,0.7334943639291466,677.0,1242.0,1.0,0.5450885668276972,911.0,0.37980241492864986,1.0,0.8096676737160121,64.92999999999999,0.05227858293075684,0.09590841949778435,155.99,-91.06,0.39993558776167476,0.51,0.041075969479153054,0.27938808373590984,0.44625021477611215,0.37980241492864986,0.0664477998474623
xgboost,-0.05,-1.0,0.0,1242.0,1.0,0.7492492492492493,0.7152777777777778,0.7322635135135136,0.7334943639291466,0.7334943639291466,0.5362318840579711,0.463768115942029,0.5793880837359099,0.4314090177133656,1242.0,666.0,576.0,0.7925585539117999,0.1880518726271942,0.5602134885564686,0.46698872785829315,0.5162418387450337,0.9045929500668268,666.0,576.0,1242.0,1.0,0.7334943639291466,677.0,1242.0,1.0,0.5450885668276972,911.0,0.37980241492864986,1.0,0.8096676737160121,64.92999999999999,0.05227858293075684,0.09590841949778435,155.99,-91.06,0.39993558776167476,0.51,0.041075969479153054,0.27938808373590984,0.44625021477611215,0.37980241492864986,0.0664477998474623
xgboost,-0.045,-1.0,0.0,1242.0,1.0,0.7492492492492493,0.7152777777777778,0.7322635135135136,0.7334943639291466,0.7334943639291466,0.5362318840579711,0.463768115942029,0.5793880837359099,0.4314090177133656,1242.0,666.0,576.0,0.7925585539117999,0.1880518726271942,0.5602134885564686,0.46698872785829315,0.5162418387450337,0.9045929500668268,666.0,576.0,1242.0,1.0,0.7334943639291466,676.0,1241.0,0.999194847020934,0.5442834138486312,911.0,0.37980241492864986,1.0,0.8090909090909091,65.24,0.052528180354267304,0.09650887573964496,155.99,-90.75,0.3996859903381642,0.51,0.041075969479153054,0.27938808373590984,0.44625021477611215,0.37980241492864986,0.0664477998474623
xgboost,-0.04,-1.0,0.0,1242.0,1.0,0.7492492492492493,0.7152777777777778,0.7322635135135136,0.7334943639291466,0.7334943639291466,0.5362318840579711,0.463768115942029,0.5793880837359099,0.4314090177133656,1242.0,666.0,576.0,0.7925585539117999,0.1880518726271942,0.5602134885564686,0.46698872785829315,0.5162418387450337,0.9045929500668268,666.0,576.0,1242.0,1.0,0.7334943639291466,676.0,1239.0,0.9975845410628019,0.5442834138486312,911.0,0.37980241492864986,1.0,0.8090909090909091,65.24,0.052528180354267304,0.09650887573964496,155.99,-90.75,0.3989452495974235,0.51,0.041075969479153054,0.27938808373590984,0.4464409872438714,0.38063806380638066,0.06580292343749072
xgboost,-0.035,-1.0,0.0,1242.0,1.0,0.7492492492492493,0.7152777777777778,0.7322635135135136,0.7334943639291466,0.7334943639291466,0.5362318840579711,0.463768115942029,0.5793880837359099,0.4314090177133656,1242.0,666.0,576.0,0.7925585539117999,0.1880518726271942,0.5602134885564686,0.46698872785829315,0.5162418387450337,0.9045929500668268,666.0,576.0,1242.0,1.0,0.7334943639291466,674.0,1235.0,0.9943639291465378,0.5426731078904992,911.0,0.37760702524698136,1.0,0.8090909090909091,64.50999999999999,0.05194041867954911,0.09571216617210682,155.26,-90.75,0.39677938808373586,0.51,0.041075969479153054,0.27938808373590984,0.44645874162322907,0.38011049723756907,0.06634824438566
xgboost,-0.03,-1.0,0.0,1242.0,1.0,0.7492492492492493,0.7152777777777778,0.7322635135135136,0.7334943639291466,0.7334943639291466,0.5362318840579711,0.463768115942029,0.5793880837359099,0.4314090177133656,1242.0,666.0,576.0,0.7925585539117999,0.1880518726271942,0.5602134885564686,0.46698872785829315,0.5162418387450337,0.9045929500668268,666.0,576.0,1242.0,1.0,0.7334943639291466,671.0,1227.0,0.9879227053140096,0.5402576489533011,911.0,0.3765093304061471,1.0,0.8079268292682927,65.13999999999999,0.0524476650563607,0.0970789865871833,154.92,-89.78,0.39377616747181965,0.51,0.041075969479153054,0.27938808373590984,0.44713154774950664,0.38153503893214685,0.06559650881735979
xgboost,-0.025,-1.0,0.0,1242.0,1.0,0.7492492492492493,0.7152777777777778,0.7322635135135136,0.7334943639291466,0.7334943639291466,0.5362318840579711,0.463768115942029,0.5793880837359099,0.4314090177133656,1242.0,666.0,576.0,0.7925585539117999,0.1880518726271942,0.5602134885564686,0.46698872785829315,0.5162418387450337,0.9045929500668268,666.0,576.0,1242.0,1.0,0.7334943639291466,665.0,1214.0,0.9774557165861514,0.535426731078905,911.0,0.3754116355653128,1.0,0.804953560371517,67.2,0.05410628019323672,0.10105263157894735,154.48,-87.28,0.38855877616747186,0.51,0.041075969479153054,0.27938808373590984,0.4476099734337777,0.3838383838383838,0.06377158959539386
xgboost,-0.02,-1.0,0.0,1242.0,1.0,0.7492492492492493,0.7152777777777778,0.7322635135135136,0.7334943639291466,0.7334943639291466,0.5362318840579711,0.463768115942029,0.5793880837359099,0.4314090177133656,1242.0,666.0,576.0,0.7925585539117999,0.1880518726271942,0.5602134885564686,0.46698872785829315,0.5162418387450337,0.9045929500668268,666.0,576.0,1242.0,1.0,0.7334943639291466,661.0,1207.0,0.9718196457326892,0.5322061191626409,911.0,0.37102085620197583,1.0,0.804953560371517,65.28999999999999,0.052568438003220606,0.09877458396369136,152.57,-87.28,0.38632850241545896,0.51,0.041075969479153054,0.27938808373590984,0.4486178117467099,0.38235294117647056,0.06626487057023933
xgboost,-0.015,-1.0,0.0,1242.0,1.0,0.7492492492492493,0.7152777777777778,0.7322635135135136,0.7334943639291466,0.7334943639291466,0.5362318840579711,0.463768115942029,0.5793880837359099,0.4314090177133656,1242.0,666.0,576.0,0.7925585539117999,0.1880518726271942,0.5602134885564686,0.46698872785829315,0.5162418387450337,0.9045929500668268,666.0,576.0,1242.0,1.0,0.7334943639291466,657.0,1192.0,0.9597423510466989,0.5289855072463768,911.0,0.3699231613611416,1.0,0.803125,66.28,0.053365539452495975,0.10088280060882801,151.98000000000002,-85.69999999999999,0.38057165861513687,0.51,0.041075969479153054,0.27938808373590984,0.44980934854178184,0.38646788990825687,0.06334145863352497
xgboost,-0.01,-1.0,0.0,1242.0,1.0,0.7492492492492493,0.7152777777777778,0.7322635135135136,0.7334943639291466,0.7334943639291466,0.5362318840579711,0.463768115942029,0.5793880837359099,0.4314090177133656,1242.0,666.0,576.0,0.7925585539117999,0.1880518726271942,0.5602134885564686,0.46698872785829315,0.5162418387450337,0.9045929500668268,666.0,576.0,1242.0,1.0,0.7334943639291466,646.0,1169.0,0.9412238325281803,0.5201288244766505,911.0,0.36553238199780463,1.0,0.7987220447284346,66.83999999999999,0.05381642512077294,0.1034674922600619,149.51999999999998,-82.68,0.3730595813204509,0.51,0.041075969479153054,0.27938808373590984,0.45133479860628667,0.38901869158878505,0.06231610701750162
xgboost,-0.005,-1.0,0.0,1242.0,1.0,0.7492492492492493,0.7152777777777778,0.7322635135135136,0.7334943639291466,0.7334943639291466,0.5362318840579711,0.463768115942029,0.5793880837359099,0.4314090177133656,1242.0,666.0,576.0,0.7925585539117999,0.1880518726271942,0.5602134885564686,0.46698872785829315,0.5162418387450337,0.9045929500668268,666.0,576.0,1242.0,1.0,0.7334943639291466,629.0,1143.0,0.9202898550724637,0.5064412238325282,911.0,0.3611416026344676,1.0,0.7933333333333333,70.91,0.05709339774557166,0.11273449920508744,147.95999999999998,-77.05000000000001,0.3642351046698873,0.46,0.041075969479153054,0.27938808373590984,0.452748970887574,0.3902728351126928,0.0624761357748812
xgboost,0.0,-1.0,0.0,1242.0,1.0,0.7492492492492493,0.7152777777777778,0.7322635135135136,0.7334943639291466,0.7334943639291466,0.5362318840579711,0.463768115942029,0.5793880837359099,0.4314090177133656,1242.0,666.0,576.0,0.7925585539117999,0.1880518726271942,0.5602134885564686,0.46698872785829315,0.5162418387450337,0.9045929500668268,666.0,576.0,1242.0,1.0,0.7334943639291466,508.0,895.0,0.7206119162640902,0.40901771336553944,911.0,0.3512623490669594,1.0,0.8882978723404256,71.52,0.057584541062801926,0.14078740157480313,144.25,-72.73000000000002,0.35201288244766504,0.46,0.041075969479153054,0.27938808373590984,0.5260511914760801,0.4526166902404526,0.07343450123562756
xgboost,0.005,-1.0,0.0,1242.0,1.0,0.7492492492492493,0.7152777777777778,0.7322635135135136,0.7334943639291466,0.7334943639291466,0.5362318840579711,0.463768115942029,0.5793880837359099,0.4314090177133656,1242.0,666.0,576.0,0.7925585539117999,0.1880518726271942,0.5602134885564686,0.46698872785829315,0.5162418387450337,0.9045929500668268,666.0,576.0,1242.0,1.0,0.7334943639291466,483.0,835.0,0.6723027375201288,0.3888888888888889,911.0,0.33699231613611413,1.0,0.8977272727272727,68.72,0.055330112721417066,0.14227743271221532,138.53,-69.81,0.339573268921095,0.41,0.041075969479153054,0.27938808373590984,0.5463724231435062,0.4658573596358118,0.08051506350769438
xgboost,0.01,-1.0,0.0,1242.0,1.0,0.7492492492492493,0.7152777777777778,0.7322635135135136,0.7334943639291466,0.7334943639291466,0.5362318840579711,0.463768115942029,0.5793880837359099,0.4314090177133656,1242.0,666.0,576.0,0.7925585539117999,0.1880518726271942,0.5602134885564686,0.46698872785829315,0.5162418387450337,0.9045929500668268,666.0,576.0,1242.0,1.0,0.7334943639291466,462.0,802.0,0.6457326892109501,0.3719806763285024,911.0,0.32711306256860595,1.0,0.8963414634146342,69.22999999999999,0.05574074074074073,0.14984848484848481,134.52,-65.28999999999999,0.32755233494363933,0.36,0.041075969479153054,0.27938808373590984,0.5497700995225517,0.4670846394984326,0.08268546002411914
xgboost,0.015,-1.0,0.0,1242.0,1.0,0.7492492492492493,0.7152777777777778,0.7322635135135136,0.7334943639291466,0.7334943639291466,0.5362318840579711,0.463768115942029,0.5793880837359099,0.4314090177133656,1242.0,666.0,576.0,0.7925585539117999,0.1880518726271942,0.5602134885564686,0.46698872785829315,0.5162418387450337,0.9045929500668268,666.0,576.0,1242.0,1.0,0.7334943639291466,447.0,764.0,0.6151368760064412,0.35990338164251207,911.0,0.31833150384193193,1.0,0.89171974522293,68.92999999999999,0.05549919484702093,0.15420581655480986,130.85000000000002,-61.92,0.3129951690821256,0.31,0.041075969479153054,0.27938808373590984,0.5552736202245686,0.47775947281713343,0.07751414740743517
xgboost,0.02,-1.0,0.0,1242.0,1.0,0.7492492492492493,0.7152777777777778,0.7322635135135136,0.7334943639291466,0.7334943639291466,0.5362318840579711,0.463768115942029,0.5793880837359099,0.4314090177133656,1242.0,666.0,576.0,0.7925585539117999,0.1880518726271942,0.5602134885564686,0.46698872785829315,0.5162418387450337,0.9045929500668268,666.0,576.0,1242.0,1.0,0.7334943639291466,416.0,716.0,0.5764895330112721,0.33494363929146537,911.0,0.29747530186608123,1.0,0.8896551724137931,65.09,0.05240740740740741,0.15646634615384616,122.94,-57.85,0.2943719806763285,0.26,0.041075969479153054,0.27938808373590984,0.5579652884900048,0.4746059544658494,0.08335933402415541
xgboost,0.025,-1.0,0.0,1242.0,1.0,0.7492492492492493,0.7152777777777778,0.7322635135135136,0.7334943639291466,0.7334943639291466,0.5362318840579711,0.463768115942029,0.5793880837359099,0.4314090177133656,1242.0,666.0,576.0,0.7925585539117999,0.1880518726271942,0.5602134885564686,0.46698872785829315,0.5162418387450337,0.9045929500668268,666.0,576.0,1242.0,1.0,0.7334943639291466,396.0,680.0,0.5475040257648953,0.3188405797101449,911.0,0.283205268935236,1.0,0.8913043478260869,62.589999999999996,0.05039452495974235,0.15805555555555553,117.72,-55.13,0.2790257648953301,0.21,0.041075969479153054,0.27938808373590984,0.5600407389972043,0.47601476014760147,0.08402597884960283
xgboost,0.03,-1.0,0.0,1242.0,1.0,0.7492492492492493,0.7152777777777778,0.7322635135135136,0.7334943639291466,0.7334943639291466,0.5362318840579711,0.463768115942029,0.5793880837359099,0.4314090177133656,1242.0,666.0,576.0,0.7925585539117999,0.1880518726271942,0.5602134885564686,0.46698872785829315,0.5162418387450337,0.9045929500668268,666.0,576.0,1242.0,1.0,0.7334943639291466,383.0,649.0,0.5225442834138486,0.3083735909822866,911.0,0.278814489571899,1.0,0.8914728682170543,64.27,0.051747181964573265,0.16780678851174935,116.31,-52.040000000000006,0.2671819645732689,0.16,0.041075969479153054,0.27938808373590984,0.5663825055727592,0.48846153846153845,0.07792096711122071
xgboost,0.035,-1.0,0.0,1242.0,1.0,0.7492492492492493,0.7152777777777778,0.7322635135135136,0.7334943639291466,0.7334943639291466,0.5362318840579711,0.463768115942029,0.5793880837359099,0.4314090177133656,1242.0,666.0,576.0,0.7925585539117999,0.1880518726271942,0.5602134885564686,0.46698872785829315,0.5162418387450337,0.9045929500668268,666.0,576.0,1242.0,1.0,0.7334943639291466,354.0,604.0,0.4863123993558776,0.28502415458937197,911.0,0.26125137211855104,1.0,0.8879310344827587,60.61,0.04880032206119163,0.17121468926553673,108.72,-48.11,0.24991143317230272,0.0,0.041075969479153054,0.27938808373590984,0.569770090404104,0.48770491803278687,0.08206517237131711
xgboost,0.04,-1.0,0.0,1242.0,1.0,0.7492492492492493,0.7152777777777778,0.7322635135135136,0.7334943639291466,0.7334943639291466,0.5362318840579711,0.463768115942029,0.5793880837359099,0.4314090177133656,1242.0,666.0,576.0,0.7925585539117999,0.1880518726271942,0.5602134885564686,0.46698872785829315,0.5162418387450337,0.9045929500668268,666.0,576.0,1242.0,1.0,0.7334943639291466,326.0,551.0,0.44363929146537845,0.26247987117552335,911.0,0.24368825466520308,1.0,0.8942307692307693,57.69,0.04644927536231884,0.17696319018404905,101.17999999999999,-43.489999999999995,0.22786634460547503,0.0,0.041075969479153054,0.27938808373590984,0.5749532692717759,0.4966442953020134,0.0783089739697625
xgboost,0.045,-1.0,0.0,1242.0,1.0,0.7492492492492493,0.7152777777777778,0.7322635135135136,0.7334943639291466,0.7334943639291466,0.5362318840579711,0.463768115942029,0.5793880837359099,0.4314090177133656,1242.0,666.0,576.0,0.7925585539117999,0.1880518726271942,0.5602134885564686,0.46698872785829315,0.5162418387450337,0.9045929500668268,666.0,576.0,1242.0,1.0,0.7334943639291466,301.0,515.0,0.4146537842190016,0.24235104669887278,911.0,0.2261251372118551,1.0,0.8947368421052632,55.78999999999999,0.04491948470209339,0.18534883720930231,94.99000000000001,-39.2,0.21227858293075683,0.0,0.041075969479153054,0.27938808373590984,0.575677820649885,0.49047619047619045,0.08520163017369459
xgboost,0.05,-1.0,0.0,1242.0,1.0,0.7492492492492493,0.7152777777777778,0.7322635135135136,0.7334943639291466,0.7334943639291466,0.5362318840579711,0.463768115942029,0.5793880837359099,0.4314090177133656,1242.0,666.0,576.0,0.7925585539117999,0.1880518726271942,0.5602134885564686,0.46698872785829315,0.5162418387450337,0.9045929500668268,666.0,576.0,1242.0,1.0,0.7334943639291466,287.0,488.0,0.392914653784219,0.23107890499194847,911.0,0.21734357848518113,1.0,0.8876404494382022,55.779999999999994,0.044911433172302735,0.1943554006968641,91.87,-36.09,0.2001046698872786,0.0,0.041075969479153054,0.27938808373590984,0.5780966184417108,0.49624060150375937,0.08185601693795141
xgboost,0.055,-1.0,0.0,1242.0,1.0,0.7492492492492493,0.7152777777777778,0.7322635135135136,0.7334943639291466,0.7334943639291466,0.5362318840579711,0.463768115942029,0.5793880837359099,0.4314090177133656,1242.0,666.0,576.0,0.7925585539117999,0.1880518726271942,0.5602134885564686,0.46698872785829315,0.5162418387450337,0.9045929500668268,666.0,576.0,1242.0,1.0,0.7334943639291466,255.0,438.0,0.3526570048309179,0.20531400966183574,911.0,0.1942919868276619,1.0,0.8846153846153846,51.3,0.041304347826086954,0.2011764705882353,82.92999999999999,-31.63,0.1790096618357488,0.0,0.041075969479153054,0.27938808373590984,0.5771420138163699,0.49166666666666664,0.08547534714970323
xgboost,0.06,-1.0,0.0,1242.0,1.0,0.7492492492492493,0.7152777777777778,0.7322635135135136,0.7334943639291466,0.7334943639291466,0.5362318840579711,0.463768115942029,0.5793880837359099,0.4314090177133656,1242.0,666.0,576.0,0.7925585539117999,0.1880518726271942,0.5602134885564686,0.46698872785829315,0.5162418387450337,0.9045929500668268,666.0,576.0,1242.0,1.0,0.7334943639291466,232.0,404.0,0.3252818035426731,0.18679549114331723,911.0,0.17892425905598244,1.0,0.8840579710144928,48.53,0.039074074074074074,0.2091810344827586,76.47,-27.939999999999998,0.16480676328502417,0.0,0.041075969479153054,0.27938808373590984,0.5821237821632357,0.48656716417910445,0.09555661798413123
xgboost,0.065,-1.0,0.0,1242.0,1.0,0.7492492492492493,0.7152777777777778,0.7322635135135136,0.7334943639291466,0.7334943639291466,0.5362318840579711,0.463768115942029,0.5793880837359099,0.4314090177133656,1242.0,666.0,576.0,0.7925585539117999,0.1880518726271942,0.5602134885564686,0.46698872785829315,0.5162418387450337,0.9045929500668268,666.0,576.0,1242.0,1.0,0.7334943639291466,203.0,349.0,0.2809983896940419,0.16344605475040258,911.0,0.15477497255762898,1.0,0.8870967741935484,42.72,0.034396135265700484,0.21044334975369455,67.59,-24.87,0.13904186795491144,0.0,0.041075969479153054,0.27938808373590984,0.5842893637119685,0.4912891986062718,0.0930001651056967
xgboost,0.07,-1.0,0.0,1242.0,1.0,0.7492492492492493,0.7152777777777778,0.7322635135135136,0.7334943639291466,0.7334943639291466,0.5362318840579711,0.463768115942029,0.5793880837359099,0.4314090177133656,1242.0,666.0,576.0,0.7925585539117999,0.1880518726271942,0.5602134885564686,0.46698872785829315,0.5162418387450337,0.9045929500668268,666.0,576.0,1242.0,1.0,0.7334943639291466,186.0,311.0,0.250402576489533,0.1497584541062802,911.0,0.14050493962678376,1.0,0.896551724137931,38.54,0.03103059581320451,0.20720430107526877,61.92,-23.380000000000003,0.12243156199677939,0.0,0.041075969479153054,0.27938808373590984,0.5879545700055337,0.5059288537549407,0.08202571625059307
xgboost,0.075,-1.0,0.0,1242.0,1.0,0.7492492492492493,0.7152777777777778,0.7322635135135136,0.7334943639291466,0.7334943639291466,0.5362318840579711,0.463768115942029,0.5793880837359099,0.4314090177133656,1242.0,666.0,576.0,0.7925585539117999,0.1880518726271942,0.5602134885564686,0.46698872785829315,0.5162418387450337,0.9045929500668268,666.0,576.0,1242.0,1.0,0.7334943639291466,163.0,280.0,0.22544283413848631,0.13123993558776167,911.0,0.12294182217343579,1.0,0.9215686274509803,33.92,0.027310789049919487,0.20809815950920246,55.03,-21.11,0.11062801932367147,0.0,0.041075969479153054,0.27938808373590984,0.5923584333934118,0.4890829694323144,0.10327546396109738
xgboost,0.08,-1.0,0.0,1242.0,1.0,0.7492492492492493,0.7152777777777778,0.7322635135135136,0.7334943639291466,0.7334943639291466,0.5362318840579711,0.463768115942029,0.5793880837359099,0.4314090177133656,1242.0,666.0,576.0,0.7925585539117999,0.1880518726271942,0.5602134885564686,0.46698872785829315,0.5162418387450337,0.9045929500668268,666.0,576.0,1242.0,1.0,0.7334943639291466,145.0,248.0,0.1996779388083736,0.11674718196457327,911.0,0.10867178924259056,1.0,0.9347826086956522,30.25,0.024355877616747183,0.2086206896551724,49.61,-19.36,0.09664251207729468,0.0,0.041075969479153054,0.27938808373590984,0.5942627054334867,0.4900990099009901,0.1041636955324966
xgboost,0.085,-1.0,0.0,1242.0,1.0,0.7492492492492493,0.7152777777777778,0.7322635135135136,0.7334943639291466,0.7334943639291466,0.5362318840579711,0.463768115942029,0.5793880837359099,0.4314090177133656,1242.0,666.0,576.0,0.7925585539117999,0.1880518726271942,0.5602134885564686,0.46698872785829315,0.5162418387450337,0.9045929500668268,666.0,576.0,1242.0,1.0,0.7334943639291466,132.0,220.0,0.17713365539452497,0.10628019323671498,911.0,0.09769484083424808,1.0,0.9302325581395349,27.380000000000003,0.0220450885668277,0.2074242424242424,45.209999999999994,-17.83,0.08442028985507245,0.0,0.041075969479153054,0.27938808373590984,0.5960002898496423,0.5028248587570622,0.09317543109258009
xgboost,0.09,-1.0,0.0,1242.0,1.0,0.7492492492492493,0.7152777777777778,0.7322635135135136,0.7334943639291466,0.7334943639291466,0.5362318840579711,0.463768115942029,0.5793880837359099,0.4314090177133656,1242.0,666.0,576.0,0.7925585539117999,0.1880518726271942,0.5602134885564686,0.46698872785829315,0.5162418387450337,0.9045929500668268,666.0,576.0,1242.0,1.0,0.7334943639291466,115.0,188.0,0.15136876006441224,0.09259259259259259,911.0,0.08562019758507135,1.0,0.918918918918919,24.949999999999996,0.02008856682769726,0.2169565217391304,40.019999999999996,-15.069999999999999,0.07095813204508856,0.0,0.041075969479153054,0.27938808373590984,0.5977038370062974,0.5165562913907285,0.08114754561556892
xgboost,0.095,-1.0,0.0,1242.0,1.0,0.7492492492492493,0.7152777777777778,0.7322635135135136,0.7334943639291466,0.7334943639291466,0.5362318840579711,0.463768115942029,0.5793880837359099,0.4314090177133656,1242.0,666.0,576.0,0.7925585539117999,0.1880518726271942,0.5602134885564686,0.46698872785829315,0.5162418387450337,0.9045929500668268,666.0,576.0,1242.0,1.0,0.7334943639291466,96.0,158.0,0.12721417069243157,0.07729468599033816,911.0,0.06805708013172337,1.0,0.9411764705882353,18.59,0.01496779388083736,0.1936458333333333,32.63,-14.04,0.05839774557165862,0.0,0.041075969479153054,0.27938808373590984,0.6000585433456206,0.5,0.10005854334562059
xgboost,0.1,-1.0,0.0,1242.0,1.0,0.7492492492492493,0.7152777777777778,0.7322635135135136,0.7334943639291466,0.7334943639291466,0.5362318840579711,0.463768115942029,0.5793880837359099,0.4314090177133656,1242.0,666.0,576.0,0.7925585539117999,0.1880518726271942,0.5602134885564686,0.46698872785829315,0.5162418387450337,0.9045929500668268,666.0,576.0,1242.0,1.0,0.7334943639291466,82.0,142.0,0.1143317230273752,0.06602254428341385,911.0,0.06037321624588365,1.0,0.9259259259259259,19.03,0.01532206119162641,0.2320731707317073,29.700000000000003,-10.669999999999998,0.05146537842190016,0.0,0.041075969479153054,0.27938808373590984,0.5979043263456095,0.4782608695652174,0.11964345678039212
xgboost,0.105,-1.0,0.0,1242.0,1.0,0.7492492492492493,0.7152777777777778,0.7322635135135136,0.7334943639291466,0.7334943639291466,0.5362318840579711,0.463768115942029,0.5793880837359099,0.4314090177133656,1242.0,666.0,576.0,0.7925585539117999,0.1880518726271942,0.5602134885564686,0.46698872785829315,0.5162418387450337,0.9045929500668268,666.0,576.0,1242.0,1.0,0.7334943639291466,75.0,130.0,0.10466988727858294,0.06038647342995169,911.0,0.0570801317233809,1.0,0.9130434782608695,19.3,0.015539452495974236,0.2573333333333333,28.23,-8.93,0.046578099838969406,0.0,0.041075969479153054,0.27938808373590984,0.6006563623374868,0.48598130841121495,0.11467505392627181
xgboost,0.11,-1.0,0.0,1242.0,1.0,0.7492492492492493,0.7152777777777778,0.7322635135135136,0.7334943639291466,0.7334943639291466,0.5362318840579711,0.463768115942029,0.5793880837359099,0.4314090177133656,1242.0,666.0,576.0,0.7925585539117999,0.1880518726271942,0.5602134885564686,0.46698872785829315,0.5162418387450337,0.9045929500668268,666.0,576.0,1242.0,1.0,0.7334943639291466,67.0,113.0,0.09098228663446055,0.05394524959742351,911.0,0.052689352360043906,1.0,0.8947368421052632,18.93,0.015241545893719807,0.2825373134328358,25.82,-6.890000000000001,0.04020128824476651,0.0,0.041075969479153054,0.27938808373590984,0.6062605133716096,0.5106382978723404,0.09562221549926919
xgboost,0.115,-1.0,0.0,1242.0,1.0,0.7492492492492493,0.7152777777777778,0.7322635135135136,0.7334943639291466,0.7334943639291466,0.5362318840579711,0.463768115942029,0.5793880837359099,0.4314090177133656,1242.0,666.0,576.0,0.7925585539117999,0.1880518726271942,0.5602134885564686,0.46698872785829315,0.5162418387450337,0.9045929500668268,666.0,576.0,1242.0,1.0,0.7334943639291466,61.0,103.0,0.08293075684380032,0.04911433172302738,911.0,0.04939626783754116,1.0,0.875,18.29,0.014726247987117552,0.29983606557377046,24.049999999999997,-5.76,0.03690016103059582,0.0,0.041075969479153054,0.27938808373590984,0.6087053753863806,0.5172413793103449,0.09146399607603573
xgboost,0.12,-1.0,0.0,1242.0,1.0,0.7492492492492493,0.7152777777777778,0.7322635135135136,0.7334943639291466,0.7334943639291466,0.5362318840579711,0.463768115942029,0.5793880837359099,0.4314090177133656,1242.0,666.0,576.0,0.7925585539117999,0.1880518726271942,0.5602134885564686,0.46698872785829315,0.5162418387450337,0.9045929500668268,666.0,576.0,1242.0,1.0,0.7334943639291466,49.0,89.0,0.071658615136876,0.039452495974235106,911.0,0.04171240395170143,1.0,0.9090909090909091,16.61,0.013373590982286633,0.3389795918367347,20.72,-4.11,0.03207729468599034,0.0,0.041075969479153054,0.27938808373590984,0.6148979854889405,0.48717948717948717,0.1277184983094533
xgboost,0.125,-1.0,0.0,1242.0,1.0,0.7492492492492493,0.7152777777777778,0.7322635135135136,0.7334943639291466,0.7334943639291466,0.5362318840579711,0.463768115942029,0.5793880837359099,0.4314090177133656,1242.0,666.0,576.0,0.7925585539117999,0.1880518726271942,0.5602134885564686,0.46698872785829315,0.5162418387450337,0.9045929500668268,666.0,576.0,1242.0,1.0,0.7334943639291466,39.0,73.0,0.05877616747181964,0.03140096618357488,911.0,0.03293084522502744,1.0,1.0,12.91,0.01039452495974235,0.331025641025641,16.6,-3.69,0.02683574879227053,0.0,0.041075969479153054,0.27938808373590984,0.6256604697555304,0.46875,0.15691046975553036
xgboost,0.13,-1.0,0.0,1242.0,1.0,0.7492492492492493,0.7152777777777778,0.7322635135135136,0.7334943639291466,0.7334943639291466,0.5362318840579711,0.463768115942029,0.5793880837359099,0.4314090177133656,1242.0,666.0,576.0,0.7925585539117999,0.1880518726271942,0.5602134885564686,0.46698872785829315,0.5162418387450337,0.9045929500668268,666.0,576.0,1242.0,1.0,0.7334943639291466,35.0,58.0,0.04669887278582931,0.02818035426731079,911.0,0.030735455543358946,1.0,1.0,12.5,0.010064412238325281,0.3571428571428571,15.27,-2.77,0.02099838969404187,0.0,0.041075969479153054,0.27938808373590984,0.6330564466177249,0.5490196078431373,0.08403683877458756
xgboost,0.135,-1.0,0.0,1242.0,1.0,0.7492492492492493,0.7152777777777778,0.7322635135135136,0.7334943639291466,0.7334943639291466,0.5362318840579711,0.463768115942029,0.5793880837359099,0.4314090177133656,1242.0,666.0,576.0,0.7925585539117999,0.1880518726271942,0.5602134885564686,0.46698872785829315,0.5162418387450337,0.9045929500668268,666.0,576.0,1242.0,1.0,0.7334943639291466,31.0,52.0,0.04186795491143317,0.0249597423510467,911.0,0.027442371020856202,1.0,1.0,11.139999999999999,0.00896940418679549,0.3593548387096774,13.649999999999999,-2.51,0.018776167471819646,0.0,0.041075969479153054,0.27938808373590984,0.63362139593,0.5434782608695652,0.09014313506043481
xgboost,0.14,-1.0,0.0,1242.0,1.0,0.7492492492492493,0.7152777777777778,0.7322635135135136,0.7334943639291466,0.7334943639291466,0.5362318840579711,0.463768115942029,0.5793880837359099,0.4314090177133656,1242.0,666.0,576.0,0.7925585539117999,0.1880518726271942,0.5602134885564686,0.46698872785829315,0.5162418387450337,0.9045929500668268,666.0,576.0,1242.0,1.0,0.7334943639291466,29.0,45.0,0.036231884057971016,0.023349436392914653,911.0,0.026344676180021953,1.0,1.0,10.959999999999999,0.008824476650563606,0.3779310344827586,13.16,-2.2,0.015740740740740743,0.0,0.041075969479153054,0.27938808373590984,0.6353611089289188,0.6,0.03536110892891886
xgboost,0.145,-1.0,0.0,1242.0,1.0,0.7492492492492493,0.7152777777777778,0.7322635135135136,0.7334943639291466,0.7334943639291466,0.5362318840579711,0.463768115942029,0.5793880837359099,0.4314090177133656,1242.0,666.0,576.0,0.7925585539117999,0.1880518726271942,0.5602134885564686,0.46698872785829315,0.5162418387450337,0.9045929500668268,666.0,576.0,1242.0,1.0,0.7334943639291466,25.0,40.0,0.0322061191626409,0.020128824476650563,911.0,0.02305159165751921,1.0,1.0,10.05,0.008091787439613527,0.40199999999999997,11.739999999999998,-1.69,0.01352657004830918,0.0,0.041075969479153054,0.27938808373590984,0.6293678142958217,0.5833333333333334,0.0460344809624883
xgboost,0.15,-1.0,0.0,1242.0,1.0,0.7492492492492493,0.7152777777777778,0.7322635135135136,0.7334943639291466,0.7334943639291466,0.5362318840579711,0.463768115942029,0.5793880837359099,0.4314090177133656,1242.0,666.0,576.0,0.7925585539117999,0.1880518726271942,0.5602134885564686,0.46698872785829315,0.5162418387450337,0.9045929500668268,666.0,576.0,1242.0,1.0,0.7334943639291466,17.0,30.0,0.024154589371980676,0.013687600644122383,911.0,0.01646542261251372,1.0,1.0,7.98,0.0064251207729468605,0.4694117647058823,8.65,-0.6699999999999999,0.009702093397745573,0.0,0.041075969479153054,0.27938808373590984,0.6258913204073906,0.5357142857142857,0.0901770346931049
xgboost,0.155,-1.0,0.0,1242.0,1.0,0.7492492492492493,0.7152777777777778,0.7322635135135136,0.7334943639291466,0.7334943639291466,0.5362318840579711,0.463768115942029,0.5793880837359099,0.4314090177133656,1242.0,666.0,576.0,0.7925585539117999,0.1880518726271942,0.5602134885564686,0.46698872785829315,0.5162418387450337,0.9045929500668268,666.0,576.0,1242.0,1.0,0.7334943639291466,15.0,26.0,0.020933977455716585,0.012077294685990338,911.0,0.014270032930845226,1.0,1.0,7.25,0.005837359098228663,0.48333333333333334,7.92,-0.6699999999999999,0.008099838969404187,0.0,0.041075969479153054,0.27938808373590984,0.6142436477045218,0.5416666666666666,0.07257698103785515
xgboost,0.16,-1.0,0.0,1242.0,1.0,0.7492492492492493,0.7152777777777778,0.7322635135135136,0.7334943639291466,0.7334943639291466,0.5362318840579711,0.463768115942029,0.5793880837359099,0.4314090177133656,1242.0,666.0,576.0,0.7925585539117999,0.1880518726271942,0.5602134885564686,0.46698872785829315,0.5162418387450337,0.9045929500668268,666.0,576.0,1242.0,1.0,0.7334943639291466,12.0,20.0,0.01610305958132045,0.00966183574879227,911.0,0.012074643249176729,1.0,1.0,6.38,0.005136876006441224,0.5316666666666667,6.74,-0.36,0.006159420289855073,0.0,0.041075969479153054,0.27938808373590984,0.6210365248353857,0.5789473684210527,0.042089156414333084
xgboost,0.165,-1.0,0.0,1242.0,1.0,0.7492492492492493,0.7152777777777778,0.7322635135135136,0.7334943639291466,0.7334943639291466,0.5362318840579711,0.463768115942029,0.5793880837359099,0.4314090177133656,1242.0,666.0,576.0,0.7925585539117999,0.1880518726271942,0.5602134885564686,0.46698872785829315,0.5162418387450337,0.9045929500668268,666.0,576.0,1242.0,1.0,0.7334943639291466,12.0,19.0,0.015297906602254429,0.00966183574879227,911.0,0.012074643249176729,1.0,1.0,6.38,0.005136876006441224,0.5316666666666667,6.74,-0.36,0.005668276972624799,0.0,0.041075969479153054,0.27938808373590984,0.613766728176011,0.6111111111111112,0.0026556170648998068
xgboost,0.17,-1.0,0.0,1242.0,1.0,0.7492492492492493,0.7152777777777778,0.7322635135135136,0.7334943639291466,0.7334943639291466,0.5362318840579711,0.463768115942029,0.5793880837359099,0.4314090177133656,1242.0,666.0,576.0,0.7925585539117999,0.1880518726271942,0.5602134885564686,0.46698872785829315,0.5162418387450337,0.9045929500668268,666.0,576.0,1242.0,1.0,0.7334943639291466,10.0,15.0,0.012077294685990338,0.008051529790660225,911.0,0.009879253567508232,1.0,1.0,5.3,0.004267310789049919,0.53,5.66,-0.36,0.004508856682769726,0.0,0.041075969479153054,0.27938808373590984,0.626212056194033,0.6428571428571429,-0.01664508666310993
xgboost,0.175,-1.0,0.0,1242.0,1.0,0.7492492492492493,0.7152777777777778,0.7322635135135136,0.7334943639291466,0.7334943639291466,0.5362318840579711,0.463768115942029,0.5793880837359099,0.4314090177133656,1242.0,666.0,576.0,0.7925585539117999,0.1880518726271942,0.5602134885564686,0.46698872785829315,0.5162418387450337,0.9045929500668268,666.0,576.0,1242.0,1.0,0.7334943639291466,9.0,13.0,0.010466988727858293,0.007246376811594203,911.0,0.008781558726673985,1.0,1.0,4.81,0.003872785829307568,0.5344444444444445,5.17,-0.36,0.0038888888888888888,0.0,0.041075969479153054,0.27938808373590984,0.6258208105961481,0.6666666666666666,-0.040845856070518494
xgboost,0.18,-1.0,0.0,1242.0,1.0,0.7492492492492493,0.7152777777777778,0.7322635135135136,0.7334943639291466,0.7334943639291466,0.5362318840579711,0.463768115942029,0.5793880837359099,0.4314090177133656,1242.0,666.0,576.0,0.7925585539117999,0.1880518726271942,0.5602134885564686,0.46698872785829315,0.5162418387450337,0.9045929500668268,666.0,576.0,1242.0,1.0,0.7334943639291466,9.0,12.0,0.00966183574879227,0.007246376811594203,911.0,0.008781558726673985,1.0,1.0,4.81,0.003872785829307568,0.5344444444444445,5.17,-0.36,0.0035185185185185193,0.0,0.041075969479153054,0.27938808373590984,0.6148245117881082,0.7272727272727273,-0.11244821548461914
xgboost,0.185,-1.0,0.0,1242.0,1.0,0.7492492492492493,0.7152777777777778,0.7322635135135136,0.7334943639291466,0.7334943639291466,0.5362318840579711,0.463768115942029,0.5793880837359099,0.4314090177133656,1242.0,666.0,576.0,0.7925585539117999,0.1880518726271942,0.5602134885564686,0.46698872785829315,0.5162418387450337,0.9045929500668268,666.0,576.0,1242.0,1.0,0.7334943639291466,7.0,10.0,0.008051529790660225,0.005636070853462158,911.0,0.006586169045005488,1.0,1.0,3.33,0.0026811594202898552,0.4757142857142857,3.69,-0.36,0.0030998389694041873,0.0,0.041075969479153054,0.27938808373590984,0.6276087032424079,0.6666666666666666,-0.03905796342425871
xgboost,0.19,-1.0,0.0,1242.0,1.0,0.7492492492492493,0.7152777777777778,0.7322635135135136,0.7334943639291466,0.7334943639291466,0.5362318840579711,0.463768115942029,0.5793880837359099,0.4314090177133656,1242.0,666.0,576.0,0.7925585539117999,0.1880518726271942,0.5602134885564686,0.46698872785829315,0.5162418387450337,0.9045929500668268,666.0,576.0,1242.0,1.0,0.7334943639291466,6.0,8.0,0.00644122383252818,0.004830917874396135,911.0,0.005488474204171241,1.0,1.0,2.6399999999999997,0.002125603864734299,0.43999999999999995,3.0,-0.36,0.0024798711755233496,0.0,0.041075969479153054,0.27938808373590984,0.6387602431433541,0.7142857142857143,-0.07552547114236019
xgboost,0.195,-1.0,0.0,1242.0,1.0,0.7492492492492493,0.7152777777777778,0.7322635135135136,0.7334943639291466,0.7334943639291466,0.5362318840579711,0.463768115942029,0.5793880837359099,0.4314090177133656,1242.0,666.0,576.0,0.7925585539117999,0.1880518726271942,0.5602134885564686,0.46698872785829315,0.5162418387450337,0.9045929500668268,666.0,576.0,1242.0,1.0,0.7334943639291466,5.0,6.0,0.004830917874396135,0.004025764895330112,911.0,0.0043907793633369925,1.0,1.0,2.0,0.001610305958132045,0.39999999999999997,2.36,-0.36,0.0019001610305958135,0.0,0.041075969479153054,0.27938808373590984,0.6412552714347839,0.8,-0.15874472856521615
xgboost,0.2,-1.0,0.0,1242.0,1.0,0.7492492492492493,0.7152777777777778,0.7322635135135136,0.7334943639291466,0.7334943639291466,0.5362318840579711,0.463768115942029,0.5793880837359099,0.4314090177133656,1242.0,666.0,576.0,0.7925585539117999,0.1880518726271942,0.5602134885564686,0.46698872785829315,0.5162418387450337,0.9045929500668268,666.0,576.0,1242.0,1.0,0.7334943639291466,4.0,5.0,0.004025764895330112,0.00322061191626409,911.0,0.003293084522502744,1.0,1.0,1.2599999999999998,0.0010144927536231882,0.31499999999999995,1.6199999999999999,-0.36,0.0016908212560386474,0.0,0.041075969479153054,0.27938808373590984,0.6629331856966019,0.75,-0.08706681430339813
xgboost,-0.25,0.0,0.0,1242.0,1.0,0.7492492492492493,0.7152777777777778,0.7322635135135136,0.7334943639291466,0.7334943639291466,0.5362318840579711,0.463768115942029,0.5793880837359099,0.4314090177133656,1242.0,666.0,576.0,0.7925585539117999,0.1880518726271942,0.5602134885564686,0.46698872785829315,0.5162418387450337,0.9045929500668268,666.0,576.0,1242.0,1.0,0.7334943639291466,807.0,1242.0,1.0,0.6497584541062802,911.0,0.5225027442371021,1.0,0.8338368580060423,84.88,0.068341384863124,0.10517967781908302,187.69,-102.80999999999999,0.4411594202898551,0.56,0.06546460951239975,0.16183574879227053,0.6324440329882565,0.5225027442371021,0.10994128875115439
xgboost,-0.245,0.0,0.0,1242.0,1.0,0.7492492492492493,0.7152777777777778,0.7322635135135136,0.7334943639291466,0.7334943639291466,0.5362318840579711,0.463768115942029,0.5793880837359099,0.4314090177133656,1242.0,666.0,576.0,0.7925585539117999,0.1880518726271942,0.5602134885564686,0.46698872785829315,0.5162418387450337,0.9045929500668268,666.0,576.0,1242.0,1.0,0.7334943639291466,807.0,1242.0,1.0,0.6497584541062802,911.0,0.5225027442371021,1.0,0.8338368580060423,84.88,0.068341384863124,0.10517967781908302,187.69,-102.80999999999999,0.4411594202898551,0.56,0.06546460951239975,0.16183574879227053,0.6324440329882565,0.5225027442371021,0.10994128875115439
xgboost,-0.24,0.0,0.0,1242.0,1.0,0.7492492492492493,0.7152777777777778,0.7322635135135136,0.7334943639291466,0.7334943639291466,0.5362318840579711,0.463768115942029,0.5793880837359099,0.4314090177133656,1242.0,666.0,576.0,0.7925585539117999,0.1880518726271942,0.5602134885564686,0.46698872785829315,0.5162418387450337,0.9045929500668268,666.0,576.0,1242.0,1.0,0.7334943639291466,807.0,1242.0,1.0,0.6497584541062802,911.0,0.5225027442371021,1.0,0.8338368580060423,84.88,0.068341384863124,0.10517967781908302,187.69,-102.80999999999999,0.4411594202898551,0.56,0.06546460951239975,0.16183574879227053,0.6324440329882565,0.5225027442371021,0.10994128875115439
xgboost,-0.235,0.0,0.0,1242.0,1.0,0.7492492492492493,0.7152777777777778,0.7322635135135136,0.7334943639291466,0.7334943639291466,0.5362318840579711,0.463768115942029,0.5793880837359099,0.4314090177133656,1242.0,666.0,576.0,0.7925585539117999,0.1880518726271942,0.5602134885564686,0.46698872785829315,0.5162418387450337,0.9045929500668268,666.0,576.0,1242.0,1.0,0.7334943639291466,807.0,1242.0,1.0,0.6497584541062802,911.0,0.5225027442371021,1.0,0.8338368580060423,84.88,0.068341384863124,0.10517967781908302,187.69,-102.80999999999999,0.4411594202898551,0.56,0.06546460951239975,0.16183574879227053,0.6324440329882565,0.5225027442371021,0.10994128875115439
xgboost,-0.23,0.0,0.0,1242.0,1.0,0.7492492492492493,0.7152777777777778,0.7322635135135136,0.7334943639291466,0.7334943639291466,0.5362318840579711,0.463768115942029,0.5793880837359099,0.4314090177133656,1242.0,666.0,576.0,0.7925585539117999,0.1880518726271942,0.5602134885564686,0.46698872785829315,0.5162418387450337,0.9045929500668268,666.0,576.0,1242.0,1.0,0.7334943639291466,807.0,1242.0,1.0,0.6497584541062802,911.0,0.5225027442371021,1.0,0.8338368580060423,84.88,0.068341384863124,0.10517967781908302,187.69,-102.80999999999999,0.4411594202898551,0.56,0.06546460951239975,0.16183574879227053,0.6324440329882565,0.5225027442371021,0.10994128875115439
xgboost,-0.225,0.0,0.0,1242.0,1.0,0.7492492492492493,0.7152777777777778,0.7322635135135136,0.7334943639291466,0.7334943639291466,0.5362318840579711,0.463768115942029,0.5793880837359099,0.4314090177133656,1242.0,666.0,576.0,0.7925585539117999,0.1880518726271942,0.5602134885564686,0.46698872785829315,0.5162418387450337,0.9045929500668268,666.0,576.0,1242.0,1.0,0.7334943639291466,807.0,1242.0,1.0,0.6497584541062802,911.0,0.5225027442371021,1.0,0.8338368580060423,84.88,0.068341384863124,0.10517967781908302,187.69,-102.80999999999999,0.4411594202898551,0.56,0.06546460951239975,0.16183574879227053,0.6324440329882565,0.5225027442371021,0.10994128875115439
xgboost,-0.22,0.0,0.0,1242.0,1.0,0.7492492492492493,0.7152777777777778,0.7322635135135136,0.7334943639291466,0.7334943639291466,0.5362318840579711,0.463768115942029,0.5793880837359099,0.4314090177133656,1242.0,666.0,576.0,0.7925585539117999,0.1880518726271942,0.5602134885564686,0.46698872785829315,0.5162418387450337,0.9045929500668268,666.0,576.0,1242.0,1.0,0.7334943639291466,807.0,1242.0,1.0,0.6497584541062802,911.0,0.5225027442371021,1.0,0.8338368580060423,84.88,0.068341384863124,0.10517967781908302,187.69,-102.80999999999999,0.4411594202898551,0.56,0.06546460951239975,0.16183574879227053,0.6324440329882565,0.5225027442371021,0.10994128875115439
xgboost,-0.215,0.0,0.0,1242.0,1.0,0.7492492492492493,0.7152777777777778,0.7322635135135136,0.7334943639291466,0.7334943639291466,0.5362318840579711,0.463768115942029,0.5793880837359099,0.4314090177133656,1242.0,666.0,576.0,0.7925585539117999,0.1880518726271942,0.5602134885564686,0.46698872785829315,0.5162418387450337,0.9045929500668268,666.0,576.0,1242.0,1.0,0.7334943639291466,807.0,1242.0,1.0,0.6497584541062802,911.0,0.5225027442371021,1.0,0.8338368580060423,84.88,0.068341384863124,0.10517967781908302,187.69,-102.80999999999999,0.4411594202898551,0.56,0.06546460951239975,0.16183574879227053,0.6324440329882565,0.5225027442371021,0.10994128875115439
xgboost,-0.21,0.0,0.0,1242.0,1.0,0.7492492492492493,0.7152777777777778,0.7322635135135136,0.7334943639291466,0.7334943639291466,0.5362318840579711,0.463768115942029,0.5793880837359099,0.4314090177133656,1242.0,666.0,576.0,0.7925585539117999,0.1880518726271942,0.5602134885564686,0.46698872785829315,0.5162418387450337,0.9045929500668268,666.0,576.0,1242.0,1.0,0.7334943639291466,807.0,1242.0,1.0,0.6497584541062802,911.0,0.5225027442371021,1.0,0.8338368580060423,84.88,0.068341384863124,0.10517967781908302,187.69,-102.80999999999999,0.4411594202898551,0.56,0.06546460951239975,0.16183574879227053,0.6324440329882565,0.5225027442371021,0.10994128875115439
xgboost,-0.205,0.0,0.0,1242.0,1.0,0.7492492492492493,0.7152777777777778,0.7322635135135136,0.7334943639291466,0.7334943639291466,0.5362318840579711,0.463768115942029,0.5793880837359099,0.4314090177133656,1242.0,666.0,576.0,0.7925585539117999,0.1880518726271942,0.5602134885564686,0.46698872785829315,0.5162418387450337,0.9045929500668268,666.0,576.0,1242.0,1.0,0.7334943639291466,807.0,1242.0,1.0,0.6497584541062802,911.0,0.5225027442371021,1.0,0.8338368580060423,84.88,0.068341384863124,0.10517967781908302,187.69,-102.80999999999999,0.4411594202898551,0.56,0.06546460951239975,0.16183574879227053,0.6324440329882565,0.5225027442371021,0.10994128875115439
xgboost,-0.2,0.0,0.0,1242.0,1.0,0.7492492492492493,0.7152777777777778,0.7322635135135136,0.7334943639291466,0.7334943639291466,0.5362318840579711,0.463768115942029,0.5793880837359099,0.4314090177133656,1242.0,666.0,576.0,0.7925585539117999,0.1880518726271942,0.5602134885564686,0.46698872785829315,0.5162418387450337,0.9045929500668268,666.0,576.0,1242.0,1.0,0.7334943639291466,807.0,1242.0,1.0,0.6497584541062802,911.0,0.5225027442371021,1.0,0.8338368580060423,84.88,0.068341384863124,0.10517967781908302,187.69,-102.80999999999999,0.4411594202898551,0.56,0.06546460951239975,0.16183574879227053,0.6324440329882565,0.5225027442371021,0.10994128875115439
xgboost,-0.195,0.0,0.0,1242.0,1.0,0.7492492492492493,0.7152777777777778,0.7322635135135136,0.7334943639291466,0.7334943639291466,0.5362318840579711,0.463768115942029,0.5793880837359099,0.4314090177133656,1242.0,666.0,576.0,0.7925585539117999,0.1880518726271942,0.5602134885564686,0.46698872785829315,0.5162418387450337,0.9045929500668268,666.0,576.0,1242.0,1.0,0.7334943639291466,807.0,1242.0,1.0,0.6497584541062802,911.0,0.5225027442371021,1.0,0.8338368580060423,84.88,0.068341384863124,0.10517967781908302,187.69,-102.80999999999999,0.4411594202898551,0.56,0.06546460951239975,0.16183574879227053,0.6324440329882565,0.5225027442371021,0.10994128875115439
xgboost,-0.19,0.0,0.0,1242.0,1.0,0.7492492492492493,0.7152777777777778,0.7322635135135136,0.7334943639291466,0.7334943639291466,0.5362318840579711,0.463768115942029,0.5793880837359099,0.4314090177133656,1242.0,666.0,576.0,0.7925585539117999,0.1880518726271942,0.5602134885564686,0.46698872785829315,0.5162418387450337,0.9045929500668268,666.0,576.0,1242.0,1.0,0.7334943639291466,807.0,1242.0,1.0,0.6497584541062802,911.0,0.5225027442371021,1.0,0.8338368580060423,84.88,0.068341384863124,0.10517967781908302,187.69,-102.80999999999999,0.4411594202898551,0.56,0.06546460951239975,0.16183574879227053,0.6324440329882565,0.5225027442371021,0.10994128875115439
xgboost,-0.185,0.0,0.0,1242.0,1.0,0.7492492492492493,0.7152777777777778,0.7322635135135136,0.7334943639291466,0.7334943639291466,0.5362318840579711,0.463768115942029,0.5793880837359099,0.4314090177133656,1242.0,666.0,576.0,0.7925585539117999,0.1880518726271942,0.5602134885564686,0.46698872785829315,0.5162418387450337,0.9045929500668268,666.0,576.0,1242.0,1.0,0.7334943639291466,807.0,1242.0,1.0,0.6497584541062802,911.0,0.5225027442371021,1.0,0.8338368580060423,84.88,0.068341384863124,0.10517967781908302,187.69,-102.80999999999999,0.4411594202898551,0.56,0.06546460951239975,0.16183574879227053,0.6324440329882565,0.5225027442371021,0.10994128875115439
xgboost,-0.18,0.0,0.0,1242.0,1.0,0.7492492492492493,0.7152777777777778,0.7322635135135136,0.7334943639291466,0.7334943639291466,0.5362318840579711,0.463768115942029,0.5793880837359099,0.4314090177133656,1242.0,666.0,576.0,0.7925585539117999,0.1880518726271942,0.5602134885564686,0.46698872785829315,0.5162418387450337,0.9045929500668268,666.0,576.0,1242.0,1.0,0.7334943639291466,807.0,1242.0,1.0,0.6497584541062802,911.0,0.5225027442371021,1.0,0.8338368580060423,84.88,0.068341384863124,0.10517967781908302,187.69,-102.80999999999999,0.4411594202898551,0.56,0.06546460951239975,0.16183574879227053,0.6324440329882565,0.5225027442371021,0.10994128875115439
xgboost,-0.175,0.0,0.0,1242.0,1.0,0.7492492492492493,0.7152777777777778,0.7322635135135136,0.7334943639291466,0.7334943639291466,0.5362318840579711,0.463768115942029,0.5793880837359099,0.4314090177133656,1242.0,666.0,576.0,0.7925585539117999,0.1880518726271942,0.5602134885564686,0.46698872785829315,0.5162418387450337,0.9045929500668268,666.0,576.0,1242.0,1.0,0.7334943639291466,807.0,1242.0,1.0,0.6497584541062802,911.0,0.5225027442371021,1.0,0.8338368580060423,84.88,0.068341384863124,0.10517967781908302,187.69,-102.80999999999999,0.4411594202898551,0.56,0.06546460951239975,0.16183574879227053,0.6324440329882565,0.5225027442371021,0.10994128875115439
xgboost,-0.17,0.0,0.0,1242.0,1.0,0.7492492492492493,0.7152777777777778,0.7322635135135136,0.7334943639291466,0.7334943639291466,0.5362318840579711,0.463768115942029,0.5793880837359099,0.4314090177133656,1242.0,666.0,576.0,0.7925585539117999,0.1880518726271942,0.5602134885564686,0.46698872785829315,0.5162418387450337,0.9045929500668268,666.0,576.0,1242.0,1.0,0.7334943639291466,807.0,1242.0,1.0,0.6497584541062802,911.0,0.5225027442371021,1.0,0.8338368580060423,84.88,0.068341384863124,0.10517967781908302,187.69,-102.80999999999999,0.4411594202898551,0.56,0.06546460951239975,0.16183574879227053,0.6324440329882565,0.5225027442371021,0.10994128875115439
xgboost,-0.165,0.0,0.0,1242.0,1.0,0.7492492492492493,0.7152777777777778,0.7322635135135136,0.7334943639291466,0.7334943639291466,0.5362318840579711,0.463768115942029,0.5793880837359099,0.4314090177133656,1242.0,666.0,576.0,0.7925585539117999,0.1880518726271942,0.5602134885564686,0.46698872785829315,0.5162418387450337,0.9045929500668268,666.0,576.0,1242.0,1.0,0.7334943639291466,807.0,1242.0,1.0,0.6497584541062802,911.0,0.5225027442371021,1.0,0.8338368580060423,84.88,0.068341384863124,0.10517967781908302,187.69,-102.80999999999999,0.4411594202898551,0.56,0.06546460951239975,0.16183574879227053,0.6324440329882565,0.5225027442371021,0.10994128875115439
xgboost,-0.16,0.0,0.0,1242.0,1.0,0.7492492492492493,0.7152777777777778,0.7322635135135136,0.7334943639291466,0.7334943639291466,0.5362318840579711,0.463768115942029,0.5793880837359099,0.4314090177133656,1242.0,666.0,576.0,0.7925585539117999,0.1880518726271942,0.5602134885564686,0.46698872785829315,0.5162418387450337,0.9045929500668268,666.0,576.0,1242.0,1.0,0.7334943639291466,807.0,1242.0,1.0,0.6497584541062802,911.0,0.5225027442371021,1.0,0.8338368580060423,84.88,0.068341384863124,0.10517967781908302,187.69,-102.80999999999999,0.4411594202898551,0.56,0.06546460951239975,0.16183574879227053,0.6324440329882565,0.5225027442371021,0.10994128875115439
xgboost,-0.155,0.0,0.0,1242.0,1.0,0.7492492492492493,0.7152777777777778,0.7322635135135136,0.7334943639291466,0.7334943639291466,0.5362318840579711,0.463768115942029,0.5793880837359099,0.4314090177133656,1242.0,666.0,576.0,0.7925585539117999,0.1880518726271942,0.5602134885564686,0.46698872785829315,0.5162418387450337,0.9045929500668268,666.0,576.0,1242.0,1.0,0.7334943639291466,807.0,1242.0,1.0,0.6497584541062802,911.0,0.5225027442371021,1.0,0.8338368580060423,84.88,0.068341384863124,0.10517967781908302,187.69,-102.80999999999999,0.4411594202898551,0.56,0.06546460951239975,0.16183574879227053,0.6324440329882565,0.5225027442371021,0.10994128875115439
xgboost,-0.15,0.0,0.0,1242.0,1.0,0.7492492492492493,0.7152777777777778,0.7322635135135136,0.7334943639291466,0.7334943639291466,0.5362318840579711,0.463768115942029,0.5793880837359099,0.4314090177133656,1242.0,666.0,576.0,0.7925585539117999,0.1880518726271942,0.5602134885564686,0.46698872785829315,0.5162418387450337,0.9045929500668268,666.0,576.0,1242.0,1.0,0.7334943639291466,807.0,1242.0,1.0,0.6497584541062802,911.0,0.5225027442371021,1.0,0.8338368580060423,84.88,0.068341384863124,0.10517967781908302,187.69,-102.80999999999999,0.4411594202898551,0.56,0.06546460951239975,0.16183574879227053,0.6324440329882565,0.5225027442371021,0.10994128875115439
xgboost,-0.145,0.0,0.0,1242.0,1.0,0.7492492492492493,0.7152777777777778,0.7322635135135136,0.7334943639291466,0.7334943639291466,0.5362318840579711,0.463768115942029,0.5793880837359099,0.4314090177133656,1242.0,666.0,576.0,0.7925585539117999,0.1880518726271942,0.5602134885564686,0.46698872785829315,0.5162418387450337,0.9045929500668268,666.0,576.0,1242.0,1.0,0.7334943639291466,807.0,1242.0,1.0,0.6497584541062802,911.0,0.5225027442371021,1.0,0.8338368580060423,84.88,0.068341384863124,0.10517967781908302,187.69,-102.80999999999999,0.4411594202898551,0.56,0.06546460951239975,0.16183574879227053,0.6324440329882565,0.5225027442371021,0.10994128875115439
xgboost,-0.14,0.0,0.0,1242.0,1.0,0.7492492492492493,0.7152777777777778,0.7322635135135136,0.7334943639291466,0.7334943639291466,0.5362318840579711,0.463768115942029,0.5793880837359099,0.4314090177133656,1242.0,666.0,576.0,0.7925585539117999,0.1880518726271942,0.5602134885564686,0.46698872785829315,0.5162418387450337,0.9045929500668268,666.0,576.0,1242.0,1.0,0.7334943639291466,807.0,1242.0,1.0,0.6497584541062802,911.0,0.5225027442371021,1.0,0.8338368580060423,84.88,0.068341384863124,0.10517967781908302,187.69,-102.80999999999999,0.4411594202898551,0.56,0.06546460951239975,0.16183574879227053,0.6324440329882565,0.5225027442371021,0.10994128875115439
xgboost,-0.135,0.0,0.0,1242.0,1.0,0.7492492492492493,0.7152777777777778,0.7322635135135136,0.7334943639291466,0.7334943639291466,0.5362318840579711,0.463768115942029,0.5793880837359099,0.4314090177133656,1242.0,666.0,576.0,0.7925585539117999,0.1880518726271942,0.5602134885564686,0.46698872785829315,0.5162418387450337,0.9045929500668268,666.0,576.0,1242.0,1.0,0.7334943639291466,807.0,1242.0,1.0,0.6497584541062802,911.0,0.5225027442371021,1.0,0.8338368580060423,84.88,0.068341384863124,0.10517967781908302,187.69,-102.80999999999999,0.4411594202898551,0.56,0.06546460951239975,0.16183574879227053,0.6324440329882565,0.5225027442371021,0.10994128875115439
xgboost,-0.13,0.0,0.0,1242.0,1.0,0.7492492492492493,0.7152777777777778,0.7322635135135136,0.7334943639291466,0.7334943639291466,0.5362318840579711,0.463768115942029,0.5793880837359099,0.4314090177133656,1242.0,666.0,576.0,0.7925585539117999,0.1880518726271942,0.5602134885564686,0.46698872785829315,0.5162418387450337,0.9045929500668268,666.0,576.0,1242.0,1.0,0.7334943639291466,807.0,1242.0,1.0,0.6497584541062802,911.0,0.5225027442371021,1.0,0.8338368580060423,84.88,0.068341384863124,0.10517967781908302,187.69,-102.80999999999999,0.4411594202898551,0.56,0.06546460951239975,0.16183574879227053,0.6324440329882565,0.5225027442371021,0.10994128875115439
xgboost,-0.125,0.0,0.0,1242.0,1.0,0.7492492492492493,0.7152777777777778,0.7322635135135136,0.7334943639291466,0.7334943639291466,0.5362318840579711,0.463768115942029,0.5793880837359099,0.4314090177133656,1242.0,666.0,576.0,0.7925585539117999,0.1880518726271942,0.5602134885564686,0.46698872785829315,0.5162418387450337,0.9045929500668268,666.0,576.0,1242.0,1.0,0.7334943639291466,807.0,1242.0,1.0,0.6497584541062802,911.0,0.5225027442371021,1.0,0.8338368580060423,84.88,0.068341384863124,0.10517967781908302,187.69,-102.80999999999999,0.4411594202898551,0.56,0.06546460951239975,0.16183574879227053,0.6324440329882565,0.5225027442371021,0.10994128875115439
xgboost,-0.12,0.0,0.0,1242.0,1.0,0.7492492492492493,0.7152777777777778,0.7322635135135136,0.7334943639291466,0.7334943639291466,0.5362318840579711,0.463768115942029,0.5793880837359099,0.4314090177133656,1242.0,666.0,576.0,0.7925585539117999,0.1880518726271942,0.5602134885564686,0.46698872785829315,0.5162418387450337,0.9045929500668268,666.0,576.0,1242.0,1.0,0.7334943639291466,807.0,1242.0,1.0,0.6497584541062802,911.0,0.5225027442371021,1.0,0.8338368580060423,84.88,0.068341384863124,0.10517967781908302,187.69,-102.80999999999999,0.4411594202898551,0.56,0.06546460951239975,0.16183574879227053,0.6324440329882565,0.5225027442371021,0.10994128875115439
xgboost,-0.115,0.0,0.0,1242.0,1.0,0.7492492492492493,0.7152777777777778,0.7322635135135136,0.7334943639291466,0.7334943639291466,0.5362318840579711,0.463768115942029,0.5793880837359099,0.4314090177133656,1242.0,666.0,576.0,0.7925585539117999,0.1880518726271942,0.5602134885564686,0.46698872785829315,0.5162418387450337,0.9045929500668268,666.0,576.0,1242.0,1.0,0.7334943639291466,807.0,1242.0,1.0,0.6497584541062802,911.0,0.5225027442371021,1.0,0.8338368580060423,84.88,0.068341384863124,0.10517967781908302,187.69,-102.80999999999999,0.4411594202898551,0.56,0.06546460951239975,0.16183574879227053,0.6324440329882565,0.5225027442371021,0.10994128875115439
xgboost,-0.11,0.0,0.0,1242.0,1.0,0.7492492492492493,0.7152777777777778,0.7322635135135136,0.7334943639291466,0.7334943639291466,0.5362318840579711,0.463768115942029,0.5793880837359099,0.4314090177133656,1242.0,666.0,576.0,0.7925585539117999,0.1880518726271942,0.5602134885564686,0.46698872785829315,0.5162418387450337,0.9045929500668268,666.0,576.0,1242.0,1.0,0.7334943639291466,807.0,1242.0,1.0,0.6497584541062802,911.0,0.5225027442371021,1.0,0.8338368580060423,84.88,0.068341384863124,0.10517967781908302,187.69,-102.80999999999999,0.4411594202898551,0.56,0.06546460951239975,0.16183574879227053,0.6324440329882565,0.5225027442371021,0.10994128875115439
xgboost,-0.105,0.0,0.0,1242.0,1.0,0.7492492492492493,0.7152777777777778,0.7322635135135136,0.7334943639291466,0.7334943639291466,0.5362318840579711,0.463768115942029,0.5793880837359099,0.4314090177133656,1242.0,666.0,576.0,0.7925585539117999,0.1880518726271942,0.5602134885564686,0.46698872785829315,0.5162418387450337,0.9045929500668268,666.0,576.0,1242.0,1.0,0.7334943639291466,807.0,1242.0,1.0,0.6497584541062802,911.0,0.5225027442371021,1.0,0.8338368580060423,84.88,0.068341384863124,0.10517967781908302,187.69,-102.80999999999999,0.4411594202898551,0.56,0.06546460951239975,0.16183574879227053,0.6324440329882565,0.5225027442371021,0.10994128875115439
xgboost,-0.1,0.0,0.0,1242.0,1.0,0.7492492492492493,0.7152777777777778,0.7322635135135136,0.7334943639291466,0.7334943639291466,0.5362318840579711,0.463768115942029,0.5793880837359099,0.4314090177133656,1242.0,666.0,576.0,0.7925585539117999,0.1880518726271942,0.5602134885564686,0.46698872785829315,0.5162418387450337,0.9045929500668268,666.0,576.0,1242.0,1.0,0.7334943639291466,807.0,1242.0,1.0,0.6497584541062802,911.0,0.5225027442371021,1.0,0.8338368580060423,84.88,0.068341384863124,0.10517967781908302,187.69,-102.80999999999999,0.4411594202898551,0.56,0.06546460951239975,0.16183574879227053,0.6324440329882565,0.5225027442371021,0.10994128875115439
xgboost,-0.095,0.0,0.0,1242.0,1.0,0.7492492492492493,0.7152777777777778,0.7322635135135136,0.7334943639291466,0.7334943639291466,0.5362318840579711,0.463768115942029,0.5793880837359099,0.4314090177133656,1242.0,666.0,576.0,0.7925585539117999,0.1880518726271942,0.5602134885564686,0.46698872785829315,0.5162418387450337,0.9045929500668268,666.0,576.0,1242.0,1.0,0.7334943639291466,807.0,1242.0,1.0,0.6497584541062802,911.0,0.5225027442371021,1.0,0.8338368580060423,84.88,0.068341384863124,0.10517967781908302,187.69,-102.80999999999999,0.4411594202898551,0.56,0.06546460951239975,0.16183574879227053,0.6324440329882565,0.5225027442371021,0.10994128875115439
xgboost,-0.09,0.0,0.0,1242.0,1.0,0.7492492492492493,0.7152777777777778,0.7322635135135136,0.7334943639291466,0.7334943639291466,0.5362318840579711,0.463768115942029,0.5793880837359099,0.4314090177133656,1242.0,666.0,576.0,0.7925585539117999,0.1880518726271942,0.5602134885564686,0.46698872785829315,0.5162418387450337,0.9045929500668268,666.0,576.0,1242.0,1.0,0.7334943639291466,807.0,1242.0,1.0,0.6497584541062802,911.0,0.5225027442371021,1.0,0.8338368580060423,84.88,0.068341384863124,0.10517967781908302,187.69,-102.80999999999999,0.4411594202898551,0.56,0.06546460951239975,0.16183574879227053,0.6324440329882565,0.5225027442371021,0.10994128875115439
xgboost,-0.085,0.0,0.0,1242.0,1.0,0.7492492492492493,0.7152777777777778,0.7322635135135136,0.7334943639291466,0.7334943639291466,0.5362318840579711,0.463768115942029,0.5793880837359099,0.4314090177133656,1242.0,666.0,576.0,0.7925585539117999,0.1880518726271942,0.5602134885564686,0.46698872785829315,0.5162418387450337,0.9045929500668268,666.0,576.0,1242.0,1.0,0.7334943639291466,807.0,1242.0,1.0,0.6497584541062802,911.0,0.5225027442371021,1.0,0.8338368580060423,84.88,0.068341384863124,0.10517967781908302,187.69,-102.80999999999999,0.4411594202898551,0.56,0.06546460951239975,0.16183574879227053,0.6324440329882565,0.5225027442371021,0.10994128875115439
xgboost,-0.08,0.0,0.0,1242.0,1.0,0.7492492492492493,0.7152777777777778,0.7322635135135136,0.7334943639291466,0.7334943639291466,0.5362318840579711,0.463768115942029,0.5793880837359099,0.4314090177133656,1242.0,666.0,576.0,0.7925585539117999,0.1880518726271942,0.5602134885564686,0.46698872785829315,0.5162418387450337,0.9045929500668268,666.0,576.0,1242.0,1.0,0.7334943639291466,807.0,1242.0,1.0,0.6497584541062802,911.0,0.5225027442371021,1.0,0.8338368580060423,84.88,0.068341384863124,0.10517967781908302,187.69,-102.80999999999999,0.4411594202898551,0.56,0.06546460951239975,0.16183574879227053,0.6324440329882565,0.5225027442371021,0.10994128875115439
xgboost,-0.075,0.0,0.0,1242.0,1.0,0.7492492492492493,0.7152777777777778,0.7322635135135136,0.7334943639291466,0.7334943639291466,0.5362318840579711,0.463768115942029,0.5793880837359099,0.4314090177133656,1242.0,666.0,576.0,0.7925585539117999,0.1880518726271942,0.5602134885564686,0.46698872785829315,0.5162418387450337,0.9045929500668268,666.0,576.0,1242.0,1.0,0.7334943639291466,807.0,1242.0,1.0,0.6497584541062802,911.0,0.5225027442371021,1.0,0.8338368580060423,84.88,0.068341384863124,0.10517967781908302,187.69,-102.80999999999999,0.4411594202898551,0.56,0.06546460951239975,0.16183574879227053,0.6324440329882565,0.5225027442371021,0.10994128875115439
xgboost,-0.07,0.0,0.0,1242.0,1.0,0.7492492492492493,0.7152777777777778,0.7322635135135136,0.7334943639291466,0.7334943639291466,0.5362318840579711,0.463768115942029,0.5793880837359099,0.4314090177133656,1242.0,666.0,576.0,0.7925585539117999,0.1880518726271942,0.5602134885564686,0.46698872785829315,0.5162418387450337,0.9045929500668268,666.0,576.0,1242.0,1.0,0.7334943639291466,807.0,1242.0,1.0,0.6497584541062802,911.0,0.5225027442371021,1.0,0.8338368580060423,84.88,0.068341384863124,0.10517967781908302,187.69,-102.80999999999999,0.4411594202898551,0.56,0.06546460951239975,0.16183574879227053,0.6324440329882565,0.5225027442371021,0.10994128875115439
xgboost,-0.065,0.0,0.0,1242.0,1.0,0.7492492492492493,0.7152777777777778,0.7322635135135136,0.7334943639291466,0.7334943639291466,0.5362318840579711,0.463768115942029,0.5793880837359099,0.4314090177133656,1242.0,666.0,576.0,0.7925585539117999,0.1880518726271942,0.5602134885564686,0.46698872785829315,0.5162418387450337,0.9045929500668268,666.0,576.0,1242.0,1.0,0.7334943639291466,807.0,1242.0,1.0,0.6497584541062802,911.0,0.5225027442371021,1.0,0.8338368580060423,84.88,0.068341384863124,0.10517967781908302,187.69,-102.80999999999999,0.4411594202898551,0.56,0.06546460951239975,0.16183574879227053,0.6324440329882565,0.5225027442371021,0.10994128875115439
xgboost,-0.06,0.0,0.0,1242.0,1.0,0.7492492492492493,0.7152777777777778,0.7322635135135136,0.7334943639291466,0.7334943639291466,0.5362318840579711,0.463768115942029,0.5793880837359099,0.4314090177133656,1242.0,666.0,576.0,0.7925585539117999,0.1880518726271942,0.5602134885564686,0.46698872785829315,0.5162418387450337,0.9045929500668268,666.0,576.0,1242.0,1.0,0.7334943639291466,807.0,1242.0,1.0,0.6497584541062802,911.0,0.5225027442371021,1.0,0.8338368580060423,84.88,0.068341384863124,0.10517967781908302,187.69,-102.80999999999999,0.4411594202898551,0.56,0.06546460951239975,0.16183574879227053,0.6324440329882565,0.5225027442371021,0.10994128875115439
xgboost,-0.055,0.0,0.0,1242.0,1.0,0.7492492492492493,0.7152777777777778,0.7322635135135136,0.7334943639291466,0.7334943639291466,0.5362318840579711,0.463768115942029,0.5793880837359099,0.4314090177133656,1242.0,666.0,576.0,0.7925585539117999,0.1880518726271942,0.5602134885564686,0.46698872785829315,0.5162418387450337,0.9045929500668268,666.0,576.0,1242.0,1.0,0.7334943639291466,807.0,1242.0,1.0,0.6497584541062802,911.0,0.5225027442371021,1.0,0.8338368580060423,84.88,0.068341384863124,0.10517967781908302,187.69,-102.80999999999999,0.4411594202898551,0.56,0.06546460951239975,0.16183574879227053,0.6324440329882565,0.5225027442371021,0.10994128875115439
xgboost,-0.05,0.0,0.0,1242.0,1.0,0.7492492492492493,0.7152777777777778,0.7322635135135136,0.7334943639291466,0.7334943639291466,0.5362318840579711,0.463768115942029,0.5793880837359099,0.4314090177133656,1242.0,666.0,576.0,0.7925585539117999,0.1880518726271942,0.5602134885564686,0.46698872785829315,0.5162418387450337,0.9045929500668268,666.0,576.0,1242.0,1.0,0.7334943639291466,807.0,1242.0,1.0,0.6497584541062802,911.0,0.5225027442371021,1.0,0.8338368580060423,84.88,0.068341384863124,0.10517967781908302,187.69,-102.80999999999999,0.4411594202898551,0.56,0.06546460951239975,0.16183574879227053,0.6324440329882565,0.5225027442371021,0.10994128875115439
xgboost,-0.045,0.0,0.0,1242.0,1.0,0.7492492492492493,0.7152777777777778,0.7322635135135136,0.7334943639291466,0.7334943639291466,0.5362318840579711,0.463768115942029,0.5793880837359099,0.4314090177133656,1242.0,666.0,576.0,0.7925585539117999,0.1880518726271942,0.5602134885564686,0.46698872785829315,0.5162418387450337,0.9045929500668268,666.0,576.0,1242.0,1.0,0.7334943639291466,807.0,1242.0,1.0,0.6497584541062802,911.0,0.5225027442371021,1.0,0.8338368580060423,84.88,0.068341384863124,0.10517967781908302,187.69,-102.80999999999999,0.4411594202898551,0.56,0.06546460951239975,0.16183574879227053,0.6324440329882565,0.5225027442371021,0.10994128875115439
xgboost,-0.04,0.0,0.0,1242.0,1.0,0.7492492492492493,0.7152777777777778,0.7322635135135136,0.7334943639291466,0.7334943639291466,0.5362318840579711,0.463768115942029,0.5793880837359099,0.4314090177133656,1242.0,666.0,576.0,0.7925585539117999,0.1880518726271942,0.5602134885564686,0.46698872785829315,0.5162418387450337,0.9045929500668268,666.0,576.0,1242.0,1.0,0.7334943639291466,807.0,1242.0,1.0,0.6497584541062802,911.0,0.5225027442371021,1.0,0.8338368580060423,84.88,0.068341384863124,0.10517967781908302,187.69,-102.80999999999999,0.4411594202898551,0.56,0.06546460951239975,0.16183574879227053,0.6324440329882565,0.5225027442371021,0.10994128875115439
xgboost,-0.035,0.0,0.0,1242.0,1.0,0.7492492492492493,0.7152777777777778,0.7322635135135136,0.7334943639291466,0.7334943639291466,0.5362318840579711,0.463768115942029,0.5793880837359099,0.4314090177133656,1242.0,666.0,576.0,0.7925585539117999,0.1880518726271942,0.5602134885564686,0.46698872785829315,0.5162418387450337,0.9045929500668268,666.0,576.0,1242.0,1.0,0.7334943639291466,807.0,1242.0,1.0,0.6497584541062802,911.0,0.5225027442371021,1.0,0.8338368580060423,84.88,0.068341384863124,0.10517967781908302,187.69,-102.80999999999999,0.4411594202898551,0.56,0.06546460951239975,0.16183574879227053,0.6324440329882565,0.5225027442371021,0.10994128875115439
xgboost,-0.03,0.0,0.0,1242.0,1.0,0.7492492492492493,0.7152777777777778,0.7322635135135136,0.7334943639291466,0.7334943639291466,0.5362318840579711,0.463768115942029,0.5793880837359099,0.4314090177133656,1242.0,666.0,576.0,0.7925585539117999,0.1880518726271942,0.5602134885564686,0.46698872785829315,0.5162418387450337,0.9045929500668268,666.0,576.0,1242.0,1.0,0.7334943639291466,807.0,1242.0,1.0,0.6497584541062802,911.0,0.5225027442371021,1.0,0.8338368580060423,84.88,0.068341384863124,0.10517967781908302,187.69,-102.80999999999999,0.4411594202898551,0.56,0.06546460951239975,0.16183574879227053,0.6324440329882565,0.5225027442371021,0.10994128875115439
xgboost,-0.025,0.0,0.0,1242.0,1.0,0.7492492492492493,0.7152777777777778,0.7322635135135136,0.7334943639291466,0.7334943639291466,0.5362318840579711,0.463768115942029,0.5793880837359099,0.4314090177133656,1242.0,666.0,576.0,0.7925585539117999,0.1880518726271942,0.5602134885564686,0.46698872785829315,0.5162418387450337,0.9045929500668268,666.0,576.0,1242.0,1.0,0.7334943639291466,807.0,1242.0,1.0,0.6497584541062802,911.0,0.5225027442371021,1.0,0.8338368580060423,84.88,0.068341384863124,0.10517967781908302,187.69,-102.80999999999999,0.4411594202898551,0.56,0.06546460951239975,0.16183574879227053,0.6324440329882565,0.5225027442371021,0.10994128875115439
xgboost,-0.02,0.0,0.0,1242.0,1.0,0.7492492492492493,0.7152777777777778,0.7322635135135136,0.7334943639291466,0.7334943639291466,0.5362318840579711,0.463768115942029,0.5793880837359099,0.4314090177133656,1242.0,666.0,576.0,0.7925585539117999,0.1880518726271942,0.5602134885564686,0.46698872785829315,0.5162418387450337,0.9045929500668268,666.0,576.0,1242.0,1.0,0.7334943639291466,807.0,1242.0,1.0,0.6497584541062802,911.0,0.5225027442371021,1.0,0.8338368580060423,84.88,0.068341384863124,0.10517967781908302,187.69,-102.80999999999999,0.4411594202898551,0.56,0.06546460951239975,0.16183574879227053,0.6324440329882565,0.5225027442371021,0.10994128875115439
xgboost,-0.015,0.0,0.0,1242.0,1.0,0.7492492492492493,0.7152777777777778,0.7322635135135136,0.7334943639291466,0.7334943639291466,0.5362318840579711,0.463768115942029,0.5793880837359099,0.4314090177133656,1242.0,666.0,576.0,0.7925585539117999,0.1880518726271942,0.5602134885564686,0.46698872785829315,0.5162418387450337,0.9045929500668268,666.0,576.0,1242.0,1.0,0.7334943639291466,807.0,1242.0,1.0,0.6497584541062802,911.0,0.5225027442371021,1.0,0.8338368580060423,84.88,0.068341384863124,0.10517967781908302,187.69,-102.80999999999999,0.4411594202898551,0.56,0.06546460951239975,0.16183574879227053,0.6324440329882565,0.5225027442371021,0.10994128875115439
xgboost,-0.01,0.0,0.0,1242.0,1.0,0.7492492492492493,0.7152777777777778,0.7322635135135136,0.7334943639291466,0.7334943639291466,0.5362318840579711,0.463768115942029,0.5793880837359099,0.4314090177133656,1242.0,666.0,576.0,0.7925585539117999,0.1880518726271942,0.5602134885564686,0.46698872785829315,0.5162418387450337,0.9045929500668268,666.0,576.0,1242.0,1.0,0.7334943639291466,807.0,1242.0,1.0,0.6497584541062802,911.0,0.5225027442371021,1.0,0.8338368580060423,84.88,0.068341384863124,0.10517967781908302,187.69,-102.80999999999999,0.4411594202898551,0.56,0.06546460951239975,0.16183574879227053,0.6324440329882565,0.5225027442371021,0.10994128875115439
xgboost,-0.005,0.0,0.0,1242.0,1.0,0.7492492492492493,0.7152777777777778,0.7322635135135136,0.7334943639291466,0.7334943639291466,0.5362318840579711,0.463768115942029,0.5793880837359099,0.4314090177133656,1242.0,666.0,576.0,0.7925585539117999,0.1880518726271942,0.5602134885564686,0.46698872785829315,0.5162418387450337,0.9045929500668268,666.0,576.0,1242.0,1.0,0.7334943639291466,807.0,1241.0,0.999194847020934,0.6497584541062802,911.0,0.5225027442371021,1.0,0.8338368580060423,84.88,0.068341384863124,0.10517967781908302,187.69,-102.80999999999999,0.4411513687600645,0.56,0.06546460951239975,0.16183574879227053,0.6331345874427275,0.5230769230769231,0.11005766436580444
xgboost,0.0,0.0,0.0,1242.0,1.0,0.7492492492492493,0.7152777777777778,0.7322635135135136,0.7334943639291466,0.7334943639291466,0.5362318840579711,0.463768115942029,0.5793880837359099,0.4314090177133656,1242.0,666.0,576.0,0.7925585539117999,0.1880518726271942,0.5602134885564686,0.46698872785829315,0.5162418387450337,0.9045929500668268,666.0,576.0,1242.0,1.0,0.7334943639291466,712.0,1041.0,0.8381642512077294,0.573268921095008,911.0,0.5225027442371021,1.0,0.9110169491525424,86.22999999999999,0.06942834138486312,0.12110955056179774,187.69,-101.46,0.43881642512077296,0.56,0.06546460951239975,0.16183574879227053,0.714649094157615,0.591304347826087,0.12334474633152803
xgboost,0.005,0.0,0.0,1242.0,1.0,0.7492492492492493,0.7152777777777778,0.7322635135135136,0.7334943639291466,0.7334943639291466,0.5362318840579711,0.463768115942029,0.5793880837359099,0.4314090177133656,1242.0,666.0,576.0,0.7925585539117999,0.1880518726271942,0.5602134885564686,0.46698872785829315,0.5162418387450337,0.9045929500668268,666.0,576.0,1242.0,1.0,0.7334943639291466,693.0,993.0,0.7995169082125604,0.5579710144927537,911.0,0.5126234906695939,1.0,0.915929203539823,85.57,0.06889694041867954,0.12347763347763349,184.32999999999998,-98.75999999999999,0.43013687600644124,0.56,0.06546460951239975,0.16183574879227053,0.737549361973185,0.6088657105606258,0.12868365141255922
xgboost,0.01,0.0,0.0,1242.0,1.0,0.7492492492492493,0.7152777777777778,0.7322635135135136,0.7334943639291466,0.7334943639291466,0.5362318840579711,0.463768115942029,0.5793880837359099,0.4314090177133656,1242.0,666.0,576.0,0.7925585539117999,0.1880518726271942,0.5602134885564686,0.46698872785829315,0.5162418387450337,0.9045929500668268,666.0,576.0,1242.0,1.0,0.7334943639291466,674.0,966.0,0.7777777777777778,0.5426731078904992,911.0,0.5027442371020856,1.0,0.9166666666666666,86.76,0.06985507246376813,0.1287240356083086,181.12,-94.36,0.41921095008051534,0.56,0.06546460951239975,0.16183574879227053,0.7390108874638875,0.6106666666666667,0.12834422079722085
xgboost,0.015,0.0,0.0,1242.0,1.0,0.7492492492492493,0.7152777777777778,0.7322635135135136,0.7334943639291466,0.7334943639291466,0.5362318840579711,0.463768115942029,0.5793880837359099,0.4314090177133656,1242.0,666.0,576.0,0.7925585539117999,0.1880518726271942,0.5602134885564686,0.46698872785829315,0.5162418387450337,0.9045929500668268,666.0,576.0,1242.0,1.0,0.7334943639291466,660.0,940.0,0.7568438003220612,0.5314009661835749,911.0,0.49396267837541163,1.0,0.9142857142857143,86.65,0.06976650563607086,0.1312878787878788,177.9,-91.25,0.40913848631239935,0.56,0.06546460951239975,0.16183574879227053,0.7440733103209163,0.6164383561643836,0.1276349541565327
xgboost,0.02,0.0,0.0,1242.0,1.0,0.7492492492492493,0.7152777777777778,0.7322635135135136,0.7334943639291466,0.7334943639291466,0.5362318840579711,0.463768115942029,0.5793880837359099,0.4314090177133656,1242.0,666.0,576.0,0.7925585539117999,0.1880518726271942,0.5602134885564686,0.46698872785829315,0.5162418387450337,0.9045929500668268,666.0,576.0,1242.0,1.0,0.7334943639291466,645.0,913.0,0.7351046698872786,0.5193236714975845,911.0,0.4884742041712404,1.0,0.91,88.15,0.0709742351046699,0.13666666666666666,175.0,-86.85,0.39966183574879227,0.51,0.06546460951239975,0.16183574879227053,0.7488189143707341,0.6241234221598878,0.1246954922108463
xgboost,0.025,0.0,0.0,1242.0,1.0,0.7492492492492493,0.7152777777777778,0.7322635135135136,0.7334943639291466,0.7334943639291466,0.5362318840579711,0.463768115942029,0.5793880837359099,0.4314090177133656,1242.0,666.0,576.0,0.7925585539117999,0.1880518726271942,0.5602134885564686,0.46698872785829315,0.5162418387450337,0.9045929500668268,666.0,576.0,1242.0,1.0,0.7334943639291466,623.0,881.0,0.7093397745571659,0.501610305958132,911.0,0.47530186608122943,1.0,0.9105263157894737,87.97,0.070829307568438,0.14120385232744784,170.12,-82.15,0.3864814814814815,0.46,0.06546460951239975,0.16183574879227053,0.7503534133954435,0.6266280752532561,0.12372533814218734
xgboost,0.03,0.0,0.0,1242.0,1.0,0.7492492492492493,0.7152777777777778,0.7322635135135136,0.7334943639291466,0.7334943639291466,0.5362318840579711,0.463768115942029,0.5793880837359099,0.4314090177133656,1242.0,666.0,576.0,0.7925585539117999,0.1880518726271942,0.5602134885564686,0.46698872785829315,0.5162418387450337,0.9045929500668268,666.0,576.0,1242.0,1.0,0.7334943639291466,604.0,854.0,0.6876006441223832,0.4863123993558776,911.0,0.45993413830954993,1.0,0.9081081081081082,83.80999999999999,0.06747987117552334,0.13875827814569536,163.95999999999998,-80.15,0.3752737520128825,0.46,0.06546460951239975,0.16183574879227053,0.7523234802756252,0.6263079222720478,0.12601555800357744
xgboost,0.035,0.0,0.0,1242.0,1.0,0.7492492492492493,0.7152777777777778,0.7322635135135136,0.7334943639291466,0.7334943639291466,0.5362318840579711,0.463768115942029,0.5793880837359099,0.4314090177133656,1242.0,666.0,576.0,0.7925585539117999,0.1880518726271942,0.5602134885564686,0.46698872785829315,0.5162418387450337,0.9045929500668268,666.0,576.0,1242.0,1.0,0.7334943639291466,586.0,826.0,0.6650563607085346,0.4718196457326892,911.0,0.4478594950603732,1.0,0.9044943820224719,83.44,0.06718196457326892,0.14238907849829352,160.37,-76.93,0.36373590982286635,0.41,0.06546460951239975,0.16183574879227053,0.7550618835943349,0.6296296296296297,0.12543225396470525
xgboost,0.04,0.0,0.0,1242.0,1.0,0.7492492492492493,0.7152777777777778,0.7322635135135136,0.7334943639291466,0.7334943639291466,0.5362318840579711,0.463768115942029,0.5793880837359099,0.4314090177133656,1242.0,666.0,576.0,0.7925585539117999,0.1880518726271942,0.5602134885564686,0.46698872785829315,0.5162418387450337,0.9045929500668268,666.0,576.0,1242.0,1.0,0.7334943639291466,558.0,789.0,0.6352657004830918,0.4492753623188406,911.0,0.429198682766191,1.0,0.9221556886227545,81.47,0.06559581320450886,0.1460035842293907,154.44,-72.97,0.3483011272141707,0.36,0.06546460951239975,0.16183574879227053,0.7561327357719565,0.6286173633440515,0.127515372427905
xgboost,0.045,0.0,0.0,1242.0,1.0,0.7492492492492493,0.7152777777777778,0.7322635135135136,0.7334943639291466,0.7334943639291466,0.5362318840579711,0.463768115942029,0.5793880837359099,0.4314090177133656,1242.0,666.0,576.0,0.7925585539117999,0.1880518726271942,0.5602134885564686,0.46698872785829315,0.5162418387450337,0.9045929500668268,666.0,576.0,1242.0,1.0,0.7334943639291466,528.0,751.0,0.604669887278583,0.4251207729468599,911.0,0.4094401756311745,1.0,0.9225806451612903,80.07,0.06446859903381642,0.1516477272727273,148.42,-68.35,0.33144927536231883,0.31,0.06546460951239975,0.16183574879227053,0.7549058686716844,0.6258389261744967,0.12906694249718775
xgboost,0.05,0.0,0.0,1242.0,1.0,0.7492492492492493,0.7152777777777778,0.7322635135135136,0.7334943639291466,0.7334943639291466,0.5362318840579711,0.463768115942029,0.5793880837359099,0.4314090177133656,1242.0,666.0,576.0,0.7925585539117999,0.1880518726271942,0.5602134885564686,0.46698872785829315,0.5162418387450337,0.9045929500668268,666.0,576.0,1242.0,1.0,0.7334943639291466,506.0,720.0,0.5797101449275363,0.4074074074074074,911.0,0.3951701427003293,1.0,0.9246575342465754,78.74,0.06339774557165861,0.15561264822134385,142.95,-64.21,0.3185587761674718,0.26,0.06546460951239975,0.16183574879227053,0.7566282489833516,0.627177700348432,0.12945054863491956
xgboost,0.055,0.0,0.0,1242.0,1.0,0.7492492492492493,0.7152777777777778,0.7322635135135136,0.7334943639291466,0.7334943639291466,0.5362318840579711,0.463768115942029,0.5793880837359099,0.4314090177133656,1242.0,666.0,576.0,0.7925585539117999,0.1880518726271942,0.5602134885564686,0.46698872785829315,0.5162418387450337,0.9045929500668268,666.0,576.0,1242.0,1.0,0.7334943639291466,467.0,670.0,0.5394524959742351,0.37600644122383253,911.0,0.36663007683863885,1.0,0.9172932330827067,73.78,0.05940418679549114,0.15798715203426125,132.16000000000003,-58.38,0.29702093397745577,0.21,0.06546460951239975,0.16183574879227053,0.7586364204157664,0.6219739292364991,0.13666249117926732
xgboost,0.06,0.0,0.0,1242.0,1.0,0.7492492492492493,0.7152777777777778,0.7322635135135136,0.7334943639291466,0.7334943639291466,0.5362318840579711,0.463768115942029,0.5793880837359099,0.4314090177133656,1242.0,666.0,576.0,0.7925585539117999,0.1880518726271942,0.5602134885564686,0.46698872785829315,0.5162418387450337,0.9045929500668268,666.0,576.0,1242.0,1.0,0.7334943639291466,432.0,620.0,0.499194847020934,0.34782608695652173,911.0,0.3402854006586169,1.0,0.9180327868852459,70.93,0.057109500805152986,0.16418981481481484,123.95,-53.019999999999996,0.27262479871175527,0.0,0.06546460951239975,0.16183574879227053,0.7557439215511204,0.6224899598393574,0.13325396171176296
xgboost,0.065,0.0,0.0,1242.0,1.0,0.7492492492492493,0.7152777777777778,0.7322635135135136,0.7334943639291466,0.7334943639291466,0.5362318840579711,0.463768115942029,0.5793880837359099,0.4314090177133656,1242.0,666.0,576.0,0.7925585539117999,0.1880518726271942,0.5602134885564686,0.46698872785829315,0.5162418387450337,0.9045929500668268,666.0,576.0,1242.0,1.0,0.7334943639291466,410.0,584.0,0.47020933977455714,0.33011272141706927,911.0,0.3238199780461032,1.0,0.9130434782608695,69.4,0.05587761674718197,0.1692682926829268,119.05000000000001,-49.650000000000006,0.2559098228663446,0.0,0.06546460951239975,0.16183574879227053,0.7564296726860217,0.6289978678038379,0.12743180488218375
xgboost,0.07,0.0,0.0,1242.0,1.0,0.7492492492492493,0.7152777777777778,0.7322635135135136,0.7334943639291466,0.7334943639291466,0.5362318840579711,0.463768115942029,0.5793880837359099,0.4314090177133656,1242.0,666.0,576.0,0.7925585539117999,0.1880518726271942,0.5602134885564686,0.46698872785829315,0.5162418387450337,0.9045929500668268,666.0,576.0,1242.0,1.0,0.7334943639291466,384.0,551.0,0.44363929146537845,0.30917874396135264,911.0,0.305159165751921,1.0,0.9056603773584906,66.71000000000001,0.05371175523349437,0.17372395833333332,112.42,-45.71,0.2407487922705314,0.0,0.06546460951239975,0.16183574879227053,0.7561821231011594,0.6247191011235955,0.13146302197756388
xgboost,0.075,0.0,0.0,1242.0,1.0,0.7492492492492493,0.7152777777777778,0.7322635135135136,0.7334943639291466,0.7334943639291466,0.5362318840579711,0.463768115942029,0.5793880837359099,0.4314090177133656,1242.0,666.0,576.0,0.7925585539117999,0.1880518726271942,0.5602134885564686,0.46698872785829315,0.5162418387450337,0.9045929500668268,666.0,576.0,1242.0,1.0,0.7334943639291466,358.0,512.0,0.41223832528180354,0.2882447665056361,911.0,0.28210757409440174,1.0,0.9108910891089109,60.47,0.048687600644122385,0.16891061452513967,104.07999999999998,-43.61000000000001,0.2224798711755234,0.0,0.06546460951239975,0.16183574879227053,0.7558373413671833,0.6253041362530414,0.1305332051141419
xgboost,0.08,0.0,0.0,1242.0,1.0,0.7492492492492493,0.7152777777777778,0.7322635135135136,0.7334943639291466,0.7334943639291466,0.5362318840579711,0.463768115942029,0.5793880837359099,0.4314090177133656,1242.0,666.0,576.0,0.7925585539117999,0.1880518726271942,0.5602134885564686,0.46698872785829315,0.5162418387450337,0.9045929500668268,666.0,576.0,1242.0,1.0,0.7334943639291466,337.0,481.0,0.38727858293075684,0.2713365539452496,911.0,0.2623490669593853,1.0,0.9081632653061225,54.279999999999994,0.043703703703703696,0.1610682492581602,96.86,-42.58,0.20870370370370372,0.0,0.06546460951239975,0.16183574879227053,0.7565281821837936,0.6240208877284595,0.13250729445533405
xgboost,0.085,0.0,0.0,1242.0,1.0,0.7492492492492493,0.7152777777777778,0.7322635135135136,0.7334943639291466,0.7334943639291466,0.5362318840579711,0.463768115942029,0.5793880837359099,0.4314090177133656,1242.0,666.0,576.0,0.7925585539117999,0.1880518726271942,0.5602134885564686,0.46698872785829315,0.5162418387450337,0.9045929500668268,666.0,576.0,1242.0,1.0,0.7334943639291466,304.0,436.0,0.35104669887278583,0.24476650563607086,911.0,0.23929747530186607,1.0,0.9069767441860465,52.56,0.042318840579710144,0.17289473684210524,88.67,-36.11,0.18789049919484704,0.0,0.06546460951239975,0.16183574879227053,0.7576233295457704,0.6228571428571429,0.1347661866886275
xgboost,0.09,0.0,0.0,1242.0,1.0,0.7492492492492493,0.7152777777777778,0.7322635135135136,0.7334943639291466,0.7334943639291466,0.5362318840579711,0.463768115942029,0.5793880837359099,0.4314090177133656,1242.0,666.0,576.0,0.7925585539117999,0.1880518726271942,0.5602134885564686,0.46698872785829315,0.5162418387450337,0.9045929500668268,666.0,576.0,1242.0,1.0,0.7334943639291466,281.0,396.0,0.3188405797101449,0.22624798711755234,911.0,0.22502744237102085,1.0,0.9078947368421053,51.94,0.04181964573268921,0.18483985765124555,83.80000000000001,-31.86,0.16981481481481484,0.0,0.06546460951239975,0.16183574879227053,0.760861242376268,0.640625,0.12023624237626795
xgboost,0.095,0.0,0.0,1242.0,1.0,0.7492492492492493,0.7152777777777778,0.7322635135135136,0.7334943639291466,0.7334943639291466,0.5362318840579711,0.463768115942029,0.5793880837359099,0.4314090177133656,1242.0,666.0,576.0,0.7925585539117999,0.1880518726271942,0.5602134885564686,0.46698872785829315,0.5162418387450337,0.9045929500668268,666.0,576.0,1242.0,1.0,0.7334943639291466,256.0,360.0,0.2898550724637681,0.20611916264090177,911.0,0.20417124039517015,1.0,0.9,48.88999999999999,0.039363929146537836,0.1909765625,77.88999999999999,-29.0,0.15225442834138486,0.0,0.06546460951239975,0.16183574879227053,0.757165258711782,0.6413793103448275,0.11578594836695444
xgboost,0.1,0.0,0.0,1242.0,1.0,0.7492492492492493,0.7152777777777778,0.7322635135135136,0.7334943639291466,0.7334943639291466,0.5362318840579711,0.463768115942029,0.5793880837359099,0.4314090177133656,1242.0,666.0,576.0,0.7925585539117999,0.1880518726271942,0.5602134885564686,0.46698872785829315,0.5162418387450337,0.9045929500668268,666.0,576.0,1242.0,1.0,0.7334943639291466,225.0,316.0,0.25442834138486314,0.18115942028985507,911.0,0.17892425905598244,1.0,0.9032258064516129,43.65,0.035144927536231885,0.19399999999999995,69.12,-25.47,0.13201288244766504,0.0,0.06546460951239975,0.16183574879227053,0.7563712188578028,0.6417322834645669,0.11463893539323589
xgboost,0.105,0.0,0.0,1242.0,1.0,0.7492492492492493,0.7152777777777778,0.7322635135135136,0.7334943639291466,0.7334943639291466,0.5362318840579711,0.463768115942029,0.5793880837359099,0.4314090177133656,1242.0,666.0,576.0,0.7925585539117999,0.1880518726271942,0.5602134885564686,0.46698872785829315,0.5162418387450337,0.9045929500668268,666.0,576.0,1242.0,1.0,0.7334943639291466,201.0,285.0,0.22946859903381642,0.16183574879227053,911.0,0.15587266739846323,1.0,0.8983050847457628,38.49,0.03099033816425121,0.19149253731343285,62.08,-23.59,0.11670692431561998,0.0,0.06546460951239975,0.16183574879227053,0.7526957196208228,0.6283185840707964,0.12437713555002639
xgboost,0.11,0.0,0.0,1242.0,1.0,0.7492492492492493,0.7152777777777778,0.7322635135135136,0.7334943639291466,0.7334943639291466,0.5362318840579711,0.463768115942029,0.5793880837359099,0.4314090177133656,1242.0,666.0,576.0,0.7925585539117999,0.1880518726271942,0.5602134885564686,0.46698872785829315,0.5162418387450337,0.9045929500668268,666.0,576.0,1242.0,1.0,0.7334943639291466,176.0,251.0,0.20209339774557167,0.14170692431561996,911.0,0.1350164654226125,1.0,0.8867924528301887,33.49,0.026964573268921096,0.19028409090909087,54.97,-21.480000000000004,0.10141706924315619,0.0,0.06546460951239975,0.16183574879227053,0.7529090599279211,0.6212121212121212,0.1316969387157999
xgboost,0.115,0.0,0.0,1242.0,1.0,0.7492492492492493,0.7152777777777778,0.7322635135135136,0.7334943639291466,0.7334943639291466,0.5362318840579711,0.463768115942029,0.5793880837359099,0.4314090177133656,1242.0,666.0,576.0,0.7925585539117999,0.1880518726271942,0.5602134885564686,0.46698872785829315,0.5162418387450337,0.9045929500668268,666.0,576.0,1242.0,1.0,0.7334943639291466,160.0,223.0,0.17954911433172302,0.1288244766505636,911.0,0.12294182217343579,1.0,0.875,31.35,0.025241545893719807,0.19593750000000001,50.379999999999995,-19.03,0.08887278582930756,0.0,0.06546460951239975,0.16183574879227053,0.7521248117515019,0.64,0.11212481175150191
xgboost,0.12,0.0,0.0,1242.0,1.0,0.7492492492492493,0.7152777777777778,0.7322635135135136,0.7334943639291466,0.7334943639291466,0.5362318840579711,0.463768115942029,0.5793880837359099,0.4314090177133656,1242.0,666.0,576.0,0.7925585539117999,0.1880518726271942,0.5602134885564686,0.46698872785829315,0.5162418387450337,0.9045929500668268,666.0,576.0,1242.0,1.0,0.7334943639291466,145.0,201.0,0.16183574879227053,0.11674718196457327,911.0,0.11306256860592755,1.0,0.8809523809523809,29.85,0.024033816425120775,0.20586206896551723,47.06999999999999,-17.22,0.07911433172302738,0.0,0.06546460951239975,0.16183574879227053,0.7471519313143484,0.6477987421383647,0.09935318917598368
xgboost,0.125,0.0,0.0,1242.0,1.0,0.7492492492492493,0.7152777777777778,0.7322635135135136,0.7334943639291466,0.7334943639291466,0.5362318840579711,0.463768115942029,0.5793880837359099,0.4314090177133656,1242.0,666.0,576.0,0.7925585539117999,0.1880518726271942,0.5602134885564686,0.46698872785829315,0.5162418387450337,0.9045929500668268,666.0,576.0,1242.0,1.0,0.7334943639291466,128.0,172.0,0.13848631239935588,0.10305958132045089,911.0,0.10208562019758508,1.0,0.8857142857142857,28.22,0.022721417069243154,0.22046875,42.32,-14.1,0.0673671497584541,0.0,0.06546460951239975,0.16183574879227053,0.7580493616796758,0.6788321167883211,0.07921724489135473
xgboost,0.13,0.0,0.0,1242.0,1.0,0.7492492492492493,0.7152777777777778,0.7322635135135136,0.7334943639291466,0.7334943639291466,0.5362318840579711,0.463768115942029,0.5793880837359099,0.4314090177133656,1242.0,666.0,576.0,0.7925585539117999,0.1880518726271942,0.5602134885564686,0.46698872785829315,0.5162418387450337,0.9045929500668268,666.0,576.0,1242.0,1.0,0.7334943639291466,115.0,158.0,0.12721417069243157,0.09259259259259259,911.0,0.09549945115257959,1.0,0.8928571428571429,28.25,0.022745571658615137,0.24565217391304348,39.38,-11.129999999999999,0.06234299516908213,0.0,0.06546460951239975,0.16183574879227053,0.7630958080291748,0.6692307692307692,0.09386503879840558
xgboost,0.135,0.0,0.0,1242.0,1.0,0.7492492492492493,0.7152777777777778,0.7322635135135136,0.7334943639291466,0.7334943639291466,0.5362318840579711,0.463768115942029,0.5793880837359099,0.4314090177133656,1242.0,666.0,576.0,0.7925585539117999,0.1880518726271942,0.5602134885564686,0.46698872785829315,0.5162418387450337,0.9045929500668268,666.0,576.0,1242.0,1.0,0.7334943639291466,101.0,140.0,0.11272141706924316,0.08132045088566828,911.0,0.0845225027442371,1.0,0.875,25.64,0.02064412238325282,0.2538613861386139,35.18,-9.54,0.05491143317230274,0.0,0.06546460951239975,0.16183574879227053,0.7611530276721922,0.6637931034482759,0.09735992422391626
xgboost,0.14,0.0,0.0,1242.0,1.0,0.7492492492492493,0.7152777777777778,0.7322635135135136,0.7334943639291466,0.7334943639291466,0.5362318840579711,0.463768115942029,0.5793880837359099,0.4314090177133656,1242.0,666.0,576.0,0.7925585539117999,0.1880518726271942,0.5602134885564686,0.46698872785829315,0.5162418387450337,0.9045929500668268,666.0,576.0,1242.0,1.0,0.7334943639291466,90.0,125.0,0.10064412238325282,0.07246376811594203,911.0,0.07354555433589462,1.0,0.8695652173913043,22.049999999999997,0.017753623188405794,0.245,31.18,-9.129999999999999,0.04802737520128824,0.0,0.06546460951239975,0.16183574879227053,0.7588335395443673,0.6568627450980392,0.10197079444632806
xgboost,0.145,0.0,0.0,1242.0,1.0,0.7492492492492493,0.7152777777777778,0.7322635135135136,0.7334943639291466,0.7334943639291466,0.5362318840579711,0.463768115942029,0.5793880837359099,0.4314090177133656,1242.0,666.0,576.0,0.7925585539117999,0.1880518726271942,0.5602134885564686,0.46698872785829315,0.5162418387450337,0.9045929500668268,666.0,576.0,1242.0,1.0,0.7334943639291466,76.0,109.0,0.08776167471819646,0.061191626409017714,911.0,0.06476399560922064,1.0,0.8235294117647058,21.64,0.01742351046698873,0.28473684210526323,28.21,-6.57,0.04089371980676328,0.0,0.06546460951239975,0.16183574879227053,0.7487612654981406,0.6413043478260869,0.10745691767205368
xgboost,0.15,0.0,0.0,1242.0,1.0,0.7492492492492493,0.7152777777777778,0.7322635135135136,0.7334943639291466,0.7334943639291466,0.5362318840579711,0.463768115942029,0.5793880837359099,0.4314090177133656,1242.0,666.0,576.0,0.7925585539117999,0.1880518726271942,0.5602134885564686,0.46698872785829315,0.5162418387450337,0.9045929500668268,666.0,576.0,1242.0,1.0,0.7334943639291466,62.0,91.0,0.07326892109500806,0.0499194847020934,911.0,0.05159165751920966,1.0,0.8,17.18,0.013832528180354266,0.2770967741935484,22.729999999999997,-5.550000000000001,0.03338164251207729,0.0,0.06546460951239975,0.16183574879227053,0.748598227375432,0.618421052631579,0.13017717474385304
xgboost,0.155,0.0,0.0,1242.0,1.0,0.7492492492492493,0.7152777777777778,0.7322635135135136,0.7334943639291466,0.7334943639291466,0.5362318840579711,0.463768115942029,0.5793880837359099,0.4314090177133656,1242.0,666.0,576.0,0.7925585539117999,0.1880518726271942,0.5602134885564686,0.46698872785829315,0.5162418387450337,0.9045929500668268,666.0,576.0,1242.0,1.0,0.7334943639291466,52.0,78.0,0.06280193236714976,0.04186795491143317,911.0,0.043907793633369926,1.0,0.8333333333333334,15.079999999999998,0.01214170692431562,0.29,19.299999999999997,-4.22,0.02824476650563607,0.0,0.06546460951239975,0.16183574879227053,0.7426430411411055,0.6060606060606061,0.1365824350804994
xgboost,0.16,0.0,0.0,1242.0,1.0,0.7492492492492493,0.7152777777777778,0.7322635135135136,0.7334943639291466,0.7334943639291466,0.5362318840579711,0.463768115942029,0.5793880837359099,0.4314090177133656,1242.0,666.0,576.0,0.7925585539117999,0.1880518726271942,0.5602134885564686,0.46698872785829315,0.5162418387450337,0.9045929500668268,666.0,576.0,1242.0,1.0,0.7334943639291466,44.0,65.0,0.05233494363929147,0.03542673107890499,911.0,0.03732162458836443,1.0,0.8,13.06,0.010515297906602255,0.2968181818181818,16.81,-3.75,0.023389694041867953,0.0,0.06546460951239975,0.16183574879227053,0.7461830659346147,0.6181818181818182,0.12800124775279653
xgboost,0.165,0.0,0.0,1242.0,1.0,0.7492492492492493,0.7152777777777778,0.7322635135135136,0.7334943639291466,0.7334943639291466,0.5362318840579711,0.463768115942029,0.5793880837359099,0.4314090177133656,1242.0,666.0,576.0,0.7925585539117999,0.1880518726271942,0.5602134885564686,0.46698872785829315,0.5162418387450337,0.9045929500668268,666.0,576.0,1242.0,1.0,0.7334943639291466,38.0,56.0,0.04508856682769726,0.030595813204508857,911.0,0.030735455543358946,1.0,0.8,11.17,0.008993558776167471,0.29394736842105257,14.92,-3.75,0.018687600644122383,0.0,0.06546460951239975,0.16183574879227053,0.7215980304324109,0.6086956521739131,0.1129023782584978
xgboost,0.17,0.0,0.0,1242.0,1.0,0.7492492492492493,0.7152777777777778,0.7322635135135136,0.7334943639291466,0.7334943639291466,0.5362318840579711,0.463768115942029,0.5793880837359099,0.4314090177133656,1242.0,666.0,576.0,0.7925585539117999,0.1880518726271942,0.5602134885564686,0.46698872785829315,0.5162418387450337,0.9045929500668268,666.0,576.0,1242.0,1.0,0.7334943639291466,32.0,49.0,0.039452495974235106,0.02576489533011272,911.0,0.024149286498353458,1.0,0.8,8.48,0.006827697262479872,0.265,12.23,-3.75,0.01573268921095008,0.0,0.06546460951239975,0.16183574879227053,0.7059138722908802,0.5641025641025641,0.1418113081883161
xgboost,0.175,0.0,0.0,1242.0,1.0,0.7492492492492493,0.7152777777777778,0.7322635135135136,0.7334943639291466,0.7334943639291466,0.5362318840579711,0.463768115942029,0.5793880837359099,0.4314090177133656,1242.0,666.0,576.0,0.7925585539117999,0.1880518726271942,0.5602134885564686,0.46698872785829315,0.5162418387450337,0.9045929500668268,666.0,576.0,1242.0,1.0,0.7334943639291466,23.0,38.0,0.030595813204508857,0.018518518518518517,911.0,0.018660812294182216,1.0,0.6666666666666666,8.17,0.006578099838969404,0.3552173913043478,10.08,-1.9100000000000001,0.011135265700483092,0.0,0.06546460951239975,0.16183574879227053,0.6882260404527187,0.53125,0.15697604045271873
xgboost,0.18,0.0,0.0,1242.0,1.0,0.7492492492492493,0.7152777777777778,0.7322635135135136,0.7334943639291466,0.7334943639291466,0.5362318840579711,0.463768115942029,0.5793880837359099,0.4314090177133656,1242.0,666.0,576.0,0.7925585539117999,0.1880518726271942,0.5602134885564686,0.46698872785829315,0.5162418387450337,0.9045929500668268,666.0,576.0,1242.0,1.0,0.7334943639291466,21.0,34.0,0.027375201288244767,0.016908212560386472,911.0,0.01646542261251372,1.0,0.6666666666666666,6.79,0.0054669887278582935,0.3233333333333333,8.7,-1.9100000000000001,0.009895330112721416,0.0,0.06546460951239975,0.16183574879227053,0.6957118223820414,0.5357142857142857,0.15999753666775574
xgboost,0.185,0.0,0.0,1242.0,1.0,0.7492492492492493,0.7152777777777778,0.7322635135135136,0.7334943639291466,0.7334943639291466,0.5362318840579711,0.463768115942029,0.5793880837359099,0.4314090177133656,1242.0,666.0,576.0,0.7925585539117999,0.1880518726271942,0.5602134885564686,0.46698872785829315,0.5162418387450337,0.9045929500668268,666.0,576.0,1242.0,1.0,0.7334943639291466,18.0,30.0,0.024154589371980676,0.014492753623188406,911.0,0.013172338090010977,1.0,0.6666666666666666,5.37,0.0043236714975845416,0.2983333333333333,7.28,-1.9100000000000001,0.008373590982286634,0.0,0.06546460951239975,0.16183574879227053,0.6797671529153982,0.5,0.17976715291539824
xgboost,0.19,0.0,0.0,1242.0,1.0,0.7492492492492493,0.7152777777777778,0.7322635135135136,0.7334943639291466,0.7334943639291466,0.5362318840579711,0.463768115942029,0.5793880837359099,0.4314090177133656,1242.0,666.0,576.0,0.7925585539117999,0.1880518726271942,0.5602134885564686,0.46698872785829315,0.5162418387450337,0.9045929500668268,666.0,576.0,1242.0,1.0,0.7334943639291466,18.0,29.0,0.023349436392914653,0.014492753623188406,911.0,0.013172338090010977,1.0,0.6666666666666666,5.37,0.0043236714975845416,0.2983333333333333,7.28,-1.9100000000000001,0.008083735909822866,0.0,0.06546460951239975,0.16183574879227053,0.6884055500445159,0.5217391304347826,0.16666641960973327
xgboost,0.195,0.0,0.0,1242.0,1.0,0.7492492492492493,0.7152777777777778,0.7322635135135136,0.7334943639291466,0.7334943639291466,0.5362318840579711,0.463768115942029,0.5793880837359099,0.4314090177133656,1242.0,666.0,576.0,0.7925585539117999,0.1880518726271942,0.5602134885564686,0.46698872785829315,0.5162418387450337,0.9045929500668268,666.0,576.0,1242.0,1.0,0.7334943639291466,16.0,26.0,0.020933977455716585,0.01288244766505636,911.0,0.012074643249176729,1.0,0.6,5.04,0.004057971014492754,0.315,6.69,-1.6500000000000001,0.00713365539452496,0.0,0.06546460951239975,0.16183574879227053,0.6742858489354452,0.5238095238095238,0.15047632512592135
xgboost,0.2,0.0,0.0,1242.0,1.0,0.7492492492492493,0.7152777777777778,0.7322635135135136,0.7334943639291466,0.7334943639291466,0.5362318840579711,0.463768115942029,0.5793880837359099,0.4314090177133656,1242.0,666.0,576.0,0.7925585539117999,0.1880518726271942,0.5602134885564686,0.46698872785829315,0.5162418387450337,0.9045929500668268,666.0,576.0,1242.0,1.0,0.7334943639291466,12.0,21.0,0.016908212560386472,0.00966183574879227,911.0,0.010976948408342482,1.0,0.5,5.380000000000001,0.004331723027375202,0.4483333333333334,6.0,-0.62,0.0058856682769726255,0.0,0.06546460951239975,0.16183574879227053,0.6772052833908483,0.5263157894736842,0.1508894939171641
xgboost,-0.25,1.0,0.0,1242.0,1.0,0.7492492492492493,0.7152777777777778,0.7322635135135136,0.7334943639291466,0.7334943639291466,0.5362318840579711,0.463768115942029,0.5793880837359099,0.4314090177133656,1242.0,666.0,576.0,0.7925585539117999,0.1880518726271942,0.5602134885564686,0.46698872785829315,0.5162418387450337,0.9045929500668268,666.0,576.0,1242.0,1.0,0.7334943639291466,931.0,1242.0,1.0,0.749597423510467,911.0,0.6586169045005489,1.0,0.9214501510574018,86.03999999999999,0.06927536231884057,0.09241675617615466,205.4,-119.36000000000001,0.4911191626409018,0.61,0.04300580413134553,0.28421900161030594,0.7005350624226978,0.6586169045005489,0.041918157922148924
xgboost,-0.245,1.0,0.0,1242.0,1.0,0.7492492492492493,0.7152777777777778,0.7322635135135136,0.7334943639291466,0.7334943639291466,0.5362318840579711,0.463768115942029,0.5793880837359099,0.4314090177133656,1242.0,666.0,576.0,0.7925585539117999,0.1880518726271942,0.5602134885564686,0.46698872785829315,0.5162418387450337,0.9045929500668268,666.0,576.0,1242.0,1.0,0.7334943639291466,931.0,1242.0,1.0,0.749597423510467,911.0,0.6586169045005489,1.0,0.9214501510574018,86.03999999999999,0.06927536231884057,0.09241675617615466,205.4,-119.36000000000001,0.4911191626409018,0.61,0.04300580413134553,0.28421900161030594,0.7005350624226978,0.6586169045005489,0.041918157922148924
xgboost,-0.24,1.0,0.0,1242.0,1.0,0.7492492492492493,0.7152777777777778,0.7322635135135136,0.7334943639291466,0.7334943639291466,0.5362318840579711,0.463768115942029,0.5793880837359099,0.4314090177133656,1242.0,666.0,576.0,0.7925585539117999,0.1880518726271942,0.5602134885564686,0.46698872785829315,0.5162418387450337,0.9045929500668268,666.0,576.0,1242.0,1.0,0.7334943639291466,931.0,1242.0,1.0,0.749597423510467,911.0,0.6586169045005489,1.0,0.9214501510574018,86.03999999999999,0.06927536231884057,0.09241675617615466,205.4,-119.36000000000001,0.4911191626409018,0.61,0.04300580413134553,0.28421900161030594,0.7005350624226978,0.6586169045005489,0.041918157922148924
xgboost,-0.235,1.0,0.0,1242.0,1.0,0.7492492492492493,0.7152777777777778,0.7322635135135136,0.7334943639291466,0.7334943639291466,0.5362318840579711,0.463768115942029,0.5793880837359099,0.4314090177133656,1242.0,666.0,576.0,0.7925585539117999,0.1880518726271942,0.5602134885564686,0.46698872785829315,0.5162418387450337,0.9045929500668268,666.0,576.0,1242.0,1.0,0.7334943639291466,931.0,1242.0,1.0,0.749597423510467,911.0,0.6586169045005489,1.0,0.9214501510574018,86.03999999999999,0.06927536231884057,0.09241675617615466,205.4,-119.36000000000001,0.4911191626409018,0.61,0.04300580413134553,0.28421900161030594,0.7005350624226978,0.6586169045005489,0.041918157922148924
xgboost,-0.23,1.0,0.0,1242.0,1.0,0.7492492492492493,0.7152777777777778,0.7322635135135136,0.7334943639291466,0.7334943639291466,0.5362318840579711,0.463768115942029,0.5793880837359099,0.4314090177133656,1242.0,666.0,576.0,0.7925585539117999,0.1880518726271942,0.5602134885564686,0.46698872785829315,0.5162418387450337,0.9045929500668268,666.0,576.0,1242.0,1.0,0.7334943639291466,931.0,1242.0,1.0,0.749597423510467,911.0,0.6586169045005489,1.0,0.9214501510574018,86.03999999999999,0.06927536231884057,0.09241675617615466,205.4,-119.36000000000001,0.4911191626409018,0.61,0.04300580413134553,0.28421900161030594,0.7005350624226978,0.6586169045005489,0.041918157922148924
xgboost,-0.225,1.0,0.0,1242.0,1.0,0.7492492492492493,0.7152777777777778,0.7322635135135136,0.7334943639291466,0.7334943639291466,0.5362318840579711,0.463768115942029,0.5793880837359099,0.4314090177133656,1242.0,666.0,576.0,0.7925585539117999,0.1880518726271942,0.5602134885564686,0.46698872785829315,0.5162418387450337,0.9045929500668268,666.0,576.0,1242.0,1.0,0.7334943639291466,931.0,1242.0,1.0,0.749597423510467,911.0,0.6586169045005489,1.0,0.9214501510574018,86.03999999999999,0.06927536231884057,0.09241675617615466,205.4,-119.36000000000001,0.4911191626409018,0.61,0.04300580413134553,0.28421900161030594,0.7005350624226978,0.6586169045005489,0.041918157922148924
xgboost,-0.22,1.0,0.0,1242.0,1.0,0.7492492492492493,0.7152777777777778,0.7322635135135136,0.7334943639291466,0.7334943639291466,0.5362318840579711,0.463768115942029,0.5793880837359099,0.4314090177133656,1242.0,666.0,576.0,0.7925585539117999,0.1880518726271942,0.5602134885564686,0.46698872785829315,0.5162418387450337,0.9045929500668268,666.0,576.0,1242.0,1.0,0.7334943639291466,931.0,1242.0,1.0,0.749597423510467,911.0,0.6586169045005489,1.0,0.9214501510574018,86.03999999999999,0.06927536231884057,0.09241675617615466,205.4,-119.36000000000001,0.4911191626409018,0.61,0.04300580413134553,0.28421900161030594,0.7005350624226978,0.6586169045005489,0.041918157922148924
xgboost,-0.215,1.0,0.0,1242.0,1.0,0.7492492492492493,0.7152777777777778,0.7322635135135136,0.7334943639291466,0.7334943639291466,0.5362318840579711,0.463768115942029,0.5793880837359099,0.4314090177133656,1242.0,666.0,576.0,0.7925585539117999,0.1880518726271942,0.5602134885564686,0.46698872785829315,0.5162418387450337,0.9045929500668268,666.0,576.0,1242.0,1.0,0.7334943639291466,931.0,1242.0,1.0,0.749597423510467,911.0,0.6586169045005489,1.0,0.9214501510574018,86.03999999999999,0.06927536231884057,0.09241675617615466,205.4,-119.36000000000001,0.4911191626409018,0.61,0.04300580413134553,0.28421900161030594,0.7005350624226978,0.6586169045005489,0.041918157922148924
xgboost,-0.21,1.0,0.0,1242.0,1.0,0.7492492492492493,0.7152777777777778,0.7322635135135136,0.7334943639291466,0.7334943639291466,0.5362318840579711,0.463768115942029,0.5793880837359099,0.4314090177133656,1242.0,666.0,576.0,0.7925585539117999,0.1880518726271942,0.5602134885564686,0.46698872785829315,0.5162418387450337,0.9045929500668268,666.0,576.0,1242.0,1.0,0.7334943639291466,931.0,1242.0,1.0,0.749597423510467,911.0,0.6586169045005489,1.0,0.9214501510574018,86.03999999999999,0.06927536231884057,0.09241675617615466,205.4,-119.36000000000001,0.4911191626409018,0.61,0.04300580413134553,0.28421900161030594,0.7005350624226978,0.6586169045005489,0.041918157922148924
xgboost,-0.205,1.0,0.0,1242.0,1.0,0.7492492492492493,0.7152777777777778,0.7322635135135136,0.7334943639291466,0.7334943639291466,0.5362318840579711,0.463768115942029,0.5793880837359099,0.4314090177133656,1242.0,666.0,576.0,0.7925585539117999,0.1880518726271942,0.5602134885564686,0.46698872785829315,0.5162418387450337,0.9045929500668268,666.0,576.0,1242.0,1.0,0.7334943639291466,931.0,1242.0,1.0,0.749597423510467,911.0,0.6586169045005489,1.0,0.9214501510574018,86.03999999999999,0.06927536231884057,0.09241675617615466,205.4,-119.36000000000001,0.4911191626409018,0.61,0.04300580413134553,0.28421900161030594,0.7005350624226978,0.6586169045005489,0.041918157922148924
xgboost,-0.2,1.0,0.0,1242.0,1.0,0.7492492492492493,0.7152777777777778,0.7322635135135136,0.7334943639291466,0.7334943639291466,0.5362318840579711,0.463768115942029,0.5793880837359099,0.4314090177133656,1242.0,666.0,576.0,0.7925585539117999,0.1880518726271942,0.5602134885564686,0.46698872785829315,0.5162418387450337,0.9045929500668268,666.0,576.0,1242.0,1.0,0.7334943639291466,931.0,1242.0,1.0,0.749597423510467,911.0,0.6586169045005489,1.0,0.9214501510574018,86.03999999999999,0.06927536231884057,0.09241675617615466,205.4,-119.36000000000001,0.4911191626409018,0.61,0.04300580413134553,0.28421900161030594,0.7005350624226978,0.6586169045005489,0.041918157922148924
xgboost,-0.195,1.0,0.0,1242.0,1.0,0.7492492492492493,0.7152777777777778,0.7322635135135136,0.7334943639291466,0.7334943639291466,0.5362318840579711,0.463768115942029,0.5793880837359099,0.4314090177133656,1242.0,666.0,576.0,0.7925585539117999,0.1880518726271942,0.5602134885564686,0.46698872785829315,0.5162418387450337,0.9045929500668268,666.0,576.0,1242.0,1.0,0.7334943639291466,931.0,1242.0,1.0,0.749597423510467,911.0,0.6586169045005489,1.0,0.9214501510574018,86.03999999999999,0.06927536231884057,0.09241675617615466,205.4,-119.36000000000001,0.4911191626409018,0.61,0.04300580413134553,0.28421900161030594,0.7005350624226978,0.6586169045005489,0.041918157922148924
xgboost,-0.19,1.0,0.0,1242.0,1.0,0.7492492492492493,0.7152777777777778,0.7322635135135136,0.7334943639291466,0.7334943639291466,0.5362318840579711,0.463768115942029,0.5793880837359099,0.4314090177133656,1242.0,666.0,576.0,0.7925585539117999,0.1880518726271942,0.5602134885564686,0.46698872785829315,0.5162418387450337,0.9045929500668268,666.0,576.0,1242.0,1.0,0.7334943639291466,931.0,1242.0,1.0,0.749597423510467,911.0,0.6586169045005489,1.0,0.9214501510574018,86.03999999999999,0.06927536231884057,0.09241675617615466,205.4,-119.36000000000001,0.4911191626409018,0.61,0.04300580413134553,0.28421900161030594,0.7005350624226978,0.6586169045005489,0.041918157922148924
xgboost,-0.185,1.0,0.0,1242.0,1.0,0.7492492492492493,0.7152777777777778,0.7322635135135136,0.7334943639291466,0.7334943639291466,0.5362318840579711,0.463768115942029,0.5793880837359099,0.4314090177133656,1242.0,666.0,576.0,0.7925585539117999,0.1880518726271942,0.5602134885564686,0.46698872785829315,0.5162418387450337,0.9045929500668268,666.0,576.0,1242.0,1.0,0.7334943639291466,931.0,1242.0,1.0,0.749597423510467,911.0,0.6586169045005489,1.0,0.9214501510574018,86.03999999999999,0.06927536231884057,0.09241675617615466,205.4,-119.36000000000001,0.4911191626409018,0.61,0.04300580413134553,0.28421900161030594,0.7005350624226978,0.6586169045005489,0.041918157922148924
xgboost,-0.18,1.0,0.0,1242.0,1.0,0.7492492492492493,0.7152777777777778,0.7322635135135136,0.7334943639291466,0.7334943639291466,0.5362318840579711,0.463768115942029,0.5793880837359099,0.4314090177133656,1242.0,666.0,576.0,0.7925585539117999,0.1880518726271942,0.5602134885564686,0.46698872785829315,0.5162418387450337,0.9045929500668268,666.0,576.0,1242.0,1.0,0.7334943639291466,931.0,1242.0,1.0,0.749597423510467,911.0,0.6586169045005489,1.0,0.9214501510574018,86.03999999999999,0.06927536231884057,0.09241675617615466,205.4,-119.36000000000001,0.4911191626409018,0.61,0.04300580413134553,0.28421900161030594,0.7005350624226978,0.6586169045005489,0.041918157922148924
xgboost,-0.175,1.0,0.0,1242.0,1.0,0.7492492492492493,0.7152777777777778,0.7322635135135136,0.7334943639291466,0.7334943639291466,0.5362318840579711,0.463768115942029,0.5793880837359099,0.4314090177133656,1242.0,666.0,576.0,0.7925585539117999,0.1880518726271942,0.5602134885564686,0.46698872785829315,0.5162418387450337,0.9045929500668268,666.0,576.0,1242.0,1.0,0.7334943639291466,931.0,1242.0,1.0,0.749597423510467,911.0,0.6586169045005489,1.0,0.9214501510574018,86.03999999999999,0.06927536231884057,0.09241675617615466,205.4,-119.36000000000001,0.4911191626409018,0.61,0.04300580413134553,0.28421900161030594,0.7005350624226978,0.6586169045005489,0.041918157922148924
xgboost,-0.17,1.0,0.0,1242.0,1.0,0.7492492492492493,0.7152777777777778,0.7322635135135136,0.7334943639291466,0.7334943639291466,0.5362318840579711,0.463768115942029,0.5793880837359099,0.4314090177133656,1242.0,666.0,576.0,0.7925585539117999,0.1880518726271942,0.5602134885564686,0.46698872785829315,0.5162418387450337,0.9045929500668268,666.0,576.0,1242.0,1.0,0.7334943639291466,931.0,1242.0,1.0,0.749597423510467,911.0,0.6586169045005489,1.0,0.9214501510574018,86.03999999999999,0.06927536231884057,0.09241675617615466,205.4,-119.36000000000001,0.4911191626409018,0.61,0.04300580413134553,0.28421900161030594,0.7005350624226978,0.6586169045005489,0.041918157922148924
xgboost,-0.165,1.0,0.0,1242.0,1.0,0.7492492492492493,0.7152777777777778,0.7322635135135136,0.7334943639291466,0.7334943639291466,0.5362318840579711,0.463768115942029,0.5793880837359099,0.4314090177133656,1242.0,666.0,576.0,0.7925585539117999,0.1880518726271942,0.5602134885564686,0.46698872785829315,0.5162418387450337,0.9045929500668268,666.0,576.0,1242.0,1.0,0.7334943639291466,931.0,1242.0,1.0,0.749597423510467,911.0,0.6586169045005489,1.0,0.9214501510574018,86.03999999999999,0.06927536231884057,0.09241675617615466,205.4,-119.36000000000001,0.4911191626409018,0.61,0.04300580413134553,0.28421900161030594,0.7005350624226978,0.6586169045005489,0.041918157922148924
xgboost,-0.16,1.0,0.0,1242.0,1.0,0.7492492492492493,0.7152777777777778,0.7322635135135136,0.7334943639291466,0.7334943639291466,0.5362318840579711,0.463768115942029,0.5793880837359099,0.4314090177133656,1242.0,666.0,576.0,0.7925585539117999,0.1880518726271942,0.5602134885564686,0.46698872785829315,0.5162418387450337,0.9045929500668268,666.0,576.0,1242.0,1.0,0.7334943639291466,931.0,1242.0,1.0,0.749597423510467,911.0,0.6586169045005489,1.0,0.9214501510574018,86.03999999999999,0.06927536231884057,0.09241675617615466,205.4,-119.36000000000001,0.4911191626409018,0.61,0.04300580413134553,0.28421900161030594,0.7005350624226978,0.6586169045005489,0.041918157922148924
xgboost,-0.155,1.0,0.0,1242.0,1.0,0.7492492492492493,0.7152777777777778,0.7322635135135136,0.7334943639291466,0.7334943639291466,0.5362318840579711,0.463768115942029,0.5793880837359099,0.4314090177133656,1242.0,666.0,576.0,0.7925585539117999,0.1880518726271942,0.5602134885564686,0.46698872785829315,0.5162418387450337,0.9045929500668268,666.0,576.0,1242.0,1.0,0.7334943639291466,931.0,1242.0,1.0,0.749597423510467,911.0,0.6586169045005489,1.0,0.9214501510574018,86.03999999999999,0.06927536231884057,0.09241675617615466,205.4,-119.36000000000001,0.4911191626409018,0.61,0.04300580413134553,0.28421900161030594,0.7005350624226978,0.6586169045005489,0.041918157922148924
xgboost,-0.15,1.0,0.0,1242.0,1.0,0.7492492492492493,0.7152777777777778,0.7322635135135136,0.7334943639291466,0.7334943639291466,0.5362318840579711,0.463768115942029,0.5793880837359099,0.4314090177133656,1242.0,666.0,576.0,0.7925585539117999,0.1880518726271942,0.5602134885564686,0.46698872785829315,0.5162418387450337,0.9045929500668268,666.0,576.0,1242.0,1.0,0.7334943639291466,931.0,1242.0,1.0,0.749597423510467,911.0,0.6586169045005489,1.0,0.9214501510574018,86.03999999999999,0.06927536231884057,0.09241675617615466,205.4,-119.36000000000001,0.4911191626409018,0.61,0.04300580413134553,0.28421900161030594,0.7005350624226978,0.6586169045005489,0.041918157922148924
xgboost,-0.145,1.0,0.0,1242.0,1.0,0.7492492492492493,0.7152777777777778,0.7322635135135136,0.7334943639291466,0.7334943639291466,0.5362318840579711,0.463768115942029,0.5793880837359099,0.4314090177133656,1242.0,666.0,576.0,0.7925585539117999,0.1880518726271942,0.5602134885564686,0.46698872785829315,0.5162418387450337,0.9045929500668268,666.0,576.0,1242.0,1.0,0.7334943639291466,931.0,1242.0,1.0,0.749597423510467,911.0,0.6586169045005489,1.0,0.9214501510574018,86.03999999999999,0.06927536231884057,0.09241675617615466,205.4,-119.36000000000001,0.4911191626409018,0.61,0.04300580413134553,0.28421900161030594,0.7005350624226978,0.6586169045005489,0.041918157922148924
xgboost,-0.14,1.0,0.0,1242.0,1.0,0.7492492492492493,0.7152777777777778,0.7322635135135136,0.7334943639291466,0.7334943639291466,0.5362318840579711,0.463768115942029,0.5793880837359099,0.4314090177133656,1242.0,666.0,576.0,0.7925585539117999,0.1880518726271942,0.5602134885564686,0.46698872785829315,0.5162418387450337,0.9045929500668268,666.0,576.0,1242.0,1.0,0.7334943639291466,931.0,1242.0,1.0,0.749597423510467,911.0,0.6586169045005489,1.0,0.9214501510574018,86.03999999999999,0.06927536231884057,0.09241675617615466,205.4,-119.36000000000001,0.4911191626409018,0.61,0.04300580413134553,0.28421900161030594,0.7005350624226978,0.6586169045005489,0.041918157922148924
xgboost,-0.135,1.0,0.0,1242.0,1.0,0.7492492492492493,0.7152777777777778,0.7322635135135136,0.7334943639291466,0.7334943639291466,0.5362318840579711,0.463768115942029,0.5793880837359099,0.4314090177133656,1242.0,666.0,576.0,0.7925585539117999,0.1880518726271942,0.5602134885564686,0.46698872785829315,0.5162418387450337,0.9045929500668268,666.0,576.0,1242.0,1.0,0.7334943639291466,931.0,1242.0,1.0,0.749597423510467,911.0,0.6586169045005489,1.0,0.9214501510574018,86.03999999999999,0.06927536231884057,0.09241675617615466,205.4,-119.36000000000001,0.4911191626409018,0.61,0.04300580413134553,0.28421900161030594,0.7005350624226978,0.6586169045005489,0.041918157922148924
xgboost,-0.13,1.0,0.0,1242.0,1.0,0.7492492492492493,0.7152777777777778,0.7322635135135136,0.7334943639291466,0.7334943639291466,0.5362318840579711,0.463768115942029,0.5793880837359099,0.4314090177133656,1242.0,666.0,576.0,0.7925585539117999,0.1880518726271942,0.5602134885564686,0.46698872785829315,0.5162418387450337,0.9045929500668268,666.0,576.0,1242.0,1.0,0.7334943639291466,931.0,1242.0,1.0,0.749597423510467,911.0,0.6586169045005489,1.0,0.9214501510574018,86.03999999999999,0.06927536231884057,0.09241675617615466,205.4,-119.36000000000001,0.4911191626409018,0.61,0.04300580413134553,0.28421900161030594,0.7005350624226978,0.6586169045005489,0.041918157922148924
xgboost,-0.125,1.0,0.0,1242.0,1.0,0.7492492492492493,0.7152777777777778,0.7322635135135136,0.7334943639291466,0.7334943639291466,0.5362318840579711,0.463768115942029,0.5793880837359099,0.4314090177133656,1242.0,666.0,576.0,0.7925585539117999,0.1880518726271942,0.5602134885564686,0.46698872785829315,0.5162418387450337,0.9045929500668268,666.0,576.0,1242.0,1.0,0.7334943639291466,931.0,1242.0,1.0,0.749597423510467,911.0,0.6586169045005489,1.0,0.9214501510574018,86.03999999999999,0.06927536231884057,0.09241675617615466,205.4,-119.36000000000001,0.4911191626409018,0.61,0.04300580413134553,0.28421900161030594,0.7005350624226978,0.6586169045005489,0.041918157922148924
xgboost,-0.12,1.0,0.0,1242.0,1.0,0.7492492492492493,0.7152777777777778,0.7322635135135136,0.7334943639291466,0.7334943639291466,0.5362318840579711,0.463768115942029,0.5793880837359099,0.4314090177133656,1242.0,666.0,576.0,0.7925585539117999,0.1880518726271942,0.5602134885564686,0.46698872785829315,0.5162418387450337,0.9045929500668268,666.0,576.0,1242.0,1.0,0.7334943639291466,931.0,1242.0,1.0,0.749597423510467,911.0,0.6586169045005489,1.0,0.9214501510574018,86.03999999999999,0.06927536231884057,0.09241675617615466,205.4,-119.36000000000001,0.4911191626409018,0.61,0.04300580413134553,0.28421900161030594,0.7005350624226978,0.6586169045005489,0.041918157922148924
xgboost,-0.115,1.0,0.0,1242.0,1.0,0.7492492492492493,0.7152777777777778,0.7322635135135136,0.7334943639291466,0.7334943639291466,0.5362318840579711,0.463768115942029,0.5793880837359099,0.4314090177133656,1242.0,666.0,576.0,0.7925585539117999,0.1880518726271942,0.5602134885564686,0.46698872785829315,0.5162418387450337,0.9045929500668268,666.0,576.0,1242.0,1.0,0.7334943639291466,931.0,1242.0,1.0,0.749597423510467,911.0,0.6586169045005489,1.0,0.9214501510574018,86.03999999999999,0.06927536231884057,0.09241675617615466,205.4,-119.36000000000001,0.4911191626409018,0.61,0.04300580413134553,0.28421900161030594,0.7005350624226978,0.6586169045005489,0.041918157922148924
xgboost,-0.11,1.0,0.0,1242.0,1.0,0.7492492492492493,0.7152777777777778,0.7322635135135136,0.7334943639291466,0.7334943639291466,0.5362318840579711,0.463768115942029,0.5793880837359099,0.4314090177133656,1242.0,666.0,576.0,0.7925585539117999,0.1880518726271942,0.5602134885564686,0.46698872785829315,0.5162418387450337,0.9045929500668268,666.0,576.0,1242.0,1.0,0.7334943639291466,931.0,1242.0,1.0,0.749597423510467,911.0,0.6586169045005489,1.0,0.9214501510574018,86.03999999999999,0.06927536231884057,0.09241675617615466,205.4,-119.36000000000001,0.4911191626409018,0.61,0.04300580413134553,0.28421900161030594,0.7005350624226978,0.6586169045005489,0.041918157922148924
xgboost,-0.105,1.0,0.0,1242.0,1.0,0.7492492492492493,0.7152777777777778,0.7322635135135136,0.7334943639291466,0.7334943639291466,0.5362318840579711,0.463768115942029,0.5793880837359099,0.4314090177133656,1242.0,666.0,576.0,0.7925585539117999,0.1880518726271942,0.5602134885564686,0.46698872785829315,0.5162418387450337,0.9045929500668268,666.0,576.0,1242.0,1.0,0.7334943639291466,931.0,1242.0,1.0,0.749597423510467,911.0,0.6586169045005489,1.0,0.9214501510574018,86.03999999999999,0.06927536231884057,0.09241675617615466,205.4,-119.36000000000001,0.4911191626409018,0.61,0.04300580413134553,0.28421900161030594,0.7005350624226978,0.6586169045005489,0.041918157922148924
xgboost,-0.1,1.0,0.0,1242.0,1.0,0.7492492492492493,0.7152777777777778,0.7322635135135136,0.7334943639291466,0.7334943639291466,0.5362318840579711,0.463768115942029,0.5793880837359099,0.4314090177133656,1242.0,666.0,576.0,0.7925585539117999,0.1880518726271942,0.5602134885564686,0.46698872785829315,0.5162418387450337,0.9045929500668268,666.0,576.0,1242.0,1.0,0.7334943639291466,931.0,1242.0,1.0,0.749597423510467,911.0,0.6586169045005489,1.0,0.9214501510574018,86.03999999999999,0.06927536231884057,0.09241675617615466,205.4,-119.36000000000001,0.4911191626409018,0.61,0.04300580413134553,0.28421900161030594,0.7005350624226978,0.6586169045005489,0.041918157922148924
xgboost,-0.095,1.0,0.0,1242.0,1.0,0.7492492492492493,0.7152777777777778,0.7322635135135136,0.7334943639291466,0.7334943639291466,0.5362318840579711,0.463768115942029,0.5793880837359099,0.4314090177133656,1242.0,666.0,576.0,0.7925585539117999,0.1880518726271942,0.5602134885564686,0.46698872785829315,0.5162418387450337,0.9045929500668268,666.0,576.0,1242.0,1.0,0.7334943639291466,931.0,1242.0,1.0,0.749597423510467,911.0,0.6586169045005489,1.0,0.9214501510574018,86.03999999999999,0.06927536231884057,0.09241675617615466,205.4,-119.36000000000001,0.4911191626409018,0.61,0.04300580413134553,0.28421900161030594,0.7005350624226978,0.6586169045005489,0.041918157922148924
xgboost,-0.09,1.0,0.0,1242.0,1.0,0.7492492492492493,0.7152777777777778,0.7322635135135136,0.7334943639291466,0.7334943639291466,0.5362318840579711,0.463768115942029,0.5793880837359099,0.4314090177133656,1242.0,666.0,576.0,0.7925585539117999,0.1880518726271942,0.5602134885564686,0.46698872785829315,0.5162418387450337,0.9045929500668268,666.0,576.0,1242.0,1.0,0.7334943639291466,931.0,1242.0,1.0,0.749597423510467,911.0,0.6586169045005489,1.0,0.9214501510574018,86.03999999999999,0.06927536231884057,0.09241675617615466,205.4,-119.36000000000001,0.4911191626409018,0.61,0.04300580413134553,0.28421900161030594,0.7005350624226978,0.6586169045005489,0.041918157922148924
xgboost,-0.085,1.0,0.0,1242.0,1.0,0.7492492492492493,0.7152777777777778,0.7322635135135136,0.7334943639291466,0.7334943639291466,0.5362318840579711,0.463768115942029,0.5793880837359099,0.4314090177133656,1242.0,666.0,576.0,0.7925585539117999,0.1880518726271942,0.5602134885564686,0.46698872785829315,0.5162418387450337,0.9045929500668268,666.0,576.0,1242.0,1.0,0.7334943639291466,931.0,1242.0,1.0,0.749597423510467,911.0,0.6586169045005489,1.0,0.9214501510574018,86.03999999999999,0.06927536231884057,0.09241675617615466,205.4,-119.36000000000001,0.4911191626409018,0.61,0.04300580413134553,0.28421900161030594,0.7005350624226978,0.6586169045005489,0.041918157922148924
xgboost,-0.08,1.0,0.0,1242.0,1.0,0.7492492492492493,0.7152777777777778,0.7322635135135136,0.7334943639291466,0.7334943639291466,0.5362318840579711,0.463768115942029,0.5793880837359099,0.4314090177133656,1242.0,666.0,576.0,0.7925585539117999,0.1880518726271942,0.5602134885564686,0.46698872785829315,0.5162418387450337,0.9045929500668268,666.0,576.0,1242.0,1.0,0.7334943639291466,931.0,1242.0,1.0,0.749597423510467,911.0,0.6586169045005489,1.0,0.9214501510574018,86.03999999999999,0.06927536231884057,0.09241675617615466,205.4,-119.36000000000001,0.4911191626409018,0.61,0.04300580413134553,0.28421900161030594,0.7005350624226978,0.6586169045005489,0.041918157922148924
xgboost,-0.075,1.0,0.0,1242.0,1.0,0.7492492492492493,0.7152777777777778,0.7322635135135136,0.7334943639291466,0.7334943639291466,0.5362318840579711,0.463768115942029,0.5793880837359099,0.4314090177133656,1242.0,666.0,576.0,0.7925585539117999,0.1880518726271942,0.5602134885564686,0.46698872785829315,0.5162418387450337,0.9045929500668268,666.0,576.0,1242.0,1.0,0.7334943639291466,931.0,1242.0,1.0,0.749597423510467,911.0,0.6586169045005489,1.0,0.9214501510574018,86.03999999999999,0.06927536231884057,0.09241675617615466,205.4,-119.36000000000001,0.4911191626409018,0.61,0.04300580413134553,0.28421900161030594,0.7005350624226978,0.6586169045005489,0.041918157922148924
xgboost,-0.07,1.0,0.0,1242.0,1.0,0.7492492492492493,0.7152777777777778,0.7322635135135136,0.7334943639291466,0.7334943639291466,0.5362318840579711,0.463768115942029,0.5793880837359099,0.4314090177133656,1242.0,666.0,576.0,0.7925585539117999,0.1880518726271942,0.5602134885564686,0.46698872785829315,0.5162418387450337,0.9045929500668268,666.0,576.0,1242.0,1.0,0.7334943639291466,931.0,1242.0,1.0,0.749597423510467,911.0,0.6586169045005489,1.0,0.9214501510574018,86.03999999999999,0.06927536231884057,0.09241675617615466,205.4,-119.36000000000001,0.4911191626409018,0.61,0.04300580413134553,0.28421900161030594,0.7005350624226978,0.6586169045005489,0.041918157922148924
xgboost,-0.065,1.0,0.0,1242.0,1.0,0.7492492492492493,0.7152777777777778,0.7322635135135136,0.7334943639291466,0.7334943639291466,0.5362318840579711,0.463768115942029,0.5793880837359099,0.4314090177133656,1242.0,666.0,576.0,0.7925585539117999,0.1880518726271942,0.5602134885564686,0.46698872785829315,0.5162418387450337,0.9045929500668268,666.0,576.0,1242.0,1.0,0.7334943639291466,931.0,1242.0,1.0,0.749597423510467,911.0,0.6586169045005489,1.0,0.9214501510574018,86.03999999999999,0.06927536231884057,0.09241675617615466,205.4,-119.36000000000001,0.4911191626409018,0.61,0.04300580413134553,0.28421900161030594,0.7005350624226978,0.6586169045005489,0.041918157922148924
xgboost,-0.06,1.0,0.0,1242.0,1.0,0.7492492492492493,0.7152777777777778,0.7322635135135136,0.7334943639291466,0.7334943639291466,0.5362318840579711,0.463768115942029,0.5793880837359099,0.4314090177133656,1242.0,666.0,576.0,0.7925585539117999,0.1880518726271942,0.5602134885564686,0.46698872785829315,0.5162418387450337,0.9045929500668268,666.0,576.0,1242.0,1.0,0.7334943639291466,931.0,1242.0,1.0,0.749597423510467,911.0,0.6586169045005489,1.0,0.9214501510574018,86.03999999999999,0.06927536231884057,0.09241675617615466,205.4,-119.36000000000001,0.4911191626409018,0.61,0.04300580413134553,0.28421900161030594,0.7005350624226978,0.6586169045005489,0.041918157922148924
xgboost,-0.055,1.0,0.0,1242.0,1.0,0.7492492492492493,0.7152777777777778,0.7322635135135136,0.7334943639291466,0.7334943639291466,0.5362318840579711,0.463768115942029,0.5793880837359099,0.4314090177133656,1242.0,666.0,576.0,0.7925585539117999,0.1880518726271942,0.5602134885564686,0.46698872785829315,0.5162418387450337,0.9045929500668268,666.0,576.0,1242.0,1.0,0.7334943639291466,931.0,1242.0,1.0,0.749597423510467,911.0,0.6586169045005489,1.0,0.9214501510574018,86.03999999999999,0.06927536231884057,0.09241675617615466,205.4,-119.36000000000001,0.4911191626409018,0.61,0.04300580413134553,0.28421900161030594,0.7005350624226978,0.6586169045005489,0.041918157922148924
xgboost,-0.05,1.0,0.0,1242.0,1.0,0.7492492492492493,0.7152777777777778,0.7322635135135136,0.7334943639291466,0.7334943639291466,0.5362318840579711,0.463768115942029,0.5793880837359099,0.4314090177133656,1242.0,666.0,576.0,0.7925585539117999,0.1880518726271942,0.5602134885564686,0.46698872785829315,0.5162418387450337,0.9045929500668268,666.0,576.0,1242.0,1.0,0.7334943639291466,931.0,1242.0,1.0,0.749597423510467,911.0,0.6586169045005489,1.0,0.9214501510574018,86.03999999999999,0.06927536231884057,0.09241675617615466,205.4,-119.36000000000001,0.4911191626409018,0.61,0.04300580413134553,0.28421900161030594,0.7005350624226978,0.6586169045005489,0.041918157922148924
xgboost,-0.045,1.0,0.0,1242.0,1.0,0.7492492492492493,0.7152777777777778,0.7322635135135136,0.7334943639291466,0.7334943639291466,0.5362318840579711,0.463768115942029,0.5793880837359099,0.4314090177133656,1242.0,666.0,576.0,0.7925585539117999,0.1880518726271942,0.5602134885564686,0.46698872785829315,0.5162418387450337,0.9045929500668268,666.0,576.0,1242.0,1.0,0.7334943639291466,930.0,1239.0,0.9975845410628019,0.748792270531401,911.0,0.6586169045005489,1.0,0.9212121212121213,86.44999999999999,0.06960547504025764,0.09295698924731181,205.4,-118.95000000000002,0.48996779388083733,0.61,0.04300580413134553,0.28421900161030594,0.7009294206940961,0.6600660066006601,0.04086341409343608
xgboost,-0.04,1.0,0.0,1242.0,1.0,0.7492492492492493,0.7152777777777778,0.7322635135135136,0.7334943639291466,0.7334943639291466,0.5362318840579711,0.463768115942029,0.5793880837359099,0.4314090177133656,1242.0,666.0,576.0,0.7925585539117999,0.1880518726271942,0.5602134885564686,0.46698872785829315,0.5162418387450337,0.9045929500668268,666.0,576.0,1242.0,1.0,0.7334943639291466,929.0,1238.0,0.9967793880837359,0.7479871175523349,911.0,0.6575192096597146,1.0,0.9212121212121213,85.75999999999999,0.06904991948470209,0.09231431646932184,204.71,-118.95000000000002,0.4897181964573269,0.61,0.04300580413134553,0.28421900161030594,0.701312620714071,0.6596916299559471,0.041620990758123866
xgboost,-0.035,1.0,0.0,1242.0,1.0,0.7492492492492493,0.7152777777777778,0.7322635135135136,0.7334943639291466,0.7334943639291466,0.5362318840579711,0.463768115942029,0.5793880837359099,0.4314090177133656,1242.0,666.0,576.0,0.7925585539117999,0.1880518726271942,0.5602134885564686,0.46698872785829315,0.5162418387450337,0.9045929500668268,666.0,576.0,1242.0,1.0,0.7334943639291466,928.0,1234.0,0.9935587761674718,0.7471819645732689,911.0,0.6575192096597146,1.0,0.9240121580547113,85.91999999999999,0.06917874396135265,0.09258620689655171,204.71,-118.79,0.4892834138486313,0.61,0.04300580413134553,0.28421900161030594,0.7035148398901815,0.661878453038674,0.0416363868515075
xgboost,-0.03,1.0,0.0,1242.0,1.0,0.7492492492492493,0.7152777777777778,0.7322635135135136,0.7334943639291466,0.7334943639291466,0.5362318840579711,0.463768115942029,0.5793880837359099,0.4314090177133656,1242.0,666.0,576.0,0.7925585539117999,0.1880518726271942,0.5602134885564686,0.46698872785829315,0.5162418387450337,0.9045929500668268,666.0,576.0,1242.0,1.0,0.7334943639291466,925.0,1226.0,0.9871175523349437,0.7447665056360708,911.0,0.6564215148188803,1.0,0.9235474006116208,86.4,0.06956521739130435,0.09340540540540541,204.47,-118.07000000000001,0.48720611916264084,0.61,0.04300580413134553,0.28421900161030594,0.7062946880431545,0.6651835372636262,0.041111150779528316
xgboost,-0.025,1.0,0.0,1242.0,1.0,0.7492492492492493,0.7152777777777778,0.7322635135135136,0.7334943639291466,0.7334943639291466,0.5362318840579711,0.463768115942029,0.5793880837359099,0.4314090177133656,1242.0,666.0,576.0,0.7925585539117999,0.1880518726271942,0.5602134885564686,0.46698872785829315,0.5162418387450337,0.9045929500668268,666.0,576.0,1242.0,1.0,0.7334943639291466,911.0,1205.0,0.9702093397745571,0.7334943639291466,911.0,0.6509330406147091,1.0,0.9213836477987422,85.19,0.06859098228663446,0.09351262349066959,202.51999999999998,-117.33000000000001,0.4836151368760065,0.61,0.04300580413134553,0.28421900161030594,0.7110264366106765,0.6685456595264938,0.04248077708418274
xgboost,-0.02,1.0,0.0,1242.0,1.0,0.7492492492492493,0.7152777777777778,0.7322635135135136,0.7334943639291466,0.7334943639291466,0.5362318840579711,0.463768115942029,0.5793880837359099,0.4314090177133656,1242.0,666.0,576.0,0.7925585539117999,0.1880518726271942,0.5602134885564686,0.46698872785829315,0.5162418387450337,0.9045929500668268,666.0,576.0,1242.0,1.0,0.7334943639291466,868.0,1139.0,0.9170692431561996,0.6988727858293076,911.0,0.6421514818880352,1.0,0.9293286219081273,86.62,0.06974235104669887,0.09979262672811061,198.89999999999998,-112.28,0.47475040257648954,0.61,0.04300580413134553,0.28421900161030594,0.7296468063619936,0.6834112149532711,0.046235591408722576
xgboost,-0.015,1.0,0.0,1242.0,1.0,0.7492492492492493,0.7152777777777778,0.7322635135135136,0.7334943639291466,0.7334943639291466,0.5362318840579711,0.463768115942029,0.5793880837359099,0.4314090177133656,1242.0,666.0,576.0,0.7925585539117999,0.1880518726271942,0.5602134885564686,0.46698872785829315,0.5162418387450337,0.9045929500668268,666.0,576.0,1242.0,1.0,0.7334943639291466,825.0,1056.0,0.8502415458937198,0.6642512077294686,911.0,0.6333699231613611,1.0,0.9314516129032258,89.75,0.07226247987117553,0.1087878787878788,196.63,-106.88,0.4627697262479871,0.61,0.04300580413134553,0.28421900161030594,0.7618895500977892,0.7141089108910891,0.04778063920670017
xgboost,-0.01,1.0,0.0,1242.0,1.0,0.7492492492492493,0.7152777777777778,0.7322635135135136,0.7334943639291466,0.7334943639291466,0.5362318840579711,0.463768115942029,0.5793880837359099,0.4314090177133656,1242.0,666.0,576.0,0.7925585539117999,0.1880518726271942,0.5602134885564686,0.46698872785829315,0.5162418387450337,0.9045929500668268,666.0,576.0,1242.0,1.0,0.7334943639291466,792.0,972.0,0.782608695652174,0.6376811594202898,911.0,0.6234906695938529,1.0,0.9330357142857143,90.03,0.07248792270531401,0.11367424242424243,192.47,-102.44,0.4514653784219002,0.61,0.04300580413134553,0.28421900161030594,0.8108104693393328,0.7593582887700535,0.05145218056927925
xgboost,-0.005,1.0,0.0,1242.0,1.0,0.7492492492492493,0.7152777777777778,0.7322635135135136,0.7334943639291466,0.7334943639291466,0.5362318840579711,0.463768115942029,0.5793880837359099,0.4314090177133656,1242.0,666.0,576.0,0.7925585539117999,0.1880518726271942,0.5602134885564686,0.46698872785829315,0.5162418387450337,0.9045929500668268,666.0,576.0,1242.0,1.0,0.7334943639291466,755.0,919.0,0.7399355877616747,0.6078904991948471,911.0,0.6114160263446762,1.0,0.9393939393939394,90.80000000000001,0.07310789049919486,0.12026490066225166,188.57999999999998,-97.78,0.4405716586151369,0.56,0.04300580413134553,0.28421900161030594,0.8259770224909407,0.7725381414701803,0.05343888102076044
xgboost,0.0,1.0,0.0,1242.0,1.0,0.7492492492492493,0.7152777777777778,0.7322635135135136,0.7334943639291466,0.7334943639291466,0.5362318840579711,0.463768115942029,0.5793880837359099,0.4314090177133656,1242.0,666.0,576.0,0.7925585539117999,0.1880518726271942,0.5602134885564686,0.46698872785829315,0.5162418387450337,0.9045929500668268,666.0,576.0,1242.0,1.0,0.7334943639291466,734.0,889.0,0.715780998389694,0.5909822866344605,911.0,0.5971459934138309,1.0,0.9368421052631579,90.11,0.07255233494363929,0.12276566757493187,184.60999999999999,-94.5,0.42821256038647343,0.56,0.04300580413134553,0.28421900161030594,0.8301783595473982,0.7782546494992847,0.05192371004811347
xgboost,0.005,1.0,0.0,1242.0,1.0,0.7492492492492493,0.7152777777777778,0.7322635135135136,0.7334943639291466,0.7334943639291466,0.5362318840579711,0.463768115942029,0.5793880837359099,0.4314090177133656,1242.0,666.0,576.0,0.7925585539117999,0.1880518726271942,0.5602134885564686,0.46698872785829315,0.5162418387450337,0.9045929500668268,666.0,576.0,1242.0,1.0,0.7334943639291466,712.0,859.0,0.6916264090177133,0.573268921095008,911.0,0.5806805708013172,1.0,0.9398907103825137,88.28,0.07107890499194847,0.12398876404494383,179.31,-91.03,0.415450885668277,0.51,0.04300580413134553,0.28421900161030594,0.8349972810794616,0.7825443786982249,0.05245290238123668
xgboost,0.01,1.0,0.0,1242.0,1.0,0.7492492492492493,0.7152777777777778,0.7322635135135136,0.7334943639291466,0.7334943639291466,0.5362318840579711,0.463768115942029,0.5793880837359099,0.4314090177133656,1242.0,666.0,576.0,0.7925585539117999,0.1880518726271942,0.5602134885564686,0.46698872785829315,0.5162418387450337,0.9045929500668268,666.0,576.0,1242.0,1.0,0.7334943639291466,691.0,831.0,0.6690821256038647,0.5563607085346216,911.0,0.5653128430296378,1.0,0.9431818181818182,86.94,0.06999999999999999,0.1258176555716353,174.7,-87.76,0.4025442834138487,0.485,0.04300580413134553,0.28421900161030594,0.8356347724681592,0.7862595419847328,0.0493752304834264
xgboost,0.015,1.0,0.0,1242.0,1.0,0.7492492492492493,0.7152777777777778,0.7322635135135136,0.7334943639291466,0.7334943639291466,0.5362318840579711,0.463768115942029,0.5793880837359099,0.4314090177133656,1242.0,666.0,576.0,0.7925585539117999,0.1880518726271942,0.5602134885564686,0.46698872785829315,0.5162418387450337,0.9045929500668268,666.0,576.0,1242.0,1.0,0.7334943639291466,666.0,798.0,0.642512077294686,0.5362318840579711,911.0,0.5455543358946213,1.0,0.9467455621301775,84.13999999999999,0.06774557165861513,0.12633633633633634,168.53,-84.39,0.38806763285024154,0.46,0.04300580413134553,0.28421900161030594,0.83855455985888,0.7901430842607313,0.048411475598148734
xgboost,0.02,1.0,0.0,1242.0,1.0,0.7492492492492493,0.7152777777777778,0.7322635135135136,0.7334943639291466,0.7334943639291466,0.5362318840579711,0.463768115942029,0.5793880837359099,0.4314090177133656,1242.0,666.0,576.0,0.7925585539117999,0.1880518726271942,0.5602134885564686,0.46698872785829315,0.5162418387450337,0.9045929500668268,666.0,576.0,1242.0,1.0,0.7334943639291466,636.0,763.0,0.6143317230273752,0.5120772946859904,911.0,0.5257958287596048,1.0,0.9490445859872612,84.74,0.06822866344605474,0.1332389937106918,162.95999999999998,-78.22,0.3712399355877617,0.41,0.04300580413134553,0.28421900161030594,0.8395106036326673,0.7904290429042904,0.04908156072837688
xgboost,0.025,1.0,0.0,1242.0,1.0,0.7492492492492493,0.7152777777777778,0.7322635135135136,0.7334943639291466,0.7334943639291466,0.5362318840579711,0.463768115942029,0.5793880837359099,0.4314090177133656,1242.0,666.0,576.0,0.7925585539117999,0.1880518726271942,0.5602134885564686,0.46698872785829315,0.5162418387450337,0.9045929500668268,666.0,576.0,1242.0,1.0,0.7334943639291466,606.0,726.0,0.5845410628019324,0.48792270531400966,911.0,0.4994511525795829,1.0,0.9536423841059603,78.49000000000001,0.06319645732689212,0.12952145214521452,154.89999999999998,-76.41,0.3552012882447665,0.36,0.04300580413134553,0.28421900161030594,0.8427713397015696,0.7913043478260869,0.05146699187548265
xgboost,0.03,1.0,0.0,1242.0,1.0,0.7492492492492493,0.7152777777777778,0.7322635135135136,0.7334943639291466,0.7334943639291466,0.5362318840579711,0.463768115942029,0.5793880837359099,0.4314090177133656,1242.0,666.0,576.0,0.7925585539117999,0.1880518726271942,0.5602134885564686,0.46698872785829315,0.5162418387450337,0.9045929500668268,666.0,576.0,1242.0,1.0,0.7334943639291466,567.0,676.0,0.5442834138486312,0.45652173913043476,911.0,0.47530186608122943,1.0,0.9477611940298507,81.88,0.06592592592592592,0.14440917107583773,149.12,-67.24,0.3300805152979066,0.31,0.04300580413134553,0.28421900161030594,0.8440565146313382,0.7988929889298892,0.04516352570144899
xgboost,0.035,1.0,0.0,1242.0,1.0,0.7492492492492493,0.7152777777777778,0.7322635135135136,0.7334943639291466,0.7334943639291466,0.5362318840579711,0.463768115942029,0.5793880837359099,0.4314090177133656,1242.0,666.0,576.0,0.7925585539117999,0.1880518726271942,0.5602134885564686,0.46698872785829315,0.5162418387450337,0.9045929500668268,666.0,576.0,1242.0,1.0,0.7334943639291466,536.0,642.0,0.5169082125603864,0.43156199677938806,911.0,0.4522502744237102,1.0,0.9435483870967742,79.74000000000001,0.06420289855072464,0.14876865671641792,142.23,-62.49,0.3135829307568438,0.21,0.04300580413134553,0.28421900161030594,0.8424981321031982,0.7953667953667953,0.04713133673640291
xgboost,0.04,1.0,0.0,1242.0,1.0,0.7492492492492493,0.7152777777777778,0.7322635135135136,0.7334943639291466,0.7334943639291466,0.5362318840579711,0.463768115942029,0.5793880837359099,0.4314090177133656,1242.0,666.0,576.0,0.7925585539117999,0.1880518726271942,0.5602134885564686,0.46698872785829315,0.5162418387450337,0.9045929500668268,666.0,576.0,1242.0,1.0,0.7334943639291466,486.0,585.0,0.47101449275362317,0.391304347826087,911.0,0.4105378704720088,1.0,0.9375,73.24000000000001,0.0589694041867955,0.15069958847736628,128.81,-55.56999999999999,0.28530595813204507,0.0,0.04300580413134553,0.28421900161030594,0.8429592798048547,0.7906976744186046,0.05226160538625013
xgboost,0.045,1.0,0.0,1242.0,1.0,0.7492492492492493,0.7152777777777778,0.7322635135135136,0.7334943639291466,0.7334943639291466,0.5362318840579711,0.463768115942029,0.5793880837359099,0.4314090177133656,1242.0,666.0,576.0,0.7925585539117999,0.1880518726271942,0.5602134885564686,0.46698872785829315,0.5162418387450337,0.9045929500668268,666.0,576.0,1242.0,1.0,0.7334943639291466,458.0,551.0,0.44363929146537845,0.3687600644122383,911.0,0.3907793633369923,1.0,0.9411764705882353,72.52,0.05838969404186795,0.1583406113537118,123.04,-50.52,0.26981481481481484,0.0,0.04300580413134553,0.28421900161030594,0.8455998449853905,0.7928730512249443,0.0527267937604462
xgboost,0.05,1.0,0.0,1242.0,1.0,0.7492492492492493,0.7152777777777778,0.7322635135135136,0.7334943639291466,0.7334943639291466,0.5362318840579711,0.463768115942029,0.5793880837359099,0.4314090177133656,1242.0,666.0,576.0,0.7925585539117999,0.1880518726271942,0.5602134885564686,0.46698872785829315,0.5162418387450337,0.9045929500668268,666.0,576.0,1242.0,1.0,0.7334943639291466,430.0,517.0,0.41626409017713367,0.3462157809983897,911.0,0.36553238199780463,1.0,0.9381443298969072,68.80000000000001,0.05539452495974236,0.16,116.87,-48.07000000000001,0.25134460547504023,0.0,0.04300580413134553,0.28421900161030594,0.8414321567685831,0.7928571428571428,0.04857501391144026
xgboost,0.055,1.0,0.0,1242.0,1.0,0.7492492492492493,0.7152777777777778,0.7322635135135136,0.7334943639291466,0.7334943639291466,0.5362318840579711,0.463768115942029,0.5793880837359099,0.4314090177133656,1242.0,666.0,576.0,0.7925585539117999,0.1880518726271942,0.5602134885564686,0.46698872785829315,0.5162418387450337,0.9045929500668268,666.0,576.0,1242.0,1.0,0.7334943639291466,398.0,480.0,0.3864734299516908,0.32045088566827695,911.0,0.3391877058177827,1.0,0.9438202247191011,63.92,0.05146537842190016,0.1606030150753769,108.30999999999999,-44.39,0.23373590982286635,0.0,0.04300580413134553,0.28421900161030594,0.8412930135760466,0.7902813299232737,0.051011683652772866
xgboost,0.06,1.0,0.0,1242.0,1.0,0.7492492492492493,0.7152777777777778,0.7322635135135136,0.7334943639291466,0.7334943639291466,0.5362318840579711,0.463768115942029,0.5793880837359099,0.4314090177133656,1242.0,666.0,576.0,0.7925585539117999,0.1880518726271942,0.5602134885564686,0.46698872785829315,0.5162418387450337,0.9045929500668268,666.0,576.0,1242.0,1.0,0.7334943639291466,364.0,442.0,0.355877616747182,0.29307568438003223,911.0,0.30735455543358947,1.0,0.9404761904761905,58.06,0.046747181964573274,0.1595054945054945,99.45,-41.39,0.2128180354267311,0.0,0.04300580413134553,0.28421900161030594,0.8367072413337298,0.7821229050279329,0.05458433630579684
xgboost,0.065,1.0,0.0,1242.0,1.0,0.7492492492492493,0.7152777777777778,0.7322635135135136,0.7334943639291466,0.7334943639291466,0.5362318840579711,0.463768115942029,0.5793880837359099,0.4314090177133656,1242.0,666.0,576.0,0.7925585539117999,0.1880518726271942,0.5602134885564686,0.46698872785829315,0.5162418387450337,0.9045929500668268,666.0,576.0,1242.0,1.0,0.7334943639291466,333.0,406.0,0.32689210950080516,0.26811594202898553,911.0,0.2843029637760702,1.0,0.9324324324324325,57.22,0.04607085346215781,0.17183183183183184,93.06,-35.84,0.1951771336553945,0.0,0.04300580413134553,0.28421900161030594,0.8355098518890789,0.7801204819277109,0.05538936996136801
xgboost,0.07,1.0,0.0,1242.0,1.0,0.7492492492492493,0.7152777777777778,0.7322635135135136,0.7334943639291466,0.7334943639291466,0.5362318840579711,0.463768115942029,0.5793880837359099,0.4314090177133656,1242.0,666.0,576.0,0.7925585539117999,0.1880518726271942,0.5602134885564686,0.46698872785829315,0.5162418387450337,0.9045929500668268,666.0,576.0,1242.0,1.0,0.7334943639291466,311.0,374.0,0.30112721417069244,0.250402576489533,911.0,0.265642151481888,1.0,0.927536231884058,55.489999999999995,0.044677938808373584,0.17842443729903537,88.28,-32.79,0.1771256038647343,0.0,0.04300580413134553,0.28421900161030594,0.8325128413126117,0.7934426229508197,0.03907021836179203
xgboost,0.075,1.0,0.0,1242.0,1.0,0.7492492492492493,0.7152777777777778,0.7322635135135136,0.7334943639291466,0.7334943639291466,0.5362318840579711,0.463768115942029,0.5793880837359099,0.4314090177133656,1242.0,666.0,576.0,0.7925585539117999,0.1880518726271942,0.5602134885564686,0.46698872785829315,0.5162418387450337,0.9045929500668268,666.0,576.0,1242.0,1.0,0.7334943639291466,291.0,350.0,0.28180354267310787,0.23429951690821257,911.0,0.24588364434687157,1.0,0.9253731343283582,50.94,0.041014492753623184,0.17505154639175258,82.41,-31.47,0.1638486312399356,0.0,0.04300580413134553,0.28421900161030594,0.8287826881286533,0.7915194346289752,0.03726325349967807
xgboost,0.08,1.0,0.0,1242.0,1.0,0.7492492492492493,0.7152777777777778,0.7322635135135136,0.7334943639291466,0.7334943639291466,0.5362318840579711,0.463768115942029,0.5793880837359099,0.4314090177133656,1242.0,666.0,576.0,0.7925585539117999,0.1880518726271942,0.5602134885564686,0.46698872785829315,0.5162418387450337,0.9045929500668268,666.0,576.0,1242.0,1.0,0.7334943639291466,261.0,316.0,0.25442834138486314,0.21014492753623187,911.0,0.2217343578485181,1.0,0.9152542372881356,47.69,0.03839774557165861,0.18272030651340995,75.58,-27.89,0.1472302737520129,0.0,0.04300580413134553,0.28421900161030594,0.8292653796621797,0.7859922178988327,0.04327316176334706
xgboost,0.085,1.0,0.0,1242.0,1.0,0.7492492492492493,0.7152777777777778,0.7322635135135136,0.7334943639291466,0.7334943639291466,0.5362318840579711,0.463768115942029,0.5793880837359099,0.4314090177133656,1242.0,666.0,576.0,0.7925585539117999,0.1880518726271942,0.5602134885564686,0.46698872785829315,0.5162418387450337,0.9045929500668268,666.0,576.0,1242.0,1.0,0.7334943639291466,223.0,275.0,0.2214170692431562,0.17954911433172302,911.0,0.1877058177826564,1.0,0.9230769230769231,41.120000000000005,0.03310789049919485,0.18439461883408073,64.89,-23.77,0.12620772946859904,0.0,0.04300580413134553,0.28421900161030594,0.8247607195323893,0.7668161434977578,0.057944576034631434
xgboost,0.09,1.0,0.0,1242.0,1.0,0.7492492492492493,0.7152777777777778,0.7322635135135136,0.7334943639291466,0.7334943639291466,0.5362318840579711,0.463768115942029,0.5793880837359099,0.4314090177133656,1242.0,666.0,576.0,0.7925585539117999,0.1880518726271942,0.5602134885564686,0.46698872785829315,0.5162418387450337,0.9045929500668268,666.0,576.0,1242.0,1.0,0.7334943639291466,201.0,246.0,0.19806763285024154,0.16183574879227053,911.0,0.16794731064763996,1.0,0.9375,36.14,0.029098228663446055,0.17980099502487565,58.769999999999996,-22.630000000000003,0.11208534621578098,0.0,0.04300580413134553,0.28421900161030594,0.8217788419940255,0.7727272727272727,0.049051569266752804
xgboost,0.095,1.0,0.0,1242.0,1.0,0.7492492492492493,0.7152777777777778,0.7322635135135136,0.7334943639291466,0.7334943639291466,0.5362318840579711,0.463768115942029,0.5793880837359099,0.4314090177133656,1242.0,666.0,576.0,0.7925585539117999,0.1880518726271942,0.5602134885564686,0.46698872785829315,0.5162418387450337,0.9045929500668268,666.0,576.0,1242.0,1.0,0.7334943639291466,178.0,218.0,0.17552334943639292,0.143317230273752,911.0,0.14928649835345773,1.0,0.9285714285714286,32.12,0.025861513687600642,0.1804494382022472,52.34,-20.22,0.09966183574879227,0.0,0.04300580413134553,0.28421900161030594,0.8273839813403108,0.7727272727272727,0.05465670861303806
xgboost,0.1,1.0,0.0,1242.0,1.0,0.7492492492492493,0.7152777777777778,0.7322635135135136,0.7334943639291466,0.7334943639291466,0.5362318840579711,0.463768115942029,0.5793880837359099,0.4314090177133656,1242.0,666.0,576.0,0.7925585539117999,0.1880518726271942,0.5602134885564686,0.46698872785829315,0.5162418387450337,0.9045929500668268,666.0,576.0,1242.0,1.0,0.7334943639291466,157.0,192.0,0.15458937198067632,0.12640901771336555,911.0,0.12952799121844127,1.0,0.9230769230769231,27.979999999999997,0.02252818035426731,0.17821656050955417,46.42,-18.439999999999998,0.08624798711755234,0.0,0.04300580413134553,0.28421900161030594,0.8238018753092273,0.7712418300653595,0.052560045243867815
xgboost,0.105,1.0,0.0,1242.0,1.0,0.7492492492492493,0.7152777777777778,0.7322635135135136,0.7334943639291466,0.7334943639291466,0.5362318840579711,0.463768115942029,0.5793880837359099,0.4314090177133656,1242.0,666.0,576.0,0.7925585539117999,0.1880518726271942,0.5602134885564686,0.46698872785829315,0.5162418387450337,0.9045929500668268,666.0,576.0,1242.0,1.0,0.7334943639291466,141.0,172.0,0.13848631239935588,0.11352657004830918,911.0,0.1163556531284303,1.0,0.9428571428571428,26.39,0.021247987117552335,0.18716312056737588,43.04,-16.65,0.07610305958132046,0.0,0.04300580413134553,0.28421900161030594,0.8181672015764417,0.7737226277372263,0.04444457383921541
xgboost,0.11,1.0,0.0,1242.0,1.0,0.7492492492492493,0.7152777777777778,0.7322635135135136,0.7334943639291466,0.7334943639291466,0.5362318840579711,0.463768115942029,0.5793880837359099,0.4314090177133656,1242.0,666.0,576.0,0.7925585539117999,0.1880518726271942,0.5602134885564686,0.46698872785829315,0.5162418387450337,0.9045929500668268,666.0,576.0,1242.0,1.0,0.7334943639291466,114.0,139.0,0.11191626409017713,0.09178743961352658,911.0,0.09659714599341383,1.0,0.9615384615384616,23.86,0.019210950080515297,0.2092982456140351,36.220000000000006,-12.36,0.06110305958132045,0.0,0.04300580413134553,0.28421900161030594,0.8220997249658129,0.7787610619469026,0.043338663018910206
xgboost,0.115,1.0,0.0,1242.0,1.0,0.7492492492492493,0.7152777777777778,0.7322635135135136,0.7334943639291466,0.7334943639291466,0.5362318840579711,0.463768115942029,0.5793880837359099,0.4314090177133656,1242.0,666.0,576.0,0.7925585539117999,0.1880518726271942,0.5602134885564686,0.46698872785829315,0.5162418387450337,0.9045929500668268,666.0,576.0,1242.0,1.0,0.7334943639291466,100.0,122.0,0.09822866344605476,0.08051529790660225,911.0,0.08122941822173436,1.0,0.9615384615384616,19.049999999999997,0.015338164251207728,0.1905,31.410000000000004,-12.36,0.05239130434782608,0.0,0.04300580413134553,0.28421900161030594,0.8161216555163264,0.7708333333333334,0.04528832218299306
xgboost,0.12,1.0,0.0,1242.0,1.0,0.7492492492492493,0.7152777777777778,0.7322635135135136,0.7334943639291466,0.7334943639291466,0.5362318840579711,0.463768115942029,0.5793880837359099,0.4314090177133656,1242.0,666.0,576.0,0.7925585539117999,0.1880518726271942,0.5602134885564686,0.46698872785829315,0.5162418387450337,0.9045929500668268,666.0,576.0,1242.0,1.0,0.7334943639291466,87.0,107.0,0.0861513687600644,0.07004830917874397,911.0,0.07464324917672886,1.0,0.9473684210526315,19.93,0.016046698872785828,0.2290804597701149,29.070000000000004,-9.139999999999999,0.045587761674718195,0.0,0.04300580413134553,0.28421900161030594,0.8115359372036024,0.7727272727272727,0.03880866447632969
xgboost,0.125,1.0,0.0,1242.0,1.0,0.7492492492492493,0.7152777777777778,0.7322635135135136,0.7334943639291466,0.7334943639291466,0.5362318840579711,0.463768115942029,0.5793880837359099,0.4314090177133656,1242.0,666.0,576.0,0.7925585539117999,0.1880518726271942,0.5602134885564686,0.46698872785829315,0.5162418387450337,0.9045929500668268,666.0,576.0,1242.0,1.0,0.7334943639291466,73.0,92.0,0.07407407407407407,0.05877616747181964,911.0,0.06476399560922064,1.0,0.9285714285714286,19.52,0.01571658615136876,0.26739726027397265,26.060000000000002,-6.54,0.038462157809983896,0.0,0.04300580413134553,0.28421900161030594,0.8095264736658487,0.7564102564102564,0.053116217255592346
xgboost,0.13,1.0,0.0,1242.0,1.0,0.7492492492492493,0.7152777777777778,0.7322635135135136,0.7334943639291466,0.7334943639291466,0.5362318840579711,0.463768115942029,0.5793880837359099,0.4314090177133656,1242.0,666.0,576.0,0.7925585539117999,0.1880518726271942,0.5602134885564686,0.46698872785829315,0.5162418387450337,0.9045929500668268,666.0,576.0,1242.0,1.0,0.7334943639291466,63.0,81.0,0.06521739130434782,0.050724637681159424,911.0,0.054884742041712405,1.0,0.9230769230769231,15.970000000000002,0.012858293075684382,0.2534920634920635,21.9,-5.93,0.0334621578099839,0.0,0.04300580413134553,0.28421900161030594,0.8115965789731812,0.7352941176470589,0.07630246132612228
xgboost,0.135,1.0,0.0,1242.0,1.0,0.7492492492492493,0.7152777777777778,0.7322635135135136,0.7334943639291466,0.7334943639291466,0.5362318840579711,0.463768115942029,0.5793880837359099,0.4314090177133656,1242.0,666.0,576.0,0.7925585539117999,0.1880518726271942,0.5602134885564686,0.46698872785829315,0.5162418387450337,0.9045929500668268,666.0,576.0,1242.0,1.0,0.7334943639291466,46.0,62.0,0.0499194847020934,0.037037037037037035,911.0,0.038419319429198684,1.0,0.9090909090909091,11.190000000000001,0.009009661835748793,0.24326086956521742,16.25,-5.0600000000000005,0.024492753623188403,0.0,0.04300580413134553,0.28421900161030594,0.7911206851987278,0.6862745098039216,0.10484617539480623
xgboost,0.14,1.0,0.0,1242.0,1.0,0.7492492492492493,0.7152777777777778,0.7322635135135136,0.7334943639291466,0.7334943639291466,0.5362318840579711,0.463768115942029,0.5793880837359099,0.4314090177133656,1242.0,666.0,576.0,0.7925585539117999,0.1880518726271942,0.5602134885564686,0.46698872785829315,0.5162418387450337,0.9045929500668268,666.0,576.0,1242.0,1.0,0.7334943639291466,37.0,51.0,0.04106280193236715,0.029790660225442835,911.0,0.030735455543358946,1.0,0.8888888888888888,9.03,0.007270531400966183,0.24405405405405403,13.12,-4.09,0.01973429951690821,0.0,0.04300580413134553,0.28421900161030594,0.7764949152866999,0.6666666666666666,0.10982824862003326
xgboost,0.145,1.0,0.0,1242.0,1.0,0.7492492492492493,0.7152777777777778,0.7322635135135136,0.7334943639291466,0.7334943639291466,0.5362318840579711,0.463768115942029,0.5793880837359099,0.4314090177133656,1242.0,666.0,576.0,0.7925585539117999,0.1880518726271942,0.5602134885564686,0.46698872785829315,0.5162418387450337,0.9045929500668268,666.0,576.0,1242.0,1.0,0.7334943639291466,34.0,47.0,0.03784219001610306,0.027375201288244767,911.0,0.029637760702524697,1.0,1.0,9.36,0.007536231884057971,0.27529411764705886,12.58,-3.2199999999999998,0.018454106280193235,0.0,0.04300580413134553,0.28421900161030594,0.7796033285558224,0.675,0.10460332855582233
xgboost,0.15,1.0,0.0,1242.0,1.0,0.7492492492492493,0.7152777777777778,0.7322635135135136,0.7334943639291466,0.7334943639291466,0.5362318840579711,0.463768115942029,0.5793880837359099,0.4314090177133656,1242.0,666.0,576.0,0.7925585539117999,0.1880518726271942,0.5602134885564686,0.46698872785829315,0.5162418387450337,0.9045929500668268,666.0,576.0,1242.0,1.0,0.7334943639291466,28.0,36.0,0.028985507246376812,0.02254428341384863,911.0,0.026344676180021953,1.0,1.0,9.669999999999998,0.007785829307568436,0.3453571428571429,11.309999999999999,-1.64,0.01401771336553945,0.0,0.04300580413134553,0.28421900161030594,0.7902133911848068,0.75,0.040213391184806824
xgboost,0.155,1.0,0.0,1242.0,1.0,0.7492492492492493,0.7152777777777778,0.7322635135135136,0.7334943639291466,0.7334943639291466,0.5362318840579711,0.463768115942029,0.5793880837359099,0.4314090177133656,1242.0,666.0,576.0,0.7925585539117999,0.1880518726271942,0.5602134885564686,0.46698872785829315,0.5162418387450337,0.9045929500668268,666.0,576.0,1242.0,1.0,0.7334943639291466,23.0,30.0,0.024154589371980676,0.018518518518518517,911.0,0.021953896816684963,1.0,1.0,8.52,0.0068599033816425115,0.3704347826086956,10.0,-1.48,0.011312399355877616,0.0,0.04300580413134553,0.28421900161030594,0.7706677185164558,0.7407407407407407,0.02992697777571507
xgboost,0.16,1.0,0.0,1242.0,1.0,0.7492492492492493,0.7152777777777778,0.7322635135135136,0.7334943639291466,0.7334943639291466,0.5362318840579711,0.463768115942029,0.5793880837359099,0.4314090177133656,1242.0,666.0,576.0,0.7925585539117999,0.1880518726271942,0.5602134885564686,0.46698872785829315,0.5162418387450337,0.9045929500668268,666.0,576.0,1242.0,1.0,0.7334943639291466,21.0,28.0,0.02254428341384863,0.016908212560386472,911.0,0.020856201975850714,1.0,1.0,8.29,0.006674718196457327,0.3947619047619047,9.36,-1.07,0.01069243156199678,0.0,0.04300580413134553,0.28421900161030594,0.7768201140257028,0.7307692307692307,0.04605088325647211
xgboost,0.165,1.0,0.0,1242.0,1.0,0.7492492492492493,0.7152777777777778,0.7322635135135136,0.7334943639291466,0.7334943639291466,0.5362318840579711,0.463768115942029,0.5793880837359099,0.4314090177133656,1242.0,666.0,576.0,0.7925585539117999,0.1880518726271942,0.5602134885564686,0.46698872785829315,0.5162418387450337,0.9045929500668268,666.0,576.0,1242.0,1.0,0.7334943639291466,19.0,25.0,0.020128824476650563,0.015297906602254429,911.0,0.018660812294182216,1.0,1.0,7.46,0.006006441223832528,0.3926315789473684,8.53,-1.07,0.009460547504025767,0.0,0.04300580413134553,0.28421900161030594,0.772401019282963,0.7391304347826086,0.03327058450035436
xgboost,0.17,1.0,0.0,1242.0,1.0,0.7492492492492493,0.7152777777777778,0.7322635135135136,0.7334943639291466,0.7334943639291466,0.5362318840579711,0.463768115942029,0.5793880837359099,0.4314090177133656,1242.0,666.0,576.0,0.7925585539117999,0.1880518726271942,0.5602134885564686,0.46698872785829315,0.5162418387450337,0.9045929500668268,666.0,576.0,1242.0,1.0,0.7334943639291466,16.0,21.0,0.016908212560386472,0.01288244766505636,911.0,0.015367727771679473,1.0,1.0,6.49,0.005225442834138487,0.405625,7.5600000000000005,-1.07,0.007616747181964574,0.0,0.04300580413134553,0.28421900161030594,0.7613699875379863,0.7368421052631579,0.024527882274828494
xgboost,0.175,1.0,0.0,1242.0,1.0,0.7492492492492493,0.7152777777777778,0.7322635135135136,0.7334943639291466,0.7334943639291466,0.5362318840579711,0.463768115942029,0.5793880837359099,0.4314090177133656,1242.0,666.0,576.0,0.7925585539117999,0.1880518726271942,0.5602134885564686,0.46698872785829315,0.5162418387450337,0.9045929500668268,666.0,576.0,1242.0,1.0,0.7334943639291466,14.0,17.0,0.013687600644122383,0.011272141706924315,911.0,0.013172338090010977,1.0,1.0,5.460000000000001,0.004396135265700484,0.38999999999999996,6.53,-1.07,0.0061755233494363935,0.0,0.04300580413134553,0.28421900161030594,0.7499072949091593,0.8,-0.05009270509084074
xgboost,0.18,1.0,0.0,1242.0,1.0,0.7492492492492493,0.7152777777777778,0.7322635135135136,0.7334943639291466,0.7334943639291466,0.5362318840579711,0.463768115942029,0.5793880837359099,0.4314090177133656,1242.0,666.0,576.0,0.7925585539117999,0.1880518726271942,0.5602134885564686,0.46698872785829315,0.5162418387450337,0.9045929500668268,666.0,576.0,1242.0,1.0,0.7334943639291466,12.0,15.0,0.012077294685990338,0.00966183574879227,911.0,0.010976948408342482,1.0,1.0,4.28,0.0034460547504025765,0.3566666666666667,5.3500000000000005,-1.07,0.005515297906602255,0.0,0.04300580413134553,0.28421900161030594,0.7575317529531626,0.7692307692307693,-0.011699016277606722
xgboost,0.185,1.0,0.0,1242.0,1.0,0.7492492492492493,0.7152777777777778,0.7322635135135136,0.7334943639291466,0.7334943639291466,0.5362318840579711,0.463768115942029,0.5793880837359099,0.4314090177133656,1242.0,666.0,576.0,0.7925585539117999,0.1880518726271942,0.5602134885564686,0.46698872785829315,0.5162418387450337,0.9045929500668268,666.0,576.0,1242.0,1.0,0.7334943639291466,11.0,14.0,0.011272141706924315,0.008856682769726247,911.0,0.010976948408342482,1.0,1.0,4.890000000000001,0.003937198067632851,0.4445454545454546,5.3500000000000005,-0.46,0.005024154589371981,0.0,0.04300580413134553,0.28421900161030594,0.7575317529531626,0.7692307692307693,-0.011699016277606722
xgboost,0.19,1.0,0.0,1242.0,1.0,0.7492492492492493,0.7152777777777778,0.7322635135135136,0.7334943639291466,0.7334943639291466,0.5362318840579711,0.463768115942029,0.5793880837359099,0.4314090177133656,1242.0,666.0,576.0,0.7925585539117999,0.1880518726271942,0.5602134885564686,0.46698872785829315,0.5162418387450337,0.9045929500668268,666.0,576.0,1242.0,1.0,0.7334943639291466,8.0,11.0,0.008856682769726247,0.00644122383252818,911.0,0.007683863885839737,1.0,1.0,3.12,0.0025120772946859906,0.39,3.58,-0.46,0.004033816425120773,0.0,0.04300580413134553,0.28421900161030594,0.7491912007331848,0.7,0.04919120073318484
xgboost,0.195,1.0,0.0,1242.0,1.0,0.7492492492492493,0.7152777777777778,0.7322635135135136,0.7334943639291466,0.7334943639291466,0.5362318840579711,0.463768115942029,0.5793880837359099,0.4314090177133656,1242.0,666.0,576.0,0.7925585539117999,0.1880518726271942,0.5602134885564686,0.46698872785829315,0.5162418387450337,0.9045929500668268,666.0,576.0,1242.0,1.0,0.7334943639291466,8.0,10.0,0.008051529790660225,0.00644122383252818,911.0,0.007683863885839737,1.0,1.0,3.12,0.0025120772946859906,0.39,3.58,-0.46,0.0037439613526570052,0.0,0.04300580413134553,0.28421900161030594,0.7642861803372701,0.7777777777777778,-0.013491597440507652
xgboost,0.2,1.0,0.0,1242.0,1.0,0.7492492492492493,0.7152777777777778,0.7322635135135136,0.7334943639291466,0.7334943639291466,0.5362318840579711,0.463768115942029,0.5793880837359099,0.4314090177133656,1242.0,666.0,576.0,0.7925585539117999,0.1880518726271942,0.5602134885564686,0.46698872785829315,0.5162418387450337,0.9045929500668268,666.0,576.0,1242.0,1.0,0.7334943639291466,7.0,8.0,0.00644122383252818,0.005636070853462158,911.0,0.006586169045005488,1.0,1.0,2.58,0.0020772946859903382,0.3685714285714286,3.04,-0.46,0.0030032206119162646,0.0,0.04300580413134553,0.28421900161030594,0.7673365984644208,0.8571428571428571,-0.08980625867843628
