override_threshold,max_base_confidence,min_first_minute_abs_return,min_follow_reversal_probability,low_risk_filter_threshold,low_follow_filter_threshold,max_continuation_risk,max_continuation_follow_reversal,include_abstains,sample_count,coverage,precision_up,precision_down,balanced_precision,all_sample_accuracy,accepted_sample_accuracy,share_up_predictions,share_down_predictions,selected_t_up,selected_t_down,accepted_count,up_prediction_count,down_prediction_count,roc_auc,brier_score,log_loss,utility,downside_risk,selection_score,up_signal_count,down_signal_count,total_signal_count,signal_coverage,overall_signal_accuracy,continuation_sample_count,continuation_coverage,continuation_accepted_accuracy,continuation_accepted_count,reversal_sample_count,reversal_coverage,reversal_accepted_accuracy,reversal_accepted_count
0.4,0.15,0.0,0.0,0.5,0.45,0.5,0.55,False,7468.0,0.6863952865559722,0.625837676842889,0.6012295081967213,0.6135335925198051,0.6491697911087306,0.6141240733515412,0.5239953179867343,0.4760046820132657,0.4,0.5,5126.0,2686.0,2440.0,0.7063832148945653,0.21882884066514852,0.6269735220696954,0.15666845206213179,0.5146488290542592,0.3044181648096479,2686.0,2440.0,5126.0,0.6863952865559722,0.6141240733515412,4825.0,0.7015544041450777,0.6493353028064993,3385.0,2643.0,0.6587211502080969,0.5456634118322803,1741.0
0.4,0.15,0.0,0.0,0.5,0.45,0.5,0.55,True,7468.0,0.734467059453669,0.6171526586620927,0.5953307392996109,0.6062416989808518,0.6491697911087306,0.6069279854147676,0.5314494074749316,0.46855059252506837,0.4,0.5,5485.0,2915.0,2570.0,0.7063832148945653,0.21882884066514852,0.6269735220696954,0.15707016604177826,0.5373066598376995,0.2923287161361881,2915.0,2570.0,5485.0,0.734467059453669,0.6069279854147676,4825.0,0.7384455958549223,0.6168958742632613,3563.0,2643.0,0.7272039349224366,0.5884495317377731,1922.0
0.4,0.15,0.0,0.0,0.5,0.45,0.5,0.65,False,7468.0,0.7070166041778254,0.6260775862068966,0.6017628205128205,0.6139202033598585,0.6491697911087306,0.6145833333333334,0.5272727272727272,0.4727272727272727,0.4,0.5,5280.0,2784.0,2496.0,0.7063832148945653,0.21882884066514852,0.6269735220696954,0.16202463845741838,0.5220114777092584,0.31038520296226185,2784.0,2496.0,5280.0,0.7070166041778254,0.6145833333333334,4825.0,0.7216580310880829,0.6591039632395175,3482.0,2643.0,0.6802875520242149,0.5283648498331479,1798.0
0.4,0.15,0.0,0.0,0.5,0.45,0.5,0.65,True,7468.0,0.7550883770755222,0.6176568204447395,0.595963442498096,0.6068101314714177,0.6491697911087306,0.6075545309452031,0.5343145947863096,0.4656854052136904,0.4,0.5,5639.0,3013.0,2626.0,0.7063832148945653,0.21882884066514852,0.6269735220696954,0.16242635243706482,0.5443629417210807,0.29837878369076865,3013.0,2626.0,5639.0,0.7550883770755222,0.6075545309452031,4825.0,0.7585492227979275,0.6270491803278688,3660.0,2643.0,0.7487703367385546,0.5715007579585649,1979.0
0.4,0.15,0.0,0.0,0.5,0.45,0.5,1.0,False,7468.0,0.7106320299946438,0.6255805644873169,0.60207336523126,0.6138269648592884,0.6491697911087306,0.614471452798191,0.5274166195590729,0.47258338044092707,0.4,0.5,5307.0,2799.0,2508.0,0.7063832148945653,0.21882884066514852,0.6269735220696954,0.1626941617568291,0.5234204181333657,0.310828840680371,2799.0,2508.0,5307.0,0.7106320299946438,0.614471452798191,4825.0,0.7249740932642487,0.6606632361349343,3498.0,2643.0,0.684449489216799,0.5251520176893312,1809.0
0.4,0.15,0.0,0.0,0.5,0.45,0.5,1.0,True,7468.0,0.7587038028923406,0.6172391017173051,0.5962850644427596,0.6067620830800324,0.6491697911087306,0.6074832333215673,0.5344158136251324,0.46558418637486765,0.4,0.5,5666.0,3028.0,2638.0,0.7063832148945653,0.21882884066514852,0.6269735220696954,0.1630958757364757,0.5457141775489551,0.29886684723679297,3028.0,2638.0,5666.0,0.7587038028923406,0.6074832333215673,4825.0,0.7618652849740932,0.6286724700761698,3676.0,2643.0,0.7529322739311388,0.5683417085427136,1990.0
0.4,0.15,0.0,0.0,0.5,0.45,0.55,0.55,False,7468.0,0.775307980717729,0.6291913214990138,0.6109898107714702,0.620090566135242,0.6491697911087306,0.620552677029361,0.5253886010362694,0.47461139896373056,0.4,0.5,5790.0,3042.0,2748.0,0.7063832148945653,0.21882884066514852,0.6269735220696954,0.18693090519550087,0.5423914986069693,0.34464202642482006,3042.0,2748.0,5790.0,0.775307980717729,0.620552677029361,4825.0,0.7937823834196891,0.6900783289817233,3830.0,2643.0,0.741581536133182,0.4846938775510204,1960.0
0.4,0.15,0.0,0.0,0.5,0.45,0.55,0.55,True,7468.0,0.8233797536154258,0.6212167532864568,0.6052814454482279,0.6132490993673423,0.6491697911087306,0.6137583346885672,0.5319564156773459,0.4680435843226541,0.4,0.5,6149.0,3271.0,2878.0,0.7063832148945653,0.21882884066514852,0.6269735220696954,0.18733261917514726,0.5639357828867922,0.3321878569509988,3271.0,2878.0,6149.0,0.8233797536154258,0.6137583346885672,4825.0,0.8306735751295337,0.6594311377245509,4008.0,2643.0,0.8100643208475218,0.5282578234469874,2141.0
0.4,0.15,0.0,0.0,0.5,0.45,0.55,0.65,False,7468.0,0.7971344402785216,0.6295353278166773,0.6111704019921737,0.6203528649044254,0.6491697911087306,0.6208634302032588,0.5278011086846968,0.4721988913153032,0.4,0.5,5953.0,3142.0,2811.0,0.7063832148945653,0.21882884066514852,0.6269735220696954,0.19268880557043383,0.5497479580262613,0.3505039041204208,3142.0,2811.0,5953.0,0.7971344402785216,0.6208634302032588,4825.0,0.8151295336787565,0.6981947622679888,3933.0,2643.0,0.7642830117290957,0.47029702970297027,2020.0
0.4,0.15,0.0,0.0,0.5,0.45,0.55,0.65,True,7468.0,0.8452062131762186,0.6217739543162266,0.6055763345800748,0.6136751444481507,0.6491697911087306,0.6142268694550064,0.5340621039290241,0.4659378960709759,0.4,0.5,6312.0,3371.0,2941.0,0.7063832148945653,0.21882884066514852,0.6269735220696954,0.19309051955008041,0.571014751834897,0.338153294515779,3371.0,2941.0,6312.0,0.8452062131762186,0.6142268694550064,4825.0,0.8520207253886011,0.6679639990270008,4111.0,2643.0,0.8327657964434355,0.5138573375738301,2201.0
0.4,0.15,0.0,0.0,0.5,0.45,0.55,1.0,False,7468.0,0.8007498660953402,0.6290782388343364,0.6114063053489196,0.6202422720916281,0.6491697911087306,0.6207357859531772,0.5279264214046823,0.47207357859531773,0.4,0.5,5980.0,3157.0,2823.0,0.7063832148945653,0.21882884066514852,0.6269735220696954,0.19335832886984466,0.5510859902163616,0.3508677997673836,3157.0,2823.0,5980.0,0.8007498660953402,0.6207357859531772,4825.0,0.8184455958549223,0.6994175740693847,3949.0,2643.0,0.7684449489216799,0.46774987690792713,2031.0
0.4,0.15,0.0,0.0,0.5,0.45,0.55,1.0,True,7468.0,0.848821638993037,0.6213821618428824,0.6058245851676262,0.6136033735052543,0.6491697911087306,0.6141347215649156,0.5341536519955828,0.4658463480044171,0.4,0.5,6339.0,3386.0,2953.0,0.7063832148945653,0.21882884066514852,0.6269735220696954,0.19376004284949108,0.5723030648806391,0.33856195211867707,3386.0,2953.0,6339.0,0.848821638993037,0.6141347215649156,4825.0,0.8553367875647668,0.6692512721104918,4127.0,2643.0,0.8369277336360197,0.5113019891500904,2212.0
0.4,0.15,0.0,0.0,0.5,0.45,0.6,0.55,False,7468.0,0.835698982324585,0.6336874051593323,0.6116768499660556,0.6226821275626939,0.6491697911087306,0.6232975484697965,0.5279602627784009,0.4720397372215991,0.4,0.5,6241.0,3295.0,2946.0,0.7063832148945653,0.21882884066514852,0.6269735220696954,0.20607927155865016,0.5610791881570438,0.3672908849739217,3295.0,2946.0,6241.0,0.835698982324585,0.6232975484697965,4825.0,0.8553367875647668,0.7123818754543252,4127.0,2643.0,0.7998486568293606,0.44938505203405865,2114.0
0.4,0.15,0.0,0.0,0.5,0.45,0.6,0.55,True,7468.0,0.8837707552222818,0.6259931895573212,0.6063068920676203,0.6161500408124707,0.6491697911087306,0.6168181818181818,0.5339393939393939,0.46606060606060606,0.4,0.5,6600.0,3524.0,3076.0,0.7063832148945653,0.21882884066514852,0.6269735220696954,0.20648098553829675,0.5819320276819214,0.3548197653956199,3524.0,3076.0,6600.0,0.8837707552222818,0.6168181818181818,4825.0,0.8922279792746114,0.6829268292682927,4305.0,2643.0,0.8683314415437003,0.4928104575163399,2295.0
0.4,0.15,0.0,0.0,0.5,0.45,0.6,0.65,False,7468.0,0.8576593465452598,0.6339811542991755,0.611831173147225,0.6229061637232003,0.6491697911087306,0.623575331772053,0.5302107728337236,0.46978922716627636,0.4,0.5,6405.0,3396.0,3009.0,0.7063832148945653,0.21882884066514852,0.6269735220696954,0.21197107659346537,0.5681937477444619,0.37306126199895595,3396.0,3009.0,6405.0,0.8576593465452598,0.623575331772053,4825.0,0.8768911917098445,0.7194516662727488,4231.0,2643.0,0.8225501324252743,0.43698252069917204,2174.0
0.4,0.15,0.0,0.0,0.5,0.45,0.6,0.65,True,7468.0,0.9057311194429566,0.6264827586206897,0.606562599553998,0.6165226790873439,0.6491697911087306,0.6172383205204022,0.5359254878769959,0.46407451212300416,0.4,0.5,6764.0,3625.0,3139.0,0.7063832148945653,0.21882884066514852,0.6269735220696954,0.212372790573112,0.5887946708615172,0.3606907485462984,3625.0,3139.0,6764.0,0.9057311194429566,0.6172383205204022,4825.0,0.9137823834196891,0.6904059877523248,4409.0,2643.0,0.8910329171396141,0.4802547770700637,2355.0
0.4,0.15,0.0,0.0,0.5,0.45,0.6,1.0,False,7468.0,0.8612747723620782,0.6335385517443565,0.6120489904005296,0.622793771072443,0.6491697911087306,0.6234452736318408,0.5303171641791045,0.46968283582089554,0.4,0.5,6432.0,3411.0,3021.0,0.7063832148945653,0.21882884066514852,0.6269735220696954,0.2126405998928762,0.5694884425821133,0.37338878894318567,3411.0,3021.0,6432.0,0.8612747723620782,0.6234452736318408,4825.0,0.8802072538860104,0.7205085943018601,4247.0,2643.0,0.8267120696178585,0.43478260869565216,2185.0
0.4,0.15,0.0,0.0,0.5,0.45,0.6,1.0,True,7468.0,0.909346545259775,0.6260989010989011,0.6067914947635671,0.6164451979312341,0.6491697911087306,0.6171403327934031,0.5360035340892357,0.46399646591076427,0.4,0.5,6791.0,3640.0,3151.0,0.7063832148945653,0.21882884066514852,0.6269735220696954,0.21304231387252284,0.5900441641891105,0.36106164047110595,3640.0,3151.0,6791.0,0.909346545259775,0.6171403327934031,4825.0,0.917098445595855,0.6915254237288135,4425.0,2643.0,0.8951948543321983,0.47802197802197804,2366.0
0.4,0.15,0.0,0.0,0.5,0.45,1.0,0.55,False,7468.0,0.8693090519550081,0.6336719883889695,0.6143747948802101,0.6240233916345899,0.6491697911087306,0.624614910659273,0.5306531115218731,0.46934688847812694,0.4,0.5,6492.0,3445.0,3047.0,0.7063832148945653,0.21882884066514852,0.6269735220696954,0.21665773968934127,0.5712492066802661,0.37927009290466596,3445.0,3047.0,6492.0,0.8693090519550081,0.624614910659273,4825.0,0.8895336787564767,0.7234389561975769,4292.0,2643.0,0.8323874385168369,0.4318181818181818,2200.0
0.4,0.15,0.0,0.0,0.5,0.45,1.0,0.55,True,7468.0,0.9173808248527049,0.6262928688078389,0.6090651558073654,0.6176790123076021,0.6491697911087306,0.6183038972412787,0.536272077069041,0.463727922930959,0.4,0.5,6851.0,3674.0,3177.0,0.7063832148945653,0.21882884066514852,0.6269735220696954,0.2170594536689877,0.5917437668381971,0.36681324896547524,3674.0,3177.0,6851.0,0.9173808248527049,0.6183038972412787,4825.0,0.9264248704663213,0.6946308724832215,4470.0,2643.0,0.9008702232311767,0.4750104997900042,2381.0
0.4,0.15,0.0,0.0,0.5,0.45,1.0,0.65,False,7468.0,0.8918050348152116,0.6338782412626832,0.6143958868894601,0.6241370640760717,0.6491697911087306,0.6247747747747747,0.5327327327327327,0.46726726726726725,0.4,0.5,6660.0,3548.0,3112.0,0.7063832148945653,0.21882884066514852,0.6269735220696954,0.2225495447241563,0.5784701764529677,0.384720861650593,3548.0,3112.0,6660.0,0.8918050348152116,0.6247747747747747,4825.0,0.9115025906735751,0.7301045929968167,4398.0,2643.0,0.8558456299659478,0.41998231653404067,2262.0
0.4,0.15,0.0,0.0,0.5,0.45,1.0,0.65,True,7468.0,0.9398768077129084,0.6266878474980143,0.6091918568784701,0.6179398521882422,0.6491697911087306,0.6186066391223821,0.5381108420002849,0.4618891579997151,0.4,0.5,7019.0,3777.0,3242.0,0.7063832148945653,0.21882884066514852,0.6269735220696954,0.22295125870380292,0.5987176083134291,0.3723813290406648,3777.0,3242.0,7019.0,0.9398768077129084,0.6186066391223821,4825.0,0.9483937823834196,0.7017045454545454,4576.0,2643.0,0.9243284146802876,0.4629553827261564,2443.0
0.4,0.15,0.0,0.0,0.5,0.45,1.0,1.0,False,7468.0,0.89542046063203,0.63345495369071,0.614596670934699,0.6240258123127045,0.6491697911087306,0.6246448332585613,0.5328248841034844,0.4671751158965156,0.4,0.5,6687.0,3563.0,3124.0,0.7063832148945653,0.21882884066514852,0.6269735220696954,0.22321906802356714,0.5797419221552219,0.38503178654691417,3563.0,3124.0,6687.0,0.89542046063203,0.6246448332585613,4825.0,0.914818652849741,0.7310829179882193,4414.0,2643.0,0.860007567158532,0.4179498460184778,2273.0
0.4,0.15,0.0,0.0,0.5,0.45,1.0,1.0,True,7468.0,0.9434922335297269,0.6263185654008439,0.6094038106945298,0.6178611880476867,0.6491697911087306,0.6185069543003122,0.5381776894692024,0.46182231053079764,0.4,0.5,7046.0,3792.0,3254.0,0.7063832148945653,0.21882884066514852,0.6269735220696954,0.2236207820032137,0.599946435745106,0.37273457875532995,3792.0,3254.0,7046.0,0.9434922335297269,0.6185069543003122,4825.0,0.9517098445595855,0.7027439024390244,4592.0,2643.0,0.9284903518728718,0.460880195599022,2454.0
0.4,0.15,0.0,0.0,0.5,0.55,0.5,0.55,False,7468.0,0.6480985538296733,0.6361122086131964,0.6084885231702035,0.6223003658916999,0.6491697911087306,0.6229338842975206,0.5229338842975206,0.47706611570247937,0.4,0.5,4840.0,2531.0,2309.0,0.7063832148945653,0.21882884066514852,0.6269735220696954,0.15934654525977499,0.49434401410854484,0.3223393845420099,2531.0,2309.0,4840.0,0.6480985538296733,0.6229338842975206,4825.0,0.6698445595854923,0.6800742574257426,3232.0,2643.0,0.6083995459704881,0.5080845771144279,1608.0
0.4,0.15,0.0,0.0,0.5,0.55,0.5,0.55,True,7468.0,0.6893411890733797,0.6262848751835536,0.6031353135313532,0.6147100943574534,0.6491697911087306,0.6153846153846154,0.5291375291375291,0.47086247086247085,0.4,0.5,5148.0,2724.0,2424.0,0.7063832148945653,0.21882884066514852,0.6269735220696954,0.15907873594001076,0.5149089497830509,0.30894536986983073,2724.0,2424.0,5148.0,0.6893411890733797,0.6153846153846154,4825.0,0.7019689119170984,0.6489518748154709,3387.0,2643.0,0.6662883087400681,0.5508233957978421,1761.0
0.4,0.15,0.0,0.0,0.5,0.55,0.5,0.65,False,7468.0,0.6687198714515266,0.6359832635983264,0.6088794926004228,0.6224313780993747,0.6491697911087306,0.6231477773327994,0.526431718061674,0.473568281938326,0.4,0.5,4994.0,2629.0,2365.0,0.7063832148945653,0.21882884066514852,0.6269735220696954,0.1647027316550616,0.5020045516708315,0.32809011612918315,2629.0,2365.0,4994.0,0.6687198714515266,0.6231477773327994,4825.0,0.6899481865284974,0.6893962150796035,3329.0,2643.0,0.6299659477866061,0.4906906906906907,1665.0
0.4,0.15,0.0,0.0,0.5,0.55,0.5,0.65,True,7468.0,0.709962506695233,0.6265060240963856,0.6036290322580645,0.6150675281772251,0.6491697911087306,0.6158053564692569,0.5322519803847605,0.46774801961523954,0.4,0.5,5302.0,2822.0,2480.0,0.7063832148945653,0.21882884066514852,0.6269735220696954,0.16443492233529733,0.5222679314106581,0.3148478251213983,2822.0,2480.0,5302.0,0.709962506695233,0.6158053564692569,4825.0,0.7220725388601036,0.6587256027554536,3484.0,2643.0,0.6878547105561862,0.5335533553355336,1818.0
0.4,0.15,0.0,0.0,0.5,0.55,0.5,1.0,False,7468.0,0.672335297268345,0.6354009077155824,0.6091712242322255,0.622286065973904,0.6491697911087306,0.6229834694284008,0.5265883290181239,0.47341167098187614,0.4,0.5,5021.0,2644.0,2377.0,0.7063832148945653,0.21882884066514852,0.6269735220696954,0.1653722549544725,0.5034694838388284,0.3284652998103293,2644.0,2377.0,5021.0,0.672335297268345,0.6229834694284008,4825.0,0.6932642487046632,0.690881913303438,3345.0,2643.0,0.6341278849791903,0.48747016706443913,1676.0
0.4,0.15,0.0,0.0,0.5,0.55,0.5,1.0,True,7468.0,0.7135779325120514,0.6260133944307367,0.6039325842696629,0.6149729893501998,0.6491697911087306,0.6156877462938638,0.5323700506661663,0.4676299493338337,0.4,0.5,5329.0,2837.0,2492.0,0.7063832148945653,0.21882884066514852,0.6269735220696954,0.16510444563470814,0.5236761818516015,0.31527965440577393,2837.0,2492.0,5329.0,0.7135779325120514,0.6156877462938638,4825.0,0.7253886010362695,0.6602857142857143,3500.0,2643.0,0.6920166477487704,0.5303444505194095,1829.0
0.4,0.15,0.0,0.0,0.5,0.55,0.55,0.55,False,7468.0,0.7370112479914301,0.6383789400762037,0.6178830722200993,0.6281310061481515,0.6491697911087306,0.6286337209302325,0.5245276162790697,0.47547238372093026,0.4,0.5,5504.0,2887.0,2617.0,0.7063832148945653,0.21882884066514852,0.6269735220696954,0.18960899839314402,0.523164529377846,0.3624270908018735,2887.0,2617.0,5504.0,0.7370112479914301,0.6286337209302325,4825.0,0.7620725388601036,0.7187924938808812,3677.0,2643.0,0.6912599318955732,0.44718117131910234,1827.0
0.4,0.15,0.0,0.0,0.5,0.55,0.55,0.55,True,7468.0,0.7782538832351366,0.6295454545454545,0.6127379209370425,0.6211416877412486,0.6491697911087306,0.6216448726772196,0.5299380591878872,0.4700619408121129,0.4,0.5,5812.0,3080.0,2732.0,0.7063832148945653,0.21882884066514852,0.6269735220696954,0.1893411890733798,0.5426383206896453,0.34892705113922634,3080.0,2732.0,5812.0,0.7782538832351366,0.6216448726772196,4825.0,0.7941968911917099,0.6897181628392485,3832.0,2643.0,0.7491486946651532,0.4898989898989899,1980.0
0.4,0.15,0.0,0.0,0.5,0.55,0.55,0.65,False,7468.0,0.7588377075522228,0.6384332105791765,0.6179104477611941,0.6281718291701852,0.6491697911087306,0.6287277218987118,0.5270866419622375,0.47291335803776247,0.4,0.5,5667.0,2987.0,2680.0,0.7063832148945653,0.21882884066514852,0.6269735220696954,0.19536689876807714,0.5307875322500264,0.3680698714604509,2987.0,2680.0,5667.0,0.7588377075522228,0.6287277218987118,4825.0,0.783419689119171,0.7264550264550265,3780.0,2643.0,0.713961407491487,0.43296237413884475,1887.0
0.4,0.15,0.0,0.0,0.5,0.55,0.55,0.65,True,7468.0,0.8000803427959293,0.629874213836478,0.6128801431127012,0.6213771784745896,0.6491697911087306,0.6219246861924687,0.5322175732217573,0.46778242677824267,0.4,0.5,5975.0,3180.0,2795.0,0.7063832148945653,0.21882884066514852,0.6269735220696954,0.19509908944831286,0.5499914787283602,0.35473111310633954,3180.0,2795.0,5975.0,0.8000803427959293,0.6219246861924687,4825.0,0.8155440414507772,0.6978398983481575,3935.0,2643.0,0.771850170261067,0.47549019607843135,2040.0
0.4,0.15,0.0,0.0,0.5,0.55,0.55,1.0,False,7468.0,0.7624531333690412,0.6379080612924717,0.6181277860326895,0.6280179236625806,0.6491697911087306,0.6285563751317176,0.5272216368106779,0.4727783631893221,0.4,0.5,5694.0,3002.0,2692.0,0.7063832148945653,0.21882884066514852,0.6269735220696954,0.19603642206748792,0.5321732383827438,0.3683695607528779,3002.0,2692.0,5694.0,0.7624531333690412,0.6285563751317176,4825.0,0.7867357512953368,0.7276080084299262,3796.0,2643.0,0.7181233446840711,0.43045310853530033,1898.0
0.4,0.15,0.0,0.0,0.5,0.55,0.55,1.0,True,7468.0,0.8036957686127477,0.6294209702660407,0.6131100819380121,0.6212655261020263,0.6491697911087306,0.6217927357547485,0.532322559146951,0.46767744085304896,0.4,0.5,6002.0,3195.0,2807.0,0.7063832148945653,0.21882884066514852,0.6269735220696954,0.1957686127477237,0.5513289199130696,0.3550849695651579,3195.0,2807.0,6002.0,0.8036957686127477,0.6217927357547485,4825.0,0.8188601036269431,0.6990635282207036,3951.0,2643.0,0.7760121074536511,0.47294002925402245,2051.0
0.4,0.15,0.0,0.0,0.5,0.55,0.6,0.55,False,7468.0,0.797402249598286,0.6423566878980892,0.6181172291296625,0.6302369585138758,0.6491697911087306,0.6308984047019311,0.5272879932829555,0.4727120067170445,0.4,0.5,5955.0,3140.0,2815.0,0.7063832148945653,0.21882884066514852,0.6269735220696954,0.2087573647562935,0.5425149236850506,0.3847956169358479,3140.0,2815.0,5955.0,0.797402249598286,0.6308984047019311,4825.0,0.8236269430051814,0.7398087569199798,3974.0,2643.0,0.7495270525917518,0.41241797072185765,1981.0
0.4,0.15,0.0,0.0,0.5,0.55,0.6,0.55,True,7468.0,0.8386448848419925,0.6339633963396339,0.6133105802047781,0.623636988272206,0.6491697911087306,0.6243014529778061,0.5321730799936133,0.4678269200063867,0.4,0.5,6263.0,3333.0,2930.0,0.7063832148945653,0.21882884066514852,0.6269735220696954,0.20848955543652917,0.5613177929682363,0.37142873083363515,3333.0,2930.0,6263.0,0.8386448848419925,0.6243014529778061,4825.0,0.8557512953367875,0.7120368127875999,4129.0,2643.0,0.8074158153613318,0.45454545454545453,2134.0
0.4,0.15,0.0,0.0,0.5,0.55,0.6,0.65,False,7468.0,0.8193626138189609,0.642394322739895,0.618137595552467,0.630265959146181,0.6491697911087306,0.6309854551397287,0.5296617094296454,0.47033829057035464,0.4,0.5,6119.0,3241.0,2878.0,0.7063832148945653,0.21882884066514852,0.6269735220696954,0.2146491697911087,0.5498697318583067,0.39036367589409454,3241.0,2878.0,6119.0,0.8193626138189609,0.6309854551397287,4825.0,0.845181347150259,0.7464443354585582,4078.0,2643.0,0.7722285281876655,0.40029397354238117,2041.0
0.4,0.15,0.0,0.0,0.5,0.55,0.6,0.65,True,7468.0,0.8606052490626673,0.6342457775189284,0.61343133979285,0.6238385586558892,0.6491697911087306,0.6245526684300606,0.5343083864944764,0.46569161350552357,0.4,0.5,6427.0,3434.0,2993.0,0.7063832148945653,0.21882884066514852,0.6269735220696954,0.21438136047134432,0.5684293661446966,0.37714687741303715,3434.0,2993.0,6427.0,0.8606052490626673,0.6245526684300606,4825.0,0.8773056994818653,0.719111741081975,4233.0,2643.0,0.8301172909572455,0.4421148587055606,2194.0
0.4,0.15,0.0,0.0,0.5,0.55,0.6,1.0,False,7468.0,0.8229780396357793,0.6418918918918919,0.6183391003460208,0.6301154961189563,0.6491697911087306,0.6308167914090466,0.5297754637162382,0.4702245362837618,0.4,0.5,6146.0,3256.0,2890.0,0.7063832148945653,0.21882884066514852,0.6269735220696954,0.2153186930905196,0.5512074684477977,0.3906309428224147,3256.0,2890.0,6146.0,0.8229780396357793,0.6308167914090466,4825.0,0.8484974093264249,0.7474352711284807,4094.0,2643.0,0.7763904653802497,0.39814814814814814,2052.0
0.4,0.15,0.0,0.0,0.5,0.55,0.6,1.0,True,7468.0,0.8642206748794858,0.6338069005508843,0.6136439267886855,0.623725413669785,0.6491697911087306,0.6244189649829563,0.5343972730089867,0.46560272699101335,0.4,0.5,6454.0,3449.0,3005.0,0.7063832148945653,0.21882884066514852,0.6269735220696954,0.2150508837707553,0.5697235255405602,0.37746533911639435,3449.0,3005.0,6454.0,0.8642206748794858,0.6244189649829563,4825.0,0.8806217616580311,0.720169451635679,4249.0,2643.0,0.8342792281498297,0.4399092970521542,2205.0
0.4,0.15,0.0,0.0,0.5,0.55,1.0,0.55,False,7468.0,0.8310123192287091,0.6419452887537994,0.620713305898491,0.6313292973261453,0.6491697911087306,0.6319690621978731,0.530132130196584,0.46986786980341605,0.4,0.5,6206.0,3290.0,2916.0,0.7063832148945653,0.21882884066514852,0.6269735220696954,0.21933583288698455,0.5530264398479174,0.396610029978498,3290.0,2916.0,6206.0,0.8310123192287091,0.6319690621978731,4825.0,0.8578238341968912,0.7501812031891761,4139.0,2643.0,0.7820658342792282,0.3952588292210934,2067.0
0.4,0.15,0.0,0.0,0.5,0.55,1.0,0.55,True,7468.0,0.8722549544724156,0.6339362618432386,0.6159683272847245,0.6249522945639816,0.6491697911087306,0.6255756831439976,0.5346945041449186,0.46530549585508135,0.4,0.5,6514.0,3483.0,3031.0,0.7063832148945653,0.21882884066514852,0.6269735220696954,0.21906802356722022,0.5714835653390198,0.3833321496082972,3483.0,3031.0,6514.0,0.8722549544724156,0.6255756831439976,4825.0,0.8899481865284974,0.7231020027945971,4294.0,2643.0,0.8399545970488081,0.4369369369369369,2220.0
0.4,0.15,0.0,0.0,0.5,0.55,1.0,0.65,False,7468.0,0.8535083020889127,0.6419098143236074,0.6205971150620597,0.6312534646928336,0.6491697911087306,0.6319422654534045,0.5323187951051145,0.46768120489488546,0.4,0.5,6374.0,3393.0,2981.0,0.7063832148945653,0.21882884066514852,0.6269735220696954,0.22522763792179973,0.5604822317286753,0.4018461695514204,3393.0,2981.0,6374.0,0.8535083020889127,0.6319422654534045,4825.0,0.8797927461139896,0.7564193168433451,4245.0,2643.0,0.805524025728339,0.3837482386096759,2129.0
0.4,0.15,0.0,0.0,0.5,0.55,1.0,0.65,True,7468.0,0.8947509373326191,0.634132738427217,0.6159560723514211,0.625044405389319,0.6491697911087306,0.6257108650104759,0.5366656689613888,0.4633343310386112,0.4,0.5,6682.0,3586.0,3096.0,0.7063832148945653,0.21882884066514852,0.6269735220696954,0.22495982860203534,0.5787016108196796,0.38873198967495465,3586.0,3096.0,6682.0,0.8947509373326191,0.6257108650104759,4825.0,0.9119170984455959,0.7297727272727272,4400.0,2643.0,0.863412788497919,0.42506573181419804,2282.0
0.4,0.15,0.0,0.0,0.5,0.55,1.0,1.0,False,7468.0,0.8571237279057311,0.6414319248826291,0.6207818242565988,0.631106874569614,0.6491697911087306,0.6317762849554757,0.5324168098734573,0.4675831901265427,0.4,0.5,6401.0,3408.0,2993.0,0.7063832148945653,0.21882884066514852,0.6269735220696954,0.22589716122121042,0.5617946985708039,0.4020991330033711,3408.0,2993.0,6401.0,0.8571237279057311,0.6317762849554757,4825.0,0.8831088082901555,0.7573339591645154,4261.0,2643.0,0.8096859629209232,0.38177570093457946,2140.0
0.4,0.15,0.0,0.0,0.5,0.55,1.0,1.0,True,7468.0,0.8983663631494376,0.6337128575395723,0.6161518661518661,0.6249323618457192,0.6491697911087306,0.6255775823520644,0.5367416902668057,0.4632583097331942,0.4,0.5,6709.0,3601.0,3108.0,0.7063832148945653,0.21882884066514852,0.6269735220696954,0.2256293519014462,0.5799728490403631,0.3890343354430779,3601.0,3108.0,6709.0,0.8983663631494376,0.6255775823520644,4825.0,0.9152331606217616,0.7307518115942029,4416.0,2643.0,0.8675747256905032,0.42302660270388137,2293.0
0.4,0.15,0.0,0.0,0.6,0.45,0.5,0.55,False,7468.0,0.6467595072308516,0.6372510737992971,0.6086381665932129,0.622944620196255,0.6491697911087306,0.6238095238095238,0.5302277432712216,0.4697722567287785,0.4,0.6,4830.0,2561.0,2269.0,0.7063832148945653,0.21882884066514852,0.6269735220696954,0.16014997321906801,0.49325933037895164,0.3246770275912087,2561.0,2269.0,4830.0,0.6467595072308516,0.6238095238095238,4825.0,0.6681865284974093,0.6817617866004962,3224.0,2643.0,0.6076428301172909,0.5074719800747198,1606.0
0.4,0.15,0.0,0.0,0.6,0.45,0.5,0.55,True,7468.0,0.6944295661489019,0.6271064897812836,0.6020025031289111,0.6145544964550973,0.6491697911087306,0.6155032780563054,0.5377940609332819,0.4622059390667181,0.4,0.6,5186.0,2789.0,2397.0,0.7063832148945653,0.21882884066514852,0.6269735220696954,0.16041778253883235,0.5167261284326881,0.3104503018366902,2789.0,2397.0,5186.0,0.6944295661489019,0.6155032780563054,4825.0,0.7048704663212435,0.6462805057336077,3401.0,2643.0,0.6753688989784336,0.5568627450980392,1785.0
0.4,0.15,0.0,0.0,0.6,0.45,0.5,0.65,False,7468.0,0.6673808248527049,0.6370816096276796,0.6090322580645161,0.6230569338460978,0.6491697911087306,0.6239967897271268,0.5335072231139647,0.4664927768860353,0.4,0.6,4984.0,2659.0,2325.0,0.7063832148945653,0.21882884066514852,0.6269735220696954,0.16550615961435458,0.5009364556699534,0.33039352145574297,2659.0,2325.0,4984.0,0.6673808248527049,0.6239967897271268,4825.0,0.6882901554404145,0.6910569105691057,3321.0,2643.0,0.629209231933409,0.49007817197835235,1663.0
0.4,0.15,0.0,0.0,0.6,0.45,0.5,0.65,True,7468.0,0.7150508837707552,0.6272947696570835,0.6025275173257236,0.6149111434914036,0.6491697911087306,0.6159176029962546,0.5406367041198502,0.4593632958801498,0.4,0.6,5340.0,2887.0,2453.0,0.7063832148945653,0.21882884066514852,0.6269735220696954,0.16577396893411886,0.5240595933844912,0.3163265609995123,2887.0,2453.0,5340.0,0.7150508837707552,0.6159176029962546,4825.0,0.7249740932642487,0.6560891938250428,3498.0,2643.0,0.6969353007945517,0.5396308360477742,1842.0
0.4,0.15,0.0,0.0,0.6,0.45,0.5,1.0,False,7468.0,0.6709962506695233,0.6364996260284218,0.6093281985451433,0.6229139122867826,0.6491697911087306,0.6238275793254839,0.5336260227499501,0.46637397725004986,0.4,0.6,5011.0,2674.0,2337.0,0.7063832148945653,0.21882884066514852,0.6269735220696954,0.1661756829137654,0.502404502246824,0.33076073596196737,2674.0,2337.0,5011.0,0.6709962506695233,0.6238275793254839,4825.0,0.6916062176165804,0.6925382079712317,3337.0,2643.0,0.6333711691259932,0.486857825567503,1674.0
0.4,0.15,0.0,0.0,0.6,0.45,0.5,1.0,True,7468.0,0.7186663095875736,0.6268090971743625,0.602839756592292,0.6148244268833273,0.6491697911087306,0.6158002608533631,0.5407117570337246,0.4592882429662754,0.4,0.6,5367.0,2902.0,2465.0,0.7063832148945653,0.21882884066514852,0.6269735220696954,0.16644349223352972,0.5254630421609325,0.3167558493724729,2902.0,2465.0,5367.0,0.7186663095875736,0.6158002608533631,4825.0,0.7282901554404145,0.657655093910074,3514.0,2643.0,0.7010972379871359,0.5364274150026983,1853.0
0.4,0.15,0.0,0.0,0.6,0.45,0.55,0.55,False,7468.0,0.7356722013926085,0.6393555022283167,0.6181606519208381,0.6287580770745774,0.6491697911087306,0.6294139060793593,0.5309428467419003,0.46905715325809977,0.4,0.6,5494.0,2917.0,2577.0,0.7063832148945653,0.21882884066514852,0.6269735220696954,0.1904124263524371,0.5221397203049062,0.3646771523937018,2917.0,2577.0,5494.0,0.7356722013926085,0.6294139060793593,4825.0,0.7604145077720207,0.7203597710547833,3669.0,2643.0,0.6905032160423761,0.4465753424657534,1825.0
0.4,0.15,0.0,0.0,0.6,0.45,0.55,0.55,True,7468.0,0.7833422603106588,0.6302066772655008,0.6118299445471349,0.6210183109063179,0.6491697911087306,0.6217094017094017,0.5376068376068376,0.4623931623931624,0.4,0.6,5850.0,3145.0,2705.0,0.7063832148945653,0.21882884066514852,0.6269735220696954,0.19068023567220138,0.5443629417210807,0.35028144103516445,3145.0,2705.0,5850.0,0.7833422603106588,0.6217094017094017,4825.0,0.797098445595855,0.6872074882995319,3846.0,2643.0,0.7582292849035187,0.49600798403193613,2004.0
0.4,0.15,0.0,0.0,0.6,0.45,0.55,0.65,False,7468.0,0.7574986609534011,0.6393768644348691,0.6181818181818182,0.6287793413083436,0.6491697911087306,0.6294855930705321,0.5333215485239526,0.46667845147604736,0.4,0.6,5657.0,3017.0,2640.0,0.7063832148945653,0.21882884066514852,0.6269735220696954,0.19617032672737011,0.5297774694275093,0.37028816446149865,3017.0,2640.0,5657.0,0.7574986609534011,0.6294855930705321,4825.0,0.7817616580310881,0.7279957582184517,3772.0,2643.0,0.7132046916382898,0.4323607427055703,1885.0
0.4,0.15,0.0,0.0,0.6,0.45,0.55,0.65,True,7468.0,0.8051687198714516,0.6305084745762712,0.6119942196531792,0.6212513471147252,0.6491697911087306,0.6219856976550806,0.5396640612007317,0.46033593879926826,0.4,0.6,6013.0,3245.0,2768.0,0.7063832148945653,0.21882884066514852,0.6269735220696954,0.19643813604713437,0.5516931138886533,0.3560641434556331,3245.0,2768.0,6013.0,0.8051687198714516,0.6219856976550806,4825.0,0.8184455958549223,0.6953659154216257,3949.0,2643.0,0.7809307604994324,0.48158914728682173,2064.0
0.4,0.15,0.0,0.0,0.6,0.45,0.55,1.0,False,7468.0,0.7611140867702196,0.6388522427440633,0.6184012066365008,0.628626724690282,0.6491697911087306,0.6293103448275862,0.5334271639690359,0.4665728360309641,0.4,0.6,5684.0,3032.0,2652.0,0.7063832148945653,0.21882884066514852,0.6269735220696954,0.19683985002678092,0.5311658106201107,0.370580798107054,3032.0,2652.0,5684.0,0.7611140867702196,0.6293103448275862,4825.0,0.7850777202072539,0.7291446673706441,3788.0,2643.0,0.717366628830874,0.4298523206751055,1896.0
0.4,0.15,0.0,0.0,0.6,0.45,0.55,1.0,True,7468.0,0.80878414568827,0.6300613496932516,0.6122302158273382,0.6211457827602949,0.6491697911087306,0.6218543046357616,0.5397350993377483,0.4602649006622517,0.4,0.6,6040.0,3260.0,2780.0,0.7063832148945653,0.21882884066514852,0.6269735220696954,0.19710765934654534,0.5530264398479176,0.35641633951669655,3260.0,2780.0,6040.0,0.80878414568827,0.6218543046357616,4825.0,0.8217616580310881,0.6965952080706179,3965.0,2643.0,0.7850926976920166,0.4790361445783132,2075.0
0.4,0.15,0.0,0.0,0.6,0.45,0.6,0.55,False,7468.0,0.7960632029994644,0.6432176656151419,0.6183783783783784,0.6307980219967602,0.6491697911087306,0.631623212783852,0.5332211942809083,0.4667788057190917,0.4,0.6,5945.0,3170.0,2775.0,0.7063832148945653,0.21882884066514852,0.6269735220696954,0.20956079271558659,0.5415267353898041,0.38698143419408393,3170.0,2775.0,5945.0,0.7960632029994644,0.631623212783852,4825.0,0.8219689119170984,0.7413010590015129,3966.0,2643.0,0.7487703367385546,0.41182415361293584,1979.0
0.4,0.15,0.0,0.0,0.6,0.45,0.6,0.55,True,7468.0,0.8437332619175147,0.6344908769864627,0.6124698587667929,0.6234803678766279,0.6491697911087306,0.6243453420092049,0.5392794794477067,0.4607205205522933,0.4,0.6,6301.0,3398.0,2903.0,0.7063832148945653,0.21882884066514852,0.6269735220696954,0.20982860203535084,0.5629851951349005,0.3727071401674647,3398.0,2903.0,6301.0,0.8437332619175147,0.6243453420092049,4825.0,0.8586528497409326,0.7096307023895728,4143.0,2643.0,0.8164964055996973,0.4606116774791474,2158.0
0.4,0.15,0.0,0.0,0.6,0.45,0.6,0.65,False,7468.0,0.8180235672201392,0.6432283705288903,0.6183932346723044,0.6308108026005974,0.6491697911087306,0.631690947781961,0.5354395154689802,0.4645604845310198,0.4,0.6,6109.0,3271.0,2838.0,0.7063832148945653,0.21882884066514852,0.6269735220696954,0.21545259775040165,0.5488947847583076,0.39252075941160736,3271.0,2838.0,6109.0,0.8180235672201392,0.631690947781961,4825.0,0.8435233160621761,0.7479115479115479,4070.0,2643.0,0.7714718123344684,0.3997057381069152,2039.0
0.4,0.15,0.0,0.0,0.6,0.45,0.6,0.65,True,7468.0,0.8656936261381896,0.6347527865104315,0.6126095751854349,0.6236811808479332,0.6491697911087306,0.6245939675174014,0.5412219644238205,0.4587780355761794,0.4,0.6,6465.0,3499.0,2966.0,0.7063832148945653,0.21882884066514852,0.6269735220696954,0.215720407070166,0.5700759682130196,0.37840642142199193,3499.0,2966.0,6465.0,0.8656936261381896,0.6245939675174014,4825.0,0.8802072538860104,0.7167412291028962,4247.0,2643.0,0.839197881195611,0.44815148782687103,2218.0
0.4,0.15,0.0,0.0,0.6,0.45,0.6,1.0,False,7468.0,0.8216389930369576,0.642726719415703,0.6185964912280701,0.6306616053218865,0.6491697911087306,0.6315189048239895,0.5355280312907431,0.46447196870925683,0.4,0.6,6136.0,3286.0,2850.0,0.7063832148945653,0.21882884066514852,0.6269735220696954,0.21612212104981246,0.5502348916540759,0.3927815635248465,3286.0,2850.0,6136.0,0.8216389930369576,0.6315189048239895,4825.0,0.846839378238342,0.748898678414097,4086.0,2643.0,0.7756337495270526,0.3975609756097561,2050.0
0.4,0.15,0.0,0.0,0.6,0.45,0.6,1.0,True,7468.0,0.8693090519550081,0.6343198634035287,0.6128274009402284,0.6235736321718786,0.6491697911087306,0.6244608749229821,0.5412815773259396,0.4587184226740604,0.4,0.6,6492.0,3514.0,2978.0,0.7063832148945653,0.21882884066514852,0.6269735220696954,0.21638993036957677,0.5713663980255713,0.37872358458134653,3514.0,2978.0,6492.0,0.8693090519550081,0.6244608749229821,4825.0,0.8835233160621762,0.7178043631245602,4263.0,2643.0,0.8433598183881952,0.4459398833557649,2229.0
0.4,0.15,0.0,0.0,0.6,0.45,1.0,0.55,False,7468.0,0.8296732726298875,0.6427710843373494,0.6210013908205841,0.6318862375789668,0.6491697911087306,0.6326662362814719,0.5358295674628792,0.4641704325371207,0.4,0.6,6196.0,3320.0,2876.0,0.7063832148945653,0.21882884066514852,0.6269735220696954,0.2201392608462774,0.5520570676042514,0.3987617834540374,3320.0,2876.0,6196.0,0.8296732726298875,0.6326662362814719,4825.0,0.8561658031088083,0.7516339869281046,4131.0,2643.0,0.781309118426031,0.3946731234866828,2065.0
0.4,0.15,0.0,0.0,0.6,0.45,1.0,0.55,True,7468.0,0.8773433315479379,0.6344419391206313,0.6151797603195739,0.6248108497201026,0.6491697911087306,0.6256105006105006,0.5415140415140415,0.45848595848595847,0.4,0.6,6552.0,3548.0,3004.0,0.7063832148945653,0.21882884066514852,0.6269735220696954,0.22040707016604177,0.5731213926306957,0.3845730991724929,3548.0,3004.0,6552.0,0.8773433315479379,0.6256105006105006,4825.0,0.8928497409326425,0.7207520891364902,4308.0,2643.0,0.8490351872871736,0.44295900178253117,2244.0
0.4,0.15,0.0,0.0,0.6,0.45,1.0,0.65,False,7468.0,0.852169255490091,0.6427110721589249,0.6208772526351581,0.6317941623970416,0.6491697911087306,0.6326209930861094,0.5378692646134506,0.46213073538654936,0.4,0.6,6364.0,3423.0,2941.0,0.7063832148945653,0.21882884066514852,0.6269735220696954,0.22603106588109276,0.5595257767114032,0.40396899533312636,3423.0,2941.0,6364.0,0.852169255490091,0.6326209930861094,4825.0,0.8781347150259068,0.757847533632287,4237.0,2643.0,0.8047673098751419,0.38316878232252,2127.0
0.4,0.15,0.0,0.0,0.6,0.45,1.0,0.65,True,7468.0,0.8998393144081414,0.6346206518761983,0.6151840990550668,0.6249023754656325,0.6491697911087306,0.6257440476190477,0.5433035714285714,0.45669642857142856,0.4,0.6,6720.0,3651.0,3069.0,0.7063832148945653,0.21882884066514852,0.6269735220696954,0.22629887520085706,0.5803190670688342,0.3899559536168312,3651.0,3069.0,6720.0,0.8998393144081414,0.6257440476190477,4825.0,0.914818652849741,0.7274580879021296,4414.0,2643.0,0.8724933787362845,0.43104943625325237,2306.0
0.4,0.15,0.0,0.0,0.6,0.45,1.0,1.0,False,7468.0,0.8557846813069094,0.6422338568935427,0.6210633254317643,0.6316485911626535,0.6491697911087306,0.6324518854639336,0.5379439837271163,0.46205601627288373,0.4,0.6,6391.0,3438.0,2953.0,0.7063832148945653,0.21882884066514852,0.6269735220696954,0.22670058918050337,0.5608404818334738,0.4042158091715924,3438.0,2953.0,6391.0,0.8557846813069094,0.6324518854639336,4825.0,0.8814507772020725,0.7587585233952504,4253.0,2643.0,0.8089292470677261,0.38119738072965387,2138.0
0.4,0.15,0.0,0.0,0.6,0.45,1.0,1.0,True,7468.0,0.9034547402249599,0.6342062193126022,0.6153846153846154,0.6247954173486088,0.6491697911087306,0.6256113828368164,0.5433526011560693,0.45664739884393063,0.4,0.6,6747.0,3666.0,3081.0,0.7063832148945653,0.21882884066514852,0.6269735220696954,0.22696839850026787,0.5815867698480993,0.3902571555394016,3666.0,3081.0,6747.0,0.9034547402249599,0.6256113828368164,4825.0,0.9181347150259067,0.7284424379232506,4430.0,2643.0,0.8766553159288687,0.42900302114803623,2317.0
0.4,0.15,0.0,0.0,0.6,0.55,0.5,0.55,False,7468.0,0.5451258703802893,0.6752293577981652,0.6356425171866738,0.6554359374924195,0.6491697911087306,0.6568410709899287,0.5354949643822157,0.46450503561778433,0.4,0.6,4071.0,2180.0,1891.0,0.7063832148945653,0.21882884066514852,0.6269735220696954,0.17099625066952326,0.43250989567336257,0.3953580077128732,2180.0,1891.0,4071.0,0.5451258703802893,0.6568410709899287,4825.0,0.581139896373057,0.7838801711840229,2804.0,2643.0,0.47937949300037835,0.3756906077348066,1267.0
0.4,0.15,0.0,0.0,0.6,0.55,0.5,0.55,True,7468.0,0.5814140332083556,0.661407249466951,0.6274411617426139,0.6444242056047824,0.6491697911087306,0.6457853523721787,0.5400736987563335,0.4599263012436665,0.4,0.6,4342.0,2345.0,1997.0,0.7063832148945653,0.21882884066514852,0.6269735220696954,0.16952329941081948,0.4538120391734535,0.373553993233805,2345.0,1997.0,4342.0,0.5814140332083556,0.6457853523721787,4825.0,0.6103626943005181,0.7463497453310696,2945.0,2643.0,0.5285660234581915,0.4337866857551897,1397.0
0.4,0.15,0.0,0.0,0.6,0.55,0.5,0.65,False,7468.0,0.5657471880021425,0.6733977172958736,0.635336414997432,0.6543670661466527,0.6491697911087306,0.6558579881656805,0.539171597633136,0.4608284023668639,0.4,0.6,4225.0,2278.0,1947.0,0.7063832148945653,0.21882884066514852,0.6269735220696954,0.17635243706480994,0.4412452554630659,0.3996698771972889,2278.0,1947.0,4225.0,0.5657471880021425,0.6558579881656805,4825.0,0.6012435233160621,0.7911065149948294,2901.0,2643.0,0.5009458948164964,0.3595166163141994,1324.0
0.4,0.15,0.0,0.0,0.6,0.55,0.5,0.65,True,7468.0,0.6020353508302089,0.6602537863282849,0.6273745737944472,0.643814180061366,0.6491697911087306,0.6452402135231317,0.5433718861209964,0.45662811387900354,0.4,0.6,4496.0,2443.0,2053.0,0.7063832148945653,0.21882884066514852,0.6269735220696954,0.17487948580610602,0.46214492587504563,0.3784083217509777,2443.0,2053.0,4496.0,0.6020353508302089,0.6452402135231317,4825.0,0.6304663212435233,0.7544378698224852,3042.0,2643.0,0.5501324252743095,0.4167812929848693,1454.0
0.4,0.15,0.0,0.0,0.6,0.55,0.5,1.0,False,7468.0,0.5693626138189609,0.672481465329263,0.6355283307810107,0.6540048980551368,0.6491697911087306,0.6554562558795861,0.5392756349952963,0.46072436500470365,0.4,0.6,4252.0,2293.0,1959.0,0.7063832148945653,0.21882884066514852,0.6269735220696954,0.17702196036422072,0.442911195080199,0.39967822518499885,2293.0,1959.0,4252.0,0.5693626138189609,0.6554562558795861,4825.0,0.604559585492228,0.7922523140212547,2917.0,2643.0,0.5051078320090806,0.35655430711610486,1335.0
0.4,0.15,0.0,0.0,0.6,0.55,0.5,1.0,True,7468.0,0.6056507766470273,0.6594792514239219,0.6276029055690072,0.6435410784964646,0.6491697911087306,0.6449259341145258,0.5434446164050409,0.4565553835949591,0.4,0.6,4523.0,2458.0,2065.0,0.7063832148945653,0.21882884066514852,0.6269735220696954,0.17554900910551693,0.4637357909098188,0.37855393641517604,2458.0,2065.0,4523.0,0.6056507766470273,0.6449259341145258,4825.0,0.6337823834196891,0.7557226945716154,3058.0,2643.0,0.5542943624668937,0.4136518771331058,1465.0
0.4,0.15,0.0,0.0,0.6,0.55,0.55,0.55,False,7468.0,0.6340385645420461,0.6723186119873817,0.6430195543428832,0.6576690831651324,0.6491697911087306,0.6587117212249208,0.5355860612460401,0.46441393875395987,0.4,0.6,4735.0,2536.0,2199.0,0.7063832148945653,0.21882884066514852,0.6269735220696954,0.2012587038028924,0.46517731067795737,0.4326494418001053,2536.0,2199.0,4735.0,0.6340385645420461,0.6587117212249208,4825.0,0.6733678756476684,0.8134810710987996,3249.0,2643.0,0.5622398789254635,0.3203230148048452,1486.0
0.4,0.15,0.0,0.0,0.6,0.55,0.55,0.55,True,7468.0,0.6703267273701125,0.6604961125509071,0.6355748373101953,0.6480354749305512,0.6491697911087306,0.6490211745904914,0.5395525369556532,0.4604474630443468,0.4,0.6,5006.0,2701.0,2305.0,0.7063832148945653,0.21882884066514852,0.6269735220696954,0.19978575254418846,0.485046891973304,0.4118895633603694,2701.0,2305.0,5006.0,0.6703267273701125,0.6490211745904914,4825.0,0.7025906735751295,0.779646017699115,3390.0,2643.0,0.6114264093832765,0.375,1616.0
0.4,0.15,0.0,0.0,0.6,0.55,0.55,0.65,False,7468.0,0.6558650241028388,0.671092564491654,0.6423519009725907,0.6567222327321223,0.6491697911087306,0.657819518170682,0.5381788485095957,0.46182115149040426,0.4,0.6,4898.0,2636.0,2262.0,0.7063832148945653,0.21882884066514852,0.6269735220696954,0.20701660417782544,0.47373432423934264,0.4369888217625442,2636.0,2262.0,4898.0,0.6558650241028388,0.657819518170682,4825.0,0.6947150259067357,0.8192124105011933,3352.0,2643.0,0.5849413545213772,0.3078913324708926,1546.0
0.4,0.15,0.0,0.0,0.6,0.55,0.55,0.65,True,7468.0,0.6921531869309052,0.6597643698679043,0.6351351351351351,0.6474497525015197,0.6491697911087306,0.6484813310118012,0.5418843103114722,0.4581156896885278,0.4,0.6,5169.0,2801.0,2368.0,0.7063832148945653,0.21882884066514852,0.6269735220696954,0.20554365291912166,0.49325933037895164,0.41670504795359997,2801.0,2368.0,5169.0,0.6921531869309052,0.6484813310118012,4825.0,0.7239378238341969,0.7861437160034355,3493.0,2643.0,0.6341278849791903,0.3615751789976134,1676.0
0.4,0.15,0.0,0.0,0.6,0.55,0.55,1.0,False,7468.0,0.6594804499196572,0.6703130894002264,0.6424802110817942,0.6563966502410103,0.6491697911087306,0.6574619289340101,0.538274111675127,0.4617258883248731,0.4,0.6,4925.0,2651.0,2274.0,0.7063832148945653,0.21882884066514852,0.6269735220696954,0.20768612747723614,0.4752863991544577,0.43697048315860326,2651.0,2274.0,4925.0,0.6594804499196572,0.6574619289340101,4825.0,0.6980310880829016,0.8200712589073634,3368.0,2643.0,0.5891032917139614,0.30571612074502247,1557.0
0.4,0.15,0.0,0.0,0.6,0.55,0.55,1.0,True,7468.0,0.6957686127477236,0.6590909090909091,0.6352941176470588,0.647192513368984,0.6491697911087306,0.6481909160892995,0.541955350269438,0.45804464973056197,0.4,0.6,5196.0,2816.0,2380.0,0.7063832148945653,0.21882884066514852,0.6269735220696954,0.2062131762185324,0.4947501574174541,0.4168026490278333,2816.0,2380.0,5196.0,0.6957686127477236,0.6481909160892995,4825.0,0.7272538860103627,0.7871188372755771,3509.0,2643.0,0.6382898221717745,0.35921754593953764,1687.0
0.4,0.15,0.0,0.0,0.6,0.55,0.6,0.55,False,7468.0,0.6944295661489019,0.6737181785586231,0.6412181894034209,0.657468183981022,0.6491697911087306,0.6586964905514847,0.5377940609332819,0.4622059390667181,0.4,0.6,5186.0,2789.0,2397.0,0.7063832148945653,0.21882884066514852,0.6269735220696954,0.2204070701660417,0.4868380100109585,0.45273184433787417,2789.0,2397.0,5186.0,0.6944295661489019,0.6586964905514847,4825.0,0.7349222797927462,0.8291032148900169,3546.0,2643.0,0.620506999621642,0.29024390243902437,1640.0
0.4,0.15,0.0,0.0,0.6,0.55,0.6,0.55,True,7468.0,0.7307177289769684,0.6628300609343263,0.6344386735916899,0.6486343672630082,0.6491697911087306,0.6498075865860363,0.5413230712845886,0.4586769287154114,0.4,0.6,5457.0,2954.0,2503.0,0.7063832148945653,0.21882884066514852,0.6269735220696954,0.21893411890733805,0.505857494789605,0.432798013595502,2954.0,2503.0,5457.0,0.7307177289769684,0.6498075865860363,4825.0,0.7641450777202072,0.7973962571196095,3687.0,2643.0,0.6696935300794552,0.3423728813559322,1770.0
0.4,0.15,0.0,0.0,0.6,0.55,0.6,0.65,False,7468.0,0.7163899303695769,0.6726643598615917,0.640650406504065,0.6566573831828284,0.6491697911087306,0.6579439252336449,0.5401869158878505,0.45981308411214955,0.4,0.6,5350.0,2890.0,2460.0,0.7063832148945653,0.21882884066514852,0.6269735220696954,0.226298875200857,0.4950207344994348,0.45715029579456007,2890.0,2460.0,5350.0,0.7163899303695769,0.6579439252336449,4825.0,0.7564766839378239,0.8339726027397261,3650.0,2643.0,0.6432084752175558,0.28,1700.0
0.4,0.15,0.0,0.0,0.6,0.55,0.6,0.65,True,7468.0,0.7526780931976432,0.6621931260229132,0.6340607950116913,0.6481269605173023,0.6491697911087306,0.6493506493506493,0.5434975982921189,0.45650240170788114,0.4,0.6,5621.0,3055.0,2566.0,0.7063832148945653,0.21882884066514852,0.6269735220696954,0.22482592394215317,0.5137373693121272,0.43762812941403434,3055.0,2566.0,5621.0,0.7526780931976432,0.6493506493506493,4825.0,0.7856994818652849,0.8029543656027434,3791.0,2643.0,0.6923950056753689,0.33114754098360655,1830.0
0.4,0.15,0.0,0.0,0.6,0.55,0.6,1.0,False,7468.0,0.7200053561863953,0.6719449225473322,0.6407766990291263,0.6563608107882293,0.6491697911087306,0.6576157708759531,0.5402640877812906,0.4597359122187093,0.4,0.6,5377.0,2905.0,2472.0,0.7063832148945653,0.21882884066514852,0.6269735220696954,0.22696839850026782,0.49650627271270575,0.4571309789505901,2905.0,2472.0,5377.0,0.7200053561863953,0.6576157708759531,4825.0,0.7597927461139896,0.8346972176759411,3666.0,2643.0,0.64737041241014,0.27819988310929283,1711.0
0.4,0.15,0.0,0.0,0.6,0.55,0.6,1.0,True,7468.0,0.7562935190144617,0.6615635179153094,0.6342125678820791,0.6478880428986943,0.6491697911087306,0.6490793201133145,0.5435552407932012,0.4564447592067989,0.4,0.6,5648.0,3070.0,2578.0,0.7063832148945653,0.21882884066514852,0.6269735220696954,0.22549544724156406,0.515168939170879,0.43771165164670056,3070.0,2578.0,5648.0,0.7562935190144617,0.6490793201133145,4825.0,0.7890155440414508,0.8037825059101655,3807.0,2643.0,0.6965569428679531,0.3291689299293862,1841.0
0.4,0.15,0.0,0.0,0.6,0.55,1.0,0.55,False,7468.0,0.7280396357793251,0.6716570261993875,0.6433146517213771,0.6574858389603824,0.6491697911087306,0.6586352768070627,0.540555453375023,0.459444546624977,0.4,0.6,5437.0,2939.0,2498.0,0.7063832148945653,0.21882884066514852,0.6269735220696954,0.23098553829673266,0.49852487274086554,0.4633380417446082,2939.0,2498.0,5437.0,0.7280396357793251,0.6586352768070627,4825.0,0.7691191709844559,0.8367016976556184,3711.0,2643.0,0.6530457813091184,0.27578215527230593,1726.0
0.4,0.15,0.0,0.0,0.6,0.55,1.0,0.55,True,7468.0,0.7643277986073915,0.6614046391752577,0.6367127496159755,0.6490586943956166,0.6491697911087306,0.6501401541695866,0.5437981779957953,0.4562018220042046,0.4,0.6,5708.0,3104.0,2604.0,0.7063832148945653,0.21882884066514852,0.6269735220696954,0.229512587038029,0.5171146930659399,0.4438330415197904,3104.0,2604.0,5708.0,0.7643277986073915,0.6501401541695866,4825.0,0.7983419689119171,0.8060747663551402,3852.0,2643.0,0.7022323117669316,0.3265086206896552,1856.0
0.4,0.15,0.0,0.0,0.6,0.55,1.0,0.65,False,7468.0,0.7505356186395287,0.6706114398422091,0.6426063207179087,0.6566088802800589,0.6491697911087306,0.6578055307760928,0.5427297056199821,0.4572702943800178,0.4,0.6,5605.0,3042.0,2563.0,0.7063832148945653,0.21882884066514852,0.6269735220696954,0.23687734333154803,0.5067831268442058,0.46741363471710135,3042.0,2563.0,5605.0,0.7505356186395287,0.6578055307760928,4825.0,0.7910880829015544,0.8412365732250459,3817.0,2643.0,0.6765039727582293,0.2662192393736018,1788.0
0.4,0.15,0.0,0.0,0.6,0.55,1.0,0.65,True,7468.0,0.786823781467595,0.6607421265980667,0.6361933308355189,0.6484677287167928,0.6491697911087306,0.6495915588835943,0.5457794417971409,0.4542205582028591,0.4,0.6,5876.0,3207.0,2669.0,0.7063832148945653,0.21882884066514852,0.6269735220696954,0.2354043920728442,0.5250806554210271,0.4483204430452482,3207.0,2669.0,5876.0,0.786823781467595,0.6495915588835943,4825.0,0.8203108808290156,0.8112683173319859,3958.0,2643.0,0.7256905032160423,0.3159541188738269,1918.0
0.4,0.15,0.0,0.0,0.6,0.55,1.0,1.0,False,7468.0,0.7541510444563471,0.6699378475629703,0.6427184466019418,0.656328147082456,0.6491697911087306,0.6574928977272727,0.5427911931818182,0.4572088068181818,0.4,0.6,5632.0,3057.0,2575.0,0.7063832148945653,0.21882884066514852,0.6269735220696954,0.23754686663095873,0.5082342854557278,0.46739638278821194,3057.0,2575.0,5632.0,0.7541510444563471,0.6574928977272727,4825.0,0.7944041450777202,0.8418992955909209,3833.0,2643.0,0.6806659099508134,0.26459143968871596,1799.0
0.4,0.15,0.0,0.0,0.6,0.55,1.0,1.0,True,7468.0,0.7904392072844135,0.660148975791434,0.6363297277135397,0.6482393517524868,0.6491697911087306,0.6493308487209893,0.5458241572081992,0.4541758427918008,0.4,0.6,5903.0,3222.0,2681.0,0.7063832148945653,0.21882884066514852,0.6269735220696954,0.23607391537225497,0.5264813823451683,0.4483993609055709,3222.0,2681.0,5903.0,0.7904392072844135,0.6493308487209893,4825.0,0.8236269430051814,0.8120281831907398,3974.0,2643.0,0.7298524404086265,0.3141524105754277,1929.0
0.4,0.15,0.0,0.45,0.5,0.45,0.5,0.55,False,7468.0,0.6620246384574183,0.6369183829138062,0.6080964685615848,0.6225074257376955,0.6491697911087306,0.6233818770226537,0.5303398058252428,0.4696601941747573,0.4,0.5,4944.0,2622.0,2322.0,0.7063832148945653,0.21882884066514852,0.6269735220696954,0.1633636850562399,0.4993300278378912,0.3271657540076407,2622.0,2322.0,4944.0,0.6620246384574183,0.6233818770226537,4825.0,0.6820725388601037,0.6976602856274688,3291.0,2643.0,0.6254256526674233,0.47549909255898365,1653.0
0.4,0.15,0.0,0.45,0.5,0.45,0.5,0.55,True,7468.0,0.7094268880557043,0.6271067415730337,0.6016326530612245,0.6143696973171291,0.6491697911087306,0.6153265383163458,0.5375613439033597,0.46243865609664025,0.4,0.5,5298.0,2848.0,2450.0,0.7063832148945653,0.21882884066514852,0.6269735220696954,0.16363149437600424,0.5223961110496995,0.31323260436836736,2848.0,2450.0,5298.0,0.7094268880557043,0.6153265383163458,4825.0,0.7185492227979274,0.6622440149985578,3467.0,2643.0,0.6927733636019675,0.5264882577826324,1831.0
0.4,0.15,0.0,0.45,0.5,0.45,0.5,0.65,False,7468.0,0.6826459560792716,0.6367647058823529,0.6084945332211943,0.6226296195517735,0.6491697911087306,0.6235778736759513,0.533542565712044,0.46645743428795605,0.4,0.5,5098.0,2720.0,2378.0,0.7063832148945653,0.21882884066514852,0.6269735220696954,0.16871987145152645,0.5069152220183101,0.33283646677596157,2720.0,2378.0,5098.0,0.6826459560792716,0.6235778736759513,4825.0,0.7021761658031088,0.7063164108618654,3388.0,2643.0,0.6469920544835415,0.45964912280701753,1710.0
0.4,0.15,0.0,0.45,0.5,0.45,0.5,0.65,True,7468.0,0.7300482056775576,0.6272912423625254,0.6021548284118117,0.6147230353871685,0.6491697911087306,0.6157373440939105,0.5403521643433602,0.45964783565663975,0.4,0.5,5452.0,2946.0,2506.0,0.7063832148945653,0.21882884066514852,0.6269735220696954,0.16898768077129078,0.5296510761370483,0.3190547293961598,2946.0,2506.0,5452.0,0.7300482056775576,0.6157373440939105,4825.0,0.7386528497409326,0.6714365881032548,3564.0,2643.0,0.7143397654180855,0.510593220338983,1888.0
0.4,0.15,0.0,0.45,0.5,0.45,0.5,1.0,False,7468.0,0.68626138189609,0.6361974405850092,0.608786610878661,0.6224920257318352,0.6491697911087306,0.6234146341463415,0.5336585365853659,0.46634146341463417,0.4,0.5,5125.0,2735.0,2390.0,0.7063832148945653,0.21882884066514852,0.6269735220696954,0.16938939475093734,0.5083660035570596,0.3332036240930986,2735.0,2390.0,5125.0,0.68626138189609,0.6234146341463415,4825.0,0.7054922279792746,0.7076968272620446,3404.0,2643.0,0.6511539916761256,0.4567112144102266,1721.0
0.4,0.15,0.0,0.45,0.5,0.45,0.5,1.0,True,7468.0,0.733663631494376,0.6268152651131375,0.602462271644162,0.6146387683786497,0.6491697911087306,0.615623288921336,0.5404270852345319,0.45957291476546813,0.4,0.5,5479.0,2961.0,2518.0,0.7063832148945653,0.21882884066514852,0.6269735220696954,0.16965720407070164,0.5310397477701996,0.31948117778957397,2961.0,2518.0,5479.0,0.733663631494376,0.615623288921336,4825.0,0.7419689119170985,0.6729050279329609,3580.0,2643.0,0.7185017026106697,0.507635597682991,1899.0
0.4,0.15,0.0,0.45,0.5,0.45,0.55,0.55,False,7468.0,0.772094268880557,0.6365120836054866,0.6172337278106509,0.6268729057080688,0.6491697911087306,0.627471383975026,0.5310440513354145,0.4689559486645855,0.4,0.5,5766.0,3062.0,2704.0,0.7063832148945653,0.21882884066514852,0.6269735220696954,0.1968398500267809,0.536308875021557,0.3670270234086074,3062.0,2704.0,5766.0,0.772094268880557,0.627471383975026,4825.0,0.793160621761658,0.7400052260256075,3827.0,2643.0,0.7336360196746122,0.40536358947911294,1939.0
0.4,0.15,0.0,0.45,0.5,0.45,0.55,0.55,True,7468.0,0.8194965184788431,0.6280413625304136,0.611228813559322,0.6196350880448678,0.6491697911087306,0.6202614379084967,0.5372549019607843,0.4627450980392157,0.4,0.5,6120.0,3288.0,2832.0,0.7063832148945653,0.21882884066514852,0.6269735220696954,0.19710765934654528,0.5578480344736807,0.35333576021740887,3288.0,2832.0,6120.0,0.8194965184788431,0.6202614379084967,4825.0,0.8296373056994819,0.7074693979515363,4003.0,2643.0,0.8009837306091563,0.4553613604156826,2117.0
0.4,0.15,0.0,0.45,0.5,0.45,0.55,0.65,False,7468.0,0.7939207284413498,0.6366223908918406,0.617275027105168,0.6269487089985043,0.6491697911087306,0.6275931860347445,0.5333108449991567,0.4666891550008433,0.4,0.5,5929.0,3162.0,2767.0,0.7063832148945653,0.21882884066514852,0.6269735220696954,0.20259775040171393,0.5437476335762924,0.37259518550766757,3162.0,2767.0,5929.0,0.7939207284413498,0.6275931860347445,4825.0,0.8145077720207254,0.7468193384223919,3930.0,2643.0,0.756337495270526,0.3931965982991496,1999.0
0.4,0.15,0.0,0.45,0.5,0.45,0.55,0.65,True,7468.0,0.8413229780396357,0.6283943329397875,0.6113989637305699,0.6198966483351787,0.6491697911087306,0.6205634251153908,0.5392328505491008,0.46076714945089925,0.4,0.5,6283.0,3388.0,2895.0,0.7063832148945653,0.21882884066514852,0.6269735220696954,0.20286555972147832,0.5650032824321277,0.35905200204894033,3388.0,2895.0,6283.0,0.8413229780396357,0.6205634251153908,4825.0,0.8509844559585492,0.7148075986361422,4106.0,2643.0,0.82368520620507,0.44281120808451996,2177.0
0.4,0.15,0.0,0.45,0.5,0.45,0.55,1.0,False,7468.0,0.7975361542581682,0.6361347182876927,0.6174883051457358,0.6268115117167143,0.6491697911087306,0.6274345198119543,0.5334116856950973,0.4665883143049026,0.4,0.5,5956.0,3177.0,2779.0,0.7063832148945653,0.21882884066514852,0.6269735220696954,0.20326727370112474,0.5451003946783763,0.3728987828399167,3177.0,2779.0,5956.0,0.7975361542581682,0.6274345198119543,4825.0,0.8178238341968912,0.7478459199189053,3946.0,2643.0,0.7604994324631101,0.39104477611940297,2010.0
0.4,0.15,0.0,0.45,0.5,0.45,0.55,1.0,True,7468.0,0.8449384038564542,0.6279753158977373,0.6116271069831442,0.6198012114404408,0.6491697911087306,0.6204437400950872,0.5393026941362916,0.4606973058637084,0.4,0.5,6310.0,3403.0,2907.0,0.7063832148945653,0.21882884066514852,0.6269735220696954,0.20353508302088916,0.5663052714020792,0.35940877349944067,3403.0,2907.0,6310.0,0.8449384038564542,0.6204437400950872,4825.0,0.8543005181347151,0.7159146045608927,4122.0,2643.0,0.8278471433976542,0.4405850091407678,2188.0
0.4,0.15,0.0,0.45,0.5,0.45,0.6,0.55,False,7468.0,0.8500267809319765,0.6356953837106734,0.6175771971496437,0.6266362904301586,0.6491697911087306,0.627284183994959,0.5357592942659105,0.4642407057340895,0.4,0.5,6348.0,3401.0,2947.0,0.7063832148945653,0.21882884066514852,0.6269735220696954,0.2163899303695768,0.5628662587872895,0.3844428885039134,3401.0,2947.0,6348.0,0.8500267809319765,0.627284183994959,4825.0,0.8686010362694301,0.7625864948699594,4191.0,2643.0,0.8161180476730987,0.36439499304589706,2157.0
0.4,0.15,0.0,0.45,0.5,0.45,0.6,0.55,True,7468.0,0.8974290305302625,0.6280672732285636,0.6120325203252033,0.6200498967768835,0.6491697911087306,0.6207102357505222,0.5411817367949866,0.45881826320501345,0.4,0.5,6702.0,3627.0,3075.0,0.7063832148945653,0.21882884066514852,0.6269735220696954,0.21665773968934113,0.5834257839866701,0.37135441325351376,3627.0,3075.0,6702.0,0.8974290305302625,0.6207102357505222,4825.0,0.9050777202072539,0.7318525303411954,4367.0,2643.0,0.8834657586076429,0.41284796573875804,2335.0
0.4,0.15,0.0,0.45,0.5,0.45,0.6,0.65,False,7468.0,0.8719871451526513,0.6359223300970874,0.6176079734219269,0.6267651517595072,0.6491697911087306,0.6274570024570024,0.5377764127764127,0.46222358722358725,0.4,0.5,6512.0,3502.0,3010.0,0.7063832148945653,0.21882884066514852,0.6269735220696954,0.222281735404392,0.5699585115375765,0.38999634342637113,3502.0,3010.0,6512.0,0.8719871451526513,0.6274570024570024,4825.0,0.8901554404145078,0.7683352735739232,4295.0,2643.0,0.8388195232690124,0.35453315290933696,2217.0
0.4,0.15,0.0,0.45,0.5,0.45,0.6,0.65,True,7468.0,0.9193893947509373,0.6284871244635193,0.6121733588272785,0.6203302416453988,0.6491697911087306,0.6210311680745704,0.5429653364404311,0.4570346635595689,0.4,0.5,6866.0,3728.0,3138.0,0.7063832148945653,0.21882884066514852,0.6269735220696954,0.22254954472415645,0.5902710606267179,0.3770294015225232,3728.0,3138.0,6866.0,0.9193893947509373,0.6210311680745704,4825.0,0.9266321243523316,0.7380899127711922,4471.0,2643.0,0.9061672342035566,0.4025052192066806,2395.0
0.4,0.15,0.0,0.45,0.5,0.45,0.6,1.0,False,7468.0,0.8756025709694697,0.6354847881717373,0.6178027796161483,0.6266437838939427,0.6491697911087306,0.6273130448080746,0.5378498241321303,0.4621501758678697,0.4,0.5,6539.0,3517.0,3022.0,0.7063832148945653,0.21882884066514852,0.6269735220696954,0.2229512587038028,0.5712492066802661,0.3902872093240225,3517.0,3022.0,6539.0,0.8756025709694697,0.6273130448080746,4825.0,0.8934715025906735,0.7691950823474831,4311.0,2643.0,0.8429814604615967,0.3527827648114901,2228.0
0.4,0.15,0.0,0.45,0.5,0.45,0.6,1.0,True,7468.0,0.9230048205677558,0.6281057974886455,0.6123809523809524,0.6202433749347989,0.6491697911087306,0.620919773683447,0.5430146525460612,0.45698534745393876,0.4,0.5,6893.0,3743.0,3150.0,0.7063832148945653,0.21882884066514852,0.6269735220696954,0.22321906802356722,0.5915174353069352,0.37736684449164215,3743.0,3150.0,6893.0,0.9230048205677558,0.620919773683447,4825.0,0.9299481865284974,0.7390238466681525,4487.0,2643.0,0.9103291713961408,0.400665004156276,2406.0
0.4,0.15,0.0,0.45,0.5,0.45,1.0,0.55,False,7468.0,0.8926084627745046,0.6339086859688196,0.6193884189980482,0.6266485524834339,0.6491697911087306,0.6272127212721272,0.5388538853885388,0.46114611461146116,0.4,0.5,6666.0,3592.0,3074.0,0.7063832148945653,0.21882884066514852,0.6269735220696954,0.22710230316015,0.5768475360155205,0.3936955416830274,3592.0,3074.0,6666.0,0.8926084627745046,0.6272127212721272,4825.0,0.9098445595854923,0.7733485193621867,4390.0,2643.0,0.8611426409383277,0.3453427065026362,2276.0
0.4,0.15,0.0,0.45,0.5,0.45,1.0,0.55,True,7468.0,0.9400107123727905,0.6267679413305396,0.6139912554653342,0.6203795983979369,0.6491697911087306,0.620940170940171,0.5438746438746439,0.45612535612535615,0.4,0.5,7020.0,3818.0,3202.0,0.7063832148945653,0.21882884066514852,0.6269735220696954,0.22737011247991432,0.5969257072253114,0.3809018605293419,3818.0,3202.0,7020.0,0.9400107123727905,0.620940170940171,4825.0,0.946321243523316,0.743539202803329,4566.0,2643.0,0.9284903518728718,0.3928280358598207,2454.0
0.4,0.15,0.0,0.45,0.5,0.45,1.0,0.65,False,7468.0,0.915104445634708,0.6341001353179972,0.6193055113093342,0.6267028233136658,0.6491697911087306,0.6273046532045654,0.5406789581504243,0.4593210418495757,0.4,0.5,6834.0,3695.0,3139.0,0.7063832148945653,0.21882884066514852,0.6269735220696954,0.2329941081949652,0.5839992882871275,0.3989630002432673,3695.0,3139.0,6834.0,0.915104445634708,0.6273046532045654,4825.0,0.9318134715025906,0.7786921708185054,4496.0,2643.0,0.8846008323874385,0.3361847733105218,2338.0
0.4,0.15,0.0,0.45,0.5,0.45,1.0,0.65,True,7468.0,0.9625066952329941,0.627135934710533,0.6140189776553413,0.6205774561829371,0.6491697911087306,0.6211741791875348,0.5454924874791319,0.45450751252086813,0.4,0.5,7188.0,3921.0,3267.0,0.7063832148945653,0.21882884066514852,0.6269735220696954,0.23326191751472958,0.6038397046063899,0.38629774712608583,3921.0,3267.0,7188.0,0.9625066952329941,0.6211741791875348,4825.0,0.9682901554404145,0.7493578767123288,4672.0,2643.0,0.9519485433219826,0.383147853736089,2516.0
0.4,0.15,0.0,0.45,0.5,0.45,1.0,1.0,False,7468.0,0.9187198714515266,0.6336927223719676,0.6194858774992066,0.6265892999355871,0.6491697911087306,0.6271680513044746,0.5407375018218918,0.45926249817810816,0.4,0.5,6861.0,3710.0,3151.0,0.7063832148945653,0.21882884066514852,0.6269735220696954,0.2336636314943761,0.5852590195619161,0.399248236565889,3710.0,3151.0,6861.0,0.9187198714515266,0.6271680513044746,4825.0,0.9351295336787565,0.77947695035461,4512.0,2643.0,0.8887627695800226,0.334610472541507,2349.0
0.4,0.15,0.0,0.45,0.5,0.45,1.0,1.0,True,7468.0,0.9661221210498125,0.6267784552845529,0.6142116498932602,0.6204950525889066,0.6491697911087306,0.6210672210672211,0.5455301455301456,0.4544698544698545,0.4,0.5,7215.0,3936.0,3279.0,0.7063832148945653,0.21882884066514852,0.6269735220696954,0.23393144081414044,0.6050581295361926,0.38662639074606037,3936.0,3279.0,7215.0,0.9661221210498125,0.6210672210672211,4825.0,0.9716062176165803,0.7502133105802048,4688.0,2643.0,0.9561104805145668,0.3814800158290463,2527.0
0.4,0.15,0.0,0.45,0.5,0.55,0.5,0.55,False,7468.0,0.6237279057311195,0.6481556546412647,0.6161570059333638,0.6321563302873142,0.6491697911087306,0.633104336625161,0.529626449119794,0.4703735508802061,0.4,0.5,4658.0,2467.0,2191.0,0.7063832148945653,0.21882884066514852,0.6269735220696954,0.1660417782538832,0.47837544224031625,0.34709511315271613,2467.0,2191.0,4658.0,0.6237279057311195,0.633104336625161,4825.0,0.6503626943005182,0.7316762268961122,3138.0,2643.0,0.5751040484298146,0.4296052631578947,1520.0
0.4,0.15,0.0,0.45,0.5,0.55,0.5,0.55,True,7468.0,0.664301017675415,0.6371847948814452,0.6102430555555556,0.6237139252185004,0.6491697911087306,0.6246724450715582,0.5355775045353759,0.46442249546462405,0.4,0.5,4961.0,2657.0,2304.0,0.7063832148945653,0.21882884066514852,0.6269735220696954,0.16564006427423675,0.49933002783789115,0.33172462107168177,2657.0,2304.0,4961.0,0.664301017675415,0.6246724450715582,4825.0,0.6820725388601037,0.6976602856274688,3291.0,2643.0,0.6318577374195989,0.4808383233532934,1670.0
0.4,0.15,0.0,0.45,0.5,0.55,0.5,0.65,False,7468.0,0.6443492233529727,0.6475633528265107,0.6163773920783266,0.6319703724524186,0.6491697911087306,0.6330008312551954,0.5330423940149626,0.4669576059850374,0.4,0.5,4812.0,2565.0,2247.0,0.7063832148945653,0.21882884066514852,0.6269735220696954,0.17139796464916981,0.4862875994222981,0.35246213321661474,2565.0,2247.0,4812.0,0.6443492233529727,0.6330008312551954,4825.0,0.6704663212435233,0.7397217928902627,3235.0,2643.0,0.5966704502459327,0.41407736207989854,1577.0
0.4,0.15,0.0,0.45,0.5,0.55,0.5,0.65,True,7468.0,0.6849223352972683,0.6370235934664247,0.610593220338983,0.6238084069027039,0.6491697911087306,0.6248289345063539,0.5386119257086999,0.4613880742913001,0.4,0.5,5115.0,2755.0,2360.0,0.7063832148945653,0.21882884066514852,0.6269735220696954,0.17099625066952334,0.50691522201831,0.33732711751817723,2755.0,2360.0,5115.0,0.6849223352972683,0.6248289345063539,4825.0,0.7021761658031088,0.7063164108618654,3388.0,2643.0,0.653424139235717,0.46496815286624205,1727.0
0.4,0.15,0.0,0.45,0.5,0.55,0.5,1.0,False,7468.0,0.6479646491697911,0.6468992248062015,0.6166445329791943,0.6317718788926979,0.6491697911087306,0.6327753668113246,0.5331680099194048,0.46683199008059517,0.4,0.5,4839.0,2580.0,2259.0,0.7063832148945653,0.21882884066514852,0.6269735220696954,0.17206748794858057,0.4877997341231392,0.3527420699764961,2580.0,2259.0,4839.0,0.6479646491697911,0.6327753668113246,4825.0,0.6737823834196891,0.7410027683789603,3251.0,2643.0,0.6008323874385169,0.41120906801007556,1588.0
0.4,0.15,0.0,0.45,0.5,0.55,0.5,1.0,True,7468.0,0.6885377611140868,0.6364620938628159,0.6108768971332209,0.6236694954980184,0.6491697911087306,0.6246596654998056,0.5387008945935434,0.46129910540645663,0.4,0.5,5142.0,2770.0,2372.0,0.7063832148945653,0.21882884066514852,0.6269735220696954,0.17166577396893418,0.5083660035570595,0.33768145935759103,2770.0,2372.0,5142.0,0.6885377611140868,0.6246596654998056,4825.0,0.7054922279792746,0.7076968272620446,3404.0,2643.0,0.6575860764283011,0.4620253164556962,1738.0
0.4,0.15,0.0,0.45,0.5,0.55,0.55,0.55,False,7468.0,0.7337975361542581,0.6460268317853457,0.6245627671978236,0.6352947994915846,0.6491697911087306,0.6359489051094891,0.5304744525547446,0.4695255474452555,0.4,0.5,5480.0,2907.0,2573.0,0.7063832148945653,0.21882884066514852,0.6269735220696954,0.19951794322442426,0.5168556824345815,0.3860225397631713,2907.0,2573.0,5480.0,0.7337975361542581,0.6359489051094891,4825.0,0.7614507772020725,0.7708219923788786,3674.0,2643.0,0.6833144154370034,0.36157253599114064,1806.0
0.4,0.15,0.0,0.45,0.5,0.55,0.55,0.55,True,7468.0,0.7743706480985538,0.636745237326445,0.6191362620997766,0.6279407497131108,0.6491697911087306,0.6285664879820163,0.5355351893480892,0.46446481065191075,0.4,0.5,5783.0,3097.0,2686.0,0.7063832148945653,0.21882884066514852,0.6269735220696954,0.19911622924477781,0.536308875021557,0.3712715536112922,3097.0,2686.0,5783.0,0.7743706480985538,0.6285664879820163,4825.0,0.793160621761658,0.7400052260256075,3827.0,2643.0,0.7400681044267877,0.4105316973415133,1956.0
0.4,0.15,0.0,0.45,0.5,0.55,0.55,0.65,False,7468.0,0.7556239957150509,0.645826405054872,0.6244309559939302,0.6351286805244011,0.6491697911087306,0.6358320042530569,0.5328725855041645,0.46712741449583556,0.4,0.5,5643.0,3007.0,2636.0,0.7063832148945653,0.21882884066514852,0.6269735220696954,0.20527584359935722,0.5245703728365212,0.3913218401743974,3007.0,2636.0,5643.0,0.7556239957150509,0.6358320042530569,4825.0,0.7827979274611399,0.7770717500661901,3777.0,2643.0,0.7060158910329172,0.34994640943194,1866.0
0.4,0.15,0.0,0.45,0.5,0.55,0.55,0.65,True,7468.0,0.7961971076593466,0.6368470441038474,0.6191342306293197,0.6279906373665836,0.6491697911087306,0.6286579212916246,0.5376723847965018,0.46232761520349813,0.4,0.5,5946.0,3197.0,2749.0,0.7063832148945653,0.21882884066514852,0.6269735220696954,0.2048741296197107,0.5437476335762924,0.37678164826618066,3197.0,2749.0,5946.0,0.7961971076593466,0.6286579212916246,4825.0,0.8145077720207254,0.7468193384223919,3930.0,2643.0,0.7627695800227015,0.39831349206349204,2016.0
0.4,0.15,0.0,0.45,0.5,0.55,0.55,1.0,False,7468.0,0.7592394215318693,0.6452680344142951,0.6246223564954683,0.6349451954548817,0.6491697911087306,0.635626102292769,0.5329805996472663,0.4670194003527337,0.4,0.5,5670.0,3022.0,2648.0,0.7063832148945653,0.21882884066514852,0.6269735220696954,0.20594536689876805,0.5259724587053495,0.39155161737116534,3022.0,2648.0,5670.0,0.7592394215318693,0.635626102292769,4825.0,0.7861139896373057,0.77801212760348,3793.0,2643.0,0.7101778282255014,0.3478955780500799,1877.0
0.4,0.15,0.0,0.45,0.5,0.55,0.55,1.0,True,7468.0,0.799812533476165,0.6363636363636364,0.6193408185440058,0.6278522274538211,0.6491697911087306,0.6284948936882638,0.5377532228360957,0.4622467771639042,0.4,0.5,5973.0,3212.0,2761.0,0.7063832148945653,0.21882884066514852,0.6269735220696954,0.20554365291912155,0.5451003946783763,0.37707485616552844,3212.0,2761.0,5973.0,0.799812533476165,0.6284948936882638,4825.0,0.8178238341968912,0.7478459199189053,3946.0,2643.0,0.7669315172152856,0.39615194869264925,2027.0
0.4,0.15,0.0,0.45,0.5,0.55,0.6,0.55,False,7468.0,0.8117300482056775,0.6441774491682071,0.6242897727272727,0.6342336109477399,0.6491697911087306,0.6349389640382712,0.5354668426261959,0.464533157373804,0.4,0.5,6062.0,3246.0,2816.0,0.7063832148945653,0.21882884066514852,0.6269735220696954,0.21906802356722016,0.5443629417210807,0.40243008253759066,3246.0,2816.0,6062.0,0.8117300482056775,0.6349389640382712,4825.0,0.8368911917098446,0.7914809311540366,4038.0,2643.0,0.76579644343549,0.32262845849802374,2024.0
0.4,0.15,0.0,0.45,0.5,0.55,0.6,0.55,True,7468.0,0.8523031601499732,0.6359138533178114,0.6193240013656538,0.6276189273417325,0.6491697911087306,0.6282796543597801,0.5398271798900236,0.46017282010997645,0.4,0.5,6365.0,3436.0,2929.0,0.7063832148945653,0.21882884066514852,0.6269735220696954,0.21866630958757366,0.5628662587872894,0.38848715156367014,3436.0,2929.0,6365.0,0.8523031601499732,0.6282796543597801,4825.0,0.8686010362694301,0.7625864948699594,4191.0,2643.0,0.8225501324252743,0.3693652253909844,2174.0
0.4,0.15,0.0,0.45,0.5,0.55,0.6,0.65,False,7468.0,0.8336904124263524,0.6441589483119211,0.6241750607849947,0.634167004548458,0.6491697911087306,0.6349180854481208,0.537584323803405,0.4624156761965949,0.4,0.5,6226.0,3347.0,2879.0,0.7063832148945653,0.21882884066514852,0.6269735220696954,0.22495982860203537,0.5516931138886533,0.4077626182722998,3347.0,2879.0,6226.0,0.8336904124263524,0.6349180854481208,4825.0,0.8584455958549223,0.7967165620473201,4142.0,2643.0,0.7884979190314038,0.31333973128598847,2084.0
0.4,0.15,0.0,0.45,0.5,0.55,0.6,0.65,True,7468.0,0.8742635243706481,0.6361323155216285,0.6193181818181818,0.6277252486699052,0.6491697911087306,0.628427017920049,0.5417368662888651,0.4582631337111349,0.4,0.5,6529.0,3537.0,2992.0,0.7063832148945653,0.21882884066514852,0.6269735220696954,0.22455811462238878,0.5699585115375765,0.3939902818831472,3537.0,2992.0,6529.0,0.8742635243706481,0.628427017920049,4825.0,0.8901554404145078,0.7683352735739232,4295.0,2643.0,0.845251608021188,0.3594449418084154,2234.0
0.4,0.15,0.0,0.45,0.5,0.55,0.6,1.0,False,7468.0,0.8373058382431708,0.643664485425342,0.62435143548945,0.634007960457396,0.6491697911087306,0.6347353270430194,0.5376619222773069,0.4623380777226931,0.4,0.5,6253.0,3362.0,2891.0,0.7063832148945653,0.21882884066514852,0.6269735220696954,0.22562935190144623,0.5530264398479176,0.40799017125382714,3362.0,2891.0,6253.0,0.8373058382431708,0.6347353270430194,4825.0,0.8617616580310881,0.7974987974987975,4158.0,2643.0,0.7926598562239879,0.3116945107398568,2095.0
0.4,0.15,0.0,0.45,0.5,0.55,0.6,1.0,True,7468.0,0.8778789501874665,0.6356981981981982,0.6195073235685752,0.6276027608833867,0.6491697911087306,0.6282794386821232,0.5417937766931056,0.4582062233068944,0.4,0.5,6556.0,3552.0,3004.0,0.7063832148945653,0.21882884066514852,0.6269735220696954,0.22522763792179962,0.5712492066802661,0.3942721237735771,3552.0,3004.0,6556.0,0.8778789501874665,0.6282794386821232,4825.0,0.8934715025906735,0.7691950823474831,4311.0,2643.0,0.8494135452137722,0.3576837416481069,2245.0
0.4,0.15,0.0,0.45,0.5,0.55,1.0,0.55,False,7468.0,0.8543117300482057,0.6418388129182426,0.6258919469928644,0.6338653799555536,0.6491697911087306,0.6344827586206897,0.5387147335423198,0.46128526645768025,0.4,0.5,6380.0,3437.0,2943.0,0.7063832148945653,0.21882884066514852,0.6269735220696954,0.22978039635779335,0.5588073611229599,0.4111978695055746,3437.0,2943.0,6380.0,0.8543117300482057,0.6344827586206897,4825.0,0.8781347150259068,0.8012744866650933,4237.0,2643.0,0.8108210367007189,0.30471301913205784,2143.0
0.4,0.15,0.0,0.45,0.5,0.55,1.0,0.55,True,7468.0,0.8948848419925013,0.6341328921974083,0.6210732984293194,0.6276030953133638,0.6491697911087306,0.6281610055364357,0.5427203351788119,0.4572796648211881,0.4,0.5,6683.0,3627.0,3056.0,0.7063832148945653,0.21882884066514852,0.6269735220696954,0.22937868237814674,0.5768475360155205,0.3976417823720671,3627.0,3056.0,6683.0,0.8948848419925013,0.6281610055364357,4825.0,0.9098445595854923,0.7733485193621867,4390.0,2643.0,0.8675747256905032,0.3501962494548626,2293.0
0.4,0.15,0.0,0.45,0.5,0.55,1.0,0.65,False,7468.0,0.8768077129084092,0.6418079096045197,0.6256648936170213,0.6337364016107705,0.6491697911087306,0.6343921808185705,0.5406230910201588,0.4593769089798412,0.4,0.5,6548.0,3540.0,3008.0,0.7063832148945653,0.21882884066514852,0.6269735220696954,0.2356722013926084,0.5661870324882939,0.4162444349120288,3540.0,3008.0,6548.0,0.8768077129084092,0.6343921808185705,4825.0,0.9001036269430052,0.8061247985263643,4343.0,2643.0,0.8342792281498297,0.2961451247165533,2205.0
0.4,0.15,0.0,0.45,0.5,0.55,1.0,0.65,True,7468.0,0.9173808248527049,0.6343163538873995,0.6209548221723806,0.6276355880298901,0.6491697911087306,0.6282294555539337,0.5444460662676981,0.45555393373230185,0.4,0.5,6851.0,3730.0,3121.0,0.7063832148945653,0.21882884066514852,0.6269735220696954,0.23527048741296197,0.5839992882871275,0.40286091461346013,3730.0,3121.0,6851.0,0.9173808248527049,0.6282294555539337,4825.0,0.9318134715025906,0.7786921708185054,4496.0,2643.0,0.8910329171396141,0.34097664543524414,2355.0
0.4,0.15,0.0,0.45,0.5,0.55,1.0,1.0,False,7468.0,0.8804231387252276,0.6413502109704642,0.6258278145695364,0.6335890127700003,0.6491697911087306,0.6342205323193917,0.5406844106463878,0.45931558935361216,0.4,0.5,6575.0,3555.0,3020.0,0.7063832148945653,0.21882884066514852,0.6269735220696954,0.23634172469201936,0.5674863055762704,0.4164712388116913,3555.0,3020.0,6575.0,0.8804231387252276,0.6342205323193917,4825.0,0.903419689119171,0.8068364303739389,4359.0,2643.0,0.838441165342414,0.2946750902527076,2216.0
0.4,0.15,0.0,0.45,0.5,0.55,1.0,1.0,True,7468.0,0.9209962506695233,0.6339118825100134,0.6211299074369614,0.6275208949734874,0.6491697911087306,0.6280895609188718,0.5444896772317535,0.4555103227682466,0.4,0.5,6878.0,3745.0,3133.0,0.7063832148945653,0.21882884066514852,0.6269735220696954,0.23594001071237286,0.5852590195619161,0.4031377609335795,3745.0,3133.0,6878.0,0.9209962506695233,0.6280895609188718,4825.0,0.9351295336787565,0.77947695035461,4512.0,2643.0,0.8951948543321983,0.3393913778529163,2366.0
0.4,0.15,0.0,0.45,0.6,0.45,0.5,0.55,False,7468.0,0.6610873058382432,0.6372324159021406,0.6079276174062904,0.6225800166542155,0.6491697911087306,0.6234555398014989,0.5298764431841199,0.4701235568158801,0.4,0.6,4937.0,2616.0,2321.0,0.7063832148945653,0.21882884066514852,0.6269735220696954,0.16322978039635785,0.49892761270643526,0.3271612479231549,2616.0,2321.0,4937.0,0.6610873058382432,0.6234555398014989,4825.0,0.6814507772020726,0.6982968369829684,3288.0,2643.0,0.6239122209610292,0.4742268041237113,1649.0
0.4,0.15,0.0,0.45,0.6,0.45,0.5,0.55,True,7468.0,0.7084895554365291,0.627375087966221,0.6014699877501021,0.6144225378581616,0.6491697911087306,0.6153846153846154,0.5371385371385371,0.46286146286146285,0.4,0.6,5291.0,2842.0,2449.0,0.7063832148945653,0.21882884066514852,0.6269735220696954,0.16349758971612216,0.5220114777092583,0.3132068866255551,2842.0,2449.0,5291.0,0.7084895554365291,0.6153846153846154,4825.0,0.7179274611398964,0.6628175519630485,3464.0,2643.0,0.6912599318955732,0.5254515599343186,1827.0
0.4,0.15,0.0,0.45,0.6,0.45,0.5,0.65,False,7468.0,0.6817086234600964,0.6370670596904937,0.6083298275136727,0.6226984436020833,0.6491697911087306,0.6236495776861127,0.5330976232567276,0.46690237674327245,0.4,0.6,5091.0,2714.0,2377.0,0.7063832148945653,0.21882884066514852,0.6269735220696954,0.16858596679164434,0.5065188331486067,0.3328325735564174,2714.0,2377.0,5091.0,0.6817086234600964,0.6236495776861127,4825.0,0.7015544041450777,0.7069423929098966,3385.0,2643.0,0.6454786227771472,0.45838218053927315,1706.0
0.4,0.15,0.0,0.45,0.6,0.45,0.5,0.65,True,7468.0,0.7291108730583824,0.6275510204081632,0.601996007984032,0.6147735141960976,0.6491697911087306,0.6157943067033976,0.5399449035812672,0.46005509641873277,0.4,0.6,5445.0,2940.0,2505.0,0.7063832148945653,0.21882884066514852,0.6269735220696954,0.1688537761114087,0.5292717151647978,0.3190304172193165,2940.0,2505.0,5445.0,0.7291108730583824,0.6157943067033976,4825.0,0.7380310880829015,0.6720022465599551,3561.0,2643.0,0.7128263337116912,0.5095541401273885,1884.0
0.4,0.15,0.0,0.45,0.6,0.45,0.5,1.0,False,7468.0,0.6853240492769148,0.6364968853059729,0.6086228547509418,0.6225598700284574,0.6491697911087306,0.6234857366158656,0.5332161000390777,0.46678389996092223,0.4,0.6,5118.0,2729.0,2389.0,0.7063832148945653,0.21882884066514852,0.6269735220696954,0.1692554900910552,0.5079707467885625,0.3331992859059383,2729.0,2389.0,5118.0,0.6853240492769148,0.6234857366158656,4825.0,0.7048704663212435,0.7083210820346957,3401.0,2643.0,0.6496405599697314,0.45544554455445546,1717.0
0.4,0.15,0.0,0.45,0.6,0.45,0.5,1.0,True,7468.0,0.7327262988752009,0.6270727580372251,0.6023043305522447,0.614688544294735,0.6491697911087306,0.6156798245614035,0.5400219298245614,0.45997807017543857,0.4,0.6,5472.0,2955.0,2517.0,0.7063832148945653,0.21882884066514852,0.6269735220696954,0.16952329941081945,0.5306613795370743,0.3194566364688234,2955.0,2517.0,5472.0,0.7327262988752009,0.6156798245614035,4825.0,0.7413471502590674,0.673469387755102,3577.0,2643.0,0.7169882709042754,0.5065963060686016,1895.0
0.4,0.15,0.0,0.45,0.6,0.45,0.55,0.55,False,7468.0,0.7711569362613819,0.6367801047120419,0.6170921198668147,0.6269361122894284,0.6491697911087306,0.6275395033860045,0.5306476818892168,0.4693523181107831,0.4,0.6,5759.0,3056.0,2703.0,0.7063832148945653,0.21882884066514852,0.6269735220696954,0.19670594536689875,0.5359342267920958,0.36703374319701104,3056.0,2703.0,5759.0,0.7711569362613819,0.6275395033860045,4825.0,0.792538860103627,0.7405857740585774,3824.0,2643.0,0.7321225879682179,0.4041343669250646,1935.0
0.4,0.15,0.0,0.45,0.6,0.45,0.55,0.55,True,7468.0,0.8185591858596679,0.6282754418037781,0.6110914871070293,0.6196834644554037,0.6491697911087306,0.6203173564534599,0.5368885980696876,0.46311140193031247,0.4,0.6,6113.0,3282.0,2831.0,0.7063832148945653,0.21882884066514852,0.6269735220696954,0.19697375468666314,0.5574878613804093,0.35332384493346924,3282.0,2831.0,6113.0,0.8185591858596679,0.6203173564534599,4825.0,0.8290155440414507,0.708,4000.0,2643.0,0.799470298902762,0.45433033601514433,2113.0
0.4,0.15,0.0,0.45,0.6,0.45,0.55,0.65,False,7468.0,0.7929833958221746,0.6368821292775665,0.6171366594360087,0.6270093943567876,0.6491697911087306,0.6276595744680851,0.5329280648429585,0.46707193515704154,0.4,0.6,5922.0,3156.0,2766.0,0.7063832148945653,0.21882884066514852,0.6269735220696954,0.20246384574183174,0.5433781142447416,0.3726021354821083,3156.0,2766.0,5922.0,0.7929833958221746,0.6276595744680851,4825.0,0.8138860103626943,0.7473898650369238,3927.0,2643.0,0.7548240635641317,0.3919799498746867,1995.0
0.4,0.15,0.0,0.45,0.6,0.45,0.55,0.65,True,7468.0,0.8403856454204607,0.628622117090479,0.6112646855563234,0.6199434013234012,0.6491697911087306,0.6206182281708095,0.5388782664117272,0.4611217335882728,0.4,0.6,6276.0,3382.0,2894.0,0.7063832148945653,0.21882884066514852,0.6269735220696954,0.2027316550615962,0.5646476734915608,0.3590409818001778,3382.0,2894.0,6276.0,0.8403856454204607,0.6206182281708095,4825.0,0.8503626943005181,0.7153302461613453,4103.0,2643.0,0.8221717744986757,0.441785549930971,2173.0
0.4,0.15,0.0,0.45,0.6,0.45,0.55,1.0,False,7468.0,0.796598821638993,0.6363923052664775,0.6173506119510439,0.6268714586087607,0.6491697911087306,0.6275004202386956,0.5330307614725164,0.4669692385274836,0.4,0.6,5949.0,3171.0,2778.0,0.7063832148945653,0.21882884066514852,0.6269735220696954,0.2031333690412426,0.5447317929943829,0.3729052933088803,3171.0,2778.0,5949.0,0.796598821638993,0.6275004202386956,4825.0,0.8172020725388601,0.7484149125031702,3943.0,2643.0,0.7589860007567159,0.3898305084745763,2006.0
0.4,0.15,0.0,0.45,0.6,0.45,0.55,1.0,True,7468.0,0.8440010712372791,0.6282013541360023,0.6114934618031659,0.6198474079695842,0.6491697911087306,0.6204981754719975,0.5389497064889736,0.4610502935110265,0.4,0.6,6303.0,3397.0,2906.0,0.7063832148945653,0.21882884066514852,0.6269735220696954,0.203401178361007,0.5659504805529686,0.3593974832608526,3397.0,2906.0,6303.0,0.8440010712372791,0.6204981754719975,4825.0,0.8536787564766839,0.7164360281621753,4119.0,2643.0,0.8263337116912599,0.43956043956043955,2184.0
0.4,0.15,0.0,0.45,0.6,0.45,0.6,0.55,False,7468.0,0.8490894483128013,0.6359351988217967,0.6174473862864902,0.6266912925541435,0.6491697911087306,0.6273458445040214,0.535404510329601,0.464595489670399,0.4,0.6,6341.0,3395.0,2946.0,0.7063832148945653,0.21882884066514852,0.6269735220696954,0.21625602570969465,0.562509298857853,0.3844488013776692,3395.0,2946.0,6341.0,0.8490894483128013,0.6273458445040214,4825.0,0.867979274611399,0.7631327602674307,4188.0,2643.0,0.8146046159667045,0.36321411983279145,2153.0
0.4,0.15,0.0,0.45,0.6,0.45,0.6,0.55,True,7468.0,0.8964916979110873,0.628279480806407,0.6119063109954457,0.6200928959009264,0.6491697911087306,0.6207617625093353,0.5408513816280807,0.45914861837191934,0.4,0.6,6695.0,3621.0,3074.0,0.7063832148945653,0.21882884066514852,0.6269735220696954,0.21652383502945907,0.5830814106459012,0.3713440886232464,3621.0,3074.0,6695.0,0.8964916979110873,0.6207617625093353,4825.0,0.9044559585492228,0.7323556370302475,4364.0,2643.0,0.8819523269012486,0.4118404118404118,2331.0
0.4,0.15,0.0,0.45,0.6,0.45,0.6,0.65,False,7468.0,0.8710498125334761,0.6361556064073226,0.6174808906613493,0.6268182485343359,0.6491697911087306,0.6275172943889316,0.5374327440430439,0.4625672559569562,0.4,0.6,6505.0,3496.0,3009.0,0.7063832148945653,0.21882884066514852,0.6269735220696954,0.22214783074450983,0.5696059961890176,0.39000261975962847,3496.0,3009.0,6505.0,0.8710498125334761,0.6275172943889316,4825.0,0.8895336787564767,0.7688723205964585,4292.0,2643.0,0.8373060915626183,0.35336647085404427,2213.0
0.4,0.15,0.0,0.45,0.6,0.45,0.6,0.65,True,7468.0,0.9184520621317622,0.6286942504030091,0.6120497290404845,0.6203719897217468,0.6491697911087306,0.6210817903484473,0.5426447003936434,0.4573552996063566,0.4,0.6,6859.0,3722.0,3137.0,0.7063832148945653,0.21882884066514852,0.6269735220696954,0.22241564006427433,0.5899306832448571,0.3770199557020809,3722.0,3137.0,6859.0,0.9184520621317622,0.6210817903484473,4825.0,0.9260103626943005,0.738585496866607,4468.0,2643.0,0.9046538024971623,0.4015056461731493,2391.0
0.4,0.15,0.0,0.45,0.6,0.45,0.6,1.0,False,7468.0,0.8746652383502946,0.6357163201367132,0.6176762661370407,0.6266962931368769,0.6491697911087306,0.627372933251684,0.5375076546233926,0.4624923453766075,0.4,0.6,6532.0,3511.0,3021.0,0.7063832148945653,0.21882884066514852,0.6269735220696954,0.22281735404392067,0.5708974883052009,0.39029310622015356,3511.0,3021.0,6532.0,0.8746652383502946,0.627372933251684,4825.0,0.8928497409326425,0.7697307335190343,4308.0,2643.0,0.8414680287552024,0.3516187050359712,2224.0
0.4,0.15,0.0,0.45,0.6,0.45,0.6,1.0,True,7468.0,0.9220674879485806,0.6283114797966283,0.6122578596379803,0.6202846697173043,0.6491697911087306,0.6209700842288701,0.5426953238454836,0.4573046761545164,0.4,0.6,6886.0,3737.0,3149.0,0.7063832148945653,0.21882884066514852,0.6269735220696954,0.22308516336368497,0.5911777755400213,0.3773571548083046,3737.0,3149.0,6886.0,0.9220674879485806,0.6209700842288701,4825.0,0.9293264248704663,0.7395182872435325,4484.0,2643.0,0.9088157396897465,0.3996669442131557,2402.0
0.4,0.15,0.0,0.45,0.6,0.45,1.0,0.55,False,7468.0,0.8916711301553294,0.634132738427217,0.6192645623169541,0.6266986503720855,0.6491697911087306,0.6272713620663763,0.5385192971917705,0.46148070280822945,0.4,0.6,6659.0,3586.0,3073.0,0.7063832148945653,0.21882884066514852,0.6269735220696954,0.22696839850026784,0.5764992331543302,0.3937011282016881,3586.0,3073.0,6659.0,0.8916711301553294,0.6272713620663763,4825.0,0.9092227979274612,0.7738773649418738,4387.0,2643.0,0.8596292092319334,0.34419014084507044,2272.0
0.4,0.15,0.0,0.45,0.6,0.45,1.0,0.55,True,7468.0,0.9390733797536154,0.6269674711437565,0.6138706654170571,0.6204190682804068,0.6491697911087306,0.6209895907600171,0.5435619563667474,0.4564380436332525,0.4,0.6,7013.0,3812.0,3201.0,0.7063832148945653,0.21882884066514852,0.6269735220696954,0.22723620782003218,0.5965891265911504,0.3808923054270814,3812.0,3201.0,7013.0,0.9390733797536154,0.6209895907600171,4825.0,0.945699481865285,0.7440280517203595,4563.0,2643.0,0.9269769201664775,0.39183673469387753,2450.0
0.4,0.15,0.0,0.45,0.6,0.45,1.0,0.65,False,7468.0,0.914167113015533,0.6343182434264029,0.6191841937539835,0.6267512185901931,0.6491697911087306,0.6273619452175186,0.5403544748791563,0.4596455251208437,0.4,0.6,6827.0,3689.0,3138.0,0.7063832148945653,0.21882884066514852,0.6269735220696954,0.232860203535083,0.5836552533304442,0.3989687443166833,3689.0,3138.0,6827.0,0.914167113015533,0.6273619452175186,4825.0,0.9311917098445596,0.7792121077231249,4493.0,2643.0,0.8830874006810443,0.3350471293916024,2334.0
0.4,0.15,0.0,0.45,0.6,0.45,1.0,0.65,True,7468.0,0.961569362613819,0.627330779054917,0.6139007960808328,0.6206157875678748,0.6491697911087306,0.6212226709371954,0.5451886923826765,0.45481130761732347,0.4,0.6,7181.0,3915.0,3266.0,0.7063832148945653,0.21882884066514852,0.6269735220696954,0.2331280128548474,0.6035069799757794,0.38628884269773245,3915.0,3266.0,7181.0,0.961569362613819,0.6212226709371954,4825.0,0.9676683937823835,0.7498393660312701,4669.0,2643.0,0.9504351116155884,0.3821656050955414,2512.0
0.4,0.15,0.0,0.45,0.6,0.45,1.0,1.0,False,7468.0,0.9177825388323514,0.6339092872570194,0.6193650793650793,0.6266371833110493,0.6491697911087306,0.6272249781149694,0.5404143565800992,0.45958564341990077,0.4,0.6,6854.0,3704.0,3150.0,0.7063832148945653,0.21882884066514852,0.6269735220696954,0.23352972683449383,0.5849157255527746,0.3992536302794673,3704.0,3150.0,6854.0,0.9177825388323514,0.6272249781149694,4825.0,0.9345077720207254,0.7799955644267021,4509.0,2643.0,0.8872493378736285,0.33347547974413644,2345.0
0.4,0.15,0.0,0.45,0.6,0.45,1.0,1.0,True,7468.0,0.9651847884306374,0.6269720101781171,0.6140939597315436,0.6205329849548303,0.6491697911087306,0.6211154273029966,0.545227524972253,0.4547724750277469,0.4,0.6,7208.0,3930.0,3278.0,0.7063832148945653,0.21882884066514852,0.6269735220696954,0.23379753615425808,0.6047260752921025,0.38661725648480794,3930.0,3278.0,7208.0,0.9651847884306374,0.6211154273029966,4825.0,0.9709844559585492,0.7506937033084312,4685.0,2643.0,0.9545970488081725,0.380499405469679,2523.0
0.4,0.15,0.0,0.45,0.6,0.55,0.5,0.55,False,7468.0,0.5594536689876808,0.6742729306487696,0.6340710241893979,0.6541719774190837,0.6491697911087306,0.6555768310196266,0.5349449497367161,0.46505505026328386,0.4,0.6,4178.0,2235.0,1943.0,0.7063832148945653,0.21882884066514852,0.6269735220696954,0.17407605784681307,0.4389633305532865,0.3965617301732261,2235.0,1943.0,4178.0,0.5594536689876808,0.6555768310196266,4825.0,0.5944041450777202,0.800557880055788,2868.0,2643.0,0.49564888384411654,0.3381679389312977,1310.0
0.4,0.15,0.0,0.45,0.6,0.55,0.5,0.55,True,7468.0,0.5954740224959829,0.6609674728940784,0.6261591020009761,0.6435632874475272,0.6491697911087306,0.6449291657297054,0.5392399370362042,0.4607600629637958,0.4,0.6,4447.0,2398.0,2049.0,0.7063832148945653,0.21882884066514852,0.6269735220696954,0.17260310658810923,0.4598211151675582,0.3753701187149983,2398.0,2049.0,4447.0,0.5954740224959829,0.6449291657297054,4825.0,0.623419689119171,0.7632978723404256,3008.0,2643.0,0.544457056375331,0.39749826268241834,1439.0
0.4,0.15,0.0,0.45,0.6,0.55,0.5,0.65,False,7468.0,0.580074986609534,0.672524646378054,0.6338169084542271,0.6531707774161406,0.6491697911087306,0.65466297322253,0.538550323176362,0.461449676823638,0.4,0.6,4332.0,2333.0,1999.0,0.7063832148945653,0.21882884066514852,0.6269735220696954,0.1794322442420996,0.4475727551848048,0.4009007299115229,2333.0,1999.0,4332.0,0.580074986609534,0.65466297322253,4825.0,0.6145077720207254,0.8070826306913996,2965.0,2643.0,0.5172152856602346,0.324067300658376,1367.0
0.4,0.15,0.0,0.45,0.6,0.55,0.5,0.65,True,7468.0,0.6160953401178361,0.6598557692307693,0.6261282660332541,0.6429920176320116,0.6491697911087306,0.644425124972832,0.5424907628776353,0.4575092371223647,0.4,0.6,4601.0,2496.0,2105.0,0.7063832148945653,0.21882884066514852,0.6269735220696954,0.17795929298339583,0.4680470313624691,0.38021668990264146,2496.0,2105.0,4601.0,0.6160953401178361,0.644425124972832,4825.0,0.6435233160621762,0.7706924315619967,3105.0,2643.0,0.5660234581914491,0.38235294117647056,1496.0
0.4,0.15,0.0,0.45,0.6,0.55,0.5,1.0,False,7468.0,0.5836904124263524,0.6716354344122658,0.634012928891099,0.6528241816516824,0.6491697911087306,0.6542785042440927,0.5386556549667355,0.4613443450332645,0.4,0.6,4359.0,2348.0,2011.0,0.7063832148945653,0.21882884066514852,0.6269735220696954,0.1801017675415105,0.44921522953081294,0.40092533757063287,2348.0,2011.0,4359.0,0.5836904124263524,0.6542785042440927,4825.0,0.6178238341968912,0.8081180811808119,2981.0,2643.0,0.5213772228528187,0.3214804063860668,1378.0
0.4,0.15,0.0,0.45,0.6,0.55,0.5,1.0,True,7468.0,0.6197107659346546,0.659099960175229,0.6263580538497875,0.6427290070125082,0.6491697911087306,0.6441227312013829,0.5425669835782195,0.45743301642178047,0.4,0.6,4628.0,2511.0,2117.0,0.7063832148945653,0.21882884066514852,0.6269735220696954,0.1786288162828066,0.46961790300831163,0.38037054196301606,2511.0,2117.0,4628.0,0.6197107659346546,0.6441227312013829,4825.0,0.6468393782383419,0.7718679910285166,3121.0,2643.0,0.5701853953840333,0.3795620437956204,1507.0
0.4,0.15,0.0,0.45,0.6,0.55,0.55,0.55,False,7468.0,0.6695232994108195,0.6676635514018692,0.6404301075268817,0.6540468294643754,0.6491697911087306,0.655,0.535,0.465,0.4,0.6,5000.0,2675.0,2325.0,0.7063832148945653,0.21882884066514852,0.6269735220696954,0.20755222281735405,0.4806095486949179,0.43185205824760753,2675.0,2325.0,5000.0,0.6695232994108195,0.655,4825.0,0.7054922279792746,0.8319623971797885,3404.0,2643.0,0.6038592508513053,0.2775689223057644,1596.0
0.4,0.15,0.0,0.45,0.6,0.55,0.55,0.55,True,7468.0,0.7055436529191216,0.656800563777308,0.6334841628959276,0.6451423633366178,0.6491697911087306,0.6460428923894477,0.5386221294363257,0.4613778705636743,0.4,0.6,5269.0,2838.0,2431.0,0.7063832148945653,0.21882884066514852,0.6269735220696954,0.2060792715586502,0.49973211891996266,0.4123794804385106,2838.0,2431.0,5269.0,0.7055436529191216,0.6460428923894477,4825.0,0.7345077720207254,0.7990970654627539,3544.0,2643.0,0.6526674233825198,0.33159420289855074,1725.0
0.4,0.15,0.0,0.45,0.6,0.55,0.55,0.65,False,7468.0,0.6913497589716122,0.6666666666666666,0.6398659966499163,0.6532663316582914,0.6491697911087306,0.6542707728065078,0.537478210342824,0.46252178965717605,0.4,0.6,5163.0,2775.0,2388.0,0.7063832148945653,0.21882884066514852,0.6269735220696954,0.21331012319228704,0.4888965308627814,0.4363093409884653,2775.0,2388.0,5163.0,0.6913497589716122,0.6542707728065078,4825.0,0.726839378238342,0.8368976333048189,3507.0,2643.0,0.626560726447219,0.267512077294686,1656.0
0.4,0.15,0.0,0.45,0.6,0.55,0.55,0.65,True,7468.0,0.7273701124799143,0.6562287270251872,0.6331194867682438,0.6446741068967154,0.6491697911087306,0.645618556701031,0.5408689248895434,0.45913107511045653,0.4,0.6,5432.0,2938.0,2494.0,0.7063832148945653,0.21882884066514852,0.6269735220696954,0.21183717193358337,0.5077070713247606,0.41724290225234884,2938.0,2494.0,5432.0,0.7273701124799143,0.645618556701031,4825.0,0.7558549222797928,0.8047710446942693,3647.0,2643.0,0.6753688989784336,0.3204481792717087,1785.0
0.4,0.15,0.0,0.45,0.6,0.55,0.55,1.0,False,7468.0,0.6949651847884306,0.6659498207885305,0.64,0.6529749103942653,0.6491697911087306,0.6539499036608863,0.5375722543352601,0.4624277456647399,0.4,0.6,5190.0,2790.0,2400.0,0.7063832148945653,0.21882884066514852,0.6269735220696954,0.21397964649169793,0.49040062107257404,0.4363364100634596,2790.0,2400.0,5190.0,0.6949651847884306,0.6539499036608863,4825.0,0.7301554404145078,0.8376383763837638,3523.0,2643.0,0.6307226636398032,0.265746850629874,1667.0
0.4,0.15,0.0,0.45,0.6,0.55,0.55,1.0,True,7468.0,0.7309855382967327,0.6556044700304775,0.6332801276935355,0.6444422988620064,0.6491697911087306,0.6453562923612384,0.5409415643890823,0.45905843561091775,0.4,0.6,5459.0,2953.0,2506.0,0.7063832148945653,0.21882884066514852,0.6269735220696954,0.21250669523299417,0.5091555965830772,0.4173708325296198,2953.0,2506.0,5459.0,0.7309855382967327,0.6453562923612384,4825.0,0.7591709844559585,0.8056238056238056,3663.0,2643.0,0.6795308361710178,0.3184855233853007,1796.0
0.4,0.15,0.0,0.45,0.6,0.55,0.6,0.55,False,7468.0,0.7474558114622389,0.6632382216323822,0.6386292834890965,0.6509337525607394,0.6491697911087306,0.6519168756718022,0.5399498387674668,0.4600501612325331,0.4,0.6,5582.0,3014.0,2568.0,0.7063832148945653,0.21882884066514852,0.6269735220696954,0.22710230316015,0.5100752436171005,0.4452329455350502,3014.0,2568.0,5582.0,0.7474558114622389,0.6519168756718022,4825.0,0.7809326424870466,0.8481953290870489,3768.0,2643.0,0.6863412788497919,0.2442116868798236,1814.0
0.4,0.15,0.0,0.45,0.6,0.55,0.6,0.55,True,7468.0,0.783476164970541,0.6537614101353478,0.6323859386686612,0.6430736744020045,0.6491697911087306,0.6439924799179627,0.5429841052811485,0.45701589471885146,0.4,0.6,5851.0,3177.0,2674.0,0.7063832148945653,0.21882884066514852,0.6269735220696954,0.22562935190144612,0.5281319972644598,0.4272215148298678,3177.0,2674.0,5851.0,0.783476164970541,0.6439924799179627,4825.0,0.8099481865284974,0.8178096212896623,3908.0,2643.0,0.7351494513810064,0.294390118373649,1943.0
0.4,0.15,0.0,0.45,0.6,0.55,0.6,0.65,False,7468.0,0.7694161756829138,0.6626003210272873,0.6381603952869631,0.6503803581571252,0.6491697911087306,0.6514096762965541,0.5421162547859381,0.45788374521406194,0.4,0.6,5746.0,3115.0,2631.0,0.7063832148945653,0.21882884066514852,0.6269735220696954,0.23299410819496516,0.5178909477331828,0.4498902890942277,3115.0,2631.0,5746.0,0.7694161756829138,0.6514096762965541,4825.0,0.8024870466321243,0.8522727272727273,3872.0,2643.0,0.7090427544457056,0.23639274279615796,1874.0
0.4,0.15,0.0,0.45,0.6,0.55,0.6,0.65,True,7468.0,0.8054365291912159,0.6534472239170226,0.6320789185239313,0.6427630712204769,0.6491697911087306,0.6437240232751454,0.5449709060681629,0.45502909393183705,0.4,0.6,6015.0,3278.0,2737.0,0.7063832148945653,0.21882884066514852,0.6269735220696954,0.23152115693626135,0.5356843157378022,0.4321970050913017,3278.0,2737.0,6015.0,0.8054365291912159,0.6437240232751454,4825.0,0.8315025906735751,0.8225324027916251,4012.0,2643.0,0.7578509269769201,0.2855716425361957,2003.0
0.4,0.15,0.0,0.45,0.6,0.55,0.6,1.0,False,7468.0,0.7730316014997322,0.6619808306709265,0.6382898221717745,0.6501353264213505,0.6491697911087306,0.6511345920665166,0.542179109648363,0.4578208903516369,0.4,0.6,5773.0,3130.0,2643.0,0.7063832148945653,0.21882884066514852,0.6269735220696954,0.23366363149437605,0.5193110676681926,0.44994926170853833,3130.0,2643.0,5773.0,0.7730316014997322,0.6511345920665166,4825.0,0.8058031088082902,0.852880658436214,3888.0,2643.0,0.7132046916382898,0.2350132625994695,1885.0
0.4,0.15,0.0,0.45,0.6,0.55,0.6,1.0,True,7468.0,0.8090519550080343,0.6529000911023383,0.6322299017824663,0.6425649964424023,0.6491697911087306,0.6434955312810328,0.5450182058920887,0.4549817941079113,0.4,0.6,6042.0,3293.0,2749.0,0.7063832148945653,0.21882884066514852,0.6269735220696954,0.2321906802356722,0.5370573874235238,0.4323386767838396,3293.0,2749.0,6042.0,0.8090519550080343,0.6434955312810328,4825.0,0.8348186528497409,0.8232373386295928,4028.0,2643.0,0.7620128641695043,0.2840119165839126,2014.0
0.4,0.15,0.0,0.45,0.6,0.55,1.0,0.55,False,7468.0,0.790037493304767,0.6595943837753511,0.6397031539888682,0.6496487688821097,0.6491697911087306,0.6505084745762711,0.5432203389830509,0.45677966101694917,0.4,0.6,5900.0,3205.0,2695.0,0.7063832148945653,0.21882884066514852,0.6269735220696954,0.23781467595072303,0.5254630421609325,0.45258116531416875,3205.0,2695.0,5900.0,0.790037493304767,0.6505084745762711,4825.0,0.8221761658031088,0.8558104360978069,3967.0,2643.0,0.7313658721150208,0.22917744438696327,1933.0
0.4,0.15,0.0,0.45,0.6,0.55,1.0,0.55,True,7468.0,0.826057846813069,0.6508313539192399,0.6337022491967155,0.6422668015579777,0.6491697911087306,0.6430539795752959,0.5459555843734804,0.4540444156265197,0.4,0.6,6169.0,3368.0,2801.0,0.7063832148945653,0.21882884066514852,0.6269735220696954,0.2363417246920193,0.5430083434538782,0.43524510726434834,3368.0,2801.0,6169.0,0.826057846813069,0.6430539795752959,4825.0,0.8511917098445596,0.8266374482590699,4107.0,2643.0,0.7801740446462353,0.27740058195926287,2062.0
0.4,0.15,0.0,0.45,0.6,0.55,1.0,0.65,False,7468.0,0.8125334761649705,0.6590084643288996,0.6391304347826087,0.6490694495557541,0.6491697911087306,0.6499670402109426,0.5451549110085695,0.45484508899143045,0.4,0.6,6068.0,3308.0,2760.0,0.7063832148945653,0.21882884066514852,0.6269735220696954,0.2437064809855383,0.5333043198678556,0.45697451137452794,3308.0,2760.0,6068.0,0.8125334761649705,0.6499670402109426,4825.0,0.8441450777202073,0.859562975693592,4073.0,2643.0,0.7548240635641317,0.22205513784461153,1995.0
0.4,0.15,0.0,0.45,0.6,0.55,1.0,0.65,True,7468.0,0.8485538296732726,0.6505329876116392,0.6332868108862526,0.6419098992489459,0.6491697911087306,0.6427331544895061,0.5477355215401609,0.452264478459839,0.4,0.6,6337.0,3471.0,2866.0,0.7063832148945653,0.21882884066514852,0.6269735220696954,0.24223352972683448,0.5505998092745937,0.4399448122693199,3471.0,2866.0,6337.0,0.8485538296732726,0.6427331544895061,4825.0,0.873160621761658,0.830999287918348,4213.0,2643.0,0.8036322360953462,0.2693032015065913,2124.0
0.4,0.15,0.0,0.45,0.6,0.55,1.0,1.0,False,7468.0,0.816148901981789,0.6584411676196208,0.6392496392496393,0.64884540343463,0.6491697911087306,0.649712879409352,0.5452009844134537,0.45479901558654634,0.4,0.6,6095.0,3323.0,2772.0,0.7063832148945653,0.21882884066514852,0.6269735220696954,0.24437600428494918,0.5346835034377065,0.4570479596130279,3323.0,2772.0,6095.0,0.816148901981789,0.649712879409352,4825.0,0.8474611398963731,0.8601124969430178,4089.0,2643.0,0.7589860007567159,0.22083748753738783,2006.0
0.4,0.15,0.0,0.45,0.6,0.55,1.0,1.0,True,7468.0,0.852169255490091,0.6500286861732645,0.6334259902710215,0.641727338222143,0.6491697911087306,0.6425204274041484,0.5477686989314896,0.4522313010685104,0.4,0.6,6364.0,3486.0,2878.0,0.7063832148945653,0.21882884066514852,0.6269735220696954,0.2429030530262454,0.5519357763652605,0.44009296629739914,3486.0,2878.0,6364.0,0.852169255490091,0.6425204274041484,4825.0,0.8764766839378239,0.8316386852683849,4229.0,2643.0,0.8077941732879304,0.2679156908665105,2135.0
0.4,0.2,0.0,0.0,0.5,0.45,0.5,0.55,False,7468.0,0.7477236207820032,0.5936088919763807,0.5693160813308688,0.5814624866536247,0.6491697911087306,0.5818409742120344,0.515580229226361,0.48441977077363896,0.4,0.5,5584.0,2879.0,2705.0,0.7063832148945653,0.21882884066514852,0.6269735220696954,0.12238885913229781,0.5591666842944532,0.2188772374497346,2879.0,2705.0,5584.0,0.7477236207820032,0.5818409742120344,4825.0,0.7641450777202072,0.5513967995660428,3687.0,2643.0,0.7177449867574726,0.6410121244069583,1897.0
0.4,0.2,0.0,0.0,0.5,0.45,0.5,0.55,True,7468.0,0.7957953936797001,0.5878378378378378,0.5654320987654321,0.576634968301635,0.6491697911087306,0.5771495877502945,0.5229681978798587,0.47703180212014135,0.4,0.5,5943.0,3108.0,2835.0,0.7063832148945653,0.21882884066514852,0.6269735220696954,0.12279057311194429,0.5800882780093715,0.21167566690592665,3108.0,2835.0,5943.0,0.7957953936797001,0.5771495877502945,4825.0,0.8010362694300518,0.5260025873221216,3865.0,2643.0,0.7862277714718123,0.6722810394610202,2078.0
0.4,0.2,0.0,0.0,0.5,0.45,0.5,0.65,False,7468.0,0.7675415104445634,0.594758064516129,0.56966618287373,0.5822121236949296,0.6491697911087306,0.5826936496859735,0.5191905094207956,0.48080949057920447,0.4,0.5,5732.0,2976.0,2756.0,0.7063832148945653,0.21882884066514852,0.6269735220696954,0.12694161756829137,0.5659504805529686,0.22429810015226342,2976.0,2756.0,5732.0,0.7675415104445634,0.5826936496859735,4825.0,0.7830051813471502,0.5622022233986236,3778.0,2643.0,0.7393113885735906,0.6223132036847492,1954.0
0.4,0.2,0.0,0.0,0.5,0.45,0.5,0.65,True,7468.0,0.8156132833422604,0.5890795631825273,0.5658350658350658,0.5774573145087966,0.6491697911087306,0.57806599901494,0.5261861763257265,0.4738138236742735,0.4,0.5,6091.0,3205.0,2886.0,0.7063832148945653,0.21882884066514852,0.6269735220696954,0.12734333154793784,0.5866301866569442,0.21707599514037115,3205.0,2886.0,6091.0,0.8156132833422604,0.57806599901494,4825.0,0.8198963730569948,0.5369059656218402,3956.0,2643.0,0.8077941732879304,0.6543325526932084,2135.0
0.4,0.2,0.0,0.0,0.5,0.45,0.5,1.0,False,7468.0,0.7710230316014998,0.5944500167168171,0.5702927358149621,0.5823713762658895,0.6491697911087306,0.5828412643278916,0.5194511983327544,0.48054880166724556,0.4,0.5,5758.0,2991.0,2767.0,0.7063832148945653,0.21882884066514852,0.6269735220696954,0.12774504552758437,0.5671322535678585,0.2252473646560104,2991.0,2767.0,5758.0,0.7710230316014998,0.5828412643278916,4825.0,0.7863212435233161,0.5640484976278334,3794.0,2643.0,0.7430949678395763,0.6191446028513238,1964.0
0.4,0.2,0.0,0.0,0.5,0.45,0.5,1.0,True,7468.0,0.8190948044991966,0.5888198757763975,0.566448049706593,0.5776339627414953,0.6491697911087306,0.5782246199117215,0.5264018309628903,0.4735981690371097,0.4,0.5,6117.0,3220.0,2897.0,0.7063832148945653,0.21882884066514852,0.6269735220696954,0.12814675950723092,0.5877703824589862,0.21802180465629847,3220.0,2897.0,6117.0,0.8190948044991966,0.5782246199117215,4825.0,0.8232124352331606,0.5387713997985901,3972.0,2643.0,0.811577752553916,0.6512820512820513,2145.0
0.4,0.2,0.0,0.0,0.5,0.45,0.55,0.55,False,7468.0,0.8011515800749867,0.6016129032258064,0.578563995837669,0.5900884495317378,0.6491697911087306,0.5905064348988801,0.5181347150259067,0.48186528497409326,0.4,0.5,5983.0,3100.0,2883.0,0.7063832148945653,0.21882884066514852,0.6269735220696954,0.14501874665238343,0.5727708239001893,0.253188082564859,3100.0,2883.0,5983.0,0.8011515800749867,0.5905064348988801,4825.0,0.8230051813471503,0.5834802316796777,3971.0,2643.0,0.7612561483163073,0.6043737574552683,2012.0
0.4,0.2,0.0,0.0,0.5,0.45,0.55,0.55,True,7468.0,0.8492233529726835,0.5956743766896966,0.574510454696316,0.5850924156930063,0.6491697911087306,0.5856196783349101,0.5249132765689057,0.4750867234310943,0.4,0.5,6342.0,3329.0,3013.0,0.7063832148945653,0.21882884066514852,0.6269735220696954,0.14542046063203,0.5932128169302537,0.24514045631136058,3329.0,3013.0,6342.0,0.8492233529726835,0.5856196783349101,4825.0,0.8598963730569948,0.5584478187515064,4149.0,2643.0,0.8297389330306469,0.6370269037847697,2193.0
0.4,0.2,0.0,0.0,0.5,0.45,0.55,0.65,False,7468.0,0.821103374397429,0.6024397873005943,0.5788756388415673,0.5906577130710808,0.6491697911087306,0.5911611219830398,0.5213633398564905,0.4786366601435095,0.4,0.5,6132.0,3197.0,2935.0,0.7063832148945653,0.21882884066514852,0.6269735220696954,0.1497054097482593,0.5793953592535799,0.25838213468109394,3197.0,2935.0,6132.0,0.821103374397429,0.5911611219830398,4825.0,0.8420725388601036,0.5929116416441054,4063.0,2643.0,0.7828225501324253,0.5877235379410343,2069.0
0.4,0.2,0.0,0.0,0.5,0.45,0.55,0.65,True,7468.0,0.8691751472951259,0.5966141272621133,0.5748776508972268,0.5857458890796701,0.6491697911087306,0.586350331227854,0.5278077337852412,0.4721922662147589,0.4,0.5,6491.0,3426.0,3065.0,0.7063832148945653,0.21882884066514852,0.6269735220696954,0.15010712372790574,0.5996115507423202,0.2503406139225851,3426.0,3065.0,6491.0,0.8691751472951259,0.586350331227854,4825.0,0.8789637305699481,0.5680264088658336,4241.0,2643.0,0.8513053348467651,0.6208888888888889,2250.0
0.4,0.2,0.0,0.0,0.5,0.45,0.55,1.0,False,7468.0,0.8245848955543653,0.6021170610211706,0.5794297352342159,0.5907733981276933,0.6491697911087306,0.5912633972068854,0.5215979214030529,0.47840207859694706,0.4,0.5,6158.0,3212.0,2946.0,0.7063832148945653,0.21882884066514852,0.6269735220696954,0.15050883770755225,0.5805497643814925,0.2592522587067135,3212.0,2946.0,6158.0,0.8245848955543653,0.5912633972068854,4825.0,0.8453886010362694,0.5945084579553812,4079.0,2643.0,0.7866061293984109,0.5848965848965849,2079.0
0.4,0.2,0.0,0.0,0.5,0.45,0.55,1.0,True,7468.0,0.8726566684520621,0.5963382737576286,0.5754226267880365,0.5858804502728325,0.6491697911087306,0.5864661654135338,0.528003682676078,0.47199631732392205,0.4,0.5,6517.0,3441.0,3076.0,0.7063832148945653,0.21882884066514852,0.6269735220696954,0.15091055168719866,0.6007271080802261,0.2512131542880945,3441.0,3076.0,6517.0,0.8726566684520621,0.5864661654135338,4825.0,0.882279792746114,0.5696499882546394,4257.0,2643.0,0.8550889141127507,0.618141592920354,2260.0
0.4,0.2,0.0,0.0,0.5,0.45,0.6,0.55,False,7468.0,0.8291376539903589,0.6062869592281357,0.5787176905001679,0.5925023248641518,0.6491697911087306,0.5930232558139535,0.5188953488372093,0.4811046511627907,0.4,0.5,6192.0,3213.0,2979.0,0.7063832148945653,0.21882884066514852,0.6269735220696954,0.1542581681842529,0.5808956385643234,0.2655522919151194,3213.0,2979.0,6192.0,0.8291376539903589,0.5930232558139535,4825.0,0.8518134715025907,0.5975669099756691,4110.0,2643.0,0.7877412031782066,0.5840537944284342,2082.0
0.4,0.2,0.0,0.0,0.5,0.45,0.6,0.55,True,7468.0,0.8772094268880557,0.600232423009878,0.5747828883885494,0.5875076556992137,0.6491697911087306,0.5881544802320257,0.5254159670279347,0.4745840329720653,0.4,0.5,6551.0,3442.0,3109.0,0.7063832148945653,0.21882884066514852,0.6269735220696954,0.1546598821638993,0.6010613715437702,0.25731129878912334,3442.0,3109.0,6551.0,0.8772094268880557,0.5881544802320257,4825.0,0.8887046632124352,0.5727611940298507,4288.0,2643.0,0.8562239878925464,0.6173221387538665,2263.0
0.4,0.2,0.0,0.0,0.5,0.45,0.6,0.65,False,7468.0,0.8490894483128013,0.6069486404833837,0.5790168261299901,0.5929827333066868,0.6491697911087306,0.5935972244125532,0.5219996845923356,0.4780003154076644,0.4,0.5,6341.0,3310.0,3031.0,0.7063832148945653,0.21882884066514852,0.6269735220696954,0.1589448312801286,0.5874285560954083,0.2705772976659876,3310.0,3031.0,6341.0,0.8490894483128013,0.5935972244125532,4825.0,0.8708808290155441,0.6063779152784389,4202.0,2643.0,0.8093076049943246,0.5684899485741001,2139.0
0.4,0.2,0.0,0.0,0.5,0.45,0.6,0.65,True,7468.0,0.8971612212104981,0.601017236507488,0.5751344511230623,0.5880758438152751,0.6491697911087306,0.5888059701492537,0.5282089552238806,0.4717910447761194,0.4,0.5,6700.0,3539.0,3161.0,0.7063832148945653,0.21882884066514852,0.6269735220696954,0.15934654525977504,0.6073774262971596,0.2623517739722758,3539.0,3161.0,6700.0,0.8971612212104981,0.5888059701492537,4825.0,0.9077720207253887,0.5817351598173516,4380.0,2643.0,0.8777903897086644,0.6021551724137931,2320.0
0.4,0.2,0.0,0.0,0.5,0.45,0.6,1.0,False,7468.0,0.8525709694697375,0.6066165413533835,0.5795529257067719,0.5930847335300777,0.6491697911087306,0.5936861944400816,0.5222239673315533,0.4777760326684467,0.4,0.5,6367.0,3325.0,3042.0,0.7063832148945653,0.21882884066514852,0.6269735220696954,0.1597482592394215,0.5885672052664488,0.2714188928808941,3325.0,3042.0,6367.0,0.8525709694697375,0.5936861944400816,4825.0,0.8741968911917098,0.6078710289236605,4218.0,2643.0,0.8130911842603102,0.5658445788738948,2149.0
0.4,0.2,0.0,0.0,0.5,0.45,0.6,1.0,True,7468.0,0.9006427423674344,0.600731570061902,0.5756620428751577,0.5881968064685299,0.6491697911087306,0.5889087124591139,0.5283972643473089,0.47160273565269106,0.4,0.5,6726.0,3554.0,3172.0,0.7063832148945653,0.21882884066514852,0.6269735220696954,0.16014997321906807,0.6084787461975835,0.2631973166192803,3554.0,3172.0,6726.0,0.9006427423674344,0.5889087124591139,4825.0,0.9110880829015544,0.5832575068243858,4396.0,2643.0,0.88157396897465,0.5995708154506437,2330.0
0.4,0.2,0.0,0.0,0.5,0.45,1.0,0.55,False,7468.0,0.8411890733797536,0.6078311410217192,0.5801526717557252,0.5939919063887222,0.6491697911087306,0.5945558739255015,0.520375676536135,0.479624323463865,0.4,0.5,6282.0,3269.0,3013.0,0.7063832148945653,0.21882884066514852,0.6269735220696954,0.15907873594001076,0.5839992882871274,0.27239542775229986,3269.0,3013.0,6282.0,0.8411890733797536,0.5945558739255015,4825.0,0.8648704663212435,0.6036424634555476,4173.0,2643.0,0.7979568671963677,0.5765765765765766,2109.0
0.4,0.2,0.0,0.0,0.5,0.45,1.0,0.55,True,7468.0,0.8892608462774505,0.6017724413950829,0.5762010817690105,0.5889867615820468,0.6491697911087306,0.58967023038699,0.5267279024243336,0.4732720975756663,0.4,0.5,6641.0,3498.0,3143.0,0.7063832148945653,0.21882884066514852,0.6269735220696954,0.1594804499196573,0.6040614192107427,0.2640136331302734,3498.0,3143.0,6641.0,0.8892608462774505,0.58967023038699,4825.0,0.9017616580310881,0.5789473684210527,4351.0,2643.0,0.8664396519107075,0.6100436681222707,2290.0
0.4,0.2,0.0,0.0,0.5,0.45,1.0,0.65,False,7468.0,0.861140867702196,0.6084373143196673,0.5804241435562806,0.594430728937974,0.6491697911087306,0.595086300730835,0.5234022702534598,0.4765977297465402,0.4,0.5,6431.0,3366.0,3065.0,0.7063832148945653,0.21882884066514852,0.6269735220696954,0.16376539903588644,0.5904978698802856,0.27733444503210036,3366.0,3065.0,6431.0,0.861140867702196,0.595086300730835,4825.0,0.883937823834197,0.6121922626025791,4265.0,2643.0,0.8195232690124858,0.5614035087719298,2166.0
0.4,0.2,0.0,0.0,0.5,0.45,1.0,0.65,True,7468.0,0.9092126405998929,0.6025034770514603,0.5765258215962441,0.5895146493238522,0.6491697911087306,0.590279823269514,0.5294550810014728,0.47054491899852724,0.4,0.5,6790.0,3595.0,3195.0,0.7063832148945653,0.21882884066514852,0.6269735220696954,0.16416711301553297,0.6103464293269684,0.2689736600844225,3595.0,3195.0,6790.0,0.9092126405998929,0.590279823269514,4825.0,0.9208290155440414,0.5876659914472203,4443.0,2643.0,0.8880060537268256,0.5952279505752024,2347.0
0.4,0.2,0.0,0.0,0.5,0.45,1.0,1.0,False,7468.0,0.8646223888591323,0.6081041112097013,0.5809492847854356,0.5945266979975685,0.6491697911087306,0.595168034691033,0.5236177791544061,0.47638222084559395,0.4,0.5,6457.0,3381.0,3076.0,0.7063832148945653,0.21882884066514852,0.6269735220696954,0.1645688269951794,0.5916306118956122,0.2781614468323287,3381.0,3076.0,6457.0,0.8646223888591323,0.595168034691033,4825.0,0.8872538860103627,0.6136416725064238,4281.0,2643.0,0.8233068482784714,0.5588235294117647,2176.0
0.4,0.2,0.0,0.0,0.5,0.45,1.0,1.0,True,7468.0,0.9126941617568292,0.6022160664819944,0.5770430442919526,0.5896295553869735,0.6491697911087306,0.5903755868544601,0.5296361502347418,0.4703638497652582,0.4,0.5,6816.0,3610.0,3206.0,0.7063832148945653,0.21882884066514852,0.6269735220696954,0.16497054097482597,0.6114424015318218,0.269805529615761,3610.0,3206.0,6816.0,0.9126941617568292,0.5903755868544601,4825.0,0.9241450777202073,0.5891455483292218,4459.0,2643.0,0.8917896329928112,0.5927025880356386,2357.0
0.4,0.2,0.0,0.0,0.5,0.55,0.5,0.55,False,7468.0,0.703401178361007,0.6048925129725723,0.57573385518591,0.5903131840792412,0.6491697911087306,0.5907100704359414,0.5136112697506187,0.4863887302493813,0.4,0.5,5253.0,2698.0,2555.0,0.7063832148945653,0.21882884066514852,0.6269735220696954,0.1276111408677022,0.5365584951770426,0.23783267251335885,2698.0,2555.0,5253.0,0.703401178361007,0.5907100704359414,4825.0,0.7258031088082901,0.5805254140491148,3502.0,2643.0,0.6625047294740825,0.6110793832095945,1751.0
0.4,0.2,0.0,0.0,0.5,0.55,0.5,0.55,True,7468.0,0.7446438136047134,0.597717052922864,0.5722846441947566,0.5850008485588103,0.6491697911087306,0.5855062039201583,0.519870526883654,0.48012947311634596,0.4,0.5,5561.0,2891.0,2670.0,0.7063832148945653,0.21882884066514852,0.6269735220696954,0.12734333154793792,0.5555629946535205,0.2292149275121468,2891.0,2670.0,5561.0,0.7446438136047134,0.5855062039201583,4825.0,0.7579274611398964,0.5559201531309816,3657.0,2643.0,0.7203934922436626,0.6423319327731093,1904.0
0.4,0.2,0.0,0.0,0.5,0.55,0.5,0.65,False,7468.0,0.7232190680235672,0.6057245080500895,0.5759785111281658,0.5908515095891276,0.6491697911087306,0.5913719681540456,0.5174967598592853,0.48250324014071466,0.4,0.5,5401.0,2795.0,2606.0,0.7063832148945653,0.21882884066514852,0.6269735220696954,0.13216389930369582,0.543624488374039,0.24311616222255406,2795.0,2606.0,5401.0,0.7232190680235672,0.5913719681540456,4825.0,0.7446632124352331,0.5911494572780406,3593.0,2643.0,0.6840711312902006,0.5918141592920354,1808.0
0.4,0.2,0.0,0.0,0.5,0.55,0.5,0.65,True,7468.0,0.7644617032672737,0.5987282463186078,0.5725836089672914,0.5856559276429496,0.6491697911087306,0.5862672972499562,0.5233841303205465,0.4766158696794535,0.4,0.5,5709.0,2988.0,2721.0,0.7063832148945653,0.21882884066514852,0.6269735220696954,0.1318960899839314,0.5623902618659672,0.23452769176036303,2988.0,2721.0,5709.0,0.7644617032672737,0.5862672972499562,4825.0,0.7767875647668394,0.5667022411953042,3748.0,2643.0,0.7419598940597806,0.6236613972463029,1961.0
0.4,0.2,0.0,0.0,0.5,0.55,0.5,1.0,False,7468.0,0.7267005891805035,0.605338078291815,0.57661444401987,0.5909762611558425,0.6491697911087306,0.5914870093974571,0.5177814630550949,0.48221853694490513,0.4,0.5,5427.0,2810.0,2617.0,0.7063832148945653,0.21882884066514852,0.6269735220696954,0.1329673272629887,0.5448546879295042,0.24404181556788337,2810.0,2617.0,5427.0,0.7267005891805035,0.5914870093974571,4825.0,0.747979274611399,0.5929620393460793,3609.0,2643.0,0.6878547105561862,0.5885588558855885,1818.0
0.4,0.2,0.0,0.0,0.5,0.55,0.5,1.0,True,7468.0,0.7679432244242099,0.5984015984015985,0.5732064421669106,0.5858040202842545,0.6491697911087306,0.5863993025283348,0.5236268526591107,0.47637314734088926,0.4,0.5,5735.0,3003.0,2732.0,0.7063832148945653,0.21882884066514852,0.6269735220696954,0.1326995179432245,0.5635795003728336,0.2354583831658847,3003.0,2732.0,5735.0,0.7679432244242099,0.5863993025283348,4825.0,0.7801036269430052,0.5685441020191286,3764.0,2643.0,0.7457434733257662,0.6204972095383054,1971.0
0.4,0.2,0.0,0.0,0.5,0.55,0.55,0.55,False,7468.0,0.7568291376539904,0.6125385405960946,0.5850713501646543,0.5988049453803744,0.6491697911087306,0.5992569002123143,0.5164543524416136,0.4835456475583864,0.4,0.5,5652.0,2919.0,2733.0,0.7063832148945653,0.21882884066514852,0.6269735220696954,0.15024102838778797,0.5507213947479263,0.2728076842857279,2919.0,2733.0,5652.0,0.7568291376539904,0.5992569002123143,4825.0,0.7846632124352332,0.6119915478077126,3786.0,2643.0,0.7060158910329172,0.5734190782422294,1866.0
0.4,0.2,0.0,0.0,0.5,0.55,0.55,0.55,True,7468.0,0.7980717728976968,0.6053984575835476,0.5814606741573034,0.5934295658704255,0.6491697911087306,0.5939597315436241,0.5221476510067115,0.4778523489932886,0.4,0.5,5960.0,3112.0,2848.0,0.7063832148945653,0.21882884066514852,0.6269735220696954,0.14997321906802352,0.5692532625421102,0.2634560553913898,3112.0,2848.0,5960.0,0.7980717728976968,0.5939597315436241,4825.0,0.8167875647668393,0.5879218472468917,3941.0,2643.0,0.7639046538024972,0.6057454185240218,2019.0
0.4,0.2,0.0,0.0,0.5,0.55,0.55,0.65,False,7468.0,0.7767809319764328,0.6130636604774535,0.585278276481149,0.5991709684793013,0.6491697911087306,0.5997241854852612,0.5199103602827099,0.48008963971729013,0.4,0.5,5801.0,3016.0,2785.0,0.7063832148945653,0.21882884066514852,0.6269735220696954,0.15492769148366367,0.5576079449276028,0.2778434075285257,3016.0,2785.0,5801.0,0.7767809319764328,0.5997241854852612,4825.0,0.8037305699481865,0.6211964930376482,3878.0,2643.0,0.7275822928490352,0.5564222568902756,1923.0
0.4,0.2,0.0,0.0,0.5,0.55,0.55,0.65,True,7468.0,0.8180235672201392,0.6061078217513244,0.5817241379310345,0.5939159798411795,0.6491697911087306,0.5945326567359633,0.525290554918972,0.47470944508102797,0.4,0.5,6109.0,3209.0,2900.0,0.7063832148945653,0.21882884066514852,0.6269735220696954,0.1546598821638993,0.5759182602836274,0.26854484886055296,3209.0,2900.0,6109.0,0.8180235672201392,0.5945326567359633,4825.0,0.8358549222797927,0.5973220927349367,4033.0,2643.0,0.7854710556186152,0.5891136801541426,2076.0
0.4,0.2,0.0,0.0,0.5,0.55,0.55,1.0,False,7468.0,0.7802624531333691,0.6126690861101947,0.5858369098712446,0.5992529979907196,0.6491697911087306,0.5997940621245924,0.520164750300326,0.47983524969967395,0.4,0.5,5827.0,3031.0,2796.0,0.7063832148945653,0.21882884066514852,0.6269735220696954,0.15573111944295662,0.55880736112296,0.2786848031672395,3031.0,2796.0,5827.0,0.7802624531333691,0.5997940621245924,4825.0,0.8070466321243523,0.6227529532614279,3894.0,2643.0,0.7313658721150208,0.553543714433523,1933.0
0.4,0.2,0.0,0.0,0.5,0.55,0.55,1.0,True,7468.0,0.8215050883770755,0.6057692307692307,0.5822741326004809,0.5940216816848558,0.6491697911087306,0.5946210268948655,0.5255093724531378,0.4744906275468623,0.4,0.5,6135.0,3224.0,2911.0,0.7063832148945653,0.21882884066514852,0.6269735220696954,0.15546331012319226,0.5770796211329435,0.26939663857472745,3224.0,2911.0,6135.0,0.8215050883770755,0.5946210268948655,4825.0,0.8391709844559585,0.5989133119288713,4049.0,2643.0,0.7892546348846008,0.5862895493767977,2086.0
0.4,0.2,0.0,0.0,0.5,0.55,0.6,0.55,False,7468.0,0.7848152115693626,0.6170844327176781,0.585012371862849,0.6010484022902636,0.6491697911087306,0.6016038218734004,0.5173178638457601,0.4826821361542399,0.4,0.5,5861.0,3032.0,2829.0,0.7063832148945653,0.21882884066514852,0.6269735220696954,0.1594804499196572,0.5591666842944532,0.28521092976218154,3032.0,2829.0,5861.0,0.7848152115693626,0.6016038218734004,4825.0,0.8134715025906736,0.6257324840764331,3925.0,2643.0,0.7325009458948165,0.5526859504132231,1936.0
0.4,0.2,0.0,0.0,0.5,0.55,0.6,0.55,True,7468.0,0.826057846813069,0.6099224806201551,0.5815217391304348,0.595722109875295,0.6491697911087306,0.5963689414816016,0.5227751661533474,0.4772248338466526,0.4,0.5,6169.0,3225.0,2944.0,0.7063832148945653,0.21882884066514852,0.6269735220696954,0.1592126405998929,0.57742757390567,0.27572746400555903,3225.0,2944.0,6169.0,0.826057846813069,0.5963689414816016,4825.0,0.8455958549222798,0.6019607843137255,4080.0,2643.0,0.7903897086643965,0.585447582575395,2089.0
0.4,0.2,0.0,0.0,0.5,0.55,0.6,0.65,False,7468.0,0.804767005891805,0.6174496644295302,0.585213467545991,0.6013315659877606,0.6491697911087306,0.6019966722129784,0.5206322795341098,0.47936772046589016,0.4,0.5,6010.0,3129.0,2881.0,0.7063832148945653,0.21882884066514852,0.6269735220696954,0.16416711301553294,0.5659504805529686,0.2900732814205432,3129.0,2881.0,6010.0,0.804767005891805,0.6019966722129784,4825.0,0.832538860103627,0.6343042071197411,4017.0,2643.0,0.7540673477109345,0.5368790767686904,1993.0
0.4,0.2,0.0,0.0,0.5,0.55,0.6,0.65,True,7468.0,0.8460096411355115,0.6104756170981337,0.5817757009345794,0.5961256590163566,0.6491697911087306,0.5968660968660968,0.5257993035770814,0.4742006964229186,0.4,0.5,6318.0,3322.0,2996.0,0.7063832148945653,0.21882884066514852,0.6269735220696954,0.16389930369576852,0.5839992882871275,0.28064983465388443,3322.0,2996.0,6318.0,0.8460096411355115,0.5968660968660968,4825.0,0.8646632124352331,0.610738255033557,4172.0,2643.0,0.8119561104805145,0.5698974836905871,2146.0
0.4,0.2,0.0,0.0,0.5,0.55,0.6,1.0,False,7468.0,0.8082485270487413,0.6170483460559797,0.5857538035961273,0.6014010748260534,0.6491697911087306,0.6020543406229291,0.5208747514910537,0.47912524850894633,0.4,0.5,6036.0,3144.0,2892.0,0.7063832148945653,0.21882884066514852,0.6269735220696954,0.16497054097482589,0.5671322535678585,0.290885485593506,3144.0,2892.0,6036.0,0.8082485270487413,0.6020543406229291,4825.0,0.8358549222797927,0.635755021076122,4033.0,2643.0,0.7578509269769201,0.5341987019470794,2003.0
0.4,0.2,0.0,0.0,0.5,0.55,0.6,1.0,True,7468.0,0.8494911622924478,0.6101288582559184,0.5823079481210509,0.5962184031884847,0.6491697911087306,0.5969419924337958,0.5260088272383354,0.4739911727616646,0.4,0.5,6344.0,3337.0,3007.0,0.7063832148945653,0.21882884066514852,0.6269735220696954,0.16470273165506166,0.5851446106038174,0.2814735514441516,3337.0,3007.0,6344.0,0.8494911622924478,0.5969419924337958,4825.0,0.867979274611399,0.612225405921681,4188.0,2643.0,0.8157396897465002,0.5672541743970315,2156.0
0.4,0.2,0.0,0.0,0.5,0.55,1.0,0.55,False,7468.0,0.7968666309587573,0.6185233160621761,0.586447782046804,0.60248554905449,0.6491697911087306,0.6030919173248194,0.5189043858175096,0.48109561418249036,0.4,0.5,5951.0,3088.0,2863.0,0.7063832148945653,0.21882884066514852,0.6269735220696954,0.1643010176754151,0.5623902618659671,0.29214769318778233,3088.0,2863.0,5951.0,0.7968666309587573,0.6030919173248194,4825.0,0.8265284974093264,0.6316449348044132,3988.0,2643.0,0.7427166099129777,0.5450840550178299,1963.0
0.4,0.2,0.0,0.0,0.5,0.55,1.0,0.55,True,7468.0,0.8381092662024638,0.6113989637305699,0.5829415715245131,0.5971702676275414,0.6491697911087306,0.5978590829205943,0.5242051445917878,0.47579485540821215,0.4,0.5,6259.0,3281.0,2978.0,0.7063832148945653,0.21882884066514852,0.6269735220696954,0.16403320835565072,0.5805497643814926,0.28254805775420266,3281.0,2978.0,6259.0,0.8381092662024638,0.5978590829205943,4825.0,0.8586528497409326,0.6080135167752836,4143.0,2643.0,0.8006053726825577,0.5779773156899811,2116.0
0.4,0.2,0.0,0.0,0.5,0.55,1.0,0.65,False,7468.0,0.8168184252811997,0.6188383045525903,0.5866209262435678,0.602729615398079,0.6491697911087306,0.6034426229508196,0.5221311475409836,0.4778688524590164,0.4,0.5,6100.0,3185.0,2915.0,0.7063832148945653,0.21882884066514852,0.6269735220696954,0.16898768077129075,0.5691356360789179,0.2969198729770955,3185.0,2915.0,6100.0,0.8168184252811997,0.6034426229508196,4825.0,0.8455958549222798,0.6399509803921568,4080.0,2643.0,0.7642830117290957,0.5297029702970297,2020.0
0.4,0.2,0.0,0.0,0.5,0.55,1.0,0.65,True,7468.0,0.8580610605249063,0.6119005328596803,0.5831683168316831,0.5975344248456818,0.6491697911087306,0.598314606741573,0.5271535580524345,0.47284644194756553,0.4,0.5,6408.0,3378.0,3030.0,0.7063832148945653,0.21882884066514852,0.6269735220696954,0.16871987145152645,0.5870865307062408,0.28738501503102687,3378.0,3030.0,6408.0,0.8580610605249063,0.598314606741573,4825.0,0.877720207253886,0.6165289256198347,4235.0,2643.0,0.8221717744986757,0.5628163828808099,2173.0
0.4,0.2,0.0,0.0,0.5,0.55,1.0,1.0,False,7468.0,0.8202999464381361,0.6184375,0.5871496924128503,0.6027935962064251,0.6491697911087306,0.6034933072151486,0.5223636957231472,0.4776363042768528,0.4,0.5,6126.0,3200.0,2926.0,0.7063832148945653,0.21882884066514852,0.6269735220696954,0.16979110873058392,0.5703108089925845,0.2977167994247005,3200.0,2926.0,6126.0,0.8202999464381361,0.6034933072151486,4825.0,0.8489119170984456,0.641357421875,4096.0,2643.0,0.7680665909950813,0.5270935960591133,2030.0
0.4,0.2,0.0,0.0,0.5,0.55,1.0,1.0,True,7468.0,0.8615425816818425,0.6115531977600943,0.5836895757974351,0.5976213867787648,0.6491697911087306,0.598383587193037,0.5273546782716817,0.4726453217283183,0.4,0.5,6434.0,3393.0,3041.0,0.7063832148945653,0.21882884066514852,0.6269735220696954,0.16952329941081945,0.5882258419480664,0.2881942399018002,3393.0,3041.0,6434.0,0.8615425816818425,0.598383587193037,4825.0,0.8810362694300519,0.6179722418254529,4251.0,2643.0,0.8259553537646613,0.5602382043060009,2183.0
0.4,0.2,0.0,0.0,0.6,0.45,0.5,0.55,False,7468.0,0.6526513122656669,0.6213592233009708,0.5941713788603741,0.6077653010806725,0.6491697911087306,0.6085350841198195,0.5283135002051703,0.4716864997948297,0.4,0.6,4874.0,2575.0,2299.0,0.7063832148945653,0.21882884066514852,0.6269735220696954,0.14167113015532945,0.5054602764364067,0.28028143211201184,2575.0,2299.0,4874.0,0.6526513122656669,0.6085350841198195,4825.0,0.6756476683937824,0.6236196319018404,3260.0,2643.0,0.6106696935300795,0.5780669144981413,1614.0
0.4,0.2,0.0,0.0,0.6,0.45,0.5,0.55,True,7468.0,0.7003213711837172,0.6125579735997146,0.588380716934487,0.6004693452671008,0.6491697911087306,0.6013384321223709,0.5359464627151052,0.46405353728489485,0.4,0.6,5230.0,2803.0,2427.0,0.7063832148945653,0.21882884066514852,0.6269735220696954,0.1419389394750937,0.5283854803590952,0.26862763030246556,2803.0,2427.0,5230.0,0.7003213711837172,0.6013384321223709,4825.0,0.7123316062176166,0.5915042187954611,3437.0,2643.0,0.6783957623912221,0.6201896263245956,1793.0
0.4,0.2,0.0,0.0,0.6,0.45,0.5,0.65,False,7468.0,0.6724692019282271,0.6216317365269461,0.5940425531914894,0.6078371448592177,0.6491697911087306,0.6087216248506571,0.5320589406610912,0.4679410593389088,0.4,0.6,5022.0,2672.0,2350.0,0.7063832148945653,0.21882884066514852,0.6269735220696954,0.14622388859132293,0.5129548290721632,0.28506192027827065,2672.0,2350.0,5022.0,0.6724692019282271,0.6087216248506571,4825.0,0.6945077720207253,0.6338406445837064,3351.0,2643.0,0.6322360953461975,0.5583482944344704,1671.0
0.4,0.2,0.0,0.0,0.6,0.45,0.5,0.65,True,7468.0,0.7201392608462774,0.613103448275862,0.5883777239709443,0.6007405861234032,0.6491697911087306,0.6017106731126813,0.5392339159538863,0.4607660840461138,0.4,0.6,5378.0,2900.0,2478.0,0.7063832148945653,0.21882884066514852,0.6269735220696954,0.14649169791108738,0.5355593164791319,0.2735302951578762,2900.0,2478.0,5378.0,0.7201392608462774,0.6017106731126813,4825.0,0.7311917098445596,0.6020408163265306,3528.0,2643.0,0.6999621642073401,0.601081081081081,1850.0
0.4,0.2,0.0,0.0,0.6,0.45,0.5,1.0,False,7468.0,0.6759507230851634,0.6211388165240045,0.5946632782719187,0.6079010473979616,0.6491697911087306,0.6087559429477021,0.5322900158478605,0.46770998415213944,0.4,0.6,5048.0,2687.0,2361.0,0.7063832148945653,0.21882884066514852,0.6269735220696954,0.147027316550616,0.5142584012607608,0.28590163270091923,2687.0,2361.0,5048.0,0.6759507230851634,0.6087559429477021,4825.0,0.6978238341968912,0.6355806355806356,3367.0,2643.0,0.6360196746121831,0.555026769779893,1681.0
0.4,0.2,0.0,0.0,0.6,0.45,0.5,1.0,True,7468.0,0.7236207820032137,0.6126929674099485,0.5889915628766573,0.600842265143303,0.6491697911087306,0.6017764618800888,0.5394152479644707,0.46058475203552923,0.4,0.6,5404.0,2915.0,2489.0,0.7063832148945653,0.21882884066514852,0.6269735220696954,0.14729512587038027,0.5368079992571057,0.2743907059399703,2915.0,2489.0,5404.0,0.7236207820032137,0.6017764618800888,4825.0,0.7345077720207254,0.6038374717832957,3544.0,2643.0,0.7037457434733257,0.5978494623655914,1860.0
0.4,0.2,0.0,0.0,0.6,0.45,0.55,0.55,False,7468.0,0.7060792715586502,0.6280400572246065,0.6031489705288655,0.615594513876736,0.6491697911087306,0.616347430305329,0.5302484354257538,0.46975156457424616,0.4,0.6,5273.0,2796.0,2477.0,0.7063832148945653,0.21882884066514852,0.6269735220696954,0.16430101767541508,0.5204701018710082,0.3156781092415852,2796.0,2477.0,5273.0,0.7060792715586502,0.616347430305329,4825.0,0.7345077720207254,0.6537810383747178,3544.0,2643.0,0.6541808550889141,0.5396182764603817,1729.0
0.4,0.2,0.0,0.0,0.6,0.45,0.55,0.55,True,7468.0,0.7537493304767006,0.6193783068783069,0.5973128598848368,0.6083455833815719,0.6491697911087306,0.6091668147095399,0.5372179783265234,0.46278202167347665,0.4,0.6,5629.0,3024.0,2605.0,0.7063832148945653,0.21882884066514852,0.6269735220696954,0.1645688269951795,0.5427616896399013,0.30320641662156317,3024.0,2605.0,5629.0,0.7537493304767006,0.6091668147095399,4825.0,0.7711917098445595,0.6226820747110992,3721.0,2643.0,0.7219069239500567,0.5828092243186582,1908.0
0.4,0.2,0.0,0.0,0.6,0.45,0.55,0.65,False,7468.0,0.7260310658810927,0.6280677497407535,0.6030051403716884,0.615536445056221,0.6491697911087306,0.616377720398377,0.533566949465142,0.466433050534858,0.4,0.6,5422.0,2893.0,2529.0,0.7063832148945653,0.21882884066514852,0.6269735220696954,0.1689876807712909,0.5277515443415594,0.32020310046108086,2893.0,2529.0,5422.0,0.7260310658810927,0.616377720398377,4825.0,0.7535751295336788,0.6625412541254125,3636.0,2643.0,0.6757472569050321,0.5223964165733482,1786.0
0.4,0.2,0.0,0.0,0.6,0.45,0.55,0.65,True,7468.0,0.773701124799143,0.6196731816725408,0.5972901768912308,0.6084816792818858,0.6491697911087306,0.609380408445829,0.5401523018345449,0.4598476981654552,0.4,0.6,5778.0,3121.0,2657.0,0.7063832148945653,0.21882884066514852,0.6269735220696954,0.16925549009105512,0.5497479580262613,0.30787834246574836,3121.0,2657.0,5778.0,0.773701124799143,0.609380408445829,4825.0,0.790259067357513,0.6317859952793077,3813.0,2643.0,0.7434733257661748,0.5659033078880407,1965.0
0.4,0.2,0.0,0.0,0.6,0.45,0.55,1.0,False,7468.0,0.7295125870380289,0.6275790921595599,0.6035433070866142,0.615561199623087,0.6491697911087306,0.6163729809104258,0.5337738619676946,0.46622613803230545,0.4,0.6,5448.0,2908.0,2540.0,0.7063832148945653,0.21882884066514852,0.6269735220696954,0.16979110873058376,0.5290186567161148,0.32095485967274323,2908.0,2540.0,5448.0,0.7295125870380289,0.6163729809104258,4825.0,0.7568911917098445,0.6640197152245345,3652.0,2643.0,0.6795308361710178,0.5194877505567929,1796.0
0.4,0.2,0.0,0.0,0.6,0.45,0.55,1.0,True,7468.0,0.7771826459560792,0.6192602040816326,0.5978260869565217,0.6085431455190772,0.6491697911087306,0.6094073053066851,0.5403170227429359,0.4596829772570641,0.4,0.6,5804.0,3136.0,2668.0,0.7063832148945653,0.21882884066514852,0.6269735220696954,0.1700589180503482,0.5509644852010568,0.3086567693892115,3136.0,2668.0,5804.0,0.7771826459560792,0.6094073053066851,4825.0,0.7935751295336787,0.6333246278401672,3829.0,2643.0,0.7472569050321605,0.5630379746835443,1975.0
0.4,0.2,0.0,0.0,0.6,0.45,0.6,0.55,False,7468.0,0.7340653454740225,0.6321760055001718,0.6024096385542169,0.6172928220271944,0.6491697911087306,0.6182050346588837,0.5306457497263772,0.46935425027362276,0.4,0.6,5482.0,2909.0,2573.0,0.7063832148945653,0.21882884066514852,0.6269735220696954,0.17354043920728446,0.5293981990273191,0.3278070071377955,2909.0,2573.0,5482.0,0.7340653454740225,0.6182050346588837,4825.0,0.7633160621761658,0.6668476785229432,3683.0,2643.0,0.6806659099508134,0.5186214563646471,1799.0
0.4,0.2,0.0,0.0,0.6,0.45,0.6,0.55,True,7468.0,0.7817354043920729,0.6235256614599937,0.5968159940762681,0.6101708277681308,0.6491697911087306,0.6111682082905104,0.5373415553271669,0.4626584446728332,0.4,0.6,5838.0,3137.0,2701.0,0.7063832148945653,0.21882884066514852,0.6269735220696954,0.17380824852704874,0.5513289199130698,0.31525327667275965,3137.0,2701.0,5838.0,0.7817354043920729,0.6111682082905104,4825.0,0.8,0.6362694300518135,3860.0,2643.0,0.7483919788119561,0.5621840242669363,1978.0
0.4,0.2,0.0,0.0,0.6,0.45,0.6,0.65,False,7468.0,0.7540171397964649,0.6320691949434465,0.6022857142857143,0.6171774546145804,0.6491697911087306,0.6181850470609128,0.5338305807139052,0.46616941928609484,0.4,0.6,5631.0,3006.0,2625.0,0.7063832148945653,0.21882884066514852,0.6269735220696954,0.17822710230316016,0.5365584951770425,0.3321671428282064,3006.0,2625.0,5631.0,0.7540171397964649,0.6181850470609128,4825.0,0.7823834196891192,0.6749668874172186,3775.0,2643.0,0.7022323117669316,0.5026939655172413,1856.0
0.4,0.2,0.0,0.0,0.6,0.45,0.6,0.65,True,7468.0,0.8016871987145152,0.6236858379715523,0.5968034871049764,0.6102446625382644,0.6491697911087306,0.6113245364957408,0.5401703691331218,0.4598296308668782,0.4,0.6,5987.0,3234.0,2753.0,0.7063832148945653,0.21882884066514852,0.6269735220696954,0.17849491162292452,0.5582079751721534,0.31976417314330924,3234.0,2753.0,5987.0,0.8016871987145152,0.6113245364957408,4825.0,0.8190673575129533,0.6447368421052632,3952.0,2643.0,0.7699583806280742,0.5464373464373464,2035.0
0.4,0.2,0.0,0.0,0.6,0.45,0.6,1.0,False,7468.0,0.7574986609534011,0.631578947368421,0.6028072837632777,0.6171931155658494,0.6491697911087306,0.6181721760650521,0.5340286370867952,0.4659713629132049,0.4,0.6,5657.0,3021.0,2636.0,0.7063832148945653,0.21882884066514852,0.6269735220696954,0.1790305302624531,0.5378048580530619,0.332891247785622,3021.0,2636.0,5657.0,0.7574986609534011,0.6181721760650521,4825.0,0.7856994818652849,0.676338696913743,3791.0,2643.0,0.7060158910329172,0.5,1866.0
0.4,0.2,0.0,0.0,0.6,0.45,0.6,1.0,True,7468.0,0.8051687198714516,0.6232686980609419,0.5973227206946454,0.6102957093777936,0.6491697911087306,0.6113420921337103,0.5403292865458174,0.4596707134541826,0.4,0.6,6013.0,3249.0,2764.0,0.7063832148945653,0.21882884066514852,0.6269735220696954,0.17929833958221741,0.5594061048510438,0.3205155217781547,3249.0,2764.0,6013.0,0.8051687198714516,0.6113420921337103,4825.0,0.8223834196891192,0.6461693548387096,3968.0,2643.0,0.7737419598940598,0.5437652811735941,2045.0
0.4,0.2,0.0,0.0,0.6,0.45,1.0,0.55,False,7468.0,0.7461167648634173,0.633389544688027,0.603759110088224,0.6185743273881255,0.6491697911087306,0.6195262024407753,0.5321249102656138,0.46787508973438624,0.4,0.6,5572.0,2965.0,2607.0,0.7063832148945653,0.21882884066514852,0.6269735220696954,0.17836100696304227,0.5328019134257942,0.33476044749205547,2965.0,2607.0,5572.0,0.7461167648634173,0.6195262024407753,4825.0,0.7763730569948186,0.6724506139882541,3746.0,2643.0,0.6908815739689746,0.5109529025191676,1826.0
0.4,0.2,0.0,0.0,0.6,0.45,1.0,0.55,True,7468.0,0.7937868237814676,0.6248042593172565,0.5981718464351006,0.6114880528761786,0.6491697911087306,0.6125168690958165,0.5386302294197031,0.4613697705802969,0.4,0.6,5928.0,3193.0,2735.0,0.7063832148945653,0.21882884066514852,0.6269735220696954,0.17862881628280666,0.5545980560273633,0.3220869859558132,3193.0,2735.0,5928.0,0.7937868237814676,0.6125168690958165,4825.0,0.8130569948186529,0.6421106296201886,3923.0,2643.0,0.7586076428301173,0.5546134663341646,2005.0
0.4,0.2,0.0,0.0,0.6,0.45,1.0,0.65,False,7468.0,0.7660685591858597,0.6332462442847812,0.6036103798420459,0.6184283120634135,0.6491697911087306,0.619472120258696,0.5352211151896522,0.46477888481034785,0.4,0.6,5721.0,3062.0,2659.0,0.7063832148945653,0.21882884066514852,0.6269735220696954,0.18304767005891803,0.5399170719318577,0.33902923166322896,3062.0,2659.0,5721.0,0.7660685591858597,0.619472120258696,4825.0,0.795440414507772,0.6803022407503908,3838.0,2643.0,0.7124479757850927,0.49548592671269254,1883.0
0.4,0.2,0.0,0.0,0.6,0.45,1.0,0.65,True,7468.0,0.81373861810391,0.6249240121580547,0.5981341944743451,0.6115291033161999,0.6491697911087306,0.6126378147112062,0.5413855520816192,0.4586144479183808,0.4,0.6,6077.0,3290.0,2787.0,0.7063832148945653,0.21882884066514852,0.6269735220696954,0.1833154793786823,0.5614370573471383,0.3265111858573627,3290.0,2787.0,6077.0,0.81373861810391,0.6126378147112062,4825.0,0.8321243523316062,0.6503113325031133,4015.0,2643.0,0.7801740446462353,0.539282250242483,2062.0
0.4,0.2,0.0,0.0,0.6,0.45,1.0,1.0,False,7468.0,0.7695500803427959,0.6327591810204745,0.6041198501872659,0.6184395156038702,0.6491697911087306,0.6194536279798155,0.5354097790151383,0.4645902209848617,0.4,0.6,5747.0,3077.0,2670.0,0.7063832148945653,0.21882884066514852,0.6269735220696954,0.18385109801821098,0.5411556995563223,0.3397378946002881,3077.0,2670.0,5747.0,0.7695500803427959,0.6194536279798155,4825.0,0.7987564766839378,0.6816294758692267,3854.0,2643.0,0.7162315550510783,0.4928684627575277,1893.0
0.4,0.2,0.0,0.0,0.6,0.45,1.0,1.0,True,7468.0,0.8172201392608462,0.6245083207261725,0.5986418870621872,0.6115751038941799,0.6491697911087306,0.612649516631165,0.541536949041455,0.458463050958545,0.4,0.6,6103.0,3305.0,2798.0,0.7063832148945653,0.21882884066514852,0.6269735220696954,0.18411890733797528,0.562628310664719,0.3272478541302826,3305.0,2798.0,6103.0,0.8172201392608462,0.612649516631165,4825.0,0.8354404145077721,0.6516993301910196,4031.0,2643.0,0.783957623912221,0.5366795366795367,2072.0
0.4,0.2,0.0,0.0,0.6,0.55,0.5,0.55,False,7468.0,0.5325388323513658,0.6680851063829787,0.6235230934479055,0.6458040999154421,0.6491697911087306,0.6472215237616293,0.5318078953985416,0.4681921046014584,0.4,0.6,3977.0,2115.0,1862.0,0.7063832148945653,0.21882884066514852,0.6269735220696954,0.15680235672201387,0.43343769773137636,0.3617644647494237,2115.0,1862.0,3977.0,0.5325388323513658,0.6472215237616293,4825.0,0.5709844559585492,0.7379310344827587,2755.0,2643.0,0.4623533863034431,0.44271685761047463,1222.0
0.4,0.2,0.0,0.0,0.6,0.55,0.5,0.55,True,7468.0,0.5688269951794322,0.6543859649122807,0.6158536585365854,0.635119811724433,0.6491697911087306,0.6365348399246704,0.536723163841808,0.4632768361581921,0.4,0.6,4248.0,2280.0,1968.0,0.7063832148945653,0.21882884066514852,0.6269735220696954,0.15532940546331012,0.45469637656139406,0.3416112673647779,2280.0,1968.0,4248.0,0.5688269951794322,0.6365348399246704,4825.0,0.6002072538860104,0.7020027624309392,2896.0,2643.0,0.5115399167612561,0.496301775147929,1352.0
0.4,0.2,0.0,0.0,0.6,0.55,0.5,0.65,False,7468.0,0.552356722013926,0.666365280289331,0.6225823314166231,0.6444738058529771,0.6491697911087306,0.6460606060606061,0.5362424242424242,0.46375757575757576,0.4,0.6,4125.0,2212.0,1913.0,0.7063832148945653,0.21882884066514852,0.6269735220696954,0.16135511515800754,0.44215472792672844,0.36492907339158087,2212.0,1913.0,4125.0,0.552356722013926,0.6460606060606061,4825.0,0.5898445595854922,0.7463106113843991,2846.0,2643.0,0.4839197881195611,0.42298670836591085,1279.0
0.4,0.2,0.0,0.0,0.6,0.55,0.5,0.65,True,7468.0,0.5886448848419925,0.6533445519562474,0.6151560178306092,0.6342502848934284,0.6491697911087306,0.6358052775250227,0.5407188353048226,0.45928116469517744,0.4,0.6,4396.0,2377.0,2019.0,0.7063832148945653,0.21882884066514852,0.6269735220696954,0.15988216389930363,0.463013348048784,0.34530789354793745,2377.0,2019.0,4396.0,0.5886448848419925,0.6358052775250227,4825.0,0.6190673575129534,0.7110813525276197,2987.0,2643.0,0.5331063185773742,0.47622427253371186,1409.0
0.4,0.2,0.0,0.0,0.6,0.55,0.5,1.0,False,7468.0,0.5558382431708624,0.6654692411315671,0.6231808731808732,0.6443250571562202,0.6491697911087306,0.6458684654300169,0.536497229583233,0.463502770416767,0.4,0.6,4151.0,2227.0,1924.0,0.7063832148945653,0.21882884066514852,0.6269735220696954,0.1621585431173005,0.4436663724317868,0.3654965830033291,2227.0,1924.0,4151.0,0.5558382431708624,0.6458684654300169,4825.0,0.5931606217616581,0.7477288609364081,2862.0,2643.0,0.4877033673855467,0.4197051978277735,1289.0
0.4,0.2,0.0,0.0,0.6,0.55,0.5,1.0,True,7468.0,0.5921264059989287,0.6525919732441472,0.6157635467980296,0.6341777600210884,0.6491697911087306,0.635685210312076,0.5409317051108096,0.45906829488919043,0.4,0.6,4422.0,2392.0,2030.0,0.7063832148945653,0.21882884066514852,0.6269735220696954,0.16068559185859674,0.4644571100437219,0.34596432777930886,2392.0,2030.0,4422.0,0.5921264059989287,0.635685210312076,4825.0,0.6223834196891191,0.7126207126207126,3003.0,2643.0,0.5368898978433598,0.4728682170542636,1419.0
0.4,0.2,0.0,0.0,0.6,0.55,0.55,0.55,False,7468.0,0.5859667916443492,0.6716609589041096,0.6318627450980392,0.6517618520010744,0.6491697911087306,0.653107861060329,0.5338208409506399,0.46617915904936014,0.4,0.6,4376.0,2336.0,2040.0,0.7063832148945653,0.21882884066514852,0.6269735220696954,0.17943224424209955,0.45085172030405385,0.3979850495437628,2336.0,2040.0,4376.0,0.5859667916443492,0.653107861060329,4825.0,0.6298445595854922,0.7624218492925304,3039.0,2643.0,0.5058645478622777,0.40463724756918473,1337.0
0.4,0.2,0.0,0.0,0.6,0.55,0.55,0.55,True,7468.0,0.6222549544724156,0.6589364254298281,0.6244175209692451,0.6416769731995366,0.6491697911087306,0.6429954809554551,0.5381966860340004,0.46180331396599955,0.4,0.6,4647.0,2501.0,2146.0,0.7063832148945653,0.21882884066514852,0.6269735220696954,0.1779592929833958,0.4713256101088821,0.3775718721125402,2501.0,2146.0,4647.0,0.6222549544724156,0.6429954809554551,4825.0,0.6590673575129534,0.7286163522012579,3180.0,2643.0,0.5550510783200908,0.45739604635310155,1467.0
0.4,0.2,0.0,0.0,0.6,0.55,0.55,0.65,False,7468.0,0.6059185859667916,0.6699547883271681,0.6309751434034416,0.6504649658653049,0.6491697911087306,0.6519337016574586,0.5376795580110497,0.4623204419889503,0.4,0.6,4525.0,2433.0,2092.0,0.7063832148945653,0.21882884066514852,0.6269735220696954,0.18411890733797534,0.4592383251803013,0.40092234737962806,2433.0,2092.0,4525.0,0.6059185859667916,0.6519337016574586,4825.0,0.6489119170984456,0.7694027467262855,3131.0,2643.0,0.5274309496783958,0.3880918220946915,1394.0
0.4,0.2,0.0,0.0,0.6,0.55,0.55,0.65,True,7468.0,0.6422067487948581,0.6578137028483448,0.6237488626023658,0.6407812827253554,0.6491697911087306,0.6422018348623854,0.5417014178482068,0.45829858215179314,0.4,0.6,4796.0,2598.0,2198.0,0.7063832148945653,0.21882884066514852,0.6269735220696954,0.18264595607927162,0.47935414503036605,0.3810250896395219,2598.0,2198.0,4796.0,0.6422067487948581,0.6422018348623854,4825.0,0.6781347150259067,0.7362469437652812,3272.0,2643.0,0.5766174801362088,0.44028871391076113,1524.0
0.4,0.2,0.0,0.0,0.6,0.55,0.55,1.0,False,7468.0,0.6094001071237279,0.6691176470588235,0.6314788397527342,0.6502982434057789,0.6491697911087306,0.6517248956273346,0.5379037574159525,0.46209624258404747,0.4,0.6,4551.0,2448.0,2103.0,0.7063832148945653,0.21882884066514852,0.6269735220696954,0.1849223352972683,0.46069391781662344,0.40139955867807997,2448.0,2103.0,4551.0,0.6094001071237279,0.6517248956273346,4825.0,0.6522279792746114,0.7705751509374007,3147.0,2643.0,0.5312145289443814,0.3853276353276353,1404.0
0.4,0.2,0.0,0.0,0.6,0.55,0.55,1.0,True,7468.0,0.6456882699517943,0.6570991197856869,0.6242643730194658,0.6406817464025764,0.6491697911087306,0.6420572376607216,0.5418913313977602,0.45810866860223975,0.4,0.6,4822.0,2613.0,2209.0,0.7063832148945653,0.21882884066514852,0.6269735220696954,0.18344938403856448,0.4807488356268946,0.3815909066099915,2613.0,2209.0,4822.0,0.6456882699517943,0.6420572376607216,4825.0,0.6814507772020726,0.7375304136253041,3288.0,2643.0,0.5804010594021944,0.43741851368970014,1534.0
0.4,0.2,0.0,0.0,0.6,0.55,0.6,0.55,False,7468.0,0.6139528655597215,0.6745610453246222,0.6296816479400749,0.6521213466323486,0.6491697911087306,0.6536532170119956,0.534133042529989,0.4658669574700109,0.4,0.6,4585.0,2449.0,2136.0,0.7063832148945653,0.21882884066514852,0.6269735220696954,0.18867166577396893,0.4611296996430357,0.40915097405354983,2449.0,2136.0,4585.0,0.6139528655597215,0.6536532170119956,4825.0,0.6586528497409326,0.7728130899937067,3178.0,2643.0,0.5323496027241771,0.3845060412224591,1407.0
0.4,0.2,0.0,0.0,0.6,0.55,0.6,0.55,True,7468.0,0.6502410283877879,0.662203519510329,0.6226583407671722,0.6424309301387505,0.6491697911087306,0.6439456342668863,0.5383031301482701,0.4616968698517298,0.4,0.6,4856.0,2614.0,2242.0,0.7063832148945653,0.21882884066514852,0.6269735220696954,0.18719871451526512,0.4811664545001671,0.3890518816606325,2614.0,2242.0,4856.0,0.6502410283877879,0.6439456342668863,4825.0,0.6878756476683938,0.7399819222657427,3319.0,2643.0,0.5815361331819902,0.4365647364996747,1537.0
0.4,0.2,0.0,0.0,0.6,0.55,0.6,0.65,False,7468.0,0.6339046598821639,0.6728201099764336,0.6288848263254113,0.6508524681509225,0.6491697911087306,0.6525137304604985,0.5378115758343895,0.46218842416561046,0.4,0.6,4734.0,2546.0,2188.0,0.7063832148945653,0.21882884066514852,0.6269735220696954,0.19335832886984472,0.46933268105487774,0.41198564829376516,2546.0,2188.0,4734.0,0.6339046598821639,0.6525137304604985,4825.0,0.677720207253886,0.7792048929663609,3270.0,2643.0,0.5539160045402951,0.36953551912568305,1464.0
0.4,0.2,0.0,0.0,0.6,0.55,0.6,0.65,True,7468.0,0.6701928227102303,0.6610106971597196,0.6220575414123801,0.6415341192860499,0.6491697911087306,0.6431568431568432,0.5416583416583417,0.45834165834165835,0.4,0.6,5005.0,2711.0,2294.0,0.7063832148945653,0.21882884066514852,0.6269735220696954,0.19188537761114088,0.4890334574950314,0.3923767886844234,2711.0,2294.0,5005.0,0.6701928227102303,0.6431568431568432,4825.0,0.7069430051813471,0.7469950161243037,3411.0,2643.0,0.6031025349981082,0.4209535759096612,1594.0
0.4,0.2,0.0,0.0,0.6,0.55,0.6,1.0,False,7468.0,0.6373861810391002,0.6720031237797736,0.6293769895407003,0.6506900566602369,0.6491697911087306,0.6523109243697479,0.5380252100840336,0.4619747899159664,0.4,0.6,4760.0,2561.0,2199.0,0.7063832148945653,0.21882884066514852,0.6269735220696954,0.19416175682913767,0.4707570627244813,0.4124457649247722,2561.0,2199.0,4760.0,0.6373861810391002,0.6523109243697479,4825.0,0.6810362694300518,0.780279975654291,3286.0,2643.0,0.5576995838062807,0.36702849389416553,1474.0
0.4,0.2,0.0,0.0,0.6,0.55,0.6,1.0,True,7468.0,0.6736743438671666,0.6603081438004402,0.6225596529284165,0.6414338983644283,0.6491697911087306,0.6430133174319221,0.5418405883522163,0.45815941164778373,0.4,0.6,5031.0,2726.0,2305.0,0.7063832148945653,0.21882884066514852,0.6269735220696954,0.19268880557043394,0.49040062107257404,0.39292121031371624,2726.0,2305.0,5031.0,0.6736743438671666,0.6430133174319221,4825.0,0.710259067357513,0.7481762474467464,3427.0,2643.0,0.6068861142640938,0.4183291770573566,1604.0
0.4,0.2,0.0,0.0,0.6,0.55,1.0,0.55,False,7468.0,0.6260042849491162,0.6750499001996008,0.6308755760368664,0.6529627381182336,0.6491697911087306,0.6545454545454545,0.5358288770053476,0.4641711229946524,0.4,0.6,4675.0,2505.0,2170.0,0.7063832148945653,0.21882884066514852,0.6269735220696954,0.19349223352972683,0.4650333597815265,0.4160824798045238,2505.0,2170.0,4675.0,0.6260042849491162,0.6545454545454545,4825.0,0.6717098445595855,0.7772292502314101,3241.0,2643.0,0.5425652667423383,0.3772663877266388,1434.0
0.4,0.2,0.0,0.0,0.6,0.55,1.0,0.55,True,7468.0,0.6622924477771827,0.6629213483146067,0.6239015817223199,0.6434114650184632,0.6491697911087306,0.6449656287909422,0.5398301657905378,0.46016983420946217,0.4,0.6,4946.0,2670.0,2276.0,0.7063832148945653,0.21882884066514852,0.6269735220696954,0.19201928227102308,0.4849088396318217,0.39599047610024635,2670.0,2276.0,4946.0,0.6622924477771827,0.6449656287909422,4825.0,0.7009326424870467,0.7448255470136014,3382.0,2643.0,0.5917517972001514,0.4290281329923274,1564.0
0.4,0.2,0.0,0.0,0.6,0.55,1.0,0.65,False,7468.0,0.6459560792715586,0.6733282090699462,0.6300630063006301,0.6516956076852881,0.6491697911087306,0.6533996683250415,0.5393864013266998,0.46061359867330015,0.4,0.6,4824.0,2602.0,2222.0,0.7063832148945653,0.21882884066514852,0.6269735220696954,0.1981788966256026,0.4731686711131433,0.41883351270780644,2602.0,2222.0,4824.0,0.6459560792715586,0.6533996683250415,4825.0,0.6907772020725389,0.7833783378337834,3333.0,2643.0,0.5641316685584563,0.36284372904091217,1491.0
0.4,0.2,0.0,0.0,0.6,0.55,1.0,0.65,True,7468.0,0.6822442420996251,0.6617275027105168,0.6232817869415808,0.6425046448260487,0.6491697911087306,0.6441609421000981,0.5430814524043179,0.45691854759568207,0.4,0.6,5095.0,2767.0,2328.0,0.7063832148945653,0.21882884066514852,0.6269735220696954,0.19670594536689873,0.49271609306614206,0.39922776652739245,2767.0,2328.0,5095.0,0.6822442420996251,0.6441609421000981,4825.0,0.72,0.7515831894070236,3474.0,2643.0,0.6133181990162694,0.41394201110425666,1621.0
0.4,0.2,0.0,0.0,0.6,0.55,1.0,1.0,False,7468.0,0.649437600428495,0.6725257928926252,0.6305418719211823,0.6515338324069038,0.6491697911087306,0.6531958762886598,0.5395876288659793,0.4604123711340206,0.4,0.6,4850.0,2617.0,2233.0,0.7063832148945653,0.21882884066514852,0.6269735220696954,0.19898232458489562,0.47458153980301393,0.4192795292195475,2617.0,2233.0,4850.0,0.649437600428495,0.6531958762886598,4825.0,0.6940932642487047,0.7844132576888624,3349.0,2643.0,0.5679152478244419,0.36042638241172553,1501.0
0.4,0.2,0.0,0.0,0.6,0.55,1.0,1.0,True,7468.0,0.6857257632565613,0.6610352264557872,0.6237708422402736,0.6424030343480304,0.6491697911087306,0.6440148408513963,0.543253270845538,0.456746729154462,0.4,0.6,5121.0,2782.0,2339.0,0.7063832148945653,0.21882884066514852,0.6269735220696954,0.1975093733261918,0.49407306642356524,0.3997574179784746,2782.0,2339.0,5121.0,0.6857257632565613,0.6440148408513963,4825.0,0.7233160621761658,0.7527220630372493,3490.0,2643.0,0.617101778282255,0.41140404659717966,1631.0
0.4,0.2,0.0,0.45,0.5,0.45,0.5,0.55,False,7468.0,0.6821103374397429,0.6261061946902655,0.5994962216624685,0.612801208176367,0.6491697911087306,0.6136631330977621,0.5323910482921084,0.46760895170789163,0.4,0.5,5094.0,2712.0,2382.0,0.7063832148945653,0.21882884066514852,0.6269735220696954,0.15506159614354584,0.5133462483042985,0.3020604448863709,2712.0,2382.0,5094.0,0.6821103374397429,0.6136631330977621,4825.0,0.7001036269430052,0.670219064535228,3378.0,2643.0,0.6492622020431328,0.5023310023310024,1716.0
0.4,0.2,0.0,0.45,0.5,0.45,0.5,0.55,True,7468.0,0.7295125870380289,0.617426820966644,0.5936254980079682,0.605526159487306,0.6491697911087306,0.6064610866372981,0.53928046989721,0.46071953010279,0.4,0.5,5448.0,2938.0,2510.0,0.7063832148945653,0.21882884066514852,0.6269735220696954,0.1553294054633102,0.5358092858353235,0.28989681509746995,2938.0,2510.0,5448.0,0.7295125870380289,0.6064610866372981,4825.0,0.736580310880829,0.6370287000562747,3554.0,2643.0,0.7166099129776768,0.5491024287222809,1894.0
0.4,0.2,0.0,0.45,0.5,0.45,0.5,0.65,False,7468.0,0.7019282271023032,0.6262014951940192,0.5992601726263872,0.6127308339102032,0.6491697911087306,0.6136970621900039,0.5358641739793972,0.4641358260206028,0.4,0.5,5242.0,2809.0,2433.0,0.7063832148945653,0.21882884066514852,0.6269735220696954,0.15961435457953943,0.5207273146872381,0.3065219551146608,2809.0,2433.0,5242.0,0.7019282271023032,0.6136970621900039,4825.0,0.7189637305699482,0.6788699913519747,3469.0,2643.0,0.6708286038592508,0.4861816130851664,1773.0
0.4,0.2,0.0,0.45,0.5,0.45,0.5,0.65,True,7468.0,0.7493304767005892,0.6177924217462932,0.5935181569699336,0.6056552893581134,0.6491697911087306,0.6066833452466047,0.5423516797712652,0.4576483202287348,0.4,0.5,5596.0,3035.0,2561.0,0.7063832148945653,0.21882884066514852,0.6269735220696954,0.1598821638993037,0.5428850305549443,0.29450464628923373,3035.0,2561.0,5596.0,0.7493304767005892,0.6066833452466047,4825.0,0.755440414507772,0.6460905349794238,3645.0,2643.0,0.738176314793795,0.5330599692465402,1951.0
0.4,0.2,0.0,0.45,0.5,0.45,0.5,1.0,False,7468.0,0.7054097482592394,0.6257082152974505,0.599836333878887,0.6127722745881687,0.6491697911087306,0.613705391040243,0.5360668185269551,0.4639331814730448,0.4,0.5,5268.0,2824.0,2444.0,0.7063832148945653,0.21882884066514852,0.6269735220696954,0.1604177825388324,0.5220114777092583,0.3073070026023056,2824.0,2444.0,5268.0,0.7054097482592394,0.613705391040243,4825.0,0.722279792746114,0.6803443328550932,3485.0,2643.0,0.6746121831252365,0.4834548513740886,1783.0
0.4,0.2,0.0,0.45,0.5,0.45,0.5,1.0,True,7468.0,0.7528119978575254,0.6173770491803279,0.5940902021772939,0.6057336256788108,0.6491697911087306,0.6067235859124867,0.5425115617218071,0.4574884382781928,0.4,0.5,5622.0,3050.0,2572.0,0.7063832148945653,0.21882884066514852,0.6269735220696954,0.16068559185859665,0.5441169019608418,0.2953144651076482,3050.0,2572.0,5622.0,0.7528119978575254,0.6067235859124867,4825.0,0.7587564766839379,0.6476372575798962,3661.0,2643.0,0.7419598940597806,0.5303416624171341,1961.0
0.4,0.2,0.0,0.45,0.5,0.45,0.55,0.55,False,7468.0,0.7873594001071237,0.628343949044586,0.6094890510948905,0.6189165000697383,0.6491697911087306,0.6195578231292517,0.5340136054421769,0.46598639455782315,0.4,0.5,5880.0,3140.0,2740.0,0.7063832148945653,0.21882884066514852,0.6269735220696954,0.18826995179432238,0.5473067916227613,0.3439934506131435,3140.0,2740.0,5880.0,0.7873594001071237,0.6195578231292517,4825.0,0.8072538860103627,0.713992297817715,3895.0,2643.0,0.7510404842981461,0.4342569269521411,1985.0
0.4,0.2,0.0,0.45,0.5,0.45,0.55,0.55,True,7468.0,0.8347616497054098,0.6206179441473559,0.603905160390516,0.612261552268936,0.6491697911087306,0.6129290984921398,0.5399422521655438,0.4600577478344562,0.4,0.5,6234.0,3366.0,2868.0,0.7063832148945653,0.21882884066514852,0.6269735220696954,0.1885377611140867,0.5684293661446966,0.33168195090415764,3366.0,2868.0,6234.0,0.8347616497054098,0.6129290984921398,4825.0,0.8437305699481865,0.6831245394252027,4071.0,2643.0,0.8183881952326901,0.48081368469717983,2163.0
0.4,0.2,0.0,0.45,0.5,0.45,0.55,0.65,False,7468.0,0.8073111944295661,0.6283595922150139,0.6092406876790831,0.6188001399470485,0.6491697911087306,0.6195057223420136,0.5369049593630785,0.46309504063692153,0.4,0.5,6029.0,3237.0,2792.0,0.7063832148945653,0.21882884066514852,0.6269735220696954,0.1929566148901982,0.5542357709221627,0.34814897380071336,3237.0,2792.0,6029.0,0.8073111944295661,0.6195057223420136,4825.0,0.826321243523316,0.7205919237521946,3987.0,2643.0,0.7726068861142641,0.42213516160626835,2042.0
0.4,0.2,0.0,0.45,0.5,0.45,0.55,0.65,True,7468.0,0.8547134440278522,0.6208489748772741,0.6037671232876712,0.6123080490824726,0.6491697911087306,0.6130346232179226,0.5425348582171393,0.45746514178286074,0.4,0.5,6383.0,3463.0,2920.0,0.7063832148945653,0.21882884066514852,0.6269735220696954,0.19322442420996244,0.5751039122705955,0.3359817592738741,3463.0,2920.0,6383.0,0.8547134440278522,0.6130346232179226,4825.0,0.8627979274611399,0.6901273120345904,4163.0,2643.0,0.8399545970488081,0.46846846846846846,2220.0
0.4,0.2,0.0,0.45,0.5,0.45,0.55,1.0,False,7468.0,0.8107927155865025,0.6279212792127922,0.6097038886906886,0.6188125839517404,0.6491697911087306,0.6194880264244426,0.5370767960363336,0.4629232039636664,0.4,0.5,6055.0,3252.0,2803.0,0.7063832148945653,0.21882884066514852,0.6269735220696954,0.19376004284949108,0.5554424689997207,0.3488390853483487,3252.0,2803.0,6055.0,0.8107927155865025,0.6194880264244426,4825.0,0.8296373056994819,0.7217087184611541,4003.0,2643.0,0.7763904653802497,0.42007797270955166,2052.0
0.4,0.2,0.0,0.45,0.5,0.45,0.55,1.0,True,7468.0,0.8581949651847884,0.6204715353651524,0.604230638007506,0.6123510866863292,0.6491697911087306,0.6130441566547044,0.5426743641753784,0.4573256358246216,0.4,0.5,6409.0,3478.0,2931.0,0.7063832148945653,0.21882884066514852,0.6269735220696954,0.19402785216925555,0.5762669142921242,0.33669788661664857,3478.0,2931.0,6409.0,0.8581949651847884,0.6130441566547044,4825.0,0.8661139896373057,0.6913137114142139,4179.0,2643.0,0.8437381763147938,0.4663677130044843,2230.0
0.4,0.2,0.0,0.45,0.5,0.45,0.6,0.55,False,7468.0,0.8576593465452598,0.6285134743552594,0.6106973595125254,0.6196054169338924,0.6491697911087306,0.6202966432474629,0.5387978142076503,0.46120218579234973,0.4,0.5,6405.0,3451.0,2954.0,0.7063832148945653,0.21882884066514852,0.6269735220696954,0.20634708087841458,0.5706628889575899,0.3615919045574203,3451.0,2954.0,6405.0,0.8576593465452598,0.6202966432474629,4825.0,0.8756476683937824,0.7363313609467456,4225.0,2643.0,0.8248202799848657,0.39541284403669724,2180.0
0.4,0.2,0.0,0.45,0.5,0.45,0.6,0.55,True,7468.0,0.9050615961435458,0.6214305140059831,0.6054510058403634,0.6134407599231733,0.6491697911087306,0.6141441041574197,0.544015386891552,0.455984613108448,0.4,0.5,6759.0,3677.0,3082.0,0.7063832148945653,0.21882884066514852,0.6269735220696954,0.20661489019817883,0.5909512272368029,0.34963103666655926,3677.0,3082.0,6759.0,0.9050615961435458,0.6141441041574197,4825.0,0.9121243523316063,0.7068847989093388,4401.0,2643.0,0.8921679909194098,0.4410517387616624,2358.0
0.4,0.2,0.0,0.45,0.5,0.45,0.6,0.65,False,7468.0,0.8776111408677022,0.6285231116121759,0.6104457751164338,0.6194844433643049,0.6491697911087306,0.6202319194385109,0.541348794629234,0.4586512053707659,0.4,0.5,6554.0,3548.0,3006.0,0.7063832148945653,0.21882884066514852,0.6269735220696954,0.21103374397429034,0.5773116129498054,0.365545641626715,3548.0,3006.0,6554.0,0.8776111408677022,0.6202319194385109,4825.0,0.8947150259067358,0.7419504285383368,4317.0,2643.0,0.8463866818009838,0.38533750558784086,2237.0
0.4,0.2,0.0,0.45,0.5,0.45,0.6,0.65,True,7468.0,0.9250133904659882,0.6216216216216216,0.6052967453733248,0.6134591834974732,0.6491697911087306,0.6142154024319629,0.5463231036479445,0.4536768963520556,0.4,0.5,6908.0,3774.0,3134.0,0.7063832148945653,0.21882884066514852,0.6269735220696954,0.21130155329405462,0.5973741864074533,0.35371724808666466,3774.0,3134.0,6908.0,0.9250133904659882,0.6142154024319629,4825.0,0.9311917098445596,0.7128867126641443,4493.0,2643.0,0.9137343927355278,0.4306418219461698,2415.0
0.4,0.2,0.0,0.45,0.5,0.45,0.6,1.0,False,7468.0,0.8810926620246384,0.6281223687903452,0.6108717268810077,0.6194970478356765,0.6491697911087306,0.6202127659574468,0.5414893617021277,0.45851063829787236,0.4,0.5,6580.0,3563.0,3017.0,0.7063832148945653,0.21882884066514852,0.6269735220696954,0.21183717193358326,0.5784701764529677,0.36620240862288705,3563.0,3017.0,6580.0,0.8810926620246384,0.6202127659574468,4825.0,0.8980310880829016,0.7429033002538656,4333.0,2643.0,0.8501702610669694,0.38362260792167335,2247.0
0.4,0.2,0.0,0.45,0.5,0.45,0.6,1.0,True,7468.0,0.9284949116229245,0.6212721034573766,0.6057233704292527,0.6134977369433147,0.6491697911087306,0.6142197865589847,0.5464378425151428,0.45356215748485723,0.4,0.5,6934.0,3789.0,3145.0,0.7063832148945653,0.21882884066514852,0.6269735220696954,0.21210498125334756,0.5984939140749791,0.35439789154944545,3789.0,3145.0,6934.0,0.9284949116229245,0.6142197865589847,4825.0,0.9345077720207254,0.7139055222887558,4509.0,2643.0,0.9175179720015134,0.4288659793814433,2425.0
0.4,0.2,0.0,0.45,0.5,0.45,1.0,0.55,False,7468.0,0.8952865559721478,0.6274509803921569,0.6133768352365416,0.6204139078143492,0.6491697911087306,0.6209991026024528,0.5415794196829196,0.45842058031708044,0.4,0.5,6686.0,3621.0,3065.0,0.7063832148945653,0.21882884066514852,0.6269735220696954,0.2166577396893411,0.5825070026543916,0.3719401461305466,3621.0,3065.0,6686.0,0.8952865559721478,0.6209991026024528,4825.0,0.9127461139896373,0.7470481380563124,4404.0,2643.0,0.863412788497919,0.37773882559158634,2282.0
0.4,0.2,0.0,0.45,0.5,0.45,1.0,0.55,True,7468.0,0.9426888055704339,0.6207434364439823,0.6082054494206076,0.614474442932295,0.6491697911087306,0.6150568181818182,0.5464488636363637,0.45355113636363636,0.4,0.5,7040.0,3847.0,3193.0,0.7063832148945653,0.21882884066514852,0.6269735220696954,0.21692554900910563,0.6023965706083195,0.36010422302047174,3847.0,3193.0,7040.0,0.9426888055704339,0.6150568181818182,4825.0,0.9492227979274611,0.7183406113537117,4580.0,2643.0,0.9307604994324631,0.42276422764227645,2460.0
0.4,0.2,0.0,0.45,0.5,0.45,1.0,0.65,False,7468.0,0.9152383502945902,0.6274878967186659,0.6130895091434071,0.6202887029310364,0.6491697911087306,0.6209217264081931,0.5439648866130212,0.4560351133869788,0.4,0.5,6835.0,3718.0,3117.0,0.7063832148945653,0.21882884066514852,0.6269735220696954,0.22134440278521686,0.5890220486150639,0.37578288165214213,3718.0,3117.0,6835.0,0.9152383502945902,0.6209217264081931,4825.0,0.9318134715025906,0.7522241992882562,4496.0,2643.0,0.884979190314037,0.3685335613510047,2339.0
0.4,0.2,0.0,0.45,0.5,0.45,1.0,0.65,True,7468.0,0.9626405998928763,0.6209432048681541,0.6080123266563945,0.6144777657622743,0.6491697911087306,0.6151064125747671,0.5486159410210043,0.4513840589789957,0.4,0.5,7189.0,3944.0,3245.0,0.7063832148945653,0.21882884066514852,0.6269735220696954,0.22161221210498136,0.6086987710632801,0.36407534011916487,3944.0,3245.0,7189.0,0.9626405998928763,0.6151064125747671,4825.0,0.9682901554404145,0.7238869863013698,4672.0,2643.0,0.9523269012485811,0.4131903059197457,2517.0
0.4,0.2,0.0,0.45,0.5,0.45,1.0,1.0,False,7468.0,0.9187198714515266,0.6271095633538709,0.6134910485933504,0.6203003059736106,0.6491697911087306,0.6209007433318758,0.5440897828304911,0.4559102171695088,0.4,0.5,6861.0,3733.0,3128.0,0.7063832148945653,0.21882884066514852,0.6269735220696954,0.22214783074450994,0.5901576233122032,0.37642118303534994,3733.0,3128.0,6861.0,0.9187198714515266,0.6209007433318758,4825.0,0.9351295336787565,0.7531028368794326,4512.0,2643.0,0.8887627695800226,0.3669646658152405,2349.0
0.4,0.2,0.0,0.45,0.5,0.45,1.0,1.0,True,7468.0,0.9661221210498125,0.6206112654710786,0.6084152334152334,0.614513249443156,0.6491697911087306,0.6151074151074151,0.5487179487179488,0.4512820512820513,0.4,0.5,7215.0,3959.0,3256.0,0.7063832148945653,0.21882884066514852,0.6269735220696954,0.22241564006427417,0.6097977045650215,0.36473676171498026,3959.0,3256.0,7215.0,0.9661221210498125,0.6151074151074151,4825.0,0.9716062176165803,0.7248293515358362,4688.0,2643.0,0.9561104805145668,0.4115552037989711,2527.0
0.4,0.2,0.0,0.45,0.5,0.55,0.5,0.55,False,7468.0,0.6377878950187467,0.640458316870802,0.6088709677419355,0.6246646423063688,0.6491697911087306,0.6256560990972077,0.5313877808104136,0.4686122191895864,0.4,0.5,4763.0,2531.0,2232.0,0.7063832148945653,0.21882884066514852,0.6269735220696954,0.1602838778789502,0.4886225624855019,0.32803208485426016,2531.0,2232.0,4763.0,0.6377878950187467,0.6256560990972077,4825.0,0.6617616580310881,0.7090510491700595,3193.0,2643.0,0.5940219447597427,0.45605095541401275,1570.0
0.4,0.2,0.0,0.45,0.5,0.55,0.5,0.55,True,7468.0,0.6783610069630424,0.6302829841969864,0.603411513859275,0.6168472490281307,0.6491697911087306,0.6178444532175287,0.5371101460718516,0.46288985392814846,0.4,0.5,5066.0,2721.0,2345.0,0.7063832148945653,0.21882884066514852,0.6269735220696954,0.1598821638993038,0.5091555965830772,0.31401435037200137,2721.0,2345.0,5066.0,0.6783610069630424,0.6178444532175287,4825.0,0.6934715025906736,0.6766288105200239,3346.0,2643.0,0.6507756337495271,0.5034883720930232,1720.0
0.4,0.2,0.0,0.45,0.5,0.55,0.5,0.65,False,7468.0,0.6576057846813069,0.6400304414003044,0.6084099868593955,0.62422021412985,0.6491697911087306,0.6253308898391366,0.535125229077581,0.4648747709224191,0.4,0.5,4911.0,2628.0,2283.0,0.7063832148945653,0.21882884066514852,0.6269735220696954,0.16483663631494377,0.496371407499648,0.33208326230003626,2628.0,2283.0,4911.0,0.6576057846813069,0.6253308898391366,4825.0,0.6806217616580311,0.7171132764920828,3284.0,2643.0,0.6155883465758608,0.4400737553779963,1627.0
0.4,0.2,0.0,0.45,0.5,0.55,0.5,0.65,True,7468.0,0.6981788966256026,0.6302342086586231,0.6030884808013356,0.6166613447299794,0.6491697911087306,0.6177598772535481,0.5404679708477177,0.4595320291522823,0.4,0.5,5214.0,2818.0,2396.0,0.7063832148945653,0.21882884066514852,0.6269735220696954,0.1644349223352972,0.5165965419407612,0.3183043419484468,2818.0,2396.0,5214.0,0.6981788966256026,0.6177598772535481,4825.0,0.7123316062176166,0.6851905731742799,3437.0,2643.0,0.6723420355656451,0.48733821046707937,1777.0
0.4,0.2,0.0,0.45,0.5,0.55,0.5,1.0,False,7468.0,0.6610873058382432,0.6394248959515701,0.6089799476896252,0.6242024218205977,0.6491697911087306,0.6252785092161232,0.5353453514279927,0.4646546485720073,0.4,0.5,4937.0,2643.0,2294.0,0.7063832148945653,0.21882884066514852,0.6269735220696954,0.16564006427423675,0.4977184151525873,0.33279874569932455,2643.0,2294.0,4937.0,0.6610873058382432,0.6252785092161232,4825.0,0.6839378238341969,0.7184848484848485,3300.0,2643.0,0.6193719258418464,0.43738546120952965,1637.0
0.4,0.2,0.0,0.45,0.5,0.55,0.5,1.0,True,7468.0,0.7016604177825388,0.6297211436639605,0.6036560033236393,0.6166885734937999,0.6491697911087306,0.6177480916030534,0.540648854961832,0.45935114503816793,0.4,0.5,5240.0,2833.0,2407.0,0.7063832148945653,0.21882884066514852,0.6269735220696954,0.16523835029459027,0.5178909477331828,0.3190601245645271,2833.0,2407.0,5240.0,0.7016604177825388,0.6177480916030534,4825.0,0.7156476683937824,0.6866492904720533,3453.0,2643.0,0.6761256148316307,0.4846110800223839,1787.0
0.4,0.2,0.0,0.45,0.5,0.55,0.55,0.55,False,7468.0,0.7430369576861274,0.6407570125042245,0.6181467181467182,0.6294518653254713,0.6491697911087306,0.6302036402955488,0.5332492340962336,0.46675076590376646,0.4,0.5,5549.0,2959.0,2590.0,0.7063832148945653,0.21882884066514852,0.6269735220696954,0.19349223352972683,0.5241873349082371,0.3691280209270968,2959.0,2590.0,5549.0,0.7430369576861274,0.6302036402955488,4825.0,0.7689119170984456,0.7495956873315364,3710.0,2643.0,0.695800227014756,0.38934203371397497,1839.0
0.4,0.2,0.0,0.45,0.5,0.55,0.55,0.55,True,7468.0,0.7836100696304231,0.6319466497300731,0.6130225675175731,0.6224846086238232,0.6491697911087306,0.6232057416267942,0.5381066302118934,0.46189336978810663,0.4,0.5,5852.0,3149.0,2703.0,0.7063832148945653,0.21882884066514852,0.6269735220696954,0.19309051955008025,0.5433781142447416,0.3553520366171959,3149.0,2703.0,5852.0,0.7836100696304231,0.6232057416267942,4825.0,0.8006217616580311,0.7199068081801708,3863.0,2643.0,0.7525539160045402,0.43539467068878834,1989.0
0.4,0.2,0.0,0.45,0.5,0.55,0.55,0.65,False,7468.0,0.7629887520085699,0.6403795811518325,0.6177138531415595,0.629046717146696,0.6491697911087306,0.6298701298701299,0.5363285363285363,0.46367146367146367,0.4,0.5,5698.0,3056.0,2642.0,0.7063832148945653,0.21882884066514852,0.6269735220696954,0.19817889662560262,0.531417846606118,0.3729248046358725,3056.0,2642.0,5698.0,0.7629887520085699,0.6298701298701299,4825.0,0.7879792746113989,0.7556549184639664,3802.0,2643.0,0.717366628830874,0.37763713080168776,1896.0
0.4,0.2,0.0,0.45,0.5,0.55,0.55,0.65,True,7468.0,0.8035618639528656,0.6318545902649415,0.6127041742286752,0.6222793822468083,0.6491697911087306,0.6230628228628562,0.5409098483586069,0.4590901516413931,0.4,0.5,6001.0,3246.0,2755.0,0.7063832148945653,0.21882884066514852,0.6269735220696954,0.1977771826459561,0.5503565577454808,0.3593619079531721,3246.0,2755.0,6001.0,0.8035618639528656,0.6230628228628562,4825.0,0.8196891191709844,0.7264222503160557,3955.0,2643.0,0.7741203178206584,0.4232649071358749,2046.0
0.4,0.2,0.0,0.45,0.5,0.55,0.55,1.0,False,7468.0,0.7664702731655062,0.6398567241940736,0.6181681115718055,0.6290124178829395,0.6491697911087306,0.6298043326345213,0.536512928022362,0.463487071977638,0.4,0.5,5724.0,3071.0,2653.0,0.7063832148945653,0.21882884066514852,0.6269735220696954,0.19898232458489554,0.5326762377751662,0.37355209501363695,3071.0,2653.0,5724.0,0.7664702731655062,0.6298043326345213,4825.0,0.7912953367875648,0.7566788894709272,3818.0,2643.0,0.7211502080968596,0.3756558237145855,1906.0
0.4,0.2,0.0,0.45,0.5,0.55,0.55,1.0,True,7468.0,0.8070433851098018,0.6314014106102422,0.6131597975415762,0.6222806040759092,0.6491697911087306,0.623029699684752,0.541065206570433,0.45893479342956695,0.4,0.5,6027.0,3261.0,2766.0,0.7063832148945653,0.21882884066514852,0.6269735220696954,0.1985806106052491,0.5515717426158417,0.36002680206835097,3261.0,2766.0,6027.0,0.8070433851098018,0.623029699684752,4825.0,0.8230051813471503,0.7275245530093175,3971.0,2643.0,0.777903897086644,0.42120622568093385,2056.0
0.4,0.2,0.0,0.45,0.5,0.55,0.6,0.55,False,7468.0,0.8133369041242635,0.6397553516819572,0.6187589158345221,0.6292571337582397,0.6491697911087306,0.6300625617385578,0.5383602239051696,0.4616397760948304,0.4,0.5,6074.0,3270.0,2804.0,0.7063832148945653,0.21882884066514852,0.6269735220696954,0.21156936261381898,0.5485287328437976,0.3857033368461061,3270.0,2804.0,6074.0,0.8133369041242635,0.6300625617385578,4825.0,0.8373056994818653,0.7700495049504951,4040.0,2643.0,0.7695800227014756,0.352015732546706,2034.0
0.4,0.2,0.0,0.45,0.5,0.55,0.6,0.55,True,7468.0,0.8539100160685592,0.6317919075144509,0.6139869729173809,0.622889440215916,0.6491697911087306,0.6236474831425435,0.5425748784694998,0.45742512153050024,0.4,0.5,6377.0,3460.0,2917.0,0.7063832148945653,0.21882884066514852,0.6269735220696954,0.21116764863417242,0.566896096050408,0.37249797644645544,3460.0,2917.0,6377.0,0.8539100160685592,0.6236474831425435,4825.0,0.8690155440414508,0.7419508704984498,4193.0,2643.0,0.8263337116912599,0.3965201465201465,2184.0
0.4,0.2,0.0,0.45,0.5,0.55,0.6,0.65,False,7468.0,0.8332886984467059,0.6394416394416395,0.6183473389355743,0.6288944891886068,0.6491697911087306,0.6297605656435803,0.5410573678290214,0.45894263217097864,0.4,0.5,6223.0,3367.0,2856.0,0.7063832148945653,0.21882884066514852,0.6269735220696954,0.21625602570969474,0.5554424689997206,0.3893400987129119,3367.0,2856.0,6223.0,0.8332886984467059,0.6297605656435803,4825.0,0.8563730569948187,0.7751694094869312,4132.0,2643.0,0.7911464245175936,0.34241989478718315,2091.0
0.4,0.2,0.0,0.45,0.5,0.55,0.6,0.65,True,7468.0,0.8738618103910016,0.6317121169524881,0.6136746379252274,0.6226933774388577,0.6491697911087306,0.6235059760956175,0.5450505669629175,0.45494943303708246,0.4,0.5,6526.0,3557.0,2969.0,0.7063832148945653,0.21882884066514852,0.6269735220696954,0.2158543117300482,0.5735884843077629,0.37632260346117774,3557.0,2969.0,6526.0,0.8738618103910016,0.6235059760956175,4825.0,0.8880829015544042,0.7474912485414236,4285.0,2643.0,0.8479001135073779,0.38643462739848283,2241.0
0.4,0.2,0.0,0.45,0.5,0.55,0.6,1.0,False,7468.0,0.8367702196036422,0.6389710230632761,0.6187652598535054,0.6288681414583908,0.6491697911087306,0.6297007521203393,0.5412065930548888,0.4587934069451112,0.4,0.5,6249.0,3382.0,2867.0,0.7063832148945653,0.21882884066514852,0.6269735220696954,0.21705945366898768,0.5566465512040178,0.38994125302580507,3382.0,2867.0,6249.0,0.8367702196036422,0.6297007521203393,4825.0,0.8596891191709845,0.776036644165863,4148.0,2643.0,0.7949300037835793,0.3407900999524036,2101.0
0.4,0.2,0.0,0.45,0.5,0.55,0.6,1.0,True,7468.0,0.8773433315479379,0.6312989921612542,0.6140939597315436,0.6226964759463989,0.6491697911087306,0.6234737484737485,0.5451770451770451,0.4548229548229548,0.4,0.5,6552.0,3572.0,2980.0,0.7063832148945653,0.21882884066514852,0.6269735220696954,0.2166577396893412,0.5747545527695265,0.3769569786708933,3572.0,2980.0,6552.0,0.8773433315479379,0.6234737484737485,4825.0,0.8913989637305699,0.7484305975354568,4301.0,2643.0,0.8516836927733636,0.3847179031541537,2251.0
0.4,0.2,0.0,0.45,0.5,0.55,1.0,0.55,False,7468.0,0.8509641135511515,0.6380813953488372,0.6212692967409948,0.629675346044916,0.6491697911087306,0.6303697875688434,0.5413060582218725,0.45869394177812745,0.4,0.5,6355.0,3440.0,2915.0,0.7063832148945653,0.21882884066514852,0.6269735220696954,0.22188002142474558,0.5608404818334737,0.395620552745026,3440.0,2915.0,6355.0,0.8509641135511515,0.6303697875688434,4825.0,0.8744041450777202,0.7798056411471913,4219.0,2643.0,0.8081725312145289,0.3352059925093633,2136.0
0.4,0.2,0.0,0.45,0.5,0.55,1.0,0.55,True,7468.0,0.8915372254954472,0.6305785123966943,0.6165785997357992,0.6235785560662468,0.6491697911087306,0.6242114749173926,0.5452087714028236,0.45479122859717636,0.4,0.5,6658.0,3630.0,3028.0,0.7063832148945653,0.21882884066514852,0.6269735220696954,0.22147830744509905,0.5788172933017586,0.38263940972066696,3630.0,3028.0,6658.0,0.8915372254954472,0.6242114749173926,4825.0,0.9061139896373057,0.752516010978957,4372.0,2643.0,0.8649262202043133,0.378827646544182,2286.0
0.4,0.2,0.0,0.45,0.5,0.55,1.0,0.65,False,7468.0,0.870915907873594,0.6378286683630195,0.6208291203235592,0.6293288943432893,0.6491697911087306,0.6300738007380073,0.5438191881918819,0.4561808118081181,0.4,0.5,6504.0,3537.0,2967.0,0.7063832148945653,0.21882884066514852,0.6269735220696954,0.22656668452062123,0.5676042738356419,0.3991631052909001,3537.0,2967.0,6504.0,0.870915907873594,0.6300738007380073,4825.0,0.8934715025906735,0.7845047552771979,4311.0,2643.0,0.8297389330306469,0.3264933880528956,2193.0
0.4,0.2,0.0,0.45,0.5,0.55,1.0,0.65,True,7468.0,0.9114890198178897,0.6305339415079152,0.6162337662337662,0.6233838538708407,0.6491697911087306,0.624063464081093,0.5475246070221831,0.45247539297781697,0.4,0.5,6807.0,3727.0,3080.0,0.7063832148945653,0.21882884066514852,0.6269735220696954,0.2261649705409749,0.5853734061592287,0.38636017311564586,3727.0,3080.0,6807.0,0.9114890198178897,0.624063464081093,4825.0,0.925181347150259,0.7576164874551972,4464.0,2643.0,0.8864926220204313,0.36961160904822876,2343.0
0.4,0.2,0.0,0.45,0.5,0.55,1.0,1.0,False,7468.0,0.8743974290305303,0.6373873873873874,0.6212222968435192,0.6293048421154532,0.6491697911087306,0.6300153139356814,0.5439509954058193,0.4560490045941807,0.4,0.5,6530.0,3552.0,2978.0,0.7063832148945653,0.21882884066514852,0.6269735220696954,0.22737011247991426,0.5687826107356905,0.39974870572400756,3552.0,2978.0,6530.0,0.8743974290305303,0.6300153139356814,4825.0,0.8967875647668394,0.7853015946383175,4327.0,2643.0,0.8335225122966327,0.3250113481615978,2203.0
0.4,0.2,0.0,0.45,0.5,0.55,1.0,1.0,True,7468.0,0.9149705409748259,0.6301443078567611,0.6166289226787447,0.623386615267753,0.6491697911087306,0.6240304405092931,0.5476364700717108,0.4523635299282892,0.4,0.5,6833.0,3742.0,3091.0,0.7063832148945653,0.21882884066514852,0.6269735220696954,0.2269683985002678,0.5865160451660969,0.3869773050044898,3742.0,3091.0,6833.0,0.9149705409748259,0.6240304405092931,4825.0,0.9284974093264249,0.7584821428571429,4480.0,2643.0,0.8902762012864169,0.3680407989800255,2353.0
0.4,0.2,0.0,0.45,0.6,0.45,0.5,0.55,False,7468.0,0.6811730048205678,0.6263858093126385,0.5993280134397312,0.6128569113761848,0.6491697911087306,0.6137212502457244,0.5319441714173383,0.4680558285826617,0.4,0.6,5087.0,2706.0,2381.0,0.7063832148945653,0.21882884066514852,0.6269735220696954,0.1549276914836637,0.512954829072163,0.3020298917234061,2706.0,2381.0,5087.0,0.6811730048205678,0.6137212502457244,4825.0,0.6994818652849741,0.6708148148148149,3375.0,2643.0,0.6477487703367385,0.5011682242990654,1712.0
0.4,0.2,0.0,0.45,0.6,0.45,0.5,0.55,True,7468.0,0.7285752544188537,0.6176671214188267,0.5934635312873655,0.6055653263530961,0.6491697911087306,0.6065061569564418,0.538871530968572,0.46112846903142807,0.4,0.6,5441.0,2932.0,2509.0,0.7063832148945653,0.21882884066514852,0.6269735220696954,0.15519550080342795,0.5354342880388899,0.289849761717456,2932.0,2509.0,5441.0,0.7285752544188537,0.6065061569564418,4825.0,0.7359585492227979,0.6375668825682906,3551.0,2643.0,0.7150964812712827,0.5481481481481482,1890.0
0.4,0.2,0.0,0.45,0.6,0.45,0.5,0.65,False,7468.0,0.700990894483128,0.6264716375312166,0.5990953947368421,0.6127835161340294,0.6491697911087306,0.6137535816618911,0.5354345749761222,0.46456542502387776,0.4,0.6,5235.0,2803.0,2432.0,0.7063832148945653,0.21882884066514852,0.6269735220696954,0.15948044991965715,0.5203414477837945,0.30649192102398576,2803.0,2432.0,5235.0,0.700990894483128,0.6137535816618911,4825.0,0.7183419689119172,0.6794575879976918,3466.0,2643.0,0.6693151721528566,0.48501978518937255,1769.0
0.4,0.2,0.0,0.45,0.6,0.45,0.5,0.65,True,7468.0,0.748393144081414,0.6180257510729614,0.593359375,0.6056925630364807,0.6491697911087306,0.6067275004473072,0.5419574163535517,0.4580425836464484,0.4,0.6,5589.0,3029.0,2560.0,0.7063832148945653,0.21882884066514852,0.6269735220696954,0.15974825923942146,0.5425149236850506,0.29445873701376934,3029.0,2560.0,5589.0,0.748393144081414,0.6067275004473072,4825.0,0.7548186528497409,0.6466227347611203,3642.0,2643.0,0.7366628830874007,0.5321006676938881,1947.0
0.4,0.2,0.0,0.45,0.6,0.45,0.5,1.0,False,7468.0,0.7044724156400642,0.6259758694109298,0.599672533769955,0.6128242015904424,0.6491697911087306,0.6137616422733321,0.5356396122410189,0.4643603877589812,0.4,0.6,5261.0,2818.0,2443.0,0.7063832148945653,0.21882884066514852,0.6269735220696954,0.16028387787895018,0.5216265607506553,0.3072770635917984,2818.0,2443.0,5261.0,0.7044724156400642,0.6137616422733321,4825.0,0.7216580310880829,0.6809304997128087,3482.0,2643.0,0.6730987514188422,0.4822934232715008,1779.0
0.4,0.2,0.0,0.45,0.6,0.45,0.5,1.0,True,7468.0,0.7518746652383503,0.6176084099868594,0.5939323220536756,0.6057703660202676,0.6491697911087306,0.6067675868210152,0.542119323241318,0.4578806767586821,0.4,0.6,5615.0,3044.0,2571.0,0.7063832148945653,0.21882884066514852,0.6269735220696954,0.16055168719871457,0.5437476335762923,0.29526875573277844,3044.0,2571.0,5615.0,0.7518746652383503,0.6067675868210152,4825.0,0.7581347150259067,0.6481683980317113,3658.0,2643.0,0.7404464623533863,0.5293817066939193,1957.0
0.4,0.2,0.0,0.45,0.6,0.45,0.55,0.55,False,7468.0,0.7864220674879486,0.6285896617740906,0.6093464768163563,0.6189680692952235,0.6491697911087306,0.6196151881491572,0.5336284692661332,0.46637153073386683,0.4,0.6,5873.0,3134.0,2739.0,0.7063832148945653,0.21882884066514852,0.6269735220696954,0.1881360471344403,0.5469396769084816,0.3439795192732393,3134.0,2739.0,5873.0,0.7864220674879486,0.6196151881491572,4825.0,0.8066321243523316,0.7145426515930113,3892.0,2643.0,0.7495270525917518,0.4331145885916204,1981.0
0.4,0.2,0.0,0.45,0.6,0.45,0.55,0.55,True,7468.0,0.8338243170862346,0.6208333333333333,0.6037670038367632,0.6123001685850482,0.6491697911087306,0.6129757507628071,0.539585675285049,0.46041432471495103,0.4,0.6,6227.0,3360.0,2867.0,0.7063832148945653,0.21882884066514852,0.6269735220696954,0.18840385645420452,0.568075901896934,0.3316526116053883,3360.0,2867.0,6227.0,0.8338243170862346,0.6129757507628071,4825.0,0.8431088082901554,0.6836283185840708,4068.0,2643.0,0.8168747635262958,0.4798517832329782,2159.0
0.4,0.2,0.0,0.45,0.6,0.45,0.55,0.65,False,7468.0,0.806373861810391,0.6285979572887651,0.6091006807595843,0.6188493190241747,0.6491697911087306,0.6195616074393889,0.5365327133842577,0.46346728661574227,0.4,0.6,6022.0,3231.0,2791.0,0.7063832148945653,0.21882884066514852,0.6269735220696954,0.19282271023031602,0.5538732488485406,0.34813508439192437,3231.0,2791.0,6022.0,0.806373861810391,0.6195616074393889,4825.0,0.825699481865285,0.7211345381526104,3984.0,2643.0,0.7710934544078698,0.4210009813542689,2038.0
0.4,0.2,0.0,0.45,0.6,0.45,0.55,0.65,True,7468.0,0.853776111408677,0.62105872143477,0.6036313806097979,0.612345051022284,0.6491697911087306,0.6130803011292346,0.542189460476788,0.45781053952321205,0.4,0.6,6376.0,3457.0,2919.0,0.7063832148945653,0.21882884066514852,0.6269735220696954,0.19309051955008033,0.5747545527695265,0.33595300571287273,3457.0,2919.0,6376.0,0.853776111408677,0.6130803011292346,4825.0,0.8621761658031089,0.690625,4160.0,2643.0,0.838441165342414,0.4675090252707581,2216.0
0.4,0.2,0.0,0.45,0.6,0.45,0.55,1.0,False,7468.0,0.8098553829673273,0.6281577325939618,0.609564596716631,0.6188611646552964,0.6491697911087306,0.6195436507936508,0.5367063492063492,0.4632936507936508,0.4,0.6,6048.0,3246.0,2802.0,0.7063832148945653,0.21882884066514852,0.6269735220696954,0.19362613818960903,0.555080735018663,0.34882518158930326,3246.0,2802.0,6048.0,0.8098553829673273,0.6195436507936508,4825.0,0.8290155440414507,0.72225,4000.0,2643.0,0.7748770336738555,0.4189453125,2048.0
0.4,0.2,0.0,0.45,0.6,0.45,0.55,1.0,True,7468.0,0.8572576325656133,0.6206797235023042,0.6040955631399317,0.612387643321118,0.6491697911087306,0.613089659481412,0.542330521711965,0.457669478288035,0.4,0.6,6402.0,3472.0,2930.0,0.7063832148945653,0.21882884066514852,0.6269735220696954,0.19389394750937328,0.5759182602836274,0.33666921311695286,3472.0,2930.0,6402.0,0.8572576325656133,0.613089659481412,4825.0,0.8654922279792746,0.6918103448275862,4176.0,2643.0,0.8422247446083996,0.46540880503144655,2226.0
0.4,0.2,0.0,0.45,0.6,0.45,0.6,0.55,False,7468.0,0.8567220139260846,0.6287373004354136,0.6105655265831358,0.6196514135092748,0.6491697911087306,0.6203501094091903,0.5384495154735855,0.4615504845264145,0.4,0.6,6398.0,3445.0,2953.0,0.7063832148945653,0.21882884066514852,0.6269735220696954,0.20621317621853233,0.5703108089925845,0.3615803399952983,3445.0,2953.0,6398.0,0.8567220139260846,0.6203501094091903,4825.0,0.8750259067357513,0.736854571293226,4222.0,2643.0,0.8233068482784714,0.3943014705882353,2176.0
0.4,0.2,0.0,0.45,0.6,0.45,0.6,0.55,True,7468.0,0.9041242635243707,0.621628983928085,0.605322947095099,0.613475965511592,0.6491697911087306,0.6141883886255924,0.5436907582938388,0.45630924170616116,0.4,0.6,6752.0,3671.0,3081.0,0.7063832148945653,0.21882884066514852,0.6269735220696954,0.20648098553829677,0.5906112418444446,0.3496055796253872,3671.0,3081.0,6752.0,0.9041242635243707,0.6141883886255924,4825.0,0.9115025906735751,0.7073669849931787,4398.0,2643.0,0.8906545592130155,0.44010195412064573,2354.0
0.4,0.2,0.0,0.45,0.6,0.45,0.6,0.65,False,7468.0,0.876673808248527,0.6287408243929983,0.6103161397670549,0.6195284820800266,0.6491697911087306,0.6202840995875973,0.5410111501451046,0.45898884985489535,0.4,0.6,6547.0,3542.0,3005.0,0.7063832148945653,0.21882884066514852,0.6269735220696954,0.2108998393144081,0.5769635902438381,0.36553405254788596,3542.0,3005.0,6547.0,0.876673808248527,0.6202840995875973,4825.0,0.8940932642487046,0.7424663885025499,4314.0,2643.0,0.8448732500945895,0.3842364532019704,2233.0
0.4,0.2,0.0,0.45,0.6,0.45,0.6,0.65,True,7468.0,0.924076057846813,0.6218152866242038,0.6051707628471114,0.6134930247356576,0.6491697911087306,0.6142588030720185,0.5460078249529053,0.4539921750470946,0.4,0.6,6901.0,3768.0,3133.0,0.7063832148945653,0.21882884066514852,0.6269735220696954,0.21116764863417242,0.5970378586038915,0.35369222502567116,3768.0,3133.0,6901.0,0.924076057846813,0.6142588030720185,4825.0,0.9305699481865285,0.7133630289532294,4490.0,2643.0,0.9122209610291335,0.4296972210700954,2411.0
0.4,0.2,0.0,0.45,0.6,0.45,0.6,1.0,False,7468.0,0.8801553294054633,0.6283384874894574,0.6107427055702918,0.6195405965298746,0.6491697911087306,0.6202647193062528,0.5411532024950555,0.45884679750494445,0.4,0.6,6573.0,3557.0,3016.0,0.7063832148945653,0.21882884066514852,0.6269735220696954,0.21170326727370106,0.57812285118812,0.3661907963655518,3557.0,3016.0,6573.0,0.8801553294054633,0.6202647193062528,4825.0,0.8974093264248705,0.7434180138568129,4330.0,2643.0,0.8486568293605751,0.3825234061524744,2243.0
0.4,0.2,0.0,0.45,0.6,0.45,0.6,1.0,True,7468.0,0.9275575790037494,0.6214644462067143,0.6055979643765903,0.6135312052916523,0.6491697911087306,0.6142630287281652,0.5461238631442182,0.4538761368557817,0.4,0.6,6927.0,3783.0,3144.0,0.7063832148945653,0.21882884066514852,0.6269735220696954,0.2119710765934655,0.5981582158636141,0.3543729250419541,3783.0,3144.0,6927.0,0.9275575790037494,0.6142630287281652,4825.0,0.9338860103626943,0.7143808255659121,4506.0,2643.0,0.9160045402951191,0.42792234613795954,2421.0
0.4,0.2,0.0,0.45,0.6,0.45,1.0,0.55,False,7468.0,0.8943492233529727,0.6276625172890733,0.6132506527415144,0.6204565850152939,0.6491697911087306,0.6210510555472376,0.5412486899236413,0.4587513100763587,0.4,0.6,6679.0,3615.0,3064.0,0.7063832148945653,0.21882884066514852,0.6269735220696954,0.21652383502945904,0.582162085816104,0.37193049891925734,3615.0,3064.0,6679.0,0.8943492233529727,0.6210510555472376,4825.0,0.9121243523316063,0.7475573733242445,4401.0,2643.0,0.8618993567915247,0.37664618086040386,2278.0
0.4,0.2,0.0,0.45,0.6,0.45,1.0,0.55,True,7468.0,0.9417514729512587,0.6209320489455871,0.6080827067669173,0.6145073778562522,0.6491697911087306,0.6151002417176169,0.5461396274704963,0.4538603725295038,0.4,0.6,7033.0,3841.0,3192.0,0.7063832148945653,0.21882884066514852,0.6269735220696954,0.21679164434922327,0.602063048443448,0.3600812986442342,3841.0,3192.0,7033.0,0.9417514729512587,0.6151002417176169,4825.0,0.94860103626943,0.7188114485470832,4577.0,2643.0,0.9292470677260689,0.4218241042345277,2456.0
0.4,0.2,0.0,0.45,0.6,0.45,1.0,0.65,False,7468.0,0.914301017675415,0.6276939655172413,0.6129653401797176,0.6203296528484794,0.6491697911087306,0.6209724663151728,0.5436438195664909,0.45635618043350906,0.4,0.6,6828.0,3712.0,3116.0,0.7063832148945653,0.21882884066514852,0.6269735220696954,0.22121049812533466,0.5886809490505364,0.37577315603998673,3712.0,3116.0,6828.0,0.914301017675415,0.6209724663151728,4825.0,0.9311917098445596,0.7527264633874916,4493.0,2643.0,0.8834657586076429,0.36745182012847966,2335.0
0.4,0.2,0.0,0.45,0.6,0.45,1.0,0.65,True,7468.0,0.9617032672737011,0.6211274758760792,0.6078914919852034,0.6145094839306413,0.6491697911087306,0.6151489835700362,0.5483152325257589,0.45168476747424113,0.4,0.6,7182.0,3938.0,3244.0,0.7063832148945653,0.21882884066514852,0.6269735220696954,0.22147830744509914,0.6083687039241097,0.3640527627679007,3938.0,3244.0,7182.0,0.9617032672737011,0.6151489835700362,4825.0,0.9676683937823835,0.724352109659456,4669.0,2643.0,0.9508134695421869,0.41225626740947074,2513.0
0.4,0.2,0.0,0.45,0.6,0.45,1.0,1.0,False,7468.0,0.9177825388323514,0.6273141937214918,0.6133674448353054,0.6203408192783986,0.6491697911087306,0.620951269331777,0.5437700612780858,0.4562299387219142,0.4,0.6,6854.0,3727.0,3127.0,0.7063832148945653,0.21882884066514852,0.6269735220696954,0.22201392608462767,0.5898171804668476,0.3764114261793814,3727.0,3127.0,6854.0,0.9177825388323514,0.620951269331777,4825.0,0.9345077720207254,0.7536039033045021,4509.0,2643.0,0.8872493378736285,0.36588486140724946,2345.0
0.4,0.2,0.0,0.45,0.6,0.45,1.0,1.0,True,7468.0,0.9651847884306374,0.6207943334176574,0.6082949308755761,0.6145446321466168,0.6491697911087306,0.615149833518313,0.5484184239733629,0.45158157602663707,0.4,0.6,7208.0,3953.0,3255.0,0.7063832148945653,0.21882884066514852,0.6269735220696954,0.22228173540439206,0.6094682325709213,0.36471422713328383,3953.0,3255.0,7208.0,0.9651847884306374,0.615149833518313,4825.0,0.9709844559585492,0.7252934898612593,4685.0,2643.0,0.9545970488081725,0.4106222750693619,2523.0
0.4,0.2,0.0,0.45,0.6,0.55,0.5,0.55,False,7468.0,0.5610605249062668,0.6714158504007124,0.6286008230452675,0.65000833672299,0.6491697911087306,0.6515513126491647,0.5360381861575179,0.4639618138424821,0.4,0.6,4190.0,2246.0,1944.0,0.7063832148945653,0.21882884066514852,0.6269735220696954,0.17005891805034815,0.4421547279267285,0.38461404415544187,2246.0,1944.0,4190.0,0.5610605249062668,0.6515513126491647,4825.0,0.5948186528497409,0.7888501742160279,2870.0,2643.0,0.49943246311010214,0.353030303030303,1320.0
0.4,0.2,0.0,0.45,0.6,0.55,0.5,0.55,True,7468.0,0.5970808784145688,0.6583644665836447,0.6209756097560976,0.6396700381698711,0.6491697911087306,0.641175151379233,0.5402556627046423,0.4597443372953577,0.4,0.6,4459.0,2409.0,2050.0,0.7063832148945653,0.21882884066514852,0.6269735220696954,0.1685859667916443,0.4628687241664339,0.36421982732846253,2409.0,2050.0,4459.0,0.5970808784145688,0.641175151379233,4825.0,0.6238341968911917,0.7521594684385382,3010.0,2643.0,0.5482406356413166,0.4106280193236715,1449.0
0.4,0.2,0.0,0.45,0.6,0.55,0.5,0.65,False,7468.0,0.580878414568827,0.6696542893725992,0.6275689223057644,0.6486116058391818,0.6491697911087306,0.6502996772706316,0.5401106500691563,0.4598893499308437,0.4,0.6,4338.0,2343.0,1995.0,0.7063832148945653,0.21882884066514852,0.6269735220696954,0.17461167648634177,0.45070319395500474,0.38742054378202134,2343.0,1995.0,4338.0,0.580878414568827,0.6502996772706316,4825.0,0.6136787564766839,0.795339412360689,2961.0,2643.0,0.5209988649262202,0.3384168482207698,1377.0
0.4,0.2,0.0,0.45,0.6,0.55,0.5,0.65,True,7468.0,0.6168987680771291,0.6572226656025538,0.6201808662541647,0.6387017659283593,0.6491697911087306,0.6403299327110918,0.543954851313219,0.456045148686781,0.4,0.6,4607.0,2506.0,2101.0,0.7063832148945653,0.21882884066514852,0.6269735220696954,0.17313872522763796,0.4710414221963346,0.36756581707897457,2506.0,2101.0,4607.0,0.6168987680771291,0.6403299327110918,4825.0,0.6426943005181347,0.7594324411480168,3101.0,2643.0,0.5698070374574348,0.3950863213811421,1506.0
0.4,0.2,0.0,0.45,0.6,0.55,0.5,1.0,False,7468.0,0.5843599357257633,0.6687871077184054,0.6281156530408774,0.6484513803796415,0.6491697911087306,0.6500916590284143,0.5403299725022914,0.4596700274977085,0.4,0.6,4364.0,2358.0,2006.0,0.7063832148945653,0.21882884066514852,0.6269735220696954,0.17541510444563466,0.4521862621089503,0.38792665577126695,2358.0,2006.0,4364.0,0.5843599357257633,0.6500916590284143,4825.0,0.6169948186528498,0.7964393684917702,2977.0,2643.0,0.5247824441922059,0.33597692862292716,1387.0
0.4,0.2,0.0,0.45,0.6,0.55,0.5,1.0,True,7468.0,0.6203802892340653,0.6564855216184053,0.6207386363636364,0.6386120789910208,0.6491697911087306,0.640189941722426,0.5441398661774228,0.4558601338225772,0.4,0.6,4633.0,2521.0,2112.0,0.7063832148945653,0.21882884066514852,0.6269735220696954,0.17394215318693085,0.47246065235484663,0.3681622000053662,2521.0,2112.0,4633.0,0.6203802892340653,0.640189941722426,4825.0,0.6460103626943006,0.7606673083092718,3117.0,2643.0,0.5735906167234204,0.3924802110817942,1516.0
0.4,0.2,0.0,0.45,0.6,0.55,0.55,0.55,False,7468.0,0.6663095875736476,0.6667913238593867,0.635968722849696,0.6513800233545413,0.6491697911087306,0.652532154340836,0.537379421221865,0.46262057877813506,0.4,0.6,4976.0,2674.0,2302.0,0.7063832148945653,0.21882884066514852,0.6269735220696954,0.20326727370112477,0.4811664545001671,0.4224468929619743,2674.0,2302.0,4976.0,0.6663095875736476,0.652532154340836,4825.0,0.7019689119170984,0.8210806023029229,3387.0,2643.0,0.6012107453651154,0.2932662051604783,1589.0
0.4,0.2,0.0,0.45,0.6,0.55,0.55,0.55,True,7468.0,0.7023299410819497,0.6559746210786042,0.6291528239202658,0.6425637224994349,0.6491697911087306,0.6436606291706387,0.5408960915157293,0.45910390848427074,0.4,0.6,5245.0,2837.0,2408.0,0.7063832148945653,0.21882884066514852,0.6269735220696954,0.20179432244242101,0.5002677376363225,0.40337264880574525,2837.0,2408.0,5245.0,0.7023299410819497,0.6436606291706387,4825.0,0.7309844559585492,0.788488800680465,3527.0,2643.0,0.6500189178963299,0.34633294528521535,1718.0
0.4,0.2,0.0,0.45,0.6,0.55,0.55,0.65,False,7468.0,0.68626138189609,0.6654637315048719,0.635089209855565,0.6502764706802184,0.6491697911087306,0.6515121951219512,0.5406829268292683,0.4593170731707317,0.4,0.6,5125.0,2771.0,2354.0,0.7063832148945653,0.21882884066514852,0.6269735220696954,0.20795393679700055,0.4890334574950314,0.42523457978151397,2771.0,2354.0,5125.0,0.68626138189609,0.6515121951219512,4825.0,0.7210362694300518,0.8258120149468238,3479.0,2643.0,0.6227771471812334,0.28311057108140947,1646.0
0.4,0.2,0.0,0.45,0.6,0.55,0.55,0.65,True,7468.0,0.7222817354043921,0.6550783912747103,0.6284552845528455,0.641766837913778,0.6491697911087306,0.64293659621802,0.5439377085650723,0.4560622914349277,0.4,0.6,5394.0,2934.0,2460.0,0.7063832148945653,0.21882884066514852,0.6269735220696954,0.20648098553829675,0.507838926169556,0.4065875514815448,2934.0,2460.0,5394.0,0.7222817354043921,0.64293659621802,4825.0,0.7500518134715026,0.7938657087593258,3619.0,2643.0,0.671585319712448,0.3352112676056338,1775.0
0.4,0.2,0.0,0.45,0.6,0.55,0.55,1.0,False,7468.0,0.6897429030530262,0.6647523330940417,0.6355179704016913,0.6501351517478665,0.6491697911087306,0.6513298388662395,0.5408658512910115,0.45913414870898855,0.4,0.6,5151.0,2786.0,2365.0,0.7063832148945653,0.21882884066514852,0.6269735220696954,0.20875736475629345,0.4904006210725741,0.4256873988040883,2786.0,2365.0,5151.0,0.6897429030530262,0.6513298388662395,4825.0,0.7243523316062176,0.8266094420600858,3495.0,2643.0,0.626560726447219,0.28140096618357485,1656.0
0.4,0.2,0.0,0.45,0.6,0.55,0.55,1.0,True,7468.0,0.7257632565613283,0.6544591386910817,0.6288951841359773,0.6416771614135295,0.6491697911087306,0.6428044280442804,0.5440959409594096,0.4559040590405904,0.4,0.6,5420.0,2949.0,2471.0,0.7063832148945653,0.21882884066514852,0.6269735220696954,0.20728441349758964,0.5091555965830773,0.4071140823918405,2949.0,2471.0,5420.0,0.7257632565613283,0.6428044280442804,4825.0,0.7533678756476684,0.7947730398899587,3635.0,2643.0,0.6753688989784336,0.3333333333333333,1785.0
0.4,0.2,0.0,0.45,0.6,0.55,0.6,0.55,False,7468.0,0.7366095340117836,0.6629815745393635,0.6351351351351351,0.6490583548372493,0.6491697911087306,0.6502454099254681,0.5426286129794583,0.4573713870205417,0.4,0.6,5501.0,2985.0,2516.0,0.7063832148945653,0.21882884066514852,0.6269735220696954,0.22134440278521691,0.5075751822275034,0.43608200427342164,2985.0,2516.0,5501.0,0.7366095340117836,0.6502454099254681,4825.0,0.7703626943005182,0.8369652945924132,3717.0,2643.0,0.6749905410518351,0.26121076233183854,1784.0
0.4,0.2,0.0,0.45,0.6,0.55,0.6,0.55,True,7468.0,0.7726298875200857,0.6534307496823379,0.6289092295957285,0.6411699896390333,0.6491697911087306,0.6422876949740035,0.545580589254766,0.45441941074523395,0.4,0.6,5770.0,3148.0,2622.0,0.7063832148945653,0.21882884066514852,0.6269735220696954,0.2198714515265132,0.5257178121357372,0.4182309338793027,3148.0,2622.0,5770.0,0.7726298875200857,0.6422876949740035,4825.0,0.7993782383419689,0.8065854290899663,3857.0,2643.0,0.7237987135830496,0.31102979613173026,1913.0
0.4,0.2,0.0,0.45,0.6,0.55,0.6,0.65,False,7468.0,0.7565613283342261,0.6619078520441272,0.6343457943925234,0.6481268232183253,0.6491697911087306,0.6493805309734513,0.5454867256637168,0.4545132743362832,0.4,0.6,5650.0,3082.0,2568.0,0.7063832148945653,0.21882884066514852,0.6269735220696954,0.2260310658810926,0.5150389608821518,0.4388620726749479,3082.0,2568.0,5650.0,0.7565613283342261,0.6493805309734513,4825.0,0.7894300518134715,0.8409031241795747,3809.0,2643.0,0.6965569428679531,0.25312330255296034,1841.0
0.4,0.2,0.0,0.45,0.6,0.55,0.6,0.65,True,7468.0,0.7925816818425281,0.6526964560862866,0.6282722513089005,0.6404843536975935,0.6491697911087306,0.6416624429802331,0.548234499070789,0.45176550092921103,0.4,0.6,5919.0,3245.0,2674.0,0.7063832148945653,0.21882884066514852,0.6269735220696954,0.2245581146223888,0.5329275594394323,0.4213670519471607,3245.0,2674.0,5919.0,0.7925816818425281,0.6416624429802331,4825.0,0.8184455958549223,0.81109141554824,3949.0,2643.0,0.7453651153991676,0.3020304568527919,1970.0
0.4,0.2,0.0,0.45,0.6,0.55,0.6,1.0,False,7468.0,0.7600428494911623,0.6612851146270584,0.6347421481194261,0.6480136313732423,0.6491697911087306,0.6492248062015504,0.545630725863284,0.454369274136716,0.4,0.6,5676.0,3097.0,2579.0,0.7063832148945653,0.21882884066514852,0.6269735220696954,0.2268344938403857,0.516337271388952,0.4393145844966776,3097.0,2579.0,5676.0,0.7600428494911623,0.6492248062015504,4825.0,0.7927461139896373,0.8415686274509804,3825.0,2643.0,0.7003405221339387,0.2517558076715289,1851.0
0.4,0.2,0.0,0.45,0.6,0.55,0.6,1.0,True,7468.0,0.7960632029994644,0.6521472392638037,0.6286778398510242,0.640412539557414,0.6491697911087306,0.6415475189234651,0.5483599663582843,0.45164003364171573,0.4,0.6,5945.0,3260.0,2685.0,0.7063832148945653,0.21882884066514852,0.6269735220696954,0.2253615425816818,0.5341823941397651,0.4218812620071442,3260.0,2685.0,5945.0,0.7960632029994644,0.6415475189234651,4825.0,0.8217616580310881,0.8118537200504413,3965.0,2643.0,0.7491486946651532,0.3005050505050505,1980.0
0.4,0.2,0.0,0.45,0.6,0.55,1.0,0.55,False,7468.0,0.7742367434386717,0.659904912836767,0.6372287780738485,0.6485668454553077,0.6491697911087306,0.6496022137668627,0.5456589415427188,0.45434105845728123,0.4,0.6,5782.0,3155.0,2627.0,0.7063832148945653,0.21882884066514852,0.6269735220696954,0.23165506159614352,0.5208558734633449,0.44475847043020084,3155.0,2627.0,5782.0,0.7742367434386717,0.6496022137668627,4825.0,0.807461139896373,0.8444558521560575,3896.0,2643.0,0.7135830495648884,0.24708377518557795,1886.0
0.4,0.2,0.0,0.45,0.6,0.55,1.0,0.55,True,7468.0,0.8102570969469738,0.650994575045208,0.6311745334796927,0.6410845542624504,0.6491697911087306,0.6420426375805652,0.5483391175012394,0.4516608824987605,0.4,0.6,6051.0,3318.0,2733.0,0.7063832148945653,0.21882884066514852,0.6269735220696954,0.23018211033743982,0.5385512912478875,0.42740981978537357,3318.0,2733.0,6051.0,0.8102570969469738,0.6420426375805652,4825.0,0.8364766839378238,0.8151635282457879,4036.0,2643.0,0.7623912220961029,0.29528535980148884,2015.0
0.4,0.2,0.0,0.45,0.6,0.55,1.0,0.65,False,7468.0,0.7941885377611141,0.6589790897908979,0.6364315042926465,0.6477052970417723,0.6491697911087306,0.6487944697352892,0.5483055134041477,0.4516944865958523,0.4,0.6,5931.0,3252.0,2679.0,0.7063832148945653,0.21882884066514852,0.6269735220696954,0.23634172469201936,0.5281319972644598,0.44750502888707244,3252.0,2679.0,5931.0,0.7941885377611141,0.6487944697352892,4825.0,0.8265284974093264,0.8480441323971916,3988.0,2643.0,0.7351494513810064,0.23983530622748328,1943.0
0.4,0.2,0.0,0.45,0.6,0.55,1.0,0.65,True,7468.0,0.8302088912694162,0.6503660322108346,0.6305206463195692,0.6404433392652018,0.6491697911087306,0.6414516129032258,0.5508064516129032,0.4491935483870968,0.4,0.6,6200.0,3415.0,2785.0,0.7063832148945653,0.21882884066514852,0.6269735220696954,0.23486877343331553,0.5455914762146219,0.4304846825373131,3415.0,2785.0,6200.0,0.8302088912694162,0.6414516129032258,4825.0,0.8555440414507772,0.8192829457364341,4128.0,2643.0,0.783957623912221,0.28716216216216217,2072.0
0.4,0.2,0.0,0.45,0.6,0.55,1.0,1.0,False,7468.0,0.7976700589180503,0.6584022038567493,0.6368029739776951,0.6476025889172222,0.6491697911087306,0.6486486486486487,0.5484304179956354,0.4515695820043646,0.4,0.6,5957.0,3267.0,2690.0,0.7063832148945653,0.21882884066514852,0.6269735220696954,0.2371451526513123,0.5293981990273191,0.4479523222538856,3267.0,2690.0,5957.0,0.7976700589180503,0.6486486486486487,4825.0,0.8298445595854922,0.8486513486513486,4004.0,2643.0,0.738933030646992,0.23860727086533537,1953.0
0.4,0.2,0.0,0.45,0.6,0.55,1.0,1.0,True,7468.0,0.8336904124263524,0.6498542274052478,0.630901287553648,0.6403777574794479,0.6491697911087306,0.6413427561837456,0.5509155155798265,0.44908448442017346,0.4,0.6,6226.0,3430.0,2796.0,0.7063832148945653,0.21882884066514852,0.6269735220696954,0.23567220139260847,0.5468172505662856,0.4309889659635749,3430.0,2796.0,6226.0,0.8336904124263524,0.6413427561837456,4825.0,0.858860103626943,0.819980694980695,4144.0,2643.0,0.7877412031782066,0.28578290105667625,2082.0
0.45,0.15,0.0,0.0,0.5,0.45,0.5,0.55,False,7468.0,0.6829137653990359,0.6337078651685393,0.608641975308642,0.6211749202385906,0.6491697911087306,0.6217647058823529,0.5235294117647059,0.4764705882352941,0.45,0.5,5100.0,2670.0,2430.0,0.7063832148945653,0.21882884066514852,0.6269735220696954,0.1663095875736475,0.5082342854557278,0.32723016201970634,2670.0,2430.0,5100.0,0.6829137653990359,0.6217647058823529,4825.0,0.6974093264248704,0.6823179791976226,3365.0,2643.0,0.6564510026485055,0.5043227665706052,1735.0
0.45,0.15,0.0,0.0,0.5,0.45,0.5,0.55,True,7468.0,0.7189341189073379,0.6258815232722144,0.6024476904855902,0.6141646068789023,0.6491697911087306,0.6148258521139877,0.5282175451666977,0.4717824548333023,0.45,0.5,5369.0,2836.0,2533.0,0.7063832148945653,0.21882884066514852,0.6269735220696954,0.165104445634708,0.5262269820489205,0.31375138726611157,2836.0,2533.0,5369.0,0.7189341189073379,0.6148258521139877,4825.0,0.7262176165803109,0.6552511415525114,3504.0,2643.0,0.7056375331063186,0.5388739946380697,1865.0
0.45,0.15,0.0,0.0,0.5,0.45,0.5,0.65,False,7468.0,0.7154525977504017,0.6332032635686413,0.6101426307448494,0.6216729471567454,0.6491697911087306,0.6223095639154034,0.5276062137376006,0.4723937862623994,0.45,0.5,5343.0,2819.0,2524.0,0.7063832148945653,0.21882884066514852,0.6269735220696954,0.17501339046598827,0.5198265130235343,0.3366765374240633,2819.0,2524.0,5343.0,0.7154525977504017,0.6223095639154034,4825.0,0.7293264248704663,0.6962205171923842,3519.0,2643.0,0.6901248581157775,0.47971491228070173,1824.0
0.45,0.15,0.0,0.0,0.5,0.45,0.5,0.65,True,7468.0,0.7514729512587038,0.6257956448911223,0.604111153406928,0.6149533991490251,0.6491697911087306,0.6156450463292944,0.531895937277263,0.46810406272273697,0.45,0.5,5612.0,2985.0,2627.0,0.7063832148945653,0.21882884066514852,0.6269735220696954,0.1738082485270488,0.5374312526880322,0.32340554751463424,2985.0,2627.0,5612.0,0.7514729512587038,0.6156450463292944,4825.0,0.7581347150259067,0.6697648988518315,3658.0,2643.0,0.7393113885735906,0.5143295803480041,1954.0
0.45,0.15,0.0,0.0,0.5,0.45,0.5,1.0,False,7468.0,0.7208087841456883,0.6318565400843882,0.6100827097282394,0.6209696249063138,0.6491697911087306,0.6215864759427828,0.5283299275496934,0.4716700724503065,0.45,0.5,5383.0,2844.0,2539.0,0.7063832148945653,0.21882884066514852,0.6269735220696954,0.17528119978575252,0.5222679314106581,0.3356154748240311,2844.0,2539.0,5383.0,0.7208087841456883,0.6215864759427828,4825.0,0.7336787564766839,0.6980225988700565,3540.0,2643.0,0.6973136587211503,0.4747693977211069,1843.0
0.45,0.15,0.0,0.0,0.5,0.45,0.5,1.0,True,7468.0,0.7568291376539904,0.6245847176079734,0.6040878122634368,0.6143362649357051,0.6491697911087306,0.6150035385704176,0.532554847841472,0.46744515215852794,0.45,0.5,5652.0,3010.0,2642.0,0.7063832148945653,0.21882884066514852,0.6269735220696954,0.1740760578468131,0.5397930528485788,0.3224866584113753,3010.0,2642.0,5652.0,0.7568291376539904,0.6150035385704176,4825.0,0.7624870466321243,0.6716499048654526,3679.0,2643.0,0.7465001891789633,0.5093765838824126,1973.0
0.45,0.15,0.0,0.0,0.5,0.45,0.55,0.55,False,7468.0,0.7718264595607928,0.6361533377395903,0.6176040905770636,0.626878714158327,0.6491697911087306,0.6273421235253296,0.5249826509368494,0.4750173490631506,0.45,0.5,5764.0,3026.0,2738.0,0.7063832148945653,0.21882884066514852,0.6269735220696954,0.19657204070701656,0.5363088750215571,0.3665276669141738,3026.0,2738.0,5764.0,0.7718264595607928,0.6273421235253296,4825.0,0.7896373056994819,0.7194225721784777,3810.0,2643.0,0.7393113885735906,0.44779938587512796,1954.0
0.45,0.15,0.0,0.0,0.5,0.45,0.55,0.55,True,7468.0,0.8078468130690948,0.6290726817042607,0.6117564237944386,0.6204145527493496,0.6491697911087306,0.620918282778054,0.5290900049726505,0.4709099950273496,0.45,0.5,6033.0,3192.0,2841.0,0.7063832148945653,0.21882884066514852,0.6269735220696954,0.19536689876807714,0.5533895166611931,0.3530368626185748,3192.0,2841.0,6033.0,0.8078468130690948,0.620918282778054,4825.0,0.8184455958549223,0.694099772094201,3949.0,2643.0,0.7884979190314038,0.4822456813819578,2084.0
0.45,0.15,0.0,0.0,0.5,0.45,0.55,0.65,False,7468.0,0.8055704338510981,0.6358199559332703,0.6185276505811905,0.6271738032572305,0.6491697911087306,0.6276595744680851,0.528091755319149,0.4719082446808511,0.45,0.5,6016.0,3177.0,2839.0,0.7063832148945653,0.21882884066514852,0.6269735220696954,0.2056775575790037,0.5476736602540304,0.37554765274562074,3177.0,2839.0,6016.0,0.8055704338510981,0.6276595744680851,4825.0,0.8227979274611399,0.7307304785894206,3970.0,2643.0,0.7741203178206584,0.427663734115347,2046.0
0.45,0.15,0.0,0.0,0.5,0.45,0.55,0.65,True,7468.0,0.8415907873594001,0.6290756805264732,0.6128484024473148,0.6209620414868939,0.6491697911087306,0.6214797136038186,0.5319013524264121,0.46809864757358793,0.45,0.5,6285.0,3343.0,2942.0,0.7063832148945653,0.21882884066514852,0.6269735220696954,0.20447241564006424,0.5644104763907806,0.3622760813151416,3343.0,2942.0,6285.0,0.8415907873594001,0.6214797136038186,4825.0,0.8516062176165803,0.7060111949379411,4109.0,2643.0,0.8233068482784714,0.4618566176470588,2176.0
0.45,0.15,0.0,0.0,0.5,0.45,0.55,1.0,False,7468.0,0.8109266202463846,0.6346033728919426,0.6184302733006307,0.6265168230962866,0.6491697911087306,0.6269815059445178,0.5287318361955086,0.47126816380449144,0.45,0.5,6056.0,3202.0,2854.0,0.7063832148945653,0.21882884066514852,0.6269735220696954,0.2059453668987681,0.5499914787283602,0.37445192310058345,3202.0,2854.0,6056.0,0.8109266202463846,0.6269815059445178,4825.0,0.8271502590673575,0.7321473314958657,3991.0,2643.0,0.781309118426031,0.423728813559322,2065.0
0.45,0.15,0.0,0.0,0.5,0.45,0.55,1.0,True,7468.0,0.8469469737546866,0.6279691211401425,0.6127832262428137,0.6203761736914781,0.6491697911087306,0.6208695652173913,0.5324901185770751,0.4675098814229249,0.45,0.5,6325.0,3368.0,2957.0,0.7063832148945653,0.21882884066514852,0.6269735220696954,0.20474022495982866,0.5666598401134749,0.36131063199895896,3368.0,2957.0,6325.0,0.8469469737546866,0.6208695652173913,4825.0,0.8559585492227979,0.7075060532687651,4130.0,2643.0,0.8304956488838441,0.45785876993166286,2195.0
0.45,0.15,0.0,0.0,0.5,0.45,0.6,0.55,False,7468.0,0.8322174611676486,0.640134187252211,0.6178474114441417,0.6289907993481764,0.6491697911087306,0.6296057924376508,0.5275945293644408,0.47240547063555915,0.45,0.5,6215.0,3279.0,2936.0,0.7063832148945653,0.21882884066514852,0.6269735220696954,0.21572040707016596,0.5552013391993407,0.3885444645743429,3279.0,2936.0,6215.0,0.8322174611676486,0.6296057924376508,4825.0,0.8511917098445596,0.7397126856586316,4107.0,2643.0,0.7975785092697693,0.4150853889943074,2108.0
0.45,0.15,0.0,0.0,0.5,0.45,0.6,0.55,True,7468.0,0.8682378146759507,0.6333817126269956,0.6123724909509707,0.6228771017889831,0.6491697911087306,0.6235348550277606,0.5313078346699568,0.4686921653300432,0.45,0.5,6484.0,3445.0,3039.0,0.7063832148945653,0.21882884066514852,0.6269735220696954,0.21451526513122654,0.5717178279294447,0.37521178219703816,3445.0,3039.0,6484.0,0.8682378146759507,0.6235348550277606,4825.0,0.88,0.7154969382948657,4246.0,2643.0,0.8467650397275823,0.44906166219839144,2238.0
0.45,0.15,0.0,0.0,0.5,0.45,0.6,0.65,False,7468.0,0.8660953401178361,0.6397551734188284,0.6187026671056964,0.6292289202622624,0.6491697911087306,0.6298701298701299,0.5304576376004947,0.46954236239950525,0.45,0.5,6468.0,3431.0,3037.0,0.7063832148945653,0.21882884066514852,0.6269735220696954,0.22495982860203542,0.5661870324882938,0.3973242333251187,3431.0,3037.0,6468.0,0.8660953401178361,0.6298701298701299,4825.0,0.884559585492228,0.7495313964386129,4268.0,2643.0,0.8323874385168369,0.3977272727272727,2200.0
0.45,0.15,0.0,0.0,0.5,0.45,0.6,0.65,True,7468.0,0.9021156936261382,0.6333055323881012,0.6133757961783439,0.6233406642832225,0.6491697911087306,0.6240166246103607,0.5339171738162387,0.46608282618376135,0.45,0.5,6737.0,3597.0,3140.0,0.7063832148945653,0.21882884066514852,0.6269735220696954,0.22375468666309584,0.5823920530720875,0.3841994159824153,3597.0,3140.0,6737.0,0.9021156936261382,0.6240166246103607,4825.0,0.9133678756476684,0.7258906285454958,4407.0,2643.0,0.88157396897465,0.4313304721030043,2330.0
0.45,0.15,0.0,0.0,0.5,0.45,0.6,1.0,False,7468.0,0.8714515265131226,0.6385995370370371,0.6186107470511141,0.6286051420440756,0.6491697911087306,0.6292255685310387,0.5310387215734481,0.46896127842655194,0.45,0.5,6508.0,3456.0,3052.0,0.7063832148945653,0.21882884066514852,0.6269735220696954,0.22522763792179967,0.5684293661446965,0.3962280123727226,3456.0,3052.0,6508.0,0.8714515265131226,0.6292255685310387,4825.0,0.8889119170984456,0.7507577523898344,4289.0,2643.0,0.8395762391222096,0.3943217665615142,2219.0
0.45,0.15,0.0,0.0,0.5,0.45,0.6,1.0,True,7468.0,0.9074718800214248,0.6322473771397018,0.6133122028526149,0.6227797899961584,0.6491697911087306,0.6234321971373764,0.5344547734985982,0.4655452265014018,0.45,0.5,6777.0,3622.0,3155.0,0.7063832148945653,0.21882884066514852,0.6269735220696954,0.2240224959828602,0.5845722299419314,0.38322466328089777,3622.0,3155.0,6777.0,0.9074718800214248,0.6234321971373764,4825.0,0.917720207253886,0.7271906052393857,4428.0,2643.0,0.8887627695800226,0.4278416347381865,2349.0
0.45,0.15,0.0,0.0,0.5,0.45,1.0,0.55,False,7468.0,0.8658275307980717,0.6398366870807816,0.6203490286466908,0.6300928578637361,0.6491697911087306,0.6306835756263532,0.5303124033405505,0.4696875966594494,0.45,0.5,6466.0,3429.0,3037.0,0.7063832148945653,0.21882884066514852,0.6269735220696954,0.226298875200857,0.5654770798172172,0.4001910656997894,3429.0,3037.0,6466.0,0.8658275307980717,0.6306835756263532,4825.0,0.8853886010362695,0.7497659176029963,4272.0,2643.0,0.8301172909572455,0.39881494986326343,2194.0
0.45,0.15,0.0,0.0,0.5,0.45,1.0,0.55,True,7468.0,0.9018478843063739,0.6333796940194715,0.6149681528662421,0.6241739234428567,0.6491697911087306,0.6247958426132145,0.5337787676317743,0.4662212323682257,0.45,0.5,6735.0,3595.0,3140.0,0.7063832148945653,0.21882884066514852,0.6269735220696954,0.22509373326191748,0.581701878561715,0.38695720532736155,3595.0,3140.0,6735.0,0.9018478843063739,0.6247958426132145,4825.0,0.9141968911917099,0.7261391974608932,4411.0,2643.0,0.8793038214150587,0.43244406196213425,2324.0
0.45,0.15,0.0,0.0,0.5,0.45,1.0,0.65,False,7468.0,0.9002410283877879,0.6394083170527491,0.6210191082802548,0.630213712666502,0.6491697911087306,0.630819574594675,0.5329466012196936,0.4670533987803064,0.45,0.5,6723.0,3583.0,3140.0,0.7063832148945653,0.21882884066514852,0.6269735220696954,0.23553829673272625,0.5764992331543303,0.40856653953201716,3583.0,3140.0,6723.0,0.9002410283877879,0.630819574594675,4825.0,0.9191709844559586,0.7589627959413754,4435.0,2643.0,0.8656829360575105,0.38243006993006995,2288.0
0.45,0.15,0.0,0.0,0.5,0.45,1.0,0.65,True,7468.0,0.93626138189609,0.6332355294745265,0.6157878507554734,0.624511690115,0.6491697911087306,0.6251430205949656,0.5361842105263158,0.46381578947368424,0.45,0.5,6992.0,3749.0,3243.0,0.7063832148945653,0.21882884066514852,0.6269735220696954,0.23433315479378672,0.5924222426202038,0.39555090598449294,3749.0,3243.0,6992.0,0.93626138189609,0.6251430205949656,4825.0,0.947979274611399,0.7358985570616529,4574.0,2643.0,0.9148694665153235,0.41563275434243174,2418.0
0.45,0.15,0.0,0.0,0.5,0.45,1.0,1.0,False,7468.0,0.9055972147830744,0.6383037694013304,0.620919175911252,0.6296114726562911,0.6491697911087306,0.6301937010202573,0.5334910542658583,0.46650894573414164,0.45,0.5,6763.0,3608.0,3155.0,0.7063832148945653,0.21882884066514852,0.6269735220696954,0.23580610605249064,0.5787016108196796,0.4074744248914257,3608.0,3155.0,6763.0,0.9055972147830744,0.6301937010202573,4825.0,0.9235233160621762,0.7600987432675045,4456.0,2643.0,0.8728717366628831,0.37928045080190725,2307.0
0.45,0.15,0.0,0.0,0.5,0.45,1.0,1.0,True,7468.0,0.9416175682913765,0.6322204557498675,0.6157151626764886,0.6239678092131781,0.6491697911087306,0.6245733788395904,0.5366894197952219,0.46331058020477817,0.45,0.5,7032.0,3774.0,3258.0,0.7063832148945653,0.21882884066514852,0.6269735220696954,0.23460096411355108,0.594565641530784,0.39457538028861106,3774.0,3258.0,7032.0,0.9416175682913765,0.6245733788395904,4825.0,0.9523316062176166,0.7371055495103374,4595.0,2643.0,0.9220582671206962,0.41239228559704555,2437.0
0.45,0.15,0.0,0.0,0.5,0.55,0.5,0.55,False,7468.0,0.6568023567220139,0.639797507788162,0.6118955926401369,0.6258465502141495,0.6491697911087306,0.6265035677879714,0.5235474006116208,0.4764525993883792,0.45,0.5,4905.0,2568.0,2337.0,0.7063832148945653,0.21882884066514852,0.6269735220696954,0.1661756829137654,0.49529116376544036,0.3355110994721132,2568.0,2337.0,4905.0,0.6568023567220139,0.6265035677879714,4825.0,0.6773056994818653,0.7025703794369645,3268.0,2643.0,0.6193719258418464,0.4746487477092242,1637.0
0.45,0.15,0.0,0.0,0.5,0.55,0.5,0.55,True,7468.0,0.6889394750937332,0.6314432989690721,0.6064223960477563,0.6189328475084142,0.6491697911087306,0.6196307094266278,0.527891156462585,0.47210884353741495,0.45,0.5,5145.0,2716.0,2429.0,0.7063832148945653,0.21882884066514852,0.6269735220696954,0.16483663631494375,0.5119095812635223,0.3220034208152253,2716.0,2429.0,5145.0,0.6889394750937332,0.6196307094266278,4825.0,0.7032124352331606,0.6766872973769525,3393.0,2643.0,0.662883087400681,0.5091324200913242,1752.0
0.45,0.15,0.0,0.0,0.5,0.55,0.5,0.65,False,7468.0,0.6893411890733797,0.63894000736106,0.6133278486219663,0.6261339279915132,0.6491697911087306,0.6268453768453769,0.5277777777777778,0.4722222222222222,0.45,0.5,5148.0,2717.0,2431.0,0.7063832148945653,0.21882884066514852,0.6269735220696954,0.1748794858061061,0.5071793091537122,0.3448080050779534,2717.0,2431.0,5148.0,0.6893411890733797,0.6268453768453769,4825.0,0.7092227979274611,0.7159555815312683,3422.0,2643.0,0.6530457813091184,0.4501738122827346,1726.0
0.45,0.15,0.0,0.0,0.5,0.55,0.5,0.65,True,7468.0,0.7214783074450991,0.6310645724258289,0.6080063416567578,0.6195354570412934,0.6491697911087306,0.6202672605790646,0.5317371937639198,0.4682628062360802,0.45,0.5,5388.0,2865.0,2523.0,0.7063832148945653,0.21882884066514852,0.6269735220696954,0.17354043920728437,0.5234204181333657,0.33155076339239575,2865.0,2523.0,5388.0,0.7214783074450991,0.6202672605790646,4825.0,0.7351295336787564,0.6907245559627855,3547.0,2643.0,0.6965569428679531,0.48451928299837044,1841.0
0.45,0.15,0.0,0.0,0.5,0.55,0.5,1.0,False,7468.0,0.6946973754686663,0.637490882567469,0.6132461161079313,0.6253684993377002,0.6491697911087306,0.6260601387818041,0.5285273708558211,0.47147262914417887,0.45,0.5,5188.0,2742.0,2446.0,0.7063832148945653,0.21882884066514852,0.6269735220696954,0.1751472951258703,0.5096813123623407,0.34364080235563993,2742.0,2446.0,5188.0,0.6946973754686663,0.6260601387818041,4825.0,0.7135751295336787,0.7176880627359861,3443.0,2643.0,0.6602345819144911,0.44527220630372494,1745.0
0.45,0.15,0.0,0.0,0.5,0.55,0.5,1.0,True,7468.0,0.7268344938403857,0.629757785467128,0.6079590228526399,0.6188584041598839,0.6491697911087306,0.6195652173913043,0.5324244657332351,0.4675755342667649,0.45,0.5,5428.0,2890.0,2538.0,0.7063832148945653,0.21882884066514852,0.6269735220696954,0.1738082485270487,0.5258451508349854,0.3305312376677049,2890.0,2538.0,5428.0,0.7268344938403857,0.6195652173913043,4825.0,0.7394818652849741,0.6925448430493274,3568.0,2643.0,0.7037457434733257,0.47956989247311826,1860.0
0.45,0.15,0.0,0.0,0.5,0.55,0.55,0.55,False,7468.0,0.7457150508837708,0.6415868673050615,0.6207939508506616,0.6311904090778615,0.6491697911087306,0.6317112587538157,0.5250493804991919,0.474950619500808,0.45,0.5,5569.0,2924.0,2645.0,0.7063832148945653,0.21882884066514852,0.6269735220696954,0.1964381360471344,0.5240595933844912,0.37483930935887283,2924.0,2645.0,5569.0,0.7457150508837708,0.6317112587538157,4825.0,0.7695336787564767,0.7382170751413951,3713.0,2643.0,0.7022323117669316,0.41864224137931033,1856.0
0.45,0.15,0.0,0.0,0.5,0.55,0.55,0.55,True,7468.0,0.7778521692554901,0.6341145833333334,0.6156375593715747,0.624876071352454,0.6491697911087306,0.6254088483387846,0.5288345670511275,0.4711654329488724,0.45,0.5,5809.0,3072.0,2737.0,0.7063832148945653,0.21882884066514852,0.6269735220696954,0.19509908944831278,0.5397930528485788,0.3614331240810567,3072.0,2737.0,5809.0,0.7778521692554901,0.6254088483387846,4825.0,0.795440414507772,0.7141740489838457,3838.0,2643.0,0.7457434733257662,0.45256215119228815,1971.0
0.45,0.15,0.0,0.0,0.5,0.55,0.55,0.65,False,7468.0,0.7794590251740761,0.6409756097560976,0.6216314639475601,0.6313035368518288,0.6491697911087306,0.6318501975605566,0.528259749183989,0.471740250816011,0.45,0.5,5821.0,3075.0,2746.0,0.7063832148945653,0.21882884066514852,0.6269735220696954,0.20554365291912158,0.5356843157378021,0.3837029513100916,3075.0,2746.0,5821.0,0.7794590251740761,0.6318501975605566,4825.0,0.8026943005181347,0.7490317583268784,3873.0,2643.0,0.7370412410139993,0.398870636550308,1948.0
0.45,0.15,0.0,0.0,0.5,0.55,0.55,0.65,True,7468.0,0.8115961435457953,0.6338814768848898,0.616631430584919,0.6252564537349043,0.6491697911087306,0.6258043227190233,0.5317604355716878,0.46823956442831216,0.45,0.5,6061.0,3223.0,2838.0,0.7063832148945653,0.21882884066514852,0.6269735220696954,0.20420460632030002,0.5510859902163615,0.370549442275111,3223.0,2838.0,6061.0,0.8115961435457953,0.6258043227190233,4825.0,0.82860103626943,0.7256128064032016,3998.0,2643.0,0.7805524025728339,0.4323800290838585,2063.0
0.45,0.15,0.0,0.0,0.5,0.55,0.55,1.0,False,7468.0,0.7848152115693626,0.6396774193548387,0.6215139442231076,0.6305956817889731,0.6491697911087306,0.631120969117898,0.5289199795256783,0.4710800204743218,0.45,0.5,5861.0,3100.0,2761.0,0.7063832148945653,0.21882884066514852,0.6269735220696954,0.20581146223888588,0.5380537841751867,0.3825109464742191,3100.0,2761.0,5861.0,0.7848152115693626,0.631120969117898,4825.0,0.8070466321243523,0.7503852080123267,3894.0,2643.0,0.7442300416193719,0.39501779359430605,1967.0
0.45,0.15,0.0,0.0,0.5,0.55,0.55,1.0,True,7468.0,0.8169523299410819,0.6326970443349754,0.6165439887837364,0.6246205165593559,0.6491697911087306,0.6251434191116211,0.5323717423373218,0.46762825766267824,0.45,0.5,6101.0,3248.0,2853.0,0.7063832148945653,0.21882884066514852,0.6269735220696954,0.20447241564006433,0.553389516661193,0.3694909453177272,3248.0,2853.0,6101.0,0.8169523299410819,0.6251434191116211,4825.0,0.8329533678756477,0.7270465289873103,4019.0,2643.0,0.7877412031782066,0.42843419788664744,2082.0
0.45,0.15,0.0,0.0,0.5,0.55,0.6,0.55,False,7468.0,0.8061060524906267,0.6452628265659427,0.620823074217376,0.6330429503916594,0.6491697911087306,0.6337209302325582,0.5277408637873754,0.4722591362126246,0.45,0.5,6020.0,3177.0,2843.0,0.7063832148945653,0.21882884066514852,0.6269735220696954,0.2155865024102839,0.5433781142447416,0.3967522738929859,3177.0,2843.0,6020.0,0.8061060524906267,0.6337209302325582,4825.0,0.8310880829015544,0.7576059850374065,4010.0,2643.0,0.7604994324631101,0.38656716417910447,2010.0
0.45,0.15,0.0,0.0,0.5,0.55,0.6,0.55,True,7468.0,0.838243170862346,0.6381954887218045,0.6160136286201022,0.6271045586709534,0.6491697911087306,0.6277955271565495,0.5311501597444089,0.46884984025559107,0.45,0.5,6260.0,3325.0,2935.0,0.7063832148945653,0.21882884066514852,0.6269735220696954,0.21424745581146223,0.5585676839250924,0.3835657915365441,3325.0,2935.0,6260.0,0.838243170862346,0.6277955271565495,4825.0,0.8569948186528498,0.7347037484885127,4135.0,2643.0,0.8040105940219447,0.41976470588235293,2125.0
0.45,0.15,0.0,0.0,0.5,0.55,0.6,0.65,False,7468.0,0.8399839314408142,0.6446380294382698,0.6216032608695652,0.6331206451539175,0.6491697911087306,0.6338275147457357,0.5306870715765981,0.4693129284234019,0.45,0.5,6273.0,3329.0,2944.0,0.7063832148945653,0.21882884066514852,0.6269735220696954,0.22482592394215326,0.5545980560273633,0.4053853443926615,3329.0,2944.0,6273.0,0.8399839314408142,0.6338275147457357,4825.0,0.8644559585492227,0.7669623591464877,4171.0,2643.0,0.7953083617101778,0.36964795432921027,2102.0
0.45,0.15,0.0,0.0,0.5,0.55,0.6,0.65,True,7468.0,0.8721210498125335,0.637906241012367,0.6169301712779973,0.6274182061451822,0.6491697911087306,0.6281283586672808,0.5338553661906955,0.4661446338093045,0.45,0.5,6513.0,3477.0,3036.0,0.7063832148945653,0.21882884066514852,0.6269735220696954,0.22348687734333147,0.5694884425821133,0.3924344387570383,3477.0,3036.0,6513.0,0.8721210498125335,0.6281283586672808,4825.0,0.8903626943005182,0.7446461824953445,4296.0,2643.0,0.8388195232690124,0.40234551195308976,2217.0
0.45,0.15,0.0,0.0,0.5,0.55,0.6,1.0,False,7468.0,0.8453401178361007,0.6434108527131783,0.6214937478878,0.6324523003004892,0.6491697911087306,0.6331379692697608,0.5312846507207349,0.468715349279265,0.45,0.5,6313.0,3354.0,2959.0,0.7063832148945653,0.21882884066514852,0.6269735220696954,0.2250937332619176,0.5568870552339061,0.4041999740277187,3354.0,2959.0,6313.0,0.8453401178361007,0.6331379692697608,4825.0,0.8688082901554404,0.7681297709923665,4192.0,2643.0,0.8024971623155505,0.36633663366336633,2121.0
0.45,0.15,0.0,0.0,0.5,0.55,0.6,1.0,True,7468.0,0.87747723620782,0.6367789834380354,0.6168469354310062,0.6268129594345209,0.6491697911087306,0.6274988554860369,0.5344117198229819,0.46558828017701814,0.45,0.5,6553.0,3502.0,3051.0,0.7063832148945653,0.21882884066514852,0.6269735220696954,0.22375468666309584,0.5717178279294447,0.3913725892954124,3502.0,3051.0,6553.0,0.87747723620782,0.6274988554860369,4825.0,0.8947150259067358,0.7458883483900857,4317.0,2643.0,0.8460083238743852,0.39892665474060823,2236.0
0.45,0.15,0.0,0.0,0.5,0.55,1.0,0.55,False,7468.0,0.8397161221210498,0.6447249774571686,0.6233016304347826,0.6340133039459757,0.6491697911087306,0.6346675171424015,0.5305373943549673,0.46946260564503267,0.45,0.5,6271.0,3327.0,2944.0,0.7063832148945653,0.21882884066514852,0.6269735220696954,0.22616497054097487,0.5538732488485407,0.40833344273469463,3327.0,2944.0,6271.0,0.8397161221210498,0.6346675171424015,4825.0,0.8652849740932642,0.767185628742515,4175.0,2643.0,0.7930382141505865,0.37070610687022904,2096.0
0.45,0.15,0.0,0.0,0.5,0.55,1.0,0.55,True,7468.0,0.8718532404927691,0.6379856115107914,0.6185770750988142,0.6282813433048028,0.6491697911087306,0.628935647365996,0.5337121793887267,0.4662878206112732,0.45,0.5,6511.0,3475.0,3036.0,0.7063832148945653,0.21882884066514852,0.6269735220696954,0.22482592394215326,0.5687826107356904,0.3952756636693811,3475.0,3036.0,6511.0,0.8718532404927691,0.628935647365996,4825.0,0.8911917098445595,0.7448837209302326,4300.0,2643.0,0.8365493757094211,0.40343735866123925,2211.0
0.45,0.15,0.0,0.0,0.5,0.55,1.0,0.65,False,7468.0,0.874129619710766,0.6440677966101694,0.6238923531342304,0.6339800748722,0.6491697911087306,0.6346507352941176,0.5332414215686274,0.46675857843137253,0.45,0.5,6528.0,3481.0,3047.0,0.7063832148945653,0.21882884066514852,0.6269735220696954,0.23540439207284414,0.5651217690188203,0.4165551655912311,3481.0,3047.0,6528.0,0.874129619710766,0.6346507352941176,4825.0,0.8990673575129534,0.7759336099585062,4338.0,2643.0,0.8286038592508513,0.3547945205479452,2190.0
0.45,0.15,0.0,0.0,0.5,0.55,1.0,0.65,True,7468.0,0.9062667380824853,0.637641223477542,0.6193055113093342,0.6284733673934382,0.6491697911087306,0.6291371158392435,0.5361997635933806,0.4638002364066194,0.45,0.5,6768.0,3629.0,3139.0,0.7063832148945653,0.21882884066514852,0.6269735220696954,0.23406534547402244,0.5797419221552219,0.40374058961248116,3629.0,3139.0,6768.0,0.9062667380824853,0.6291371158392435,4825.0,0.9249740932642487,0.7542012099484652,4463.0,2643.0,0.872115020809686,0.38698481561822123,2305.0
0.45,0.15,0.0,0.0,0.5,0.55,1.0,1.0,False,7468.0,0.8794858061060525,0.6428978893325727,0.6237753102547354,0.6333365997936541,0.6491697911087306,0.6339829476248477,0.5338002436053593,0.4661997563946407,0.45,0.5,6568.0,3506.0,3062.0,0.7063832148945653,0.21882884066514852,0.6269735220696954,0.23567220139260847,0.5673683127887228,0.4153777997122097,3506.0,3062.0,6568.0,0.8794858061060525,0.6339829476248477,4825.0,0.903419689119171,0.7770130763936682,4359.0,2643.0,0.835792659856224,0.3517428700769579,2209.0
0.45,0.15,0.0,0.0,0.5,0.55,1.0,1.0,True,7468.0,0.9116229244777718,0.6365626710454296,0.6192136968928345,0.627888183969132,0.6491697911087306,0.6285252643948296,0.5367215041128085,0.46327849588719155,0.45,0.5,6808.0,3654.0,3154.0,0.7063832148945653,0.21882884066514852,0.6269735220696954,0.23433315479378677,0.5819320276819214,0.4026813161104635,3654.0,3154.0,6808.0,0.9116229244777718,0.6285252643948296,4825.0,0.9293264248704663,0.7553523639607493,4484.0,2643.0,0.8793038214150587,0.3838209982788296,2324.0
0.45,0.15,0.0,0.0,0.6,0.45,0.5,0.55,False,7468.0,0.6432779860739154,0.6455795677799607,0.6166445329791943,0.6311120503795775,0.6491697911087306,0.6319733555370525,0.529766860949209,0.470233139050791,0.45,0.6,4804.0,2545.0,2259.0,0.7063832148945653,0.21882884066514852,0.6269735220696954,0.16979110873058384,0.4865628825461985,0.34896025739173064,2545.0,2259.0,4804.0,0.6432779860739154,0.6319733555370525,4825.0,0.6640414507772021,0.7166042446941323,3204.0,2643.0,0.6053726825576996,0.4625,1600.0
0.45,0.15,0.0,0.0,0.6,0.45,0.5,0.55,True,7468.0,0.678896625602571,0.6365313653136532,0.6097457627118644,0.6231385640127588,0.6491697911087306,0.6240631163708087,0.534516765285996,0.46548323471400394,0.45,0.6,5070.0,2710.0,2360.0,0.7063832148945653,0.21882884066514852,0.6269735220696954,0.16845206213176223,0.5051952906900503,0.3334394940651014,2710.0,2360.0,5070.0,0.678896625602571,0.6240631163708087,4825.0,0.6926424870466321,0.687013764213046,3342.0,2643.0,0.6538024971623155,0.5023148148148148,1728.0
0.45,0.15,0.0,0.0,0.6,0.45,0.5,0.65,False,7468.0,0.6758168184252812,0.6443949517446177,0.6179345516362091,0.6311647516904134,0.6491697911087306,0.6320586487021993,0.5337824450168417,0.4662175549831583,0.45,0.6,5047.0,2694.0,2353.0,0.7063832148945653,0.21882884066514852,0.6269735220696954,0.17849491162292444,0.4986591555373052,0.35794973308089806,2694.0,2353.0,5047.0,0.6758168184252812,0.6320586487021993,4825.0,0.6959585492227979,0.7296009529481834,3358.0,2643.0,0.6390465380249716,0.43812907045589106,1689.0
0.45,0.15,0.0,0.0,0.6,0.45,0.5,0.65,True,7468.0,0.7114354579539368,0.6358866736621196,0.6112469437652812,0.6235668087137004,0.6491697911087306,0.6245059288537549,0.5381140598531903,0.4618859401468097,0.45,0.6,5313.0,2859.0,2454.0,0.7063832148945653,0.21882884066514852,0.6269735220696954,0.17715586502410277,0.5168556824345816,0.3427569262460907,2859.0,2454.0,5313.0,0.7114354579539368,0.6245059288537549,4825.0,0.724559585492228,0.7008009153318078,3496.0,2643.0,0.6874763526295876,0.47771051183269125,1817.0
0.45,0.15,0.0,0.0,0.6,0.45,0.5,1.0,False,7468.0,0.6811730048205678,0.6428834130194925,0.6178209459459459,0.6303521794827192,0.6491697911087306,0.6312168272066051,0.5344997051307254,0.46550029486927463,0.45,0.6,5087.0,2719.0,2368.0,0.7063832148945653,0.21882884066514852,0.6269735220696954,0.17876272094268886,0.501203693061952,0.35666680716295646,2719.0,2368.0,5087.0,0.6811730048205678,0.6312168272066051,4825.0,0.7003108808290155,0.7312814442142646,3379.0,2643.0,0.6462353386303443,0.4332552693208431,1708.0
0.45,0.15,0.0,0.0,0.6,0.45,0.5,1.0,True,7468.0,0.7167916443492234,0.6345353675450763,0.6111786148238153,0.6228569911844458,0.6491697911087306,0.6237623762376238,0.5387633102932935,0.4612366897067065,0.45,0.6,5353.0,2884.0,2469.0,0.7063832148945653,0.21882884066514852,0.6269735220696954,0.17742367434386716,0.5193110676681926,0.34165201820275826,2884.0,2469.0,5353.0,0.7167916443492234,0.6237623762376238,4825.0,0.7289119170984456,0.7025874324708559,3517.0,2643.0,0.6946651532349603,0.47276688453159044,1836.0
0.45,0.15,0.0,0.0,0.6,0.45,0.55,0.55,False,7468.0,0.7321906802356722,0.6466735608410893,0.625243474873393,0.6359585178572411,0.6491697911087306,0.6366130212143379,0.5305413313825896,0.46945866861741037,0.45,0.6,5468.0,2901.0,2567.0,0.7063832148945653,0.21882884066514852,0.6269735220696954,0.20005356186395284,0.5158183393268019,0.3878372415471775,2901.0,2567.0,5468.0,0.7321906802356722,0.6366130212143379,4825.0,0.7562694300518135,0.7511647026582625,3649.0,2643.0,0.6882330684827848,0.4068169323804288,1819.0
0.45,0.15,0.0,0.0,0.6,0.45,0.55,0.55,True,7468.0,0.7678093197643278,0.6386170906718852,0.618815592203898,0.6287163414378916,0.6491697911087306,0.6294035577258459,0.5347052668294384,0.4652947331705616,0.45,0.6,5734.0,3066.0,2668.0,0.7063832148945653,0.21882884066514852,0.6269735220696954,0.1987145152651313,0.5334298475428594,0.37252230294287236,3066.0,2668.0,5734.0,0.7678093197643278,0.6294035577258459,4825.0,0.7848704663212436,0.7237919197253763,3787.0,2643.0,0.7366628830874007,0.445814072932717,1947.0
0.45,0.15,0.0,0.0,0.6,0.45,0.55,0.65,False,7468.0,0.7659346545259775,0.6458060288335518,0.6259370314842578,0.6358715301589049,0.6491697911087306,0.6365384615384615,0.5335664335664335,0.4664335664335664,0.45,0.6,5720.0,3052.0,2668.0,0.7063832148945653,0.21882884066514852,0.6269735220696954,0.20915907873593995,0.5276246657378887,0.3964164155279374,3052.0,2668.0,5720.0,0.7659346545259775,0.6365384615384615,4825.0,0.7894300518134715,0.7616172223680756,3809.0,2643.0,0.7230419977298524,0.3872318158032444,1911.0
0.45,0.15,0.0,0.0,0.6,0.45,0.55,0.65,True,7468.0,0.801553294054633,0.6381722101336649,0.6197183098591549,0.6289452599964098,0.6491697911087306,0.6296358169061143,0.5374206481790845,0.4625793518209155,0.45,0.6,5986.0,3217.0,2769.0,0.7063832148945653,0.21882884066514852,0.6269735220696954,0.20782003213711833,0.5448546879295042,0.38142285776571505,3217.0,2769.0,5986.0,0.801553294054633,0.6296358169061143,4825.0,0.8180310880829016,0.7349885989359007,3947.0,2643.0,0.7714718123344684,0.42569887199607653,2039.0
0.45,0.15,0.0,0.0,0.6,0.45,0.55,1.0,False,7468.0,0.7712908409212641,0.6444588885277868,0.6257920238538949,0.6351254561908408,0.6491697911087306,0.6357638888888889,0.5342013888888889,0.4657986111111111,0.45,0.6,5760.0,3077.0,2683.0,0.7063832148945653,0.21882884066514852,0.6269735220696954,0.20942688805570436,0.5300301655875633,0.395122582926096,3077.0,2683.0,5760.0,0.7712908409212641,0.6357638888888889,4825.0,0.7937823834196891,0.7629242819843342,3830.0,2643.0,0.7302307983352251,0.38341968911917096,1930.0
0.45,0.15,0.0,0.0,0.6,0.45,0.55,1.0,True,7468.0,0.8069094804499196,0.6369524984577422,0.6196120689655172,0.6282822837116298,0.6491697911087306,0.6289412545635579,0.5380019913707268,0.46199800862927315,0.45,0.6,6026.0,3242.0,2784.0,0.7063832148945653,0.21882884066514852,0.6269735220696954,0.2080878414568826,0.547184447418344,0.3802882966404768,3242.0,2784.0,6026.0,0.8069094804499196,0.6289412545635579,4825.0,0.8223834196891192,0.7363911290322581,3968.0,2643.0,0.7786606129398411,0.4217687074829932,2058.0
0.45,0.15,0.0,0.0,0.6,0.45,0.6,0.55,False,7468.0,0.7925816818425281,0.6499682942295498,0.6249547920433997,0.6374615431364747,0.6491697911087306,0.6382834938334178,0.5328602804527792,0.46713971954722083,0.45,0.6,5919.0,3154.0,2765.0,0.7063832148945653,0.21882884066514852,0.6269735220696954,0.21920192822710222,0.5354342880388899,0.4093909058942841,3154.0,2765.0,5919.0,0.7925816818425281,0.6382834938334178,4825.0,0.8178238341968912,0.7698935631018753,3946.0,2643.0,0.7465001891789633,0.3750633552965028,1973.0
0.45,0.15,0.0,0.0,0.6,0.45,0.6,0.55,True,7468.0,0.8282003213711837,0.6423621572762881,0.6189811584089323,0.6306716578426101,0.6491697911087306,0.6315278900565885,0.5366208569118835,0.4633791430881164,0.45,0.6,6185.0,3319.0,2866.0,0.7063832148945653,0.21882884066514852,0.6269735220696954,0.2178628816282806,0.5524207815347387,0.394378504412909,3319.0,2866.0,6185.0,0.8282003213711837,0.6315278900565885,4825.0,0.8464248704663212,0.7438785504407444,4084.0,2643.0,0.7949300037835793,0.41313660161827703,2101.0
0.45,0.15,0.0,0.0,0.6,0.45,0.6,0.65,False,7468.0,0.8264595607927155,0.6491228070175439,0.6256106071179344,0.6373667070677391,0.6491697911087306,0.6382047958522359,0.5356448476992871,0.4643551523007129,0.45,0.6,6172.0,3306.0,2866.0,0.7063832148945653,0.21882884066514852,0.6269735220696954,0.22844134975897157,0.5468172505662856,0.4177654408715106,3306.0,2866.0,6172.0,0.8264595607927155,0.6382047958522359,4825.0,0.8511917098445596,0.7789140491843195,4107.0,2643.0,0.781309118426031,0.3583535108958838,2065.0
0.45,0.15,0.0,0.0,0.6,0.45,0.6,0.65,True,7468.0,0.8620782003213712,0.6418899452607317,0.6198179979777553,0.6308539716192435,0.6491697911087306,0.6317179248213731,0.5391425908667288,0.4608574091332712,0.45,0.6,6438.0,3471.0,2967.0,0.7063832148945653,0.21882884066514852,0.6269735220696954,0.22710230316015,0.5634606894723097,0.4030490634099694,3471.0,2967.0,6438.0,0.8620782003213712,0.6317179248213731,4825.0,0.8797927461139896,0.7535924617196702,4245.0,2643.0,0.8297389330306469,0.3958048335613315,2193.0
0.45,0.15,0.0,0.0,0.6,0.45,0.6,1.0,False,7468.0,0.8318157471880021,0.6478534974482137,0.6254772648385977,0.6366653811434058,0.6491697911087306,0.6374758531873793,0.5362202189311011,0.4637797810688989,0.45,0.6,6212.0,3331.0,2881.0,0.7063832148945653,0.21882884066514852,0.6269735220696954,0.228709159078736,0.5491386838082281,0.41648706569469535,3331.0,2881.0,6212.0,0.8318157471880021,0.6374758531873793,4825.0,0.8555440414507772,0.7800387596899225,4128.0,2643.0,0.7884979190314038,0.3550863723608445,2084.0
0.45,0.15,0.0,0.0,0.6,0.45,0.6,1.0,True,7468.0,0.8674343867166577,0.6407322654462243,0.6197183098591549,0.6302252876526896,0.6491697911087306,0.6310589688175363,0.5396727384995369,0.4603272615004631,0.45,0.6,6478.0,3496.0,2982.0,0.7063832148945653,0.21882884066514852,0.6269735220696954,0.22737011247991437,0.5657138297040047,0.4019171894717157,3496.0,2982.0,6478.0,0.8674343867166577,0.6310589688175363,4825.0,0.8841450777202072,0.7548054383497421,4266.0,2643.0,0.8369277336360197,0.3924050632911392,2212.0
0.45,0.15,0.0,0.0,0.6,0.45,1.0,0.55,False,7468.0,0.8261917514729512,0.6492130750605327,0.6273551988834613,0.6382841369719969,0.6491697911087306,0.6390599675850891,0.5354943273905997,0.46450567260940034,0.45,0.6,6170.0,3304.0,2866.0,0.7063832148945653,0.21882884066514852,0.6269735220696954,0.22978039635779315,0.5460821161305129,0.4207799332195598,3304.0,2866.0,6170.0,0.8261917514729512,0.6390599675850891,4825.0,0.8520207253886011,0.7791291656531257,4111.0,2643.0,0.7790389708664397,0.3593977659057795,2059.0
0.45,0.15,0.0,0.0,0.6,0.45,1.0,0.55,True,7468.0,0.8618103910016068,0.6419717497837993,0.6215032018874284,0.6317374758356138,0.6491697911087306,0.6325357364822871,0.5389993784959602,0.46100062150403975,0.45,0.6,6436.0,3469.0,2967.0,0.7063832148945653,0.21882884066514852,0.6269735220696954,0.22844134975897157,0.5627472973025438,0.40593948803304,3469.0,2967.0,6436.0,0.8618103910016068,0.6325357364822871,4825.0,0.8806217616580311,0.7538244292774771,4249.0,2643.0,0.8274687854710556,0.3968907178783722,2187.0
0.45,0.15,0.0,0.0,0.6,0.45,1.0,0.65,False,7468.0,0.8606052490626673,0.6483516483516484,0.6278208150892557,0.6380862317204521,0.6491697911087306,0.6388672786681189,0.5380426326435351,0.4619573673564649,0.45,0.6,6427.0,3458.0,2969.0,0.7063832148945653,0.21882884066514852,0.6269735220696954,0.23901981788966256,0.5574878613804093,0.4287444345385741,3458.0,2969.0,6427.0,0.8606052490626673,0.6388672786681189,4825.0,0.8858031088082902,0.7875526438933084,4274.0,2643.0,0.8146046159667045,0.34370645610775663,2153.0
0.45,0.15,0.0,0.0,0.6,0.45,1.0,0.65,True,7468.0,0.896223888591323,0.6414573557825007,0.6221498371335505,0.6318035964580256,0.6491697911087306,0.6326012251606156,0.5413118183176453,0.4586881816823547,0.45,0.6,6693.0,3623.0,3070.0,0.7063832148945653,0.21882884066514852,0.6269735220696954,0.23768077129084092,0.5738218875663781,0.414206527218512,3623.0,3070.0,6693.0,0.896223888591323,0.6326012251606156,4825.0,0.9144041450777202,0.7629193109700816,4412.0,2643.0,0.8630344305713205,0.38053485313459007,2281.0
0.45,0.15,0.0,0.0,0.6,0.45,1.0,1.0,False,7468.0,0.8659614354579539,0.6471432672983061,0.6276809651474531,0.6374121162228796,0.6491697911087306,0.6381629812896242,0.5385804855419823,0.46141951445801765,0.45,0.6,6467.0,3483.0,2984.0,0.7063832148945653,0.21882884066514852,0.6269735220696954,0.23928762720942684,0.5597650436783843,0.4274786893390054,3483.0,2984.0,6467.0,0.8659614354579539,0.6381629812896242,4825.0,0.8901554404145078,0.7885913853317812,4295.0,2643.0,0.8217934165720772,0.3406998158379374,2172.0
0.45,0.15,0.0,0.0,0.6,0.45,1.0,1.0,True,7468.0,0.9015800749866095,0.6403508771929824,0.6220421393841167,0.6311965082885496,0.6491697911087306,0.6319619783157582,0.5418090004455666,0.4581909995544334,0.45,0.6,6733.0,3648.0,3085.0,0.7063832148945653,0.21882884066514852,0.6269735220696954,0.2379485806106052,0.576034501734056,0.41308043163091895,3648.0,3085.0,6733.0,0.9015800749866095,0.6319619783157582,4825.0,0.9187564766839378,0.7640424092036995,4433.0,2643.0,0.8702232311766932,0.3773913043478261,2300.0
0.45,0.15,0.0,0.0,0.6,0.55,0.5,0.55,False,7468.0,0.5538296732726299,0.6788452864230943,0.6393955184992184,0.6591204024611563,0.6491697911087306,0.660541586073501,0.5360251450676983,0.46397485493230173,0.45,0.6,4136.0,2217.0,1919.0,0.7063832148945653,0.21882884066514852,0.6269735220696954,0.1778253883235137,0.43359213839108995,0.41012133887704244,2217.0,1919.0,4136.0,0.5538296732726299,0.660541586073501,4825.0,0.5886010362694301,0.8084507042253521,2840.0,2643.0,0.49035187287173665,0.33641975308641975,1296.0
0.45,0.15,0.0,0.0,0.6,0.55,0.5,0.55,True,7468.0,0.5810123192287091,0.6675224646983312,0.6313686313686314,0.6494455480334813,0.6491697911087306,0.6508412076515326,0.5386033648306061,0.4613966351693939,0.45,0.6,4339.0,2337.0,2002.0,0.7063832148945653,0.21882884066514852,0.6269735220696954,0.17528119978575257,0.4504059943223206,0.3891626710019259,2337.0,2002.0,4339.0,0.5810123192287091,0.6508412076515326,4825.0,0.6116062176165803,0.7780413419179939,2951.0,2643.0,0.5251608021188043,0.3804034582132565,1388.0
0.45,0.15,0.0,0.0,0.6,0.55,0.5,0.65,False,7468.0,0.5863685056239957,0.6754015215553677,0.6398410332836563,0.657621277419512,0.6491697911087306,0.6590545786709294,0.5403060059374286,0.4596939940625714,0.45,0.6,4379.0,2366.0,2013.0,0.7063832148945653,0.21882884066514852,0.6269735220696954,0.1865291912158543,0.44712376050045777,0.41717575242942906,2366.0,2013.0,4379.0,0.5863685056239957,0.6590545786709294,4825.0,0.6205181347150259,0.8183032732130928,2994.0,2643.0,0.5240257283390087,0.3148014440433213,1385.0
0.45,0.15,0.0,0.0,0.6,0.55,0.5,0.65,True,7468.0,0.613551151580075,0.664923572003218,0.6321564885496184,0.6485400302764182,0.6491697911087306,0.6499345264076822,0.5425578350065473,0.45744216499345264,0.45,0.6,4582.0,2486.0,2096.0,0.7063832148945653,0.21882884066514852,0.6269735220696954,0.1839850026780932,0.46344694890676635,0.3969925859089133,2486.0,2096.0,4582.0,0.613551151580075,0.6499345264076822,4825.0,0.6435233160621762,0.789049919484702,3105.0,2643.0,0.5588346575860764,0.35748138117806366,1477.0
0.45,0.15,0.0,0.0,0.6,0.55,0.5,1.0,False,7468.0,0.5917246920192822,0.6733584274362192,0.6395463510848126,0.6564523892605159,0.6491697911087306,0.6578411405295316,0.5410726408689749,0.4589273591310251,0.45,0.6,4419.0,2391.0,2028.0,0.7063832148945653,0.21882884066514852,0.6269735220696954,0.18679700053561865,0.44995982680882946,0.4151415068771939,2391.0,2028.0,4419.0,0.5917246920192822,0.6578411405295316,4825.0,0.6248704663212435,0.8195688225538972,3015.0,2643.0,0.5312145289443814,0.31054131054131057,1404.0
0.45,0.15,0.0,0.0,0.6,0.55,0.5,1.0,True,7468.0,0.6189073379753616,0.6630824372759857,0.6319279962103269,0.6475052167431563,0.6491697911087306,0.6488533102553007,0.5432713111207269,0.45672868887927304,0.45,0.6,4622.0,2511.0,2111.0,0.7063832148945653,0.21882884066514852,0.6269735220696954,0.18425281199785748,0.46618372235498745,0.3952364768702788,2511.0,2111.0,4622.0,0.6189073379753616,0.6488533102553007,4825.0,0.6478756476683938,0.7904670505438259,3126.0,2643.0,0.5660234581914491,0.35294117647058826,1496.0
0.45,0.15,0.0,0.0,0.6,0.55,0.55,0.55,False,7468.0,0.6427423674343867,0.6754760979401477,0.6461607543780871,0.6608184261591175,0.6491697911087306,0.661875,0.5360416666666666,0.4639583333333333,0.45,0.6,4800.0,2573.0,2227.0,0.7063832148945653,0.21882884066514852,0.6269735220696954,0.2080878414568827,0.46618372235498745,0.44636445134913766,2573.0,2227.0,4800.0,0.6427423674343867,0.661875,4825.0,0.6808290155440414,0.8343987823439878,3285.0,2643.0,0.5732122587968218,0.2877887788778878,1515.0
0.45,0.15,0.0,0.0,0.6,0.55,0.55,0.55,True,7468.0,0.669925013390466,0.6658002227998515,0.638961038961039,0.6523806308804452,0.6491697911087306,0.6534079552268639,0.5382770337797321,0.4617229662202678,0.45,0.6,5003.0,2693.0,2310.0,0.7063832148945653,0.21882884066514852,0.6269735220696954,0.2055436529191216,0.48186168164284676,0.42656152325361585,2693.0,2310.0,5003.0,0.669925013390466,0.6534079552268639,4825.0,0.7038341968911918,0.8071260306242638,3396.0,2643.0,0.6080211880438895,0.328562538892346,1607.0
0.45,0.15,0.0,0.0,0.6,0.55,0.55,0.65,False,7468.0,0.676486341724692,0.6729074889867841,0.6460481099656358,0.65947779947621,0.6491697911087306,0.6605304829770388,0.5391923990498813,0.46080760095011875,0.45,0.6,5052.0,2724.0,2328.0,0.7063832148945653,0.21882884066514852,0.6269735220696954,0.2171933583288698,0.47921445272227664,0.4532278963938965,2724.0,2328.0,5052.0,0.676486341724692,0.6605304829770388,4825.0,0.7139896373056995,0.842089985486212,3445.0,2643.0,0.6080211880438895,0.2713130056004978,1607.0
0.45,0.15,0.0,0.0,0.6,0.55,0.55,0.65,True,7468.0,0.7036689876807712,0.6638537271448663,0.6391538780588967,0.6515038026018816,0.6491697911087306,0.6525214081826831,0.5411988582302569,0.4588011417697431,0.45,0.6,5255.0,2844.0,2411.0,0.7063832148945653,0.21882884066514852,0.6269735220696954,0.21464916979110865,0.4944794322768454,0.4340911993098482,2844.0,2411.0,5255.0,0.7036689876807712,0.6525214081826831,4825.0,0.7369948186528498,0.8158042744656918,3556.0,2643.0,0.6428301172909573,0.3107710417892878,1699.0
0.45,0.15,0.0,0.0,0.6,0.55,0.55,1.0,False,7468.0,0.6818425281199786,0.6711531465987632,0.6457533077251387,0.658453227161951,0.6491697911087306,0.6594658287509819,0.5398664571877455,0.4601335428122545,0.45,0.6,5092.0,2749.0,2343.0,0.7063832148945653,0.21882884066514852,0.6269735220696954,0.21746116764863416,0.48186168164284676,0.4512937548950306,2749.0,2343.0,5092.0,0.6818425281199786,0.6594658287509819,4825.0,0.7183419689119172,0.8430467397576457,3466.0,2643.0,0.6152099886492622,0.26814268142681424,1626.0
0.45,0.15,0.0,0.0,0.6,0.55,0.55,1.0,True,7468.0,0.7090251740760578,0.6622516556291391,0.638911788953009,0.6505817222910741,0.6491697911087306,0.6515580736543909,0.5418319169027385,0.4581680830972616,0.45,0.6,5295.0,2869.0,2426.0,0.7063832148945653,0.21882884066514852,0.6269735220696954,0.21491697911087299,0.49704536763015145,0.4323890596457413,2869.0,2426.0,5295.0,0.7090251740760578,0.6515580736543909,4825.0,0.7413471502590674,0.8168856583729383,3577.0,2643.0,0.6500189178963299,0.3073341094295693,1718.0
0.45,0.15,0.0,0.0,0.6,0.55,0.6,0.55,False,7468.0,0.7031333690412427,0.6765746638358103,0.6441237113402062,0.6603491875880083,0.6491697911087306,0.6615882689011617,0.5381832031993906,0.4618167968006094,0.45,0.6,5251.0,2826.0,2425.0,0.7063832148945653,0.21882884066514852,0.6269735220696954,0.22723620782003223,0.48779973412313915,0.46583913832693724,2826.0,2425.0,5251.0,0.7031333690412427,0.6615882689011617,4825.0,0.7423834196891191,0.8481295365717476,3582.0,2643.0,0.6314793794930004,0.26123427201917315,1669.0
0.45,0.15,0.0,0.0,0.6,0.55,0.6,0.55,True,7468.0,0.7303160149973219,0.6676849966055669,0.6375598086124402,0.6526224026090035,0.6491697911087306,0.6538320498716539,0.5401540154015402,0.4598459845984598,0.45,0.6,5454.0,2946.0,2508.0,0.7063832148945653,0.21882884066514852,0.6269735220696954,0.2246920192822711,0.5028041346861871,0.4468778273323212,2946.0,2508.0,5454.0,0.7303160149973219,0.6538320498716539,4825.0,0.7653886010362694,0.8226374221500136,3693.0,2643.0,0.6662883087400681,0.29982964224872233,1761.0
0.45,0.15,0.0,0.0,0.6,0.55,0.6,0.65,False,7468.0,0.7370112479914301,0.674278038952317,0.6441013460015835,0.6591896924769503,0.6491697911087306,0.6604287790697675,0.5410610465116279,0.4589389534883721,0.45,0.6,5504.0,2978.0,2526.0,0.7063832148945653,0.21882884066514852,0.6269735220696954,0.23647562935190153,0.5002677376363224,0.47269814053811976,2978.0,2526.0,5504.0,0.7370112479914301,0.6604287790697675,4825.0,0.7757512953367875,0.8546620358001603,3743.0,2643.0,0.6662883087400681,0.24758659852356615,1761.0
0.45,0.15,0.0,0.0,0.6,0.55,0.6,0.65,True,7468.0,0.7641938939475094,0.6659134925758554,0.6377922575699502,0.6518528750729028,0.6491697911087306,0.6530576485018399,0.5428421237077273,0.45715787629227267,0.45,0.6,5707.0,3098.0,2609.0,0.7063832148945653,0.21882884066514852,0.6269735220696954,0.2339314408141404,0.5149089497830509,0.45431612892474266,3098.0,2609.0,5707.0,0.7641938939475094,0.6530576485018399,4825.0,0.7987564766839378,0.8300467047223664,3854.0,2643.0,0.7010972379871359,0.28494333513221803,1853.0
0.45,0.15,0.0,0.0,0.6,0.55,0.6,1.0,False,7468.0,0.7423674343867167,0.6726606726606726,0.6438410074773712,0.6582508400690219,0.6491697911087306,0.6594516594516594,0.5416666666666666,0.4583333333333333,0.45,0.6,5544.0,3003.0,2541.0,0.7063832148945653,0.21882884066514852,0.6269735220696954,0.23674343867166572,0.5028041346861872,0.47084624476969206,3003.0,2541.0,5544.0,0.7423674343867167,0.6594516594516594,4825.0,0.7801036269430052,0.8554729011689692,3764.0,2643.0,0.6734771093454408,0.2449438202247191,1780.0
0.45,0.15,0.0,0.0,0.6,0.55,0.6,1.0,True,7468.0,0.7695500803427959,0.6644252321485751,0.6375762195121951,0.6510007258303852,0.6491697911087306,0.6521663476596485,0.5434139551070124,0.45658604489298765,0.45,0.6,5747.0,3123.0,2624.0,0.7063832148945653,0.21882884066514852,0.6269735220696954,0.2341992501339047,0.517373574029874,0.4526695252517509,3123.0,2624.0,5747.0,0.7695500803427959,0.6521663476596485,4825.0,0.8031088082901554,0.8309677419354838,3875.0,2643.0,0.7082860385925085,0.28205128205128205,1872.0
0.45,0.15,0.0,0.0,0.6,0.55,1.0,0.55,False,7468.0,0.7367434386716658,0.6743951612903226,0.6460807600950119,0.6602379606926673,0.6491697911087306,0.6613958560523446,0.5408942202835333,0.45910577971646677,0.45,0.6,5502.0,2976.0,2526.0,0.7063832148945653,0.21882884066514852,0.6269735220696954,0.23781467595072314,0.49946409416540777,0.4761396839708881,2976.0,2526.0,5502.0,0.7367434386716658,0.6613958560523446,4825.0,0.776580310880829,0.8548171870829997,3747.0,2643.0,0.6640181611804767,0.24843304843304842,1755.0
0.45,0.15,0.0,0.0,0.6,0.55,1.0,0.55,True,7468.0,0.763926084627745,0.6660206718346253,0.6397087006515907,0.652864686243108,0.6491697911087306,0.6539877300613497,0.5426818580192814,0.4573181419807187,0.45,0.6,5705.0,3096.0,2609.0,0.7063832148945653,0.21882884066514852,0.6269735220696954,0.23527048741296197,0.5141281927762681,0.45761055456327415,3096.0,2609.0,5705.0,0.763926084627745,0.6539877300613497,4825.0,0.7995854922279793,0.8302229134266459,3858.0,2643.0,0.6988270904275444,0.2858689767190038,1847.0
0.45,0.15,0.0,0.0,0.6,0.55,1.0,0.65,False,7468.0,0.7711569362613819,0.6722044728434505,0.6458729554963865,0.6590387141699185,0.6491697911087306,0.6601840597325924,0.5434971349192568,0.45650286508074317,0.45,0.6,5759.0,3130.0,2629.0,0.7063832148945653,0.21882884066514852,0.6269735220696954,0.24705409748259233,0.5119095812635224,0.482612763122738,3130.0,2629.0,5759.0,0.7711569362613819,0.6601840597325924,4825.0,0.8103626943005181,0.8608695652173913,3910.0,2643.0,0.6995838062807416,0.2358031368307193,1849.0
0.45,0.15,0.0,0.0,0.6,0.55,1.0,0.65,True,7468.0,0.7983395822174612,0.6643076923076923,0.6397492625368731,0.6520284774222826,0.6491697911087306,0.6531365313653137,0.5451190875545119,0.4548809124454881,0.45,0.6,5962.0,3250.0,2712.0,0.7063832148945653,0.21882884066514852,0.6269735220696954,0.24450990894483132,0.5262269820489205,0.46464722883042997,3250.0,2712.0,5962.0,0.7983395822174612,0.6531365313653137,4825.0,0.8333678756476683,0.837105197712012,4021.0,2643.0,0.7343927355278093,0.27202472952086554,1941.0
0.45,0.15,0.0,0.0,0.6,0.55,1.0,1.0,False,7468.0,0.7765131226566685,0.6706814580031696,0.6456127080181543,0.6581470830106619,0.6491697911087306,0.6592515951026039,0.5440593205725125,0.4559406794274875,0.45,0.6,5799.0,3155.0,2644.0,0.7063832148945653,0.21882884066514852,0.6269735220696954,0.24732190680235672,0.5143885767852509,0.48080754115503954,3155.0,2644.0,5799.0,0.7765131226566685,0.6592515951026039,4825.0,0.8147150259067357,0.861612821165098,3931.0,2643.0,0.7067726068861143,0.2334047109207709,1868.0
0.45,0.15,0.0,0.0,0.6,0.55,1.0,1.0,True,7468.0,0.8036957686127477,0.6629007633587787,0.6395306197286396,0.6512156915437091,0.6491697911087306,0.6522825724758414,0.5456514495168278,0.4543485504831723,0.45,0.6,6002.0,3275.0,2727.0,0.7063832148945653,0.21882884066514852,0.6269735220696954,0.24477771826459568,0.5286388419082313,0.4630339257346658,3275.0,2727.0,6002.0,0.8036957686127477,0.6522825724758414,4825.0,0.837720207253886,0.8379515091538842,4042.0,2643.0,0.741581536133182,0.2693877551020408,1960.0
0.45,0.15,0.0,0.45,0.5,0.45,0.5,0.55,False,7468.0,0.6483663631494376,0.6465315666406859,0.616871704745167,0.6317016356929264,0.6491697911087306,0.6325898389095415,0.529946303180504,0.4700536968194961,0.45,0.5,4842.0,2566.0,2276.0,0.7063832148945653,0.21882884066514852,0.6269735220696954,0.17193358328869837,0.48807416437501544,0.3522693800210902,2566.0,2276.0,4842.0,0.6483663631494376,0.6325898389095415,4825.0,0.6692227979274611,0.7283988851037473,3229.0,2643.0,0.6102913356034809,0.4407935523868568,1613.0
0.45,0.15,0.0,0.45,0.5,0.45,0.5,0.55,True,7468.0,0.6837171933583289,0.6375961890802492,0.6100126209507782,0.6238044050155137,0.6491697911087306,0.6247551899725813,0.5344692518605562,0.4655307481394438,0.45,0.5,5106.0,2729.0,2377.0,0.7063832148945653,0.21882884066514852,0.6269735220696954,0.17059453668987684,0.5065188331486067,0.33679801327313413,2729.0,2377.0,5106.0,0.6837171933583289,0.6247551899725813,4825.0,0.6976165803108808,0.6987522281639929,3366.0,2643.0,0.6583427922814983,0.48160919540229885,1740.0
0.45,0.15,0.0,0.45,0.5,0.45,0.5,0.65,False,7468.0,0.6809051955008034,0.6453038674033149,0.6181434599156118,0.6317236636594634,0.6491697911087306,0.6326450344149459,0.5339233038348082,0.46607669616519176,0.45,0.5,5085.0,2715.0,2370.0,0.7063832148945653,0.21882884066514852,0.6269735220696954,0.18063738618103908,0.5001338867342245,0.36117805846063644,2715.0,2370.0,5085.0,0.6809051955008034,0.6326450344149459,4825.0,0.701139896373057,0.7407626367129766,3383.0,2643.0,0.6439651910707529,0.41774383078730903,1702.0
0.45,0.15,0.0,0.45,0.5,0.45,0.5,0.65,True,7468.0,0.7162560257096947,0.6369006254343293,0.6114933225414811,0.6241969739879052,0.6491697911087306,0.6251635819779398,0.5380444942979996,0.4619555057020004,0.45,0.5,5349.0,2878.0,2471.0,0.7063832148945653,0.21882884066514852,0.6269735220696954,0.1792983395822174,0.5181494408602008,0.34603596075401916,2878.0,2471.0,5349.0,0.7162560257096947,0.6251635819779398,4825.0,0.7295336787564767,0.7119318181818182,3520.0,2643.0,0.6920166477487704,0.4581738655002734,1829.0
0.45,0.15,0.0,0.45,0.5,0.45,0.5,1.0,False,7468.0,0.68626138189609,0.6437956204379562,0.6180293501048219,0.630912485271389,0.6491697911087306,0.6318048780487805,0.5346341463414634,0.4653658536585366,0.45,0.5,5125.0,2740.0,2385.0,0.7063832148945653,0.21882884066514852,0.6269735220696954,0.18090519550080345,0.5026709591747303,0.35988789922896686,2740.0,2385.0,5125.0,0.68626138189609,0.6318048780487805,4825.0,0.7054922279792746,0.7423619271445359,3404.0,2643.0,0.6511539916761256,0.41313190005810574,1721.0
0.45,0.15,0.0,0.45,0.5,0.45,0.5,1.0,True,7468.0,0.7216122121049813,0.6355494316224595,0.6114239742558326,0.623486702939146,0.6491697911087306,0.6244201150491743,0.5386899239190944,0.4613100760809056,0.45,0.5,5389.0,2903.0,2486.0,0.7063832148945653,0.21882884066514852,0.6269735220696954,0.17956614890198183,0.5205987241643026,0.34492237603968884,2903.0,2486.0,5389.0,0.7216122121049813,0.6244201150491743,4825.0,0.7338860103626943,0.713640214628636,3541.0,2643.0,0.699205448354143,0.45346320346320346,1848.0
0.45,0.15,0.0,0.45,0.5,0.45,0.55,0.55,False,7468.0,0.7584359935725763,0.6447105788423154,0.6249059443190369,0.6348082615806762,0.6491697911087306,0.6354166666666666,0.5307203389830508,0.4692796610169492,0.45,0.5,5664.0,3006.0,2658.0,0.7063832148945653,0.21882884066514852,0.6269735220696954,0.20540974825923936,0.5258451508349853,0.3906278263345604,3006.0,2658.0,5664.0,0.7584359935725763,0.6354166666666666,4825.0,0.7803108808290156,0.7670650730411687,3765.0,2643.0,0.7185017026106697,0.3744075829383886,1899.0
0.45,0.15,0.0,0.45,0.5,0.45,0.55,0.55,True,7468.0,0.7937868237814676,0.6371094982644367,0.6187024284160928,0.6279059633402648,0.6491697911087306,0.6285425101214575,0.5345816464237517,0.46541835357624833,0.45,0.5,5928.0,3169.0,2759.0,0.7063832148945653,0.21882884066514852,0.6269735220696954,0.2040707016604177,0.5430083434538782,0.3758150387936921,3169.0,2759.0,5928.0,0.7937868237814676,0.6285425101214575,4825.0,0.8087046632124353,0.7401332649923117,3902.0,2643.0,0.7665531592886871,0.4136229022704837,2026.0
0.45,0.15,0.0,0.45,0.5,0.45,0.55,0.65,False,7468.0,0.7921799678628816,0.6439657903072538,0.6255889815150417,0.6347773859111477,0.6491697911087306,0.6353955375253549,0.5336375929682218,0.4663624070317782,0.45,0.5,5916.0,3157.0,2759.0,0.7063832148945653,0.21882884066514852,0.6269735220696954,0.2145152651312265,0.5374312526880322,0.39914921965981803,3157.0,2759.0,5916.0,0.7921799678628816,0.6353955375253549,4825.0,0.8134715025906736,0.7765605095541401,3925.0,2643.0,0.7533106318577374,0.3571069814163737,1991.0
0.45,0.15,0.0,0.45,0.5,0.45,0.55,0.65,True,7468.0,0.8275307980717729,0.6367469879518072,0.6195804195804195,0.6281637037661134,0.6491697911087306,0.6288025889967638,0.5372168284789643,0.4627831715210356,0.45,0.5,6180.0,3320.0,2860.0,0.7063832148945653,0.21882884066514852,0.6269735220696954,0.21317621853240495,0.5542357709221627,0.38463092733569443,3320.0,2860.0,6180.0,0.8275307980717729,0.6288025889967638,4825.0,0.8418652849740933,0.7503692762186115,4062.0,2643.0,0.8013620885357549,0.39565627950897075,2118.0
0.45,0.15,0.0,0.45,0.5,0.45,0.55,1.0,False,7468.0,0.7975361542581682,0.6426775612822124,0.6254506128334535,0.6340640870578329,0.6491697911087306,0.6346541302887844,0.5342511752854264,0.4657488247145735,0.45,0.5,5956.0,3182.0,2774.0,0.7063832148945653,0.21882884066514852,0.6269735220696954,0.2147830744509908,0.5397930528485789,0.3978989231475735,3182.0,2774.0,5956.0,0.7975361542581682,0.6346541302887844,4825.0,0.8178238341968912,0.777749619868221,3946.0,2643.0,0.7604994324631101,0.3537313432835821,2010.0
0.45,0.15,0.0,0.45,0.5,0.45,0.55,1.0,True,7468.0,0.8328869844670594,0.635575485799701,0.6194782608695653,0.6275268733346331,0.6491697911087306,0.6281350482315112,0.5377813504823151,0.4622186495176849,0.45,0.5,6220.0,3345.0,2875.0,0.7063832148945653,0.21882884066514852,0.6269735220696954,0.2134440278521692,0.5565262602136983,0.3835291218247449,3345.0,2875.0,6220.0,0.8328869844670594,0.6281350482315112,4825.0,0.8462176165803109,0.75165319617928,4083.0,2643.0,0.8085508891411275,0.39213851193261584,2137.0
0.45,0.15,0.0,0.45,0.5,0.45,0.6,0.55,False,7468.0,0.8363685056239957,0.6430493273542601,0.6246122026887281,0.633830765021494,0.6491697911087306,0.6344860710854947,0.5355427473583093,0.4644572526416907,0.45,0.5,6246.0,3345.0,2901.0,0.7063832148945653,0.21882884066514852,0.6269735220696954,0.2249598286020353,0.5529053612608401,0.40686859698563793,3345.0,2901.0,6246.0,0.8363685056239957,0.6344860710854947,4825.0,0.8557512953367875,0.7875999031242431,4129.0,2643.0,0.8009837306091563,0.3358526216343883,2117.0
0.45,0.15,0.0,0.45,0.5,0.45,0.6,0.55,True,7468.0,0.871719335832887,0.636259977194983,0.6189207195203198,0.6275903483576514,0.6491697911087306,0.6282642089093702,0.538863287250384,0.461136712749616,0.45,0.5,6510.0,3508.0,3002.0,0.7063832148945653,0.21882884066514852,0.6269735220696954,0.22362078200321367,0.5692532625421102,0.392831796878233,3508.0,3002.0,6510.0,0.871719335832887,0.6282642089093702,4825.0,0.8841450777202072,0.7623066104078763,4266.0,2643.0,0.8490351872871736,0.37344028520499106,2244.0
0.45,0.15,0.0,0.45,0.5,0.45,0.6,0.65,False,7468.0,0.8702463845741831,0.6425507577923935,0.6252498334443705,0.6339002956183819,0.6491697911087306,0.6345591629481458,0.5380827819664564,0.46191721803354363,0.45,0.5,6499.0,3497.0,3002.0,0.7063832148945653,0.21882884066514852,0.6269735220696954,0.2341992501339046,0.5639357828867922,0.415294182850105,3497.0,3002.0,6499.0,0.8702463845741831,0.6345591629481458,4825.0,0.8891191709844559,0.7955710955710956,4290.0,2643.0,0.835792659856224,0.3218650973291082,2209.0
0.45,0.15,0.0,0.45,0.5,0.45,0.6,0.65,True,7468.0,0.9055972147830744,0.6360655737704918,0.6197228488559459,0.6278942113132189,0.6491697911087306,0.6285672039035931,0.5411799497264528,0.4588200502735472,0.45,0.5,6763.0,3660.0,3103.0,0.7063832148945653,0.21882884066514852,0.6269735220696954,0.23286020353508308,0.579972849040363,0.4015019046501559,3660.0,3103.0,6763.0,0.9055972147830744,0.6285672039035931,4825.0,0.9175129533678756,0.7709509826067314,4427.0,2643.0,0.8838441165342414,0.3587328767123288,2336.0
0.45,0.15,0.0,0.45,0.5,0.45,0.6,1.0,False,7468.0,0.8756025709694697,0.641396933560477,0.6251242956579384,0.6332606146092077,0.6491697911087306,0.6338889738492124,0.5386144670438905,0.4613855329561095,0.45,0.5,6539.0,3522.0,3017.0,0.7063832148945653,0.21882884066514852,0.6269735220696954,0.2344670594536689,0.5661870324882939,0.41411591223350136,3522.0,3017.0,6539.0,0.8756025709694697,0.6338889738492124,4825.0,0.8934715025906735,0.7965669218278821,4311.0,2643.0,0.8429814604615967,0.31912028725314184,2228.0
0.45,0.15,0.0,0.45,0.5,0.45,0.6,1.0,True,7468.0,0.910953401178361,0.6350067842605156,0.6196279666452854,0.6273173754529004,0.6491697911087306,0.6279582537115979,0.5416727914155519,0.45832720858444803,0.45,0.5,6803.0,3685.0,3118.0,0.7063832148945653,0.21882884066514852,0.6269735220696954,0.2331280128548474,0.582162085816104,0.40045207088338103,3685.0,3118.0,6803.0,0.910953401178361,0.6279582537115979,4825.0,0.9218652849740933,0.7720323741007195,4448.0,2643.0,0.8910329171396141,0.35583864118895964,2355.0
0.45,0.15,0.0,0.45,0.5,0.45,1.0,0.55,False,7468.0,0.8789501874665239,0.6408371040723982,0.6261558784676354,0.6334964912700168,0.6491697911087306,0.6340645947592931,0.538695917123705,0.46130408287629493,0.45,0.5,6564.0,3536.0,3028.0,0.7063832148945653,0.21882884066514852,0.6269735220696954,0.23567220139260847,0.5671322535678585,0.4155506937050087,3536.0,3028.0,6564.0,0.8789501874665239,0.6340645947592931,4825.0,0.8969948186528497,0.797365988909427,4328.0,2643.0,0.8460083238743852,0.31797853309481217,2236.0
0.45,0.15,0.0,0.45,0.5,0.45,1.0,0.55,True,7468.0,0.914301017675415,0.6344958096782914,0.6206455736657079,0.6275706916719996,0.6491697911087306,0.6281487990626831,0.5417398945518453,0.45826010544815465,0.45,0.5,6828.0,3699.0,3129.0,0.7063832148945653,0.21882884066514852,0.6269735220696954,0.2343331547937868,0.5830814106459012,0.4018875418000501,3699.0,3129.0,6828.0,0.914301017675415,0.6281487990626831,4825.0,0.9253886010362694,0.7729003359462486,4465.0,2643.0,0.8940597805524025,0.354633939906898,2363.0
0.45,0.15,0.0,0.45,0.5,0.45,1.0,0.65,False,7468.0,0.91336368505624,0.6403794037940379,0.6266368572341106,0.6335081305140742,0.6491697911087306,0.6340712505497728,0.5409763964228119,0.4590236035771881,0.45,0.5,6821.0,3690.0,3131.0,0.7063832148945653,0.21882884066514852,0.6269735220696954,0.24491162292447777,0.57812285118812,0.42363248991308944,3690.0,3131.0,6821.0,0.91336368505624,0.6340712505497728,4825.0,0.9307772020725389,0.8047205522155422,4491.0,2643.0,0.88157396897465,0.3051502145922747,2330.0
0.45,0.15,0.0,0.45,0.5,0.45,1.0,0.65,True,7468.0,0.9487145152651312,0.6343109265507397,0.6212871287128713,0.6277990276318055,0.6491697911087306,0.6283697953422724,0.5438249823570924,0.4561750176429076,0.45,0.5,7085.0,3853.0,3232.0,0.7063832148945653,0.21882884066514852,0.6269735220696954,0.24357257632565618,0.5937768684192215,0.4102089341642857,3853.0,3232.0,7085.0,0.9487145152651312,0.6283697953422724,4825.0,0.9591709844559585,0.7808988764044944,4628.0,2643.0,0.9296254256526674,0.34106634106634104,2457.0
0.45,0.15,0.0,0.45,0.5,0.45,1.0,1.0,False,7468.0,0.9187198714515266,0.639300134589502,0.6265098537825811,0.6329049941860415,0.6491697911087306,0.6334353592770733,0.5414662585628917,0.4585337414371083,0.45,0.5,6861.0,3715.0,3146.0,0.7063832148945653,0.21882884066514852,0.6269735220696954,0.24517943224424205,0.5803190670688343,0.4224907402795369,3715.0,3146.0,6861.0,0.9187198714515266,0.6334353592770733,4825.0,0.9351295336787565,0.8056294326241135,4512.0,2643.0,0.8887627695800226,0.30268199233716475,2349.0
0.45,0.15,0.0,0.45,0.5,0.45,1.0,1.0,True,7468.0,0.9540707016604177,0.6333161423414131,0.6211887896519864,0.6272524659966998,0.6491697911087306,0.6277894736842106,0.5442807017543859,0.455719298245614,0.45,0.5,7125.0,3878.0,3247.0,0.7063832148945653,0.21882884066514852,0.6269735220696954,0.24384038564542052,0.5959153950079648,0.40918624973963197,3878.0,3247.0,7125.0,0.9540707016604177,0.6277894736842106,4825.0,0.9635233160621761,0.7818885781888578,4649.0,2643.0,0.9368142262580401,0.3384491114701131,2476.0
0.45,0.15,0.0,0.45,0.5,0.55,0.5,0.55,False,7468.0,0.6222549544724156,0.6534090909090909,0.6207054512139258,0.6370572710615083,0.6491697911087306,0.6380460512158381,0.5302345599311383,0.4697654400688616,0.45,0.5,4647.0,2464.0,2183.0,0.7063832148945653,0.21882884066514852,0.6269735220696954,0.17179967862881623,0.47458153980301393,0.3620024468295283,2464.0,2183.0,4647.0,0.6222549544724156,0.6380460512158381,4825.0,0.6491191709844559,0.7509578544061303,3132.0,2643.0,0.5732122587968218,0.4046204620462046,1515.0
0.45,0.15,0.0,0.45,0.5,0.55,0.5,0.55,True,7468.0,0.6537225495447242,0.6439248754311997,0.61460624725033,0.6292655613407648,0.6491697911087306,0.6302744776730848,0.534412126177796,0.465587873822204,0.45,0.5,4882.0,2609.0,2273.0,0.7063832148945653,0.21882884066514852,0.6269735220696954,0.17032672737011242,0.4916278176500043,0.34645461720266213,2609.0,2273.0,4882.0,0.6537225495447242,0.6302744776730848,4825.0,0.6746113989637306,0.7225806451612903,3255.0,2643.0,0.6155883465758608,0.44560540872771975,1627.0
0.45,0.15,0.0,0.45,0.5,0.55,0.5,0.65,False,7468.0,0.6547937868237814,0.6517412935323383,0.621870882740448,0.6368060881363932,0.6491697911087306,0.6378323108384458,0.5343558282208589,0.4656441717791411,0.45,0.5,4890.0,2613.0,2277.0,0.7063832148945653,0.21882884066514852,0.6269735220696954,0.18050348152115694,0.4869755154536132,0.3706623347439134,2613.0,2277.0,4890.0,0.6547937868237814,0.6378323108384458,4825.0,0.6810362694300518,0.7626293365794279,3286.0,2643.0,0.6068861142640938,0.38216957605985036,1604.0
0.45,0.15,0.0,0.45,0.5,0.55,0.5,0.65,True,7468.0,0.68626138189609,0.6428571428571429,0.6159695817490495,0.6294133623030962,0.6491697911087306,0.6304390243902439,0.5381463414634147,0.4618536585365854,0.45,0.5,5125.0,2758.0,2367.0,0.7063832148945653,0.21882884066514852,0.6269735220696954,0.17903053026245314,0.5036024481839007,0.35549972187005036,2758.0,2367.0,5125.0,0.68626138189609,0.6304390243902439,4825.0,0.7065284974093264,0.7351129363449692,3409.0,2643.0,0.6492622020431328,0.4224941724941725,1716.0
0.45,0.15,0.0,0.45,0.5,0.55,0.5,1.0,False,7468.0,0.660149973219068,0.6501137225170583,0.6217277486910995,0.6359207356040789,0.6491697911087306,0.6369168356997972,0.5350912778904665,0.4649087221095335,0.45,0.5,4930.0,2638.0,2292.0,0.7063832148945653,0.21882884066514852,0.6269735220696954,0.18077129084092128,0.48958078106587616,0.3692369019211916,2638.0,2292.0,4930.0,0.660149973219068,0.6369168356997972,4825.0,0.6853886010362694,0.7641366797701845,3307.0,2643.0,0.6140749148694665,0.37769562538508933,1623.0
0.45,0.15,0.0,0.45,0.5,0.55,0.5,1.0,True,7468.0,0.6916175682913765,0.6413941789435861,0.6158690176322418,0.6286315982879139,0.6491697911087306,0.6296224588576961,0.5388189738625363,0.4611810261374637,0.45,0.5,5165.0,2783.0,2382.0,0.7063832148945653,0.21882884066514852,0.6269735220696954,0.17929833958221753,0.5061221338319235,0.35425903669678305,2783.0,2382.0,5165.0,0.6916175682913765,0.6296224588576961,4825.0,0.7108808290155441,0.736734693877551,3430.0,2643.0,0.6564510026485055,0.41786743515850144,1735.0
0.45,0.15,0.0,0.45,0.5,0.55,0.55,0.55,False,7468.0,0.7323245848955544,0.6504820936639119,0.6284600389863548,0.6394710663251333,0.6491697911087306,0.6401535929786067,0.5309928688974218,0.4690071311025782,0.45,0.5,5469.0,2904.0,2565.0,0.7063832148945653,0.21882884066514852,0.6269735220696954,0.20527584359935735,0.5133462483042985,0.39987794646874497,2904.0,2565.0,5469.0,0.7323245848955544,0.6401535929786067,4825.0,0.7602072538860104,0.787350054525627,3668.0,2643.0,0.6814226258040106,0.3403664630760688,1801.0
0.45,0.15,0.0,0.45,0.5,0.55,0.55,0.55,True,7468.0,0.7637921799678629,0.6425057395867497,0.6229755178907721,0.6327406287387609,0.6491697911087306,0.6334151472650772,0.5345371669004207,0.46546283309957925,0.45,0.5,5704.0,3049.0,2655.0,0.7063832148945653,0.21882884066514852,0.6269735220696954,0.20380289234065355,0.5291452010682934,0.38515494788423865,3049.0,2655.0,5704.0,0.7637921799678629,0.6334151472650772,4825.0,0.7856994818652849,0.7618042732788183,3791.0,2643.0,0.7237987135830496,0.3789858860428646,1913.0
0.45,0.15,0.0,0.45,0.5,0.55,0.55,0.65,False,7468.0,0.7660685591858597,0.6494271685761047,0.6290322580645161,0.6392297133203104,0.6491697911087306,0.6399230903688167,0.5339975528753714,0.46600244712462857,0.45,0.5,5721.0,3055.0,2666.0,0.7063832148945653,0.21882884066514852,0.6269735220696954,0.21438136047134446,0.5252081486013499,0.4081836145197871,3055.0,2666.0,5721.0,0.7660685591858597,0.6399230903688167,4825.0,0.7933678756476684,0.7962382445141066,3828.0,2643.0,0.7162315550510783,0.32382461701003695,1893.0
0.45,0.15,0.0,0.45,0.5,0.55,0.55,0.65,True,7468.0,0.7975361542581682,0.641875,0.6237300435413643,0.6328025217706821,0.6491697911087306,0.6334788448623238,0.5372733378106112,0.46272666218938885,0.45,0.5,5956.0,3200.0,2756.0,0.7063832148945653,0.21882884066514852,0.6269735220696954,0.21290840921264068,0.5406605890230615,0.3937930996549098,3200.0,2756.0,5956.0,0.7975361542581682,0.6334788448623238,4825.0,0.8188601036269431,0.7714502657555049,3951.0,2643.0,0.7586076428301173,0.36159600997506236,2005.0
0.45,0.15,0.0,0.45,0.5,0.55,0.55,1.0,False,7468.0,0.7714247455811463,0.6480519480519481,0.628869824692279,0.6384608863721135,0.6491697911087306,0.6391251518833536,0.534629404617254,0.46537059538274606,0.45,0.5,5761.0,3080.0,2681.0,0.7063832148945653,0.21882884066514852,0.6269735220696954,0.2146491697911088,0.5276246657378887,0.40682171196625094,3080.0,2681.0,5761.0,0.7714247455811463,0.6391251518833536,4825.0,0.797720207253886,0.7973499610288387,3849.0,2643.0,0.723420355656451,0.3206066945606695,1912.0
0.45,0.15,0.0,0.45,0.5,0.55,0.55,1.0,True,7468.0,0.8028923406534547,0.6406201550387597,0.6236015878744136,0.6321108714565866,0.6491697911087306,0.632755170113409,0.5378585723815877,0.46214142761841226,0.45,0.5,5996.0,3225.0,2771.0,0.7063832148945653,0.21882884066514852,0.6269735220696954,0.21317621853240498,0.5430083434538782,0.3925836888186077,3225.0,2771.0,5996.0,0.8028923406534547,0.632755170113409,4825.0,0.8232124352331606,0.7726586102719033,3972.0,2643.0,0.76579644343549,0.35820158102766797,2024.0
0.45,0.15,0.0,0.45,0.5,0.55,0.6,0.55,False,7468.0,0.8102570969469738,0.6481652790625964,0.6278490028490028,0.6380071409557996,0.6491697911087306,0.6387373987770616,0.5359444719881011,0.46405552801189887,0.45,0.5,6051.0,3243.0,2808.0,0.7063832148945653,0.21882884066514852,0.6269735220696954,0.22482592394215312,0.541031964399896,0.4155501684480444,3243.0,2808.0,6051.0,0.8102570969469738,0.6387373987770616,4825.0,0.8356476683937824,0.8065476190476191,4032.0,2643.0,0.7639046538024972,0.30361565131253093,2019.0
0.45,0.15,0.0,0.45,0.5,0.55,0.6,0.55,True,7468.0,0.8417246920192822,0.641086186540732,0.6228433402346446,0.6319647633876884,0.6491697911087306,0.6326757874642062,0.5389755011135857,0.4610244988864143,0.45,0.5,6286.0,3388.0,2898.0,0.7063832148945653,0.21882884066514852,0.6269735220696954,0.22335297268344936,0.5560448360230643,0.4016815879109879,3388.0,2898.0,6286.0,0.8417246920192822,0.6326757874642062,4825.0,0.861139896373057,0.7826714801444044,4155.0,2643.0,0.8062807415815362,0.340215861098076,2131.0
0.45,0.15,0.0,0.45,0.5,0.55,0.6,0.65,False,7468.0,0.8441349758971612,0.6474226804123712,0.6283946373324166,0.6379086588723939,0.6491697911087306,0.6386421319796954,0.5385469543147208,0.4614530456852792,0.45,0.5,6304.0,3395.0,2909.0,0.7063832148945653,0.21882884066514852,0.6269735220696954,0.23406534547402252,0.5522995701714509,0.4238014261017103,3395.0,2909.0,6304.0,0.8441349758971612,0.6386421319796954,4825.0,0.8690155440414508,0.8139756737419509,4193.0,2643.0,0.7987135830495649,0.29038370440549505,2111.0
0.45,0.15,0.0,0.45,0.5,0.55,0.6,0.65,True,7468.0,0.8756025709694697,0.6406779661016949,0.6235411803934645,0.6321095732475797,0.6491697911087306,0.6328184737727481,0.5413671815262272,0.45863281847377274,0.45,0.5,6539.0,3540.0,2999.0,0.7063832148945653,0.21882884066514852,0.6269735220696954,0.2325923942153187,0.5670141871038814,0.41020559891688557,3540.0,2999.0,6539.0,0.8756025709694697,0.6328184737727481,4825.0,0.8945077720207254,0.790778498609824,4316.0,2643.0,0.8410896708286039,0.32613585245164195,2223.0
0.45,0.15,0.0,0.45,0.5,0.55,0.6,1.0,False,7468.0,0.8494911622924478,0.6461988304093568,0.6282489740082079,0.6372239022087823,0.6491697911087306,0.6379255989911727,0.5390920554854981,0.4609079445145019,0.45,0.5,6344.0,3420.0,2924.0,0.7063832148945653,0.21882884066514852,0.6269735220696954,0.2343331547937868,0.5545980560273633,0.4225279051144475,3420.0,2924.0,6344.0,0.8494911622924478,0.6379255989911727,4825.0,0.8733678756476684,0.8149027052681538,4214.0,2643.0,0.8059023836549376,0.28779342723004697,2130.0
0.45,0.15,0.0,0.45,0.5,0.55,0.6,1.0,True,7468.0,0.8809587573647563,0.6395511921458625,0.6234240212342402,0.6314876066900514,0.6491697911087306,0.6321629426964585,0.5418756649946801,0.45812433500531996,0.45,0.5,6579.0,3565.0,3014.0,0.7063832148945653,0.21882884066514852,0.6269735220696954,0.23286020353508305,0.5692532625421102,0.4090625717193098,3565.0,3014.0,6579.0,0.8809587573647563,0.6321629426964585,4825.0,0.898860103626943,0.7917915609868573,4337.0,2643.0,0.8482784714339765,0.32337198929527206,2242.0
0.45,0.15,0.0,0.45,0.5,0.55,1.0,0.55,False,7468.0,0.8528387787895019,0.6456027955736751,0.6293015332197615,0.6374521643967183,0.6491697911087306,0.6380907520803893,0.5391741246663526,0.46082587533364733,0.45,0.5,6369.0,3434.0,2935.0,0.7063832148945653,0.21882884066514852,0.6269735220696954,0.23553829673272622,0.5555629946535207,0.4239632570913416,3434.0,2935.0,6369.0,0.8528387787895019,0.6380907520803893,4825.0,0.8768911917098445,0.8156464192862207,4231.0,2643.0,0.8089292470677261,0.28671655753040226,2138.0
0.45,0.15,0.0,0.45,0.5,0.55,1.0,0.55,True,7468.0,0.8843063738618104,0.6390053087454596,0.6244628099173554,0.6317340593314075,0.6491697911087306,0.6323440339188371,0.5419442761962447,0.4580557238037553,0.45,0.5,6604.0,3579.0,3025.0,0.7063832148945653,0.21882884066514852,0.6269735220696954,0.23406534547402255,0.5701934006930403,0.41050167397505544,3579.0,3025.0,6604.0,0.8843063738618104,0.6323440339188371,4825.0,0.9023834196891192,0.792604501607717,4354.0,2643.0,0.8513053348467651,0.32222222222222224,2250.0
0.45,0.15,0.0,0.45,0.5,0.55,1.0,0.65,False,7468.0,0.887252276379218,0.644927536231884,0.6296905859117841,0.637309061071834,0.6491697911087306,0.6379414428010867,0.5415031693329309,0.45849683066706914,0.45,0.5,6626.0,3588.0,3038.0,0.7063832148945653,0.21882884066514852,0.6269735220696954,0.24477771826459568,0.5667779803920677,0.4318758433333474,3588.0,3038.0,6626.0,0.887252276379218,0.6379414428010867,4825.0,0.9106735751295337,0.8224852071005917,4394.0,2643.0,0.8444948921679909,0.2746415770609319,2232.0
0.45,0.15,0.0,0.45,0.5,0.55,1.0,0.65,True,7468.0,0.9187198714515266,0.6386284489686579,0.625,0.631814224484329,0.6491697911087306,0.6324150998396735,0.5440897828304911,0.4559102171695088,0.45,0.5,6861.0,3733.0,3128.0,0.7063832148945653,0.21882884066514852,0.6269735220696954,0.24330476700589174,0.5811261069878184,0.4186780873897168,3733.0,3128.0,6861.0,0.9187198714515266,0.6324150998396735,4825.0,0.9361658031088083,0.8000885543502324,4517.0,2643.0,0.8868709799470299,0.30930034129692835,2344.0
0.45,0.15,0.0,0.45,0.5,0.55,1.0,1.0,False,7468.0,0.8926084627745046,0.6437863271519513,0.6295447101211923,0.6366655186365717,0.6491697911087306,0.6372637263726373,0.542004200420042,0.457995799579958,0.45,0.5,6666.0,3613.0,3053.0,0.7063832148945653,0.21882884066514852,0.6269735220696954,0.24504552758435996,0.5690179853001769,0.4306463660460396,3613.0,3053.0,6666.0,0.8926084627745046,0.6372637263726373,4825.0,0.9150259067357513,0.8233295583238958,4415.0,2643.0,0.8516836927733636,0.27232341181697023,2251.0
0.45,0.15,0.0,0.45,0.5,0.55,1.0,1.0,True,7468.0,0.924076057846813,0.6375731772219265,0.624880687241489,0.6312269322317078,0.6491697911087306,0.6317924938414723,0.544558759600058,0.45544124039994205,0.45,0.5,6901.0,3758.0,3143.0,0.7063832148945653,0.21882884066514852,0.6269735220696954,0.24357257632565618,0.5833110154630876,0.4175689638439027,3758.0,3143.0,6901.0,0.924076057846813,0.6317924938414723,4825.0,0.9405181347150259,0.8010136624063464,4538.0,2643.0,0.8940597805524025,0.30681337283114685,2363.0
0.45,0.15,0.0,0.45,0.6,0.45,0.5,0.55,False,7468.0,0.6474290305302625,0.646875,0.6167032967032967,0.6317891483516483,0.6491697911087306,0.6326783867631851,0.5294725956566702,0.4705274043433299,0.45,0.6,4835.0,2560.0,2275.0,0.7063832148945653,0.21882884066514852,0.6269735220696954,0.1717996786288163,0.48766246108422484,0.3522921945782998,2560.0,2275.0,4835.0,0.6474290305302625,0.6326783867631851,4825.0,0.66860103626943,0.7290762554246745,3226.0,2643.0,0.6087779038970866,0.4394033561218148,1609.0
0.45,0.15,0.0,0.45,0.6,0.45,0.5,0.55,True,7468.0,0.6827798607391538,0.6378993756885788,0.6098484848484849,0.6238739302685319,0.6491697911087306,0.6248283977250442,0.5340262796626789,0.46597372033732104,0.45,0.6,5099.0,2723.0,2376.0,0.7063832148945653,0.21882884066514852,0.6269735220696954,0.1704606320299947,0.5061221338319235,0.3367974262247982,2723.0,2376.0,5099.0,0.6827798607391538,0.6248283977250442,4825.0,0.6969948186528497,0.6993755575379126,3363.0,2643.0,0.656829360575104,0.4804147465437788,1736.0
0.45,0.15,0.0,0.45,0.6,0.45,0.5,0.65,False,7468.0,0.6799678628816282,0.64562569213732,0.6179822710004221,0.6318039815688711,0.6491697911087306,0.6327294210319023,0.5334777471445451,0.4665222528554549,0.45,0.6,5078.0,2709.0,2369.0,0.7063832148945653,0.21882884066514852,0.6269735220696954,0.18050348152115694,0.4997321189199626,0.3612004805920159,2709.0,2369.0,5078.0,0.6799678628816282,0.6327294210319023,4825.0,0.7005181347150259,0.7414201183431952,3380.0,2643.0,0.6424517593643587,0.4163722025912839,1698.0
0.45,0.15,0.0,0.45,0.6,0.45,0.5,0.65,True,7468.0,0.7153186930905195,0.6371866295264624,0.611336032388664,0.6242613309575632,0.6491697911087306,0.6252339947585174,0.5376263571695994,0.4623736428304006,0.45,0.6,5342.0,2872.0,2470.0,0.7063832148945653,0.21882884066514852,0.6269735220696954,0.17916443492233525,0.5177616527747996,0.3460365091971437,2872.0,2470.0,5342.0,0.7153186930905195,0.6252339947585174,4825.0,0.7289119170984456,0.7125390958203014,3517.0,2643.0,0.6905032160423761,0.456986301369863,1825.0
0.45,0.15,0.0,0.45,0.6,0.45,0.5,1.0,False,7468.0,0.6853240492769148,0.6441111923920995,0.6178691275167785,0.630990159954439,0.6491697911087306,0.6318874560375146,0.5341930441578742,0.46580695584212584,0.45,0.6,5118.0,2734.0,2384.0,0.7063832148945653,0.21882884066514852,0.6269735220696954,0.1807712908409212,0.5022712207741916,0.35990772189233466,2734.0,2384.0,5118.0,0.6853240492769148,0.6318874560375146,4825.0,0.7048704663212435,0.7430167597765364,3401.0,2643.0,0.6496405599697314,0.4117647058823529,1717.0
0.45,0.15,0.0,0.45,0.6,0.45,0.5,1.0,True,7468.0,0.7206748794858061,0.6358301691404902,0.6112676056338028,0.6235488873871464,0.6491697911087306,0.6244890375325158,0.5382757339279078,0.46172426607209216,0.45,0.6,5382.0,2897.0,2485.0,0.7063832148945653,0.21882884066514852,0.6269735220696954,0.1794322442420997,0.5202127618790731,0.34492088120631287,2897.0,2485.0,5382.0,0.7206748794858061,0.6244890375325158,4825.0,0.7332642487046632,0.7142453363482193,3538.0,2643.0,0.6976920166477488,0.4522776572668113,1844.0
0.45,0.15,0.0,0.45,0.6,0.45,0.55,0.55,False,7468.0,0.7574986609534011,0.645,0.624764772299586,0.634882386149793,0.6491697911087306,0.6354958458546933,0.530316422131872,0.469683577868128,0.45,0.6,5657.0,3000.0,2657.0,0.7063832148945653,0.21882884066514852,0.6269735220696954,0.20527584359935727,0.5254630421609325,0.3906570531681424,3000.0,2657.0,5657.0,0.7574986609534011,0.6354958458546933,4825.0,0.7796891191709845,0.7676767676767676,3762.0,2643.0,0.7169882709042754,0.37308707124010554,1895.0
0.45,0.15,0.0,0.45,0.6,0.45,0.55,0.55,True,7468.0,0.7928494911622924,0.6373695858362314,0.6185641769398115,0.6279668813880215,0.6491697911087306,0.6286100320891741,0.5342003040027022,0.46579969599729776,0.45,0.6,5921.0,3163.0,2758.0,0.7063832148945653,0.21882884066514852,0.6269735220696954,0.20393679700053557,0.5426383206896453,0.3758245395226602,3163.0,2758.0,5921.0,0.7928494911622924,0.6286100320891741,4825.0,0.8080829015544041,0.7407027442934085,3899.0,2643.0,0.7650397275822929,0.4124629080118694,2022.0
0.45,0.15,0.0,0.45,0.6,0.45,0.55,0.65,False,7468.0,0.7912426352437065,0.6442399238337035,0.6254532269760696,0.6348465754048866,0.6491697911087306,0.6354713149433068,0.5332543577593502,0.46674564224064985,0.45,0.6,5909.0,3151.0,2758.0,0.7063832148945653,0.21882884066514852,0.6269735220696954,0.21438136047134435,0.5370573874235239,0.3991777517479394,3151.0,2758.0,5909.0,0.7912426352437065,0.6354713149433068,4825.0,0.8128497409326425,0.7771545130035696,3922.0,2643.0,0.7517972001513432,0.35581278309008557,1987.0
0.45,0.15,0.0,0.45,0.6,0.45,0.55,0.65,True,7468.0,0.8265934654525977,0.6369945684972842,0.6194473592165093,0.6282209638568967,0.6491697911087306,0.6288676494411145,0.5368540417949134,0.4631459582050867,0.45,0.6,6173.0,3314.0,2859.0,0.7063832148945653,0.21882884066514852,0.6269735220696954,0.2130423138725227,0.5538732488485407,0.3846409161580218,3314.0,2859.0,6173.0,0.8265934654525977,0.6288676494411145,4825.0,0.8412435233160622,0.7509238728750924,4059.0,2643.0,0.7998486568293606,0.3945127719962157,2114.0
0.45,0.15,0.0,0.45,0.6,0.45,0.55,1.0,False,7468.0,0.796598821638993,0.6429471032745592,0.6253155427335017,0.6341313230040304,0.6491697911087306,0.6347285258026559,0.5338712388636746,0.46612876113632545,0.45,0.6,5949.0,3176.0,2773.0,0.7063832148945653,0.21882884066514852,0.6269735220696954,0.21464916979110876,0.5394208245182439,0.397925256190863,3176.0,2773.0,5949.0,0.796598821638993,0.6347285258026559,4825.0,0.8172020725388601,0.7783413644433173,3943.0,2643.0,0.7589860007567159,0.3524426719840479,2006.0
0.45,0.15,0.0,0.45,0.6,0.45,0.55,1.0,True,7468.0,0.8319496518478843,0.6358191075172207,0.6193458594293667,0.6275824834732937,0.6491697911087306,0.6281989377112506,0.5374215354901014,0.4625784645098986,0.45,0.6,6213.0,3339.0,2874.0,0.7063832148945653,0.21882884066514852,0.6269735220696954,0.21331012319228704,0.5561652311389113,0.3835373217334569,3339.0,2874.0,6213.0,0.8319496518478843,0.6281989377112506,4825.0,0.8455958549222798,0.7522058823529412,4080.0,2643.0,0.8070374574347332,0.3909985935302391,2133.0
0.45,0.15,0.0,0.45,0.6,0.45,0.6,0.55,False,7468.0,0.8354311730048206,0.6433063791554358,0.6244827586206897,0.6338945688880627,0.6491697911087306,0.6345568200032057,0.5351819201795159,0.46481807982048406,0.45,0.6,6239.0,3339.0,2900.0,0.7063832148945653,0.21882884066514852,0.6269735220696954,0.22482592394215326,0.5525419663078395,0.40689384273283463,3339.0,2900.0,6239.0,0.8354311730048206,0.6345568200032057,4825.0,0.8551295336787564,0.7881725642268541,4126.0,2643.0,0.799470298902762,0.33459536204448653,2113.0
0.45,0.15,0.0,0.45,0.6,0.45,0.6,0.55,True,7468.0,0.8707820032137118,0.636493432324386,0.6187937354215262,0.6276435838729562,0.6491697911087306,0.6283253882823312,0.5385206827618022,0.46147931723819774,0.45,0.6,6503.0,3502.0,3001.0,0.7063832148945653,0.21882884066514852,0.6269735220696954,0.22348687734333147,0.5689003101908015,0.3928401397221545,3502.0,3001.0,6503.0,0.8707820032137118,0.6283253882823312,4825.0,0.8835233160621762,0.7628430682617875,4263.0,2643.0,0.8475217555807795,0.3723214285714286,2240.0
0.45,0.15,0.0,0.45,0.6,0.45,0.6,0.65,False,7468.0,0.8693090519550081,0.6427957605270697,0.6251249583472176,0.6339603594371437,0.6491697911087306,0.6346272335181762,0.5377387553912508,0.46226124460874923,0.45,0.6,6492.0,3491.0,3001.0,0.7063832148945653,0.21882884066514852,0.6269735220696954,0.23406534547402244,0.5635795003728337,0.4153191259071302,3491.0,3001.0,6492.0,0.8693090519550081,0.6346272335181762,4825.0,0.8884974093264248,0.7961278283181712,4287.0,2643.0,0.8342792281498297,0.32063492063492066,2205.0
0.45,0.15,0.0,0.45,0.6,0.45,0.6,0.65,True,7468.0,0.9046598821638993,0.6362889983579638,0.6196002578981302,0.627944628128047,0.6491697911087306,0.6286264061574897,0.5408525754884547,0.4591474245115453,0.45,0.6,6756.0,3654.0,3102.0,0.7063832148945653,0.21882884066514852,0.6269735220696954,0.23272629887520088,0.5796264242116203,0.4015108510481452,3654.0,3102.0,6756.0,0.9046598821638993,0.6286264061574897,4825.0,0.9168911917098446,0.7714737793851718,4424.0,2643.0,0.8823306848278472,0.35763293310463123,2332.0
0.45,0.15,0.0,0.45,0.6,0.45,0.6,1.0,False,7468.0,0.8746652383502946,0.6416382252559727,0.625,0.6333191126279863,0.6491697911087306,0.633955909369259,0.5382731169626455,0.46172688303735454,0.45,0.6,6532.0,3516.0,3016.0,0.7063832148945653,0.21882884066514852,0.6269735220696954,0.23433315479378686,0.565832167500447,0.4141389766314439,3516.0,3016.0,6532.0,0.8746652383502946,0.633955909369259,4825.0,0.8928497409326425,0.797121634168988,4308.0,2643.0,0.8414680287552024,0.31789568345323743,2224.0
0.45,0.15,0.0,0.45,0.6,0.45,0.6,1.0,True,7468.0,0.9100160685591858,0.635226963848872,0.6195059351940969,0.6273664495214845,0.6491697911087306,0.6280164802825191,0.5413478516774574,0.4586521483225427,0.45,0.6,6796.0,3679.0,3117.0,0.7063832148945653,0.21882884066514852,0.6269735220696954,0.23299410819496513,0.5818169645018185,0.4004594613264098,3679.0,3117.0,6796.0,0.9100160685591858,0.6280164802825191,4825.0,0.9212435233160622,0.7725534308211474,4445.0,2643.0,0.8895194854332198,0.3547426626967248,2351.0
0.45,0.15,0.0,0.45,0.6,0.45,1.0,0.55,False,7468.0,0.8780128548473487,0.6410764872521246,0.6260323752890651,0.6335544312705949,0.6491697911087306,0.6341314625590971,0.5383559554674394,0.46164404453256064,0.45,0.6,6557.0,3530.0,3027.0,0.7063832148945653,0.21882884066514852,0.6269735220696954,0.23553829673272628,0.5667779803920678,0.4155741840390359,3530.0,3027.0,6557.0,0.8780128548473487,0.6341314625590971,4825.0,0.8963730569948186,0.7979190751445087,4325.0,2643.0,0.8444948921679909,0.31675627240143367,2232.0
0.45,0.15,0.0,0.45,0.6,0.45,1.0,0.55,True,7468.0,0.91336368505624,0.6347143243975089,0.6205242966751918,0.6276193105363503,0.6491697911087306,0.6282070077701217,0.5414162146312858,0.45858378536871425,0.45,0.6,6821.0,3693.0,3128.0,0.7063832148945653,0.21882884066514852,0.6269735220696954,0.23419925013390475,0.5827368337947822,0.40189539523149626,3693.0,3128.0,6821.0,0.91336368505624,0.6282070077701217,4825.0,0.9247668393782383,0.7734199910354101,4462.0,2643.0,0.8925463488460084,0.3535396354387452,2359.0
0.45,0.15,0.0,0.45,0.6,0.45,1.0,0.65,False,7468.0,0.9124263524370648,0.6406080347448425,0.626517571884984,0.6335628033149132,0.6491697911087306,0.6341356031699442,0.540651599647784,0.459348400352216,0.45,0.6,6814.0,3684.0,3130.0,0.7063832148945653,0.21882884066514852,0.6269735220696954,0.24477771826459557,0.5777753171313522,0.42365554741921846,3684.0,3130.0,6814.0,0.9124263524370648,0.6341356031699442,4825.0,0.9301554404145078,0.8052584670231729,4488.0,2643.0,0.8800605372682557,0.3039552880481513,2326.0
0.45,0.15,0.0,0.45,0.6,0.45,1.0,0.65,True,7468.0,0.9477771826459561,0.6345204055107876,0.6211699164345403,0.627845160972664,0.6491697911087306,0.6284261090703589,0.5435151172647641,0.45648488273523596,0.45,0.6,7078.0,3847.0,3231.0,0.7063832148945653,0.21882884066514852,0.6269735220696954,0.24343867166577404,0.5934385018602105,0.41021718493606957,3847.0,3231.0,7078.0,0.9477771826459561,0.6284261090703589,4825.0,0.9585492227979274,0.7814054054054054,4625.0,2643.0,0.9281119939462732,0.3399918467183041,2453.0
0.45,0.15,0.0,0.45,0.6,0.45,1.0,1.0,False,7468.0,0.9177825388323514,0.6395254785656511,0.6263910969793323,0.6329582877724917,0.6491697911087306,0.6334986868981617,0.5411438576014006,0.45885614239859934,0.45,0.6,6854.0,3709.0,3145.0,0.7063832148945653,0.21882884066514852,0.6269735220696954,0.24504552758436,0.579972849040363,0.42251206757319454,3709.0,3145.0,6854.0,0.9177825388323514,0.6334986868981617,4825.0,0.9345077720207254,0.8061654468840097,4509.0,2643.0,0.8872493378736285,0.30149253731343284,2345.0
0.45,0.15,0.0,0.45,0.6,0.45,1.0,1.0,True,7468.0,0.9531333690412427,0.6335227272727273,0.6210720887245841,0.6272974079986557,0.6491697911087306,0.62784490025288,0.5439730261309357,0.4560269738690643,0.45,0.6,7118.0,3872.0,3246.0,0.7063832148945653,0.21882884066514852,0.6269735220696954,0.24370648098553824,0.5955782434137871,0.4091930551200801,3872.0,3246.0,7118.0,0.9531333690412427,0.62784490025288,4825.0,0.962901554404145,0.782393456736978,4646.0,2643.0,0.9353007945516458,0.33737864077669905,2472.0
0.45,0.15,0.0,0.45,0.6,0.55,0.5,0.55,False,7468.0,0.557980717728977,0.6801075268817204,0.6392764857881137,0.659692006334917,0.6491697911087306,0.6611471082313415,0.5356371490280778,0.46436285097192226,0.45,0.6,4167.0,2232.0,1935.0,0.7063832148945653,0.21882884066514852,0.6269735220696954,0.1798339582217461,0.43482568893019125,0.4135771248110813,2232.0,1935.0,4167.0,0.557980717728977,0.6611471082313415,4825.0,0.5931606217616581,0.8218029350104822,2862.0,2643.0,0.49375709421112374,0.3088122605363985,1305.0
0.45,0.15,0.0,0.45,0.6,0.55,0.5,0.55,True,7468.0,0.584895554365292,0.668936170212766,0.6313181367690783,0.6501271534909221,0.6491697911087306,0.6515567765567766,0.538003663003663,0.461996336996337,0.45,0.6,4368.0,2350.0,2018.0,0.7063832148945653,0.21882884066514852,0.6269735220696954,0.17728976968398502,0.4514453370460852,0.3927159173778034,2350.0,2018.0,4368.0,0.584895554365292,0.6515567765567766,4825.0,0.6159585492227979,0.7913862718707941,2972.0,2643.0,0.5281876655315929,0.3538681948424069,1396.0
0.45,0.15,0.0,0.45,0.6,0.55,0.5,0.65,False,7468.0,0.5905195500803428,0.6766064678706426,0.6397240019714144,0.6581652349210285,0.6491697911087306,0.6596371882086168,0.5399092970521542,0.4600907029478458,0.45,0.6,4410.0,2381.0,2029.0,0.7063832148945653,0.21882884066514852,0.6269735220696954,0.18853776111408685,0.4483200803924892,0.4205427536259994,2381.0,2029.0,4410.0,0.5905195500803428,0.6596371882086168,4825.0,0.6250777202072539,0.8309018567639257,3016.0,2643.0,0.5274309496783958,0.2890961262553802,1394.0
0.45,0.15,0.0,0.45,0.6,0.55,0.5,0.65,True,7468.0,0.6174343867166577,0.6662665066026411,0.6321022727272727,0.649184389664957,0.6491697911087306,0.6506180871828237,0.5419648666232921,0.45803513337670787,0.45,0.6,4611.0,2499.0,2112.0,0.7063832148945653,0.21882884066514852,0.6269735220696954,0.18599357257632562,0.464457110043722,0.4004537094045497,2499.0,2112.0,4611.0,0.6174343867166577,0.6506180871828237,4825.0,0.6478756476683938,0.8016634676903391,3126.0,2643.0,0.5618615209988649,0.33265993265993266,1485.0
0.45,0.15,0.0,0.45,0.6,0.55,0.5,1.0,False,7468.0,0.5958757364756293,0.6745635910224439,0.6394324853228963,0.6569980381726701,0.6491697911087306,0.6584269662921348,0.5406741573033708,0.45932584269662924,0.45,0.6,4450.0,2406.0,2044.0,0.7063832148945653,0.21882884066514852,0.6269735220696954,0.18880557043385107,0.4511486263094338,0.4184997125633563,2406.0,2044.0,4450.0,0.5958757364756293,0.6584269662921348,4825.0,0.6294300518134714,0.832071122818571,3037.0,2643.0,0.5346197502837684,0.28520877565463554,1413.0
0.45,0.15,0.0,0.45,0.6,0.55,0.5,1.0,True,7468.0,0.6227905731119443,0.6644215530903328,0.6318758815232722,0.6481487173068026,0.6491697911087306,0.6495377338206837,0.5426789937647818,0.4573210062352182,0.45,0.6,4651.0,2524.0,2127.0,0.7063832148945653,0.21882884066514852,0.6269735220696954,0.18626138189608996,0.46718796603500734,0.3986861722421442,2524.0,2127.0,4651.0,0.6227905731119443,0.6495377338206837,4825.0,0.6522279792746114,0.8029869717190976,3147.0,2643.0,0.5690503216042376,0.32845744680851063,1504.0
0.45,0.15,0.0,0.45,0.6,0.55,0.55,0.55,False,7468.0,0.6680503481521157,0.6725299401197605,0.6447993094518775,0.658664624785819,0.6491697911087306,0.6596512327119664,0.5355782721988375,0.46442172780116253,0.45,0.6,4989.0,2672.0,2317.0,0.7063832148945653,0.21882884066514852,0.6269735220696954,0.21331012319228715,0.476833422150665,0.4473472564699703,2672.0,2317.0,4989.0,0.6680503481521157,0.6596512327119664,4825.0,0.7042487046632124,0.849911712772219,3398.0,2643.0,0.6019674612183126,0.2532998114393463,1591.0
0.45,0.15,0.0,0.45,0.6,0.55,0.55,0.55,True,7468.0,0.6949651847884306,0.6634408602150538,0.6379166666666667,0.6506787634408602,0.6491697911087306,0.6516377649325626,0.5375722543352601,0.4624277456647399,0.45,0.6,5190.0,2790.0,2400.0,0.7063832148945653,0.21882884066514852,0.6269735220696954,0.210765934654526,0.4920362030043646,0.42835452628809184,2790.0,2400.0,5190.0,0.6949651847884306,0.6516377649325626,4825.0,0.7270466321243523,0.8232611174458381,3508.0,2643.0,0.6363980325387817,0.29369797859690844,1682.0
0.45,0.15,0.0,0.45,0.6,0.55,0.55,0.65,False,7468.0,0.701794322442421,0.6702089975203684,0.6447477253928867,0.6574783614566275,0.6491697911087306,0.6584621255485594,0.5386376645678306,0.4613623354321694,0.45,0.6,5241.0,2823.0,2418.0,0.7063832148945653,0.21882884066514852,0.6269735220696954,0.22241564006427422,0.4895807810658762,0.4542981437711845,2823.0,2418.0,5241.0,0.701794322442421,0.6584621255485594,4825.0,0.7374093264248704,0.8566610455311973,3558.0,2643.0,0.6367763904653803,0.23945335710041593,1683.0
0.45,0.15,0.0,0.45,0.6,0.55,0.55,0.65,True,7468.0,0.7287091590787359,0.661679700782047,0.6381447421031587,0.6499122214426029,0.6491697911087306,0.6508636530687247,0.5404263138552003,0.4595736861447997,0.45,0.6,5442.0,2941.0,2501.0,0.7063832148945653,0.21882884066514852,0.6269735220696954,0.2198714515265131,0.504399498191772,0.43590735580573137,2941.0,2501.0,5442.0,0.7287091590787359,0.6508636530687247,4825.0,0.7602072538860104,0.8309705561613958,3668.0,2643.0,0.6712069617858494,0.27846674182638104,1774.0
0.45,0.15,0.0,0.45,0.6,0.55,0.55,1.0,False,7468.0,0.7071505088377076,0.6685393258426966,0.644471845458282,0.6565055856504893,0.6491697911087306,0.6574512402953986,0.5392918007953039,0.4607081992046961,0.45,0.6,5281.0,2848.0,2433.0,0.7063832148945653,0.21882884066514852,0.6269735220696954,0.22268344938403856,0.49217225615310184,0.45245022774052424,2848.0,2433.0,5281.0,0.7071505088377076,0.6574512402953986,4825.0,0.7417616580310881,0.8575020955574183,3579.0,2643.0,0.6439651910707529,0.23678025851938894,1702.0
0.45,0.15,0.0,0.45,0.6,0.55,0.55,1.0,True,7468.0,0.7340653454740225,0.6601483479433581,0.6379173290937997,0.6490328385185788,0.6491697911087306,0.6499452754469172,0.5410434148121124,0.4589565851878876,0.45,0.6,5482.0,2966.0,2516.0,0.7063832148945653,0.21882884066514852,0.6269735220696954,0.2201392608462774,0.50691522201831,0.43427234236482626,2966.0,2516.0,5482.0,0.7340653454740225,0.6499452754469172,4825.0,0.764559585492228,0.8319327731092437,3689.0,2643.0,0.6783957623912221,0.275515895147797,1793.0
0.45,0.15,0.0,0.45,0.6,0.55,0.6,0.55,False,7468.0,0.7459828602035351,0.6675523082032547,0.642578125,0.6550652166016273,0.6491697911087306,0.6560761084185963,0.5404774726260995,0.45952252737390054,0.45,0.6,5571.0,3011.0,2560.0,0.7063832148945653,0.21882884066514852,0.6269735220696954,0.23286020353508305,0.5065188331486067,0.45972664449135026,3011.0,2560.0,5571.0,0.7459828602035351,0.6560761084185963,4825.0,0.7796891191709845,0.8644338118022329,3762.0,2643.0,0.684449489216799,0.22277501381978995,1809.0
0.45,0.15,0.0,0.45,0.6,0.55,0.6,0.55,True,7468.0,0.77289769683985,0.6596356663470757,0.6363980325387817,0.6480168494429287,0.6491697911087306,0.648995148995149,0.5420997920997921,0.4579002079002079,0.45,0.6,5772.0,3129.0,2643.0,0.7063832148945653,0.21882884066514852,0.6269735220696954,0.23031601499732188,0.5208558734633449,0.4421876122196216,3129.0,2643.0,5772.0,0.77289769683985,0.648995148995149,4825.0,0.8024870466321243,0.8398760330578512,3872.0,2643.0,0.7188800605372683,0.26,1900.0
0.45,0.15,0.0,0.45,0.6,0.55,0.6,0.65,False,7468.0,0.7798607391537226,0.6658235852039204,0.6426155580608793,0.6542195716323999,0.6491697911087306,0.6552197802197802,0.5430975274725275,0.4569024725274725,0.45,0.6,5824.0,3163.0,2661.0,0.7063832148945653,0.21882884066514852,0.6269735220696954,0.24209962506695235,0.518536938938187,0.4668898334662561,3163.0,2661.0,5824.0,0.7798607391537226,0.6552197802197802,4825.0,0.8130569948186529,0.8699974509304104,3923.0,2643.0,0.7192584184638668,0.21199368753287742,1901.0
0.45,0.15,0.0,0.45,0.6,0.55,0.6,0.65,True,7468.0,0.8067755757900374,0.6583358732093874,0.6366618075801749,0.6474988403947811,0.6491697911087306,0.6484647302904565,0.5445643153526971,0.4554356846473029,0.45,0.6,6025.0,3281.0,2744.0,0.7063832148945653,0.21882884066514852,0.6269735220696954,0.23955543652919128,0.5325505324665661,0.44982667732893633,3281.0,2744.0,6025.0,0.8067755757900374,0.6484647302904565,4825.0,0.8358549222797927,0.8462682866352591,4033.0,2643.0,0.753688989784336,0.24799196787148595,1992.0
0.45,0.15,0.0,0.45,0.6,0.55,0.6,1.0,False,7468.0,0.7852169255490091,0.664366373902133,0.6423766816143498,0.6533715277582415,0.6491697911087306,0.654331514324693,0.543656207366985,0.456343792633015,0.45,0.6,5864.0,3188.0,2676.0,0.7063832148945653,0.21882884066514852,0.6269735220696954,0.24236743438671668,0.520984400516125,0.46521054017473434,3188.0,2676.0,5864.0,0.7852169255490091,0.654331514324693,4825.0,0.8174093264248705,0.8706896551724138,3944.0,2643.0,0.7264472190692395,0.20989583333333334,1920.0
0.45,0.15,0.0,0.45,0.6,0.55,0.6,1.0,True,7468.0,0.812131762185324,0.6569872958257713,0.6364624864081189,0.6467248911169451,0.6491697911087306,0.6476504534212696,0.5450948062654576,0.45490519373454247,0.45,0.6,6065.0,3306.0,2759.0,0.7063832148945653,0.21882884066514852,0.6269735220696954,0.23982324584895556,0.5349338820528984,0.44832315524414657,3306.0,2759.0,6065.0,0.812131762185324,0.6476504534212696,4825.0,0.8402072538860104,0.8470646275283671,4054.0,2643.0,0.7608777903897087,0.24564893088015913,2011.0
0.45,0.15,0.0,0.45,0.6,0.55,1.0,0.55,False,7468.0,0.7885645420460632,0.6636477201748907,0.643468552288798,0.6535581362318443,0.6491697911087306,0.6544404822550518,0.543725590083206,0.456274409916794,0.45,0.6,5889.0,3202.0,2687.0,0.7063832148945653,0.21882884066514852,0.6269735220696954,0.24357257632565615,0.5220114777092584,0.4666038712300447,3202.0,2687.0,5889.0,0.7885645420460632,0.6544404822550518,4825.0,0.8209326424870467,0.871244635193133,3961.0,2643.0,0.729474082482028,0.20902489626556017,1928.0
0.45,0.15,0.0,0.45,0.6,0.55,1.0,0.55,True,7468.0,0.8154793786823782,0.6563253012048192,0.6375451263537906,0.646935213779305,0.6491697911087306,0.6477832512315271,0.5451559934318555,0.4548440065681445,0.45,0.6,6090.0,3320.0,2770.0,0.7063832148945653,0.21882884066514852,0.6269735220696954,0.2410283877878951,0.5359342267920958,0.4497350154898707,3320.0,2770.0,6090.0,0.8154793786823782,0.6477832512315271,4825.0,0.8437305699481865,0.8477032670105625,4071.0,2643.0,0.7639046538024972,0.2446755819712729,2019.0
0.45,0.15,0.0,0.45,0.6,0.55,1.0,0.65,False,7468.0,0.8229780396357793,0.6620977353992848,0.6433691756272402,0.6527334555132625,0.6491697911087306,0.6535958346892288,0.5460462089163683,0.45395379108363165,0.45,0.6,6146.0,3356.0,2790.0,0.7063832148945653,0.21882884066514852,0.6269735220696954,0.25281199785752545,0.5339316631265906,0.4734913010723358,3356.0,2790.0,6146.0,0.8229780396357793,0.6535958346892288,4825.0,0.8547150259067358,0.876333656644035,4124.0,2643.0,0.7650397275822929,0.19930761622156282,2022.0
0.45,0.15,0.0,0.45,0.6,0.55,1.0,0.65,True,7468.0,0.8498928762720943,0.6551525618883132,0.6376609815523843,0.6464067717203488,0.6491697911087306,0.6472349141326611,0.5473452024578541,0.4526547975421459,0.45,0.6,6347.0,3474.0,2873.0,0.7063832148945653,0.21882884066514852,0.6269735220696954,0.25026780931976433,0.5475513980222907,0.4570672456023498,3474.0,2873.0,6347.0,0.8498928762720943,0.6472349141326611,4825.0,0.8775129533678756,0.8535663675011809,4234.0,2643.0,0.799470298902762,0.23379081874112637,2113.0
0.45,0.15,0.0,0.45,0.6,0.55,1.0,1.0,False,7468.0,0.8283342260310659,0.660751257024549,0.6431372549019608,0.6519442559632549,0.6491697911087306,0.6527643064985451,0.546556741028128,0.453443258971872,0.45,0.6,6186.0,3381.0,2805.0,0.7063832148945653,0.21882884066514852,0.6269735220696954,0.2530798071772898,0.536308875021557,0.4718918872396382,3381.0,2805.0,6186.0,0.8283342260310659,0.6527643064985451,4825.0,0.8590673575129534,0.8769601930036188,4145.0,2643.0,0.7722285281876655,0.19745222929936307,2041.0
0.45,0.15,0.0,0.45,0.6,0.55,1.0,1.0,True,7468.0,0.8552490626673809,0.6539011146041727,0.6374653739612188,0.6456832442826957,0.6491697911087306,0.6464693909503679,0.547831532801002,0.45216846719899795,0.45,0.6,6387.0,3499.0,2888.0,0.7063832148945653,0.21882884066514852,0.6269735220696954,0.25053561863952867,0.5498697318583067,0.45562722245655085,3499.0,2888.0,6387.0,0.8552490626673809,0.6464693909503679,4825.0,0.8818652849740932,0.854289071680376,4255.0,2643.0,0.8066590995081347,0.23170731707317074,2132.0
0.45,0.2,0.0,0.0,0.5,0.45,0.5,0.55,False,7468.0,0.7558918050348152,0.6008230452674898,0.5760351777207768,0.5884291114941334,0.6491697911087306,0.5888396811337466,0.516563330380868,0.48343666961913195,0.45,0.5,5645.0,2916.0,2729.0,0.7063832148945653,0.21882884066514852,0.6269735220696954,0.13430637386181032,0.5574878613804093,0.24091353940738913,2916.0,2729.0,5645.0,0.7558918050348152,0.5888396811337466,4825.0,0.7699481865284974,0.588963660834455,3715.0,2643.0,0.7302307983352251,0.5886010362694301,1930.0
0.45,0.2,0.0,0.0,0.5,0.45,0.5,0.55,True,7468.0,0.7919121585431173,0.5953926022063595,0.571680790960452,0.5835366965834057,0.6491697911087306,0.5840378762259046,0.521136286777139,0.47886371322286103,0.45,0.5,5914.0,3082.0,2832.0,0.7063832148945653,0.21882884066514852,0.6269735220696954,0.1331012319228709,0.5739385536014489,0.23190850499180493,3082.0,2832.0,5914.0,0.7919121585431173,0.5840378762259046,4825.0,0.7987564766839378,0.5677218474312403,3854.0,2643.0,0.7794173287930383,0.6145631067961165,2060.0
0.45,0.2,0.0,0.0,0.5,0.45,0.5,0.65,False,7468.0,0.7877611140867702,0.6018276762402088,0.5778644909542391,0.5898460835972239,0.6491697911087306,0.5903450620431753,0.5208227095019548,0.4791772904980452,0.45,0.5,5883.0,3064.0,2819.0,0.7063832148945653,0.21882884066514852,0.6269735220696954,0.14234065345474026,0.568075901896934,0.2505662588035025,3064.0,2819.0,5883.0,0.7877611140867702,0.5903450620431753,4825.0,0.8008290155440414,0.6048136645962733,3864.0,2643.0,0.7639046538024972,0.5626547795938583,2019.0
0.45,0.2,0.0,0.0,0.5,0.45,0.5,0.65,True,7468.0,0.8237814675950723,0.596594427244582,0.5735797399041752,0.5850870835743787,0.6491697911087306,0.5856631989596879,0.5250325097529259,0.47496749024707413,0.45,0.5,6152.0,3230.0,2922.0,0.7063832148945653,0.21882884066514852,0.6269735220696954,0.1411355115158007,0.5842285323737928,0.24157586234679373,3230.0,2922.0,6152.0,0.8237814675950723,0.5856631989596879,4825.0,0.8296373056994819,0.5838121408943292,4003.0,2643.0,0.8130911842603102,0.5891112145183807,2149.0
0.45,0.2,0.0,0.0,0.5,0.45,0.5,1.0,False,7468.0,0.7931173004820568,0.6008416963418582,0.5779816513761468,0.5894116738590025,0.6491697911087306,0.5899037649839608,0.5215262535877089,0.47847374641229107,0.45,0.5,5923.0,3089.0,2834.0,0.7063832148945653,0.21882884066514852,0.6269735220696954,0.1426084627745045,0.5703108089925845,0.25005393642532,3089.0,2834.0,5923.0,0.7931173004820568,0.5899037649839608,4825.0,0.805181347150259,0.6069498069498069,3885.0,2643.0,0.7710934544078698,0.5574092247301276,2038.0
0.45,0.2,0.0,0.0,0.5,0.45,0.5,1.0,True,7468.0,0.8291376539903589,0.5956989247311828,0.5737146748382703,0.5847067997847266,0.6491697911087306,0.5852713178294574,0.5256782945736435,0.4743217054263566,0.45,0.5,6192.0,3255.0,2937.0,0.7063832148945653,0.21882884066514852,0.6269735220696954,0.14140332083556514,0.5864018814579272,0.24113722228176457,3255.0,2937.0,6192.0,0.8291376539903589,0.5852713178294574,4825.0,0.8339896373056995,0.5859840954274353,4024.0,2643.0,0.820279984865683,0.5839483394833949,2168.0
0.45,0.2,0.0,0.0,0.5,0.45,0.55,0.55,False,7468.0,0.8093197643277986,0.6082244182339815,0.5847953216374269,0.5965098699357042,0.6491697911087306,0.5969556585043018,0.5190271343481139,0.4809728656518862,0.45,0.5,6044.0,3137.0,2907.0,0.7063832148945653,0.21882884066514852,0.6269735220696954,0.15693626138189606,0.5711319912883109,0.2747810729843597,3137.0,2907.0,6044.0,0.8093197643277986,0.5969556585043018,4825.0,0.8288082901554404,0.6181545386346586,3999.0,2643.0,0.7737419598940598,0.5555012224938876,2045.0
0.45,0.2,0.0,0.0,0.5,0.45,0.55,0.55,True,7468.0,0.8453401178361007,0.6027853466545564,0.5803986710963455,0.5915920088754509,0.6491697911087306,0.5921115159195312,0.5232060826865199,0.47679391731348014,0.45,0.5,6313.0,3303.0,3010.0,0.7063832148945653,0.21882884066514852,0.6269735220696954,0.15573111944295667,0.5872005613047148,0.2652094185620907,3303.0,3010.0,6313.0,0.8453401178361007,0.5921115159195312,4825.0,0.8576165803108808,0.597390043499275,4138.0,2643.0,0.8229284903518729,0.5820689655172414,2175.0
0.45,0.2,0.0,0.0,0.5,0.45,0.55,0.65,False,7468.0,0.8413229780396357,0.60882800608828,0.5863909272848565,0.5976094666865683,0.6491697911087306,0.5981219162820309,0.5228394079261499,0.4771605920738501,0.45,0.5,6283.0,3285.0,2998.0,0.7063832148945653,0.21882884066514852,0.6269735220696954,0.16510444563470816,0.5814716383474466,0.2839423881514464,3285.0,2998.0,6283.0,0.8413229780396357,0.5981219162820309,4825.0,0.8598963730569948,0.6319595083152567,4149.0,2643.0,0.8074158153613318,0.5323336457357076,2134.0
0.45,0.2,0.0,0.0,0.5,0.45,0.55,0.65,True,7468.0,0.8773433315479379,0.6035931614024921,0.582070299903257,0.5928317306528745,0.6491697911087306,0.5934065934065934,0.5267094017094017,0.4732905982905983,0.45,0.5,6552.0,3451.0,3101.0,0.7063832148945653,0.21882884066514852,0.6269735220696954,0.1638993036957686,0.5972620981831047,0.2744177207868319,3451.0,3101.0,6552.0,0.8773433315479379,0.5934065934065934,4825.0,0.8887046632124352,0.6114738805970149,4288.0,2643.0,0.856602345819145,0.5591872791519434,2264.0
0.45,0.2,0.0,0.0,0.5,0.45,0.55,1.0,False,7468.0,0.8466791644349223,0.6078549848942598,0.5864586790574179,0.5971568319758389,0.6491697911087306,0.5976593389213981,0.5234856871738099,0.4765143128261901,0.45,0.5,6323.0,3310.0,3013.0,0.7063832148945653,0.21882884066514852,0.6269735220696954,0.16537225495447247,0.5836552533304441,0.2833389299776332,3310.0,3013.0,6323.0,0.8466791644349223,0.5976593389213981,4825.0,0.8642487046632125,0.6338129496402878,4170.0,2643.0,0.8146046159667045,0.5276358569437993,2153.0
0.45,0.2,0.0,0.0,0.5,0.45,0.55,1.0,True,7468.0,0.8826995179432244,0.6027042577675489,0.5821566110397947,0.5924304344036717,0.6491697911087306,0.5929915048543689,0.5273058252427184,0.47269417475728154,0.45,0.5,6592.0,3476.0,3116.0,0.7063832148945653,0.21882884066514852,0.6269735220696954,0.1641671130155329,0.5993881901271043,0.27389113719561303,3476.0,3116.0,6592.0,0.8826995179432244,0.5929915048543689,4825.0,0.8930569948186529,0.6133673706196333,4309.0,2643.0,0.8637911464245176,0.5545335085413929,2283.0
0.45,0.2,0.0,0.0,0.5,0.45,0.6,0.55,False,7468.0,0.8373058382431708,0.6126153846153846,0.5847485847485847,0.5986819846819846,0.6491697911087306,0.5992323684631377,0.5197505197505198,0.4802494802494803,0.45,0.5,6253.0,3250.0,3003.0,0.7063832148945653,0.21882884066514852,0.6269735220696954,0.16617568291376533,0.5792797922115899,0.28686601042880394,3250.0,3003.0,6253.0,0.8373058382431708,0.5992323684631377,4825.0,0.8576165803108808,0.6309811503141615,4138.0,2643.0,0.8002270147559591,0.5371158392434988,2115.0
0.45,0.2,0.0,0.0,0.5,0.45,0.6,0.55,True,7468.0,0.873326191751473,0.6071428571428571,0.5804893754024468,0.593816116272652,0.6491697911087306,0.5944495553511193,0.5237657160380251,0.47623428396197487,0.45,0.5,6522.0,3416.0,3106.0,0.7063832148945653,0.21882884066514852,0.6269735220696954,0.16497054097482597,0.5951284108394788,0.27720158871615813,3416.0,3106.0,6522.0,0.873326191751473,0.5944495553511193,4825.0,0.8864248704663212,0.6104746317512275,4277.0,2643.0,0.8494135452137722,0.5639198218262806,2245.0
0.45,0.2,0.0,0.0,0.5,0.45,0.6,0.65,False,7468.0,0.8693090519550081,0.613007651559741,0.5862960568842922,0.5996518542220166,0.6491697911087306,0.6002772643253235,0.5234134319162046,0.47658656808379546,0.45,0.5,6492.0,3398.0,3094.0,0.7063832148945653,0.21882884066514852,0.6269735220696954,0.1743438671665774,0.5894765410041484,0.29576048415699463,3398.0,3094.0,6492.0,0.8693090519550081,0.6002772643253235,4825.0,0.8887046632124352,0.6438899253731343,4288.0,2643.0,0.8339008702232312,0.515426497277677,2204.0
0.45,0.2,0.0,0.0,0.5,0.45,0.6,0.65,True,7468.0,0.9053294054633101,0.6077441077441077,0.5821082264623084,0.594926167103208,0.6491697911087306,0.5956219494157668,0.5271409554799585,0.4728590445200414,0.45,0.5,6761.0,3564.0,3197.0,0.7063832148945653,0.21882884066514852,0.6269735220696954,0.17313872522763782,0.6050581295361926,0.2861522170776506,3564.0,3197.0,6761.0,0.9053294054633101,0.5956219494157668,4825.0,0.9175129533678756,0.6236729161960696,4427.0,2643.0,0.8830874006810443,0.5424164524421594,2334.0
0.45,0.2,0.0,0.0,0.5,0.45,0.6,1.0,False,7468.0,0.8746652383502946,0.6120362255331581,0.5863621743325829,0.5991991999328705,0.6491697911087306,0.5998162890385793,0.5240355174525413,0.47596448254745866,0.45,0.5,6532.0,3423.0,3109.0,0.7063832148945653,0.21882884066514852,0.6269735220696954,0.17461167648634174,0.5916306118956122,0.2951363113664416,3423.0,3109.0,6532.0,0.8746652383502946,0.5998162890385793,4825.0,0.8930569948186529,0.6456254351357623,4309.0,2643.0,0.8410896708286039,0.51102114260009,2223.0
0.45,0.2,0.0,0.0,0.5,0.45,0.6,1.0,True,7468.0,0.9106855918585967,0.6068542769573697,0.5821917808219178,0.5945230288896437,0.6491697911087306,0.5952065872665785,0.5277165122776062,0.47228348772239376,0.45,0.5,6801.0,3589.0,3212.0,0.7063832148945653,0.21882884066514852,0.6269735220696954,0.17340653454740232,0.6071569225954664,0.2856041462989936,3589.0,3212.0,6801.0,0.9106855918585967,0.5952065872665785,4825.0,0.9218652849740933,0.6254496402877698,4448.0,2643.0,0.8902762012864169,0.5380365490862729,2353.0
0.45,0.2,0.0,0.0,0.5,0.45,1.0,0.55,False,7468.0,0.8493572576325656,0.6140350877192983,0.5861047085940072,0.6000698981566528,0.6491697911087306,0.6006621472489359,0.5212044773766357,0.47879552262336433,0.45,0.5,6343.0,3306.0,3037.0,0.7063832148945653,0.21882884066514852,0.6269735220696954,0.17099625066952334,0.5823920530720875,0.2936102059901523,3306.0,3037.0,6343.0,0.8493572576325656,0.6006621472489359,4825.0,0.8706735751295337,0.6365151154487027,4201.0,2643.0,0.8104426787741204,0.5303454715219421,2142.0
0.45,0.2,0.0,0.0,0.5,0.45,1.0,0.55,True,7468.0,0.8853776111408677,0.6085829493087558,0.5818471337579618,0.5952150415333588,0.6491697911087306,0.5958862673926195,0.5251058681185723,0.4748941318814277,0.45,0.5,6612.0,3472.0,3140.0,0.7063832148945653,0.21882884066514852,0.6269735220696954,0.1697911087305839,0.5981582158636141,0.28385651860593675,3472.0,3140.0,6612.0,0.8853776111408677,0.5958862673926195,4825.0,0.8994818652849741,0.6161290322580645,4340.0,2643.0,0.8596292092319334,0.5572183098591549,2272.0
0.45,0.2,0.0,0.0,0.5,0.45,1.0,0.65,False,7468.0,0.8813604713444028,0.6143601621308628,0.5875959079283888,0.6009780350296258,0.6491697911087306,0.601640838650866,0.5247645092676998,0.4752354907323002,0.45,0.5,6582.0,3454.0,3128.0,0.7063832148945653,0.21882884066514852,0.6269735220696954,0.17916443492233536,0.5925352463871104,0.30236924472385746,3454.0,3128.0,6582.0,0.8813604713444028,0.601640838650866,4825.0,0.9017616580310881,0.649046196276718,4351.0,2643.0,0.8441165342413923,0.5091887046167638,2231.0
0.45,0.2,0.0,0.0,0.5,0.45,1.0,0.65,True,7468.0,0.9173808248527049,0.6091160220994475,0.5834107087588982,0.5962633654291729,0.6491697911087306,0.5969931396876368,0.5283900160560502,0.47160998394394976,0.45,0.5,6851.0,3620.0,3231.0,0.7063832148945653,0.21882884066514852,0.6269735220696954,0.17795929298339572,0.608038457611568,0.29267769292494505,3620.0,3231.0,6851.0,0.9173808248527049,0.5969931396876368,4825.0,0.9305699481865285,0.6289532293986637,4490.0,2643.0,0.8933030646992054,0.5362134688691232,2361.0
0.45,0.2,0.0,0.0,0.5,0.45,1.0,1.0,False,7468.0,0.8867166577396893,0.6133946536361023,0.5876551065860642,0.6005248801110833,0.6491697911087306,0.6011778918755663,0.5253699788583509,0.47463002114164904,0.45,0.5,6622.0,3479.0,3143.0,0.7063832148945653,0.21882884066514852,0.6269735220696954,0.17943224424209955,0.594678237998327,0.30172996551221426,3479.0,3143.0,6622.0,0.8867166577396893,0.6011778918755663,4825.0,0.9061139896373057,0.6507319304666057,4372.0,2643.0,0.8513053348467651,0.5048888888888889,2250.0
0.45,0.2,0.0,0.0,0.5,0.45,1.0,1.0,True,7468.0,0.9227370112479915,0.6082304526748972,0.5834873690696242,0.5958589108722607,0.6491697911087306,0.5965752430706719,0.5289508053983457,0.47104919460165434,0.45,0.5,6891.0,3645.0,3246.0,0.7063832148945653,0.21882884066514852,0.6269735220696954,0.17822710230316016,0.6101269986424266,0.2921147608608165,3645.0,3246.0,6891.0,0.9227370112479915,0.5965752430706719,4825.0,0.9349222797927461,0.6306805586344492,4511.0,2643.0,0.9004918653045781,0.5319327731092437,2380.0
0.45,0.2,0.0,0.0,0.5,0.55,0.5,0.55,False,7468.0,0.7253615425816818,0.60773085182534,0.5791078917270301,0.5934193717761851,0.6491697911087306,0.5938711463909914,0.515783644083441,0.484216355916559,0.45,0.5,5417.0,2794.0,2623.0,0.7063832148945653,0.21882884066514852,0.6269735220696954,0.13618103910016074,0.5427616896399013,0.25090392652899085,2794.0,2623.0,5417.0,0.7253615425816818,0.5938711463909914,4825.0,0.7448704663212435,0.6087924318308292,3594.0,2643.0,0.6897465001891789,0.564454196379594,1823.0
0.45,0.2,0.0,0.0,0.5,0.55,0.5,0.55,True,7468.0,0.7574986609534011,0.601631543167913,0.5753222836095764,0.5884769133887446,0.6491697911087306,0.5890047728477992,0.5200636379706558,0.4799363620293442,0.45,0.5,5657.0,2942.0,2715.0,0.7063832148945653,0.21882884066514852,0.6269735220696954,0.13484199250133902,0.5579680405059335,0.24166615775891395,2942.0,2715.0,5657.0,0.7574986609534011,0.5890047728477992,4825.0,0.7707772020725389,0.588330196289325,3719.0,2643.0,0.7332576617480137,0.5902992776057792,1938.0
0.45,0.2,0.0,0.0,0.5,0.55,0.5,0.65,False,7468.0,0.7572308516336369,0.6084296397008837,0.5809067453004054,0.5946681925006445,0.6491697911087306,0.5952254641909814,0.5202475685234306,0.47975243147656943,0.45,0.5,5655.0,2942.0,2713.0,0.7063832148945653,0.21882884066514852,0.6269735220696954,0.14421531869309054,0.553631435587136,0.2604897580285477,2942.0,2713.0,5655.0,0.7572308516336369,0.5952254641909814,4825.0,0.7757512953367875,0.6243654822335025,3743.0,2643.0,0.723420355656451,0.5381799163179917,1912.0
0.45,0.2,0.0,0.0,0.5,0.55,0.5,0.65,True,7468.0,0.7893679700053562,0.602588996763754,0.5771836007130124,0.5898862987383833,0.6491697911087306,0.5905004240882104,0.5241730279898219,0.4758269720101781,0.45,0.5,5895.0,3090.0,2805.0,0.7063832148945653,0.21882884066514852,0.6269735220696954,0.1428762720942689,0.5685471387277784,0.25130066156691777,3090.0,2805.0,5895.0,0.7893679700053562,0.5905004240882104,4825.0,0.8016580310880829,0.6041882109617374,3868.0,2643.0,0.7669315172152856,0.5643808584114455,2027.0
0.45,0.2,0.0,0.0,0.5,0.55,0.5,1.0,False,7468.0,0.7625870380289234,0.6073474890461746,0.5810117302052786,0.5941796096257266,0.6491697911087306,0.5947322212467077,0.5209833187006145,0.4790166812993854,0.45,0.5,5695.0,2967.0,2728.0,0.7063832148945653,0.21882884066514852,0.6269735220696954,0.14448312801285487,0.5559244148335584,0.2598970726193282,2967.0,2728.0,5695.0,0.7625870380289234,0.5947322212467077,4825.0,0.7801036269430052,0.626461211477152,3764.0,2643.0,0.7306091562618237,0.5328845157949249,1931.0
0.45,0.2,0.0,0.0,0.5,0.55,0.5,1.0,True,7468.0,0.7947241564006428,0.6016051364365971,0.577304964539007,0.589455050487802,0.6491697911087306,0.5900589721988205,0.5248525695029486,0.4751474304970514,0.45,0.5,5935.0,3115.0,2820.0,0.7063832148945653,0.21882884066514852,0.6269735220696954,0.14314408141403318,0.5707802006843833,0.25078669730028996,3115.0,2820.0,5935.0,0.7947241564006428,0.5900589721988205,4825.0,0.8060103626943005,0.6063255335561841,3889.0,2643.0,0.7741203178206584,0.5591397849462365,2046.0
0.45,0.2,0.0,0.0,0.5,0.55,0.55,0.55,False,7468.0,0.7787895018746652,0.6149253731343284,0.5880042841842199,0.6014648286592741,0.6491697911087306,0.6019601100412655,0.5183975240715268,0.48160247592847316,0.45,0.5,5816.0,3015.0,2801.0,0.7063832148945653,0.21882884066514852,0.6269735220696954,0.1588109266202464,0.5567668162051411,0.28523777279451296,3015.0,2801.0,5816.0,0.7787895018746652,0.6019601100412655,4825.0,0.8037305699481865,0.6374419804022692,3878.0,2643.0,0.7332576617480137,0.5309597523219814,1938.0
0.45,0.2,0.0,0.0,0.5,0.55,0.55,0.55,True,7468.0,0.8109266202463846,0.6089155864685425,0.5841686830279986,0.5965421347482706,0.6491697911087306,0.5970937912813739,0.5222919418758256,0.4777080581241744,0.45,0.5,6056.0,3163.0,2893.0,0.7063832148945653,0.21882884066514852,0.6269735220696954,0.15747188002142476,0.5716007086353899,0.27549280055541747,3163.0,2893.0,6056.0,0.8109266202463846,0.5970937912813739,4825.0,0.8296373056994819,0.6175368473644767,4003.0,2643.0,0.7767688233068483,0.5572333170969314,2053.0
0.45,0.2,0.0,0.0,0.5,0.55,0.55,0.65,False,7468.0,0.8107927155865025,0.6152386974391401,0.5895573997233748,0.6023980485812575,0.6491697911087306,0.6029727497935591,0.5223781998348472,0.47762180016515277,0.45,0.5,6055.0,3163.0,2892.0,0.7063832148945653,0.21882884066514852,0.6269735220696954,0.16697911087305845,0.5673683127887228,0.29430461150063963,3163.0,2892.0,6055.0,0.8107927155865025,0.6029727497935591,4825.0,0.8348186528497409,0.6509433962264151,4028.0,2643.0,0.7669315172152856,0.5076467686235816,2027.0
0.45,0.2,0.0,0.0,0.5,0.55,0.55,0.65,True,7468.0,0.8429298339582217,0.6094835397160978,0.5857908847184986,0.5976372122172982,0.6491697911087306,0.5982525814138205,0.5259729944400318,0.47402700555996824,0.45,0.5,6295.0,3311.0,2984.0,0.7063832148945653,0.21882884066514852,0.6269735220696954,0.16564006427423683,0.5819320276819213,0.28463816458779645,3311.0,2984.0,6295.0,0.8429298339582217,0.5982525814138205,4825.0,0.8607253886010363,0.6313508307247773,4153.0,2643.0,0.8104426787741204,0.5340802987861811,2142.0
0.45,0.2,0.0,0.0,0.5,0.55,0.55,1.0,False,7468.0,0.816148901981789,0.6141781681304893,0.5896112831097351,0.6018947256201121,0.6491697911087306,0.6024610336341263,0.5230516817063167,0.47694831829368334,0.45,0.5,6095.0,3188.0,2907.0,0.7063832148945653,0.21882884066514852,0.6269735220696954,0.16724692019282264,0.5696059961890176,0.293618608848569,3188.0,2907.0,6095.0,0.816148901981789,0.6024610336341263,4825.0,0.8391709844559585,0.6527537663620647,4049.0,2643.0,0.7741203178206584,0.5029325513196481,2046.0
0.45,0.2,0.0,0.0,0.5,0.55,0.55,1.0,True,7468.0,0.8482860203535083,0.6085131894484412,0.5858619539846616,0.5971875717165513,0.6491697911087306,0.5977900552486188,0.5265982636148382,0.4734017363851618,0.45,0.5,6335.0,3336.0,2999.0,0.7063832148945653,0.21882884066514852,0.6269735220696954,0.16590787359400117,0.5841139215767363,0.284033417909567,3336.0,2999.0,6335.0,0.8482860203535083,0.5977900552486188,4825.0,0.8650777202072539,0.6332055582175371,4174.0,2643.0,0.817631479379493,0.5293845441925035,2161.0
0.45,0.2,0.0,0.0,0.5,0.55,0.6,0.55,False,7468.0,0.8067755757900374,0.6192455242966752,0.587849499482223,0.6035475118894491,0.6491697911087306,0.604149377593361,0.5191701244813278,0.4808298755186722,0.45,0.5,6025.0,3128.0,2897.0,0.7063832148945653,0.21882884066514852,0.6269735220696954,0.16805034815211561,0.5651217690188203,0.29737015518600385,3128.0,2897.0,6025.0,0.8067755757900374,0.604149377593361,4825.0,0.832538860103627,0.6499875529001743,4017.0,2643.0,0.759742716609913,0.5124501992031872,2008.0
0.45,0.2,0.0,0.0,0.5,0.55,0.6,0.55,True,7468.0,0.8389126941617568,0.6132478632478633,0.5841418534626965,0.5986948583552799,0.6491697911087306,0.5993615323224262,0.5229050279329609,0.4770949720670391,0.45,0.5,6265.0,3276.0,2989.0,0.7063832148945653,0.21882884066514852,0.6269735220696954,0.16671130155329406,0.5797419221552219,0.2875612323040842,3276.0,2989.0,6265.0,0.8389126941617568,0.5993615323224262,4825.0,0.8584455958549223,0.6303718010622887,4142.0,2643.0,0.8032538781687476,0.538860103626943,2123.0
0.45,0.2,0.0,0.0,0.5,0.55,0.6,0.65,False,7468.0,0.8387787895018747,0.6193528693528694,0.5893574297188755,0.6043551495358724,0.6491697911087306,0.605044699872286,0.5229885057471264,0.47701149425287354,0.45,0.5,6264.0,3276.0,2988.0,0.7063832148945653,0.21882884066514852,0.6269735220696954,0.17621853240492763,0.5755693950762788,0.30616383343588627,3276.0,2988.0,6264.0,0.8387787895018747,0.605044699872286,4825.0,0.8636269430051814,0.6625869930405568,4167.0,2643.0,0.793416572077185,0.4907010014306152,2097.0
0.45,0.2,0.0,0.0,0.5,0.55,0.6,0.65,True,7468.0,0.870915907873594,0.6136098130841121,0.5857142857142857,0.5996620493991989,0.6491697911087306,0.60039975399754,0.5264452644526445,0.4735547355473555,0.45,0.5,6504.0,3424.0,3080.0,0.7063832148945653,0.21882884066514852,0.6269735220696954,0.17487948580610604,0.5899306832448571,0.2964407357898359,3424.0,3080.0,6504.0,0.870915907873594,0.60039975399754,4825.0,0.8895336787564767,0.6432898415657037,4292.0,2643.0,0.8369277336360197,0.5171790235081374,2212.0
0.45,0.2,0.0,0.0,0.5,0.55,0.6,1.0,False,7468.0,0.8441349758971612,0.6182974856104211,0.5894105894105894,0.6038540375105053,0.6491697911087306,0.6045368020304569,0.5236357868020305,0.47636421319796957,0.45,0.5,6304.0,3301.0,3003.0,0.7063832148945653,0.21882884066514852,0.6269735220696954,0.1764863417246921,0.5777753171313521,0.30545843079788315,3301.0,3003.0,6304.0,0.8441349758971612,0.6045368020304569,4825.0,0.867979274611399,0.6642788920725884,4188.0,2643.0,0.8006053726825577,0.4862948960302457,2116.0
0.45,0.2,0.0,0.0,0.5,0.55,0.6,1.0,True,7468.0,0.8762720942688805,0.6126413453174834,0.58578352180937,0.5992124335634267,0.6491697911087306,0.5999388753056235,0.5270476772616137,0.47295232273838633,0.45,0.5,6544.0,3449.0,3095.0,0.7063832148945653,0.21882884066514852,0.6269735220696954,0.17514729512587043,0.5920831019134941,0.29581539239986654,3449.0,3095.0,6544.0,0.8762720942688805,0.5999388753056235,4825.0,0.8938860103626943,0.6450266635752376,4313.0,2643.0,0.8441165342413923,0.5127745405647691,2231.0
0.45,0.2,0.0,0.0,0.5,0.55,1.0,0.55,False,7468.0,0.8188269951794322,0.6206030150753769,0.5892186966905493,0.604910855882963,0.6491697911087306,0.6055600981193786,0.5206868356500409,0.47931316434995913,0.45,0.5,6115.0,3184.0,2931.0,0.7063832148945653,0.21882884066514852,0.6269735220696954,0.17287091590787365,0.5683115691553176,0.3041833481672949,3184.0,2931.0,6115.0,0.8188269951794322,0.6055600981193786,4825.0,0.8455958549222798,0.6553921568627451,4080.0,2643.0,0.7699583806280742,0.5056511056511056,2035.0
0.45,0.2,0.0,0.0,0.5,0.55,1.0,0.55,True,7468.0,0.8509641135511515,0.6146458583433373,0.5855110817069137,0.6000784700251255,0.6491697911087306,0.600786782061369,0.5243115656963021,0.4756884343036979,0.45,0.5,6355.0,3332.0,3023.0,0.7063832148945653,0.21882884066514852,0.6269735220696954,0.171531869309052,0.5828517153796922,0.29429761426936785,3332.0,3023.0,6355.0,0.8509641135511515,0.600786782061369,4825.0,0.8715025906735752,0.6359096313912009,4205.0,2643.0,0.8134695421869088,0.532093023255814,2150.0
0.45,0.2,0.0,0.0,0.5,0.55,1.0,0.65,False,7468.0,0.8508302088912694,0.6206482593037215,0.5906684315023163,0.6056583454030189,0.6491697911087306,0.606389675794775,0.5243940824677369,0.47560591753226317,0.45,0.5,6354.0,3332.0,3022.0,0.7063832148945653,0.21882884066514852,0.6269735220696954,0.18103910016068564,0.5787016108196795,0.3128366964527018,3332.0,3022.0,6354.0,0.8508302088912694,0.606389675794775,4825.0,0.8766839378238342,0.667612293144208,4230.0,2643.0,0.8036322360953462,0.4844632768361582,2124.0
0.45,0.2,0.0,0.0,0.5,0.55,1.0,0.65,True,7468.0,0.8829673272629888,0.6149425287356322,0.5870263326910726,0.6009844307133524,0.6491697911087306,0.6017591750075827,0.5277525022747953,0.47224749772520475,0.45,0.5,6594.0,3480.0,3114.0,0.7063832148945653,0.21882884066514852,0.6269735220696954,0.17970005356186403,0.5929870461068795,0.3030421233341327,3480.0,3114.0,6594.0,0.8829673272629888,0.6017591750075827,4825.0,0.9025906735751296,0.6484500574052813,4355.0,2643.0,0.8471433976541809,0.5109423849933006,2239.0
0.45,0.2,0.0,0.0,0.5,0.55,1.0,1.0,False,7468.0,0.8561863952865559,0.6196008340780459,0.5907145209087916,0.6051576774934188,0.6491697911087306,0.6058805129809196,0.5250234594932749,0.47497654050672505,0.45,0.5,6394.0,3357.0,3037.0,0.7063832148945653,0.21882884066514852,0.6269735220696954,0.1813069094804499,0.5808956385643234,0.31211614865718007,3357.0,3037.0,6394.0,0.8561863952865559,0.6058805129809196,4825.0,0.8810362694300519,0.6692542931075041,4251.0,2643.0,0.8108210367007189,0.4801679888007466,2143.0
0.45,0.2,0.0,0.0,0.5,0.55,1.0,1.0,True,7468.0,0.8883235136582753,0.6139800285306705,0.5870885266858421,0.6005342776082563,0.6491697911087306,0.6012963521254145,0.5283388604160386,0.4716611395839614,0.45,0.5,6634.0,3505.0,3129.0,0.7063832148945653,0.21882884066514852,0.6269735220696954,0.1799678628816283,0.5951284108394788,0.3024017331448997,3505.0,3129.0,6634.0,0.8883235136582753,0.6012963521254145,4825.0,0.9069430051813472,0.6501371115173674,4376.0,2643.0,0.8543321982595535,0.5066430469441984,2258.0
0.45,0.2,0.0,0.0,0.6,0.45,0.5,0.55,False,7468.0,0.6608194965184788,0.6290199081163859,0.6018080068876452,0.6154139575020156,0.6491697911087306,0.616210739614995,0.5292806484295846,0.4707193515704154,0.45,0.6,4935.0,2612.0,2323.0,0.7063832148945653,0.21882884066514852,0.6269735220696954,0.153588644884842,0.5036024481839007,0.3049799409012325,2612.0,2323.0,4935.0,0.6608194965184788,0.616210739614995,4825.0,0.6814507772020726,0.6654501216545012,3288.0,2643.0,0.623155505107832,0.5179113539769278,1647.0
0.45,0.2,0.0,0.0,0.6,0.45,0.5,0.55,True,7468.0,0.6964381360471344,0.621173928700036,0.5957095709570958,0.6084417498285659,0.6491697911087306,0.6093059027110171,0.5339357815804653,0.4660642184195347,0.45,0.6,5201.0,2777.0,2424.0,0.7063832148945653,0.21882884066514852,0.6269735220696954,0.1522495982860204,0.5216265607506553,0.2918747045145153,2777.0,2424.0,5201.0,0.6964381360471344,0.6093059027110171,4825.0,0.7100518134715026,0.6386456509048453,3426.0,2643.0,0.671585319712448,0.5526760563380282,1775.0
0.45,0.2,0.0,0.0,0.6,0.45,0.5,0.65,False,7468.0,0.6926888055704339,0.6286231884057971,0.6029838375466224,0.6158035129762098,0.6491697911087306,0.6166634448095882,0.5335395321863522,0.4664604678136478,0.45,0.6,5173.0,2760.0,2413.0,0.7063832148945653,0.21882884066514852,0.6269735220696954,0.16162292447777182,0.5152988846740608,0.3136488924869346,2760.0,2413.0,5173.0,0.6926888055704339,0.6166634448095882,4825.0,0.7123316062176166,0.6799534477742217,3437.0,2643.0,0.656829360575104,0.4913594470046083,1736.0
0.45,0.2,0.0,0.0,0.6,0.45,0.5,0.65,True,7468.0,0.7283074450990894,0.6211965811965812,0.5970564836913286,0.6091265324439549,0.6491697911087306,0.61003861003861,0.5377826806398235,0.4622173193601765,0.45,0.6,5439.0,2925.0,2514.0,0.7063832148945653,0.21882884066514852,0.6269735220696954,0.16028387787895018,0.5329275594394323,0.30076109790146177,2925.0,2514.0,5439.0,0.7283074450990894,0.61003861003861,4825.0,0.7409326424870466,0.6537062937062937,3575.0,2643.0,0.70525917517972,0.5262875536480687,1864.0
0.45,0.2,0.0,0.0,0.6,0.45,0.5,1.0,False,7468.0,0.6980449919657205,0.6272890484739677,0.6029654036243822,0.6151272260491749,0.6491697911087306,0.6159600997506235,0.5342413197774794,0.46575868022252065,0.45,0.6,5213.0,2785.0,2428.0,0.7063832148945653,0.21882884066514852,0.6269735220696954,0.16189073379753624,0.5177616527747996,0.312674244857509,2785.0,2428.0,5213.0,0.6980449919657205,0.6159600997506235,4825.0,0.7166839378238342,0.681897050318103,3458.0,2643.0,0.6640181611804767,0.486039886039886,1755.0
0.45,0.2,0.0,0.0,0.6,0.45,0.5,1.0,True,7468.0,0.733663631494376,0.62,0.5970739422696718,0.6085369711348358,0.6491697911087306,0.6094177769665997,0.5384194196021171,0.4615805803978828,0.45,0.6,5479.0,2950.0,2529.0,0.7063832148945653,0.21882884066514852,0.6269735220696954,0.16055168719871446,0.5353092303966286,0.29992325572222306,2950.0,2529.0,5479.0,0.733663631494376,0.6094177769665997,4825.0,0.7452849740932642,0.6557285873192435,3596.0,2643.0,0.7124479757850927,0.5209771640998406,1883.0
0.45,0.2,0.0,0.0,0.6,0.45,0.55,0.55,False,7468.0,0.7142474558114622,0.6350158842216731,0.61015593762495,0.6225859109233116,0.6491697911087306,0.6233595800524935,0.5311211098612674,0.4688788901387327,0.45,0.6,5334.0,2833.0,2501.0,0.7063832148945653,0.21882884066514852,0.6269735220696954,0.17621853240492774,0.5186660406304496,0.3397533645941623,2833.0,2501.0,5334.0,0.7142474558114622,0.6233595800524935,4825.0,0.7403108808290155,0.6920492721164614,3572.0,2643.0,0.6666666666666666,0.4841089670828604,1762.0
0.45,0.2,0.0,0.0,0.6,0.45,0.55,0.55,True,7468.0,0.7498660953401178,0.6274182788525684,0.6041506533435819,0.6157844660980751,0.6491697911087306,0.6166071428571429,0.5353571428571429,0.46464285714285714,0.45,0.6,5600.0,2998.0,2602.0,0.7063832148945653,0.21882884066514852,0.6269735220696954,0.17487948580610613,0.5361840213648723,0.3261557204948876,2998.0,2602.0,5600.0,0.7498660953401178,0.6166071428571429,4825.0,0.7689119170984456,0.6663072776280323,3710.0,2643.0,0.7150964812712827,0.5190476190476191,1890.0
0.45,0.2,0.0,0.0,0.6,0.45,0.55,0.65,False,7468.0,0.7462506695232994,0.6343508889634351,0.6111111111111112,0.6227310000372731,0.6491697911087306,0.623542077875471,0.5349004127041092,0.4650995872958909,0.45,0.6,5573.0,2981.0,2592.0,0.7063832148945653,0.21882884066514852,0.6269735220696954,0.18438671665773967,0.5300301655875634,0.34787966540232346,2981.0,2592.0,5573.0,0.7462506695232994,0.623542077875471,4825.0,0.7713989637305699,0.7044599677592692,3722.0,2643.0,0.7003405221339387,0.46083198271204756,1851.0
0.45,0.2,0.0,0.0,0.6,0.45,0.55,0.65,True,7468.0,0.781869309051955,0.6271455816910363,0.6052729298180468,0.6162092557545416,0.6491697911087306,0.6170577153622195,0.5387908888508306,0.4612091111491694,0.45,0.6,5839.0,3146.0,2693.0,0.7063832148945653,0.21882884066514852,0.6269735220696954,0.183047670058918,0.547184447418344,0.33452644884654564,3146.0,2693.0,5839.0,0.781869309051955,0.6170577153622195,4825.0,0.8,0.6792746113989637,3860.0,2643.0,0.7487703367385546,0.49570490146538654,1979.0
0.45,0.2,0.0,0.0,0.6,0.45,0.55,1.0,False,7468.0,0.751606855918586,0.6330671989354624,0.6110471806674338,0.6220571898014481,0.6491697911087306,0.62283983609478,0.535542490646713,0.464457509353287,0.45,0.6,5613.0,3006.0,2607.0,0.7063832148945653,0.21882884066514852,0.6269735220696954,0.18465452597750406,0.5324247974789876,0.3468180423823921,3006.0,2607.0,5613.0,0.751606855918586,0.62283983609478,4825.0,0.7757512953367875,0.7061180870959124,3743.0,2643.0,0.7075293227393114,0.4561497326203209,1870.0
0.45,0.2,0.0,0.0,0.6,0.45,0.55,1.0,True,7468.0,0.7872254954472415,0.6259854935351624,0.6052437223042836,0.615614607919723,0.6491697911087306,0.6164313658785507,0.539377445143732,0.4606225548562681,0.45,0.6,5879.0,3171.0,2708.0,0.7063832148945653,0.21882884066514852,0.6269735220696954,0.1833154793786823,0.5495043294044912,0.33360151971385726,3171.0,2708.0,5879.0,0.7872254954472415,0.6164313658785507,4825.0,0.8043523316062177,0.6810100489564546,3881.0,2643.0,0.7559591373439274,0.49099099099099097,1998.0
0.45,0.2,0.0,0.0,0.6,0.45,0.6,0.55,False,7468.0,0.7422335297268345,0.6388323150033944,0.6091644204851752,0.6239983677442849,0.6491697911087306,0.6249323471044561,0.5314811473931085,0.4685188526068916,0.45,0.6,5543.0,2946.0,2597.0,0.7063832148945653,0.21882884066514852,0.6269735220696954,0.18545795393679707,0.5276246657378887,0.3514959894405849,2946.0,2597.0,5543.0,0.7422335297268345,0.6249323471044561,4825.0,0.7691191709844559,0.7035839396389113,3711.0,2643.0,0.6931517215285661,0.4656113537117904,1832.0
0.45,0.2,0.0,0.0,0.6,0.45,0.6,0.55,True,7468.0,0.7778521692554901,0.6313082610093218,0.603409933283914,0.6173590971466179,0.6491697911087306,0.6183508349113445,0.5355482871406438,0.46445171285935616,0.45,0.6,5809.0,3111.0,2698.0,0.7063832148945653,0.21882884066514852,0.6269735220696954,0.18411890733797534,0.5448546879295042,0.33792295710557874,3111.0,2698.0,5809.0,0.7778521692554901,0.6183508349113445,4825.0,0.797720207253886,0.6783580150688491,3849.0,2643.0,0.741581536133182,0.5005102040816326,1960.0
0.45,0.2,0.0,0.0,0.6,0.45,0.6,0.65,False,7468.0,0.7742367434386717,0.6380090497737556,0.6101190476190477,0.6240640486964016,0.6491697911087306,0.6250432376340367,0.5351089588377724,0.4648910411622276,0.45,0.6,5782.0,3094.0,2688.0,0.7063832148945653,0.21882884066514852,0.6269735220696954,0.19362613818960903,0.5387998725171818,0.35936559762907977,3094.0,2688.0,5782.0,0.7742367434386717,0.6250432376340367,4825.0,0.8002072538860103,0.7150997150997151,3861.0,2643.0,0.726825576995838,0.444039562727746,1921.0
0.45,0.2,0.0,0.0,0.6,0.45,0.6,0.65,True,7468.0,0.8098553829673273,0.6308683645289966,0.6045177482968807,0.6176930564129386,0.6491697911087306,0.6187169312169312,0.5388558201058201,0.4611441798941799,0.45,0.6,6048.0,3259.0,2789.0,0.7063832148945653,0.21882884066514852,0.6269735220696954,0.19228709159078727,0.5556834941657616,0.3460370761587308,3259.0,2789.0,6048.0,0.8098553829673273,0.6187169312169312,4825.0,0.8288082901554404,0.6904226056514129,3999.0,2643.0,0.775255391600454,0.4787701317715959,2049.0
0.45,0.2,0.0,0.0,0.6,0.45,0.6,1.0,False,7468.0,0.7795929298339582,0.6367425456877204,0.610062893081761,0.6234027193847407,0.6491697911087306,0.6243558914462384,0.535726554448643,0.4642734455513569,0.45,0.6,5822.0,3119.0,2703.0,0.7063832148945653,0.21882884066514852,0.6269735220696954,0.19389394750937328,0.5411556995563223,0.35829604616257626,3119.0,2703.0,5822.0,0.7795929298339582,0.6243558914462384,4825.0,0.804559585492228,0.7166409067490984,3882.0,2643.0,0.7340143776012108,0.43969072164948453,1940.0
0.45,0.2,0.0,0.0,0.6,0.45,0.6,1.0,True,7468.0,0.8152115693626139,0.6297198538367844,0.604493580599144,0.6171067172179643,0.6491697911087306,0.6181011826544021,0.5394218134034166,0.46057818659658345,0.45,0.6,6088.0,3284.0,2804.0,0.7063832148945653,0.21882884066514852,0.6269735220696954,0.19255490091055164,0.5579680405059335,0.34510023322474503,3284.0,2804.0,6088.0,0.8152115693626139,0.6181011826544021,4825.0,0.8331606217616581,0.6920398009950248,4020.0,2643.0,0.7824441922058267,0.47437137330754353,2068.0
0.45,0.2,0.0,0.0,0.6,0.45,1.0,0.55,False,7468.0,0.7542849491162292,0.639906728847435,0.6104142911440517,0.6251605099957434,0.6491697911087306,0.6261317237706373,0.5329309426593289,0.46706905734067106,0.45,0.6,5633.0,3002.0,2631.0,0.7063832148945653,0.21882884066514852,0.6269735220696954,0.19027852169255488,0.5310397477701996,0.3583131441507376,3002.0,2631.0,5633.0,0.7542849491162292,0.6261317237706373,4825.0,0.7821761658031088,0.708532061473238,3774.0,2643.0,0.7033673855467272,0.4588488434642281,1859.0
0.45,0.2,0.0,0.0,0.6,0.45,1.0,0.55,True,7468.0,0.7899035886448849,0.6324597410798863,0.6046852122986823,0.6185724766892844,0.6491697911087306,0.6195965417867435,0.5368706560433972,0.4631293439566028,0.45,0.6,5899.0,3167.0,2732.0,0.7063832148945653,0.21882884066514852,0.6269735220696954,0.18893947509373324,0.548162436487193,0.34467789566997725,3167.0,2732.0,5899.0,0.7899035886448849,0.6195965417867435,4825.0,0.8107772020725389,0.6835378323108384,3912.0,2643.0,0.7517972001513432,0.4937091092098641,1987.0
0.45,0.2,0.0,0.0,0.6,0.45,1.0,0.65,False,7468.0,0.7862881628280665,0.6390476190476191,0.6113152094048494,0.6251814142262342,0.6491697911087306,0.6261920980926431,0.5364441416893733,0.4635558583106267,0.45,0.6,5872.0,3150.0,2722.0,0.7063832148945653,0.21882884066514852,0.6269735220696954,0.19844670594536698,0.5421445641536488,0.3660402023123953,3150.0,2722.0,5872.0,0.7862881628280665,0.6261920980926431,4825.0,0.8132642487046632,0.7196738022426096,3924.0,2643.0,0.7370412410139993,0.43788501026694043,1948.0
0.45,0.2,0.0,0.0,0.6,0.45,1.0,0.65,True,7468.0,0.821906802356722,0.6319758672699849,0.6057385759829969,0.6188572216264909,0.6491697911087306,0.6199087650700554,0.5400782013685239,0.45992179863147603,0.45,0.6,6138.0,3315.0,2823.0,0.7063832148945653,0.21882884066514852,0.6269735220696954,0.1971076593465453,0.5589271611803173,0.35265357104904727,3315.0,2823.0,6138.0,0.821906802356722,0.6199087650700554,4825.0,0.8418652849740933,0.6952240275726244,4062.0,2643.0,0.7854710556186152,0.4725433526011561,2076.0
0.45,0.2,0.0,0.0,0.6,0.45,1.0,1.0,False,7468.0,0.791644349223353,0.6377952755905512,0.6112531969309463,0.6245242362607487,0.6491697911087306,0.6255074424898511,0.537043301759134,0.46295669824086605,0.45,0.6,5912.0,3175.0,2737.0,0.7063832148945653,0.21882884066514852,0.6269735220696954,0.1987145152651312,0.5444859199089641,0.3649580420708684,3175.0,2737.0,5912.0,0.791644349223353,0.6255074424898511,4825.0,0.8176165803108808,0.7211660329531052,3945.0,2643.0,0.7442300416193719,0.43365531265887136,1967.0
0.45,0.2,0.0,0.0,0.6,0.45,1.0,1.0,True,7468.0,0.8272629887520085,0.6308383233532934,0.6057082452431289,0.6182732842982112,0.6491697911087306,0.6192942699902881,0.5406280349627711,0.4593719650372289,0.45,0.6,6178.0,3340.0,2838.0,0.7063832148945653,0.21882884066514852,0.6269735220696954,0.19737546866630962,0.5611985032435933,0.35170348375044935,3340.0,2838.0,6178.0,0.8272629887520085,0.6192942699902881,4825.0,0.8462176165803109,0.6967915748224345,4083.0,2643.0,0.7926598562239879,0.4682577565632458,2095.0
0.45,0.2,0.0,0.0,0.6,0.55,0.5,0.55,False,7468.0,0.5544991965720407,0.6689280868385346,0.6264248704663212,0.6476764786524278,0.6491697911087306,0.6491185703936247,0.5339290026563632,0.46607099734363683,0.45,0.6,4141.0,2211.0,1930.0,0.7063832148945653,0.21882884066514852,0.6269735220696954,0.16537225495447244,0.4410934944076869,0.37491429153027767,2211.0,1930.0,4141.0,0.5544991965720407,0.6491185703936247,4825.0,0.5900518134715026,0.7685282753775905,2847.0,2643.0,0.48959515701853956,0.38639876352395675,1294.0
0.45,0.2,0.0,0.0,0.6,0.55,0.5,0.55,True,7468.0,0.5816818425281199,0.6580866580866581,0.618976651763537,0.6385316549250976,0.6491697911087306,0.639963167587477,0.5366022099447514,0.4633977900552486,0.45,0.6,4344.0,2331.0,2013.0,0.7063832148945653,0.21882884066514852,0.6269735220696954,0.16282806641671127,0.45763182587720486,0.3558058185848344,2331.0,2013.0,4344.0,0.5816818425281199,0.639963167587477,4825.0,0.6130569948186528,0.7396889790398918,2958.0,2643.0,0.5244040862656073,0.42712842712842713,1386.0
0.45,0.2,0.0,0.0,0.6,0.55,0.5,0.65,False,7468.0,0.5863685056239957,0.6659601526070369,0.6267326732673267,0.6463464129371819,0.6491697911087306,0.6478648093171957,0.5387074674583238,0.4612925325416762,0.45,0.6,4379.0,2359.0,2020.0,0.7063832148945653,0.21882884066514852,0.6269735220696954,0.17340653454740224,0.4544017886609787,0.38161499112578945,2359.0,2020.0,4379.0,0.5863685056239957,0.6478648093171957,4825.0,0.6209326424870466,0.7800400534045394,2996.0,2643.0,0.5232690124858116,0.3615328994938539,1383.0
0.45,0.2,0.0,0.0,0.6,0.55,0.5,0.65,True,7468.0,0.613551151580075,0.6559096409842678,0.6195910603899192,0.6377503506870935,0.6491697911087306,0.6392405063291139,0.5410301178524661,0.4589698821475338,0.45,0.6,4582.0,2479.0,2103.0,0.7063832148945653,0.21882884066514852,0.6269735220696954,0.1708623460096411,0.4704725313822444,0.3631717786108552,2479.0,2103.0,4582.0,0.613551151580075,0.6392405063291139,4825.0,0.6439378238341968,0.7521725136787898,3107.0,2643.0,0.5580779417328793,0.40135593220338983,1475.0
0.45,0.2,0.0,0.0,0.6,0.55,0.5,1.0,False,7468.0,0.5917246920192822,0.6640100671140939,0.6265356265356266,0.6452728468248603,0.6491697911087306,0.6467526589726182,0.5394885720751301,0.4605114279248699,0.45,0.6,4419.0,2384.0,2035.0,0.7063832148945653,0.21882884066514852,0.6269735220696954,0.17367434386716657,0.457192709998812,0.37987120106884,2384.0,2035.0,4419.0,0.5917246920192822,0.6467526589726182,4825.0,0.6252849740932642,0.7815710971163408,3017.0,2643.0,0.5304578130911842,0.3566333808844508,1402.0
0.45,0.2,0.0,0.0,0.6,0.55,0.5,1.0,True,7468.0,0.6189073379753616,0.6541533546325878,0.619452313503305,0.6368028340679464,0.6491697911087306,0.6382518390307226,0.5417568152315015,0.4582431847684985,0.45,0.6,4622.0,2504.0,2118.0,0.7063832148945653,0.21882884066514852,0.6269735220696954,0.1711301553294054,0.4731686711131434,0.3616683981355245,2504.0,2118.0,4622.0,0.6189073379753616,0.6382518390307226,4825.0,0.6482901554404145,0.7538363171355499,3128.0,2643.0,0.565266742338252,0.3962516733601071,1494.0
0.45,0.2,0.0,0.0,0.6,0.55,0.55,0.55,False,7468.0,0.6079271558650241,0.6722861842105263,0.6342504743833017,0.653268329296914,0.6491697911087306,0.654625550660793,0.5356828193832599,0.4643171806167401,0.45,0.6,4540.0,2432.0,2108.0,0.7063832148945653,0.21882884066514852,0.6269735220696954,0.18800214247455815,0.45821665912015136,0.4102909371203397,2432.0,2108.0,4540.0,0.6079271558650241,0.654625550660793,4825.0,0.6489119170984456,0.7895241137016927,3131.0,2643.0,0.5331063185773742,0.35486160397445,1409.0
0.45,0.2,0.0,0.0,0.6,0.55,0.55,0.55,True,7468.0,0.6351098018211033,0.6622257053291536,0.627110908261068,0.6446683067951108,0.6491697911087306,0.6460046384145056,0.538056082648113,0.461943917351887,0.45,0.6,4743.0,2552.0,2191.0,0.7063832148945653,0.21882884066514852,0.6269735220696954,0.185457953936797,0.4741581212445413,0.3911310291385884,2552.0,2191.0,4743.0,0.6351098018211033,0.6460046384145056,4825.0,0.6719170984455959,0.7624922887106724,3242.0,2643.0,0.5679152478244419,0.3944037308461026,1501.0
0.45,0.2,0.0,0.0,0.6,0.55,0.55,0.65,False,7468.0,0.6399303695768612,0.6693798449612403,0.6343792633015006,0.6518795541313704,0.6491697911087306,0.6532747436702239,0.5398618957940992,0.4601381042059008,0.45,0.6,4779.0,2580.0,2199.0,0.7063832148945653,0.21882884066514852,0.6269735220696954,0.19617032672737006,0.47104142219633466,0.41646088323333136,2580.0,2199.0,4779.0,0.6399303695768612,0.6532747436702239,4825.0,0.68,0.7991466016458397,3281.0,2643.0,0.5667801740446462,0.33377837116154874,1498.0
0.45,0.2,0.0,0.0,0.6,0.55,0.55,0.65,True,7468.0,0.6671130155329406,0.66,0.6275197195442594,0.6437598597721297,0.6491697911087306,0.6451224407868326,0.5419510236852669,0.458048976314733,0.45,0.6,4982.0,2700.0,2282.0,0.7063832148945653,0.21882884066514852,0.6269735220696954,0.19362613818960894,0.48656288254619856,0.39794679194672106,2700.0,2282.0,4982.0,0.6671130155329406,0.6451224407868326,4825.0,0.7030051813471503,0.7729952830188679,3392.0,2643.0,0.601589103291714,0.3723270440251572,1590.0
0.45,0.2,0.0,0.0,0.6,0.55,0.55,1.0,False,7468.0,0.6452865559721478,0.6675623800383877,0.6341463414634146,0.6508543607509012,0.6491697911087306,0.6522100020751194,0.5405685826935048,0.4594314173064951,0.45,0.6,4819.0,2605.0,2214.0,0.7063832148945653,0.21882884066514852,0.6269735220696954,0.19643813604713448,0.47373432423934264,0.41465886256510504,2605.0,2214.0,4819.0,0.6452865559721478,0.6522100020751194,4825.0,0.6843523316062177,0.8004239854633556,3302.0,2643.0,0.573968974650019,0.3295978905735003,1517.0
0.45,0.2,0.0,0.0,0.6,0.55,0.55,1.0,True,7468.0,0.6724692019282271,0.658348623853211,0.6273400087070091,0.6428443162801101,0.6491697911087306,0.6441656710473915,0.5426125049780963,0.4573874950219036,0.45,0.6,5022.0,2725.0,2297.0,0.7063832148945653,0.21882884066514852,0.6269735220696954,0.19389394750937342,0.48917034579932056,0.3963730613975471,2725.0,2297.0,5022.0,0.6724692019282271,0.6441656710473915,4825.0,0.7073575129533679,0.7743920304717258,3413.0,2643.0,0.6087779038970866,0.36793039154754503,1609.0
0.45,0.2,0.0,0.0,0.6,0.55,0.6,0.55,False,7468.0,0.6359132297803963,0.675049115913556,0.6320326678765881,0.653540891895072,0.6491697911087306,0.655085281111813,0.5359022952200463,0.46409770477995366,0.45,0.6,4749.0,2545.0,2204.0,0.7063832148945653,0.21882884066514852,0.6269735220696954,0.19724156400642737,0.468333036296805,0.4211566315416322,2545.0,2204.0,4749.0,0.6359132297803963,0.655085281111813,4825.0,0.677720207253886,0.7984709480122324,3270.0,2643.0,0.5595913734392736,0.3380662609871535,1479.0
0.45,0.2,0.0,0.0,0.6,0.55,0.6,0.55,True,7468.0,0.6630958757364757,0.6652908067542214,0.6252732837778749,0.6452820452660482,0.6491697911087306,0.6468093699515347,0.5381663974151858,0.4618336025848142,0.45,0.6,4952.0,2665.0,2287.0,0.7063832148945653,0.21882884066514852,0.6269735220696954,0.19469737546866628,0.4839413705542281,0.40231603932867205,2665.0,2287.0,4952.0,0.6630958757364757,0.6468093699515347,4825.0,0.7007253886010363,0.772256728778468,3381.0,2643.0,0.5944003026863413,0.3768300445576066,1571.0
0.45,0.2,0.0,0.0,0.6,0.55,0.6,0.65,False,7468.0,0.6679164434922336,0.6721128852580764,0.632244008714597,0.6521784469863368,0.6491697911087306,0.6537690457097033,0.5398957497995188,0.4601042502004812,0.45,0.6,4988.0,2693.0,2295.0,0.7063832148945653,0.21882884066514852,0.6269735220696954,0.20540974825923944,0.4808880822150795,0.4271466810179108,2693.0,2295.0,4988.0,0.6679164434922336,0.6537690457097033,4825.0,0.7088082901554404,0.8073099415204679,3420.0,2643.0,0.5932652289065455,0.31887755102040816,1568.0
0.45,0.2,0.0,0.0,0.6,0.55,0.6,0.65,True,7468.0,0.6950990894483128,0.6629932456452187,0.6257359125315392,0.644364579088379,0.6491697911087306,0.6459256405316894,0.5418994413407822,0.4581005586592179,0.45,0.6,5191.0,2813.0,2378.0,0.7063832148945653,0.21882884066514852,0.6269735220696954,0.20286555972147827,0.49610156708421843,0.4089194092125085,2813.0,2378.0,5191.0,0.6950990894483128,0.6459256405316894,4825.0,0.7318134715025907,0.7819314641744548,3531.0,2643.0,0.6280741581536133,0.3566265060240964,1660.0
0.45,0.2,0.0,0.0,0.6,0.55,0.6,1.0,False,7468.0,0.6732726298875201,0.6703458425312729,0.6320346320346321,0.6511902372829526,0.6491697911087306,0.652744630071599,0.5405727923627685,0.4594272076372315,0.45,0.6,5028.0,2718.0,2310.0,0.7063832148945653,0.21882884066514852,0.6269735220696954,0.2056775575790037,0.4835261483666196,0.4253700824118713,2718.0,2310.0,5028.0,0.6732726298875201,0.652744630071599,4825.0,0.7131606217616581,0.8084859052600988,3441.0,2643.0,0.6004540295119183,0.315059861373661,1587.0
0.45,0.2,0.0,0.0,0.6,0.55,0.6,1.0,True,7468.0,0.7004552758435993,0.6613812544045102,0.6255745925616382,0.6434779234830742,0.6491697911087306,0.6450009558401836,0.5425348881666985,0.45746511183330146,0.45,0.6,5231.0,2838.0,2393.0,0.7063832148945653,0.21882884066514852,0.6269735220696954,0.2031333690412427,0.49865915553730517,0.40735914859994204,2838.0,2393.0,5231.0,0.7004552758435993,0.6450009558401836,4825.0,0.7361658031088083,0.7832207207207207,3552.0,2643.0,0.635262958758986,0.35259082787373436,1679.0
0.45,0.2,0.0,0.0,0.6,0.55,1.0,0.55,False,7468.0,0.6479646491697911,0.6755094194540562,0.6331546023235032,0.6543320108887797,0.6491697911087306,0.6559206447613143,0.5375077495350279,0.4624922504649721,0.45,0.6,4839.0,2601.0,2238.0,0.7063832148945653,0.21882884066514852,0.6269735220696954,0.2020621317621853,0.47217714758743135,0.42793712655221244,2601.0,2238.0,4839.0,0.6479646491697911,0.6559206447613143,4825.0,0.6907772020725389,0.8022802280228023,3333.0,2643.0,0.5698070374574348,0.33200531208499334,1506.0
0.45,0.2,0.0,0.0,0.6,0.55,1.0,0.55,True,7468.0,0.6751472951258704,0.6659316427783903,0.6264541146057734,0.6461928786920819,0.6491697911087306,0.6477588258627529,0.5396667988893297,0.4603332011106704,0.45,0.6,5042.0,2721.0,2321.0,0.7063832148945653,0.21882884066514852,0.6269735220696954,0.19951794322442423,0.4876624610842248,0.4091312314276436,2721.0,2321.0,5042.0,0.6751472951258704,0.6477588258627529,4825.0,0.7137823834196891,0.7764227642276422,3444.0,2643.0,0.6046159667045025,0.3704630788485607,1598.0
0.45,0.2,0.0,0.0,0.6,0.55,1.0,0.65,False,7468.0,0.6799678628816282,0.672608221171335,0.6333190210390726,0.6529636211052038,0.6491697911087306,0.6545884206380465,0.5413548641197322,0.45864513588026784,0.45,0.6,5078.0,2749.0,2329.0,0.7063832148945653,0.21882884066514852,0.6269735220696954,0.21023031601499728,0.4846326169721921,0.433793163424368,2749.0,2329.0,5078.0,0.6799678628816282,0.6545884206380465,4825.0,0.7218652849740933,0.8107952914154465,3483.0,2643.0,0.6034808929247067,0.31347962382445144,1595.0
0.45,0.2,0.0,0.0,0.6,0.55,1.0,0.65,True,7468.0,0.7071505088377076,0.6636458696409899,0.6268656716417911,0.6452557706413905,0.6491697911087306,0.6468471880325696,0.5432683203938647,0.4567316796061352,0.45,0.6,5281.0,2869.0,2412.0,0.7063832148945653,0.21882884066514852,0.6269735220696954,0.2076861274772362,0.49973211891996266,0.41559491498384016,2869.0,2412.0,5281.0,0.7071505088377076,0.6468471880325696,4825.0,0.7448704663212435,0.7857540345019477,3594.0,2643.0,0.6382898221717745,0.3509187907528156,1687.0
0.45,0.2,0.0,0.0,0.6,0.55,1.0,1.0,False,7468.0,0.6853240492769148,0.670872386445566,0.6331058020477816,0.6519890942466737,0.6491697911087306,0.6535756154747948,0.5420085971082454,0.4579914028917546,0.45,0.6,5118.0,2774.0,2344.0,0.7063832148945653,0.21882884066514852,0.6269735220696954,0.21049812533476162,0.4872504099239698,0.4320122077836889,2774.0,2344.0,5118.0,0.6853240492769148,0.6535756154747948,4825.0,0.7262176165803109,0.8119292237442922,3504.0,2643.0,0.6106696935300795,0.3097893432465923,1614.0
0.45,0.2,0.0,0.0,0.6,0.55,1.0,1.0,True,7468.0,0.7125066952329941,0.6620594333102972,0.6266996291718171,0.6443795312410572,0.6491697911087306,0.645931215936854,0.543882728810374,0.45611727118962603,0.45,0.6,5321.0,2894.0,2427.0,0.7063832148945653,0.21882884066514852,0.6269735220696954,0.20795393679700055,0.5022712207741916,0.4140271793324415,2894.0,2427.0,5321.0,0.7125066952329941,0.645931215936854,4825.0,0.7492227979274612,0.7869986168741355,3615.0,2643.0,0.6454786227771472,0.347010550996483,1706.0
0.45,0.2,0.0,0.45,0.5,0.45,0.5,0.55,False,7468.0,0.6681842528119979,0.6360211002260738,0.6087328767123288,0.6223769884692013,0.6491697911087306,0.6232464929859719,0.5318637274549098,0.46813627254509016,0.45,0.5,4990.0,2654.0,2336.0,0.7063832148945653,0.21882884066514852,0.6269735220696954,0.16470273165506155,0.5017377408352577,0.32826458575923756,2654.0,2336.0,4990.0,0.6681842528119979,0.6232464929859719,4825.0,0.6870466321243524,0.702262443438914,3315.0,2643.0,0.6337495270525918,0.46686567164179105,1675.0
0.45,0.2,0.0,0.45,0.5,0.45,0.5,0.55,True,7468.0,0.7035350830208891,0.627973020944267,0.602379975379565,0.615176498161916,0.6491697911087306,0.6161020175104682,0.5361629234868671,0.46383707651313283,0.45,0.5,5254.0,2817.0,2437.0,0.7063832148945653,0.21882884066514852,0.6269735220696954,0.16336368505623997,0.5196976996123078,0.31434367552157444,2817.0,2437.0,5254.0,0.7035350830208891,0.6161020175104682,4825.0,0.7154404145077721,0.6743916570104287,3452.0,2643.0,0.6818009837306092,0.5044395116537181,1802.0
0.45,0.2,0.0,0.45,0.5,0.45,0.5,0.65,False,7468.0,0.7000535618639528,0.635260528194147,0.6096455070074196,0.6224530176007833,0.6491697911087306,0.6233741392501913,0.5359602142310635,0.4640397857689365,0.45,0.5,5228.0,2802.0,2426.0,0.7063832148945653,0.21882884066514852,0.6269735220696954,0.17273701124799137,0.5134766550759448,0.33640674710409774,2802.0,2426.0,5228.0,0.7000535618639528,0.6233741392501913,4825.0,0.7179274611398964,0.7150692840646651,3464.0,2643.0,0.6674233825198638,0.4433106575963719,1764.0
0.45,0.2,0.0,0.45,0.5,0.45,0.5,0.65,True,7468.0,0.7354043920728441,0.6276559865092749,0.6034823901859913,0.6155691883476331,0.6491697911087306,0.6165331391114348,0.5398761835396941,0.4601238164603059,0.45,0.5,5492.0,2965.0,2527.0,0.7063832148945653,0.21882884066514852,0.6269735220696954,0.1713979646491698,0.5310397477701996,0.32275920092395793,2965.0,2527.0,5492.0,0.7354043920728441,0.6165331391114348,4825.0,0.7463212435233161,0.6878644820883087,3601.0,2643.0,0.7154748391978812,0.48069804336329985,1891.0
0.45,0.2,0.0,0.45,0.5,0.45,0.5,1.0,False,7468.0,0.7054097482592394,0.6338875132649452,0.6095862351495289,0.6217368742072371,0.6491697911087306,0.6226271829916477,0.5366362946089598,0.46336370539104027,0.45,0.5,5268.0,2827.0,2441.0,0.7063832148945653,0.21882884066514852,0.6269735220696954,0.1730048205677557,0.5159481212735849,0.3353143725782049,2827.0,2441.0,5268.0,0.7054097482592394,0.6226271829916477,4825.0,0.722279792746114,0.7167862266857963,3485.0,2643.0,0.6746121831252365,0.43858665171060013,1783.0
0.45,0.2,0.0,0.45,0.5,0.45,0.5,1.0,True,7468.0,0.7407605784681307,0.6264214046822743,0.6034618410700237,0.614941622876149,0.6491697911087306,0.6158712942877802,0.5404916847433117,0.45950831525668834,0.45,0.5,5532.0,2990.0,2542.0,0.7063832148945653,0.21882884066514852,0.6269735220696954,0.17166577396893415,0.5334298475428595,0.32181508919997454,2990.0,2542.0,5532.0,0.7407605784681307,0.6158712942877802,4825.0,0.7506735751295337,0.6896742131419106,3622.0,2643.0,0.7226636398032539,0.47591623036649217,1910.0
0.45,0.2,0.0,0.45,0.5,0.45,0.55,0.55,False,7468.0,0.7734333154793787,0.636924075275795,0.6176688938381588,0.6272964845569768,0.6491697911087306,0.6279432132963989,0.5335872576177285,0.4664127423822715,0.45,0.5,5776.0,3082.0,2694.0,0.7063832148945653,0.21882884066514852,0.6269735220696954,0.19791108730583826,0.5364336996188533,0.36893857982162187,3082.0,2694.0,5776.0,0.7734333154793787,0.6279432132963989,4825.0,0.7941968911917099,0.7424321503131524,3832.0,2643.0,0.735527809307605,0.4022633744855967,1944.0
0.45,0.2,0.0,0.45,0.5,0.45,0.55,0.55,True,7468.0,0.80878414568827,0.6298921417565485,0.6118067978533095,0.6208494698049289,0.6491697911087306,0.621523178807947,0.5372516556291391,0.46274834437086093,0.45,0.5,6040.0,3245.0,2795.0,0.7063832148945653,0.21882884066514852,0.6269735220696954,0.19657204070701664,0.5532685175307074,0.355292293847366,3245.0,2795.0,6040.0,0.80878414568827,0.621523178807947,4825.0,0.8225906735751295,0.7168052406147645,3969.0,2643.0,0.7835792659856224,0.43891839690970547,2071.0
0.45,0.2,0.0,0.45,0.5,0.45,0.55,0.65,False,7468.0,0.8054365291912159,0.6362229102167183,0.6183123877917415,0.6272676490042299,0.6491697911087306,0.627930174563591,0.5369908561928513,0.4630091438071488,0.45,0.5,6015.0,3230.0,2785.0,0.7063832148945653,0.21882884066514852,0.6269735220696954,0.20607927155865025,0.5474291084846356,0.3764492394807211,3230.0,2785.0,6015.0,0.8054365291912159,0.627930174563591,4825.0,0.8252849740932643,0.752134605725766,3982.0,2643.0,0.7692016647748771,0.38465322183964584,2033.0
0.45,0.2,0.0,0.45,0.5,0.45,0.55,0.65,True,7468.0,0.8407873594001071,0.6295313881520778,0.6126126126126126,0.6210720003823451,0.6491697911087306,0.6217550565376653,0.5403726708074534,0.45962732919254656,0.45,0.5,6279.0,3393.0,2886.0,0.7063832148945653,0.21882884066514852,0.6269735220696954,0.20474022495982866,0.5639357828867921,0.36305592085638133,3393.0,2886.0,6279.0,0.8407873594001071,0.6217550565376653,4825.0,0.8536787564766839,0.7271182325807235,4119.0,2643.0,0.8172531214528944,0.42083333333333334,2160.0
0.45,0.2,0.0,0.45,0.5,0.45,0.55,1.0,False,7468.0,0.8107927155865025,0.6350230414746544,0.6182142857142857,0.62661866359447,0.6491697911087306,0.6272502064409579,0.5375722543352601,0.4624277456647399,0.45,0.5,6055.0,3255.0,2800.0,0.7063832148945653,0.21882884066514852,0.6269735220696954,0.20634708087841452,0.5497479580262613,0.37534851719914414,3255.0,2800.0,6055.0,0.8107927155865025,0.6272502064409579,4825.0,0.8296373056994819,0.7534349238071446,4003.0,2643.0,0.7763904653802497,0.3810916179337232,2052.0
0.45,0.2,0.0,0.45,0.5,0.45,0.55,1.0,True,7468.0,0.8461435457953936,0.6284376828554711,0.6125473974491554,0.6204925401523133,0.6491697911087306,0.6211425858521918,0.5409083715777813,0.4590916284222187,0.45,0.5,6319.0,3418.0,2901.0,0.7063832148945653,0.21882884066514852,0.6269735220696954,0.205008034279593,0.5661870324882938,0.3620853578694981,3418.0,2901.0,6319.0,0.8461435457953936,0.6211425858521918,4825.0,0.8580310880829015,0.7285024154589372,4140.0,2643.0,0.8244419220582672,0.41716383662230383,2179.0
0.45,0.2,0.0,0.45,0.5,0.45,0.6,0.55,False,7468.0,0.8437332619175147,0.6363100501031536,0.6182943603851444,0.627302205244149,0.6491697911087306,0.627995556260911,0.5384859546103793,0.4615140453896207,0.45,0.5,6301.0,3393.0,2908.0,0.7063832148945653,0.21882884066514852,0.6269735220696954,0.21598821638993038,0.560243271056237,0.3855257663027774,3393.0,2908.0,6301.0,0.8437332619175147,0.627995556260911,4825.0,0.8625906735751295,0.7628543969245555,4162.0,2643.0,0.8093076049943246,0.3655913978494624,2139.0
0.45,0.2,0.0,0.45,0.5,0.45,0.6,0.55,True,7468.0,0.879084092126406,0.6299212598425197,0.6128281821203058,0.6213747209814127,0.6491697911087306,0.6220868240670221,0.5416603198781417,0.45833968012185833,0.45,0.5,6565.0,3556.0,3009.0,0.7063832148945653,0.21882884066514852,0.6269735220696954,0.21464916979110876,0.576383085428128,0.3724071285535224,3556.0,3009.0,6565.0,0.879084092126406,0.6220868240670221,4825.0,0.8909844559585492,0.7385438474063736,4299.0,2643.0,0.857359061672342,0.40114739629302737,2266.0
0.45,0.2,0.0,0.45,0.5,0.45,0.6,0.65,False,7468.0,0.8757364756293519,0.6356961310364304,0.6188729576525509,0.6272845443444907,0.6491697911087306,0.6279816513761468,0.5414373088685015,0.45856269113149845,0.45,0.5,6540.0,3541.0,2999.0,0.7063832148945653,0.21882884066514852,0.6269735220696954,0.2241564006427424,0.5707802006843832,0.39271929960775076,3541.0,2999.0,6540.0,0.8757364756293519,0.6279816513761468,4825.0,0.8936787564766839,0.7711038961038961,4312.0,2643.0,0.8429814604615967,0.3509874326750449,2228.0
0.45,0.2,0.0,0.45,0.5,0.45,0.6,0.65,True,7468.0,0.9110873058382432,0.6295896328293736,0.6135483870967742,0.621569009963074,0.6491697911087306,0.6222810111699001,0.5443856554967667,0.4556143445032334,0.45,0.5,6804.0,3704.0,3100.0,0.7063832148945653,0.21882884066514852,0.6269735220696954,0.22281735404392078,0.5866301866569442,0.3798259263023951,3704.0,3100.0,6804.0,0.9110873058382432,0.6222810111699001,4825.0,0.9220725388601037,0.7473589570690042,4449.0,2643.0,0.8910329171396141,0.38598726114649684,2355.0
0.45,0.2,0.0,0.45,0.5,0.45,0.6,1.0,False,7468.0,0.8810926620246384,0.6346045989904655,0.6187790311877903,0.6266918150891279,0.6491697911087306,0.6273556231003039,0.5419452887537994,0.4580547112462006,0.45,0.5,6580.0,3566.0,3014.0,0.7063832148945653,0.21882884066514852,0.6269735220696954,0.22442420996250662,0.573004560218386,0.39166217085074,3566.0,3014.0,6580.0,0.8810926620246384,0.6273556231003039,4825.0,0.8980310880829016,0.7722132471728594,4333.0,2643.0,0.8501702610669694,0.34801958166444147,2247.0
0.45,0.2,0.0,0.45,0.5,0.45,0.6,1.0,True,7468.0,0.9164434922335297,0.6285867524805578,0.6134831460674157,0.6210349492739868,0.6491697911087306,0.6217124488603156,0.5448568088836937,0.45514319111630624,0.45,0.5,6844.0,3729.0,3115.0,0.7063832148945653,0.21882884066514852,0.6269735220696954,0.22308516336368509,0.5887946708615172,0.3788844811337535,3729.0,3115.0,6844.0,0.9164434922335297,0.6217124488603156,4825.0,0.9264248704663213,0.7485458612975392,4470.0,2643.0,0.8982217177449867,0.38289806234203877,2374.0
0.45,0.2,0.0,0.45,0.5,0.45,1.0,0.55,False,7468.0,0.8813604713444028,0.6348582655065955,0.6207353428287512,0.6277968041676734,0.6491697911087306,0.6283804314797934,0.5413248252810696,0.45867517471893043,0.45,0.5,6582.0,3563.0,3019.0,0.7063832148945653,0.21882884066514852,0.6269735220696954,0.226298875200857,0.572303064880639,0.3954178984661815,3563.0,3019.0,6582.0,0.8813604713444028,0.6283804314797934,4825.0,0.8996891191709845,0.7726330338631652,4341.0,2643.0,0.8479001135073779,0.34895136099955376,2241.0
0.45,0.2,0.0,0.45,0.5,0.45,1.0,0.55,True,7468.0,0.9167113015532941,0.6288244766505636,0.6153846153846154,0.6221045460175896,0.6491697911087306,0.6226993865030674,0.544259421560035,0.45574057843996496,0.45,0.5,6846.0,3726.0,3120.0,0.7063832148945653,0.21882884066514852,0.6269735220696954,0.22495982860203528,0.588112010144011,0.3825118765164298,3726.0,3120.0,6846.0,0.9167113015532941,0.6226993865030674,4825.0,0.9280829015544041,0.748995087092452,4478.0,2643.0,0.8959515701853954,0.38386824324324326,2368.0
0.45,0.2,0.0,0.45,0.5,0.45,1.0,0.65,False,7468.0,0.91336368505624,0.6343303691727297,0.6212218649517685,0.6277761170622491,0.6491697911087306,0.628353613839613,0.5440551238821287,0.45594487611787127,0.45,0.5,6821.0,3711.0,3110.0,0.7063832148945653,0.21882884066514852,0.6269735220696954,0.23446705945366902,0.5826219295574837,0.402434318996116,3711.0,3110.0,6821.0,0.91336368505624,0.628353613839613,4825.0,0.9307772020725389,0.7802271209084837,4491.0,2643.0,0.88157396897465,0.3356223175965665,2330.0
0.45,0.2,0.0,0.45,0.5,0.45,1.0,0.65,True,7468.0,0.9487145152651312,0.6285493030459474,0.6160074743070695,0.6222783886765084,0.6491697911087306,0.6228652081863091,0.5467889908256881,0.45321100917431195,0.45,0.5,7085.0,3874.0,3211.0,0.7063832148945653,0.21882884066514852,0.6269735220696954,0.2331280128548473,0.5981582158636141,0.38974305906382933,3874.0,3211.0,7085.0,0.9487145152651312,0.6228652081863091,4825.0,0.9591709844559585,0.7571305099394987,4628.0,2643.0,0.9296254256526674,0.36996336996337,2457.0
0.45,0.2,0.0,0.45,0.5,0.45,1.0,1.0,False,7468.0,0.9187198714515266,0.6332976445396146,0.62112,0.6272088222698073,0.6491697911087306,0.6277510566972745,0.5445270368750911,0.4554729631249089,0.45,0.5,6861.0,3736.0,3125.0,0.7063832148945653,0.21882884066514852,0.6269735220696954,0.2347348687734334,0.5848012494335546,0.40139255687432335,3736.0,3125.0,6861.0,0.9187198714515266,0.6277510566972745,4825.0,0.9351295336787565,0.78125,4512.0,2643.0,0.8887627695800226,0.3329076202639421,2349.0
0.45,0.2,0.0,0.45,0.5,0.45,1.0,1.0,True,7468.0,0.9540707016604177,0.6275968196973583,0.6159330440173589,0.6217649318573586,0.6491697911087306,0.6223157894736842,0.5472280701754386,0.4527719298245614,0.45,0.5,7125.0,3899.0,3226.0,0.7063832148945653,0.21882884066514852,0.6269735220696954,0.23339582217461155,0.6002811339221841,0.38881085708895063,3899.0,3226.0,7125.0,0.9540707016604177,0.6223157894736842,4825.0,0.9635233160621761,0.7582275758227576,4649.0,2643.0,0.9368142262580401,0.36712439418416803,2476.0
0.45,0.2,0.0,0.45,0.5,0.55,0.5,0.55,False,7468.0,0.6376539903588645,0.6453396524486572,0.6139013452914798,0.6296204988700684,0.6491697911087306,0.630617387652247,0.5317093658126838,0.46829063418731626,0.45,0.5,4762.0,2532.0,2230.0,0.7063832148945653,0.21882884066514852,0.6269735220696954,0.1665773968934119,0.48532287884739816,0.3432300518966249,2532.0,2230.0,4762.0,0.6376539903588645,0.630617387652247,4825.0,0.6619689119170984,0.7288666249217283,3194.0,2643.0,0.5932652289065455,0.430484693877551,1568.0
0.45,0.2,0.0,0.45,0.5,0.55,0.5,0.55,True,7468.0,0.669121585431173,0.6365334329473291,0.6081896551724137,0.6223615440598714,0.6491697911087306,0.6233740244146488,0.5357214328597159,0.46427856714028415,0.45,0.5,4997.0,2677.0,2320.0,0.7063832148945653,0.21882884066514852,0.6269735220696954,0.16510444563470814,0.5020045516708314,0.3288903359246203,2677.0,2320.0,4997.0,0.669121585431173,0.6233740244146488,4825.0,0.687461139896373,0.7018390111546579,3317.0,2643.0,0.6356413166855845,0.46845238095238095,1680.0
0.45,0.2,0.0,0.45,0.5,0.55,0.5,0.65,False,7468.0,0.6695232994108195,0.6440298507462686,0.6146551724137931,0.6293425115800309,0.6491697911087306,0.6304,0.536,0.464,0.45,0.5,5000.0,2680.0,2320.0,0.7063832148945653,0.21882884066514852,0.6269735220696954,0.17461167648634165,0.49744930541939536,0.3510140120491836,2680.0,2320.0,5000.0,0.6695232994108195,0.6304,4825.0,0.6928497409326425,0.7409512413999402,3343.0,2643.0,0.6269390843738176,0.40736270368135186,1657.0
0.45,0.2,0.0,0.45,0.5,0.55,0.5,0.65,True,7468.0,0.700990894483128,0.6357522123893805,0.6091286307053941,0.6224404215473873,0.6491697911087306,0.6234957020057307,0.5396370582617,0.4603629417382999,0.45,0.5,5235.0,2825.0,2410.0,0.7063832148945653,0.21882884066514852,0.6269735220696954,0.17313872522763796,0.5137373693121272,0.3370179698227198,2825.0,2410.0,5235.0,0.700990894483128,0.6234957020057307,4825.0,0.7183419689119172,0.7146566647432199,3466.0,2643.0,0.6693151721528566,0.4448841153193895,1769.0
0.45,0.2,0.0,0.45,0.5,0.55,0.5,1.0,False,7468.0,0.674879485806106,0.6425138632162661,0.6145610278372591,0.6285374455267626,0.6491697911087306,0.629563492063492,0.5367063492063492,0.4632936507936508,0.45,0.5,5040.0,2705.0,2335.0,0.7063832148945653,0.21882884066514852,0.6269735220696954,0.17487948580610602,0.5,0.34975897161221203,2705.0,2335.0,5040.0,0.674879485806106,0.629563492063492,4825.0,0.6972020725388601,0.7425683709869203,3364.0,2643.0,0.6341278849791903,0.40274463007159905,1676.0
0.45,0.2,0.0,0.45,0.5,0.55,0.5,1.0,True,7468.0,0.7063470808784146,0.6343859649122807,0.6090721649484536,0.6217290649303672,0.6491697911087306,0.6227488151658768,0.5402843601895735,0.4597156398104265,0.45,0.5,5275.0,2850.0,2425.0,0.7063832148945653,0.21882884066514852,0.6269735220696954,0.17340653454740224,0.5162075872800652,0.33592403292848466,2850.0,2425.0,5275.0,0.7063470808784146,0.6227488151658768,4825.0,0.7226943005181348,0.7163751075422999,3487.0,2643.0,0.6765039727582293,0.4401565995525727,1788.0
0.45,0.2,0.0,0.45,0.5,0.55,0.55,0.55,False,7468.0,0.7429030530262453,0.6449324324324325,0.6224884080370943,0.6337104202347634,0.6491697911087306,0.6344628695025234,0.5335255948089401,0.4664744051910598,0.45,0.5,5548.0,2960.0,2588.0,0.7063832148945653,0.21882884066514852,0.6269735220696954,0.19978575254418848,0.521112895869051,0.3833828602744694,2960.0,2588.0,5548.0,0.7429030530262453,0.6344628695025234,4825.0,0.7691191709844559,0.7666397197520883,3711.0,2643.0,0.6950435111615588,0.3674469243331519,1837.0
0.45,0.2,0.0,0.45,0.5,0.55,0.55,0.55,True,7468.0,0.7743706480985538,0.6373590982286634,0.6172516803584764,0.6273053892935699,0.6491697911087306,0.628047726093723,0.536918554383538,0.46308144561646203,0.45,0.5,5783.0,3105.0,2678.0,0.7063832148945653,0.21882884066514852,0.6269735220696954,0.19831280128548467,0.536683261716382,0.3695155325904051,3105.0,2678.0,5783.0,0.7743706480985538,0.628047726093723,4825.0,0.7946113989637306,0.7420448617631716,3834.0,2643.0,0.7374195989405978,0.40379681888147767,1949.0
0.45,0.2,0.0,0.45,0.5,0.55,0.55,0.65,False,7468.0,0.7749062667380825,0.6438223938223938,0.6229936543486375,0.6334080240855157,0.6491697911087306,0.634180058752376,0.5370658372213583,0.4629341627786418,0.45,0.5,5787.0,3108.0,2679.0,0.7063832148945653,0.21882884066514852,0.6269735220696954,0.20795393679700058,0.5324247974789876,0.39057898464093904,3108.0,2679.0,5787.0,0.7749062667380825,0.634180058752376,4825.0,0.8002072538860103,0.7757057757057757,3861.0,2643.0,0.7287173666288309,0.35046728971962615,1926.0
0.45,0.2,0.0,0.45,0.5,0.55,0.55,0.65,True,7468.0,0.806373861810391,0.6366430986781433,0.6179126038280968,0.6272778512531201,0.6491697911087306,0.6280305546330123,0.5401859847226835,0.4598140152773165,0.45,0.5,6022.0,3253.0,2769.0,0.7063832148945653,0.21882884066514852,0.6269735220696954,0.2064809855382967,0.5476736602540304,0.37701463576415833,3253.0,2769.0,6022.0,0.806373861810391,0.6280305546330123,4825.0,0.825699481865285,0.7517570281124498,3984.0,2643.0,0.7710934544078698,0.3861629048086359,2038.0
0.45,0.2,0.0,0.45,0.5,0.55,0.55,1.0,False,7468.0,0.7802624531333691,0.6425151611873604,0.6228656273199703,0.6326903942536654,0.6491697911087306,0.6334305817744981,0.5376694697099709,0.4623305302900292,0.45,0.5,5827.0,3133.0,2694.0,0.7063832148945653,0.21882884066514852,0.6269735220696954,0.20822174611676494,0.5348087073976097,0.38933873595659335,3133.0,2694.0,5827.0,0.7802624531333691,0.6334305817744981,4825.0,0.804559585492228,0.7769191138588356,3882.0,2643.0,0.7359061672342035,0.34704370179948585,1945.0
0.45,0.2,0.0,0.45,0.5,0.55,0.55,1.0,True,7468.0,0.8117300482056775,0.6354484441732764,0.617816091954023,0.6266322680636497,0.6491697911087306,0.6273507093368526,0.5407456285054437,0.4592543714945563,0.45,0.5,6062.0,3278.0,2784.0,0.7063832148945653,0.21882884066514852,0.6269735220696954,0.2067487948580611,0.5499914787283602,0.37591272384089786,3278.0,2784.0,6062.0,0.8117300482056775,0.6273507093368526,4825.0,0.8300518134715026,0.7530586766541822,4005.0,2643.0,0.7782822550132426,0.3825960136120564,2057.0
0.45,0.2,0.0,0.45,0.5,0.55,0.6,0.55,False,7468.0,0.8132029994643813,0.6435340874350352,0.6227694503925767,0.633151768913806,0.6491697911087306,0.6339535649596575,0.53861353532027,0.46138646467972994,0.45,0.5,6073.0,3271.0,2802.0,0.7063832148945653,0.21882884066514852,0.6269735220696954,0.21786288162828063,0.5455914762146219,0.399315039046869,3271.0,2802.0,6073.0,0.8132029994643813,0.6339535649596575,4825.0,0.8375129533678757,0.7856966097500618,4041.0,2643.0,0.7688233068482785,0.33218503937007876,2032.0
0.45,0.2,0.0,0.45,0.5,0.55,0.6,0.55,True,7468.0,0.8446705945366899,0.6367096018735363,0.617911479944675,0.6273105409091057,0.6491697911087306,0.6280913126188966,0.5415345592897908,0.4584654407102093,0.45,0.5,6308.0,3416.0,2892.0,0.7063832148945653,0.21882884066514852,0.6269735220696954,0.21638993036957682,0.5604822317286753,0.3860781272265726,3416.0,2892.0,6308.0,0.8446705945366899,0.6280913126188966,4825.0,0.8630051813471502,0.7624879923150817,4164.0,2643.0,0.8111993946273175,0.3670708955223881,2144.0
0.45,0.2,0.0,0.45,0.5,0.55,0.6,0.65,False,7468.0,0.8452062131762186,0.6425855513307985,0.6232284825440719,0.6329070169374352,0.6491697911087306,0.6337135614702155,0.5416666666666666,0.4583333333333333,0.45,0.5,6312.0,3419.0,2893.0,0.7063832148945653,0.21882884066514852,0.6269735220696954,0.22603106588109276,0.5564059432173266,0.4062340969510588,3419.0,2893.0,6312.0,0.8452062131762186,0.6337135614702155,4825.0,0.8686010362694301,0.793366738248628,4191.0,2643.0,0.8024971623155505,0.31824611032531824,2121.0
0.45,0.2,0.0,0.45,0.5,0.55,0.6,0.65,True,7468.0,0.876673808248527,0.6360830527497194,0.6185048608783105,0.627293956814015,0.6491697911087306,0.6280739269894609,0.5443714678478693,0.4556285321521307,0.45,0.5,6547.0,3564.0,2983.0,0.7063832148945653,0.21882884066514852,0.6269735220696954,0.2245581146223889,0.571014751834897,0.3932614943848553,3564.0,2983.0,6547.0,0.876673808248527,0.6280739269894609,4825.0,0.8940932642487046,0.7707464070468243,4314.0,2643.0,0.8448732500945895,0.35244066278549036,2233.0
0.45,0.2,0.0,0.45,0.5,0.55,0.6,1.0,False,7468.0,0.850562399571505,0.6414053426248548,0.6231086657496562,0.6322570041872555,0.6491697911087306,0.633028967254408,0.542191435768262,0.45780856423173805,0.45,0.5,6352.0,3444.0,2908.0,0.7063832148945653,0.21882884066514852,0.6269735220696954,0.22629887520085695,0.5586875353767292,0.40505445507793747,3444.0,2908.0,6352.0,0.850562399571505,0.633028967254408,4825.0,0.8729533678756477,0.7943969610636278,4212.0,2643.0,0.8096859629209232,0.31542056074766356,2140.0
0.45,0.2,0.0,0.45,0.5,0.55,0.6,1.0,True,7468.0,0.8820299946438136,0.6349958205628309,0.6184122748498999,0.6267040477063655,0.6491697911087306,0.6274480036435403,0.5448610900258084,0.4551389099741916,0.45,0.5,6587.0,3589.0,2998.0,0.7063832148945653,0.21882884066514852,0.6269735220696954,0.2248259239421531,0.5732382012312424,0.3922033169793216,3589.0,2998.0,6587.0,0.8820299946438136,0.6274480036435403,4825.0,0.8984455958549222,0.7718569780853518,4335.0,2643.0,0.8520620506999622,0.3494671403197158,2252.0
0.45,0.2,0.0,0.45,0.5,0.55,1.0,0.55,False,7468.0,0.8508302088912694,0.6416739319965127,0.6251287332646756,0.6334013326305941,0.6491697911087306,0.6340887629839471,0.5415486307837583,0.45845136921624174,0.45,0.5,6354.0,3441.0,2913.0,0.7063832148945653,0.21882884066514852,0.6269735220696954,0.22817354043920726,0.5579680405059335,0.4089365767837035,3441.0,2913.0,6354.0,0.8508302088912694,0.6340887629839471,4825.0,0.8746113989637305,0.79478672985782,4220.0,2643.0,0.8074158153613318,0.31630740393626994,2134.0
0.45,0.2,0.0,0.45,0.5,0.55,1.0,0.55,True,7468.0,0.8822978039635779,0.6352481873954267,0.6203796203796204,0.6278139038875235,0.6491697911087306,0.6284716952496585,0.5442404006677797,0.4557595993322204,0.45,0.5,6589.0,3586.0,3003.0,0.7063832148945653,0.21882884066514852,0.6269735220696954,0.22670058918050345,0.5725369921599278,0.3959579770125644,3586.0,3003.0,6589.0,0.8822978039635779,0.6284716952496585,4825.0,0.9001036269430052,0.7722772277227723,4343.0,2643.0,0.8497919031403708,0.3504007123775601,2246.0
0.45,0.2,0.0,0.45,0.5,0.55,1.0,0.65,False,7468.0,0.8828334226031066,0.64084703259961,0.6254993342210386,0.6331731834103242,0.6491697911087306,0.6338540876687395,0.5443652358562111,0.45563476414378884,0.45,0.5,6593.0,3589.0,3004.0,0.7063832148945653,0.21882884066514852,0.6269735220696954,0.2363417246920192,0.5685471387277784,0.4156941590118179,3589.0,3004.0,6593.0,0.8828334226031066,0.6338540876687395,4825.0,0.9056994818652849,0.8018306636155607,4370.0,2643.0,0.8410896708286039,0.30364372469635625,2223.0
0.45,0.2,0.0,0.45,0.5,0.55,1.0,0.65,True,7468.0,0.914301017675415,0.6347080878414569,0.6208791208791209,0.627793604360289,0.6491697911087306,0.6284417106033978,0.5468658465143527,0.45313415348564734,0.45,0.5,6828.0,3734.0,3094.0,0.7063832148945653,0.21882884066514852,0.6269735220696954,0.23486877343331555,0.5828517153796922,0.4029648832384631,3734.0,3094.0,6828.0,0.914301017675415,0.6284417106033978,4825.0,0.9311917098445596,0.7798798130425105,4493.0,2643.0,0.8834657586076429,0.33704496788008564,2335.0
0.45,0.2,0.0,0.45,0.5,0.55,1.0,1.0,False,7468.0,0.8881896089983932,0.6397343663530713,0.6253726399470023,0.6325535031500369,0.6491697911087306,0.6331976481230213,0.5448515000753806,0.4551484999246193,0.45,0.5,6633.0,3614.0,3019.0,0.7063832148945653,0.21882884066514852,0.6269735220696954,0.2366095340117836,0.5707802006843832,0.414537038474848,3614.0,3019.0,6633.0,0.8881896089983932,0.6331976481230213,4825.0,0.9100518134715025,0.8027784103848782,4391.0,2643.0,0.8482784714339765,0.3010704727921499,2242.0
0.45,0.2,0.0,0.45,0.5,0.55,1.0,1.0,True,7468.0,0.9196572040707016,0.6336791699920191,0.6207783853329045,0.6272287776624619,0.6491697911087306,0.6278392545136867,0.5473209085614443,0.4526790914385556,0.45,0.5,6868.0,3759.0,3109.0,0.7063832148945653,0.21882884066514852,0.6269735220696954,0.2351365827530799,0.585030179271814,0.40192214194104303,3759.0,3109.0,6868.0,0.9196572040707016,0.6278392545136867,4825.0,0.9355440414507772,0.7809038546743465,4514.0,2643.0,0.8906545592130155,0.3343245539507222,2354.0
0.45,0.2,0.0,0.45,0.6,0.45,0.5,0.55,False,7468.0,0.6672469201928227,0.6363293051359517,0.6085653104925054,0.6224473078142285,0.6491697911087306,0.6233192855709412,0.5314067830624122,0.4685932169375878,0.45,0.6,4983.0,2648.0,2335.0,0.7063832148945653,0.21882884066514852,0.6269735220696954,0.1645688269951794,0.5013372583389566,0.3282597179001478,2648.0,2335.0,4983.0,0.6672469201928227,0.6233192855709412,4825.0,0.6864248704663213,0.7028985507246377,3312.0,2643.0,0.6322360953461975,0.4655894673847995,1671.0
0.45,0.2,0.0,0.45,0.6,0.45,0.5,0.55,True,7468.0,0.702597750401714,0.6282461757381714,0.6022167487684729,0.6152314622533221,0.6491697911087306,0.6161616161616161,0.5357347055460263,0.4642652944539737,0.45,0.6,5247.0,2811.0,2436.0,0.7063832148945653,0.21882884066514852,0.6269735220696954,0.16322978039635777,0.5193110676681927,0.3143198567465375,2811.0,2436.0,5247.0,0.702597750401714,0.6161616161616161,4825.0,0.7148186528497409,0.674978254566541,3449.0,2643.0,0.6802875520242149,0.503337041156841,1798.0
0.45,0.2,0.0,0.45,0.6,0.45,0.5,0.65,False,7468.0,0.6991162292447777,0.6355507868383404,0.6094845360824742,0.6225176614604073,0.6491697911087306,0.6234437847155717,0.5355295920321778,0.46447040796782224,0.45,0.6,5221.0,2796.0,2425.0,0.7063832148945653,0.21882884066514852,0.6269735220696954,0.17260310658810923,0.513085335327696,0.33640233837100714,2796.0,2425.0,5221.0,0.6991162292447777,0.6234437847155717,4825.0,0.7173056994818653,0.7156891071944524,3461.0,2643.0,0.6659099508134695,0.4420454545454545,1760.0
0.45,0.2,0.0,0.45,0.6,0.45,0.5,0.65,True,7468.0,0.734467059453669,0.6279148360932748,0.6033254156769596,0.6156201258851173,0.6491697911087306,0.6165907019143118,0.5394712853236099,0.46052871467639017,0.45,0.6,5485.0,2959.0,2526.0,0.7063832148945653,0.21882884066514852,0.6269735220696954,0.17126405998928762,0.5306613795370742,0.3227369968749015,2959.0,2526.0,5485.0,0.734467059453669,0.6165907019143118,4825.0,0.745699481865285,0.688438021122846,3598.0,2643.0,0.713961407491487,0.47959724430312667,1887.0
0.45,0.2,0.0,0.45,0.6,0.45,0.5,1.0,False,7468.0,0.7044724156400642,0.6341722793335697,0.6094262295081967,0.6217992544208832,0.6491697911087306,0.6226953050750808,0.5362098460368752,0.4637901539631249,0.45,0.6,5261.0,2821.0,2440.0,0.7063832148945653,0.21882884066514852,0.6269735220696954,0.17287091590787354,0.5155586774229441,0.3353079357949726,2821.0,2440.0,5261.0,0.7044724156400642,0.6226953050750808,4825.0,0.7216580310880829,0.7174037909247559,3482.0,2643.0,0.6730987514188422,0.43732433951658234,1779.0
0.45,0.2,0.0,0.45,0.6,0.45,0.5,1.0,True,7468.0,0.7398232458489555,0.6266756032171582,0.6033057851239669,0.6149906941705625,0.6491697911087306,0.6159276018099548,0.5400904977375566,0.4599095022624434,0.45,0.6,5525.0,2984.0,2541.0,0.7063832148945653,0.21882884066514852,0.6269735220696954,0.17153186930905195,0.5330531758370377,0.32179129040869237,2984.0,2541.0,5525.0,0.7398232458489555,0.6159276018099548,4825.0,0.7500518134715026,0.6902459242884775,3619.0,2643.0,0.7211502080968596,0.47481636935991606,1906.0
0.45,0.2,0.0,0.45,0.6,0.45,0.55,0.55,False,7468.0,0.7724959828602035,0.6371911573472041,0.6175269216487189,0.6273590394979616,0.6491697911087306,0.6280117871381522,0.5331946611197781,0.46680533888022185,0.45,0.6,5769.0,3076.0,2693.0,0.7063832148945653,0.21882884066514852,0.6269735220696954,0.1977771826459561,0.5360591386284946,0.3689465739768345,3076.0,2693.0,5769.0,0.7724959828602035,0.6280117871381522,4825.0,0.7935751295336787,0.7430138417341342,3829.0,2643.0,0.7340143776012108,0.40103092783505156,1940.0
0.45,0.2,0.0,0.45,0.6,0.45,0.55,0.55,True,7468.0,0.8078468130690948,0.6301327570237728,0.6116678596993558,0.6209003083615643,0.6491697911087306,0.6215813028344107,0.5368804906348417,0.4631195093651583,0.45,0.6,6033.0,3239.0,2794.0,0.7063832148945653,0.21882884066514852,0.6269735220696954,0.1964381360471344,0.5529053612608402,0.3552834712963873,3239.0,2794.0,6033.0,0.8078468130690948,0.6215813028344107,4825.0,0.8219689119170984,0.7173474533535048,3966.0,2643.0,0.7820658342792282,0.4378326076439284,2067.0
0.45,0.2,0.0,0.45,0.6,0.45,0.55,0.65,False,7468.0,0.8044991965720407,0.6364764267990074,0.6181752873563219,0.6273258570776646,0.6491697911087306,0.6279960053262317,0.5366178428761651,0.4633821571238349,0.45,0.6,6008.0,3224.0,2784.0,0.7063832148945653,0.21882884066514852,0.6269735220696954,0.20594536689876805,0.5470620758530391,0.37645703474808684,3224.0,2784.0,6008.0,0.8044991965720407,0.6279960053262317,4825.0,0.8246632124352331,0.7527016838401609,3979.0,2643.0,0.7676882330684828,0.3834401182848694,2029.0
0.45,0.2,0.0,0.45,0.6,0.45,0.55,0.65,True,7468.0,0.839850026780932,0.6297608503100088,0.6124783362218371,0.621119593265923,0.6491697911087306,0.6218112244897959,0.5400191326530612,0.45998086734693877,0.45,0.6,6272.0,3387.0,2885.0,0.7063832148945653,0.21882884066514852,0.6269735220696954,0.20460632029994635,0.5635795003728337,0.3630478400378117,3387.0,2885.0,6272.0,0.839850026780932,0.6218112244897959,4825.0,0.8530569948186528,0.7276482021379981,4116.0,2643.0,0.8157396897465002,0.4197588126159555,2156.0
0.45,0.2,0.0,0.45,0.6,0.45,0.55,1.0,False,7468.0,0.8098553829673273,0.6352723915050785,0.6180778849589139,0.6266751382319962,0.6491697911087306,0.6273148148148148,0.5372023809523809,0.46279761904761907,0.45,0.6,6048.0,3249.0,2799.0,0.7063832148945653,0.21882884066514852,0.6269735220696954,0.20621317621853233,0.5493824745788652,0.37535448573711266,3249.0,2799.0,6048.0,0.8098553829673273,0.6273148148148148,4825.0,0.8290155440414507,0.754,4000.0,2643.0,0.7748770336738555,0.3798828125,2048.0
0.45,0.2,0.0,0.45,0.6,0.45,0.55,1.0,True,7468.0,0.8452062131762186,0.6286635404454866,0.6124137931034482,0.6205386667744675,0.6491697911087306,0.6211977186311787,0.5405576679340938,0.45944233206590623,0.45,0.6,6312.0,3412.0,2900.0,0.7063832148945653,0.21882884066514852,0.6269735220696954,0.20487412961971072,0.565832167500447,0.36207579099777654,3412.0,2900.0,6312.0,0.8452062131762186,0.6211977186311787,4825.0,0.8574093264248704,0.7290306985738458,4137.0,2643.0,0.8229284903518729,0.4160919540229885,2175.0
0.45,0.2,0.0,0.45,0.6,0.45,0.6,0.55,False,7468.0,0.8427959292983396,0.6365515205196339,0.6181630546955624,0.6273572876075981,0.6491697911087306,0.6280584683825866,0.5381315538608198,0.46186844613918016,0.45,0.6,6294.0,3387.0,2907.0,0.7063832148945653,0.21882884066514852,0.6269735220696954,0.21585431173004824,0.5598846388178066,0.3855335488143119,3387.0,2907.0,6294.0,0.8427959292983396,0.6280584683825866,4825.0,0.8619689119170985,0.7634046645828324,4159.0,2643.0,0.8077941732879304,0.36440281030444965,2135.0
0.45,0.2,0.0,0.45,0.6,0.45,0.6,0.55,True,7468.0,0.8781467595072309,0.6301408450704226,0.6126994680851063,0.6214201565777644,0.6491697911087306,0.6221408966148216,0.5413235742604453,0.45867642573955475,0.45,0.6,6558.0,3550.0,3008.0,0.7063832148945653,0.21882884066514852,0.6269735220696954,0.21451526513122665,0.5760345017340559,0.3724000289660848,3550.0,3008.0,6558.0,0.8781467595072309,0.6221408966148216,4825.0,0.8903626943005182,0.7390595903165735,4296.0,2643.0,0.8558456299659478,0.40008841732979666,2262.0
0.45,0.2,0.0,0.45,0.6,0.45,0.6,0.65,False,7468.0,0.8747991430101768,0.635926449787836,0.6187458305537025,0.6273361401707692,0.6491697911087306,0.628042247053421,0.541099035665085,0.45890096433491506,0.45,0.6,6533.0,3535.0,2998.0,0.7063832148945653,0.21882884066514852,0.6269735220696954,0.22402249598286014,0.570428193126583,0.39272690004147043,3535.0,2998.0,6533.0,0.8747991430101768,0.628042247053421,4825.0,0.8930569948186529,0.7716407519145974,4309.0,2643.0,0.8414680287552024,0.3498201438848921,2224.0
0.45,0.2,0.0,0.45,0.6,0.45,0.6,0.65,True,7468.0,0.910149973219068,0.6297998918334234,0.6134236850596967,0.6216117884465601,0.6491697911087306,0.622333382374577,0.544063557451817,0.455936442548183,0.45,0.6,6797.0,3698.0,3099.0,0.7063832148945653,0.21882884066514852,0.6269735220696954,0.22268344938403856,0.5862876955194563,0.3798194147443927,3698.0,3099.0,6797.0,0.910149973219068,0.622333382374577,4825.0,0.9214507772020726,0.7478632478632479,4446.0,2643.0,0.8895194854332198,0.3849425776265419,2351.0
0.45,0.2,0.0,0.45,0.6,0.45,0.6,1.0,False,7468.0,0.8801553294054633,0.6348314606741573,0.6186525058081647,0.6267419832411609,0.6491697911087306,0.6274151833257264,0.5416096150920432,0.4583903849079568,0.45,0.6,6573.0,3560.0,3013.0,0.7063832148945653,0.21882884066514852,0.6269735220696954,0.22429030530262448,0.5726539199651212,0.3916681567748378,3560.0,3013.0,6573.0,0.8801553294054633,0.6274151833257264,4825.0,0.8974093264248705,0.7727482678983834,4330.0,2643.0,0.8486568293605751,0.3468568880962996,2243.0
0.45,0.2,0.0,0.45,0.6,0.45,0.6,1.0,True,7468.0,0.9155061596143546,0.6287939833467634,0.613359023763648,0.6210765035552057,0.6491697911087306,0.621763931548925,0.5445370776656429,0.4554629223343572,0.45,0.6,6837.0,3723.0,3114.0,0.7063832148945653,0.21882884066514852,0.6269735220696954,0.22295125870380286,0.5884534394965126,0.3788766344786131,3723.0,3114.0,6837.0,0.9155061596143546,0.621763931548925,4825.0,0.9258031088082902,0.7490485784642937,4467.0,2643.0,0.8967082860385925,0.3818565400843882,2370.0
0.45,0.2,0.0,0.45,0.6,0.45,1.0,0.55,False,7468.0,0.8804231387252276,0.6350857464155187,0.6206096752816435,0.6278477108485812,0.6491697911087306,0.6284410646387832,0.5409885931558935,0.45901140684410646,0.45,0.6,6575.0,3557.0,3018.0,0.7063832148945653,0.21882884066514852,0.6269735220696954,0.22616497054097476,0.5719519945695849,0.39542649153828424,3557.0,3018.0,6575.0,0.8804231387252276,0.6284410646387832,4825.0,0.8990673575129534,0.7731673582295989,4338.0,2643.0,0.8463866818009838,0.3477872150201162,2237.0
0.45,0.2,0.0,0.45,0.6,0.45,1.0,0.55,True,7468.0,0.9157739689341189,0.6290322580645161,0.6152613016992626,0.6221467798818894,0.6491697911087306,0.6227518643076473,0.5439391723936248,0.4560608276063752,0.45,0.6,6839.0,3720.0,3119.0,0.7063832148945653,0.21882884066514852,0.6269735220696954,0.22482592394215312,0.5877703824589862,0.3825063845537354,3720.0,3119.0,6839.0,0.9157739689341189,0.6227518643076473,4825.0,0.927461139896373,0.7494972067039106,4475.0,2643.0,0.8944381384790011,0.38282571912013535,2364.0
0.45,0.2,0.0,0.45,0.6,0.45,1.0,0.65,False,7468.0,0.9124263524370648,0.6345479082321187,0.6211000321646831,0.627823970198401,0.6491697911087306,0.6284120927502201,0.5437334898737892,0.4562665101262107,0.45,0.6,6814.0,3705.0,3109.0,0.7063832148945653,0.21882884066514852,0.6269735220696954,0.23433315479378683,0.5822770807971399,0.40244269012440553,3705.0,3109.0,6814.0,0.9124263524370648,0.6284120927502201,4825.0,0.9301554404145078,0.7807486631016043,4488.0,2643.0,0.8800605372682557,0.3344797936371453,2326.0
0.45,0.2,0.0,0.45,0.6,0.45,1.0,0.65,True,7468.0,0.9477771826459561,0.6287487073422957,0.6158878504672897,0.6223182789047927,0.6491697911087306,0.6229160779881322,0.5464820570782707,0.4535179429217293,0.45,0.6,7078.0,3868.0,3210.0,0.7063832148945653,0.21882884066514852,0.6269735220696954,0.2329941081949651,0.5978223291459558,0.38973804897488296,3868.0,3210.0,7078.0,0.9477771826459561,0.6229160779881322,4825.0,0.9585492227979274,0.7576216216216216,4625.0,2643.0,0.9281119939462732,0.3689359967386873,2453.0
0.45,0.2,0.0,0.45,0.6,0.45,1.0,1.0,False,7468.0,0.9177825388323514,0.6335120643431635,0.6209987195902689,0.6272553919667162,0.6491697911087306,0.6278085789320105,0.5442077618908666,0.45579223810913333,0.45,0.6,6854.0,3730.0,3124.0,0.7063832148945653,0.21882884066514852,0.6269735220696954,0.2346009641135511,0.584457686543175,0.40139939899005966,3730.0,3124.0,6854.0,0.9177825388323514,0.6278085789320105,4825.0,0.9345077720207254,0.7817697937458417,4509.0,2643.0,0.8872493378736285,0.33176972281449896,2345.0
0.45,0.2,0.0,0.45,0.6,0.45,1.0,1.0,True,7468.0,0.9531333690412427,0.6277934754687902,0.6158139534883721,0.6218037144785811,0.6491697911087306,0.6223658330991851,0.5469232930598483,0.45307670694015173,0.45,0.6,7118.0,3893.0,3225.0,0.7063832148945653,0.21882884066514852,0.6269735220696954,0.23326191751472947,0.599946435745106,0.38880457256993095,3893.0,3225.0,7118.0,0.9531333690412427,0.6223658330991851,4825.0,0.962901554404145,0.7587171760654327,4646.0,2643.0,0.9353007945516458,0.3661003236245955,2472.0
0.45,0.2,0.0,0.45,0.6,0.55,0.5,0.55,False,7468.0,0.5609266202463846,0.6769025367156208,0.6343975283213182,0.6556500325184695,0.6491697911087306,0.6571974218190499,0.5364048698973503,0.4635951301026498,0.45,0.6,4189.0,2247.0,1942.0,0.7063832148945653,0.21882884066514852,0.6269735220696954,0.17635243706480994,0.4385055205932844,0.40216697118478817,2247.0,1942.0,4189.0,0.5609266202463846,0.6571974218190499,4825.0,0.5950259067357513,0.8108672936259144,2871.0,2643.0,0.49867574725690506,0.3224582701062215,1318.0
0.45,0.2,0.0,0.45,0.6,0.55,0.5,0.55,True,7468.0,0.5878414568826995,0.6659619450317125,0.6266666666666667,0.6463143058491896,0.6491697911087306,0.6478359908883827,0.5387243735763098,0.4612756264236902,0.45,0.6,4390.0,2365.0,2025.0,0.7063832148945653,0.21882884066514852,0.6269735220696954,0.1738082485270488,0.45499077372824315,0.3820038967006856,2365.0,2025.0,4390.0,0.5878414568826995,0.6478359908883827,4825.0,0.6178238341968912,0.7809459912780946,2981.0,2643.0,0.5331063185773742,0.36621717530163234,1409.0
0.45,0.2,0.0,0.45,0.6,0.55,0.5,0.65,False,7468.0,0.5927959292983396,0.6734864300626304,0.6343503937007874,0.653918411881709,0.6491697911087306,0.6555229274903999,0.5409984187937655,0.45900158120623447,0.45,0.6,4427.0,2395.0,2032.0,0.7063832148945653,0.21882884066514852,0.6269735220696954,0.18438671665773973,0.45189003786352705,0.4080344800905423,2395.0,2032.0,4427.0,0.5927959292983396,0.6555229274903999,4825.0,0.6259067357512953,0.8201986754966888,3020.0,2643.0,0.5323496027241771,0.30206112295664533,1407.0
0.45,0.2,0.0,0.45,0.6,0.55,0.5,0.65,True,7468.0,0.6197107659346546,0.6633505769996021,0.6269503546099291,0.6451504658047655,0.6491697911087306,0.6467156439066551,0.5429991356957649,0.4570008643042351,0.45,0.6,4628.0,2513.0,2115.0,0.7063832148945653,0.21882884066514852,0.6269735220696954,0.18184252811997859,0.4679039633379247,0.3886321603748634,2513.0,2115.0,4628.0,0.6197107659346546,0.6467156439066551,4825.0,0.6487046632124353,0.791373801916933,3130.0,2643.0,0.5667801740446462,0.3444592790387183,1498.0
0.45,0.2,0.0,0.45,0.6,0.55,0.5,1.0,False,7468.0,0.5981521156936261,0.6714876033057852,0.6340986809965804,0.6527931421511828,0.6491697911087306,0.6543541526751735,0.5417506156256996,0.4582493843743004,0.45,0.6,4467.0,2420.0,2047.0,0.7063832148945653,0.21882884066514852,0.6269735220696954,0.184654525977504,0.45469637656139406,0.40610511870347304,2420.0,2047.0,4467.0,0.5981521156936261,0.6543541526751735,4825.0,0.6302590673575129,0.8214403156856297,3041.0,2643.0,0.5395384033295497,0.2980364656381487,1426.0
0.45,0.2,0.0,0.45,0.6,0.55,0.5,1.0,True,7468.0,0.625066952329941,0.6615445232466509,0.6267605633802817,0.6441525433134663,0.6491697911087306,0.6456726649528706,0.5437017994858612,0.45629820051413883,0.45,0.6,4668.0,2538.0,2130.0,0.7063832148945653,0.21882884066514852,0.6269735220696954,0.18211033743974284,0.4706148185566399,0.38696260776120317,2538.0,2130.0,4668.0,0.625066952329941,0.6456726649528706,4825.0,0.6530569948186529,0.7927642018406855,3151.0,2643.0,0.573968974650019,0.34014502307185235,1517.0
0.45,0.2,0.0,0.45,0.6,0.55,0.55,0.55,False,7468.0,0.6661756829137654,0.6714018691588785,0.6408695652173914,0.6561357171881349,0.6491697911087306,0.6572864321608041,0.5376884422110553,0.4623115577889447,0.45,0.6,4975.0,2675.0,2300.0,0.7063832148945653,0.21882884066514852,0.6269735220696954,0.20956079271558656,0.4778152834507174,0.4385811839298376,2675.0,2300.0,4975.0,0.6661756829137654,0.6572864321608041,4825.0,0.7021761658031088,0.839728453364817,3388.0,2643.0,0.6004540295119183,0.26780088216761183,1587.0
0.45,0.2,0.0,0.45,0.6,0.55,0.55,0.55,True,7468.0,0.6930905195500804,0.6623702112423917,0.634074695761645,0.6482224535020183,0.6491697911087306,0.6493431221020093,0.5396058732612056,0.46039412673879443,0.45,0.6,5176.0,2793.0,2383.0,0.7063832148945653,0.21882884066514852,0.6269735220696954,0.20701660417782541,0.49298778654864006,0.4199223790656736,2793.0,2383.0,5176.0,0.6930905195500804,0.6493431221020093,4825.0,0.7249740932642487,0.8133218982275586,3498.0,2643.0,0.6348846008323874,0.3075089392133492,1678.0
0.45,0.2,0.0,0.45,0.6,0.55,0.55,0.65,False,7468.0,0.6981788966256026,0.6687920651788877,0.6407360936846508,0.6547640794317693,0.6491697911087306,0.6559263521288837,0.5414269275028769,0.45857307249712315,0.45,0.6,5214.0,2823.0,2391.0,0.7063832148945653,0.21882884066514852,0.6269735220696954,0.21772897696839844,0.49012749344288176,0.4442292666321769,2823.0,2391.0,5214.0,0.6981788966256026,0.6559263521288837,4825.0,0.7332642487046632,0.8465234595816846,3538.0,2643.0,0.6341278849791903,0.2535799522673031,1676.0
0.45,0.2,0.0,0.45,0.6,0.55,0.55,0.65,True,7468.0,0.7250937332619175,0.6603196191771507,0.6341956345998383,0.6472576268884944,0.6491697911087306,0.6483841181902124,0.5431209602954755,0.4568790397045245,0.45,0.6,5415.0,2941.0,2474.0,0.7063832148945653,0.21882884066514852,0.6269735220696954,0.21518478843063735,0.5049301658800354,0.4261674246687063,2941.0,2474.0,5415.0,0.7250937332619175,0.6483841181902124,4825.0,0.7560621761658031,0.8209978070175439,3648.0,2643.0,0.6685584562996595,0.2920203735144312,1767.0
0.45,0.2,0.0,0.45,0.6,0.55,0.55,1.0,False,7468.0,0.7035350830208891,0.6671348314606742,0.6404821280133001,0.6538084797369872,0.6491697911087306,0.6549295774647887,0.542063189950514,0.4579368100494861,0.45,0.6,5254.0,2848.0,2406.0,0.7063832148945653,0.21882884066514852,0.6269735220696954,0.21799678628816282,0.492716093066142,0.4424389407124541,2848.0,2406.0,5254.0,0.7035350830208891,0.6549295774647887,4825.0,0.7376165803108808,0.8474290531048048,3559.0,2643.0,0.641316685584563,0.25073746312684364,1695.0
0.45,0.2,0.0,0.45,0.6,0.55,0.55,1.0,True,7468.0,0.7304499196572041,0.6587997302764667,0.6339895540377661,0.6463946421571164,0.6491697911087306,0.6474793767186068,0.5437213565536205,0.4562786434463795,0.45,0.6,5455.0,2966.0,2489.0,0.7063832148945653,0.21882884066514852,0.6269735220696954,0.2154525977504017,0.507443258851077,0.42458460919988716,2966.0,2489.0,5455.0,0.7304499196572041,0.6474793767186068,4825.0,0.7604145077720207,0.8220223494140093,3669.0,2643.0,0.6757472569050321,0.2889137737961926,1786.0
0.45,0.2,0.0,0.45,0.6,0.55,0.6,0.55,False,7468.0,0.7364756293519015,0.667113194909578,0.639618138424821,0.6533656666671994,0.6491697911087306,0.6545454545454545,0.5429090909090909,0.4570909090909091,0.45,0.6,5500.0,2986.0,2514.0,0.7063832148945653,0.21882884066514852,0.6269735220696954,0.22763792179967862,0.504399498191772,0.45130481417158547,2986.0,2514.0,5500.0,0.7364756293519015,0.6545454545454545,4825.0,0.7705699481865285,0.8539537385691232,3718.0,2643.0,0.674233825198638,0.23849607182940516,1782.0
0.45,0.2,0.0,0.45,0.6,0.55,0.6,0.55,True,7468.0,0.7633904659882164,0.6591494845360825,0.633423180592992,0.6462863325645372,0.6491697911087306,0.6474302753902824,0.5444658831783897,0.45553411682161027,0.45,0.6,5701.0,3104.0,2597.0,0.7063832148945653,0.21882884066514852,0.6269735220696954,0.22509373326191753,0.5187951101958743,0.43387790061654974,3104.0,2597.0,5701.0,0.7633904659882164,0.6474302753902824,4825.0,0.7933678756476684,0.8294148380355277,3828.0,2643.0,0.7086643965191071,0.27549386011745863,1873.0
0.45,0.2,0.0,0.45,0.6,0.55,0.6,0.65,False,7468.0,0.7684788430637386,0.6649649010848756,0.6395393474088292,0.6522521242468524,0.6491697911087306,0.6534239414532148,0.5460881686705001,0.4539118313294999,0.45,0.6,5739.0,3134.0,2605.0,0.7063832148945653,0.21882884066514852,0.6269735220696954,0.23580610605249056,0.5160778705831359,0.45691962297481253,3134.0,2605.0,5739.0,0.7684788430637386,0.6534239414532148,4825.0,0.8016580310880829,0.859617373319545,3868.0,2643.0,0.7079076806659099,0.22715125601282737,1871.0
0.45,0.2,0.0,0.45,0.6,0.55,0.6,0.65,True,7468.0,0.7953936797000536,0.6574415744157441,0.6335565476190477,0.6454990610173958,0.6491697911087306,0.6466329966329967,0.5474747474747474,0.45252525252525255,0.45,0.6,5940.0,3252.0,2688.0,0.7063832148945653,0.21882884066514852,0.6269735220696954,0.23326191751472958,0.5301564685002551,0.43998693098020236,3252.0,2688.0,5940.0,0.7953936797000536,0.6466329966329967,4825.0,0.8244559585492228,0.8358471593765712,3978.0,2643.0,0.7423382519863791,0.26299694189602446,1962.0
0.45,0.2,0.0,0.45,0.6,0.55,0.6,1.0,False,7468.0,0.7738350294590252,0.6635011079455524,0.6393129770992366,0.6514070425223946,0.6491697911087306,0.6525350406644749,0.5466343658072331,0.45336563419276693,0.45,0.6,5779.0,3159.0,2620.0,0.7063832148945653,0.21882884066514852,0.6269735220696954,0.23607391537225503,0.518536938938187,0.4552692347350718,3159.0,2620.0,5779.0,0.7738350294590252,0.6525350406644749,4825.0,0.8060103626943005,0.8603754178452044,3889.0,2643.0,0.7150964812712827,0.22486772486772486,1890.0
0.45,0.2,0.0,0.45,0.6,0.55,0.6,1.0,True,7468.0,0.8007498660953402,0.6560878852609093,0.633370329263781,0.6447291072623451,0.6491697911087306,0.645819397993311,0.5479933110367893,0.4520066889632107,0.45,0.6,5980.0,3277.0,2703.0,0.7063832148945653,0.21882884066514852,0.6269735220696954,0.2335297268344938,0.5325505324665663,0.4385118643161903,3277.0,2703.0,5980.0,0.8007498660953402,0.645819397993311,4825.0,0.8288082901554404,0.8367091772943236,3999.0,2643.0,0.7495270525917518,0.2604745078243311,1981.0
0.45,0.2,0.0,0.45,0.6,0.55,1.0,0.55,False,7468.0,0.7741028387787895,0.6638149556400507,0.6415238095238095,0.6526693825819301,0.6491697911087306,0.6536931326760076,0.5459263103269331,0.45407368967306694,0.45,0.6,5781.0,3156.0,2625.0,0.7063832148945653,0.21882884066514852,0.6269735220696954,0.23794858061060523,0.5177616527747996,0.4595716568335758,3156.0,2625.0,5781.0,0.7741028387787895,0.6536931326760076,4825.0,0.8076683937823834,0.8606620477290223,3897.0,2643.0,0.7128263337116912,0.22558386411889597,1884.0
0.45,0.2,0.0,0.45,0.6,0.55,1.0,0.55,True,7468.0,0.8010176754151045,0.6563836285888821,0.6355243722304283,0.6459540004096552,0.6491697911087306,0.6469408224674023,0.5473085924439987,0.45269140755600135,0.45,0.6,5982.0,3274.0,2708.0,0.7063832148945653,0.21882884066514852,0.6269735220696954,0.23540439207284422,0.5317956766194419,0.44265946945879714,3274.0,2708.0,5982.0,0.8010176754151045,0.6469408224674023,4825.0,0.8304663212435233,0.8370351884202646,4007.0,2643.0,0.7472569050321605,0.26126582278481014,1975.0
0.45,0.2,0.0,0.45,0.6,0.55,1.0,0.65,False,7468.0,0.8061060524906267,0.6619249394673123,0.6413843888070693,0.6516546641371908,0.6491697911087306,0.65265780730897,0.5488372093023256,0.4511627906976744,0.45,0.6,6020.0,3304.0,2716.0,0.7063832148945653,0.21882884066514852,0.6269735220696954,0.2461167648634172,0.5291452010682935,0.4651214153818857,3304.0,2716.0,6020.0,0.8061060524906267,0.65265780730897,4825.0,0.8387564766839378,0.865826538176427,4047.0,2643.0,0.7465001891789633,0.21540800810947794,1973.0
0.45,0.2,0.0,0.45,0.6,0.55,1.0,0.65,True,7468.0,0.8330208891269416,0.6548801870251315,0.6355841371918542,0.6452321621084929,0.6491697911087306,0.6461983603922199,0.5500723356373574,0.44992766436264264,0.45,0.6,6221.0,3422.0,2799.0,0.7063832148945653,0.21882884066514852,0.6269735220696954,0.24357257632565613,0.5428850305549443,0.4486632760469984,3422.0,2799.0,6221.0,0.8330208891269416,0.6461983603922199,4825.0,0.8615544041450777,0.8429155641087323,4157.0,2643.0,0.7809307604994324,0.25,2064.0
0.45,0.2,0.0,0.45,0.6,0.55,1.0,1.0,False,7468.0,0.8114622388859132,0.6605587263442475,0.6411570853167338,0.6508579058304906,0.6491697911087306,0.6518151815181518,0.5493399339933993,0.45066006600660063,0.45,0.6,6060.0,3329.0,2731.0,0.7063832148945653,0.21882884066514852,0.6269735220696954,0.24638457418318147,0.5315438197847528,0.4635263641724857,3329.0,2731.0,6060.0,0.8114622388859132,0.6518151815181518,4825.0,0.8431088082901554,0.866519174041298,4068.0,2643.0,0.753688989784336,0.21335341365461846,1992.0
0.45,0.2,0.0,0.45,0.6,0.55,1.0,1.0,True,7468.0,0.8383770755222282,0.6536118363794604,0.6353944562899787,0.6445031463347195,0.6491697911087306,0.6454240536655487,0.5505510301868711,0.4494489698131289,0.45,0.6,6261.0,3447.0,2814.0,0.7063832148945653,0.21882884066514852,0.6269735220696954,0.24384038564542052,0.5452232065295862,0.4472303869776472,3447.0,2814.0,6261.0,0.8383770755222282,0.6454240536655487,4825.0,0.8659067357512953,0.8437051220679751,4178.0,2643.0,0.7881195611048052,0.24771963514162265,2083.0
0.5,0.15,0.0,0.0,0.5,0.45,0.5,0.55,False,7468.0,0.6759507230851634,0.6419939577039275,0.6183333333333333,0.6301636455186304,0.6491697911087306,0.6307448494453248,0.5245641838351822,0.4754358161648177,0.5,0.5,5048.0,2648.0,2400.0,0.7063832148945653,0.21882884066514852,0.6269735220696954,0.17675415104445627,0.49959812451644925,0.35379266328418063,2648.0,2400.0,5048.0,0.6759507230851634,0.6307448494453248,4825.0,0.6895336787564766,0.7309888788698528,3327.0,2643.0,0.6511539916761256,0.43695525857059847,1721.0
0.5,0.15,0.0,0.0,0.5,0.45,0.5,0.55,True,7468.0,0.6972415640064275,0.6374226428831452,0.6142276422764228,0.625825142579784,0.6491697911087306,0.6264643748799693,0.5275590551181102,0.47244094488188976,0.5,0.5,5207.0,2747.0,2460.0,0.7063832148945653,0.21882884066514852,0.6269735220696954,0.1763524370648099,0.5103376955221011,0.3455602802069961,2747.0,2460.0,5207.0,0.6972415640064275,0.6264643748799693,4825.0,0.706321243523316,0.7136150234741784,3408.0,2643.0,0.6806659099508134,0.4613674263479711,1799.0
0.5,0.15,0.0,0.0,0.5,0.45,0.5,0.65,False,7468.0,0.726298875200857,0.640695652173913,0.6190663005100039,0.6298809763419584,0.6491697911087306,0.6305309734513275,0.530051622418879,0.46994837758112096,0.5,0.5,5424.0,2875.0,2549.0,0.7063832148945653,0.21882884066514852,0.6269735220696954,0.18960899839314413,0.5180202104202658,0.36602625646461906,2875.0,2549.0,5424.0,0.726298875200857,0.6305309734513275,4825.0,0.7384455958549223,0.7488071849564973,3563.0,2643.0,0.7041241013999243,0.40408382590005376,1861.0
0.5,0.15,0.0,0.0,0.5,0.45,0.5,0.65,True,7468.0,0.747589716122121,0.636516476126429,0.6151782292065926,0.6258473526665108,0.6491697911087306,0.6265448683503493,0.5326885187175354,0.46731148128246464,0.5,0.5,5583.0,2974.0,2609.0,0.7063832148945653,0.21882884066514852,0.6269735220696954,0.1892072844134976,0.5283854803590952,0.35808569963904147,2974.0,2609.0,5583.0,0.747589716122121,0.6265448683503493,4825.0,0.7552331606217617,0.7321624588364435,3644.0,2643.0,0.7336360196746122,0.42805569881382155,1939.0
0.5,0.15,0.0,0.0,0.5,0.45,0.5,1.0,False,7468.0,0.7339314408141403,0.6390796703296703,0.6196963799143635,0.629388025122017,0.6491697911087306,0.6299945265462507,0.5312899106002554,0.46871008939974457,0.5,0.5,5481.0,2912.0,2569.0,0.7063832148945653,0.21882884066514852,0.6269735220696954,0.1908141403320835,0.521112895869051,0.3661666058251467,2912.0,2569.0,5481.0,0.7339314408141403,0.6299945265462507,4825.0,0.7452849740932642,0.7511123470522804,3596.0,2643.0,0.7132046916382898,0.3989389920424403,1885.0
0.5,0.15,0.0,0.0,0.5,0.45,0.5,1.0,True,7468.0,0.7552222817354044,0.6350049817336433,0.6158235070368961,0.6254142443852697,0.6491697911087306,0.6260638297872341,0.5338652482269504,0.46613475177304964,0.5,0.5,5640.0,3011.0,2629.0,0.7063832148945653,0.21882884066514852,0.6269735220696954,0.1904124263524371,0.531417846606118,0.3583101839136559,3011.0,2629.0,5640.0,0.7552222817354044,0.6260638297872341,4825.0,0.7620725388601036,0.7345662224639652,3677.0,2643.0,0.7427166099129777,0.4228222109016811,1963.0
0.5,0.15,0.0,0.0,0.5,0.45,0.55,0.55,False,7468.0,0.7648634172469202,0.6434753661784287,0.6262924667651403,0.6348839164717845,0.6491697911087306,0.635329131652661,0.5259103641456583,0.4740896358543417,0.5,0.5,5712.0,3004.0,2708.0,0.7063832148945653,0.21882884066514852,0.6269735220696954,0.20701660417782533,0.5281319972644599,0.39197890915547506,3004.0,2708.0,5712.0,0.7648634172469202,0.635329131652661,4825.0,0.7817616580310881,0.7627253446447508,3772.0,2643.0,0.7340143776012108,0.38762886597938145,1940.0
0.5,0.15,0.0,0.0,0.5,0.45,0.55,0.55,True,7468.0,0.7861542581681843,0.6393812439574605,0.622471098265896,0.6309261711116783,0.6491697911087306,0.6314086186339636,0.5285300630216317,0.47146993697836825,0.5,0.5,5871.0,3103.0,2768.0,0.7063832148945653,0.21882884066514852,0.6269735220696954,0.20661489019817897,0.5383025951869476,0.38382666560695944,3103.0,2768.0,5871.0,0.7861542581681843,0.6314086186339636,4825.0,0.7985492227979275,0.7466908902154166,3853.0,2643.0,0.7635262958758986,0.41129831516352827,2018.0
0.5,0.15,0.0,0.0,0.5,0.45,0.55,0.65,False,7468.0,0.8164167113015532,0.6424373646767708,0.6263966480446927,0.6344170063607317,0.6491697911087306,0.634902411021814,0.5302607839921273,0.4697392160078727,0.5,0.5,6097.0,3233.0,2864.0,0.7063832148945653,0.21882884066514852,0.6269735220696954,0.22027316550615958,0.5459594974883181,0.4034606349363357,3233.0,2864.0,6097.0,0.8164167113015532,0.634902411021814,4825.0,0.8319170984455958,0.7770303936223218,4014.0,2643.0,0.7881195611048052,0.3610177628420547,2083.0
0.5,0.15,0.0,0.0,0.5,0.45,0.55,0.65,True,7468.0,0.8377075522228173,0.6386554621848739,0.6227770177838577,0.6307162399843658,0.6491697911087306,0.6312340153452686,0.532608695652174,0.4673913043478261,0.5,0.5,6256.0,3332.0,2924.0,0.7063832148945653,0.21882884066514852,0.6269735220696954,0.21987145152651316,0.555803967553446,0.3955917272313649,3332.0,2924.0,6256.0,0.8377075522228173,0.6312340153452686,4825.0,0.8487046632124352,0.7616605616605616,4095.0,2643.0,0.817631479379493,0.3840814437760296,2161.0
0.5,0.15,0.0,0.0,0.5,0.45,0.55,1.0,False,7468.0,0.8240492769148366,0.6409785932721712,0.6269070735090153,0.6339428333905932,0.6491697911087306,0.63438414039649,0.531361715957101,0.4686382840428989,0.5,0.5,6154.0,3270.0,2884.0,0.7063832148945653,0.21882884066514852,0.6269735220696954,0.22147830744509903,0.5488947847583076,0.4034986551067735,3270.0,2884.0,6154.0,0.8240492769148366,0.63438414039649,4825.0,0.8387564766839378,0.7788485297751421,4047.0,2643.0,0.7972001513431707,0.35690555291884196,2107.0
0.5,0.15,0.0,0.0,0.5,0.45,0.55,1.0,True,7468.0,0.8453401178361007,0.6372810923122588,0.6233016304347826,0.6302913613735207,0.6491697911087306,0.6307619198479328,0.533660700142563,0.46633929985743705,0.5,0.5,6313.0,3369.0,2944.0,0.7063832148945653,0.21882884066514852,0.6269735220696954,0.2210765934654526,0.5586875353767292,0.395707044576139,3369.0,2944.0,6313.0,0.8453401178361007,0.6307619198479328,4825.0,0.8555440414507772,0.7635658914728682,4128.0,2643.0,0.8267120696178585,0.37986270022883295,2185.0
0.5,0.15,0.0,0.0,0.5,0.45,0.6,0.55,False,7468.0,0.8252544188537762,0.6469143383481731,0.6259463179628355,0.6364303281555044,0.6491697911087306,0.6370274217102061,0.5284763913678403,0.47152360863215964,0.5,0.5,6163.0,3257.0,2906.0,0.7063832148945653,0.21882884066514852,0.6269735220696954,0.2261649705409749,0.5473067916227613,0.4132325306440966,3257.0,2906.0,6163.0,0.8252544188537762,0.6370274217102061,4825.0,0.8433160621761658,0.7800442369132465,4069.0,2643.0,0.7922814982973894,0.35912129894937916,2094.0
0.5,0.15,0.0,0.0,0.5,0.45,0.6,0.55,True,7468.0,0.8465452597750401,0.6430274135876043,0.6223870532703979,0.6327072334290011,0.6491697911087306,0.6333438785194558,0.530844669408415,0.46915533059158493,0.5,0.5,6322.0,3356.0,2966.0,0.7063832148945653,0.21882884066514852,0.6269735220696954,0.22576325656132828,0.5571274554416215,0.4052273036559852,3356.0,2966.0,6322.0,0.8465452597750401,0.6333438785194558,4825.0,0.8601036269430051,0.7648192771084338,4150.0,2643.0,0.8217934165720772,0.3821362799263352,2172.0
0.5,0.15,0.0,0.0,0.5,0.45,0.6,0.65,False,7468.0,0.8769416175682914,0.6458273587611127,0.6260613977792293,0.635944378270171,0.6491697911087306,0.6365857382806536,0.5324477019392274,0.46755229806077264,0.5,0.5,6549.0,3487.0,3062.0,0.7063832148945653,0.21882884066514852,0.6269735220696954,0.23955543652919128,0.564529087399002,0.4243456039314349,3487.0,3062.0,6549.0,0.8769416175682914,0.6365857382806536,4825.0,0.8936787564766839,0.7924397031539888,4312.0,2643.0,0.8463866818009838,0.33616450603486814,2237.0
0.5,0.15,0.0,0.0,0.5,0.45,0.6,0.65,True,7468.0,0.8982324584895555,0.6422197434467373,0.6226777706598334,0.6324487570532853,0.6491697911087306,0.6331246273106739,0.5345855694692904,0.4654144305307096,0.5,0.5,6708.0,3586.0,3122.0,0.7063832148945653,0.21882884066514852,0.6269735220696954,0.2391537225495448,0.5740551959263197,0.4166040552313724,3586.0,3122.0,6708.0,0.8982324584895555,0.6331246273106739,4825.0,0.9104663212435233,0.7778283633052584,4393.0,2643.0,0.8758986000756716,0.35853131749460043,2315.0
0.5,0.15,0.0,0.0,0.5,0.45,0.6,1.0,False,7468.0,0.8845741831815748,0.6444381384790011,0.6265412070084361,0.6354896727437186,0.6491697911087306,0.6360884044807751,0.5334544353617923,0.4665455646382077,0.5,0.5,6606.0,3524.0,3082.0,0.7063832148945653,0.21882884066514852,0.6269735220696954,0.24076057846813076,0.5673683127887228,0.424346184024178,3524.0,3082.0,6606.0,0.8845741831815748,0.6360884044807751,4825.0,0.900518134715026,0.7940161104718066,4345.0,2643.0,0.8554672720393492,0.33259619637328613,2261.0
0.5,0.15,0.0,0.0,0.5,0.45,0.6,1.0,True,7468.0,0.9058650241028388,0.640905327077008,0.6231699554423934,0.6320376412597006,0.6491697911087306,0.6326681448632668,0.535550628233555,0.46444937176644496,0.5,0.5,6765.0,3623.0,3142.0,0.7063832148945653,0.21882884066514852,0.6269735220696954,0.24035886448848423,0.5768475360155205,0.41667659040155314,3623.0,3142.0,6765.0,0.9058650241028388,0.6326681448632668,4825.0,0.9173056994818652,0.7794848621780388,4426.0,2643.0,0.884979190314037,0.3548525010688328,2339.0
0.5,0.15,0.0,0.0,0.5,0.45,1.0,0.55,False,7468.0,0.8588644884841993,0.6463164073965365,0.6282008646491519,0.6372586360228443,0.6491697911087306,0.6378235110695354,0.5311817898347365,0.4688182101652635,0.5,0.5,6414.0,3407.0,3007.0,0.7063832148945653,0.21882884066514852,0.6269735220696954,0.23674343867166578,0.5577280026197956,0.4244783076331462,3407.0,3007.0,6414.0,0.8588644884841993,0.6378235110695354,4825.0,0.8775129533678756,0.7886159659896079,4234.0,2643.0,0.8248202799848657,0.344954128440367,2180.0
0.5,0.15,0.0,0.0,0.5,0.45,1.0,0.55,True,7468.0,0.8801553294054633,0.6426126640045636,0.6247147049233779,0.6336636844639707,0.6491697911087306,0.6342613722805416,0.5333941883462651,0.466605811653735,0.5,0.5,6573.0,3506.0,3067.0,0.7063832148945653,0.21882884066514852,0.6269735220696954,0.23634172469201922,0.5673683127887228,0.41655785027957387,3506.0,3067.0,6573.0,0.8801553294054633,0.6342613722805416,4825.0,0.894300518134715,0.7738122827346465,4315.0,2643.0,0.8543321982595535,0.3675819309123118,2258.0
0.5,0.15,0.0,0.0,0.5,0.45,1.0,0.65,False,7468.0,0.9110873058382432,0.6452322066501787,0.6281200631911532,0.636676134920666,0.6491697911087306,0.6372721928277484,0.5348324514991182,0.4651675485008818,0.5,0.5,6804.0,3639.0,3165.0,0.7063832148945653,0.21882884066514852,0.6269735220696954,0.25013390465988217,0.5748710295267805,0.43511308069531035,3639.0,3165.0,6804.0,0.9110873058382432,0.6372721928277484,4825.0,0.9282901554404145,0.8001786112971645,4479.0,2643.0,0.8796821793416572,0.32344086021505375,2325.0
0.5,0.15,0.0,0.0,0.5,0.45,1.0,0.65,True,7468.0,0.9323781467595073,0.6417870518994114,0.6248062015503876,0.6332966267248995,0.6491697911087306,0.6339221599885106,0.5368375700129254,0.4631624299870745,0.5,0.5,6963.0,3738.0,3225.0,0.7063832148945653,0.21882884066514852,0.6269735220696954,0.24973219068023558,0.5842285323737928,0.42745634086980105,3738.0,3225.0,6963.0,0.9323781467595073,0.6339221599885106,4825.0,0.9450777202072539,0.7859649122807018,4560.0,2643.0,0.9091940976163451,0.3454015813566375,2403.0
0.5,0.15,0.0,0.0,0.5,0.45,1.0,1.0,False,7468.0,0.9187198714515266,0.6439064200217628,0.6285714285714286,0.6362389242965957,0.6491697911087306,0.6367876402856727,0.5357819559830929,0.46421804401690714,0.5,0.5,6861.0,3676.0,3185.0,0.7063832148945653,0.21882884066514852,0.6269735220696954,0.2513390465988217,0.5776594259824316,0.4350990138720003,3676.0,3185.0,6861.0,0.9187198714515266,0.6367876402856727,4825.0,0.9351295336787565,0.8016400709219859,4512.0,2643.0,0.8887627695800226,0.3201362281822052,2349.0
0.5,0.15,0.0,0.0,0.5,0.45,1.0,1.0,True,7468.0,0.9400107123727905,0.6405298013245033,0.6252696456086286,0.632899723466566,0.6491697911087306,0.6334757834757835,0.5377492877492878,0.46225071225071224,0.5,0.5,7020.0,3775.0,3245.0,0.7063832148945653,0.21882884066514852,0.6269735220696954,0.25093733261917517,0.5869724779551488,0.4275112412312278,3775.0,3245.0,7020.0,0.9400107123727905,0.6334757834757835,4825.0,0.9519170984455958,0.7875027215327672,4593.0,2643.0,0.9182746878547106,0.34198599093531107,2427.0
0.5,0.15,0.0,0.0,0.5,0.55,0.5,0.55,False,7468.0,0.6695232994108195,0.6428843952689813,0.6170659941151745,0.629975194692078,0.6491697911087306,0.6306,0.5242,0.4758,0.5,0.5,5000.0,2621.0,2379.0,0.7063832148945653,0.21882884066514852,0.6269735220696954,0.1748794858061061,0.49731469594448613,0.3516475327035729,2621.0,2379.0,5000.0,0.6695232994108195,0.6306,4825.0,0.6860103626943005,0.7347432024169185,3310.0,2643.0,0.6394248959515701,0.42662721893491123,1690.0
0.5,0.15,0.0,0.0,0.5,0.55,0.5,0.55,True,7468.0,0.6908141403320835,0.638235294117647,0.6129561295612956,0.6255957118394713,0.6491697911087306,0.6262841635975964,0.527233960069781,0.47276603993021904,0.5,0.5,5159.0,2720.0,2439.0,0.7063832148945653,0.21882884066514852,0.6269735220696954,0.17447777182645954,0.5081025332084185,0.34339087176896743,2720.0,2439.0,5159.0,0.6908141403320835,0.6262841635975964,4825.0,0.7027979274611399,0.7171925685638455,3391.0,2643.0,0.6689368142262581,0.4519230769230769,1768.0
0.5,0.15,0.0,0.0,0.5,0.55,0.5,0.65,False,7468.0,0.7198714515265131,0.641502808988764,0.617879746835443,0.6296912779121036,0.6491697911087306,0.6303943452380952,0.5297619047619048,0.47023809523809523,0.5,0.5,5376.0,2848.0,2528.0,0.7063832148945653,0.21882884066514852,0.6269735220696954,0.18773433315479376,0.5158183393268018,0.363954359202907,2848.0,2528.0,5376.0,0.7198714515265131,0.6303943452380952,4825.0,0.7349222797927462,0.7523970671178793,3546.0,2643.0,0.6923950056753689,0.39398907103825137,1830.0
0.5,0.15,0.0,0.0,0.5,0.55,0.5,0.65,True,7468.0,0.7411622924477772,0.6372582287071599,0.6139876352395672,0.6256229319733635,0.6491697911087306,0.6263775971093044,0.5324299909665763,0.46757000903342366,0.5,0.5,5535.0,2947.0,2588.0,0.7063832148945653,0.21882884066514852,0.6269735220696954,0.18733261917514726,0.5262269820489205,0.3559920444325144,2947.0,2588.0,5535.0,0.7411622924477772,0.6263775971093044,4825.0,0.7517098445595854,0.7355941549489936,3627.0,2643.0,0.7219069239500567,0.4187631027253669,1908.0
0.5,0.15,0.0,0.0,0.5,0.55,0.5,1.0,False,7468.0,0.7275040171397965,0.6398613518197573,0.6185243328100472,0.6291928423149022,0.6491697911087306,0.6298545923062765,0.5310141726486287,0.46898582735137123,0.5,0.5,5433.0,2885.0,2548.0,0.7063832148945653,0.21882884066514852,0.6269735220696954,0.18893947509373332,0.5189241476584334,0.36409844472702624,2885.0,2548.0,5433.0,0.7275040171397965,0.6298545923062765,4825.0,0.7417616580310881,0.7546800782341436,3579.0,2643.0,0.7014755959137344,0.3888888888888889,1854.0
0.5,0.15,0.0,0.0,0.5,0.55,0.5,1.0,True,7468.0,0.7487948580610605,0.6357238605898123,0.6146472392638037,0.625185549926808,0.6491697911087306,0.6258941344778255,0.5336194563662375,0.4663805436337625,0.5,0.5,5592.0,2984.0,2608.0,0.7063832148945653,0.21882884066514852,0.6269735220696954,0.1885377611140868,0.5292717151647978,0.3562211161338602,2984.0,2608.0,5592.0,0.7487948580610605,0.6258941344778255,4825.0,0.7585492227979275,0.7379781420765027,3660.0,2643.0,0.7309875141884222,0.4135610766045549,1932.0
0.5,0.15,0.0,0.0,0.5,0.55,0.55,0.55,False,7468.0,0.7584359935725763,0.6442727578098757,0.6252326014142165,0.6347526796120462,0.6491697911087306,0.6352401129943502,0.5256002824858758,0.4743997175141243,0.5,0.5,5664.0,2977.0,2687.0,0.7063832148945653,0.21882884066514852,0.6269735220696954,0.20514193893947502,0.5259724587053496,0.3900241078105494,2977.0,2687.0,5664.0,0.7584359935725763,0.6352401129943502,4825.0,0.778238341968912,0.7661784287616511,3755.0,2643.0,0.7222852818766553,0.3776846516500786,1909.0
0.5,0.15,0.0,0.0,0.5,0.55,0.55,0.55,True,7468.0,0.7797268344938404,0.6401170351105332,0.6214051692755733,0.6307611021930533,0.6491697911087306,0.631289713206251,0.528250042933196,0.47174995706680406,0.5,0.5,5823.0,3076.0,2747.0,0.7063832148945653,0.21882884066514852,0.6269735220696954,0.20474022495982855,0.5361840213648724,0.38184693463758246,3076.0,2747.0,5823.0,0.7797268344938404,0.631289713206251,4825.0,0.7950259067357512,0.75,3836.0,2643.0,0.7517972001513432,0.40211373930548566,1987.0
0.5,0.15,0.0,0.0,0.5,0.55,0.55,0.65,False,7468.0,0.8099892876272095,0.6431690580162196,0.6253957087583538,0.6342823833872867,0.6491697911087306,0.6348156720119028,0.5300049594974376,0.4699950405025624,0.5,0.5,6049.0,3206.0,2843.0,0.7063832148945653,0.21882884066514852,0.6269735220696954,0.21839850026780935,0.5438707508955598,0.40156323889119877,3206.0,2843.0,6049.0,0.8099892876272095,0.6348156720119028,4825.0,0.8283937823834197,0.780335251438579,3997.0,2643.0,0.7763904653802497,0.351364522417154,2052.0
0.5,0.15,0.0,0.0,0.5,0.55,0.55,0.65,True,7468.0,0.8312801285484734,0.6393343419062028,0.6217705821563899,0.6305524620312963,0.6491697911087306,0.6311211340206185,0.5323775773195877,0.4676224226804124,0.5,0.5,6208.0,3305.0,2903.0,0.7063832148945653,0.21882884066514852,0.6269735220696954,0.21799678628816277,0.5537523554172527,0.39367198018309485,3305.0,2903.0,6208.0,0.8312801285484734,0.6311211340206185,4825.0,0.845181347150259,0.764835703776361,4078.0,2643.0,0.8059023836549376,0.3751173708920188,2130.0
0.5,0.15,0.0,0.0,0.5,0.55,0.55,1.0,False,7468.0,0.8176218532404927,0.6416897934011717,0.6259168704156479,0.6338033319084098,0.6491697911087306,0.6342941369145103,0.5311169341631182,0.4688830658368818,0.5,0.5,6106.0,3243.0,2863.0,0.7063832148945653,0.21882884066514852,0.6269735220696954,0.21960364220674877,0.5468172505662856,0.40160335464787655,3243.0,2863.0,6106.0,0.8176218532404927,0.6342941369145103,4825.0,0.8352331606217617,0.7821339950372208,4030.0,2643.0,0.7854710556186152,0.3473025048169557,2076.0
0.5,0.15,0.0,0.0,0.5,0.55,0.55,1.0,True,7468.0,0.8389126941617568,0.6379413524835428,0.6223058501539515,0.6301236013187471,0.6491697911087306,0.6306464485235435,0.533439744612929,0.466560255387071,0.5,0.5,6265.0,3342.0,2923.0,0.7063832148945653,0.21882884066514852,0.6269735220696954,0.21920192822710224,0.5566465512040178,0.3937901487990393,3342.0,2923.0,6265.0,0.8389126941617568,0.6306464485235435,4825.0,0.8520207253886011,0.7667234249574313,4111.0,2643.0,0.8149829738933031,0.3709377901578459,2154.0
0.5,0.15,0.0,0.0,0.5,0.55,0.6,0.55,False,7468.0,0.8188269951794322,0.6476780185758514,0.6249566724436741,0.6363173455097628,0.6491697911087306,0.6369582992641046,0.5282093213409649,0.4717906786590352,0.5,0.5,6115.0,3230.0,2885.0,0.7063832148945653,0.21882884066514852,0.6269735220696954,0.22429030530262448,0.5452232065295862,0.4113733652869625,3230.0,2885.0,6115.0,0.8188269951794322,0.6369582992641046,4825.0,0.8397927461139897,0.7833168805528135,4052.0,2643.0,0.7805524025728339,0.34949103247697527,2063.0
0.5,0.15,0.0,0.0,0.5,0.55,0.6,0.55,True,7468.0,0.8401178361006963,0.6437368579152899,0.6213921901528013,0.6325645240340456,0.6491697911087306,0.6332483264265222,0.5306024864520242,0.46939751354797576,0.5,0.5,6274.0,3329.0,2945.0,0.7063832148945653,0.21882884066514852,0.6269735220696954,0.2238885913229781,0.555080735018663,0.40334419337297034,3329.0,2945.0,6274.0,0.8401178361006963,0.6332483264265222,4825.0,0.856580310880829,0.7679651584805226,4133.0,2643.0,0.8100643208475218,0.373190098085007,2141.0
0.5,0.15,0.0,0.0,0.5,0.55,0.6,0.65,False,7468.0,0.8705141938939475,0.6465317919075144,0.6251233146991121,0.6358275533033133,0.6491697911087306,0.6365174588524842,0.5322258114136287,0.4677741885863713,0.5,0.5,6501.0,3460.0,3041.0,0.7063832148945653,0.21882884066514852,0.6269735220696954,0.2376807712908409,0.562509298857853,0.42253660832530204,3460.0,3041.0,6501.0,0.8705141938939475,0.6365174588524842,4825.0,0.8901554404145078,0.7955762514551804,4295.0,2643.0,0.8346575860764283,0.3268359020852221,2206.0
0.5,0.15,0.0,0.0,0.5,0.55,0.6,0.65,True,7468.0,0.8918050348152116,0.6428772127001967,0.6217349242179941,0.6323060684590954,0.6491697911087306,0.633033033033033,0.5343843843843844,0.4656156156156156,0.5,0.5,6660.0,3559.0,3101.0,0.7063832148945653,0.21882884066514852,0.6269735220696954,0.23727905731119445,0.572069041945121,0.4147734624904887,3559.0,3101.0,6660.0,0.8918050348152116,0.633033033033033,4825.0,0.9069430051813472,0.7808500914076782,4376.0,2643.0,0.8641695043511162,0.3498248686514886,2284.0
0.5,0.15,0.0,0.0,0.5,0.55,0.6,1.0,False,7468.0,0.8781467595072309,0.6451243923362883,0.6256125449199608,0.6353684686281245,0.6491697911087306,0.6360170783775542,0.5332418420250076,0.46675815797499237,0.5,0.5,6558.0,3497.0,3061.0,0.7063832148945653,0.21882884066514852,0.6269735220696954,0.23888591322978045,0.5653586676957604,0.4225386942476903,3497.0,3061.0,6558.0,0.8781467595072309,0.6360170783775542,4825.0,0.8969948186528497,0.7971349353049908,4328.0,2643.0,0.8437381763147938,0.3233183856502242,2230.0
0.5,0.15,0.0,0.0,0.5,0.55,0.6,1.0,True,7468.0,0.899437600428495,0.6415461624026696,0.6222364626722204,0.631891312537445,0.6491697911087306,0.632574065803186,0.5353580467470597,0.4646419532529403,0.5,0.5,6717.0,3596.0,3121.0,0.7063832148945653,0.21882884066514852,0.6269735220696954,0.23848419925013398,0.5748710295267805,0.4148481781147473,3596.0,3121.0,6717.0,0.899437600428495,0.632574065803186,4825.0,0.9137823834196891,0.7824903606259923,4409.0,2643.0,0.8732500945894817,0.3461871750433276,2308.0
0.5,0.15,0.0,0.0,0.5,0.55,1.0,0.55,False,7468.0,0.8524370648098554,0.6470414201183432,0.6272605492297387,0.637150984674041,0.6491697911087306,0.6377631165567075,0.5309456487590324,0.4690543512409676,0.5,0.5,6366.0,3380.0,2986.0,0.7063832148945653,0.21882884066514852,0.6269735220696954,0.23486877343331541,0.5556834941657616,0.42266645653371443,3380.0,2986.0,6366.0,0.8524370648098554,0.6377631165567075,4825.0,0.8739896373056995,0.7917951150106711,4217.0,2643.0,0.8130911842603102,0.3355048859934853,2149.0
0.5,0.15,0.0,0.0,0.5,0.55,1.0,0.55,True,7468.0,0.8737279057311195,0.6432883012359873,0.623768877216021,0.6335285892260042,0.6491697911087306,0.634176245210728,0.5331800766283525,0.4668199233716475,0.5,0.5,6525.0,3479.0,3046.0,0.7063832148945653,0.21882884066514852,0.6269735220696954,0.23446705945366908,0.5653586676957604,0.41472267580028355,3479.0,3046.0,6525.0,0.8737279057311195,0.634176245210728,4825.0,0.8907772020725389,0.7768729641693811,4298.0,2643.0,0.8426031025349981,0.35877862595419846,2227.0
0.5,0.15,0.0,0.0,0.5,0.55,1.0,0.65,False,7468.0,0.9046598821638993,0.6459025470653378,0.6272264631043257,0.6365645050848318,0.6491697911087306,0.6372113676731794,0.5346358792184724,0.46536412078152756,0.5,0.5,6756.0,3612.0,3144.0,0.7063832148945653,0.21882884066514852,0.6269735220696954,0.2482592394215319,0.5728877039797448,0.4333471249198071,3612.0,3144.0,6756.0,0.9046598821638993,0.6372113676731794,4825.0,0.9247668393782383,0.8032272523532048,4462.0,2643.0,0.8679530836171018,0.3142981691368788,2294.0
0.5,0.15,0.0,0.0,0.5,0.55,1.0,0.65,True,7468.0,0.9259507230851634,0.6424144435462139,0.6239076154806492,0.6331610295134316,0.6491697911087306,0.6338394793926247,0.5366594360086768,0.46334056399132323,0.5,0.5,6915.0,3711.0,3204.0,0.7063832148945653,0.21882884066514852,0.6269735220696954,0.2478575254418854,0.5822770807971399,0.4256693825258713,3711.0,3204.0,6915.0,0.9259507230851634,0.6338394793926247,4825.0,0.9415544041450777,0.7889060092449923,4543.0,2643.0,0.8974650018917897,0.3368465430016863,2372.0
0.5,0.15,0.0,0.0,0.5,0.55,1.0,1.0,False,7468.0,0.9122924477771827,0.6445601534667033,0.6276864728192162,0.6361233131429598,0.6491697911087306,0.6367239101717305,0.5355937178922648,0.4644062821077352,0.5,0.5,6813.0,3649.0,3164.0,0.7063832148945653,0.21882884066514852,0.6269735220696954,0.24946438136047125,0.5756857069689638,0.4333343321548198,3649.0,3164.0,6813.0,0.9122924477771827,0.6367239101717305,4825.0,0.9316062176165804,0.8046718576195773,4495.0,2643.0,0.8770336738554673,0.3110440034512511,2318.0
0.5,0.15,0.0,0.0,0.5,0.55,1.0,1.0,True,7468.0,0.9335832886984468,0.6411419423692636,0.624379652605459,0.6327607974873612,0.6491697911087306,0.6333907056798623,0.5375788869764774,0.4624211130235227,0.5,0.5,6972.0,3748.0,3224.0,0.7063832148945653,0.21882884066514852,0.6269735220696954,0.24906266738082491,0.5850301792718141,0.4257261867940432,3748.0,3224.0,6972.0,0.9335832886984468,0.6333907056798623,4825.0,0.9483937823834196,0.7904283216783217,4576.0,2643.0,0.9065455921301552,0.33347245409015025,2396.0
0.5,0.15,0.0,0.0,0.6,0.45,0.5,0.55,False,7468.0,0.6363149437600428,0.654379706698375,0.6271870794078062,0.6407833930530906,0.6491697911087306,0.6416245791245792,0.5309343434343434,0.4690656565656566,0.5,0.6,4752.0,2523.0,2229.0,0.7063832148945653,0.21882884066514852,0.6269735220696954,0.18023567220139264,0.47753495765161014,0.3774292736342146,2523.0,2229.0,4752.0,0.6363149437600428,0.6416245791245792,4825.0,0.6561658031088083,0.7681617182564751,3166.0,2643.0,0.6000756715853197,0.3890290037831021,1586.0
0.5,0.15,0.0,0.0,0.6,0.45,0.5,0.55,True,7468.0,0.6572040707016604,0.6489889355207936,0.6226497595102755,0.6358193475155345,0.6491697911087306,0.6367155664221679,0.5340260798696006,0.46597392013039934,0.5,0.6,4908.0,2621.0,2287.0,0.7063832148945653,0.21882884066514852,0.6269735220696954,0.17970005356186391,0.48862256248550195,0.3677686364865639,2621.0,2287.0,4908.0,0.6572040707016604,0.6367155664221679,4825.0,0.6727461139896374,0.7492298213185459,3246.0,2643.0,0.6288308740068105,0.41696750902527074,1662.0
0.5,0.15,0.0,0.0,0.6,0.45,0.5,0.65,False,7468.0,0.6866630958757365,0.652,0.6274179983179142,0.6397089991589571,0.6491697911087306,0.640600624024961,0.5362714508580343,0.46372854914196565,0.5,0.6,5128.0,2750.0,2378.0,0.7063832148945653,0.21882884066514852,0.6269735220696954,0.19309051955008033,0.4967758932988074,0.3886873782620077,2750.0,2378.0,5128.0,0.6866630958757365,0.640600624024961,4825.0,0.7050777202072539,0.7842445620223398,3402.0,2643.0,0.6530457813091184,0.3574739281575898,1726.0
0.5,0.15,0.0,0.0,0.6,0.45,0.5,0.65,True,7468.0,0.7075522228173541,0.6471207865168539,0.6231527093596059,0.6351367479382299,0.6491697911087306,0.6360711582134746,0.5389856169568509,0.4610143830431491,0.5,0.6,5284.0,2848.0,2436.0,0.7063832148945653,0.21882884066514852,0.6269735220696954,0.19255490091055164,0.5074432588510771,0.37946094967646826,2848.0,2436.0,5284.0,0.7075522228173541,0.6360711582134746,4825.0,0.7216580310880829,0.7662263067202757,3482.0,2643.0,0.6818009837306092,0.38457269700332963,1802.0
0.5,0.15,0.0,0.0,0.6,0.45,0.5,1.0,False,7468.0,0.6942956614890198,0.6501614639397201,0.628023352793995,0.6390924083668575,0.6491697911087306,0.6399228543876567,0.5375120540019286,0.46248794599807136,0.5,0.6,5185.0,2787.0,2398.0,0.7063832148945653,0.21882884066514852,0.6269735220696954,0.19429566148901983,0.49999999999999994,0.3885913229780397,2787.0,2398.0,5185.0,0.6942956614890198,0.6399228543876567,4825.0,0.7119170984455958,0.7863173216885008,3435.0,2643.0,0.6621263715474839,0.3525714285714286,1750.0
0.5,0.15,0.0,0.0,0.6,0.45,0.5,1.0,True,7468.0,0.7151847884306374,0.6454072790294627,0.6237785016286646,0.6345928903290636,0.6491697911087306,0.6354615240591649,0.5401610185358547,0.4598389814641453,0.5,0.6,5341.0,2885.0,2456.0,0.7063832148945653,0.21882884066514852,0.6269735220696954,0.19376004284949108,0.5106000125250421,0.37947520191255035,2885.0,2456.0,5341.0,0.7151847884306374,0.6354615240591649,4825.0,0.7284974093264248,0.7684210526315789,3515.0,2643.0,0.6908815739689746,0.3795180722891566,1826.0
0.5,0.15,0.0,0.0,0.6,0.45,0.55,0.55,False,7468.0,0.7252276379217997,0.6543938867662383,0.6346078044934963,0.6445008456298673,0.6491697911087306,0.6451255539143279,0.531573116691285,0.4684268833087149,0.5,0.6,5416.0,2879.0,2537.0,0.7063832148945653,0.21882884066514852,0.6269735220696954,0.21049812533476164,0.507311301168739,0.41492891021709555,2879.0,2537.0,5416.0,0.7252276379217997,0.6451255539143279,4825.0,0.7483937823834197,0.7967322071448353,3611.0,2643.0,0.6829360575104049,0.34182825484764545,1805.0
0.5,0.15,0.0,0.0,0.6,0.45,0.55,0.55,True,7468.0,0.7461167648634173,0.6496472959355055,0.6304431599229288,0.6400452279292171,0.6491697911087306,0.6407035175879398,0.534278535534817,0.46572146446518303,0.5,0.6,5572.0,2977.0,2595.0,0.7063832148945653,0.21882884066514852,0.6269735220696954,0.2099625066952331,0.5177616527747996,0.4055196161592838,2977.0,2595.0,5572.0,0.7461167648634173,0.6407035175879398,4825.0,0.7649740932642487,0.7794635600108372,3691.0,2643.0,0.7116912599318955,0.3684210526315789,1881.0
0.5,0.15,0.0,0.0,0.6,0.45,0.55,0.65,False,7468.0,0.7767809319764328,0.6525096525096525,0.6342369105087263,0.6433732815091895,0.6491697911087306,0.644026891915187,0.5357696948801931,0.46423030511980695,0.5,0.6,5801.0,3108.0,2693.0,0.7063832148945653,0.21882884066514852,0.6269735220696954,0.22375468666309586,0.5258451508349854,0.4255144053487943,3108.0,2693.0,5801.0,0.7767809319764328,0.644026891915187,4825.0,0.7985492227979275,0.8094990916169219,3853.0,2643.0,0.7370412410139993,0.316735112936345,1948.0
0.5,0.15,0.0,0.0,0.6,0.45,0.55,0.65,True,7468.0,0.7976700589180503,0.6481597005614473,0.6303162486368593,0.6392379745991533,0.6491697911087306,0.6399194225281182,0.5381903642773208,0.4618096357226792,0.5,0.6,5957.0,3206.0,2751.0,0.7063832148945653,0.21882884066514852,0.6269735220696954,0.2232190680235672,0.5359342267920958,0.41650459490089675,3206.0,2751.0,5957.0,0.7976700589180503,0.6399194225281182,4825.0,0.8151295336787565,0.7930333079074497,3933.0,2643.0,0.76579644343549,0.3423913043478261,2024.0
0.5,0.15,0.0,0.0,0.6,0.45,0.55,1.0,False,7468.0,0.7844134975897161,0.6508744038155803,0.6347217102838186,0.6427980570496994,0.6491697911087306,0.6433936497097986,0.5368726527825196,0.4631273472174804,0.5,0.6,5858.0,3145.0,2713.0,0.7063832148945653,0.21882884066514852,0.6269735220696954,0.22495982860203545,0.5288920820865447,0.4253416457182363,3145.0,2713.0,5858.0,0.7844134975897161,0.6433936497097986,4825.0,0.8053886010362694,0.8111168296448791,3886.0,2643.0,0.7461218312523648,0.31288032454361053,1972.0
0.5,0.15,0.0,0.0,0.6,0.45,0.55,1.0,True,7468.0,0.8053026245313337,0.6466234967622572,0.6308191988451822,0.6387213478037197,0.6491697911087306,0.6393415364150316,0.5392417692051878,0.4607582307948121,0.5,0.6,6014.0,3243.0,2771.0,0.7063832148945653,0.21882884066514852,0.6269735220696954,0.22442420996250664,0.5389241201546036,0.416430071636291,3243.0,2771.0,6014.0,0.8053026245313337,0.6393415364150316,4825.0,0.8219689119170984,0.794755421079173,3966.0,2643.0,0.7748770336738555,0.33837890625,2048.0
0.5,0.15,0.0,0.0,0.6,0.45,0.6,0.55,False,7468.0,0.7856186395286556,0.657088122605364,0.63363802559415,0.6453630740997569,0.6491697911087306,0.6461564683824783,0.5338333049258565,0.4661666950741435,0.5,0.6,5867.0,3132.0,2735.0,0.7063832148945653,0.21882884066514852,0.6269735220696954,0.22964649169791115,0.527243846730687,0.43556030690902153,3132.0,2735.0,5867.0,0.7856186395286556,0.6461564683824783,4825.0,0.8099481865284974,0.8121801432958035,3908.0,2643.0,0.7412031782065834,0.31495661051556917,1959.0
0.5,0.15,0.0,0.0,0.6,0.45,0.6,0.55,True,7468.0,0.8065077664702731,0.6526315789473685,0.6297887576083064,0.6412101682778375,0.6491697911087306,0.6420388510708949,0.5362776025236593,0.4637223974763407,0.5,0.6,6023.0,3230.0,2793.0,0.7063832148945653,0.21882884066514852,0.6269735220696954,0.22911087305838235,0.5373066598376995,0.4264061665038514,3230.0,2793.0,6023.0,0.8065077664702731,0.6420388510708949,4825.0,0.8265284974093264,0.7958876629889668,3988.0,2643.0,0.7699583806280742,0.34054054054054056,2035.0
0.5,0.15,0.0,0.0,0.6,0.45,0.6,0.65,False,7468.0,0.8373058382431708,0.6552647233789411,0.6333448633690765,0.6443047933740088,0.6491697911087306,0.6451303374380297,0.5376619222773069,0.4623380777226931,0.5,0.6,6253.0,3362.0,2891.0,0.7063832148945653,0.21882884066514852,0.6269735220696954,0.24303695768612743,0.5451003946783763,0.44585724035207436,3362.0,2891.0,6253.0,0.8373058382431708,0.6451303374380297,4825.0,0.8603108808290155,0.8231751385208383,4151.0,2643.0,0.7953083617101778,0.29352997145575643,2102.0
0.5,0.15,0.0,0.0,0.6,0.45,0.6,0.65,True,7468.0,0.8581949651847884,0.6511560693641618,0.62970498474059,0.6404305270523759,0.6491697911087306,0.6412856919956311,0.539865813699485,0.4601341863005149,0.5,0.6,6409.0,3460.0,2949.0,0.7063832148945653,0.21882884066514852,0.6269735220696954,0.2425013390465988,0.5548394480109492,0.4370657852752627,3460.0,2949.0,6409.0,0.8581949651847884,0.6412856919956311,4825.0,0.8768911917098445,0.8076104939730561,4231.0,2643.0,0.8240635641316686,0.3181818181818182,2178.0
0.5,0.15,0.0,0.0,0.6,0.45,0.6,1.0,False,7468.0,0.8449384038564542,0.6537216828478964,0.6338028169014085,0.6437622498746525,0.6491697911087306,0.6445324881141046,0.5386687797147385,0.46133122028526147,0.5,0.6,6310.0,3399.0,2911.0,0.7063832148945653,0.21882884066514852,0.6269735220696954,0.24424209962506693,0.5480402832964869,0.44566450144128045,3399.0,2911.0,6310.0,0.8449384038564542,0.6445324881141046,4825.0,0.8671502590673575,0.8245697896749522,4184.0,2643.0,0.8043889519485433,0.29021636876763873,2126.0
0.5,0.15,0.0,0.0,0.6,0.45,0.6,1.0,True,7468.0,0.8658275307980717,0.6496997426365456,0.6301785112832604,0.6399391269599031,0.6491697911087306,0.640736158366842,0.5408289514382926,0.4591710485617074,0.5,0.6,6466.0,3497.0,2969.0,0.7063832148945653,0.21882884066514852,0.6269735220696954,0.2437064809855383,0.5577280026197956,0.43696296374000343,3497.0,2969.0,6466.0,0.8658275307980717,0.640736158366842,4825.0,0.8837305699481866,0.8090994371482176,4264.0,2643.0,0.8331441543700341,0.31471389645776565,2202.0
0.5,0.15,0.0,0.0,0.6,0.45,1.0,0.55,False,7468.0,0.8192287091590787,0.6560024375380865,0.6357545839210155,0.645878510729551,0.6491697911087306,0.6466165413533834,0.5364498202026806,0.4635501797973194,0.5,0.6,6118.0,3282.0,2836.0,0.7063832148945653,0.21882884066514852,0.6269735220696954,0.24022495982860198,0.5380537841751867,0.4464701613368569,3282.0,2836.0,6118.0,0.8192287091590787,0.6466165413533834,4825.0,0.8441450777202073,0.8197888534249939,4073.0,2643.0,0.7737419598940598,0.3017114914425428,2045.0
0.5,0.15,0.0,0.0,0.6,0.45,1.0,0.55,True,7468.0,0.8401178361006963,0.651775147928994,0.6319972356599862,0.6418861917944901,0.6491697911087306,0.6426522154925087,0.5387312719158431,0.46126872808415686,0.5,0.6,6274.0,3380.0,2894.0,0.7063832148945653,0.21882884066514852,0.6269735220696954,0.2396893411890733,0.547918102872876,0.4374546851661229,3380.0,2894.0,6274.0,0.8401178361006963,0.6426522154925087,4825.0,0.8607253886010363,0.8039971105225139,4153.0,2643.0,0.8024971623155505,0.32673267326732675,2121.0
0.5,0.15,0.0,0.0,0.6,0.45,1.0,0.65,False,7468.0,0.8714515265131226,0.6542401821286283,0.6352705410821643,0.6447553616053963,0.6491697911087306,0.6455132145052244,0.5399508297480025,0.46004917025199754,0.5,0.6,6508.0,3514.0,2994.0,0.7063832148945653,0.21882884066514852,0.6269735220696954,0.25361542581681845,0.555803967553446,0.4563037340902588,3514.0,2994.0,6508.0,0.8714515265131226,0.6455132145052244,4825.0,0.8949222797927461,0.8300138953219083,4318.0,2643.0,0.8286038592508513,0.2817351598173516,2190.0
0.5,0.15,0.0,0.0,0.6,0.45,1.0,0.65,True,7468.0,0.8923406534547402,0.6503322259136213,0.6317169069462647,0.641024566429943,0.6491697911087306,0.6418067226890757,0.542016806722689,0.4579831932773109,0.5,0.6,6664.0,3612.0,3052.0,0.7063832148945653,0.21882884066514852,0.6269735220696954,0.25307980717728984,0.5653586676957604,0.44764469289693654,3612.0,3052.0,6664.0,0.8923406534547402,0.6418067226890757,4825.0,0.9115025906735751,0.8149158708503865,4398.0,2643.0,0.857359061672342,0.3058252427184466,2266.0
0.5,0.15,0.0,0.0,0.6,0.45,1.0,1.0,False,7468.0,0.879084092126406,0.6527738665164742,0.6357000663570007,0.6442369664367374,0.6491697911087306,0.6449352627570449,0.5408987052551409,0.4591012947448591,0.5,0.6,6565.0,3551.0,3014.0,0.7063832148945653,0.21882884066514852,0.6269735220696954,0.2548205677557579,0.5586875353767292,0.4561056970492989,3551.0,3014.0,6565.0,0.879084092126406,0.6449352627570449,4825.0,0.9017616580310881,0.831303148701448,4351.0,2643.0,0.8376844494892168,0.2786811201445348,2214.0
0.5,0.15,0.0,0.0,0.6,0.45,1.0,1.0,True,7468.0,0.8999732190680235,0.6489449164154563,0.6321614583333334,0.6405531873743948,0.6491697911087306,0.6412736199970243,0.5429251599464365,0.45707484005356347,0.5,0.6,6721.0,3649.0,3072.0,0.7063832148945653,0.21882884066514852,0.6269735220696954,0.25428494911622923,0.5681937477444619,0.4475321140467578,3649.0,3072.0,6721.0,0.8999732190680235,0.6412736199970243,4825.0,0.9183419689119171,0.8162942902279395,4431.0,2643.0,0.8664396519107075,0.3026200873362445,2290.0
0.5,0.15,0.0,0.0,0.6,0.55,0.5,0.55,False,7468.0,0.5665506159614354,0.6814977973568281,0.6450790413054563,0.6632884193311422,0.6491697911087306,0.6646182935476247,0.5365161900259986,0.4634838099740014,0.5,0.6,4231.0,2270.0,1961.0,0.7063832148945653,0.21882884066514852,0.6269735220696954,0.18652919121585432,0.4359021821151972,0.4279152499552289,2270.0,1961.0,4231.0,0.5665506159614354,0.6646182935476247,4825.0,0.5973056994818653,0.8438584316446912,2882.0,2643.0,0.5104048429814605,0.28169014084507044,1349.0
0.5,0.15,0.0,0.0,0.6,0.55,0.5,0.55,True,7468.0,0.5828869844670594,0.6753524134985049,0.6391650099403579,0.6572587117194314,0.6491697911087306,0.6586262347806111,0.5377900298644613,0.4622099701355387,0.5,0.6,4353.0,2341.0,2012.0,0.7063832148945653,0.21882884066514852,0.6269735220696954,0.18492233529726837,0.4460743487187932,0.41455496337863634,2341.0,2012.0,4353.0,0.5828869844670594,0.6586262347806111,4825.0,0.6111917098445596,0.8246863343506273,2949.0,2643.0,0.5312145289443814,0.30982905982905984,1404.0
0.5,0.15,0.0,0.0,0.6,0.55,0.5,0.65,False,7468.0,0.6168987680771291,0.6764116940328394,0.6440758293838863,0.6602437617083629,0.6491697911087306,0.6616019101367484,0.5420013023659649,0.45799869763403517,0.5,0.6,4607.0,2497.0,2110.0,0.7063832148945653,0.21882884066514852,0.6269735220696954,0.199384038564542,0.45689973162204145,0.43638466990713254,2497.0,2110.0,4607.0,0.6168987680771291,0.6616019101367484,4825.0,0.6462176165803108,0.8556767158434894,3118.0,2643.0,0.5633749527052592,0.2552048354600403,1489.0
0.5,0.15,0.0,0.0,0.6,0.55,0.5,0.65,True,7468.0,0.6332351365827531,0.6709501557632399,0.6385932438685794,0.6547716998159097,0.6491697911087306,0.6561640938887714,0.5430323535631212,0.4569676464368788,0.5,0.6,4729.0,2568.0,2161.0,0.7063832148945653,0.21882884066514852,0.6269735220696954,0.19777718264595606,0.4666143771556964,0.42385574111867375,2568.0,2161.0,4729.0,0.6332351365827531,0.6561640938887714,4825.0,0.6601036269430052,0.8376766091051805,3185.0,2643.0,0.58418463866818,0.2817357512953368,1544.0
0.5,0.15,0.0,0.0,0.6,0.55,0.5,1.0,False,7468.0,0.6245313336904125,0.6740331491712708,0.6446009389671361,0.6593170440692034,0.6491697911087306,0.6605917667238422,0.5433104631217839,0.4566895368782161,0.5,0.6,4664.0,2534.0,2130.0,0.7063832148945653,0.21882884066514852,0.6269735220696954,0.2005891805034816,0.46040316744508336,0.43568158233274484,2534.0,2130.0,4664.0,0.6245313336904125,0.6605917667238422,4825.0,0.6530569948186529,0.8571881942240559,3151.0,2643.0,0.5724555429436247,0.2511566424322538,1513.0
0.5,0.15,0.0,0.0,0.6,0.55,0.5,1.0,True,7468.0,0.6408677021960364,0.6687140115163148,0.6391563502980284,0.6539351809071716,0.6491697911087306,0.6552444630171333,0.5442958629335563,0.4557041370664438,0.5,0.6,4786.0,2605.0,2181.0,0.7063832148945653,0.21882884066514852,0.6269735220696954,0.1989823245848956,0.47004541142911965,0.42332574629313463,2605.0,2181.0,4786.0,0.6408677021960364,0.6552444630171333,4825.0,0.6669430051813472,0.8393412057178372,3218.0,2643.0,0.5932652289065455,0.2774234693877551,1568.0
0.5,0.15,0.0,0.0,0.6,0.55,0.55,0.55,False,7468.0,0.6554633101231923,0.6778370144706778,0.6509475539885412,0.6643922842296095,0.6491697911087306,0.6653728294177732,0.5364657814096017,0.46353421859039834,0.5,0.6,4895.0,2626.0,2269.0,0.7063832148945653,0.21882884066514852,0.6269735220696954,0.2167916443492233,0.468333036296805,0.4629006018098456,2626.0,2269.0,4895.0,0.6554633101231923,0.6653728294177732,4825.0,0.6895336787564766,0.8647430117222723,3327.0,2643.0,0.5932652289065455,0.2423469387755102,1568.0
0.5,0.15,0.0,0.0,0.6,0.55,0.55,0.55,True,7468.0,0.6717996786288163,0.6725991842788284,0.6456896551724138,0.6591444197256211,0.6491697911087306,0.6601554713972494,0.5375722543352601,0.4624277456647399,0.5,0.6,5017.0,2697.0,2320.0,0.7063832148945653,0.21882884066514852,0.6269735220696954,0.21518478843063743,0.47781528345071744,0.4503514137861015,2697.0,2320.0,5017.0,0.6717996786288163,0.6601554713972494,4825.0,0.703419689119171,0.847672362993518,3394.0,2643.0,0.6140749148694665,0.2680221811460259,1623.0
0.5,0.15,0.0,0.0,0.6,0.55,0.55,0.65,False,7468.0,0.7070166041778254,0.6739054290718038,0.6494845360824743,0.661694982577139,0.6491697911087306,0.662689393939394,0.540719696969697,0.45928030303030304,0.5,0.6,5280.0,2855.0,2425.0,0.7063832148945653,0.21882884066514852,0.6269735220696954,0.23004820567755763,0.4883484404092368,0.4710739026519197,2855.0,2425.0,5280.0,0.7070166041778254,0.662689393939394,4825.0,0.7396891191709845,0.8739142616979546,3569.0,2643.0,0.64737041241014,0.22209234365867914,1711.0
0.5,0.15,0.0,0.0,0.6,0.55,0.55,0.65,True,7468.0,0.7233529726834493,0.6691729323308271,0.6445880452342488,0.6568804887825379,0.6491697911087306,0.6579044798222881,0.5416512402813772,0.4583487597186227,0.5,0.6,5402.0,2926.0,2476.0,0.7063832148945653,0.21882884066514852,0.6269735220696954,0.22844134975897162,0.4974493054193953,0.459225386929377,2926.0,2476.0,5402.0,0.7233529726834493,0.6579044798222881,4825.0,0.7535751295336788,0.8578107810781078,3636.0,2643.0,0.6681800983730609,0.24631936579841449,1766.0
0.5,0.15,0.0,0.0,0.6,0.55,0.55,1.0,False,7468.0,0.7146491697911087,0.6718533886583679,0.6498977505112474,0.6608755695848076,0.6491697911087306,0.6617950159265505,0.5418774592467679,0.45812254075323217,0.5,0.6,5337.0,2892.0,2445.0,0.7063832148945653,0.21882884066514852,0.6269735220696954,0.23125334761649713,0.4916278176500042,0.47038295904795446,2892.0,2445.0,5337.0,0.7146491697911087,0.6617950159265505,4825.0,0.7465284974093265,0.8750694058856191,3602.0,2643.0,0.6564510026485055,0.21902017291066284,1735.0
0.5,0.15,0.0,0.0,0.6,0.55,0.55,1.0,True,7468.0,0.7309855382967327,0.6672291596355046,0.6450320512820513,0.6561306054587779,0.6491697911087306,0.6570800512914453,0.5427734017219271,0.4572265982780729,0.5,0.6,5459.0,2963.0,2496.0,0.7063832148945653,0.21882884066514852,0.6269735220696954,0.22964649169791107,0.5006690756372025,0.4586792012381422,2963.0,2496.0,5459.0,0.7309855382967327,0.6570800512914453,4825.0,0.7604145077720207,0.8590896702098665,3669.0,2643.0,0.6772606886114264,0.2430167597765363,1790.0
0.5,0.15,0.0,0.0,0.6,0.55,0.6,0.55,False,7468.0,0.7158543117300482,0.6787078846821814,0.6485610052695582,0.6636344449758698,0.6491697911087306,0.6647961092405537,0.5385334829779275,0.4614665170220726,0.5,0.6,5346.0,2879.0,2467.0,0.7063832148945653,0.21882884066514852,0.6269735220696954,0.23594001071237275,0.4898542135256547,0.4816535291474349,2879.0,2467.0,5346.0,0.7158543117300482,0.6647961092405537,4825.0,0.7510880829015544,0.8758278145695364,3624.0,2643.0,0.6515323496027242,0.22067363530778164,1722.0
0.5,0.15,0.0,0.0,0.6,0.55,0.6,0.55,True,7468.0,0.7321906802356722,0.6738983050847458,0.6437648927720413,0.6588315989283935,0.6491697911087306,0.6600219458668617,0.5395025603511339,0.46049743964886614,0.5,0.6,5468.0,2950.0,2518.0,0.7063832148945653,0.21882884066514852,0.6269735220696954,0.23433315479378677,0.4989276127064354,0.46967365370428266,2950.0,2518.0,5468.0,0.7321906802356722,0.6600219458668617,4825.0,0.7649740932642487,0.8599295583852614,3691.0,2643.0,0.6723420355656451,0.24479459763646597,1777.0
0.5,0.15,0.0,0.0,0.6,0.55,0.6,0.65,False,7468.0,0.7675415104445634,0.675136699903506,0.6473503621807091,0.6612435310421075,0.6491697911087306,0.6624214933705513,0.5423935799023029,0.45760642009769714,0.5,0.6,5732.0,3109.0,2623.0,0.7063832148945653,0.21882884066514852,0.6269735220696954,0.24933047670058925,0.5090240828015774,0.4898205902721124,3109.0,2623.0,5732.0,0.7675415104445634,0.6624214933705513,4825.0,0.8014507772020726,0.8836307214895268,3867.0,2643.0,0.7056375331063186,0.2037533512064343,1865.0
0.5,0.15,0.0,0.0,0.6,0.55,0.6,0.65,True,7468.0,0.7838778789501875,0.6707547169811321,0.6428571428571429,0.6568059299191376,0.6491697911087306,0.6580116159890673,0.5432183122651179,0.45678168773488215,0.5,0.6,5854.0,3180.0,2674.0,0.7063832148945653,0.21882884066514852,0.6269735220696954,0.24772362078200325,0.5177616527747996,0.47845107773895074,3180.0,2674.0,5854.0,0.7838778789501875,0.6580116159890673,4825.0,0.8153367875647668,0.8685815963396034,3934.0,2643.0,0.7264472190692395,0.2265625,1920.0
0.5,0.15,0.0,0.0,0.6,0.55,0.6,1.0,False,7468.0,0.7751740760578468,0.6732358550540368,0.6477487703367385,0.6604923126953877,0.6491697911087306,0.6615995854206254,0.543444463637934,0.456555536362066,0.5,0.6,5789.0,3146.0,2643.0,0.7063832148945653,0.21882884066514852,0.6269735220696954,0.2505356186395287,0.5121710931994884,0.48916391800727066,3146.0,2643.0,5789.0,0.7751740760578468,0.6615995854206254,4825.0,0.8082901554404145,0.8846153846153846,3900.0,2643.0,0.7147181233446841,0.2011646373742721,1889.0
0.5,0.15,0.0,0.0,0.6,0.55,0.6,1.0,True,7468.0,0.7915104445634709,0.6689462231893069,0.6432813659985153,0.6561137945939111,0.6491697911087306,0.6572491964134665,0.5442395533750635,0.45576044662493653,0.5,0.6,5911.0,3217.0,2694.0,0.7063832148945653,0.21882884066514852,0.6269735220696954,0.24892876272094278,0.5208558734633449,0.47792254134667267,3217.0,2694.0,5911.0,0.7915104445634709,0.6572491964134665,4825.0,0.8221761658031088,0.8696748172422486,3967.0,2643.0,0.735527809307605,0.22376543209876543,1944.0
0.5,0.15,0.0,0.0,0.6,0.55,1.0,0.55,False,7468.0,0.7494643813604713,0.6764608781776164,0.6503115264797508,0.6633862023286836,0.6491697911087306,0.6644631052349473,0.541182776487404,0.458817223512596,0.5,0.6,5597.0,3029.0,2568.0,0.7063832148945653,0.21882884066514852,0.6269735220696954,0.2465184788430638,0.5014707880412416,0.49159090563574326,3029.0,2568.0,5597.0,0.7494643813604713,0.6644631052349473,4825.0,0.7852849740932643,0.8812351543942993,3789.0,2643.0,0.6840711312902006,0.21017699115044247,1808.0
0.5,0.15,0.0,0.0,0.6,0.55,1.0,0.55,True,7468.0,0.7658007498660954,0.6719354838709677,0.6456662848415425,0.6588008843562552,0.6491697911087306,0.659905577898234,0.5420528064346913,0.4579471935653086,0.5,0.6,5719.0,3100.0,2619.0,0.7063832148945653,0.21882884066514852,0.6269735220696954,0.24491162292447785,0.5103376955221011,0.47990110288427934,3100.0,2619.0,5719.0,0.7658007498660954,0.659905577898234,4825.0,0.7991709844559586,0.8659232365145229,3856.0,2643.0,0.7048808172531215,0.23349436392914655,1863.0
0.5,0.15,0.0,0.0,0.6,0.55,1.0,0.65,False,7468.0,0.8016871987145152,0.6731064090769703,0.648936170212766,0.6610212896448682,0.6491697911087306,0.6621012193085017,0.544680140303992,0.455319859696008,0.5,0.6,5987.0,3261.0,2726.0,0.7063832148945653,0.21882884066514852,0.6269735220696954,0.2599089448312801,0.5204701018710081,0.4993734393137057,3261.0,2726.0,5987.0,0.8016871987145152,0.6621012193085017,4825.0,0.8360621761658031,0.888448190381755,4034.0,2643.0,0.738933030646992,0.19457245263696876,1953.0
0.5,0.15,0.0,0.0,0.6,0.55,1.0,0.65,True,7468.0,0.8180235672201392,0.668967587034814,0.6445804825351098,0.6567740347849619,0.6491697911087306,0.657881813717466,0.5454247831068915,0.45457521689310854,0.5,0.6,6109.0,3332.0,2777.0,0.7063832148945653,0.21882884066514852,0.6269735220696954,0.2583020889126941,0.5290186567161148,0.4882665018207586,3332.0,2777.0,6109.0,0.8180235672201392,0.657881813717466,4825.0,0.8499481865284975,0.8739331870275543,4101.0,2643.0,0.759742716609913,0.21663346613545817,2008.0
0.5,0.15,0.0,0.0,0.6,0.55,1.0,1.0,False,7468.0,0.8093197643277986,0.6713159490600363,0.6493080844865259,0.6603120167732811,0.6491697911087306,0.6613170086035738,0.5456651224354732,0.4543348775645268,0.5,0.6,6044.0,3298.0,2746.0,0.7063832148945653,0.21882884066514852,0.6269735220696954,0.2611140867702196,0.5235483156106889,0.498739235681897,3298.0,2746.0,6044.0,0.8093197643277986,0.6613170086035738,4825.0,0.842901554404145,0.8893533316941235,4067.0,2643.0,0.7480136208853575,0.19221041982802226,1977.0
0.5,0.15,0.0,0.0,0.6,0.55,1.0,1.0,True,7468.0,0.8256561328334227,0.6672603146334224,0.6449767608151591,0.6561185377242907,0.6491697911087306,0.6571521245540058,0.5463833927992215,0.45361660720077845,0.5,0.6,6166.0,3369.0,2797.0,0.7063832148945653,0.21882884066514852,0.6269735220696954,0.2595072308516337,0.5320474142319409,0.4877520760555826,3369.0,2797.0,6166.0,0.8256561328334227,0.6571521245540058,4825.0,0.8567875647668394,0.8749395258829221,4134.0,2643.0,0.7688233068482785,0.2140748031496063,2032.0
0.5,0.15,0.0,0.45,0.5,0.45,0.5,0.55,False,7468.0,0.628280664167113,0.65601278465841,0.6295111923252626,0.6427619884918363,0.6491697911087306,0.6436487638533674,0.533461210571185,0.466538789428815,0.5,0.5,4692.0,2503.0,2189.0,0.7063832148945653,0.21882884066514852,0.6269735220696954,0.18050348152115694,0.47316867111314337,0.3814780913041371,2503.0,2189.0,4692.0,0.628280664167113,0.6436487638533674,4825.0,0.649740932642487,0.7757575757575758,3135.0,2643.0,0.5891032917139614,0.37764932562620424,1557.0
0.5,0.15,0.0,0.45,0.5,0.45,0.5,0.55,True,7468.0,0.6489019817889663,0.6506348595613698,0.6248331108144193,0.6377339851878945,0.6491697911087306,0.638671068922823,0.5363186132893107,0.4636813867106892,0.5,0.5,4846.0,2599.0,2247.0,0.7063832148945653,0.21882884066514852,0.6269735220696954,0.17996786288162836,0.48421798753626344,0.3716670332659842,2599.0,2247.0,4846.0,0.6489019817889663,0.638671068922823,4825.0,0.6661139896373057,0.7566894835096453,3214.0,2643.0,0.6174801362088536,0.40625,1632.0
0.5,0.15,0.0,0.45,0.5,0.45,0.5,0.65,False,7468.0,0.6786288162828067,0.6534798534798535,0.6295979469632165,0.641538900221535,0.6491697911087306,0.6424625098658248,0.5386740331491713,0.4613259668508287,0.5,0.5,5068.0,2730.0,2338.0,0.7063832148945653,0.21882884066514852,0.6269735220696954,0.19335832886984466,0.4925801901279436,0.39254182921895714,2730.0,2338.0,5068.0,0.6786288162828067,0.6424625098658248,4825.0,0.6986528497409327,0.7914565410857313,3371.0,2643.0,0.6420734014377601,0.3464938126104891,1697.0
0.5,0.15,0.0,0.45,0.5,0.45,0.5,0.65,True,7468.0,0.6992501339046598,0.648619957537155,0.6252086811352254,0.6369143193361901,0.6491697911087306,0.6378782075833014,0.5411719647644581,0.45882803523554194,0.5,0.5,5222.0,2826.0,2396.0,0.7063832148945653,0.21882884066514852,0.6269735220696954,0.19282271023031597,0.5032034497468911,0.38319035834771176,2826.0,2396.0,5222.0,0.6992501339046598,0.6378782075833014,4825.0,0.7150259067357513,0.7733333333333333,3450.0,2643.0,0.6704502459326523,0.3741534988713318,1772.0
0.5,0.15,0.0,0.45,0.5,0.45,0.5,1.0,False,7468.0,0.68626138189609,0.6516082399710879,0.63019508057676,0.6409016602739239,0.6491697911087306,0.6417560975609756,0.5399024390243903,0.4600975609756098,0.5,0.5,5125.0,2767.0,2358.0,0.7063832148945653,0.21882884066514852,0.6269735220696954,0.19456347080878417,0.49583157981682946,0.39239830363499634,2767.0,2358.0,5125.0,0.68626138189609,0.6417560975609756,4825.0,0.7054922279792746,0.7934782608695652,3404.0,2643.0,0.6511539916761256,0.34166182452062754,1721.0
0.5,0.15,0.0,0.45,0.5,0.45,0.5,1.0,True,7468.0,0.7068826995179432,0.6468739084876004,0.6258278145695364,0.6363508615285685,0.6491697911087306,0.6372419018753552,0.5423375639325629,0.457662436067437,0.5,0.5,5279.0,2863.0,2416.0,0.7063832148945653,0.21882884066514852,0.6269735220696954,0.19402785216925558,0.5063866345731726,0.38316147963265146,2863.0,2416.0,5279.0,0.7068826995179432,0.6372419018753552,4825.0,0.7218652849740933,0.775480907263853,3483.0,2643.0,0.6795308361710178,0.36915367483296213,1796.0
0.5,0.15,0.0,0.45,0.5,0.45,0.55,0.55,False,7468.0,0.7383502945902517,0.6527353041114509,0.6359393232205367,0.6443373136659938,0.6491697911087306,0.6449038810301052,0.5337323177366703,0.4662676822633297,0.5,0.5,5514.0,2943.0,2571.0,0.7063832148945653,0.21882884066514852,0.6269735220696954,0.21397964649169793,0.5120403539265991,0.41789606004836855,2943.0,2571.0,5514.0,0.7383502945902517,0.6449038810301052,4825.0,0.7608290155440415,0.808499046581313,3671.0,2643.0,0.6973136587211503,0.31904503526858385,1843.0
0.5,0.15,0.0,0.45,0.5,0.45,0.55,0.55,True,7468.0,0.758971612212105,0.6482395524843698,0.6317991631799164,0.6400193578321431,0.6491697911087306,0.6406139731827806,0.5361679604798871,0.4638320395201129,0.5,0.5,5668.0,3039.0,2629.0,0.7063832148945653,0.21882884066514852,0.6269735220696954,0.21344402785216932,0.5222679314106581,0.4086868348888509,3039.0,2629.0,5668.0,0.758971612212105,0.6406139731827806,4825.0,0.7772020725388601,0.7914666666666667,3750.0,2643.0,0.7256905032160423,0.3456725755995829,1918.0
0.5,0.15,0.0,0.45,0.5,0.45,0.55,0.65,False,7468.0,0.7899035886448849,0.6510088272383354,0.6354968830216355,0.6432528551299854,0.6491697911087306,0.6438379386336667,0.5377182573317512,0.46228174266824884,0.5,0.5,5899.0,3172.0,2727.0,0.7063832148945653,0.21882884066514852,0.6269735220696954,0.22723620782003207,0.5304089840985222,0.42841696621379904,3172.0,2727.0,5899.0,0.7899035886448849,0.6438379386336667,4825.0,0.8109844559585492,0.820342448249425,3913.0,2643.0,0.7514188422247446,0.29607250755287007,1986.0
0.5,0.15,0.0,0.45,0.5,0.45,0.55,0.65,True,7468.0,0.8105249062667381,0.6468788249694002,0.6315978456014363,0.6392383352854183,0.6491697911087306,0.6398480092516108,0.5398975714521724,0.4601024285478275,0.5,0.5,6053.0,3268.0,2785.0,0.7063832148945653,0.21882884066514852,0.6269735220696954,0.2267005891805035,0.5402889583760873,0.41959137914253014,3268.0,2785.0,6053.0,0.8105249062667381,0.6398480092516108,4825.0,0.8273575129533679,0.8041082164328658,3992.0,2643.0,0.7797956867196367,0.32168850072780203,2061.0
0.5,0.15,0.0,0.45,0.5,0.45,0.55,1.0,False,7468.0,0.7975361542581682,0.6494234964163291,0.6359665089188206,0.6426950026675748,0.6491697911087306,0.6432169241101411,0.5387844190732035,0.4612155809267965,0.5,0.5,5956.0,3209.0,2747.0,0.7063832148945653,0.21882884066514852,0.6269735220696954,0.22844134975897168,0.5334298475428594,0.42825003289793817,3209.0,2747.0,5956.0,0.7975361542581682,0.6432169241101411,4825.0,0.8178238341968912,0.8218449062341612,3946.0,2643.0,0.7604994324631101,0.29253731343283584,2010.0
0.5,0.15,0.0,0.45,0.5,0.45,0.55,1.0,True,7468.0,0.8181574718800214,0.6453857791225416,0.6320855614973262,0.6387356703099338,0.6491697911087306,0.6392798690671031,0.5409165302782324,0.4590834697217676,0.5,0.5,6110.0,3305.0,2805.0,0.7063832148945653,0.21882884066514852,0.6269735220696954,0.22790573111944293,0.5432548852797269,0.4195189722078472,3305.0,2805.0,6110.0,0.8181574718800214,0.6392798690671031,4825.0,0.8341968911917098,0.8057142857142857,4025.0,2643.0,0.7888762769580022,0.31798561151079136,2085.0
0.5,0.15,0.0,0.45,0.5,0.45,0.6,0.55,False,7468.0,0.8162828066416711,0.6502132845825715,0.6346837242359631,0.6424485044092674,0.6491697911087306,0.6430446194225722,0.5383858267716536,0.46161417322834647,0.5,0.5,6096.0,3282.0,2814.0,0.7063832148945653,0.21882884066514852,0.6269735220696954,0.23352972683449383,0.5397930528485788,0.43262825559187573,3282.0,2814.0,6096.0,0.8162828066416711,0.6430446194225722,4825.0,0.8362694300518134,0.8257744733581165,4035.0,2643.0,0.7797956867196367,0.2852983988355167,2061.0
0.5,0.15,0.0,0.45,0.5,0.45,0.6,0.55,True,7468.0,0.8369041242635243,0.6462403789224394,0.6309192200557103,0.6385797994890748,0.6491697911087306,0.6392,0.54048,0.45952,0.5,0.5,6250.0,3378.0,2872.0,0.7063832148945653,0.21882884066514852,0.6269735220696954,0.23299410819496516,0.5495043294044912,0.4240077752389422,3378.0,2872.0,6250.0,0.8369041242635243,0.6392,4825.0,0.8526424870466321,0.8099173553719008,4114.0,2643.0,0.8081725312145289,0.3103932584269663,2136.0
0.5,0.15,0.0,0.45,0.5,0.45,0.6,0.65,False,7468.0,0.8679700053561864,0.6489179954441914,0.6343434343434343,0.6416307148938128,0.6491697911087306,0.6422400493674791,0.5418080839247146,0.4581919160752854,0.5,0.5,6482.0,3512.0,2970.0,0.7063832148945653,0.21882884066514852,0.6269735220696954,0.24692019282271016,0.5572476166541568,0.44310677236320173,3512.0,2970.0,6482.0,0.8679700053561864,0.6422400493674791,4825.0,0.8866321243523316,0.8356708742402992,4278.0,2643.0,0.8339008702232312,0.26678765880217786,2204.0
0.5,0.15,0.0,0.45,0.5,0.45,0.6,0.65,True,7468.0,0.8885913229780397,0.6452328159645233,0.630779392338177,0.6380061041513502,0.6491697911087306,0.6386377335744424,0.543701024713683,0.4562989752863171,0.5,0.5,6636.0,3608.0,3028.0,0.7063832148945653,0.21882884066514852,0.6269735220696954,0.24638457418318155,0.566659840113475,0.43480154537480975,3608.0,3028.0,6636.0,0.8885913229780397,0.6386377335744424,4825.0,0.9030051813471502,0.8205187055313289,4357.0,2643.0,0.8622777147181233,0.29091706888986396,2279.0
0.5,0.15,0.0,0.45,0.5,0.45,0.6,1.0,False,7468.0,0.8756025709694697,0.6475063398140322,0.6347826086956522,0.6411444742548422,0.6491697911087306,0.6416883315491665,0.5427435387673957,0.4572564612326044,0.5,0.5,6539.0,3549.0,2990.0,0.7063832148945653,0.21882884066514852,0.6269735220696954,0.2481253347616496,0.5601237524903849,0.4429830616153149,3549.0,2990.0,6539.0,0.8756025709694697,0.6416883315491665,4825.0,0.8934715025906735,0.8369287868244026,4311.0,2643.0,0.8429814604615967,0.2639138240574506,2228.0
0.5,0.15,0.0,0.45,0.5,0.45,0.6,1.0,True,7468.0,0.896223888591323,0.6438957475994513,0.631233595800525,0.6375646716999881,0.6491697911087306,0.6381293889137906,0.5445988346033169,0.4554011653966831,0.5,0.5,6693.0,3645.0,3048.0,0.7063832148945653,0.21882884066514852,0.6269735220696954,0.2475897161221211,0.5694884425821133,0.4347581050100445,3645.0,3048.0,6693.0,0.896223888591323,0.6381293889137906,4825.0,0.9098445595854923,0.8218678815489749,4390.0,2643.0,0.8713583049564888,0.28788536691272254,2303.0
0.5,0.15,0.0,0.45,0.5,0.45,1.0,0.55,False,7468.0,0.8588644884841993,0.647566945004319,0.6358381502890174,0.6417025476466682,0.6491697911087306,0.6421889616463985,0.5414717804801996,0.45852821951980044,0.5,0.5,6414.0,3473.0,2941.0,0.7063832148945653,0.21882884066514852,0.6269735220696954,0.24424209962506693,0.5543565589307717,0.44058665075805115,3473.0,2941.0,6414.0,0.8588644884841993,0.6421889616463985,4825.0,0.8775129533678756,0.8339631554085971,4234.0,2643.0,0.8248202799848657,0.26972477064220185,2180.0
0.5,0.15,0.0,0.45,0.5,0.45,1.0,0.55,True,7468.0,0.8794858061060525,0.6438778369291118,0.6322107369123041,0.6380442869207079,0.6491697911087306,0.6385505481120585,0.5433922046285018,0.45660779537149815,0.5,0.5,6568.0,3569.0,2999.0,0.7063832148945653,0.21882884066514852,0.6269735220696954,0.24370648098553832,0.5638170470642557,0.432243902972597,3569.0,2999.0,6568.0,0.8794858061060525,0.6385505481120585,4825.0,0.8938860103626943,0.8186876883839554,4313.0,2643.0,0.8531971244797578,0.2940133037694013,2255.0
0.5,0.15,0.0,0.45,0.5,0.45,1.0,0.65,False,7468.0,0.9110873058382432,0.6464237516869096,0.6353662471765086,0.640894999431709,0.6491697911087306,0.6413874191651969,0.5445326278659612,0.4554673721340388,0.5,0.5,6804.0,3705.0,3099.0,0.7063832148945653,0.21882884066514852,0.6269735220696954,0.2576325656132833,0.5716007086353899,0.4507212145141352,3705.0,3099.0,6804.0,0.9110873058382432,0.6413874191651969,4825.0,0.9282901554404145,0.8430453226166555,4479.0,2643.0,0.8796821793416572,0.25290322580645164,2325.0
0.5,0.15,0.0,0.45,0.5,0.45,1.0,0.65,True,7468.0,0.9317086234600964,0.6429886871875822,0.6319290465631929,0.6374588668753876,0.6491697911087306,0.6379706812302386,0.5462776659959758,0.4537223340040241,0.5,0.5,6958.0,3801.0,3157.0,0.7063832148945653,0.21882884066514852,0.6269735220696954,0.25709694697375474,0.5807803700566772,0.44267499424724904,3801.0,3157.0,6958.0,0.9317086234600964,0.6379706812302386,4825.0,0.9446632124352332,0.8284335234752084,4558.0,2643.0,0.9080590238365494,0.27625,2400.0
0.5,0.15,0.0,0.45,0.5,0.45,1.0,1.0,False,7468.0,0.9187198714515266,0.6451095670764297,0.6357806989419685,0.6404451330091991,0.6491697911087306,0.6408686780352718,0.5454015449642909,0.45459845503570906,0.5,0.5,6861.0,3742.0,3119.0,0.7063832148945653,0.21882884066514852,0.6269735220696954,0.2588377075522228,0.5744049807841606,0.4506188424739376,3742.0,3119.0,6861.0,0.9187198714515266,0.6408686780352718,4825.0,0.9351295336787565,0.8441932624113475,4512.0,2643.0,0.8887627695800226,0.2503192848020434,2349.0
0.5,0.15,0.0,0.45,0.5,0.45,1.0,1.0,True,7468.0,0.9393411890733797,0.6417404898384576,0.6323575700346239,0.6370490299365408,0.6491697911087306,0.6374910905203136,0.5471133285816109,0.4528866714183892,0.5,0.5,7015.0,3838.0,3177.0,0.7063832148945653,0.21882884066514852,0.6269735220696954,0.2583020889126941,0.583540529938018,0.44264635558412757,3838.0,3177.0,7015.0,0.9393411890733797,0.6374910905203136,4825.0,0.9515025906735751,0.8296667392724897,4591.0,2643.0,0.9171396140749148,0.27351485148514854,2424.0
0.5,0.15,0.0,0.45,0.5,0.55,0.5,0.55,False,7468.0,0.6218532404927691,0.657108239095315,0.6282287822878229,0.6426685106915689,0.6491697911087306,0.6436261843238588,0.533161068044789,0.46683893195521103,0.5,0.5,4644.0,2476.0,2168.0,0.7063832148945653,0.21882884066514852,0.6269735220696954,0.17862881628280666,0.4707570627244813,0.37945010373079047,2476.0,2168.0,4644.0,0.6218532404927691,0.6436261843238588,4825.0,0.6462176165803108,0.7799871712636305,3118.0,2643.0,0.577374195989406,0.36500655307994756,1526.0
0.5,0.15,0.0,0.45,0.5,0.55,0.5,0.55,True,7468.0,0.6424745581146224,0.6516329704510109,0.6235399820305481,0.6375864762407795,0.6491697911087306,0.6385994164235098,0.5360566902876198,0.4639433097123802,0.5,0.5,4798.0,2572.0,2226.0,0.7063832148945653,0.21882884066514852,0.6269735220696954,0.17809319764327802,0.48186168164284676,0.3695940234054131,2572.0,2226.0,4798.0,0.6424745581146224,0.6385994164235098,4825.0,0.6625906735751296,0.7607131685955584,3197.0,2643.0,0.6057510404842982,0.3947532792004997,1601.0
0.5,0.15,0.0,0.45,0.5,0.55,0.5,0.65,False,7468.0,0.6722013926084628,0.654458009618942,0.6283987915407855,0.6414284005798637,0.6491697911087306,0.6424302788844621,0.5384462151394422,0.46155378486055776,0.5,0.5,5020.0,2703.0,2317.0,0.7063832148945653,0.21882884066514852,0.6269735220696954,0.19148366363149436,0.4902640762777589,0.3905724953076296,2703.0,2317.0,5020.0,0.6722013926084628,0.6424302788844621,4825.0,0.6951295336787565,0.7954680977936792,3354.0,2643.0,0.6303443057132047,0.33433373349339734,1666.0
0.5,0.15,0.0,0.45,0.5,0.55,0.5,0.65,True,7468.0,0.692822710230316,0.6495176848874598,0.624,0.6367588424437298,0.6491697911087306,0.6378044066486278,0.5409741012756089,0.4590258987243912,0.5,0.5,5174.0,2799.0,2375.0,0.7063832148945653,0.21882884066514852,0.6269735220696954,0.1909480449919658,0.5009364556699534,0.3811821695759625,2799.0,2375.0,5174.0,0.692822710230316,0.6378044066486278,4825.0,0.7115025906735751,0.7771628313428488,3433.0,2643.0,0.6587211502080969,0.3630097645031591,1741.0
0.5,0.15,0.0,0.45,0.5,0.55,0.5,1.0,False,7468.0,0.6798339582217461,0.6525547445255474,0.6290115532734275,0.6407831488994875,0.6491697911087306,0.6417175497340949,0.5396887925940516,0.4603112074059484,0.5,0.5,5077.0,2740.0,2337.0,0.7063832148945653,0.21882884066514852,0.6269735220696954,0.19268880557043377,0.4935307248040958,0.39042919900664846,2740.0,2337.0,5077.0,0.6798339582217461,0.6417175497340949,4825.0,0.7019689119170984,0.797460879834662,3387.0,2643.0,0.6394248959515701,0.329585798816568,1690.0
0.5,0.15,0.0,0.45,0.5,0.55,0.5,1.0,True,7468.0,0.7004552758435993,0.6477433004231312,0.6246346555323591,0.6361889779777452,0.6491697911087306,0.6371630663353087,0.54215255209329,0.45784744790671,0.5,0.5,5231.0,2836.0,2395.0,0.7063832148945653,0.21882884066514852,0.6269735220696954,0.1921531869309052,0.5041339548734514,0.3811550185687053,2836.0,2395.0,5231.0,0.7004552758435993,0.6371630663353087,4825.0,0.7183419689119172,0.7792844777841893,3466.0,2643.0,0.6678017404464623,0.35807365439093486,1765.0
0.5,0.15,0.0,0.45,0.5,0.55,0.55,0.55,False,7468.0,0.7319228709159079,0.6536351165980796,0.6349019607843137,0.6442685386911966,0.6491697911087306,0.6448957189901208,0.5334796926454446,0.4665203073545554,0.5,0.5,5466.0,2916.0,2550.0,0.7063832148945653,0.21882884066514852,0.6269735220696954,0.21210498125334767,0.5098126566016973,0.41604495005517195,2916.0,2550.0,5466.0,0.7319228709159079,0.6448957189901208,4825.0,0.7573056994818653,0.8122605363984674,3654.0,2643.0,0.6855845629965948,0.30739514348785874,1812.0
0.5,0.15,0.0,0.45,0.5,0.55,0.55,0.55,True,7468.0,0.7525441885377611,0.649070385126162,0.6307515337423313,0.6399109594342467,0.6491697911087306,0.6405693950177936,0.5359430604982206,0.46405693950177934,0.5,0.5,5620.0,3012.0,2608.0,0.7063832148945653,0.21882884066514852,0.6269735220696954,0.211569362613819,0.5200840441332257,0.4067984107576717,3012.0,2608.0,5620.0,0.7525441885377611,0.6405693950177936,4825.0,0.7736787564766839,0.7950709884811143,3733.0,2643.0,0.713961407491487,0.3349231584525702,1887.0
0.5,0.15,0.0,0.45,0.5,0.55,0.55,0.65,False,7468.0,0.783476164970541,0.6518282988871225,0.6345158906134516,0.643172094750287,0.6491697911087306,0.6438215689625705,0.5375149547085968,0.46248504529140316,0.5,0.5,5851.0,3145.0,2706.0,0.7063832148945653,0.21882884066514852,0.6269735220696954,0.2253615425816818,0.5282587540158985,0.4266120359926857,3145.0,2706.0,5851.0,0.783476164970541,0.6438215689625705,4825.0,0.807461139896373,0.8239219712525667,3896.0,2643.0,0.7396897465001891,0.2849104859335038,1955.0
0.5,0.15,0.0,0.45,0.5,0.55,0.55,0.65,True,7468.0,0.8040974825923942,0.6476396174020365,0.6306078147612156,0.6391237160816261,0.6491697911087306,0.6398001665278934,0.5397169025811823,0.4602830974188177,0.5,0.5,6005.0,3241.0,2764.0,0.7063832148945653,0.21882884066514852,0.6269735220696954,0.22482592394215314,0.5381782040598825,0.4177536775850867,3241.0,2764.0,6005.0,0.8040974825923942,0.6398001665278934,4825.0,0.8238341968911918,0.8075471698113208,3975.0,2643.0,0.7680665909950813,0.31133004926108376,2030.0
0.5,0.15,0.0,0.45,0.5,0.55,0.55,1.0,False,7468.0,0.7911087305838244,0.6502199874292898,0.6349963316214233,0.6426081595253565,0.6491697911087306,0.6431956668923493,0.5385917400135409,0.461408259986459,0.5,0.5,5908.0,3182.0,2726.0,0.7063832148945653,0.21882884066514852,0.6269735220696954,0.22656668452062126,0.531291843558323,0.4264448763285968,3182.0,2726.0,5908.0,0.7911087305838244,0.6431956668923493,4825.0,0.814300518134715,0.8254008653601426,3929.0,2643.0,0.7487703367385546,0.281455280444669,1979.0
0.5,0.15,0.0,0.45,0.5,0.55,0.55,1.0,True,7468.0,0.8117300482056775,0.6461256863941428,0.6311063218390804,0.6386160041166116,0.6491697911087306,0.63922797756516,0.5407456285054437,0.4592543714945563,0.5,0.5,6062.0,3278.0,2784.0,0.7063832148945653,0.21882884066514852,0.6269735220696954,0.22603106588109267,0.5411556995563221,0.4176821311618985,3278.0,2784.0,6062.0,0.8117300482056775,0.63922797756516,4825.0,0.8306735751295337,0.8091317365269461,4008.0,2643.0,0.7771471812334468,0.3076923076923077,2054.0
0.5,0.15,0.0,0.45,0.5,0.55,0.6,0.55,False,7468.0,0.8098553829673273,0.6509984639016897,0.6337271750805585,0.6423628194911242,0.6491697911087306,0.6430224867724867,0.5381944444444444,0.4618055555555556,0.5,0.5,6048.0,3255.0,2793.0,0.7063832148945653,0.21882884066514852,0.6269735220696954,0.23165506159614352,0.5376803517756548,0.4308415973005478,3255.0,2793.0,6048.0,0.8098553829673273,0.6430224867724867,4825.0,0.8327461139896373,0.8292682926829268,4018.0,2643.0,0.7680665909950813,0.274384236453202,2030.0
0.5,0.15,0.0,0.45,0.5,0.55,0.6,0.55,True,7468.0,0.8304767005891805,0.6469710534168904,0.629954401964223,0.6384627276905568,0.6491697911087306,0.6391486617220251,0.5403095775556273,0.4596904224443728,0.5,0.5,6202.0,3351.0,2851.0,0.7063832148945653,0.21882884066514852,0.6269735220696954,0.23111944295661482,0.5474291084846356,0.422190635051153,3351.0,2851.0,6202.0,0.8304767005891805,0.6391486617220251,4825.0,0.849119170984456,0.8132780082987552,4097.0,2643.0,0.7964434354899735,0.3002375296912114,2105.0
0.5,0.15,0.0,0.45,0.5,0.55,0.6,0.65,False,7468.0,0.8615425816818425,0.6496413199426112,0.6334350627331299,0.6415381913378706,0.6491697911087306,0.6422132421510724,0.5416537146409699,0.45834628535903016,0.5,0.5,6434.0,3485.0,2949.0,0.7063832148945653,0.21882884066514852,0.6269735220696954,0.24504552758435996,0.5552013391993407,0.44136335826880685,3485.0,2949.0,6434.0,0.8615425816818425,0.6422132421510724,4825.0,0.8831088082901555,0.8390049284205585,4261.0,2643.0,0.8221717744986757,0.2563276576161988,2173.0
0.5,0.15,0.0,0.45,0.5,0.55,0.6,0.65,True,7468.0,0.8821638993036958,0.6459089639765428,0.6298636514798803,0.6378863077282115,0.6491697911087306,0.6385853066180935,0.5435640558591378,0.4564359441408622,0.5,0.5,6588.0,3581.0,3007.0,0.7063832148945653,0.21882884066514852,0.6269735220696954,0.24450990894483135,0.5646476734915608,0.43303093313548524,3581.0,3007.0,6588.0,0.8821638993036958,0.6385853066180935,4825.0,0.8994818652849741,0.8237327188940092,4340.0,2643.0,0.8505486189935679,0.28113879003558717,2248.0
0.5,0.15,0.0,0.45,0.5,0.55,0.6,1.0,False,7468.0,0.8691751472951259,0.6482112436115843,0.6338834624452677,0.641047353028426,0.6491697911087306,0.6416576798644277,0.5425974426128486,0.45740255738715146,0.5,0.5,6491.0,3522.0,2969.0,0.7063832148945653,0.21882884066514852,0.6269735220696954,0.24625066952329944,0.5580880207332113,0.4412398409838244,3522.0,2969.0,6491.0,0.8691751472951259,0.6416576798644277,4825.0,0.8899481865284974,0.8402421984163949,4294.0,2643.0,0.8312523647370412,0.2535275375512062,2197.0
0.5,0.15,0.0,0.45,0.5,0.55,0.6,1.0,True,7468.0,0.8897964649169791,0.6445550027639579,0.6303270564915758,0.6374410296277668,0.6491697911087306,0.6380737396538751,0.5444695259593679,0.45553047404063207,0.5,0.5,6645.0,3618.0,3027.0,0.7063832148945653,0.21882884066514852,0.6269735220696954,0.24571505088377085,0.5674863055762703,0.43298851173906727,3618.0,3027.0,6645.0,0.8897964649169791,0.6380737396538751,4825.0,0.9063212435233161,0.8250628858906929,4373.0,2643.0,0.8596292092319334,0.27816901408450706,2272.0
0.5,0.15,0.0,0.45,0.5,0.55,1.0,0.55,False,7468.0,0.8524370648098554,0.6482878699941962,0.6349315068493151,0.6416096884217557,0.6491697911087306,0.6421614828777883,0.5413132265158656,0.45868677348413445,0.5,0.5,6366.0,3446.0,2920.0,0.7063832148945653,0.21882884066514852,0.6269735220696954,0.24236743438671673,0.5522995701714508,0.4388332844645858,3446.0,2920.0,6366.0,0.8524370648098554,0.6421614828777883,4825.0,0.8739896373056995,0.8373251126393171,4217.0,2643.0,0.8130911842603102,0.2591903210795719,2149.0
0.5,0.15,0.0,0.45,0.5,0.55,1.0,0.55,True,7468.0,0.8730583824317086,0.6445511010728402,0.6312961719274681,0.6379236365001542,0.6491697911087306,0.6384969325153375,0.5432515337423313,0.45674846625766874,0.5,0.5,6520.0,3542.0,2978.0,0.7063832148945653,0.21882884066514852,0.6269735220696954,0.24183181574718807,0.5617946985708038,0.4304629722608706,3542.0,2978.0,6520.0,0.8730583824317086,0.6384969325153375,4825.0,0.8903626943005182,0.821927374301676,4296.0,2643.0,0.8414680287552024,0.2841726618705036,2224.0
0.5,0.15,0.0,0.45,0.5,0.55,1.0,0.65,False,7468.0,0.9046598821638993,0.6470908102229472,0.6345029239766082,0.6407968670997777,0.6491697911087306,0.6413558318531676,0.544404973357016,0.455595026642984,0.5,0.5,6756.0,3678.0,3078.0,0.7063832148945653,0.21882884066514852,0.6269735220696954,0.25575790037493307,0.5696059961890175,0.4490084410734725,3678.0,3078.0,6756.0,0.9046598821638993,0.6413558318531676,4825.0,0.9247668393782383,0.8462572837292693,4462.0,2643.0,0.8679530836171018,0.24280732345248474,2294.0
0.5,0.15,0.0,0.45,0.5,0.55,1.0,0.65,True,7468.0,0.9252811997857525,0.6436142024377318,0.6310586734693877,0.6373364379535598,0.6491697911087306,0.6379160636758321,0.5461649782923299,0.45383502170767004,0.5,0.5,6910.0,3774.0,3136.0,0.7063832148945653,0.21882884066514852,0.6269735220696954,0.2552222817354043,0.5788172933017587,0.44093755436976473,3774.0,3136.0,6910.0,0.9252811997857525,0.6379160636758321,4825.0,0.941139896373057,0.831534904206122,4541.0,2643.0,0.896329928111994,0.2667792317433516,2369.0
0.5,0.15,0.0,0.45,0.5,0.55,1.0,1.0,False,7468.0,0.9122924477771827,0.6457604306864064,0.6349257585539058,0.640343094620156,0.6491697911087306,0.6408337002788786,0.5452810802876853,0.4547189197123147,0.5,0.5,6813.0,3715.0,3098.0,0.7063832148945653,0.21882884066514852,0.6269735220696954,0.25696304231387257,0.5724200404699813,0.4489064395839372,3715.0,3098.0,6813.0,0.9122924477771827,0.6408337002788786,4825.0,0.9316062176165804,0.8473859844271413,4495.0,2643.0,0.8770336738554673,0.24029335634167387,2318.0
0.5,0.15,0.0,0.45,0.5,0.55,1.0,1.0,True,7468.0,0.9329137653990359,0.6423510889530307,0.6314955640050697,0.6369233264790501,0.6491697911087306,0.6374336156164777,0.5470073202239127,0.45299267977608726,0.5,0.5,6967.0,3811.0,3156.0,0.7063832148945653,0.21882884066514852,0.6269735220696954,0.25642742367434396,0.5815867698480993,0.44091000168610867,3811.0,3156.0,6967.0,0.9329137653990359,0.6374336156164777,4825.0,0.947979274611399,0.8327503279405335,4574.0,2643.0,0.9054105183503595,0.26410363560384453,2393.0
0.5,0.15,0.0,0.45,0.6,0.45,0.5,0.55,False,7468.0,0.6273433315479379,0.6563876651982379,0.6293418647166362,0.642864764957437,0.6491697911087306,0.6437566702241195,0.5329775880469584,0.4670224119530416,0.5,0.6,4685.0,2497.0,2188.0,0.7063832148945653,0.21882884066514852,0.6269735220696954,0.18036957686127478,0.4727439871043645,0.3815375378247927,2497.0,2188.0,4685.0,0.6273433315479379,0.6437566702241195,4825.0,0.6491191709844559,0.776500638569604,3132.0,2643.0,0.5875898600075672,0.3760463618802318,1553.0
0.5,0.15,0.0,0.45,0.6,0.45,0.5,0.55,True,7468.0,0.6479646491697911,0.6509834168916313,0.6246660730186999,0.6378247449551656,0.6491697911087306,0.6387683405662327,0.5358545153957429,0.4641454846042571,0.5,0.6,4839.0,2593.0,2246.0,0.7063832148945653,0.21882884066514852,0.6269735220696954,0.17983395822174608,0.4838030027542435,0.37170905760809425,2593.0,2246.0,4839.0,0.6479646491697911,0.6387683405662327,4825.0,0.6654922279792747,0.757396449704142,3211.0,2643.0,0.6159667045024593,0.4047911547911548,1628.0
0.5,0.15,0.0,0.45,0.6,0.45,0.5,0.65,False,7468.0,0.6776914836636315,0.6538179148311307,0.6294394522892597,0.6416286835601952,0.6491697911087306,0.6425607587433314,0.5382335506816834,0.46176644931831656,0.5,0.6,5061.0,2724.0,2337.0,0.7063832148945653,0.21882884066514852,0.6269735220696954,0.19322442420996258,0.49217225615310184,0.3925951164339006,2724.0,2337.0,5061.0,0.6776914836636315,0.6425607587433314,4825.0,0.6980310880829016,0.7921615201900237,3368.0,2643.0,0.6405599697313659,0.344949793266391,1693.0
0.5,0.15,0.0,0.45,0.6,0.45,0.5,0.65,True,7468.0,0.6983128012854848,0.648936170212766,0.6250521920668058,0.6369941811397859,0.6491697911087306,0.637967401725791,0.5407478427612655,0.4592521572387344,0.5,0.6,5215.0,2820.0,2395.0,0.7063832148945653,0.21882884066514852,0.6269735220696954,0.1926888055704339,0.5028041346861871,0.3832283632486354,2820.0,2395.0,5215.0,0.6983128012854848,0.637967401725791,4825.0,0.7144041450777202,0.7740063823614738,3447.0,2643.0,0.6689368142262581,0.372737556561086,1768.0
0.5,0.15,0.0,0.45,0.6,0.45,0.5,1.0,False,7468.0,0.6853240492769148,0.6519377037305324,0.6300381841323717,0.6409879439314521,0.6491697911087306,0.6418522860492379,0.5394685423993748,0.46053145760062525,0.5,0.6,5118.0,2761.0,2357.0,0.7063832148945653,0.21882884066514852,0.6269735220696954,0.19442956614890192,0.49542632304310036,0.3924490022141743,2761.0,2357.0,5118.0,0.6853240492769148,0.6418522860492379,4825.0,0.7048704663212435,0.7941781828873861,3401.0,2643.0,0.6496405599697314,0.3401281304601048,1717.0
0.5,0.15,0.0,0.45,0.6,0.45,0.5,1.0,True,7468.0,0.7059453668987681,0.6471823591179559,0.6256728778467909,0.6364276184823734,0.6491697911087306,0.637329286798179,0.5419195751138088,0.4580804248861912,0.5,0.6,5272.0,2857.0,2415.0,0.7063832148945653,0.21882884066514852,0.6269735220696954,0.19389394750937328,0.5059898316119578,0.38319732017474617,2857.0,2415.0,5272.0,0.7059453668987681,0.637329286798179,4825.0,0.7212435233160622,0.7761494252873563,3480.0,2643.0,0.6780174044646236,0.3677455357142857,1792.0
0.5,0.15,0.0,0.45,0.6,0.45,0.55,0.55,False,7468.0,0.7374129619710766,0.6530473272046305,0.6357976653696498,0.6444224962871401,0.6491697911087306,0.644997276193935,0.5333212275286,0.46667877247140005,0.5,0.6,5507.0,2937.0,2570.0,0.7063832148945653,0.21882884066514852,0.6269735220696954,0.21384574183181576,0.5116479356643887,0.4179548610005262,2937.0,2570.0,5507.0,0.7374129619710766,0.644997276193935,4825.0,0.7602072538860104,0.8091603053435115,3668.0,2643.0,0.695800227014756,0.31756389342033714,1839.0
0.5,0.15,0.0,0.45,0.6,0.45,0.55,0.55,True,7468.0,0.7580342795929298,0.6485328058028355,0.6316590563165906,0.640095931059713,0.6491697911087306,0.6406995230524642,0.5357710651828299,0.4642289348171701,0.5,0.6,5661.0,3033.0,2628.0,0.7063832148945653,0.21882884066514852,0.6269735220696954,0.21331012319228712,0.5218832036005003,0.4087315355632239,3033.0,2628.0,5661.0,0.7580342795929298,0.6406995230524642,4825.0,0.776580310880829,0.792100346944222,3747.0,2643.0,0.7241770715096482,0.3443051201671891,1914.0
0.5,0.15,0.0,0.45,0.6,0.45,0.55,0.65,False,7468.0,0.7889662560257097,0.6512950094756791,0.6353631694790902,0.6433290894773847,0.6491697911087306,0.6439239646978955,0.5373387644263408,0.4626612355736592,0.5,0.6,5892.0,3166.0,2726.0,0.7063832148945653,0.21882884066514852,0.6269735220696954,0.22710230316015,0.5300301655875633,0.42847052470758235,3166.0,2726.0,5892.0,0.7889662560257097,0.6439239646978955,4825.0,0.8103626943005181,0.8209718670076727,3910.0,2643.0,0.7499054105183504,0.2946518668012109,1982.0
0.5,0.15,0.0,0.45,0.6,0.45,0.55,0.65,True,7468.0,0.809587573647563,0.6471489883507051,0.6314655172413793,0.6393072527960422,0.6491697911087306,0.6399272246113132,0.5395302679457492,0.46046973205425074,0.5,0.6,6046.0,3262.0,2784.0,0.7063832148945653,0.21882884066514852,0.6269735220696954,0.2265666845206213,0.5399170719318578,0.41963237745002435,3262.0,2784.0,6046.0,0.809587573647563,0.6399272246113132,4825.0,0.8267357512953368,0.8047129606417649,3989.0,2643.0,0.7782822550132426,0.32036947010209044,2057.0
0.5,0.15,0.0,0.45,0.6,0.45,0.55,1.0,False,7468.0,0.796598821638993,0.6497034030596316,0.6358339402767662,0.6427686716681988,0.6491697911087306,0.6433013951924693,0.5384098167759287,0.46159018322407125,0.5,0.6,5949.0,3203.0,2746.0,0.7063832148945653,0.21882884066514852,0.6269735220696954,0.22830744509908943,0.5330531758370377,0.428301444298845,3203.0,2746.0,5949.0,0.796598821638993,0.6433013951924693,4825.0,0.8172020725388601,0.8224702003550596,3943.0,2643.0,0.7589860007567159,0.29112662013958124,2006.0
0.5,0.15,0.0,0.45,0.6,0.45,0.55,1.0,True,7468.0,0.8172201392608462,0.6456501970294029,0.6319543509272468,0.6388022739783248,0.6491697911087306,0.6393576929378993,0.5405538259872193,0.4594461740127806,0.5,0.6,6103.0,3299.0,2804.0,0.7063832148945653,0.21882884066514852,0.6269735220696954,0.2277718264595607,0.5428850305549443,0.4195581267487323,3299.0,2804.0,6103.0,0.8172201392608462,0.6393576929378993,4825.0,0.8335751295336787,0.8063152660367976,4022.0,2643.0,0.787362845251608,0.31667467563671314,2081.0
0.5,0.15,0.0,0.45,0.6,0.45,0.6,0.55,False,7468.0,0.815345474022496,0.6504884004884005,0.6345538570920726,0.6425211287902366,0.6491697911087306,0.6431269502381344,0.5380193792084086,0.4619806207915914,0.5,0.6,6089.0,3276.0,2813.0,0.7063832148945653,0.21882884066514852,0.6269735220696954,0.23339582217461174,0.5394208245182439,0.43267855367478125,3276.0,2813.0,6089.0,0.815345474022496,0.6431269502381344,4825.0,0.8356476683937824,0.8263888888888888,4032.0,2643.0,0.7782822550132426,0.28390860476421975,2057.0
0.5,0.15,0.0,0.45,0.6,0.45,0.6,0.55,True,7468.0,0.8359667916443492,0.6465005931198102,0.6307906652734239,0.638645629196617,0.6491697911087306,0.6392759891078007,0.5401249399327247,0.45987506006727535,0.5,0.6,6243.0,3372.0,2871.0,0.7063832148945653,0.21882884066514852,0.6269735220696954,0.23286020353508294,0.5491386838082281,0.42404625716807653,3372.0,2871.0,6243.0,0.8359667916443492,0.6392759891078007,4825.0,0.8520207253886011,0.810508392118706,4111.0,2643.0,0.8066590995081347,0.30909943714821764,2132.0
0.5,0.15,0.0,0.45,0.6,0.45,0.6,0.65,False,7468.0,0.8670326727370112,0.6491728465487735,0.6342202761872684,0.641696561368021,0.6491697911087306,0.6423166023166024,0.5414671814671814,0.4585328185328185,0.5,0.6,6475.0,3506.0,2969.0,0.7063832148945653,0.21882884066514852,0.6269735220696954,0.24678628816282816,0.5568870552339061,0.4431532136425256,3506.0,2969.0,6475.0,0.8670326727370112,0.6423166023166024,4825.0,0.8860103626943006,0.8362573099415205,4275.0,2643.0,0.8323874385168369,0.26545454545454544,2200.0
0.5,0.15,0.0,0.45,0.6,0.45,0.6,0.65,True,7468.0,0.8876539903588645,0.6454747362576346,0.6306574165840766,0.6380660764208557,0.6491697911087306,0.6387087041786091,0.5433700407301252,0.4566299592698748,0.5,0.6,6629.0,3602.0,3027.0,0.7063832148945653,0.21882884066514852,0.6269735220696954,0.2462506695232994,0.5663052714020792,0.4348373253062311,3602.0,3027.0,6629.0,0.8876539903588645,0.6387087041786091,4825.0,0.9023834196891192,0.8210840606338998,4354.0,2643.0,0.8607642830117291,0.2896703296703297,2275.0
0.5,0.15,0.0,0.45,0.6,0.45,0.6,1.0,False,7468.0,0.8746652383502946,0.6477561388653683,0.6346604215456675,0.6412082802055179,0.6491697911087306,0.6417636252296387,0.5424066135946112,0.4575933864053889,0.5,0.6,6532.0,3543.0,2989.0,0.7063832148945653,0.21882884066514852,0.6269735220696954,0.24799143010176755,0.5597650436783843,0.44302771833007176,3543.0,2989.0,6532.0,0.8746652383502946,0.6417636252296387,4825.0,0.8928497409326425,0.8375116063138347,4308.0,2643.0,0.8414680287552024,0.26258992805755393,2224.0
0.5,0.15,0.0,0.45,0.6,0.45,0.6,1.0,True,7468.0,0.8952865559721478,0.64413300357241,0.6311125697407286,0.6376227866565694,0.6491697911087306,0.6381992222554592,0.5442716123242597,0.45572838767574037,0.5,0.6,6686.0,3639.0,3047.0,0.7063832148945653,0.21882884066514852,0.6269735220696954,0.24745581146223897,0.5691356360789178,0.43479233380481225,3639.0,3047.0,6686.0,0.8952865559721478,0.6381992222554592,4825.0,0.9092227979274612,0.822429906542056,4387.0,2643.0,0.8698448732500946,0.2866463679860809,2299.0
0.5,0.15,0.0,0.45,0.6,0.45,1.0,0.55,False,7468.0,0.8579271558650241,0.6478223247764638,0.6357142857142857,0.6417683052453748,0.6491697911087306,0.642266271265803,0.5411268924613704,0.45887310753862964,0.5,0.6,6407.0,3467.0,2940.0,0.7063832148945653,0.21882884066514852,0.6269735220696954,0.24410819496518482,0.5539941158982825,0.4406331907864612,3467.0,2940.0,6407.0,0.8579271558650241,0.642266271265803,4825.0,0.8768911917098445,0.8345544788466084,4231.0,2643.0,0.8233068482784714,0.26838235294117646,2176.0
0.5,0.15,0.0,0.45,0.6,0.45,1.0,0.55,True,7468.0,0.8785484734868774,0.6441201234914398,0.6320880587058039,0.6381040910986218,0.6491697911087306,0.6386221612559061,0.543057460752934,0.456942539247066,0.5,0.6,6561.0,3563.0,2998.0,0.7063832148945653,0.21882884066514852,0.6269735220696954,0.2435725763256561,0.5634606894723098,0.432279626381329,3563.0,2998.0,6561.0,0.8785484734868774,0.6386221612559061,4825.0,0.8932642487046633,0.8192575406032483,4310.0,2643.0,0.8516836927733636,0.2927587738782763,2251.0
0.5,0.15,0.0,0.45,0.6,0.45,1.0,0.65,False,7468.0,0.910149973219068,0.6466612597999459,0.6352485474499677,0.6409549036249569,0.6491697911087306,0.6414594674120936,0.5442106811828747,0.4557893188171252,0.5,0.6,6797.0,3699.0,3098.0,0.7063832148945653,0.21882884066514852,0.6269735220696954,0.2574986609534012,0.5712492066802661,0.45076414626432165,3699.0,3098.0,6797.0,0.910149973219068,0.6414594674120936,4825.0,0.9276683937823834,0.8436103663985701,4476.0,2643.0,0.878168747635263,0.2516156828953037,2321.0
0.5,0.15,0.0,0.45,0.6,0.45,1.0,0.65,True,7468.0,0.9307712908409213,0.6432147562582345,0.6318124207858048,0.6375135885220197,0.6491697911087306,0.6380376924183571,0.5459646094087182,0.45403539059128184,0.5,0.6,6951.0,3795.0,3156.0,0.7063832148945653,0.21882884066514852,0.6269735220696954,0.2569630423138725,0.5804344271866757,0.4427081342492968,3795.0,3156.0,6951.0,0.9307712908409213,0.6380376924183571,4825.0,0.944041450777202,0.8289791437980242,4555.0,2643.0,0.9065455921301552,0.2750417362270451,2396.0
0.5,0.15,0.0,0.45,0.6,0.45,1.0,1.0,False,7468.0,0.9177825388323514,0.6453426124197003,0.63566388710712,0.6405032497634101,0.6491697911087306,0.6409395973154363,0.5450831631164283,0.45491683688357165,0.5,0.6,6854.0,3736.0,3118.0,0.7063832148945653,0.21882884066514852,0.6269735220696954,0.2587038028923407,0.5740551959263197,0.4506601538113165,3736.0,3118.0,6854.0,0.9177825388323514,0.6409395973154363,4825.0,0.9345077720207254,0.8447549345752938,4509.0,2643.0,0.8872493378736285,0.2490405117270789,2345.0
0.5,0.15,0.0,0.45,0.6,0.45,1.0,1.0,True,7468.0,0.9384038564542047,0.6419624217118998,0.6322418136020151,0.6371021176569575,0.6491697911087306,0.6375570776255708,0.5468036529680366,0.4531963470319635,0.5,0.6,7008.0,3832.0,3176.0,0.7063832148945653,0.21882884066514852,0.6269735220696954,0.258168184252812,0.5831962243539445,0.44267807895842715,3832.0,3176.0,7008.0,0.9384038564542047,0.6375570776255708,4825.0,0.950880829015544,0.8302092414995641,4588.0,2643.0,0.9156261823685207,0.27231404958677685,2420.0
0.5,0.15,0.0,0.45,0.6,0.55,0.5,0.55,False,7468.0,0.5575790037493304,0.6840463458110517,0.6479166666666667,0.6659815062388592,0.6491697911087306,0.6673871277617676,0.5389048991354467,0.4610951008645533,0.5,0.6,4164.0,2244.0,1920.0,0.7063832148945653,0.21882884066514852,0.6269735220696954,0.1866630958757365,0.43064829494240076,0.4334467315160338,2244.0,1920.0,4164.0,0.5575790037493304,0.6673871277617676,4825.0,0.590259067357513,0.8539325842696629,2848.0,2643.0,0.4979190314037079,0.26367781155015196,1316.0
0.5,0.15,0.0,0.45,0.6,0.55,0.5,0.55,True,7468.0,0.5736475629351901,0.6779074794638997,0.6418061897513953,0.6598568346076474,0.6491697911087306,0.661297852474323,0.5399159663865546,0.46008403361344535,0.5,0.6,4284.0,2313.0,1971.0,0.7063832148945653,0.21882884066514852,0.6269735220696954,0.18505623995715048,0.4407898155459355,0.4198287560885477,2313.0,1971.0,4284.0,0.5736475629351901,0.661297852474323,4825.0,0.6039378238341969,0.8345916266300618,2914.0,2643.0,0.5183503594400303,0.2927007299270073,1370.0
0.5,0.15,0.0,0.45,0.6,0.55,0.5,0.65,False,7468.0,0.6079271558650241,0.6786726021853501,0.6466892218463025,0.6626809120158264,0.6491697911087306,0.6640969162995595,0.5442731277533039,0.45572687224669606,0.5,0.6,4540.0,2471.0,2069.0,0.7063832148945653,0.21882884066514852,0.6269735220696954,0.1995179432244242,0.4518900378635271,0.4415187910928887,2471.0,2069.0,4540.0,0.6079271558650241,0.6640969162995595,4825.0,0.6391709844559585,0.8651102464332037,3084.0,2643.0,0.5508891411275066,0.23832417582417584,1456.0
0.5,0.15,0.0,0.45,0.6,0.55,0.5,0.65,True,7468.0,0.6239957150508838,0.6732283464566929,0.6410377358490567,0.6571330411528749,0.6491697911087306,0.6585836909871244,0.5450643776824035,0.45493562231759654,0.5,0.6,4660.0,2540.0,2120.0,0.7063832148945653,0.21882884066514852,0.6269735220696954,0.19791108730583823,0.4615650700307843,0.42878263576712694,2540.0,2120.0,4660.0,0.6239957150508838,0.6585836909871244,4825.0,0.6528497409326425,0.846984126984127,3150.0,2643.0,0.571320469163829,0.26556291390728476,1510.0
0.5,0.15,0.0,0.45,0.6,0.55,0.5,1.0,False,7468.0,0.6155597214783074,0.6762360446570973,0.6471996170416467,0.6617178308493721,0.6491697911087306,0.6630411137698499,0.5455731999129867,0.45442680008701325,0.5,0.6,4597.0,2508.0,2089.0,0.7063832148945653,0.21882884066514852,0.6269735220696954,0.20072308516336362,0.4554320126621227,0.44073117300227355,2508.0,2089.0,4597.0,0.6155597214783074,0.6630411137698499,4825.0,0.6460103626943006,0.8665383381456528,3117.0,2643.0,0.5599697313658721,0.23445945945945945,1480.0
0.5,0.15,0.0,0.45,0.6,0.55,0.5,1.0,True,7468.0,0.6316282806641671,0.6709351959642996,0.641588785046729,0.6562619905055143,0.6491697911087306,0.657621369514522,0.5463218147127411,0.45367818528725884,0.5,0.6,4717.0,2577.0,2140.0,0.7063832148945653,0.21882884066514852,0.6269735220696954,0.1991162292447778,0.4650333597815265,0.42817622662237165,2577.0,2140.0,4717.0,0.6316282806641671,0.657621369514522,4825.0,0.6596891191709845,0.8485705309456487,3183.0,2643.0,0.5804010594021944,0.26140808344198174,1534.0
0.5,0.15,0.0,0.45,0.6,0.55,0.55,0.55,False,7468.0,0.6676486341724692,0.6758569299552906,0.6520417028670721,0.6639493164111814,0.6491697911087306,0.6648616125150422,0.538307260328921,0.46169273967107904,0.5,0.6,4986.0,2684.0,2302.0,0.7063832148945653,0.21882884066514852,0.6269735220696954,0.22013926084627752,0.473027152141498,0.4653839845126409,2684.0,2302.0,4986.0,0.6676486341724692,0.6648616125150422,4825.0,0.7013471502590674,0.8770685579196218,3384.0,2643.0,0.6061293984108967,0.21660424469413234,1602.0
0.5,0.15,0.0,0.45,0.6,0.55,0.55,0.55,True,7468.0,0.6837171933583289,0.670904467853251,0.6468338291542711,0.658869148503761,0.6491697911087306,0.6598119858989424,0.5391696043869957,0.4608303956130043,0.5,0.6,5106.0,2753.0,2353.0,0.7063832148945653,0.21882884066514852,0.6269735220696954,0.2185324049276915,0.48227833687127053,0.45312506953017473,2753.0,2353.0,5106.0,0.6837171933583289,0.6598119858989424,4825.0,0.7150259067357513,0.8602898550724638,3450.0,2643.0,0.626560726447219,0.24214975845410627,1656.0
0.5,0.15,0.0,0.45,0.6,0.55,0.55,0.65,False,7468.0,0.7192019282271023,0.6721592859594919,0.6505288852725793,0.6613440856160356,0.6491697911087306,0.6622602867250047,0.5423571029603426,0.45764289703965744,0.5,0.6,5371.0,2913.0,2458.0,0.7063832148945653,0.21882884066514852,0.6269735220696954,0.23339582217461172,0.4928519585293796,0.4735617220048009,2913.0,2458.0,5371.0,0.7192019282271023,0.6622602867250047,4825.0,0.7515025906735752,0.885273028130171,3626.0,2643.0,0.6602345819144911,0.1988538681948424,1745.0
0.5,0.15,0.0,0.45,0.6,0.55,0.55,0.65,True,7468.0,0.735270487412962,0.6676727028839705,0.6456755679553607,0.6566741354196657,0.6491697911087306,0.6576215625569113,0.54307047896558,0.45692952103441997,0.5,0.6,5491.0,2982.0,2509.0,0.7063832148945653,0.21882884066514852,0.6269735220696954,0.23178896625602569,0.5017377408352577,0.46197235605629294,2982.0,2509.0,5491.0,0.735270487412962,0.6576215625569113,4825.0,0.7651813471502591,0.8694474539544962,3692.0,2643.0,0.6806659099508134,0.22290161200667039,1799.0
0.5,0.15,0.0,0.45,0.6,0.55,0.55,1.0,False,7468.0,0.7268344938403857,0.6701694915254237,0.6509281678773204,0.6605488297013721,0.6491697911087306,0.6613854089904201,0.5434782608695652,0.45652173913043476,0.5,0.6,5428.0,2950.0,2478.0,0.7063832148945653,0.21882884066514852,0.6269735220696954,0.23460096411355122,0.4961015670842184,0.472888980158624,2950.0,2478.0,5428.0,0.7268344938403857,0.6613854089904201,4825.0,0.7583419689119171,0.8863077343536485,3659.0,2643.0,0.6693151721528566,0.1961560203504805,1769.0
0.5,0.15,0.0,0.45,0.6,0.55,0.55,1.0,True,7468.0,0.7429030530262453,0.665783371977476,0.6461051799130091,0.6559442759452425,0.6491697911087306,0.6568132660418169,0.5441600576784427,0.45583994232155733,0.5,0.6,5548.0,3019.0,2529.0,0.7063832148945653,0.21882884066514852,0.6269735220696954,0.2329941081949652,0.5049301658800354,0.46143828184415003,3019.0,2529.0,5548.0,0.7429030530262453,0.6568132660418169,4825.0,0.772020725388601,0.8706040268456375,3725.0,2643.0,0.6897465001891789,0.21996708721886998,1823.0
0.5,0.15,0.0,0.45,0.6,0.55,0.6,0.55,False,7468.0,0.7455811462238886,0.6705259675818723,0.6491159135559922,0.6598209405689323,0.6491697911087306,0.6607399425287356,0.5429238505747126,0.45707614942528735,0.5,0.6,5568.0,3023.0,2545.0,0.7063832148945653,0.21882884066514852,0.6269735220696954,0.2396893411890733,0.5029372749333735,0.4765789953047845,3023.0,2545.0,5568.0,0.7455811462238886,0.6607399425287356,4825.0,0.7767875647668394,0.8890074706510138,3748.0,2643.0,0.6886114264093833,0.19065934065934065,1820.0
0.5,0.15,0.0,0.45,0.6,0.55,0.6,0.55,True,7468.0,0.7616497054097483,0.666235446313066,0.6444530046224961,0.655344225467781,0.6491697911087306,0.6562939521800282,0.5436005625879043,0.45639943741209565,0.5,0.6,5688.0,3092.0,2596.0,0.7063832148945653,0.21882884066514852,0.6269735220696954,0.2380824852704875,0.5116479356643887,0.46532482333057973,3092.0,2596.0,5688.0,0.7616497054097483,0.6562939521800282,4825.0,0.7904663212435233,0.8736234923964342,3814.0,2643.0,0.7090427544457056,0.21398078975453574,1874.0
0.5,0.15,0.0,0.45,0.6,0.55,0.6,0.65,False,7468.0,0.7972683449384038,0.6676913618198586,0.6479081821547575,0.6577997719873081,0.6491697911087306,0.6587168290225058,0.5463553913335573,0.45364460866644274,0.5,0.6,5954.0,3253.0,2701.0,0.7063832148945653,0.21882884066514852,0.6269735220696954,0.2530798071772897,0.5216265607506553,0.4851743109344183,3253.0,2701.0,5954.0,0.7972683449384038,0.6587168290225058,4825.0,0.8271502590673575,0.8957654723127035,3991.0,2643.0,0.7427166099129777,0.17677024961793172,1963.0
0.5,0.15,0.0,0.45,0.6,0.55,0.6,0.65,True,7468.0,0.8133369041242635,0.6637567730282962,0.643531976744186,0.653644374886241,0.6491697911087306,0.6545933486993744,0.5469213039183405,0.4530786960816595,0.5,0.6,6074.0,3322.0,2752.0,0.7063832148945653,0.21882884066514852,0.6269735220696954,0.2514729512587038,0.5300301655875634,0.4744502626184194,3322.0,2752.0,6074.0,0.8133369041242635,0.6545933486993744,4825.0,0.8408290155440414,0.8811929997535124,4057.0,2643.0,0.7631479379493,0.19881011403073873,2017.0
0.5,0.15,0.0,0.45,0.6,0.55,0.6,1.0,False,7468.0,0.8049009105516872,0.6659574468085107,0.6482910694597575,0.6571242581341341,0.6491697911087306,0.6579604059224755,0.5473298951921477,0.45267010480785225,0.5,0.6,6011.0,3290.0,2721.0,0.7063832148945653,0.21882884066514852,0.6269735220696954,0.25428494911622934,0.5246979900073269,0.484631071509686,3290.0,2721.0,6011.0,0.8049009105516872,0.6579604059224755,4825.0,0.8339896373056995,0.8966202783300199,4024.0,2643.0,0.7517972001513432,0.1746351283341721,1987.0
0.5,0.15,0.0,0.45,0.6,0.55,0.6,1.0,True,7468.0,0.8209694697375469,0.6621018160166716,0.6439393939393939,0.6530206049780327,0.6491697911087306,0.653890066873267,0.5478714728429294,0.45212852715707064,0.5,0.6,6131.0,3359.0,2772.0,0.7063832148945653,0.21882884066514852,0.6269735220696954,0.2526780931976433,0.5330531758370377,0.47402042544980677,3359.0,2772.0,6131.0,0.8209694697375469,0.653890066873267,4825.0,0.8476683937823835,0.8821515892420538,4090.0,2643.0,0.7722285281876655,0.19647231749142577,2041.0
0.5,0.15,0.0,0.45,0.6,0.55,1.0,0.55,False,7468.0,0.7881628280664167,0.6664592408214064,0.6497005988023952,0.6580799198119007,0.6491697911087306,0.6588515120625212,0.5460414542983351,0.453958545701665,0.5,0.6,5886.0,3214.0,2672.0,0.7063832148945653,0.21882884066514852,0.6269735220696954,0.2504017139796465,0.518536938938187,0.48290043616255474,3214.0,2672.0,5886.0,0.7881628280664167,0.6588515120625212,4825.0,0.8180310880829016,0.8946034963263237,3947.0,2643.0,0.7336360196746122,0.17895822588963384,1939.0
0.5,0.15,0.0,0.45,0.6,0.55,1.0,0.55,True,7468.0,0.8042313872522764,0.6625038074931465,0.6452442159383034,0.6538740117157249,0.6491697911087306,0.6546786546786547,0.5466200466200466,0.4533799533799534,0.5,0.6,6006.0,3283.0,2723.0,0.7063832148945653,0.21882884066514852,0.6269735220696954,0.24879485806106058,0.5269898145084095,0.47210562939085116,3283.0,2723.0,6006.0,0.8042313872522764,0.6546786546786547,4825.0,0.8317098445595855,0.8798903563418888,4013.0,2643.0,0.7540673477109345,0.2012042147516307,1993.0
0.5,0.15,0.0,0.45,0.6,0.55,1.0,0.65,False,7468.0,0.8403856454204607,0.6639582124201974,0.6484098939929329,0.6561840532065651,0.6491697911087306,0.6569471000637349,0.5490758444869344,0.45092415551306564,0.5,0.6,6276.0,3446.0,2830.0,0.7063832148945653,0.21882884066514852,0.6269735220696954,0.26379217996786297,0.5369327078194239,0.4912946745955715,3446.0,2830.0,6276.0,0.8403856454204607,0.6569471000637349,4825.0,0.8688082901554404,0.9007633587786259,4192.0,2643.0,0.7884979190314038,0.1665067178502879,2084.0
0.5,0.15,0.0,0.45,0.6,0.55,1.0,0.65,True,7468.0,0.8564542046063203,0.6603129445234709,0.6442207566817078,0.6522668506025893,0.6491697911087306,0.6530644152595372,0.5495622263914947,0.45043777360850534,0.5,0.6,6396.0,3515.0,2881.0,0.7063832148945653,0.21882884066514852,0.6269735220696954,0.26218532404927686,0.5451003946783763,0.4809853865616317,3515.0,2881.0,6396.0,0.8564542046063203,0.6530644152595372,4825.0,0.8824870466321244,0.886801315171442,4258.0,2643.0,0.8089292470677261,0.18755846585594013,2138.0
0.5,0.15,0.0,0.45,0.6,0.55,1.0,1.0,False,7468.0,0.848018211033744,0.6623600344530577,0.6487719298245614,0.6555659821388096,0.6491697911087306,0.6562450655297647,0.5499763145428707,0.45002368545712934,0.5,0.6,6333.0,3483.0,2850.0,0.7063832148945653,0.21882884066514852,0.6269735220696954,0.2649973219068023,0.5399170719318578,0.4908111554217483,3483.0,2850.0,6333.0,0.848018211033744,0.6562450655297647,4825.0,0.8756476683937824,0.9015384615384615,4225.0,2643.0,0.7975785092697693,0.16461100569259962,2108.0
0.5,0.15,0.0,0.45,0.6,0.55,1.0,1.0,True,7468.0,0.8640867702196037,0.6587837837837838,0.6446053085143054,0.6516945461490447,0.6491697911087306,0.6524097319076398,0.5504416550441655,0.4495583449558345,0.5,0.6,6453.0,3552.0,2901.0,0.7063832148945653,0.21882884066514852,0.6269735220696954,0.26339046598821636,0.5480402832964869,0.48060420742050364,3552.0,2901.0,6453.0,0.8640867702196037,0.6524097319076398,4825.0,0.8893264248704663,0.8876718713586577,4291.0,2643.0,0.8180098373060916,0.1854764107308048,2162.0
0.5,0.2,0.0,0.0,0.5,0.45,0.5,0.55,False,7468.0,0.767139796464917,0.6111675126903553,0.5875991348233598,0.5993833237568575,0.6491697911087306,0.5997556292546692,0.5157968231803107,0.4842031768196893,0.5,0.5,5729.0,2955.0,2774.0,0.7063832148945653,0.21882884066514852,0.6269735220696954,0.15305302624531328,0.5541149565837417,0.2762116857283979,2955.0,2774.0,5729.0,0.767139796464917,0.5997556292546692,4825.0,0.7784455958549222,0.6474973375931843,3756.0,2643.0,0.7465001891789633,0.5088697415103902,1973.0
0.5,0.2,0.0,0.0,0.5,0.45,0.5,0.55,True,7468.0,0.788430637386181,0.6080550098231827,0.5846859562455893,0.596370483034386,0.6491697911087306,0.5968070652173914,0.5186820652173914,0.4813179347826087,0.5,0.5,5888.0,3054.0,2834.0,0.7063832148945653,0.21882884066514852,0.6269735220696954,0.15265131226566692,0.5638170470642556,0.27074618098283565,3054.0,2834.0,5888.0,0.788430637386181,0.5968070652173914,4825.0,0.7952331606217616,0.6338285118582225,3837.0,2643.0,0.7760121074536511,0.5275475377864456,2051.0
0.5,0.2,0.0,0.0,0.5,0.45,0.5,0.65,False,7468.0,0.8174879485806106,0.612193588937775,0.589804994868286,0.6009992919030305,0.6491697911087306,0.6014742014742015,0.5212121212121212,0.47878787878787876,0.5,0.5,6105.0,3182.0,2923.0,0.7063832148945653,0.21882884066514852,0.6269735220696954,0.1659078735940011,0.5707802006843832,0.2906685855519733,3182.0,2923.0,6105.0,0.8174879485806106,0.6014742014742015,4825.0,0.8273575129533679,0.6683366733466933,3992.0,2643.0,0.799470298902762,0.4751538097491718,2113.0
0.5,0.2,0.0,0.0,0.5,0.45,0.5,0.65,True,7468.0,0.8387787895018747,0.6092654678451691,0.5869929601072745,0.5981292139762218,0.6491697911087306,0.5986590038314177,0.523786717752235,0.476213282247765,0.5,0.5,6264.0,3281.0,2983.0,0.7063832148945653,0.21882884066514852,0.6269735220696954,0.16550615961435466,0.5802036840142951,0.2852552718542837,3281.0,2983.0,6264.0,0.8387787895018747,0.5986590038314177,4825.0,0.8441450777202073,0.6550454210655536,4073.0,2643.0,0.8289822171774499,0.49383842994066635,2191.0
0.5,0.2,0.0,0.0,0.5,0.45,0.5,1.0,False,7468.0,0.825120514193894,0.6110593351972662,0.5905538566089025,0.6008065959030844,0.6491697911087306,0.6012658227848101,0.5223953261927945,0.47760467380720545,0.5,0.5,6162.0,3219.0,2943.0,0.7063832148945653,0.21882884066514852,0.6269735220696954,0.16711301553294053,0.5735884843077629,0.29134653171187946,3219.0,2943.0,6162.0,0.825120514193894,0.6012658227848101,4825.0,0.8341968911917098,0.671055900621118,4025.0,2643.0,0.8085508891411275,0.4698175011698643,2137.0
0.5,0.2,0.0,0.0,0.5,0.45,0.5,1.0,True,7468.0,0.846411355115158,0.6081977094635322,0.5877455877455877,0.59797164860456,0.6491697911087306,0.5984812529663028,0.5249169435215947,0.4750830564784053,0.5,0.5,6321.0,3318.0,3003.0,0.7063832148945653,0.21882884066514852,0.6269735220696954,0.1667113015532941,0.5829665743256057,0.28597060088076415,3318.0,3003.0,6321.0,0.846411355115158,0.5984812529663028,4825.0,0.8509844559585492,0.6578178275694107,4106.0,2643.0,0.8380628074158154,0.4884875846501129,2215.0
0.5,0.2,0.0,0.0,0.5,0.45,0.55,0.55,False,7468.0,0.8205677557579004,0.6177581863979849,0.5955284552845529,0.6066433208412689,0.6491697911087306,0.6070496083550914,0.5182767624020888,0.48172323759791125,0.5,0.5,6128.0,3176.0,2952.0,0.7063832148945653,0.21882884066514852,0.6269735220696954,0.17568291376539902,0.5678401368310017,0.30938798152918356,3176.0,2952.0,6128.0,0.8205677557579004,0.6070496083550914,4825.0,0.8373056994818653,0.6722772277227723,4040.0,2643.0,0.7900113507377979,0.48084291187739464,2088.0
0.5,0.2,0.0,0.0,0.5,0.45,0.55,0.55,True,7468.0,0.8418585966791644,0.6146564885496183,0.5926294820717132,0.6036429853106657,0.6491697911087306,0.6041037060601241,0.5209161762366789,0.47908382376332115,0.5,0.5,6287.0,3275.0,3012.0,0.7063832148945653,0.21882884066514852,0.6269735220696954,0.17528119978575257,0.5773116129498054,0.3036162721379251,3275.0,3012.0,6287.0,0.8418585966791644,0.6041037060601241,4825.0,0.8540932642487047,0.6590633341421985,4121.0,2643.0,0.8195232690124858,0.4995383194829178,2166.0
0.5,0.2,0.0,0.0,0.5,0.45,0.55,0.65,False,7468.0,0.8710498125334761,0.6182779900088158,0.5973565441650548,0.6078172670869353,0.6491697911087306,0.6083013066871638,0.5231360491929286,0.4768639508070715,0.5,0.5,6505.0,3403.0,3102.0,0.7063832148945653,0.21882884066514852,0.6269735220696954,0.188671665773969,0.5841139215767363,0.3230049118923162,3403.0,3102.0,6505.0,0.8710498125334761,0.6083013066871638,4825.0,0.8864248704663212,0.690437222352116,4277.0,2643.0,0.8429814604615967,0.4506283662477558,2228.0
0.5,0.2,0.0,0.0,0.5,0.45,0.55,0.65,True,7468.0,0.8923406534547402,0.6153626499143346,0.5945604048070842,0.6049615273607094,0.6491697911087306,0.6054921968787516,0.5255102040816326,0.4744897959183674,0.5,0.5,6664.0,3502.0,3162.0,0.7063832148945653,0.21882884066514852,0.6269735220696954,0.18826995179432254,0.5933256701257825,0.3173130057804681,3502.0,3162.0,6664.0,0.8923406534547402,0.6054921968787516,4825.0,0.9032124352331606,0.6776044056906838,4358.0,2643.0,0.8724933787362845,0.4692107545533391,2306.0
0.5,0.2,0.0,0.0,0.5,0.45,0.55,1.0,False,7468.0,0.8786823781467595,0.6171511627906977,0.5980140935297886,0.6075826281602432,0.6491697911087306,0.6080463273392258,0.5242304175556233,0.4757695824443767,0.5,0.5,6562.0,3440.0,3122.0,0.7063832148945653,0.21882884066514852,0.6269735220696954,0.18987680771290835,0.5868584030385231,0.3235479064963551,3440.0,3122.0,6562.0,0.8786823781467595,0.6080463273392258,4825.0,0.8932642487046633,0.6928074245939675,4310.0,2643.0,0.8520620506999622,0.44582593250444047,2252.0
0.5,0.2,0.0,0.0,0.5,0.45,0.55,1.0,True,7468.0,0.8999732190680235,0.6142978242441368,0.595223130106851,0.604760477175494,0.6491697911087306,0.6052670733521798,0.5265585478351436,0.47344145216485645,0.5,0.5,6721.0,3539.0,3182.0,0.7063832148945653,0.21882884066514852,0.6269735220696954,0.189475093733262,0.5960277364916676,0.31789643691508107,3539.0,3182.0,6721.0,0.8999732190680235,0.6052670733521798,4825.0,0.9100518134715025,0.6800273286267365,4391.0,2643.0,0.88157396897465,0.46437768240343347,2330.0
0.5,0.2,0.0,0.0,0.5,0.45,0.6,0.55,False,7468.0,0.8485538296732726,0.6217695348130131,0.5951443569553806,0.6084569458841969,0.6491697911087306,0.6089632318131608,0.5190153069275683,0.48098469307243175,0.5,0.5,6337.0,3289.0,3048.0,0.7063832148945653,0.21882884066514852,0.6269735220696954,0.18492233529726837,0.576034501734056,0.3210264918864937,3289.0,3048.0,6337.0,0.8485538296732726,0.6089632318131608,4825.0,0.8661139896373057,0.6831777937305575,4179.0,2643.0,0.8164964055996973,0.4652455977757183,2158.0
0.5,0.2,0.0,0.0,0.5,0.45,0.6,0.55,True,7468.0,0.8698446705945367,0.6186540731995277,0.5923423423423423,0.605498207770935,0.6491697911087306,0.6060652709359606,0.521551724137931,0.47844827586206895,0.5,0.5,6496.0,3388.0,3108.0,0.7063832148945653,0.21882884066514852,0.6269735220696954,0.18452062131762192,0.5853734061592287,0.3152186610736294,3388.0,3108.0,6496.0,0.8698446705945367,0.6060652709359606,4825.0,0.8829015544041451,0.67018779342723,4260.0,2643.0,0.8460083238743852,0.48389982110912344,2236.0
0.5,0.2,0.0,0.0,0.5,0.45,0.6,0.65,False,7468.0,0.8990358864488485,0.6220136518771331,0.5969355847404628,0.609474618308798,0.6491697911087306,0.6100685135537682,0.5236818588025023,0.47631814119749777,0.5,0.5,6714.0,3516.0,3198.0,0.7063832148945653,0.21882884066514852,0.6269735220696954,0.19791108730583823,0.5920831019134941,0.33426234706957386,3516.0,3198.0,6714.0,0.8990358864488485,0.6100685135537682,4825.0,0.9152331606217616,0.7001811594202898,4416.0,2643.0,0.8694665153234961,0.43690165361183636,2298.0
0.5,0.2,0.0,0.0,0.5,0.45,0.6,0.65,True,7468.0,0.9203267273701125,0.6190871369294606,0.5942295887047269,0.6066583628170937,0.6491697911087306,0.6073039429652263,0.5259711916193802,0.47402880838061984,0.5,0.5,6873.0,3615.0,3258.0,0.7063832148945653,0.21882884066514852,0.6269735220696954,0.19750937332619178,0.6011727513967681,0.32854012905158697,3615.0,3258.0,6873.0,0.9203267273701125,0.6073039429652263,4825.0,0.932020725388601,0.6875694907716255,4497.0,2643.0,0.8989784335981839,0.4553872053872054,2376.0
0.5,0.2,0.0,0.0,0.5,0.45,0.6,1.0,False,7468.0,0.9066684520621318,0.6208837602026457,0.5975761342448725,0.6092299472237591,0.6491697911087306,0.6098065278393148,0.524737852606705,0.4752621473932949,0.5,0.5,6771.0,3553.0,3218.0,0.7063832148945653,0.21882884066514852,0.6269735220696954,0.19911622924477781,0.5947908131508732,0.33476682027076043,3553.0,3218.0,6771.0,0.9066684520621318,0.6098065278393148,4825.0,0.9220725388601037,0.7024050348392897,4449.0,2643.0,0.8785471055618616,0.43238587424633934,2322.0
0.5,0.2,0.0,0.0,0.5,0.45,0.6,1.0,True,7468.0,0.9279592929833959,0.6180175246440307,0.5948749237339841,0.6064462241890074,0.6491697911087306,0.6070707070707071,0.526984126984127,0.473015873015873,0.5,0.5,6930.0,3652.0,3278.0,0.7063832148945653,0.21882884066514852,0.6269735220696954,0.1987145152651313,0.6038397046063899,0.3290848775746908,3652.0,3278.0,6930.0,0.9279592929833959,0.6070707070707071,4825.0,0.938860103626943,0.6898454746136865,4530.0,2643.0,0.9080590238365494,0.4508333333333333,2400.0
0.5,0.2,0.0,0.0,0.5,0.45,1.0,0.55,False,7468.0,0.8606052490626673,0.6230194319880419,0.5963659961064244,0.6096927140472331,0.6491697911087306,0.6102380581920025,0.5204605570250506,0.47953944297494944,0.5,0.5,6427.0,3345.0,3082.0,0.7063832148945653,0.21882884066514852,0.6269735220696954,0.18974290305302624,0.5791642021092296,0.327615039676159,3345.0,3082.0,6427.0,0.8606052490626673,0.6102380581920025,4825.0,0.8791709844559585,0.6878830740216879,4242.0,2643.0,0.8267120696178585,0.4594965675057208,2185.0
0.5,0.2,0.0,0.0,0.5,0.45,1.0,0.55,True,7468.0,0.8818960899839314,0.6199186991869918,0.5935709739019732,0.6067448365444825,0.6491697911087306,0.6073489219556635,0.5229274218038263,0.4770725781961737,0.5,0.5,6586.0,3444.0,3142.0,0.7063832148945653,0.21882884066514852,0.6269735220696954,0.18934118907337966,0.5884534394965126,0.3217606973890442,3444.0,3142.0,6586.0,0.8818960899839314,0.6073489219556635,4825.0,0.8959585492227979,0.6749942169789498,4323.0,2643.0,0.8562239878925464,0.4781263809102961,2263.0
0.5,0.2,0.0,0.0,0.5,0.45,1.0,0.65,False,7468.0,0.9110873058382432,0.6231802911534154,0.5980816831683168,0.6106309871608662,0.6491697911087306,0.6112580834803057,0.5249853027630805,0.47501469723691947,0.5,0.5,6804.0,3572.0,3232.0,0.7063832148945653,0.21882884066514852,0.6269735220696954,0.2027316550615962,0.5951284108394788,0.34065195236709694,3572.0,3232.0,6804.0,0.9110873058382432,0.6112580834803057,4825.0,0.9282901554404145,0.7043983031926769,4479.0,2643.0,0.8796821793416572,0.4318279569892473,2325.0
0.5,0.2,0.0,0.0,0.5,0.45,1.0,0.65,True,7468.0,0.9323781467595073,0.6202669572323618,0.5953827460510328,0.6078248516416973,0.6491697911087306,0.6085020824357317,0.5272152807697832,0.47278471923021687,0.5,0.5,6963.0,3671.0,3292.0,0.7063832148945653,0.21882884066514852,0.6269735220696954,0.20232994108194957,0.6041722460017332,0.33488784435385854,3671.0,3292.0,6963.0,0.9323781467595073,0.6085020824357317,4825.0,0.9450777202072539,0.6918859649122807,4560.0,2643.0,0.9091940976163451,0.45027049521431545,2403.0
0.5,0.2,0.0,0.0,0.5,0.45,1.0,1.0,False,7468.0,0.9187198714515266,0.6220559711831533,0.5987084870848709,0.6103822291340121,0.6491697911087306,0.6109896516542778,0.5260166156536948,0.4739833843463052,0.5,0.5,6861.0,3609.0,3252.0,0.7063832148945653,0.21882884066514852,0.6269735220696954,0.20393679700053557,0.5978223291459558,0.34113278654525675,3609.0,3252.0,6861.0,0.9187198714515266,0.6109896516542778,4825.0,0.9351295336787565,0.7065602836879432,4512.0,2643.0,0.8887627695800226,0.4274159216687952,2349.0
0.5,0.2,0.0,0.0,0.5,0.45,1.0,1.0,True,7468.0,0.9400107123727905,0.6192017259978425,0.5960144927536232,0.6076081093757328,0.6491697911087306,0.6082621082621082,0.5282051282051282,0.4717948717948718,0.5,0.5,7020.0,3708.0,3312.0,0.7063832148945653,0.21882884066514852,0.6269735220696954,0.2035350830208891,0.6068260168087314,0.3354092892906442,3708.0,3312.0,7020.0,0.9400107123727905,0.6082621082621082,4825.0,0.9519170984455958,0.6940997169605923,4593.0,2643.0,0.9182746878547106,0.4458178821590441,2427.0
0.5,0.2,0.0,0.0,0.5,0.55,0.5,0.55,False,7468.0,0.7607123727905731,0.6116803278688525,0.5862695241554667,0.5989749260121596,0.6491697911087306,0.5993663087484598,0.5154022179193803,0.4845977820806196,0.5,0.5,5681.0,2928.0,2753.0,0.7063832148945653,0.21882884066514852,0.6269735220696954,0.151178361006963,0.5520570676042514,0.2738455313379612,2928.0,2753.0,5681.0,0.7607123727905731,0.5993663087484598,4825.0,0.7749222797927461,0.6504412944637603,3739.0,2643.0,0.7347710934544078,0.5010298661174047,1942.0
0.5,0.2,0.0,0.0,0.5,0.55,0.5,0.55,True,7468.0,0.7820032137118371,0.6085232903865213,0.5833629576964096,0.5959431240414654,0.6491697911087306,0.5964041095890411,0.5183219178082191,0.4816780821917808,0.5,0.5,5840.0,3027.0,2813.0,0.7063832148945653,0.21882884066514852,0.6269735220696954,0.15077664702731655,0.5617946985708038,0.2683838907894464,3027.0,2813.0,5840.0,0.7820032137118371,0.5964041095890411,4825.0,0.7917098445595855,0.6366492146596858,3820.0,2643.0,0.7642830117290957,0.5202970297029703,2020.0
0.5,0.2,0.0,0.0,0.5,0.55,0.5,0.65,False,7468.0,0.8110605249062668,0.6126782884310618,0.5885596140592695,0.6006189512451656,0.6491697911087306,0.6011226679874525,0.5208849265312862,0.4791150734687139,0.5,0.5,6057.0,3155.0,2902.0,0.7063832148945653,0.21882884066514852,0.6269735220696954,0.16403320835565074,0.5687826107356905,0.2883935008904059,3155.0,2902.0,6057.0,0.8110605249062668,0.6011226679874525,4825.0,0.8238341968911918,0.6711949685534592,3975.0,2643.0,0.7877412031782066,0.46733909702209414,2082.0
0.5,0.2,0.0,0.0,0.5,0.55,0.5,0.65,True,7468.0,0.8323513658275308,0.6097111247695144,0.5857528696826468,0.5977319972260806,0.6491697911087306,0.5982947232947233,0.5234877734877735,0.4765122265122265,0.5,0.5,6216.0,3254.0,2962.0,0.7063832148945653,0.21882884066514852,0.6269735220696954,0.16363149437600433,0.5782386494569204,0.28298263101175686,3254.0,2962.0,6216.0,0.8323513658275308,0.5982947232947233,4825.0,0.840621761658031,0.6577909270216963,4056.0,2643.0,0.8172531214528944,0.48657407407407405,2160.0
0.5,0.2,0.0,0.0,0.5,0.55,0.5,1.0,False,7468.0,0.8186930905195501,0.6115288220551378,0.5893223819301848,0.6004256019926613,0.6491697911087306,0.600915930650965,0.5220804710500491,0.47791952894995093,0.5,0.5,6114.0,3192.0,2922.0,0.7063832148945653,0.21882884066514852,0.6269735220696954,0.16523835029459033,0.5716007086353899,0.28908003051478337,3192.0,2922.0,6114.0,0.8186930905195501,0.600915930650965,4825.0,0.8306735751295337,0.6739021956087824,4008.0,2643.0,0.7968217934165721,0.46201329534662866,2106.0
0.5,0.2,0.0,0.0,0.5,0.55,0.5,1.0,True,7468.0,0.8399839314408142,0.6086295958675175,0.5865191146881288,0.5975743552778232,0.6491697911087306,0.5981189223656942,0.5246293639406983,0.47537063605930174,0.5,0.5,6273.0,3291.0,2982.0,0.7063832148945653,0.21882884066514852,0.6269735220696954,0.1648366363149437,0.581010884203502,0.2837066237423684,3291.0,2982.0,6273.0,0.8399839314408142,0.5981189223656942,4825.0,0.8474611398963731,0.6605527023722182,4089.0,2643.0,0.8263337116912599,0.48122710622710624,2184.0
0.5,0.2,0.0,0.0,0.5,0.55,0.55,0.55,False,7468.0,0.8141403320835565,0.6182915211178152,0.5943364039576936,0.6063139625377544,0.6491697911087306,0.6067434210526316,0.5179276315789474,0.4820723684210526,0.5,0.5,6080.0,3149.0,2931.0,0.7063832148945653,0.21882884066514852,0.6269735220696954,0.17380824852704874,0.565832167500447,0.3071727952386366,3149.0,2931.0,6080.0,0.8141403320835565,0.6067434210526316,4825.0,0.8337823834196891,0.6751180710912255,4023.0,2643.0,0.7782822550132426,0.4730189596499757,2057.0
0.5,0.2,0.0,0.0,0.5,0.55,0.55,0.55,True,7468.0,0.8354311730048206,0.6151477832512315,0.5914409896355733,0.6032943864434024,0.6491697911087306,0.6037826574771598,0.5205962493989421,0.4794037506010579,0.5,0.5,6239.0,3248.0,2991.0,0.7063832148945653,0.21882884066514852,0.6269735220696954,0.17340653454740218,0.5753367007489695,0.30140009201857404,3248.0,2991.0,6239.0,0.8354311730048206,0.6037826574771598,4825.0,0.8505699481865285,0.6617933723196882,4104.0,2643.0,0.8077941732879304,0.49227166276346607,2135.0
0.5,0.2,0.0,0.0,0.5,0.55,0.55,0.65,False,7468.0,0.8646223888591323,0.6187796208530806,0.596234988640052,0.6075073047465662,0.6491697911087306,0.6080223013783491,0.5228434257395075,0.4771565742604925,0.5,0.5,6457.0,3376.0,3081.0,0.7063832148945653,0.21882884066514852,0.6269735220696954,0.1867970005356187,0.582162085816104,0.3208676845963909,3376.0,3081.0,6457.0,0.8646223888591323,0.6080223013783491,4825.0,0.8829015544041451,0.6931924882629108,4260.0,2643.0,0.8312523647370412,0.4428766499772417,2197.0
0.5,0.2,0.0,0.0,0.5,0.55,0.55,0.65,True,7468.0,0.8859132297803963,0.6158273381294964,0.5934415791149316,0.604634458622214,0.6491697911087306,0.6051995163240629,0.525241837968561,0.47475816203143895,0.5,0.5,6616.0,3475.0,3141.0,0.7063832148945653,0.21882884066514852,0.6269735220696954,0.18639528655597215,0.5914042370597391,0.31517408039324535,3475.0,3141.0,6616.0,0.8859132297803963,0.6051995163240629,4825.0,0.8996891191709845,0.6802580050679566,4341.0,2643.0,0.8607642830117291,0.46197802197802196,2275.0
0.5,0.2,0.0,0.0,0.5,0.55,0.55,1.0,False,7468.0,0.8722549544724156,0.6176384412540287,0.5969042244437278,0.6072713328488782,0.6491697911087306,0.6077678845563402,0.5239484187902979,0.4760515812097022,0.5,0.5,6514.0,3413.0,3101.0,0.7063832148945653,0.21882884066514852,0.6269735220696954,0.18800214247455818,0.5849157255527746,0.32141748676168136,3413.0,3101.0,6514.0,0.8722549544724156,0.6077678845563402,4825.0,0.889740932642487,0.6955508968087585,4293.0,2643.0,0.8403329549754067,0.43809095002251236,2221.0
0.5,0.2,0.0,0.0,0.5,0.55,0.55,1.0,True,7468.0,0.8935457953936797,0.614749430523918,0.5941157861436255,0.6044326083337717,0.6491697911087306,0.6049752734901843,0.5263000149857635,0.4736999850142365,0.5,0.5,6673.0,3512.0,3161.0,0.7063832148945653,0.21882884066514852,0.6269735220696954,0.18760042849491163,0.5941150422682328,0.3157644818732148,3512.0,3161.0,6673.0,0.8935457953936797,0.6049752734901843,4825.0,0.9065284974093264,0.6826703246456333,4374.0,2643.0,0.8698448732500946,0.45715528490648105,2299.0
0.5,0.2,0.0,0.0,0.5,0.55,0.6,0.55,False,7468.0,0.8421264059989287,0.6223175965665236,0.5939874463164849,0.6081525214415042,0.6491697911087306,0.608681825409445,0.5186834154873589,0.48131658451264114,0.5,0.5,6289.0,3262.0,3027.0,0.7063832148945653,0.21882884066514852,0.6269735220696954,0.183047670058918,0.5740551959263198,0.3188677175259158,3262.0,3027.0,6289.0,0.8421264059989287,0.608681825409445,4825.0,0.8625906735751295,0.685968284478616,4162.0,2643.0,0.8047673098751419,0.45745181006111896,2127.0
0.5,0.2,0.0,0.0,0.5,0.55,0.6,0.55,True,7468.0,0.8634172469201928,0.6191609639988099,0.591188856494979,0.6051749102468944,0.6491697911087306,0.6057692307692307,0.5212468982630273,0.4787531017369727,0.5,0.5,6448.0,3361.0,3087.0,0.7063832148945653,0.21882884066514852,0.6269735220696954,0.18264595607927148,0.5834257839866701,0.3130577377489448,3361.0,3087.0,6448.0,0.8634172469201928,0.6057692307692307,4825.0,0.8793782383419689,0.6728729672401602,4243.0,2643.0,0.8342792281498297,0.4766439909297052,2205.0
0.5,0.2,0.0,0.0,0.5,0.55,0.6,0.65,False,7468.0,0.8926084627745046,0.6225279449699054,0.5958451369216242,0.6091865409457649,0.6491697911087306,0.6098109810981098,0.5234023402340234,0.4765976597659766,0.5,0.5,6666.0,3489.0,3177.0,0.7063832148945653,0.21882884066514852,0.6269735220696954,0.19603642206748798,0.5901576233122032,0.3321763785194408,3489.0,3177.0,6666.0,0.8926084627745046,0.6098109810981098,4825.0,0.9117098445595855,0.7028870197772221,4399.0,2643.0,0.8577374195989406,0.42920158800176444,2267.0
0.5,0.2,0.0,0.0,0.5,0.55,0.6,0.65,True,7468.0,0.9138993036957687,0.6195652173913043,0.593141797961075,0.6063535076761897,0.6491697911087306,0.607032967032967,0.5257142857142857,0.4742857142857143,0.5,0.5,6825.0,3588.0,3237.0,0.7063832148945653,0.21882884066514852,0.6269735220696954,0.1956347080878415,0.5992764786006235,0.3264515045620847,3588.0,3237.0,6825.0,0.9138993036957687,0.607032967032967,4825.0,0.9284974093264249,0.6901785714285714,4480.0,2643.0,0.8872493378736285,0.44818763326226013,2345.0
0.5,0.2,0.0,0.0,0.5,0.55,0.6,1.0,False,7468.0,0.9002410283877879,0.6213840045377198,0.5964967156709415,0.6089403601043306,0.6491697911087306,0.6095493083444891,0.5244682433437453,0.47553175665625463,0.5,0.5,6723.0,3526.0,3197.0,0.7063832148945653,0.21882884066514852,0.6269735220696954,0.1972415640064274,0.5928741284544977,0.3326870823670381,3526.0,3197.0,6723.0,0.9002410283877879,0.6095493083444891,4825.0,0.9185492227979275,0.7050992779783394,4432.0,2643.0,0.8668180098373061,0.42470536883457005,2291.0
0.5,0.2,0.0,0.0,0.5,0.55,0.6,1.0,True,7468.0,0.921531869309052,0.6184827586206897,0.5937979735953332,0.6061403661080114,0.6491697911087306,0.6068003487358327,0.526736413833188,0.47326358616681197,0.5,0.5,6882.0,3625.0,3257.0,0.7063832148945653,0.21882884066514852,0.6269735220696954,0.19683985002678103,0.6019518333231784,0.32700265890061814,3625.0,3257.0,6882.0,0.921531869309052,0.6068003487358327,4825.0,0.9353367875647668,0.6924440505207179,4513.0,2643.0,0.896329928111994,0.44364710848459266,2369.0
0.5,0.2,0.0,0.0,0.5,0.55,1.0,0.55,False,7468.0,0.8541778253883235,0.6235684147076552,0.5952303168899052,0.6093993657987802,0.6491697911087306,0.6099702147672049,0.5201442232324816,0.4798557767675184,0.5,0.5,6379.0,3318.0,3061.0,0.7063832148945653,0.21882884066514852,0.6269735220696954,0.18786823781467601,0.5771956286969122,0.3254845124846335,3318.0,3061.0,6379.0,0.8541778253883235,0.6099702147672049,4825.0,0.8756476683937824,0.6906508875739645,4225.0,2643.0,0.8149829738933031,0.4517177344475395,2154.0
0.5,0.2,0.0,0.0,0.5,0.55,1.0,0.55,True,7468.0,0.8754686663095875,0.6204272753877671,0.5924383210509452,0.6064327982193561,0.6491697911087306,0.607066381156317,0.522636892015907,0.477363107984093,0.5,0.5,6538.0,3417.0,3121.0,0.7063832148945653,0.21882884066514852,0.6269735220696954,0.1874665238350295,0.5865160451660969,0.31962727257008017,3417.0,3121.0,6538.0,0.8754686663095875,0.607066381156317,4825.0,0.8924352331606218,0.6776590803529958,4306.0,2643.0,0.8444948921679909,0.47087813620071683,2232.0
0.5,0.2,0.0,0.0,0.5,0.55,1.0,0.65,False,7468.0,0.9046598821638993,0.6236953455571227,0.5970102771722204,0.6103528113646716,0.6491697911087306,0.61101243339254,0.5247187685020722,0.4752812314979278,0.5,0.5,6756.0,3545.0,3211.0,0.7063832148945653,0.21882884066514852,0.6269735220696954,0.20085698982324585,0.5932128169302537,0.33859179048530463,3545.0,3211.0,6756.0,0.9046598821638993,0.61101243339254,4825.0,0.9247668393782383,0.7070820259973106,4462.0,2643.0,0.8679530836171018,0.42414995640802095,2294.0
0.5,0.2,0.0,0.0,0.5,0.55,1.0,0.65,True,7468.0,0.9259507230851634,0.6207464324917673,0.5943136655457046,0.607530049018736,0.6491697911087306,0.6082429501084599,0.5269703543022415,0.4730296456977585,0.5,0.5,6915.0,3644.0,3271.0,0.7063832148945653,0.21882884066514852,0.6269735220696954,0.20045527584359932,0.6022854170746474,0.33282438883748505,3644.0,3271.0,6915.0,0.9259507230851634,0.6082429501084599,4825.0,0.9415544041450777,0.6944750165089149,4543.0,2643.0,0.8974650018917897,0.4430860033726813,2372.0
0.5,0.2,0.0,0.0,0.5,0.55,1.0,1.0,False,7468.0,0.9122924477771827,0.6225572305974316,0.5976477870628288,0.6101025088301302,0.6491697911087306,0.61074416556583,0.5257595772787318,0.47424042272126815,0.5,0.5,6813.0,3582.0,3231.0,0.7063832148945653,0.21882884066514852,0.6269735220696954,0.20206213176218527,0.5959153950079648,0.339078556209283,3582.0,3231.0,6813.0,0.9122924477771827,0.61074416556583,4825.0,0.9316062176165804,0.7092324805339266,4495.0,2643.0,0.8770336738554673,0.4197584124245039,2318.0
0.5,0.2,0.0,0.0,0.5,0.55,1.0,1.0,True,7468.0,0.9335832886984468,0.619668568323825,0.5949559404436342,0.6073122543837296,0.6491697911087306,0.6080034423407917,0.5279690189328744,0.47203098106712565,0.5,0.5,6972.0,3681.0,3291.0,0.7063832148945653,0.21882884066514852,0.6269735220696954,0.20166041778253882,0.6049474650396958,0.333351951097615,3681.0,3291.0,6972.0,0.9335832886984468,0.6080034423407917,4825.0,0.9483937823834196,0.6966783216783217,4576.0,2643.0,0.9065455921301552,0.4386477462437396,2396.0
0.5,0.2,0.0,0.0,0.6,0.45,0.5,0.55,False,7468.0,0.6720674879485806,0.6401357978121464,0.6148648648648649,0.6275003313385057,0.6491697911087306,0.6282127913927077,0.528192867105001,0.471807132894999,0.5,0.6,5019.0,2651.0,2368.0,0.7063832148945653,0.21882884066514852,0.6269735220696954,0.17233529726834493,0.4998660774048564,0.3447629376313237,2651.0,2368.0,5019.0,0.6720674879485806,0.6282127913927077,4825.0,0.6899481865284974,0.7305497146290177,3329.0,2643.0,0.6394248959515701,0.42662721893491123,1690.0
0.5,0.2,0.0,0.0,0.6,0.45,0.5,0.55,True,7468.0,0.6929566148901982,0.635503819570753,0.6108821104699094,0.6231929650203312,0.6491697911087306,0.6239613526570048,0.5312077294685991,0.468792270531401,0.5,0.6,5175.0,2749.0,2426.0,0.7063832148945653,0.21882884066514852,0.6269735220696954,0.17179967862881626,0.5104688708733285,0.3365527036641729,2749.0,2426.0,5175.0,0.6929566148901982,0.6239613526570048,4825.0,0.7065284974093264,0.7134056908184219,3409.0,2643.0,0.6681800983730609,0.45130237825594566,1766.0
0.5,0.2,0.0,0.0,0.6,0.45,0.5,0.65,False,7468.0,0.7224156400642743,0.6389854065323141,0.6158124751688518,0.6273989408505829,0.6491697911087306,0.6281742354031511,0.5334569045412418,0.4665430954587581,0.5,0.6,5395.0,2878.0,2517.0,0.7063832148945653,0.21882884066514852,0.6269735220696954,0.18519014461703273,0.5182786390771095,0.35731772574458764,2878.0,2517.0,5395.0,0.7224156400642743,0.6281742354031511,4825.0,0.738860103626943,0.7483870967741936,3565.0,2643.0,0.6923950056753689,0.39398907103825137,1830.0
0.5,0.2,0.0,0.0,0.6,0.45,0.5,0.65,True,7468.0,0.7433047670058918,0.634744623655914,0.6120388349514563,0.6233917293036851,0.6491697911087306,0.6242118537200504,0.5361196180868312,0.46388038191316877,0.5,0.6,5551.0,2976.0,2575.0,0.7063832148945653,0.21882884066514852,0.6269735220696954,0.18465452597750392,0.5285121763159236,0.3493855662222714,2976.0,2575.0,5551.0,0.7433047670058918,0.6242118537200504,4825.0,0.755440414507772,0.7319615912208505,3645.0,2643.0,0.7211502080968596,0.4181532004197272,1906.0
0.5,0.2,0.0,0.0,0.6,0.45,0.5,1.0,False,7468.0,0.7300482056775576,0.637392795883362,0.6164761529365392,0.6269344744099505,0.6491697911087306,0.6276595744680851,0.5346661775495231,0.4653338224504769,0.5,0.6,5452.0,2915.0,2537.0,0.7063832148945653,0.21882884066514852,0.6269735220696954,0.1863952865559721,0.5213697915690866,0.35751071421880204,2915.0,2537.0,5452.0,0.7300482056775576,0.6276595744680851,4825.0,0.745699481865285,0.7506948304613674,3598.0,2643.0,0.7014755959137344,0.3888888888888889,1854.0
0.5,0.2,0.0,0.0,0.6,0.45,0.5,1.0,True,7468.0,0.7509373326191752,0.6332558911384003,0.6127167630057804,0.6229863270720903,0.6491697911087306,0.6237517831669044,0.5372681883024251,0.4627318116975749,0.5,0.6,5608.0,3013.0,2595.0,0.7063832148945653,0.21882884066514852,0.6269735220696954,0.18585966791644343,0.5315438197847528,0.34966010514750556,3013.0,2595.0,5608.0,0.7509373326191752,0.6237517831669044,4825.0,0.762279792746114,0.7343665035345296,3678.0,2643.0,0.7302307983352251,0.4129533678756477,1930.0
0.5,0.2,0.0,0.0,0.6,0.45,0.55,0.55,False,7468.0,0.725495447241564,0.6451949860724234,0.622152395915161,0.6336736909937922,0.6491697911087306,0.6343669250645995,0.5300849021779255,0.4699150978220746,0.5,0.6,5418.0,2872.0,2546.0,0.7063832148945653,0.21882884066514852,0.6269735220696954,0.1949651847884306,0.5150389608821518,0.37854453662009735,2872.0,2546.0,5418.0,0.725495447241564,0.6343669250645995,4825.0,0.7488082901554404,0.7517298643786328,3613.0,2643.0,0.6829360575104049,0.3994459833795014,1805.0
0.5,0.2,0.0,0.0,0.6,0.45,0.55,0.55,True,7468.0,0.7463845741831816,0.6407407407407407,0.6182795698924731,0.6295101553166069,0.6491697911087306,0.6302475780409041,0.5328310010764262,0.4671689989235737,0.5,0.6,5574.0,2970.0,2604.0,0.7063832148945653,0.21882884066514852,0.6269735220696954,0.19442956614890192,0.5253356108404796,0.37010543762269577,2970.0,2604.0,5574.0,0.7463845741831816,0.6302475780409041,4825.0,0.7653886010362694,0.7354454373138369,3693.0,2643.0,0.7116912599318955,0.42371079213184476,1881.0
0.5,0.2,0.0,0.0,0.6,0.45,0.55,0.65,False,7468.0,0.7759775040171398,0.643756050338819,0.6227744807121661,0.6332652655254926,0.6491697911087306,0.6339948231233822,0.5347713546160483,0.4652286453839517,0.5,0.6,5795.0,3099.0,2696.0,0.7063832148945653,0.21882884066514852,0.6269735220696954,0.20795393679700047,0.5329275594394324,0.3902105138186883,3099.0,2696.0,5795.0,0.7759775040171398,0.6339948231233822,4825.0,0.7979274611398963,0.767012987012987,3850.0,2643.0,0.7359061672342035,0.370694087403599,1945.0
0.5,0.2,0.0,0.0,0.6,0.45,0.55,0.65,True,7468.0,0.7968666309587573,0.6396621832968408,0.6190994916485113,0.629380837472676,0.6491697911087306,0.6301461939169888,0.5372206351873635,0.46277936481263654,0.5,0.6,5951.0,3197.0,2754.0,0.7063832148945653,0.21882884066514852,0.6269735220696954,0.20741831815747194,0.5428850305549442,0.38206674799164425,3197.0,2754.0,5951.0,0.7968666309587573,0.6301461939169888,4825.0,0.8145077720207254,0.7513994910941476,3930.0,2643.0,0.7646613696556943,0.39435922810489854,2021.0
0.5,0.2,0.0,0.0,0.6,0.45,0.55,1.0,False,7468.0,0.7836100696304231,0.642219387755102,0.6233431516936672,0.6327812697243846,0.6491697911087306,0.6334586466165414,0.5358851674641149,0.46411483253588515,0.5,0.6,5852.0,3136.0,2716.0,0.7063832148945653,0.21882884066514852,0.6269735220696954,0.20915907873594006,0.5359342267920958,0.3902700523306545,3136.0,2716.0,5852.0,0.7836100696304231,0.6334586466165414,4825.0,0.8047668393782383,0.7689930466134433,3883.0,2643.0,0.744986757472569,0.36617572371762314,1969.0
0.5,0.2,0.0,0.0,0.6,0.45,0.55,1.0,True,7468.0,0.8044991965720407,0.6382189239332097,0.6196827685652487,0.6289508462492293,0.6491697911087306,0.6296604527296937,0.5382822902796272,0.46171770972037285,0.5,0.6,6008.0,3234.0,2774.0,0.7063832148945653,0.21882884066514852,0.6269735220696954,0.20862346009641133,0.5458368513006563,0.38220845587704366,3234.0,2774.0,6008.0,0.8044991965720407,0.6296604527296937,4825.0,0.8213471502590673,0.7534695937421145,3963.0,2643.0,0.7737419598940598,0.3897310513447433,2045.0
0.5,0.2,0.0,0.0,0.6,0.45,0.6,0.55,False,7468.0,0.7534815211569362,0.6485762144053602,0.6207418622255867,0.6346590383154734,0.6491697911087306,0.6355073751555003,0.5304780522480895,0.4695219477519104,0.5,0.6,5627.0,2985.0,2642.0,0.7063832148945653,0.21882884066514852,0.6269735220696954,0.20420460632029994,0.5240595933844912,0.38965913208744457,2985.0,2642.0,5627.0,0.7534815211569362,0.6355073751555003,4825.0,0.7776165803108809,0.7609275053304904,3752.0,2643.0,0.7094211123723042,0.38453333333333334,1875.0
0.5,0.2,0.0,0.0,0.6,0.45,0.6,0.55,True,7468.0,0.7743706480985538,0.644177748945832,0.617037037037037,0.6306073929914345,0.6491697911087306,0.6315061386823448,0.5331143005360539,0.46688569946394604,0.5,0.6,5783.0,3083.0,2700.0,0.7063832148945653,0.21882884066514852,0.6269735220696954,0.20366898768077135,0.534182394139765,0.381272370477045,3083.0,2700.0,5783.0,0.7743706480985538,0.6315061386823448,4825.0,0.7941968911917099,0.7450417536534447,3832.0,2643.0,0.738176314793795,0.40850845720143514,1951.0
0.5,0.2,0.0,0.0,0.6,0.45,0.6,0.65,False,7468.0,0.803963577932512,0.6469489414694894,0.6214183381088825,0.634183639789186,0.6491697911087306,0.6350766155896069,0.5349766822118588,0.46502331778814127,0.5,0.6,6004.0,3212.0,2792.0,0.7063832148945653,0.21882884066514852,0.6269735220696954,0.21719335832886985,0.5416503575202559,0.40098442715557064,3212.0,2792.0,6004.0,0.803963577932512,0.6350766155896069,4825.0,0.8267357512953368,0.7751316119328152,3989.0,2643.0,0.7623912220961029,0.3578163771712159,2015.0
0.5,0.2,0.0,0.0,0.6,0.45,0.6,0.65,True,7468.0,0.8248527048741296,0.6429003021148036,0.6178947368421053,0.6303975194784545,0.6491697911087306,0.6313311688311688,0.5373376623376623,0.46266233766233766,0.5,0.6,6160.0,3310.0,2850.0,0.7063832148945653,0.21882884066514852,0.6269735220696954,0.21665773968934116,0.5514503446298626,0.3928871235627994,3310.0,2850.0,6160.0,0.8248527048741296,0.6313311688311688,4825.0,0.8433160621761658,0.7598918653231752,4069.0,2643.0,0.7911464245175936,0.38115734098517456,2091.0
0.5,0.2,0.0,0.0,0.6,0.45,0.6,1.0,False,7468.0,0.8115961435457953,0.6454293628808865,0.621977240398293,0.6337033016395898,0.6491697911087306,0.6345487543309685,0.5360501567398119,0.46394984326018807,0.5,0.6,6061.0,3249.0,2812.0,0.7063832148945653,0.21882884066514852,0.6269735220696954,0.21839850026780927,0.5446088703271303,0.4010189921009252,3249.0,2812.0,6061.0,0.8115961435457953,0.6345487543309685,4825.0,0.8335751295336787,0.7769766285430134,4022.0,2643.0,0.7714718123344684,0.3536047081902894,2039.0
0.5,0.2,0.0,0.0,0.6,0.45,0.6,1.0,True,7468.0,0.8324852704874129,0.641469973110248,0.6184668989547039,0.629968436032476,0.6491697911087306,0.6308508927135275,0.5383625542866334,0.46163744571336657,0.5,0.6,6217.0,3347.0,2870.0,0.7063832148945653,0.21882884066514852,0.6269735220696954,0.2178628816282807,0.5543565589307716,0.39300136007859077,3347.0,2870.0,6217.0,0.8324852704874129,0.6308508927135275,4825.0,0.8501554404145077,0.7618235007313505,4102.0,2643.0,0.8002270147559591,0.3768321513002364,2115.0
0.5,0.2,0.0,0.0,0.6,0.45,1.0,0.55,False,7468.0,0.765532940546331,0.6494574153239067,0.6218236173393124,0.6356405163316095,0.6491697911087306,0.6365226517404233,0.5319223368899773,0.46807766311002275,0.5,0.6,5717.0,3041.0,2676.0,0.7063832148945653,0.21882884066514852,0.6269735220696954,0.2090251740760579,0.5274977566162121,0.39625793940226534,3041.0,2676.0,5717.0,0.765532940546331,0.6365226517404233,4825.0,0.7906735751295336,0.7648754914809961,3815.0,2643.0,0.7196367763904654,0.37907465825446895,1902.0
0.5,0.2,0.0,0.0,0.6,0.45,1.0,0.55,True,7468.0,0.7864220674879486,0.6451099076138898,0.6181419166057059,0.6316259121097978,0.6491697911087306,0.6325557636642262,0.5344798229184403,0.4655201770815597,0.5,0.6,5873.0,3139.0,2734.0,0.7063832148945653,0.21882884066514852,0.6269735220696954,0.20848955543652928,0.5375558166606605,0.38784726901790956,3139.0,2734.0,5873.0,0.7864220674879486,0.6325557636642262,4825.0,0.8072538860103627,0.7491655969191271,3895.0,2643.0,0.7483919788119561,0.4029322548028311,1978.0
0.5,0.2,0.0,0.0,0.6,0.45,1.0,0.65,False,7468.0,0.8160149973219069,0.647796817625459,0.6224345364472753,0.6351156770363672,0.6491697911087306,0.6360354446997046,0.5362651788644568,0.46373482113554315,0.5,0.6,6094.0,3268.0,2826.0,0.7063832148945653,0.21882884066514852,0.6269735220696954,0.22201392608462778,0.5449775551512553,0.40738177927898167,3268.0,2826.0,6094.0,0.8160149973219069,0.6360354446997046,4825.0,0.8397927461139897,0.7786278381046396,4052.0,2643.0,0.7726068861142641,0.35308521057786485,2042.0
0.5,0.2,0.0,0.0,0.6,0.45,1.0,0.65,True,7468.0,0.8369041242635243,0.6437908496732027,0.6189320388349514,0.631361444254077,0.6491697911087306,0.63232,0.53856,0.46144,0.5,0.6,6250.0,3366.0,2884.0,0.7063832148945653,0.21882884066514852,0.6269735220696954,0.22147830744509908,0.5547187651497041,0.39926233140017875,3366.0,2884.0,6250.0,0.8369041242635243,0.63232,4825.0,0.8563730569948187,0.7635527589545015,4132.0,2643.0,0.8013620885357549,0.37629839471199245,2118.0
0.5,0.2,0.0,0.0,0.6,0.45,1.0,1.0,False,7468.0,0.8236475629351901,0.6462934947049924,0.6229796205200281,0.6346365576125103,0.6491697911087306,0.6355064217200456,0.5373110063404325,0.46268899365956756,0.5,0.6,6151.0,3305.0,2846.0,0.7063832148945653,0.21882884066514852,0.6269735220696954,0.2232190680235673,0.5479181028728759,0.40739494981671925,3305.0,2846.0,6151.0,0.8236475629351901,0.6355064217200456,4825.0,0.8466321243523316,0.7804161566707466,4085.0,2643.0,0.7816874763526296,0.3489835430784124,2066.0
0.5,0.2,0.0,0.0,0.6,0.45,1.0,1.0,True,7468.0,0.8445366898768077,0.6423743755509844,0.6194903581267218,0.6309323668388531,0.6491697911087306,0.631837640716664,0.5395592199143808,0.4604407800856192,0.5,0.6,6307.0,3403.0,2904.0,0.7063832148945653,0.21882884066514852,0.6269735220696954,0.2226834493840386,0.5576079449276028,0.39935487184091467,3403.0,2904.0,6307.0,0.8445366898768077,0.631837640716664,4825.0,0.8632124352331606,0.7654261704681873,4165.0,2643.0,0.8104426787741204,0.37208216619981327,2142.0
0.5,0.2,0.0,0.0,0.6,0.55,0.5,0.55,False,7468.0,0.589850026780932,0.670362473347548,0.6330097087378641,0.651686091042706,0.6491697911087306,0.652894438138479,0.5323496027241771,0.4676503972758229,0.5,0.6,4405.0,2345.0,2060.0,0.7063832148945653,0.21882884066514852,0.6269735220696954,0.1803695768612748,0.4524822924268182,0.3986223988874586,2345.0,2060.0,4405.0,0.589850026780932,0.652894438138479,4825.0,0.6201036269430051,0.8128342245989305,2992.0,2643.0,0.5346197502837684,0.31422505307855625,1413.0
0.5,0.2,0.0,0.0,0.6,0.55,0.5,0.55,True,7468.0,0.6061863952865559,0.6647350993377483,0.6276646139270488,0.6461998566323985,0.6491697911087306,0.6474486414844268,0.5336867682792136,0.46631323172078637,0.5,0.6,4527.0,2416.0,2111.0,0.7063832148945653,0.21882884066514852,0.6269735220696954,0.17876272094268886,0.46228977619230727,0.3866897564014602,2416.0,2111.0,4527.0,0.6061863952865559,0.6474486414844268,4825.0,0.6339896373056995,0.7950310559006211,3059.0,2643.0,0.5554294362466894,0.3399182561307902,1468.0
0.5,0.2,0.0,0.0,0.6,0.55,0.5,0.65,False,7468.0,0.6401981788966256,0.666407465007776,0.6328655500226347,0.6496365075152053,0.6491697911087306,0.6509098514955031,0.5379627692951265,0.46203723070487346,0.5,0.6,4781.0,2572.0,2209.0,0.7063832148945653,0.21882884066514852,0.6269735220696954,0.19322442420996253,0.47274398710436444,0.4087295227031744,2572.0,2209.0,4781.0,0.6401981788966256,0.6509098514955031,4825.0,0.6690155440414508,0.8265179677819083,3228.0,2643.0,0.5875898600075672,0.2858982614294913,1553.0
0.5,0.2,0.0,0.0,0.6,0.55,0.5,0.65,True,7468.0,0.6565345474022496,0.6613696556942867,0.6278761061946903,0.6446228809444885,0.6491697911087306,0.6459310626147257,0.5390577197634101,0.46094228023658984,0.5,0.6,4903.0,2643.0,2260.0,0.7063832148945653,0.21882884066514852,0.6269735220696954,0.19161756829137652,0.48213949180235854,0.39743180459053856,2643.0,2260.0,4903.0,0.6565345474022496,0.6459310626147257,4825.0,0.6829015544041451,0.809711684370258,3295.0,2643.0,0.6083995459704881,0.31032338308457713,1608.0
0.5,0.2,0.0,0.0,0.6,0.55,0.5,1.0,False,7468.0,0.647830744509909,0.6642391720965888,0.6334679228353521,0.6488535474659705,0.6491697911087306,0.6500620090946673,0.5392724266225714,0.4607275733774287,0.5,0.6,4838.0,2609.0,2229.0,0.7063832148945653,0.21882884066514852,0.6269735220696954,0.19442956614890206,0.4761308530020959,0.40835321828649945,2609.0,2229.0,4838.0,0.647830744509909,0.6500620090946673,4825.0,0.6758549222797927,0.8282735357252377,3261.0,2643.0,0.5966704502459327,0.28154724159797084,1577.0
0.5,0.2,0.0,0.0,0.6,0.55,0.5,1.0,True,7468.0,0.664167113015533,0.6593283582089552,0.6285087719298246,0.6439185650693899,0.6491697911087306,0.6451612903225806,0.5403225806451613,0.4596774193548387,0.5,0.6,4960.0,2680.0,2280.0,0.7063832148945653,0.21882884066514852,0.6269735220696954,0.192822710230316,0.4854608134469851,0.39719521100207866,2680.0,2280.0,4960.0,0.664167113015533,0.6451612903225806,4825.0,0.689740932642487,0.8115985576923077,3328.0,2643.0,0.6174801362088536,0.30575980392156865,1632.0
0.5,0.2,0.0,0.0,0.6,0.55,0.55,0.55,False,7468.0,0.6432779860739154,0.6734216679657054,0.6398570151921358,0.6566393415789206,0.6491697911087306,0.6577851790174855,0.5341382181515404,0.4658617818484596,0.5,0.6,4804.0,2566.0,2238.0,0.7063832148945653,0.21882884066514852,0.6269735220696954,0.20299946438136052,0.46919000505794817,0.43265939639163603,2566.0,2238.0,4804.0,0.6432779860739154,0.6577851790174855,4825.0,0.6789637305699482,0.8290598290598291,3276.0,2643.0,0.5781309118426031,0.2905759162303665,1528.0
0.5,0.2,0.0,0.0,0.6,0.55,0.55,0.55,True,7468.0,0.6596143545795393,0.6681835419036785,0.6347750109217999,0.6514792764127392,0.6491697911087306,0.6526593585058871,0.5353227771010962,0.4646772228989038,0.5,0.6,4926.0,2637.0,2289.0,0.7063832148945653,0.21882884066514852,0.6269735220696954,0.20139260846277443,0.4786552758075298,0.4207466597396403,2637.0,2289.0,4926.0,0.6596143545795393,0.6526593585058871,4825.0,0.6928497409326425,0.8124439126533054,3343.0,2643.0,0.598940597805524,0.31522425773847124,1583.0
0.5,0.2,0.0,0.0,0.6,0.55,0.55,0.65,False,7468.0,0.6937600428494911,0.66953097028285,0.6394472361809045,0.6544891032318773,0.6491697911087306,0.6556649295502799,0.5390851187029531,0.4609148812970469,0.5,0.6,5181.0,2793.0,2388.0,0.7063832148945653,0.21882884066514852,0.6269735220696954,0.21598821638993038,0.4887595658703575,0.4419109751955644,2793.0,2388.0,5181.0,0.6937600428494911,0.6556649295502799,4825.0,0.7280829015544041,0.8405920865357245,3513.0,2643.0,0.6311010215664018,0.26618705035971224,1668.0
0.5,0.2,0.0,0.0,0.6,0.55,0.55,0.65,True,7468.0,0.7100964113551151,0.664804469273743,0.6346863468634686,0.6497454080686058,0.6491697911087306,0.6509522911559494,0.5400716575523289,0.4599283424476711,0.5,0.6,5303.0,2864.0,2439.0,0.7063832148945653,0.21882884066514852,0.6269735220696954,0.21438136047134437,0.497852915469906,0.4306118409872066,2864.0,2439.0,5303.0,0.7100964113551151,0.6509522911559494,4825.0,0.7419689119170985,0.8248603351955307,3580.0,2643.0,0.6519107075293228,0.289611143354614,1723.0
0.5,0.2,0.0,0.0,0.6,0.55,0.55,1.0,False,7468.0,0.7013926084627745,0.6674911660777385,0.6399501661129569,0.6537206660953476,0.6491697911087306,0.6548300878197786,0.540282550591829,0.45971744940817105,0.5,0.6,5238.0,2830.0,2408.0,0.7063832148945653,0.21882884066514852,0.6269735220696954,0.2171933583288699,0.4920362030043646,0.44141743433245556,2830.0,2408.0,5238.0,0.7013926084627745,0.6548300878197786,4825.0,0.7349222797927462,0.8420755781161873,3546.0,2643.0,0.6401816118047673,0.2624113475177305,1692.0
0.5,0.2,0.0,0.0,0.6,0.55,0.55,1.0,True,7468.0,0.7177289769683985,0.6628748707342296,0.6352175681171208,0.6490462194256752,0.6491697911087306,0.6501865671641791,0.5412313432835821,0.4587686567164179,0.5,0.6,5360.0,2901.0,2459.0,0.7063832148945653,0.21882884066514852,0.6269735220696954,0.2155865024102839,0.5010700921817798,0.43025218582008834,2901.0,2459.0,5360.0,0.7177289769683985,0.6501865671641791,4825.0,0.7488082901554404,0.826460005535566,3613.0,2643.0,0.6609912977676883,0.28563251287922153,1747.0
0.5,0.2,0.0,0.0,0.6,0.55,0.6,0.55,False,7468.0,0.6712640599892876,0.6759985069055617,0.6375321336760925,0.6567653202908271,0.6491697911087306,0.6580889686814283,0.5344105326152004,0.4655894673847995,0.5,0.6,5013.0,2679.0,2334.0,0.7063832148945653,0.21882884066514852,0.6269735220696954,0.21223888591322979,0.4790747196816264,0.4430183376285752,2679.0,2334.0,5013.0,0.6712640599892876,0.6580889686814283,4825.0,0.7077720207253886,0.83601756954612,3415.0,2643.0,0.6046159667045025,0.27784730913642053,1598.0
0.5,0.2,0.0,0.0,0.6,0.55,0.6,0.55,True,7468.0,0.6876004284949117,0.6709090909090909,0.6327044025157232,0.6518067467124071,0.6491697911087306,0.6531645569620254,0.5355404089581305,0.4644595910418695,0.5,0.6,5135.0,2750.0,2385.0,0.7063832148945653,0.21882884066514852,0.6269735220696954,0.21063202999464387,0.4883484404092368,0.4313150459088881,2750.0,2385.0,5135.0,0.6876004284949117,0.6531645569620254,4825.0,0.7216580310880829,0.8199310740953475,3482.0,2643.0,0.6254256526674233,0.3018753781004235,1653.0
0.5,0.2,0.0,0.0,0.6,0.55,0.6,0.65,False,7468.0,0.7217461167648634,0.6720578114246387,0.6372785829307569,0.6546681971776978,0.6491697911087306,0.6560296846011132,0.5391465677179963,0.4608534322820037,0.5,0.6,5390.0,2906.0,2484.0,0.7063832148945653,0.21882884066514852,0.6269735220696954,0.22522763792179976,0.49825619857813297,0.4520317831760625,2906.0,2484.0,5390.0,0.7217461167648634,0.6560296846011132,4825.0,0.7568911917098445,0.8466593647316539,3652.0,2643.0,0.6575860764283011,0.2554660529344074,1738.0
0.5,0.2,0.0,0.0,0.6,0.55,0.6,0.65,True,7468.0,0.7380824852704874,0.6674504534766543,0.632741617357002,0.6500960354168281,0.6491697911087306,0.6514876632801161,0.5400943396226415,0.45990566037735847,0.5,0.6,5512.0,2977.0,2535.0,0.7063832148945653,0.21882884066514852,0.6269735220696954,0.22362078200321367,0.5071793091537122,0.4409106956203537,2977.0,2535.0,5512.0,0.7380824852704874,0.6514876632801161,4825.0,0.7707772020725389,0.8314062920139823,3719.0,2643.0,0.6783957623912221,0.27830451756832125,1793.0
0.5,0.2,0.0,0.0,0.6,0.55,0.6,1.0,False,7468.0,0.7293786823781467,0.6700645599728169,0.637779552715655,0.653922056344236,0.6491697911087306,0.6552230585643474,0.5402974114191298,0.4597025885808702,0.5,0.6,5447.0,2943.0,2504.0,0.7063832148945653,0.21882884066514852,0.6269735220696954,0.22643277986073918,0.5014707880412416,0.45153732831615523,2943.0,2504.0,5447.0,0.7293786823781467,0.6552230585643474,4825.0,0.7637305699481866,0.8480325644504749,3685.0,2643.0,0.6666666666666666,0.25198637911464244,1762.0
0.5,0.2,0.0,0.0,0.6,0.55,0.6,1.0,True,7468.0,0.7457150508837708,0.6655607166556071,0.6332681017612525,0.6494144092084297,0.6491697911087306,0.6507451966241695,0.5412102711438319,0.4587897288561681,0.5,0.6,5569.0,3014.0,2555.0,0.7063832148945653,0.21882884066514852,0.6269735220696954,0.2248259239421532,0.5103376955221012,0.4405434399905438,3014.0,2555.0,5569.0,0.7457150508837708,0.6507451966241695,4825.0,0.7776165803108809,0.8328891257995735,3752.0,2643.0,0.6874763526295876,0.2746285085305449,1817.0
0.5,0.2,0.0,0.0,0.6,0.55,1.0,0.55,False,7468.0,0.6833154793786824,0.676416819012797,0.6385135135135135,0.6574651662631552,0.6491697911087306,0.6588281403096218,0.5359592396629433,0.46404076033705666,0.5,0.6,5103.0,2735.0,2368.0,0.7063832148945653,0.21882884066514852,0.6269735220696954,0.21705945366898768,0.4828333178798325,0.44955359464859757,2735.0,2368.0,5103.0,0.6833154793786824,0.6588281403096218,4825.0,0.7208290155440414,0.8389879240943071,3478.0,2643.0,0.6148316307226637,0.2732307692307692,1625.0
0.5,0.2,0.0,0.0,0.6,0.55,1.0,0.55,True,7468.0,0.6996518478843063,0.6714183891660727,0.6337329474989665,0.6525756683325196,0.6491697911087306,0.6539712918660288,0.5370334928229665,0.46296650717703347,0.5,0.6,5225.0,2806.0,2419.0,0.7063832148945653,0.21882884066514852,0.6269735220696954,0.21545259775040176,0.4920362030043646,0.4378795634037737,2806.0,2419.0,5225.0,0.6996518478843063,0.6539712918660288,4825.0,0.7347150259067358,0.8231311706629055,3545.0,2643.0,0.6356413166855845,0.2970238095238095,1680.0
0.5,0.2,0.0,0.0,0.6,0.55,1.0,0.65,False,7468.0,0.7337975361542581,0.6725185685347738,0.6382049245432884,0.6553617465390311,0.6491697911087306,0.6567518248175183,0.5405109489051095,0.4594890510948905,0.5,0.6,5480.0,2962.0,2518.0,0.7063832148945653,0.21882884066514852,0.6269735220696954,0.23004820567755757,0.5018711639836964,0.4583809993216324,2962.0,2518.0,5480.0,0.7337975361542581,0.6567518248175183,4825.0,0.7699481865284974,0.8492597577388964,3715.0,2643.0,0.6678017404464623,0.2515580736543909,1765.0
0.5,0.2,0.0,0.0,0.6,0.55,1.0,0.65,True,7468.0,0.7501339046598822,0.6679854929113089,0.6337096146360451,0.6508475537736771,0.6491697911087306,0.6522670474830418,0.5414137807925741,0.4585862192074259,0.5,0.6,5602.0,3033.0,2569.0,0.7063832148945653,0.21882884066514852,0.6269735220696954,0.2284413497589716,0.5107311205032011,0.4472830038903803,3033.0,2569.0,5602.0,0.7501339046598822,0.6522670474830418,4825.0,0.7838341968911917,0.8342147012162877,3782.0,2643.0,0.6886114264093833,0.2741758241758242,1820.0
0.5,0.2,0.0,0.0,0.6,0.55,1.0,1.0,False,7468.0,0.7414301017675415,0.6705568522840947,0.6386918833727344,0.6546243678284145,0.6491697911087306,0.6559508759255914,0.5416290409969298,0.45837095900307023,0.5,0.6,5537.0,2999.0,2538.0,0.7063832148945653,0.21882884066514852,0.6269735220696954,0.231253347616497,0.5050627456816849,0.45787053112455084,2999.0,2538.0,5537.0,0.7414301017675415,0.6559508759255914,4825.0,0.7767875647668394,0.8505869797225186,3748.0,2643.0,0.6768823306848278,0.24818334264952488,1789.0
0.5,0.2,0.0,0.0,0.6,0.55,1.0,1.0,True,7468.0,0.7577664702731655,0.6661237785016286,0.634221707222866,0.6501727428622472,0.6491697911087306,0.6515285386110621,0.5424986746775049,0.45750132532249516,0.5,0.6,5659.0,3070.0,2589.0,0.7063832148945653,0.21882884066514852,0.6269735220696954,0.22964649169791115,0.5138676768270477,0.44689810636835053,3070.0,2589.0,5659.0,0.7577664702731655,0.6515285386110621,4825.0,0.7906735751295336,0.8356487549148099,3815.0,2643.0,0.6976920166477488,0.2706073752711497,1844.0
0.5,0.2,0.0,0.45,0.5,0.45,0.5,0.55,False,7468.0,0.6474290305302625,0.6492248062015504,0.6239467849223946,0.6365857955619725,0.6491697911087306,0.637435367114788,0.5336091003102379,0.46639089968976216,0.5,0.5,4835.0,2580.0,2255.0,0.7063832148945653,0.21882884066514852,0.6269735220696954,0.1779592929833958,0.4844944465867832,0.36730925243230733,2580.0,2255.0,4835.0,0.6474290305302625,0.637435367114788,4825.0,0.6665284974093264,0.7562189054726368,3216.0,2643.0,0.6125614831630722,0.40148239654107476,1619.0
0.5,0.2,0.0,0.45,0.5,0.45,0.5,0.55,True,7468.0,0.6680503481521157,0.6442451420029895,0.6195417207090359,0.6318934313560127,0.6491697911087306,0.6327921427139708,0.5363800360793747,0.4636199639206254,0.5,0.5,4989.0,2676.0,2313.0,0.7063832148945653,0.21882884066514852,0.6269735220696954,0.17742367434386722,0.49529116376544036,0.35822095632598727,2676.0,2313.0,4989.0,0.6680503481521157,0.6327921427139708,4825.0,0.6829015544041451,0.7380880121396055,3295.0,2643.0,0.6409383276579644,0.4279811097992916,1694.0
0.5,0.2,0.0,0.45,0.5,0.45,0.5,0.65,False,7468.0,0.6977771826459561,0.6473102956893481,0.6243760399334443,0.6358431678113962,0.6491697911087306,0.6367299942429476,0.5386682018806371,0.46133179811936287,0.5,0.5,5211.0,2807.0,2404.0,0.7063832148945653,0.21882884066514852,0.6269735220696954,0.1908141403320836,0.5034694838388284,0.37899842285807217,2807.0,2404.0,5211.0,0.6977771826459561,0.6367299942429476,4825.0,0.7154404145077721,0.7728852838933952,3452.0,2643.0,0.665531592886871,0.3695281409891984,1759.0
0.5,0.2,0.0,0.45,0.5,0.45,0.5,0.65,True,7468.0,0.7183985002678093,0.6427833275921461,0.6202274573517466,0.6315053924719463,0.6491697911087306,0.6324324324324324,0.5410997204100653,0.4589002795899348,0.5,0.5,5365.0,2903.0,2462.0,0.7063832148945653,0.21882884066514852,0.6269735220696954,0.19027852169255485,0.5138676768270477,0.37028700241949025,2903.0,2462.0,5365.0,0.7183985002678093,0.6324324324324324,4825.0,0.7318134715025907,0.7555933163409799,3531.0,2643.0,0.6939084373817631,0.39531079607415487,1834.0
0.5,0.2,0.0,0.45,0.5,0.45,0.5,1.0,False,7468.0,0.7054097482592394,0.6455696202531646,0.625,0.6352848101265822,0.6491697911087306,0.6361047835990888,0.5398633257403189,0.4601366742596811,0.5,0.5,5268.0,2844.0,2424.0,0.7063832148945653,0.21882884066514852,0.6269735220696954,0.19201928227102302,0.5066509972299553,0.37899714659768174,2844.0,2424.0,5268.0,0.7054097482592394,0.6361047835990888,4825.0,0.722279792746114,0.7750358680057389,3485.0,2643.0,0.6746121831252365,0.3645541222658441,1783.0
0.5,0.2,0.0,0.45,0.5,0.45,0.5,1.0,True,7468.0,0.7260310658810927,0.641156462585034,0.620870265914585,0.6310133642498095,0.6491697911087306,0.631870158613058,0.5422353375138326,0.4577646624861675,0.5,0.5,5422.0,2940.0,2482.0,0.7063832148945653,0.21882884066514852,0.6269735220696954,0.19148366363149444,0.5169852039708672,0.37038519122161334,2940.0,2482.0,5422.0,0.7260310658810927,0.631870158613058,4825.0,0.7386528497409326,0.7578563411896745,3564.0,2643.0,0.7029890276201286,0.39020452099031216,1858.0
0.5,0.2,0.0,0.45,0.5,0.45,0.55,0.55,False,7468.0,0.7526780931976432,0.6482712765957447,0.6310753922694221,0.6396733344325833,0.6491697911087306,0.6402775306884896,0.5351360967799323,0.4648639032200676,0.5,0.5,5621.0,3008.0,2613.0,0.7063832148945653,0.21882884066514852,0.6269735220696954,0.21116764863417245,0.5203414477837945,0.405825154873909,3008.0,2613.0,5621.0,0.7526780931976432,0.6402775306884896,4825.0,0.7736787564766839,0.7899812483257433,3733.0,2643.0,0.7143397654180855,0.3442796610169492,1888.0
0.5,0.2,0.0,0.45,0.5,0.45,0.55,0.55,True,7468.0,0.7732994108194965,0.6440077319587629,0.6271059528266567,0.6355568423927098,0.6491697911087306,0.6361904761904762,0.5374891774891775,0.4625108225108225,0.5,0.5,5775.0,3104.0,2671.0,0.7063832148945653,0.21882884066514852,0.6269735220696954,0.2106320299946438,0.5304089840985222,0.397112485476904,3104.0,2671.0,5775.0,0.7732994108194965,0.6361904761904762,4825.0,0.7900518134715026,0.7736096537250787,3812.0,2643.0,0.7427166099129777,0.369332654100866,1963.0
0.5,0.2,0.0,0.45,0.5,0.45,0.55,0.65,False,7468.0,0.803160149973219,0.646676970633694,0.6311979732175171,0.6389374719256056,0.6491697911087306,0.6395465155051684,0.5393464488162721,0.4606535511837279,0.5,0.5,5998.0,3235.0,2763.0,0.7063832148945653,0.21882884066514852,0.6269735220696954,0.22415640064274236,0.5380537841751867,0.41660593649827127,3235.0,2763.0,5998.0,0.803160149973219,0.6395465155051684,4825.0,0.8227979274611399,0.8025188916876574,3970.0,2643.0,0.7673098751418842,0.32051282051282054,2028.0
0.5,0.2,0.0,0.45,0.5,0.45,0.55,0.65,True,7468.0,0.8237814675950723,0.6427499249474632,0.6274370790499822,0.6350935019987227,0.6491697911087306,0.6357282184655396,0.5414499349804941,0.45855006501950585,0.5,0.5,6152.0,3331.0,2821.0,0.7063832148945653,0.21882884066514852,0.6269735220696954,0.22362078200321364,0.547795895198138,0.408219163311419,3331.0,2821.0,6152.0,0.8237814675950723,0.6357282184655396,4825.0,0.8391709844559585,0.7868609533218078,4049.0,2643.0,0.7956867196367764,0.34474560152163575,2103.0
0.5,0.2,0.0,0.45,0.5,0.45,0.55,1.0,False,7468.0,0.8107927155865025,0.6451711491442543,0.631692418253683,0.6384317836989687,0.6491697911087306,0.6389760528488853,0.5403798513625103,0.4596201486374897,0.5,0.5,6055.0,3272.0,2783.0,0.7063832148945653,0.21882884066514852,0.6269735220696954,0.22536154258168192,0.5410319643998959,0.4165401628934242,3272.0,2783.0,6055.0,0.8107927155865025,0.6389760528488853,4825.0,0.8296373056994819,0.8041468898326255,4003.0,2643.0,0.7763904653802497,0.31676413255360625,2052.0
0.5,0.2,0.0,0.45,0.5,0.45,0.55,1.0,True,7468.0,0.8314140332083556,0.6413301662707839,0.6279479056670186,0.6346390359689013,0.6491697911087306,0.6352069576421324,0.5424383958769529,0.4575616041230472,0.5,0.5,6209.0,3368.0,2841.0,0.7063832148945653,0.21882884066514852,0.6269735220696954,0.22482592394215323,0.5507213947479263,0.40823895001402577,3368.0,2841.0,6209.0,0.8314140332083556,0.6352069576421324,4825.0,0.8460103626943005,0.7885840274375306,4082.0,2643.0,0.8047673098751419,0.34085566525622946,2127.0
0.5,0.2,0.0,0.45,0.5,0.45,0.6,0.55,False,7468.0,0.8229780396357793,0.6465802952696595,0.6307039264237708,0.6386421108467152,0.6491697911087306,0.6392775789131142,0.5400260331923202,0.45997396680767977,0.5,0.5,6146.0,3319.0,2827.0,0.7063832148945653,0.21882884066514852,0.6269735220696954,0.22924477771826457,0.5448546879295042,0.4207448018652733,3319.0,2827.0,6146.0,0.8229780396357793,0.6392775789131142,4825.0,0.8420725388601036,0.8070391336450898,4063.0,2643.0,0.7881195611048052,0.31204992798847814,2083.0
0.5,0.2,0.0,0.45,0.5,0.45,0.6,0.55,True,7468.0,0.8435993572576326,0.6427525622254758,0.6270363951473137,0.6348944786863948,0.6491697911087306,0.6355555555555555,0.542063492063492,0.4579365079365079,0.5,0.5,6300.0,3415.0,2885.0,0.7063832148945653,0.21882884066514852,0.6269735220696954,0.22870915907873593,0.5544773206267758,0.4124770311979673,3415.0,2885.0,6300.0,0.8435993572576326,0.6355555555555555,4825.0,0.8584455958549223,0.7916465475615645,4142.0,2643.0,0.8164964055996973,0.3359592215013902,2158.0
0.5,0.2,0.0,0.45,0.5,0.45,0.6,0.65,False,7468.0,0.8734600964113551,0.6452340665538635,0.6308364124958011,0.6380352395248323,0.6491697911087306,0.638663191782922,0.5436149011191169,0.456385098880883,0.5,0.5,6523.0,3546.0,2977.0,0.7063832148945653,0.21882884066514852,0.6269735220696954,0.2422335297268345,0.5617946985708038,0.431178027032068,3546.0,2977.0,6523.0,0.8734600964113551,0.638663191782922,4825.0,0.8911917098445595,0.8176744186046512,4300.0,2643.0,0.8410896708286039,0.29239766081871343,2223.0
0.5,0.2,0.0,0.45,0.5,0.45,0.6,0.65,True,7468.0,0.8940814140332084,0.6416803953871499,0.6273476112026359,0.6345140032948929,0.6491697911087306,0.6351654934850981,0.5454545454545454,0.45454545454545453,0.5,0.5,6677.0,3642.0,3035.0,0.7063832148945653,0.21882884066514852,0.6269735220696954,0.24169791108730584,0.5711319912883109,0.42319098697676566,3642.0,3035.0,6677.0,0.8940814140332084,0.6351654934850981,4825.0,0.9075647668393783,0.8029230417903631,4379.0,2643.0,0.8694665153234961,0.3154917319408181,2298.0
0.5,0.2,0.0,0.45,0.5,0.45,0.6,1.0,False,7468.0,0.8810926620246384,0.6438738487301144,0.631297964631298,0.6375859066807061,0.6491697911087306,0.638145896656535,0.5445288753799392,0.4554711246200608,0.5,0.5,6580.0,3583.0,2997.0,0.7063832148945653,0.21882884066514852,0.6269735220696954,0.24343867166577401,0.5646476734915608,0.4311337548961183,3583.0,2997.0,6580.0,0.8810926620246384,0.638145896656535,4825.0,0.8980310880829016,0.8190630048465266,4333.0,2643.0,0.8501702610669694,0.2892745883400089,2247.0
0.5,0.2,0.0,0.45,0.5,0.45,0.6,1.0,True,7468.0,0.9017139796464917,0.640391410709432,0.627823240589198,0.634107325649315,0.6491697911087306,0.6346896346896347,0.5463320463320464,0.45366795366795365,0.5,0.5,6734.0,3679.0,3055.0,0.7063832148945653,0.21882884066514852,0.6269735220696954,0.2429030530262453,0.5739385536014489,0.4232213561922879,3679.0,3055.0,6734.0,0.9017139796464917,0.6346896346896347,4825.0,0.9144041450777202,0.8043970988213962,4412.0,2643.0,0.8785471055618616,0.3122308354866494,2322.0
0.5,0.2,0.0,0.45,0.5,0.45,1.0,0.55,False,7468.0,0.8606052490626673,0.644597305818286,0.6327433628318584,0.6386703343250721,0.6491697911087306,0.6391784658472071,0.5428660339194025,0.4571339660805975,0.5,0.5,6427.0,3489.0,2938.0,0.7063832148945653,0.21882884066514852,0.6269735220696954,0.23955543652919115,0.5572476166541568,0.42989046407688064,3489.0,2938.0,6427.0,0.8606052490626673,0.6391784658472071,4825.0,0.8791709844559585,0.8151815181518152,4242.0,2643.0,0.8267120696178585,0.2974828375286041,2185.0
0.5,0.2,0.0,0.45,0.5,0.45,1.0,0.55,True,7468.0,0.8812265666845206,0.6410041841004184,0.6291722296395194,0.6350882068699688,0.6491697911087306,0.6356176872815682,0.5447500379881477,0.4552499620118523,0.5,0.5,6581.0,3585.0,2996.0,0.7063832148945653,0.21882884066514852,0.6269735220696954,0.23901981788966264,0.5666598401134749,0.42180476005110645,3585.0,2996.0,6581.0,0.8812265666845206,0.6356176872815682,4825.0,0.8955440414507772,0.8002777134922472,4321.0,2643.0,0.8550889141127507,0.32079646017699115,2260.0
0.5,0.2,0.0,0.45,0.5,0.45,1.0,0.65,False,7468.0,0.9110873058382432,0.6434337997847147,0.6327720207253886,0.6381029102550517,0.6491697911087306,0.6385949441504997,0.5461493239271017,0.4538506760728983,0.5,0.5,6804.0,3716.0,3088.0,0.7063832148945653,0.21882884066514852,0.6269735220696954,0.25254418853776106,0.5738218875663781,0.44010901990654283,3716.0,3088.0,6804.0,0.9110873058382432,0.6385949441504997,4825.0,0.9282901554404145,0.8249609287787453,4479.0,2643.0,0.8796821793416572,0.27956989247311825,2325.0
0.5,0.2,0.0,0.45,0.5,0.45,1.0,0.65,True,7468.0,0.9317086234600964,0.640083945435467,0.6293706293706294,0.6347272874030482,0.6491697911087306,0.6352400114975568,0.547858580051739,0.452141419948261,0.5,0.5,6958.0,3812.0,3146.0,0.7063832148945653,0.21882884066514852,0.6269735220696954,0.25200856989823256,0.5829665743256056,0.4322864826165448,3812.0,3146.0,6958.0,0.9317086234600964,0.6352400114975568,4825.0,0.9446632124352332,0.8106625713032032,4558.0,2643.0,0.9080590238365494,0.3020833333333333,2400.0
0.5,0.2,0.0,0.45,0.5,0.45,1.0,1.0,False,7468.0,0.9187198714515266,0.6421529443112177,0.6332046332046332,0.6376787887579254,0.6491697911087306,0.6380994024194724,0.5470048097944906,0.4529951902055094,0.5,0.5,6861.0,3753.0,3108.0,0.7063832148945653,0.21882884066514852,0.6269735220696954,0.2537493304767006,0.5766153574848775,0.4400668958654219,3753.0,3108.0,6861.0,0.9187198714515266,0.6380994024194724,4825.0,0.9351295336787565,0.8262411347517731,4512.0,2643.0,0.8887627695800226,0.2767134951042997,2349.0
0.5,0.2,0.0,0.45,0.5,0.45,1.0,1.0,True,7468.0,0.9393411890733797,0.6388672382436996,0.6298168035375868,0.6343420208906432,0.6491697911087306,0.6347826086956522,0.5486813970064148,0.45131860299358517,0.5,0.5,7015.0,3849.0,3166.0,0.7063832148945653,0.21882884066514852,0.6269735220696954,0.2532137118371719,0.5857164319174458,0.4323145092724004,3849.0,3166.0,7015.0,0.9393411890733797,0.6347826086956522,4825.0,0.9515025906735751,0.8120235242866478,4591.0,2643.0,0.9171396140749148,0.2990924092409241,2424.0
0.5,0.2,0.0,0.45,0.5,0.55,0.5,0.55,False,7468.0,0.6410016068559186,0.6502154328241285,0.6226499552372426,0.6364326940306856,0.6491697911087306,0.6373511593900146,0.5333194067265511,0.4666805932734489,0.5,0.5,4787.0,2553.0,2234.0,0.7063832148945653,0.21882884066514852,0.6269735220696954,0.17608462774504552,0.4821394918023585,0.36521511043784644,2553.0,2234.0,4787.0,0.6410016068559186,0.6373511593900146,4825.0,0.6630051813471503,0.7602375742419506,3199.0,2643.0,0.6008323874385169,0.3897984886649874,1588.0
0.5,0.2,0.0,0.45,0.5,0.55,0.5,0.55,True,7468.0,0.6616229244777718,0.6451491128727822,0.618237347294939,0.6316932300838606,0.6491697911087306,0.6326654523375835,0.5361262902246509,0.46387370977534914,0.5,0.5,4941.0,2649.0,2292.0,0.7063832148945653,0.21882884066514852,0.6269735220696954,0.17554900910551693,0.49298778654864,0.35609200449876993,2649.0,2292.0,4941.0,0.6616229244777718,0.6326654523375835,4825.0,0.6793782383419689,0.7419158023184869,3278.0,2643.0,0.629209231933409,0.4173180998196031,1663.0
0.5,0.2,0.0,0.45,0.5,0.55,0.5,0.65,False,7468.0,0.6913497589716122,0.6482014388489209,0.6231640788921528,0.6356827588705368,0.6491697911087306,0.6366453612240945,0.5384466395506489,0.46155336044935114,0.5,0.5,5163.0,2780.0,2383.0,0.7063832148945653,0.21882884066514852,0.6269735220696954,0.1889394750937333,0.501203693061952,0.37697143438721464,2780.0,2383.0,5163.0,0.6913497589716122,0.6366453612240945,4825.0,0.7119170984455958,0.7767103347889374,3435.0,2643.0,0.6538024971623155,0.3582175925925926,1728.0
0.5,0.2,0.0,0.45,0.5,0.55,0.5,0.65,True,7468.0,0.7119710765934655,0.6436022253129347,0.6190086030315445,0.6313054141722396,0.6491697911087306,0.6323114538273462,0.5409065262365996,0.45909347376340043,0.5,0.5,5317.0,2876.0,2441.0,0.7063832148945653,0.21882884066514852,0.6269735220696954,0.18840385645420457,0.5116479356643887,0.36822948617892315,2876.0,2441.0,5317.0,0.7119710765934655,0.6323114538273462,4825.0,0.7282901554404145,0.7592487194080819,3514.0,2643.0,0.6821793416572077,0.38491403216860787,1803.0
0.5,0.2,0.0,0.45,0.5,0.55,0.5,1.0,False,7468.0,0.6989823245848955,0.6464323748668797,0.6238035788597587,0.6351179768633192,0.6491697911087306,0.6360153256704981,0.5396551724137931,0.4603448275862069,0.5,0.5,5220.0,2817.0,2403.0,0.7063832148945653,0.21882884066514852,0.6269735220696954,0.19014461703267277,0.504399498191772,0.3769722565433244,2817.0,2403.0,5220.0,0.6989823245848955,0.6360153256704981,4825.0,0.7187564766839378,0.7788350634371396,3468.0,2643.0,0.662883087400681,0.353310502283105,1752.0
0.5,0.2,0.0,0.45,0.5,0.55,0.5,1.0,True,7468.0,0.7196036422067488,0.641949879848953,0.6196668021129622,0.6308083409809576,0.6491697911087306,0.6317454410122814,0.542054335690361,0.457945664309639,0.5,0.5,5374.0,2913.0,2461.0,0.7063832148945653,0.21882884066514852,0.6269735220696954,0.18960899839314407,0.5147789058487171,0.36833094021312957,2913.0,2461.0,5374.0,0.7196036422067488,0.6317454410122814,4825.0,0.7351295336787564,0.7614885819001973,3547.0,2643.0,0.6912599318955732,0.3798576902025178,1827.0
0.5,0.2,0.0,0.45,0.5,0.55,0.55,0.55,False,7468.0,0.7462506695232994,0.6491110365649111,0.6300154320987654,0.6395632343318383,0.6491697911087306,0.6402296788085412,0.5349004127041092,0.4650995872958909,0.5,0.5,5573.0,2981.0,2592.0,0.7063832148945653,0.21882884066514852,0.6269735220696954,0.20929298339582222,0.5181494408602006,0.4039239780870294,2981.0,2592.0,5573.0,0.7462506695232994,0.6402296788085412,4825.0,0.7701554404145078,0.7935952637244349,3716.0,2643.0,0.70261066969353,0.3333333333333333,1857.0
0.5,0.2,0.0,0.45,0.5,0.55,0.55,0.55,True,7468.0,0.7668719871451527,0.64478388040299,0.6260377358490566,0.6354108081260232,0.6491697911087306,0.6361096560153658,0.5372795529945871,0.462720447005413,0.5,0.5,5727.0,3077.0,2650.0,0.7063832148945653,0.21882884066514852,0.6269735220696954,0.20875736475629358,0.5282587540158985,0.3951801331625653,3077.0,2650.0,5727.0,0.7668719871451527,0.6361096560153658,4825.0,0.7865284974093264,0.7770750988142292,3795.0,2643.0,0.7309875141884222,0.35921325051759834,1932.0
0.5,0.2,0.0,0.45,0.5,0.55,0.55,0.65,False,7468.0,0.7967327262988751,0.6474438902743143,0.6301969365426696,0.6388204134084919,0.6491697911087306,0.6394957983193277,0.5391596638655463,0.4608403361344538,0.5,0.5,5950.0,3208.0,2742.0,0.7063832148945653,0.21882884066514852,0.6269735220696954,0.22228173540439197,0.5359342267920958,0.4147556253962138,3208.0,2742.0,5950.0,0.7967327262988751,0.6394957983193277,4825.0,0.8192746113989637,0.8059701492537313,3953.0,2643.0,0.7555807794173288,0.3099649474211317,1997.0
0.5,0.2,0.0,0.45,0.5,0.55,0.55,0.65,True,7468.0,0.8173540439207284,0.6434624697336562,0.6264285714285714,0.6349455205811139,0.6491697911087306,0.63564875491481,0.5412844036697247,0.45871559633027525,0.5,0.5,6104.0,3304.0,2800.0,0.7063832148945653,0.21882884066514852,0.6269735220696954,0.22174611676486344,0.5457141775489551,0.4063411322037184,3304.0,2800.0,6104.0,0.8173540439207284,0.63564875491481,4825.0,0.8356476683937824,0.7901785714285714,4032.0,2643.0,0.783957623912221,0.33494208494208494,2072.0
0.5,0.2,0.0,0.45,0.5,0.55,0.55,1.0,False,7468.0,0.8043652919121586,0.6459167950693374,0.6307023895727734,0.6383095923210553,0.6491697911087306,0.638921258531713,0.5402030963875478,0.4597969036124521,0.5,0.5,6007.0,3245.0,2762.0,0.7063832148945653,0.21882884066514852,0.6269735220696954,0.22348687734333156,0.5389241201546036,0.41469080522730895,3245.0,2762.0,6007.0,0.8043652919121586,0.638921258531713,4825.0,0.8261139896373056,0.8075765178123432,3986.0,2643.0,0.7646613696556943,0.3062840178129639,2021.0
0.5,0.2,0.0,0.45,0.5,0.55,0.55,1.0,True,7468.0,0.8249866095340118,0.642023346303502,0.6269503546099291,0.6344868504567156,0.6491697911087306,0.6351241681545203,0.5422820970621652,0.45771790293783476,0.5,0.5,6161.0,3341.0,2820.0,0.7063832148945653,0.21882884066514852,0.6269735220696954,0.22295125870380283,0.5486507772846991,0.40636278655650515,3341.0,2820.0,6161.0,0.8249866095340118,0.6351241681545203,4825.0,0.8424870466321244,0.7918819188191882,4065.0,2643.0,0.7930382141505865,0.33110687022900764,2096.0
0.5,0.2,0.0,0.45,0.5,0.55,0.6,0.55,False,7468.0,0.8165506159614354,0.6473268529769137,0.6297220242337848,0.6385244386053492,0.6491697911087306,0.6392259757297475,0.5398491308625779,0.4601508691374221,0.5,0.5,6098.0,3292.0,2806.0,0.7063832148945653,0.21882884066514852,0.6269735220696954,0.22737011247991434,0.5427616896399013,0.418913340458433,3292.0,2806.0,6098.0,0.8165506159614354,0.6392259757297475,4825.0,0.8385492227979274,0.8104300543746911,4046.0,2643.0,0.7763904653802497,0.30165692007797273,2052.0
0.5,0.2,0.0,0.45,0.5,0.55,0.6,0.55,True,7468.0,0.8371719335832887,0.6434474616292798,0.6260474860335196,0.6347474738313996,0.6491697911087306,0.6354766474728087,0.5419065898912349,0.4580934101087652,0.5,0.5,6252.0,3388.0,2864.0,0.7063832148945653,0.21882884066514852,0.6269735220696954,0.2268344938403857,0.5524207815347387,0.4106190451600911,3388.0,2864.0,6252.0,0.8371719335832887,0.6354766474728087,4825.0,0.8549222797927462,0.7949090909090909,4125.0,2643.0,0.8047673098751419,0.32628114715561823,2127.0
0.5,0.2,0.0,0.45,0.5,0.55,0.6,0.65,False,7468.0,0.8670326727370112,0.6459221369707303,0.6299052774018945,0.6379137071863124,0.6491697911087306,0.6386100386100386,0.5434749034749035,0.45652509652509654,0.5,0.5,6475.0,3519.0,2956.0,0.7063832148945653,0.21882884066514852,0.6269735220696954,0.2403588644884842,0.5597650436783843,0.4293924159840598,3519.0,2956.0,6475.0,0.8670326727370112,0.6386100386100386,4825.0,0.8876683937823834,0.8209199159467663,4283.0,2643.0,0.8293605751040485,0.2823905109489051,2192.0
0.5,0.2,0.0,0.45,0.5,0.55,0.6,0.65,True,7468.0,0.8876539903588645,0.6423236514522822,0.6264100862641009,0.6343668688581916,0.6491697911087306,0.6350882486046161,0.5453311208327047,0.4546688791672952,0.5,0.5,6629.0,3615.0,3014.0,0.7063832148945653,0.21882884066514852,0.6269735220696954,0.2398232458489556,0.5691356360789179,0.42138153130109224,3615.0,3014.0,6629.0,0.8876539903588645,0.6350882486046161,4825.0,0.9040414507772021,0.8060522696011004,4362.0,2643.0,0.8577374195989406,0.30613145125716806,2267.0
0.5,0.2,0.0,0.45,0.5,0.55,0.6,1.0,False,7468.0,0.8746652383502946,0.6445444319460067,0.6303763440860215,0.6374603880160141,0.6491697911087306,0.6380894060012248,0.5443968156766688,0.4556031843233313,0.5,0.5,6532.0,3556.0,2976.0,0.7063832148945653,0.21882884066514852,0.6269735220696954,0.24156400642742373,0.562628310664719,0.42934918461893107,3556.0,2976.0,6532.0,0.8746652383502946,0.6380894060012248,4825.0,0.8945077720207254,0.822289156626506,4316.0,2643.0,0.838441165342414,0.2793321299638989,2216.0
0.5,0.2,0.0,0.45,0.5,0.55,0.6,1.0,True,7468.0,0.8952865559721478,0.6410186199342826,0.6268951878707977,0.6339569039025401,0.6491697911087306,0.6346096320670057,0.5462159736763387,0.4537840263236614,0.5,0.5,6686.0,3652.0,3034.0,0.7063832148945653,0.21882884066514852,0.6269735220696954,0.24102838778789507,0.5719519945695848,0.4214136677139799,3652.0,3034.0,6686.0,0.8952865559721478,0.6346096320670057,4825.0,0.910880829015544,0.8075085324232082,4395.0,2643.0,0.8668180098373061,0.3029244871235268,2291.0
0.5,0.2,0.0,0.45,0.5,0.55,1.0,0.55,False,7468.0,0.8541778253883235,0.6452917388792605,0.6318135070277683,0.6385526229535143,0.6491697911087306,0.6391283900297853,0.5427182944035115,0.45728170559648845,0.5,0.5,6379.0,3462.0,2917.0,0.7063832148945653,0.21882884066514852,0.6269735220696954,0.237680771290841,0.5552013391993407,0.4280983393044439,3462.0,2917.0,6379.0,0.8541778253883235,0.6391283900297853,4825.0,0.8756476683937824,0.8184615384615385,4225.0,2643.0,0.8149829738933031,0.287372330547818,2154.0
0.5,0.2,0.0,0.45,0.5,0.55,1.0,0.55,True,7468.0,0.8747991430101768,0.6416526138279932,0.6282352941176471,0.6349439539728201,0.6491697911087306,0.6355426297260064,0.544619623450176,0.455380376549824,0.5,0.5,6533.0,3558.0,2975.0,0.7063832148945653,0.21882884066514852,0.6269735220696954,0.23714515265131222,0.5646476734915609,0.4199878327398378,3558.0,2975.0,6533.0,0.8747991430101768,0.6355426297260064,4825.0,0.892020725388601,0.8034386617100372,4304.0,2643.0,0.8433598183881952,0.3113503813369224,2229.0
0.5,0.2,0.0,0.45,0.5,0.55,1.0,0.65,False,7468.0,0.9046598821638993,0.6440769856329629,0.631887838278448,0.6379824119557054,0.6491697911087306,0.6385435168738899,0.5460331557134399,0.4539668442865601,0.5,0.5,6756.0,3689.0,3067.0,0.7063832148945653,0.21882884066514852,0.6269735220696954,0.25066952329941083,0.571834923235932,0.43835994115383486,3689.0,3067.0,6756.0,0.9046598821638993,0.6385435168738899,4825.0,0.9247668393782383,0.8281039892424922,4462.0,2643.0,0.8679530836171018,0.26983435047951176,2294.0
0.5,0.2,0.0,0.45,0.5,0.55,1.0,0.65,True,7468.0,0.9252811997857525,0.6406869220607662,0.62848,0.6345834610303831,0.6491697911087306,0.6351664254703329,0.5477568740955138,0.45224312590448623,0.5,0.5,6910.0,3785.0,3125.0,0.7063832148945653,0.21882884066514852,0.6269735220696954,0.25013390465988217,0.581010884203502,0.43051500662123826,3785.0,3125.0,6910.0,0.9252811997857525,0.6351664254703329,4825.0,0.941139896373057,0.8136974234750055,4541.0,2643.0,0.896329928111994,0.2929506120726045,2369.0
0.5,0.2,0.0,0.45,0.5,0.55,1.0,1.0,False,7468.0,0.9122924477771827,0.6427804616210413,0.6323291221250404,0.6375547918730409,0.6491697911087306,0.6380449141347424,0.5468956406869221,0.45310435931307796,0.5,0.5,6813.0,3726.0,3087.0,0.7063832148945653,0.21882884066514852,0.6269735220696954,0.2518746652383503,0.5746380524029158,0.43831880639492476,3726.0,3087.0,6813.0,0.9122924477771827,0.6380449141347424,4825.0,0.9316062176165804,0.8293659621802002,4495.0,2643.0,0.8770336738554673,0.2670405522001726,2318.0
0.5,0.2,0.0,0.45,0.5,0.55,1.0,1.0,True,7468.0,0.9329137653990359,0.6394557823129252,0.6289348171701112,0.6341952997415182,0.6491697911087306,0.6347064733744797,0.5485861920482273,0.45141380795177266,0.5,0.5,6967.0,3822.0,3145.0,0.7063832148945653,0.21882884066514852,0.6269735220696954,0.2513390465988217,0.5837699541772488,0.4305446774030241,3822.0,3145.0,6967.0,0.9329137653990359,0.6347064733744797,4825.0,0.947979274611399,0.8150415391342369,4574.0,2643.0,0.9054105183503595,0.2900125365649812,2393.0
0.5,0.2,0.0,0.45,0.6,0.45,0.5,0.55,False,7468.0,0.6464916979110873,0.6495726495726496,0.6237799467613132,0.6366762981669813,0.6491697911087306,0.6375310687655343,0.5331400165700083,0.4668599834299917,0.5,0.6,4828.0,2574.0,2254.0,0.7063832148945653,0.21882884066514852,0.6269735220696954,0.1778253883235136,0.48407969880360285,0.36734733714924817,2574.0,2254.0,4828.0,0.6464916979110873,0.6375310687655343,4825.0,0.6659067357512953,0.7569249922191099,3213.0,2643.0,0.6110480514566781,0.4,1615.0
0.5,0.2,0.0,0.45,0.6,0.45,0.5,0.55,True,7468.0,0.6671130155329406,0.6445692883895131,0.6193771626297578,0.6319732255096355,0.6491697911087306,0.6328783621035728,0.5359293456443196,0.46407065435568046,0.5,0.6,4982.0,2670.0,2312.0,0.7063832148945653,0.21882884066514852,0.6269735220696954,0.177289769683985,0.4948854644505916,0.3582440431561417,2670.0,2312.0,4982.0,0.6671130155329406,0.6328783621035728,4825.0,0.6822797927461139,0.7387606318347509,3292.0,2643.0,0.6394248959515701,0.42662721893491123,1690.0
0.5,0.2,0.0,0.45,0.6,0.45,0.5,0.65,False,7468.0,0.696839850026781,0.6476258479114602,0.6242197253433208,0.6359227866273904,0.6491697911087306,0.6368178324365873,0.5382398155265181,0.46176018447348194,0.5,0.6,5204.0,2801.0,2403.0,0.7063832148945653,0.21882884066514852,0.6269735220696954,0.19068023567220146,0.5030703799442875,0.3790329211855374,2801.0,2403.0,5204.0,0.696839850026781,0.6368178324365873,4825.0,0.7148186528497409,0.7735575529138881,3449.0,2643.0,0.6640181611804767,0.3680911680911681,1755.0
0.5,0.2,0.0,0.45,0.6,0.45,0.5,0.65,True,7468.0,0.7174611676486342,0.6430790472903003,0.6200731409995937,0.631576094144947,0.6491697911087306,0.6325121313923106,0.5406868234415827,0.4593131765584173,0.5,0.6,5358.0,2897.0,2461.0,0.7063832148945653,0.21882884066514852,0.6269735220696954,0.19014461703267274,0.5134766550759448,0.3703082022386194,2897.0,2461.0,5358.0,0.7174611676486342,0.6325121313923106,4825.0,0.7311917098445596,0.7562358276643991,3528.0,2643.0,0.6923950056753689,0.39398907103825137,1830.0
0.5,0.2,0.0,0.45,0.6,0.45,0.5,1.0,False,7468.0,0.7044724156400642,0.645877378435518,0.6248452331820058,0.6353613058087619,0.6491697911087306,0.63619083824368,0.5394411708800608,0.4605588291199392,0.5,0.6,5261.0,2838.0,2423.0,0.7063832148945653,0.21882884066514852,0.6269735220696954,0.1918853776111409,0.5062544014766308,0.37902954927691335,2838.0,2423.0,5261.0,0.7044724156400642,0.63619083824368,4825.0,0.7216580310880829,0.7757036186099943,3482.0,2643.0,0.6730987514188422,0.36312535132096685,1779.0
0.5,0.2,0.0,0.45,0.6,0.45,0.5,1.0,True,7468.0,0.7250937332619175,0.6414451261077028,0.6207174526400645,0.6310812893738836,0.6491697911087306,0.6319482917820868,0.5418282548476454,0.4581717451523546,0.5,0.6,5415.0,2934.0,2481.0,0.7063832148945653,0.21882884066514852,0.6269735220696954,0.1913497589716122,0.5165965419407612,0.3704046454758393,2934.0,2481.0,5415.0,0.7250937332619175,0.6319482917820868,4825.0,0.7380310880829015,0.7584948048301039,3561.0,2643.0,0.7014755959137344,0.3888888888888889,1854.0
0.5,0.2,0.0,0.45,0.6,0.45,0.55,0.55,False,7468.0,0.7517407605784682,0.6485676215856095,0.6309341500765697,0.6397508858310896,0.6491697911087306,0.6403633772711079,0.5347345920912006,0.46526540790879944,0.5,0.6,5614.0,3002.0,2612.0,0.7063832148945653,0.21882884066514852,0.6269735220696954,0.21103374397429028,0.519955294522605,0.4058690164277491,3002.0,2612.0,5614.0,0.7517407605784682,0.6403633772711079,4825.0,0.7730569948186529,0.7906166219839142,3730.0,2643.0,0.7128263337116912,0.34288747346072185,1884.0
0.5,0.2,0.0,0.45,0.6,0.45,0.55,0.55,True,7468.0,0.7723620782003213,0.6442866365397031,0.6269662921348315,0.6356264643372673,0.6491697911087306,0.6362690707350902,0.5371012482662968,0.4628987517337032,0.5,0.6,5768.0,3098.0,2670.0,0.7063832148945653,0.21882884066514852,0.6269735220696954,0.21049812533476173,0.5300301655875633,0.3971436703067922,3098.0,2670.0,5768.0,0.7723620782003213,0.6362690707350902,4825.0,0.7894300518134715,0.7742189551063271,3809.0,2643.0,0.7412031782065834,0.368044920877999,1959.0
0.5,0.2,0.0,0.45,0.6,0.45,0.55,0.65,False,7468.0,0.8022228173540439,0.6469495199752245,0.6310644460535844,0.6390069830144045,0.6491697911087306,0.6396261058254048,0.5389751293607077,0.46102487063929226,0.5,0.6,5991.0,3229.0,2762.0,0.7063832148945653,0.21882884066514852,0.6269735220696954,0.22402249598286023,0.5376803517756548,0.41664623831434483,3229.0,2762.0,5991.0,0.8022228173540439,0.6396261058254048,4825.0,0.8221761658031088,0.8031257877489286,3967.0,2643.0,0.76579644343549,0.3191699604743083,2024.0
0.5,0.2,0.0,0.45,0.6,0.45,0.55,0.65,True,7468.0,0.8228441349758971,0.6430075187969925,0.6273049645390071,0.6351562416679998,0.6491697911087306,0.6358014646053702,0.5410903173311635,0.45890968266883647,0.5,0.6,6145.0,3325.0,2820.0,0.7063832148945653,0.21882884066514852,0.6269735220696954,0.22348687734333156,0.5474291084846354,0.4082480706259414,3325.0,2820.0,6145.0,0.8228441349758971,0.6358014646053702,4825.0,0.8385492227979274,0.7874443895205141,4046.0,2643.0,0.7941732879303821,0.34349690328727966,2099.0
0.5,0.2,0.0,0.45,0.6,0.45,0.55,1.0,False,7468.0,0.8098553829673273,0.6454378444580526,0.6315600287562905,0.6384989366071716,0.6491697911087306,0.6390542328042328,0.5400132275132276,0.4599867724867725,0.5,0.6,6048.0,3266.0,2782.0,0.7063832148945653,0.21882884066514852,0.6269735220696954,0.22522763792179967,0.5406605890230615,0.4165786123393447,3266.0,2782.0,6048.0,0.8098553829673273,0.6390542328042328,4825.0,0.8290155440414507,0.80475,4000.0,2643.0,0.7748770336738555,0.3154296875,2048.0
0.5,0.2,0.0,0.45,0.6,0.45,0.55,1.0,True,7468.0,0.8304767005891805,0.6415823914336705,0.6278169014084507,0.6346996464210606,0.6491697911087306,0.6352789422766849,0.5420831989680748,0.45791680103192517,0.5,0.6,6202.0,3362.0,2840.0,0.7063832148945653,0.21882884066514852,0.6269735220696954,0.22469201928227098,0.5503565577454809,0.4082662705114573,3362.0,2840.0,6202.0,0.8304767005891805,0.6352789422766849,4825.0,0.8453886010362694,0.7891640107869576,4079.0,2643.0,0.8032538781687476,0.33961375412152617,2123.0
0.5,0.2,0.0,0.45,0.6,0.45,0.6,0.55,False,7468.0,0.8220407070166041,0.6468457591306973,0.6305732484076433,0.6387095037691704,0.6491697911087306,0.6393549438019221,0.5396644404626161,0.4603355595373839,0.5,0.6,6139.0,3313.0,2826.0,0.7063832148945653,0.21882884066514852,0.6269735220696954,0.22911087305838243,0.5444859199089641,0.42078383422052285,3313.0,2826.0,6139.0,0.8220407070166041,0.6393549438019221,4825.0,0.8414507772020725,0.8076354679802956,4060.0,2643.0,0.7866061293984109,0.31072631072631074,2079.0
0.5,0.2,0.0,0.45,0.6,0.45,0.6,0.55,True,7468.0,0.8426620246384574,0.6430038134350249,0.6269070735090153,0.6349554434720202,0.6491697911087306,0.6356268870173208,0.5417130144605117,0.4582869855394883,0.5,0.6,6293.0,3409.0,2884.0,0.7063832148945653,0.21882884066514852,0.6269735220696954,0.2285752544188538,0.5541149565837415,0.41250511595658396,3409.0,2884.0,6293.0,0.8426620246384574,0.6356268870173208,4825.0,0.8578238341968912,0.7922203430780381,4139.0,2643.0,0.8149829738933031,0.3347260909935005,2154.0
0.5,0.2,0.0,0.45,0.6,0.45,0.6,0.65,False,7468.0,0.87252276379218,0.6454802259887006,0.6307123655913979,0.6380962957900492,0.6491697911087306,0.6387354205033763,0.5432780847145487,0.4567219152854512,0.5,0.6,6516.0,3540.0,2976.0,0.7063832148945653,0.21882884066514852,0.6269735220696954,0.2420996250669523,0.5614370573471383,0.43121418848072457,3540.0,2976.0,6516.0,0.87252276379218,0.6387354205033763,4825.0,0.8905699481865285,0.8182452874098208,4297.0,2643.0,0.8395762391222096,0.2911221270842722,2219.0
0.5,0.2,0.0,0.45,0.6,0.45,0.6,0.65,True,7468.0,0.8931440814140332,0.641914191419142,0.6272247857613711,0.6345694885902565,0.6491697911087306,0.635232383808096,0.5451274362818591,0.45487256371814094,0.5,0.6,6670.0,3636.0,3034.0,0.7063832148945653,0.21882884066514852,0.6269735220696954,0.24156400642742376,0.5707802006843832,0.42321721415315566,3636.0,3034.0,6670.0,0.8931440814140332,0.635232383808096,4825.0,0.9069430051813472,0.803473491773309,4376.0,2643.0,0.8679530836171018,0.3142981691368788,2294.0
0.5,0.2,0.0,0.45,0.6,0.45,0.6,1.0,False,7468.0,0.8801553294054633,0.6441151803187029,0.6311748998664887,0.6376450400925957,0.6491697911087306,0.6382169481211015,0.54419595314164,0.45580404685835996,0.5,0.6,6573.0,3577.0,2996.0,0.7063832148945653,0.21882884066514852,0.6269735220696954,0.24330476700589188,0.5642918404511851,0.43116832384348347,3577.0,2996.0,6573.0,0.8801553294054633,0.6382169481211015,4825.0,0.8974093264248705,0.8196304849884527,4330.0,2643.0,0.8486568293605751,0.2880071333036112,2243.0
0.5,0.2,0.0,0.45,0.6,0.45,0.6,1.0,True,7468.0,0.9007766470273165,0.640620745984209,0.6277013752455796,0.6341610606148943,0.6491697911087306,0.6347554630593132,0.546008621971161,0.453991378028839,0.5,0.6,6727.0,3673.0,3054.0,0.7063832148945653,0.21882884066514852,0.6269735220696954,0.2427691483663631,0.5735884843077629,0.4232462035205428,3673.0,3054.0,6727.0,0.9007766470273165,0.6347554630593132,4825.0,0.9137823834196891,0.8049444318439556,4409.0,2643.0,0.8770336738554673,0.3110440034512511,2318.0
0.5,0.2,0.0,0.45,0.6,0.45,1.0,0.55,False,7468.0,0.8596679164434923,0.6448463967843813,0.6326183180115764,0.6387323573979788,0.6491697911087306,0.6392523364485981,0.5425233644859813,0.4574766355140187,0.5,0.6,6420.0,3483.0,2937.0,0.7063832148945653,0.21882884066514852,0.6269735220696954,0.23942153186930906,0.5568870552339061,0.42992834834120214,3483.0,2937.0,6420.0,0.8596679164434923,0.6392523364485981,4825.0,0.8785492227979275,0.8157584335928285,4239.0,2643.0,0.8251986379114642,0.2961944062356717,2181.0
0.5,0.2,0.0,0.45,0.6,0.45,1.0,0.55,True,7468.0,0.8802892340653454,0.6412405699916177,0.6290484140233723,0.635144492007495,0.6491697911087306,0.6356860358989961,0.5444174018862185,0.45558259811378155,0.5,0.6,6574.0,3579.0,2995.0,0.7063832148945653,0.21882884066514852,0.6269735220696954,0.23888591322978045,0.5663052714020791,0.4218324025809226,3579.0,2995.0,6574.0,0.8802892340653454,0.6356860358989961,4825.0,0.8949222797927461,0.8008337193144974,4318.0,2643.0,0.8535754824063564,0.3195921985815603,2256.0
0.5,0.2,0.0,0.45,0.6,0.45,1.0,0.65,False,7468.0,0.910149973219068,0.6436657681940701,0.6326530612244898,0.63815941470928,0.6491697911087306,0.638664116521995,0.5458290422245108,0.45417095777548916,0.5,0.6,6797.0,3710.0,3087.0,0.7063832148945653,0.21882884066514852,0.6269735220696954,0.25241028387787884,0.5734717470552447,0.44014423583026696,3710.0,3087.0,6797.0,0.910149973219068,0.638664116521995,4825.0,0.9276683937823834,0.8255138516532619,4476.0,2643.0,0.878168747635263,0.27832830676432574,2321.0
0.5,0.2,0.0,0.45,0.6,0.45,1.0,0.65,True,7468.0,0.9307712908409213,0.640304781923279,0.6292527821939586,0.6347787820586188,0.6491697911087306,0.6353042727665085,0.5475471155229463,0.4524528844770537,0.5,0.6,6951.0,3806.0,3145.0,0.7063832148945653,0.21882884066514852,0.6269735220696954,0.2518746652383504,0.5826219295574836,0.43231236666573075,3806.0,3145.0,6951.0,0.9307712908409213,0.6353042727665085,4825.0,0.944041450777202,0.8111964873765093,4555.0,2643.0,0.9065455921301552,0.30091819699499167,2396.0
0.5,0.2,0.0,0.45,0.6,0.45,1.0,1.0,False,7468.0,0.9177825388323514,0.6423805711235655,0.6330865786932732,0.6377335749084194,0.6491697911087306,0.6381674934344909,0.5466880653632915,0.4533119346367085,0.5,0.6,6854.0,3747.0,3107.0,0.7063832148945653,0.21882884066514852,0.6269735220696954,0.2536154258168185,0.5762669142921242,0.4401006192214854,3747.0,3107.0,6854.0,0.9177825388323514,0.6381674934344909,4825.0,0.9345077720207254,0.8267908627190065,4509.0,2643.0,0.8872493378736285,0.27547974413646054,2345.0
0.5,0.2,0.0,0.45,0.6,0.45,1.0,1.0,True,7468.0,0.9384038564542047,0.6390840489201145,0.6296998420221169,0.6343919454711158,0.6491697911087306,0.634845890410959,0.5483732876712328,0.4516267123287671,0.5,0.6,7008.0,3843.0,3165.0,0.7063832148945653,0.21882884066514852,0.6269735220696954,0.2530798071772899,0.5853734061592287,0.43233909247399105,3843.0,3165.0,7008.0,0.9384038564542047,0.634845890410959,4825.0,0.950880829015544,0.8125544899738448,4588.0,2643.0,0.9156261823685207,0.29793388429752066,2420.0
0.5,0.2,0.0,0.45,0.6,0.55,0.5,0.55,False,7468.0,0.5642742367434387,0.6820987654320988,0.644398766700925,0.6632487660665118,0.6491697911087306,0.6646891314665401,0.5382059800664452,0.46179401993355484,0.5,0.6,4214.0,2268.0,1946.0,0.7063832148945653,0.21882884066514852,0.6269735220696954,0.18585966791644346,0.4349796367802723,0.42728360640553276,2268.0,1946.0,4214.0,0.5642742367434387,0.6646891314665401,4825.0,0.5960621761658031,0.8456189151599444,2876.0,2643.0,0.5062429057888763,0.2757847533632287,1338.0
0.5,0.2,0.0,0.45,0.6,0.55,0.5,0.55,True,7468.0,0.5803427959292984,0.6760804450149764,0.6384576865297947,0.6572690657723856,0.6491697911087306,0.6587448084910014,0.5392247346562067,0.46077526534379326,0.5,0.6,4334.0,2337.0,1997.0,0.7063832148945653,0.21882884066514852,0.6269735220696954,0.1842528119978575,0.44502246231591547,0.41403036385848524,2337.0,1997.0,4334.0,0.5803427959292984,0.6587448084910014,4825.0,0.6097409326424871,0.8266485384092455,2942.0,2643.0,0.5266742338251986,0.30387931034482757,1392.0
0.5,0.2,0.0,0.45,0.6,0.55,0.5,0.65,False,7468.0,0.6146223888591323,0.6769539078156313,0.643436754176611,0.660195330996121,0.6491697911087306,0.6616557734204793,0.5435729847494554,0.4564270152505447,0.5,0.6,4590.0,2495.0,2095.0,0.7063832148945653,0.21882884066514852,0.6269735220696954,0.19871451526513126,0.4560196671164529,0.4357586516425089,2495.0,2095.0,4590.0,0.6146223888591323,0.6616557734204793,4825.0,0.6449740932642487,0.8573264781491002,3112.0,2643.0,0.559213015512675,0.2496617050067659,1478.0
0.5,0.2,0.0,0.45,0.6,0.55,0.5,0.65,True,7468.0,0.6306909480449919,0.671606864274571,0.6379310344827587,0.6547689493786648,0.6491697911087306,0.6562632696390658,0.5443736730360934,0.4556263269639066,0.5,0.6,4710.0,2564.0,2146.0,0.7063832148945653,0.21882884066514852,0.6269735220696954,0.1971076593465452,0.46560889633814273,0.4233331040208437,2564.0,2146.0,4710.0,0.6306909480449919,0.6562632696390658,4825.0,0.6586528497409326,0.8395217117684078,3178.0,2643.0,0.5796443435489973,0.27610966057441255,1532.0
0.5,0.2,0.0,0.45,0.6,0.55,0.5,1.0,False,7468.0,0.6222549544724156,0.674565560821485,0.6439716312056738,0.6592685960135793,0.6491697911087306,0.6606412739401765,0.5448676565526146,0.4551323434473854,0.5,0.6,4647.0,2532.0,2115.0,0.7063832148945653,0.21882884066514852,0.6269735220696954,0.1999196572040707,0.45952981256298536,0.4350526380193641,2532.0,2115.0,4647.0,0.6222549544724156,0.6606412739401765,4825.0,0.6518134715025907,0.8588235294117647,3145.0,2643.0,0.5682936057510405,0.24567243675099867,1502.0
0.5,0.2,0.0,0.45,0.6,0.55,0.5,1.0,True,7468.0,0.6383235136582753,0.669357939254133,0.6385041551246537,0.6539310471893933,0.6491697911087306,0.6553387874973778,0.5456261799874135,0.4543738200125865,0.5,0.6,4767.0,2601.0,2166.0,0.7063832148945653,0.21882884066514852,0.6269735220696954,0.19831280128548479,0.4690472856614728,0.4227991661988079,2601.0,2166.0,4767.0,0.6383235136582753,0.6553387874973778,4825.0,0.6654922279792747,0.8411709747742137,3211.0,2643.0,0.5887249337873628,0.2718508997429306,1556.0
0.5,0.2,0.0,0.45,0.6,0.55,0.55,0.55,False,7468.0,0.6695232994108195,0.6758160237388724,0.6493055555555556,0.662560789647214,0.6491697911087306,0.6636,0.5392,0.4608,0.5,0.6,5000.0,2696.0,2304.0,0.7063832148945653,0.21882884066514852,0.6269735220696954,0.21906802356722008,0.47458153980301393,0.46160249650281243,2696.0,2304.0,5000.0,0.6695232994108195,0.6636,4825.0,0.7032124352331606,0.8691423519009726,3393.0,2643.0,0.6080211880438895,0.22962041070317363,1607.0
0.5,0.2,0.0,0.45,0.6,0.55,0.55,0.55,True,7468.0,0.6855918585966791,0.6708860759493671,0.6441613588110403,0.6575237173802038,0.6491697911087306,0.65859375,0.5400390625,0.4599609375,0.5,0.6,5120.0,2765.0,2355.0,0.7063832148945653,0.21882884066514852,0.6269735220696954,0.21746116764863413,0.4838030027542434,0.4494828812773977,2765.0,2355.0,5120.0,0.6855918585966791,0.65859375,4825.0,0.7168911917098446,0.852558542931483,3459.0,2643.0,0.6284525160802119,0.2546658639373871,1661.0
0.5,0.2,0.0,0.45,0.6,0.55,0.55,0.65,False,7468.0,0.7200053561863953,0.6719124187478618,0.6483292583537082,0.6601208385507851,0.6491697911087306,0.6611493397805468,0.5436116793751162,0.45638832062488377,0.5,0.6,5377.0,2923.0,2454.0,0.7063832148945653,0.21882884066514852,0.6269735220696954,0.23205677557579008,0.49393753684580666,0.4698099623237009,2923.0,2454.0,5377.0,0.7200053561863953,0.6611493397805468,4825.0,0.7523316062176166,0.8776859504132232,3630.0,2643.0,0.6609912977676883,0.2112192329708071,1747.0
0.5,0.2,0.0,0.45,0.6,0.55,0.55,0.65,True,7468.0,0.736073915372255,0.6674465240641712,0.6435129740518962,0.6554797490580337,0.6491697911087306,0.6565399308713844,0.5442968892122976,0.45570311078770237,0.5,0.6,5497.0,2992.0,2505.0,0.7063832148945653,0.21882884066514852,0.6269735220696954,0.2304499196572041,0.5028041346861871,0.45832940455239846,2992.0,2505.0,5497.0,0.736073915372255,0.6565399308713844,4825.0,0.7660103626943006,0.862012987012987,3696.0,2643.0,0.6814226258040106,0.2348695169350361,1801.0
0.5,0.2,0.0,0.45,0.6,0.55,0.55,1.0,False,7468.0,0.7276379217996787,0.6699324324324324,0.64874696847211,0.6593397004522712,0.6491697911087306,0.6602870813397129,0.5447184394552815,0.45528156054471847,0.5,0.6,5434.0,2960.0,2474.0,0.7063832148945653,0.21882884066514852,0.6269735220696954,0.23326191751472952,0.49718005002461085,0.46916990636125255,2960.0,2474.0,5434.0,0.7276379217996787,0.6602870813397129,4825.0,0.7591709844559585,0.8787878787878788,3663.0,2643.0,0.6700718880060538,0.20835686053077357,1771.0
0.5,0.2,0.0,0.45,0.6,0.55,0.55,1.0,True,7468.0,0.7437064809855383,0.6655661934631891,0.643960396039604,0.6547632947513966,0.6491697911087306,0.6557436082102989,0.5453727043572201,0.45462729564278,0.5,0.6,5554.0,3029.0,2525.0,0.7063832148945653,0.21882884066514852,0.6269735220696954,0.23165506159614352,0.5059898316119578,0.4578255275568446,3029.0,2525.0,5554.0,0.7437064809855383,0.6557436082102989,4825.0,0.7728497409326425,0.8632341110217217,3729.0,2643.0,0.6905032160423761,0.23178082191780822,1825.0
0.5,0.2,0.0,0.45,0.6,0.55,0.6,0.55,False,7468.0,0.7398232458489555,0.6711007648819421,0.647339158061954,0.6592199614719481,0.6491697911087306,0.6602714932126696,0.5442533936651583,0.45574660633484165,0.5,0.6,5525.0,3007.0,2518.0,0.7063832148945653,0.21882884066514852,0.6269735220696954,0.2371451526513122,0.5013372583389566,0.47302519153878086,3007.0,2518.0,5525.0,0.7398232458489555,0.6602714932126696,4825.0,0.7716062176165803,0.8807413376309428,3723.0,2643.0,0.6818009837306092,0.20477247502774695,1802.0
0.5,0.2,0.0,0.45,0.6,0.55,0.6,0.55,True,7468.0,0.7558918050348152,0.6667750325097529,0.6426625145971195,0.6547187735534362,0.6491697911087306,0.6558015943312666,0.5449069973427813,0.4550930026572188,0.5,0.6,5645.0,3076.0,2569.0,0.7063832148945653,0.21882884066514852,0.6269735220696954,0.2355382967327263,0.5100752436171005,0.46177166933735453,3076.0,2569.0,5645.0,0.7558918050348152,0.6558015943312666,4825.0,0.7852849740932643,0.8653998416468726,3789.0,2643.0,0.7022323117669316,0.2279094827586207,1856.0
0.5,0.2,0.0,0.45,0.6,0.55,0.6,0.65,False,7468.0,0.7903053026245314,0.6679035250463822,0.646551724137931,0.6572276245921567,0.6491697911087306,0.6582514401897662,0.5479498475093189,0.45205015249068115,0.5,0.6,5902.0,3234.0,2668.0,0.7063832148945653,0.21882884066514852,0.6269735220696954,0.2501339046598822,0.5196976996123078,0.48130654579860754,3234.0,2668.0,5902.0,0.7903053026245314,0.6582514401897662,4825.0,0.8207253886010363,0.8878787878787879,3960.0,2643.0,0.7347710934544078,0.19001029866117405,1942.0
0.5,0.2,0.0,0.45,0.6,0.55,0.6,0.65,True,7468.0,0.806373861810391,0.6639418710263397,0.6421478484737035,0.6530448597500216,0.6491697911087306,0.6541016273663235,0.5484888741281966,0.45151112587180336,0.5,0.6,6022.0,3303.0,2719.0,0.7063832148945653,0.21882884066514852,0.6269735220696954,0.2485270487412962,0.5281319972644598,0.4705775261271423,3303.0,2719.0,6022.0,0.806373861810391,0.6541016273663235,4825.0,0.8344041450777202,0.8733233979135618,4026.0,2643.0,0.7552024214907302,0.21192384769539077,1996.0
0.5,0.2,0.0,0.45,0.6,0.55,0.6,1.0,False,7468.0,0.7979378682378147,0.6661571384897584,0.6469494047619048,0.6565532716258315,0.6491697911087306,0.6574928679308609,0.5489176036247693,0.45108239637523073,0.5,0.6,5959.0,3271.0,2688.0,0.7063832148945653,0.21882884066514852,0.6269735220696954,0.2513390465988217,0.5227804613979912,0.4807736041372022,3271.0,2688.0,5959.0,0.7979378682378147,0.6574928679308609,4825.0,0.8275647668393782,0.8888054094665665,3993.0,2643.0,0.7438516836927733,0.18769074262461852,1966.0
0.5,0.2,0.0,0.45,0.6,0.55,0.6,1.0,True,7468.0,0.8140064274236744,0.6622754491017964,0.642570281124498,0.6524228651131472,0.6491697911087306,0.6533969402862313,0.549432472446126,0.45056752755387397,0.5,0.6,6079.0,3340.0,2739.0,0.7063832148945653,0.21882884066514852,0.6269735220696954,0.2497321906802357,0.5311658106201107,0.47015863161201077,3340.0,2739.0,6079.0,0.8140064274236744,0.6533969402862313,4825.0,0.8412435233160622,0.8743532889874354,4059.0,2643.0,0.7642830117290957,0.2094059405940594,2020.0
0.5,0.2,0.0,0.45,0.6,0.55,1.0,0.55,False,7468.0,0.7774504552758436,0.667610953729934,0.6489159376188665,0.6582634456744002,0.6491697911087306,0.6591457113331037,0.5471925594212883,0.4528074405787117,0.5,0.6,5806.0,3177.0,2629.0,0.7063832148945653,0.21882884066514852,0.6269735220696954,0.24745581146223894,0.5147789058487171,0.48070309146459295,3177.0,2629.0,5806.0,0.7774504552758436,0.6591457113331037,4825.0,0.8087046632124353,0.8862121988723731,3902.0,2643.0,0.7203934922436626,0.19380252100840337,1904.0
0.5,0.2,0.0,0.45,0.6,0.55,1.0,0.55,True,7468.0,0.7935190144617033,0.6635859519408502,0.6444029850746269,0.6539944685077386,0.6491697911087306,0.6549105636179547,0.5477556530543368,0.4522443469456632,0.5,0.6,5926.0,3246.0,2680.0,0.7063832148945653,0.21882884066514852,0.6269735220696954,0.24584895554365285,0.5232924893967285,0.4698117410916348,3246.0,2680.0,5926.0,0.7935190144617033,0.6549105636179547,4825.0,0.8223834196891192,0.8714717741935484,3968.0,2643.0,0.7408248202799849,0.2160367722165475,1958.0
0.5,0.2,0.0,0.45,0.6,0.55,1.0,0.65,False,7468.0,0.8279325120514194,0.6648061104582844,0.6480748470672903,0.6564404787627873,0.6491697911087306,0.6572861070677665,0.5505418081837296,0.4494581918162704,0.5,0.6,6183.0,3404.0,2779.0,0.7063832148945653,0.21882884066514852,0.6269735220696954,0.2604445634708088,0.5326762377751662,0.48893595208716284,3404.0,2779.0,6183.0,0.8279325120514194,0.6572861070677665,4825.0,0.8578238341968912,0.8927277120077314,4139.0,2643.0,0.7733636019674612,0.1805283757338552,2044.0
0.5,0.2,0.0,0.45,0.6,0.55,1.0,0.65,True,7468.0,0.8440010712372791,0.6610999136193493,0.6438162544169611,0.6524580840181552,0.6491697911087306,0.65333967951769,0.5510074567666191,0.44899254323338095,0.5,0.6,6303.0,3473.0,2830.0,0.7063832148945653,0.21882884066514852,0.6269735220696954,0.25883770755222285,0.5409082009385031,0.4785242802810649,3473.0,2830.0,6303.0,0.8440010712372791,0.65333967951769,4825.0,0.8715025906735752,0.8787158145065398,4205.0,2643.0,0.7937949300037835,0.20162059103908483,2098.0
0.5,0.2,0.0,0.45,0.6,0.55,1.0,1.0,False,7468.0,0.8355650776647028,0.6631793083405987,0.6484458735262594,0.655812590933429,0.6491697911087306,0.6565705128205128,0.5514423076923077,0.4485576923076923,0.5,0.6,6240.0,3441.0,2799.0,0.7063832148945653,0.21882884066514852,0.6269735220696954,0.26164970540974825,0.5356843157378021,0.4884401087035302,3441.0,2799.0,6240.0,0.8355650776647028,0.6565705128205128,4825.0,0.8646632124352331,0.8935762224352828,4172.0,2643.0,0.7824441922058267,0.1784332688588008,2068.0
0.5,0.2,0.0,0.45,0.6,0.55,1.0,1.0,True,7468.0,0.8516336368505624,0.6595441595441596,0.6442105263157895,0.6518773429299745,0.6491697911087306,0.6526729559748428,0.5518867924528302,0.4481132075471698,0.5,0.6,6360.0,3510.0,2850.0,0.7063832148945653,0.21882884066514852,0.6269735220696954,0.2600428494911623,0.5438707508955598,0.4781335437931992,3510.0,2850.0,6360.0,0.8516336368505624,0.6526729559748428,4825.0,0.8783419689119171,0.8796602170835299,4238.0,2643.0,0.802875520242149,0.1993402450518379,2122.0
0.55,0.15,0.0,0.0,0.5,0.45,0.5,0.55,False,7468.0,0.6001606855918586,0.6697517879680269,0.6413301662707839,0.6555409771194054,0.6491697911087306,0.6564033913431504,0.5303435966086568,0.4696564033913431,0.55,0.5,4482.0,2377.0,2105.0,0.7063832148945653,0.21882884066514852,0.6269735220696954,0.18773433315479382,0.45410700965579953,0.41341430359573444,2377.0,2105.0,4482.0,0.6001606855918586,0.6564033913431504,4825.0,0.6223834196891191,0.8098568098568099,3003.0,2643.0,0.5595913734392736,0.3448275862068966,1479.0
0.55,0.15,0.0,0.0,0.5,0.45,0.5,0.55,True,7468.0,0.6116764863417247,0.6663917525773196,0.6369575361642558,0.6516746443707877,0.6491697911087306,0.6525831873905429,0.5308669001751314,0.46913309982486867,0.55,0.5,4568.0,2425.0,2143.0,0.7063832148945653,0.21882884066514852,0.6269735220696954,0.18666309587573643,0.4609844848072374,0.4049227295660295,2425.0,2143.0,4568.0,0.6116764863417247,0.6525831873905429,4825.0,0.6321243523316062,0.7973770491803279,3050.0,2643.0,0.5743473325766175,0.3616600790513834,1518.0
0.55,0.15,0.0,0.0,0.5,0.45,0.5,0.65,False,7468.0,0.6505088377075522,0.6658986175115207,0.6406388642413487,0.6532687408764347,0.6491697911087306,0.654178674351585,0.5360230547550432,0.46397694524495675,0.55,0.5,4858.0,2604.0,2254.0,0.7063832148945653,0.21882884066514852,0.6269735220696954,0.20058918050348157,0.4742993027635981,0.4229168782975418,2604.0,2254.0,4858.0,0.6505088377075522,0.654178674351585,4825.0,0.6712953367875648,0.8237110219203457,3239.0,2643.0,0.6125614831630722,0.3150092649783817,1619.0
0.55,0.15,0.0,0.0,0.5,0.45,0.5,0.65,True,7468.0,0.6620246384574183,0.6628959276018099,0.6365619546247818,0.6497289411132958,0.6491697911087306,0.6506877022653722,0.5364077669902912,0.46359223300970875,0.55,0.5,4944.0,2652.0,2292.0,0.7063832148945653,0.21882884066514852,0.6269735220696954,0.19951794322442426,0.4808880822150795,0.4148947553563802,2652.0,2292.0,4944.0,0.6620246384574183,0.6506877022653722,4825.0,0.6810362694300518,0.8119293974437005,3286.0,2643.0,0.6273174423004162,0.3311218335343788,1658.0
0.55,0.15,0.0,0.0,0.5,0.45,0.5,1.0,False,7468.0,0.6581414033208356,0.6637637258614161,0.6411609498680739,0.652462337864745,0.6491697911087306,0.6533062054933876,0.5373346897253306,0.4626653102746694,0.55,0.5,4915.0,2641.0,2274.0,0.7063832148945653,0.21882884066514852,0.6269735220696954,0.201794322442421,0.47767514111497084,0.42245096106822827,2641.0,2274.0,4915.0,0.6581414033208356,0.6533062054933876,4825.0,0.6781347150259067,0.8254889975550123,3272.0,2643.0,0.6216420734014377,0.310407790626902,1643.0
0.55,0.15,0.0,0.0,0.5,0.45,0.5,1.0,True,7468.0,0.6696572040707016,0.6608404611379695,0.6371107266435986,0.648975593890784,0.6491697911087306,0.649870025994801,0.5376924615076984,0.46230753849230155,0.55,0.5,5001.0,2689.0,2312.0,0.7063832148945653,0.21882884066514852,0.6269735220696954,0.20072308516336368,0.48421798753626344,0.41453041879889146,2689.0,2312.0,5001.0,0.6696572040707016,0.649870025994801,4825.0,0.6878756476683938,0.813799337149744,3319.0,2643.0,0.6363980325387817,0.326397146254459,1682.0
0.55,0.15,0.0,0.0,0.5,0.45,0.55,0.55,False,7468.0,0.7416979110873059,0.659075458871516,0.6449749711205237,0.6520252149960198,0.6491697911087306,0.6524643437443581,0.5311428055605705,0.4688571944394295,0.55,0.5,5539.0,2942.0,2597.0,0.7063832148945653,0.21882884066514852,0.6269735220696954,0.22616497054097476,0.5077070713247607,0.4454635031000105,2942.0,2597.0,5539.0,0.7416979110873059,0.6524643437443581,4825.0,0.7616580310880829,0.844625850340136,3675.0,2643.0,0.70525917517972,0.27360515021459225,1864.0
0.55,0.15,0.0,0.0,0.5,0.45,0.55,0.55,True,7468.0,0.7532137118371719,0.6565217391304348,0.6413662239089184,0.6489439815196766,0.6491697911087306,0.6494222222222222,0.5315555555555556,0.46844444444444444,0.55,0.5,5625.0,2990.0,2635.0,0.7063832148945653,0.21882884066514852,0.6269735220696954,0.22509373326191753,0.5138676768270477,0.4380383188368496,2990.0,2635.0,5625.0,0.7532137118371719,0.6494222222222222,4825.0,0.7713989637305699,0.8339602364320258,3722.0,2643.0,0.720015134317064,0.2884918549658434,1903.0
0.55,0.15,0.0,0.0,0.5,0.45,0.55,0.65,False,7468.0,0.8146759507230852,0.6537515375153752,0.6423022598870056,0.6480268987011903,0.6491697911087306,0.6484220907297831,0.534516765285996,0.46548323471400394,0.55,0.5,6084.0,3252.0,2832.0,0.7063832148945653,0.21882884066514852,0.6269735220696954,0.24183181574718807,0.5351841435318768,0.45186655596941094,3252.0,2832.0,6084.0,0.8146759507230852,0.6484220907297831,4825.0,0.830259067357513,0.8574638042935596,4006.0,2643.0,0.7862277714718123,0.24542829643888353,2078.0
0.55,0.15,0.0,0.0,0.5,0.45,0.55,0.65,True,7468.0,0.8261917514729512,0.6515151515151515,0.6390243902439025,0.645269770879527,0.6491697911087306,0.6457050243111832,0.5348460291734197,0.4651539708265802,0.55,0.5,6170.0,3300.0,2870.0,0.7063832148945653,0.21882884066514852,0.6269735220696954,0.24076057846813068,0.5410319643998959,0.44500250319808465,3300.0,2870.0,6170.0,0.8261917514729512,0.6457050243111832,4825.0,0.84,0.847520355292376,4053.0,2643.0,0.8009837306091563,0.2593292394898441,2117.0
0.55,0.15,0.0,0.0,0.5,0.45,0.55,1.0,False,7468.0,0.8240492769148366,0.6523982999392836,0.6423076923076924,0.647352996123488,0.6491697911087306,0.647708807279818,0.5352616184595385,0.4647383815404615,0.55,0.5,6154.0,3294.0,2860.0,0.7063832148945653,0.21882884066514852,0.6269735220696954,0.24343867166577404,0.5387998725171818,0.4518164982639469,3294.0,2860.0,6154.0,0.8240492769148366,0.647708807279818,4825.0,0.8387564766839378,0.8589078329626884,4047.0,2643.0,0.7972001513431707,0.24205030849549122,2107.0
0.55,0.15,0.0,0.0,0.5,0.45,0.55,1.0,True,7468.0,0.8355650776647028,0.6502094554159186,0.6390614216701174,0.644635438543018,0.6491697911087306,0.6450320512820513,0.5355769230769231,0.46442307692307694,0.55,0.5,6240.0,3342.0,2898.0,0.7063832148945653,0.21882884066514852,0.6269735220696954,0.24236743438671673,0.5446088703271303,0.44503027326957384,3342.0,2898.0,6240.0,0.8355650776647028,0.6450320512820513,4825.0,0.8484974093264249,0.84904738641915,4094.0,2643.0,0.8119561104805145,0.25582479030754895,2146.0
0.55,0.15,0.0,0.0,0.5,0.45,0.6,0.55,False,7468.0,0.8020889126941617,0.6613458528951487,0.6432915921288014,0.6523187225119751,0.6491697911087306,0.6529215358931553,0.5333889816360601,0.4666110183639399,0.55,0.5,5990.0,3195.0,2795.0,0.7063832148945653,0.21882884066514852,0.6269735220696954,0.24531333690412427,0.5276246657378887,0.464939099390001,3195.0,2795.0,5990.0,0.8020889126941617,0.6529215358931553,4825.0,0.8232124352331606,0.8562437059415912,3972.0,2643.0,0.7635262958758986,0.2527254707631318,2018.0
0.55,0.15,0.0,0.0,0.5,0.45,0.6,0.55,True,7468.0,0.8136047134440278,0.6589577551649707,0.6399576420755383,0.6494576986202545,0.6491697911087306,0.6500987491770902,0.5337393021724819,0.4662606978275181,0.55,0.5,6076.0,3243.0,2833.0,0.7063832148945653,0.21882884066514852,0.6269735220696954,0.244242099625067,0.5335553456854129,0.45776338218729695,3243.0,2833.0,6076.0,0.8136047134440278,0.6500987491770902,4825.0,0.8329533678756477,0.8462304055735258,4019.0,2643.0,0.7782822550132426,0.26689353427321344,2057.0
0.55,0.15,0.0,0.0,0.5,0.45,0.6,0.65,False,7468.0,0.8752008569898232,0.6563034797490017,0.640924092409241,0.6486137860791213,0.6491697911087306,0.6491738066095472,0.5364137086903304,0.4635862913096695,0.55,0.5,6536.0,3506.0,3030.0,0.7063832148945653,0.21882884066514852,0.6269735220696954,0.26111408677021963,0.5541149565837415,0.47122728536340874,3506.0,3030.0,6536.0,0.8752008569898232,0.6491738066095472,4825.0,0.892020725388601,0.8673327137546468,4304.0,2643.0,0.8444948921679909,0.22849462365591397,2232.0
0.55,0.15,0.0,0.0,0.5,0.45,0.6,0.65,True,7468.0,0.8867166577396893,0.6541924592009004,0.6378748370273793,0.6460336481141399,0.6491697911087306,0.6466324373301118,0.5366958622772576,0.46330413772274237,0.55,0.5,6622.0,3554.0,3068.0,0.7063832148945653,0.21882884066514852,0.6269735220696954,0.26004284949116235,0.5597650436783843,0.46455714308693274,3554.0,3068.0,6622.0,0.8867166577396893,0.6466324373301118,4825.0,0.9017616580310881,0.8579636865088486,4351.0,2643.0,0.8592508513053349,0.24174372523117568,2271.0
0.55,0.15,0.0,0.0,0.5,0.45,0.6,1.0,False,7468.0,0.8845741831815748,0.6550169109357384,0.6409417920209287,0.6479793514783336,0.6491697911087306,0.6485013623978202,0.5370874962155616,0.4629125037844384,0.55,0.5,6606.0,3548.0,3058.0,0.7063832148945653,0.21882884066514852,0.6269735220696954,0.26272094268880564,0.5576079449276028,0.4711571007527809,3548.0,3058.0,6606.0,0.8845741831815748,0.6485013623978202,4825.0,0.900518134715026,0.868584579976985,4345.0,2643.0,0.8554672720393492,0.22556390977443608,2261.0
0.55,0.15,0.0,0.0,0.5,0.45,0.6,1.0,True,7468.0,0.8960899839314408,0.6529477196885428,0.6379198966408268,0.6454338081646849,0.6491697911087306,0.6459952181709504,0.5373580394500896,0.46264196054991036,0.55,0.5,6692.0,3596.0,3096.0,0.7063832148945653,0.21882884066514852,0.6269735220696954,0.2616497054097483,0.5632229924824148,0.4645579262602949,3596.0,3096.0,6692.0,0.8960899839314408,0.6459952181709504,4825.0,0.9102590673575129,0.8592896174863388,4392.0,2643.0,0.8702232311766932,0.23869565217391303,2300.0
0.55,0.15,0.0,0.0,0.5,0.45,1.0,0.55,False,7468.0,0.835698982324585,0.6600896860986547,0.6450276243093923,0.6525586552040235,0.6491697911087306,0.6531004646691235,0.5359717993911233,0.4640282006088768,0.55,0.5,6241.0,3345.0,2896.0,0.7063832148945653,0.21882884066514852,0.6269735220696954,0.25589180503481523,0.5384269575763131,0.4752581597821406,3345.0,2896.0,6241.0,0.835698982324585,0.6531004646691235,4825.0,0.8574093264248704,0.8619772782209331,4137.0,2643.0,0.796065077563375,0.2423954372623574,2104.0
0.55,0.15,0.0,0.0,0.5,0.45,1.0,0.55,True,7468.0,0.847214783074451,0.6578249336870027,0.641785957736878,0.6498054457119403,0.6491697911087306,0.6503872293345978,0.5362731152204836,0.46372688477951635,0.55,0.5,6327.0,3393.0,2934.0,0.7063832148945653,0.21882884066514852,0.6269735220696954,0.25482056775575795,0.5442399357446552,0.468213651773092,3393.0,2934.0,6327.0,0.847214783074451,0.6503872293345978,4825.0,0.8671502590673575,0.8522944550669216,4184.0,2643.0,0.8108210367007189,0.25618292113859076,2143.0
0.55,0.15,0.0,0.0,0.5,0.45,1.0,0.65,False,7468.0,0.909346545259775,0.6552761071623838,0.6425151611873604,0.6488956341748722,0.6491697911087306,0.649388897069651,0.5386541010160506,0.46134589898394934,0.55,0.5,6791.0,3658.0,3133.0,0.7063832148945653,0.21882884066514852,0.6269735220696954,0.2716925549009105,0.5646476734915608,0.481171830959419,3658.0,3133.0,6791.0,0.909346545259775,0.649388897069651,4825.0,0.9266321243523316,0.8722880787295907,4471.0,2643.0,0.8777903897086644,0.21982758620689655,2320.0
0.55,0.15,0.0,0.0,0.5,0.45,1.0,0.65,True,7468.0,0.9208623460096411,0.6532649757150567,0.6395458845789972,0.646405430147027,0.6491697911087306,0.6469390722698851,0.5388977751926712,0.46110222480732876,0.55,0.5,6877.0,3706.0,3171.0,0.7063832148945653,0.21882884066514852,0.6269735220696954,0.2706213176218532,0.5701934006930403,0.4746132054368345,3706.0,3171.0,6877.0,0.9208623460096411,0.6469390722698851,4825.0,0.9363730569948187,0.8632138114209827,4518.0,2643.0,0.8925463488460084,0.2327257312420517,2359.0
0.55,0.15,0.0,0.0,0.5,0.45,1.0,1.0,False,7468.0,0.9187198714515266,0.654054054054054,0.6425181904460614,0.6482861222500578,0.6491697911087306,0.6487392508380703,0.5392799883398921,0.46072001166010784,0.55,0.5,6861.0,3700.0,3161.0,0.7063832148945653,0.21882884066514852,0.6269735220696954,0.27329941081949655,0.568075901896934,0.48109664554839937,3700.0,3161.0,6861.0,0.9187198714515266,0.6487392508380703,4825.0,0.9351295336787565,0.8734485815602837,4512.0,2643.0,0.8887627695800226,0.21711366538952745,2349.0
0.55,0.15,0.0,0.0,0.5,0.45,1.0,1.0,True,7468.0,0.9302356722013926,0.6520811099252934,0.6395748671459831,0.6458279885356383,0.6491697911087306,0.6463221534475313,0.5395134590470707,0.46048654095292935,0.55,0.5,6947.0,3748.0,3199.0,0.7063832148945653,0.21882884066514852,0.6269735220696954,0.2722281735404392,0.5735884843077629,0.47460536776462425,3748.0,3199.0,6947.0,0.9302356722013926,0.6463221534475313,4825.0,0.9448704663212435,0.8644439570081158,4559.0,2643.0,0.9035187287173666,0.22989949748743718,2388.0
0.55,0.15,0.0,0.0,0.5,0.55,0.5,0.55,False,7468.0,0.5937332619175147,0.671063829787234,0.6401151631477927,0.6555894964675133,0.6491697911087306,0.6565178168696436,0.5299954894000902,0.4700045105999098,0.55,0.5,4434.0,2350.0,2084.0,0.7063832148945653,0.21882884066514852,0.6269735220696954,0.18585966791644343,0.45159361930892655,0.41156398135311206,2350.0,2084.0,4434.0,0.5937332619175147,0.6565178168696436,4825.0,0.618860103626943,0.8144675150703282,2986.0,2643.0,0.5478622777147181,0.3308011049723757,1448.0
0.55,0.15,0.0,0.0,0.5,0.55,0.5,0.55,True,7468.0,0.6052490626673809,0.6676396997497915,0.6357210179076344,0.651680358828713,0.6491697911087306,0.6526548672566371,0.5305309734513274,0.46946902654867256,0.55,0.5,4520.0,2398.0,2122.0,0.7063832148945653,0.21882884066514852,0.6269735220696954,0.18478843063738615,0.45850879600613703,0.4030204703748209,2398.0,2122.0,4520.0,0.6052490626673809,0.6526548672566371,4825.0,0.6286010362694301,0.8018463567424992,3033.0,2643.0,0.562618236852062,0.34835238735709484,1487.0
0.55,0.15,0.0,0.0,0.5,0.55,0.5,0.65,False,7468.0,0.6440814140332084,0.6670547147846333,0.6394984326018809,0.6532765736932571,0.6491697911087306,0.6542619542619542,0.5357588357588358,0.46424116424116424,0.55,0.5,4810.0,2577.0,2233.0,0.7063832148945653,0.21882884066514852,0.6269735220696954,0.19871451526513118,0.47189347249568797,0.4211003687213473,2577.0,2233.0,4810.0,0.6440814140332084,0.6542619542619542,4825.0,0.6677720207253885,0.8280571073867163,3222.0,2643.0,0.6008323874385169,0.30163727959697734,1588.0
0.55,0.15,0.0,0.0,0.5,0.55,0.5,0.65,True,7468.0,0.6555972147830744,0.664,0.6354029062087186,0.6497014531043593,0.6491697911087306,0.6507352941176471,0.5361519607843137,0.4638480392156863,0.55,0.5,4896.0,2625.0,2271.0,0.7063832148945653,0.21882884066514852,0.6269735220696954,0.19764327798607392,0.4785153794795944,0.4130343275508079,2625.0,2271.0,4896.0,0.6555972147830744,0.6507352941176471,4825.0,0.6775129533678756,0.8161517283572958,3269.0,2643.0,0.6155883465758608,0.31837738168408114,1627.0
0.55,0.15,0.0,0.0,0.5,0.55,0.5,1.0,False,7468.0,0.6517139796464917,0.6648814078041316,0.6400355082112739,0.6524584580077027,0.6491697911087306,0.6533799054859256,0.5370865009245942,0.4629134990754058,0.55,0.5,4867.0,2614.0,2253.0,0.7063832148945653,0.21882884066514852,0.6269735220696954,0.1999196572040707,0.4752863991544577,0.4206298719250773,2614.0,2253.0,4867.0,0.6517139796464917,0.6533799054859256,4825.0,0.6746113989637306,0.829800307219662,3255.0,2643.0,0.6099129776768824,0.29714640198511166,1612.0
0.55,0.15,0.0,0.0,0.5,0.55,0.5,1.0,True,7468.0,0.6632297803963578,0.66190833959429,0.6359668267132257,0.6489375831537578,0.6491697911087306,0.6499091459721381,0.5374520492630729,0.4625479507369271,0.55,0.5,4953.0,2662.0,2291.0,0.7063832148945653,0.21882884066514852,0.6269735220696954,0.19884841992501343,0.48186168164284676,0.4126670110955176,2662.0,2291.0,4953.0,0.6632297803963578,0.6499091459721381,4825.0,0.6843523316062177,0.8179890975166566,3302.0,2643.0,0.6246689368142263,0.31374924288310113,1651.0
0.55,0.15,0.0,0.0,0.5,0.55,0.55,0.55,False,7468.0,0.735270487412962,0.6600343053173242,0.6440217391304348,0.6520280222238795,0.6491697911087306,0.6525223092332908,0.5308686942269167,0.4691313057730832,0.55,0.5,5491.0,2915.0,2576.0,0.7063832148945653,0.21882884066514852,0.6269735220696954,0.22429030530262448,0.5054602764364068,0.4437347814627783,2915.0,2576.0,5491.0,0.735270487412962,0.6525223092332908,4825.0,0.7581347150259067,0.8485511208310552,3658.0,2643.0,0.6935300794551645,0.2613202400436443,1833.0
0.55,0.15,0.0,0.0,0.5,0.55,0.55,0.55,True,7468.0,0.7467862881628281,0.6574417819777253,0.640397857689365,0.6489198198335451,0.6491697911087306,0.6494531109915725,0.5312892235969159,0.4687107764030841,0.55,0.5,5577.0,2963.0,2614.0,0.7063832148945653,0.21882884066514852,0.6269735220696954,0.22321906802356725,0.5116479356643887,0.43627473593480104,2963.0,2614.0,5577.0,0.7467862881628281,0.6494531109915725,4825.0,0.7678756476683938,0.8377867746288798,3705.0,2643.0,0.7082860385925085,0.2767094017094017,1872.0
0.55,0.15,0.0,0.0,0.5,0.55,0.55,0.65,False,7468.0,0.8082485270487413,0.6545736434108527,0.6414087513340448,0.6479911973724488,0.6491697911087306,0.648442677269715,0.5342942345924453,0.46570576540755465,0.55,0.5,6036.0,3225.0,2811.0,0.7063832148945653,0.21882884066514852,0.6269735220696954,0.23995715050883773,0.5330531758370377,0.45015612210177736,3225.0,2811.0,6036.0,0.8082485270487413,0.648442677269715,4825.0,0.8267357512953368,0.86111807470544,3989.0,2643.0,0.774498675747257,0.2340009770395701,2047.0
0.55,0.15,0.0,0.0,0.5,0.55,0.55,0.65,True,7468.0,0.8197643277986074,0.6523067522150932,0.6381186381186381,0.6452126951668656,0.6491697911087306,0.6457040182946749,0.5346292061417838,0.4653707938582163,0.55,0.5,6122.0,3273.0,2849.0,0.7063832148945653,0.21882884066514852,0.6269735220696954,0.2388859132297804,0.5389241201546036,0.4432644676605867,3273.0,2849.0,6122.0,0.8197643277986074,0.6457040182946749,4825.0,0.8364766839378238,0.8510901883052527,4036.0,2643.0,0.7892546348846008,0.2483221476510067,2086.0
0.55,0.15,0.0,0.0,0.5,0.55,0.55,1.0,False,7468.0,0.8176218532404927,0.6531986531986532,0.6414230362803804,0.6473108447395168,0.6491697911087306,0.6477235506059613,0.5350474942679332,0.4649525057320668,0.55,0.5,6106.0,3267.0,2839.0,0.7063832148945653,0.21882884066514852,0.6269735220696954,0.24156400642742362,0.536683261716382,0.4501053482735252,3267.0,2839.0,6106.0,0.8176218532404927,0.6477235506059613,4825.0,0.8352331606217617,0.862531017369727,4030.0,2643.0,0.7854710556186152,0.23073217726396916,2076.0
0.55,0.15,0.0,0.0,0.5,0.55,0.55,1.0,True,7468.0,0.8291376539903589,0.6509803921568628,0.6381647549530761,0.6445725735549694,0.6491697911087306,0.6450258397932817,0.5353682170542635,0.4646317829457364,0.55,0.5,6192.0,3315.0,2877.0,0.7063832148945653,0.21882884066514852,0.6269735220696954,0.24049276914836637,0.5425149236850506,0.44329244901653814,3315.0,2877.0,6192.0,0.8291376539903589,0.6450258397932817,4825.0,0.8449740932642487,0.8525876870247732,4077.0,2643.0,0.8002270147559591,0.24491725768321512,2115.0
0.55,0.15,0.0,0.0,0.5,0.55,0.6,0.55,False,7468.0,0.7956614890198179,0.6622474747474747,0.642393655371305,0.6523205650593898,0.6491697911087306,0.6529787950185123,0.5331538202625379,0.4668461797374621,0.55,0.5,5942.0,3168.0,2774.0,0.7063832148945653,0.21882884066514852,0.6269735220696954,0.24343867166577401,0.5254630421609325,0.4632840982776797,3168.0,2774.0,5942.0,0.7956614890198179,0.6529787950185123,4825.0,0.8196891191709844,0.8599241466498103,3955.0,2643.0,0.7517972001513432,0.24106693507800706,1987.0
0.55,0.15,0.0,0.0,0.5,0.55,0.6,0.55,True,7468.0,0.807177289769684,0.6598258706467661,0.6390469416785206,0.6494364061626434,0.6491697911087306,0.6501327140013271,0.5335102853351028,0.46648971466489714,0.55,0.5,6028.0,3216.0,2812.0,0.7063832148945653,0.21882884066514852,0.6269735220696954,0.2423674343867166,0.5314178466061181,0.4560769570208978,3216.0,2812.0,6028.0,0.807177289769684,0.6501327140013271,4825.0,0.8294300518134715,0.8498250874562718,4002.0,2643.0,0.7665531592886871,0.25567620927936824,2026.0
0.55,0.15,0.0,0.0,0.5,0.55,0.6,0.65,False,7468.0,0.8687734333154794,0.6570853693590112,0.6400797607178464,0.6485825650384288,0.6491697911087306,0.6491985203452528,0.5362207151664612,0.46377928483353886,0.55,0.5,6488.0,3479.0,3009.0,0.7063832148945653,0.21882884066514852,0.6269735220696954,0.2592394215318694,0.5520570676042514,0.4695880856247061,3479.0,3009.0,6488.0,0.8687734333154794,0.6491985203452528,4825.0,0.8884974093264248,0.8707721017028225,4287.0,2643.0,0.8327657964434355,0.21762835074965925,2201.0
0.55,0.15,0.0,0.0,0.5,0.55,0.6,0.65,True,7468.0,0.8802892340653454,0.6549475474907853,0.6370200196914998,0.6459837835911426,0.6491697911087306,0.6466382719805294,0.5365074536051111,0.46349254639488896,0.55,0.5,6574.0,3527.0,3047.0,0.7063832148945653,0.21882884066514852,0.6269735220696954,0.258168184252812,0.5577280026197956,0.4628926341157839,3527.0,3047.0,6574.0,0.8802892340653454,0.6466382719805294,4825.0,0.898238341968912,0.8613290263036456,4334.0,2643.0,0.8475217555807795,0.23125,2240.0
0.55,0.15,0.0,0.0,0.5,0.55,0.6,1.0,False,7468.0,0.8781467595072309,0.6557796080658904,0.6401053671386236,0.647942487602257,0.6491697911087306,0.6485208905154011,0.536901494358036,0.46309850564196403,0.55,0.5,6558.0,3521.0,3037.0,0.7063832148945653,0.21882884066514852,0.6269735220696954,0.26084627745045535,0.5555629946535207,0.46951701240132687,3521.0,3037.0,6558.0,0.8781467595072309,0.6485208905154011,4825.0,0.8969948186528497,0.871996303142329,4328.0,2643.0,0.8437381763147938,0.2147982062780269,2230.0
0.55,0.15,0.0,0.0,0.5,0.55,0.6,1.0,True,7468.0,0.889662560257097,0.6536845054637154,0.6370731707317073,0.6453788380977113,0.6491697911087306,0.645996387718242,0.5371763997591812,0.4628236002408188,0.55,0.5,6644.0,3569.0,3075.0,0.7063832148945653,0.21882884066514852,0.6269735220696954,0.2597750401713979,0.5611985032435934,0.4628933232536441,3569.0,3075.0,6644.0,0.889662560257097,0.645996387718242,4825.0,0.9067357512953368,0.8626285714285714,4375.0,2643.0,0.8584941354521377,0.22829440282062582,2269.0
0.55,0.15,0.0,0.0,0.5,0.55,1.0,0.55,False,7468.0,0.829271558650241,0.6609403254972875,0.6441739130434783,0.652557119270383,0.6491697911087306,0.6531567899241079,0.5357661876311965,0.4642338123688035,0.55,0.5,6193.0,3318.0,2875.0,0.7063832148945653,0.21882884066514852,0.6269735220696954,0.2540171397964649,0.536308875021557,0.4736396349701553,3318.0,2875.0,6193.0,0.829271558650241,0.6531567899241079,4825.0,0.8538860103626943,0.8655339805825243,4120.0,2643.0,0.7843359818388195,0.2310660877954655,2073.0
0.55,0.15,0.0,0.0,0.5,0.55,1.0,0.55,True,7468.0,0.8407873594001071,0.6586452762923352,0.6409200137315483,0.6497826450119417,0.6491697911087306,0.6504220417263895,0.5360726230291448,0.46392737697085523,0.55,0.5,6279.0,3366.0,2913.0,0.7063832148945653,0.21882884066514852,0.6269735220696954,0.2529459025174075,0.5421445641536488,0.466565413068903,3366.0,2913.0,6279.0,0.8407873594001071,0.6504220417263895,4825.0,0.8636269430051814,0.8557715382769379,4167.0,2643.0,0.7990919409761634,0.24526515151515152,2112.0
0.55,0.15,0.0,0.0,0.5,0.55,1.0,0.65,False,7468.0,0.9029191215854312,0.6560176259983476,0.6417095115681234,0.6488635687832355,0.6491697911087306,0.649414207326116,0.5384843541450393,0.4615156458549607,0.55,0.5,6743.0,3631.0,3112.0,0.7063832148945653,0.21882884066514852,0.6269735220696954,0.2698178896625603,0.562628310664719,0.479566855325469,3631.0,3112.0,6743.0,0.9029191215854312,0.649414207326116,4825.0,0.9231088082901554,0.8756174225415357,4454.0,2643.0,0.8660612939841089,0.2092616863259065,2289.0
0.55,0.15,0.0,0.0,0.5,0.55,1.0,0.65,True,7468.0,0.9144349223352972,0.6539820603424844,0.6387301587301587,0.6463561095363215,0.6491697911087306,0.6469468443403134,0.5387318787523796,0.46126812124762046,0.55,0.5,6829.0,3679.0,3150.0,0.7063832148945653,0.21882884066514852,0.6269735220696954,0.2687466523835029,0.5681937477444619,0.47298417740486726,3679.0,3150.0,6829.0,0.9144349223352972,0.6469468443403134,4825.0,0.9328497409326425,0.8664741168629193,4501.0,2643.0,0.8808172531214529,0.22250859106529208,2328.0
0.55,0.15,0.0,0.0,0.5,0.55,1.0,1.0,False,7468.0,0.9122924477771827,0.6547781105363463,0.64171974522293,0.6482489278796382,0.6491697911087306,0.6487597240569499,0.5391163951269632,0.46088360487303687,0.55,0.5,6813.0,3673.0,3140.0,0.7063832148945653,0.21882884066514852,0.6269735220696954,0.2714247455811462,0.5660687688770846,0.4794907624378815,3673.0,3140.0,6813.0,0.9122924477771827,0.6487597240569499,4825.0,0.9316062176165804,0.8767519466073415,4495.0,2643.0,0.8770336738554673,0.20664365832614323,2318.0
0.55,0.15,0.0,0.0,0.5,0.55,1.0,1.0,True,7468.0,0.9238082485270488,0.652781510346681,0.6387665198237885,0.6457740150852347,0.6491697911087306,0.646325554428178,0.5393535294970285,0.4606464705029715,0.55,0.5,6899.0,3721.0,3178.0,0.7063832148945653,0.21882884066514852,0.6269735220696954,0.2703535083020889,0.57160070863539,0.47297616013723437,3721.0,3178.0,6899.0,0.9238082485270488,0.646325554428178,4825.0,0.9413471502590673,0.8676794363716425,4542.0,2643.0,0.8917896329928112,0.21977089520577003,2357.0
0.55,0.15,0.0,0.0,0.6,0.45,0.5,0.55,False,7468.0,0.5816818425281199,0.6758383490971626,0.645193260654113,0.6605158048756378,0.6491697911087306,0.6616022099447514,0.535451197053407,0.464548802946593,0.55,0.6,4344.0,2326.0,2018.0,0.7063832148945653,0.21882884066514852,0.6269735220696954,0.1880021424745581,0.44366637243178675,0.4237466577511759,2326.0,2018.0,4344.0,0.5816818425281199,0.6616022099447514,4825.0,0.6078756476683937,0.8291851346743948,2933.0,2643.0,0.5338630344305714,0.3132530120481928,1411.0
0.55,0.15,0.0,0.0,0.6,0.45,0.5,0.55,True,7468.0,0.5929298339582217,0.6722830665543387,0.6407010710808179,0.6564920688175783,0.6491697911087306,0.6576332429990966,0.53613369467028,0.46386630532971995,0.55,0.6,4428.0,2374.0,2054.0,0.7063832148945653,0.21882884066514852,0.6269735220696954,0.1869309051955008,0.45055461864391144,0.41489066466154373,2374.0,2054.0,4428.0,0.5929298339582217,0.6576332429990966,4825.0,0.6174093264248705,0.8163813360187983,2979.0,2643.0,0.5482406356413166,0.33126293995859213,1449.0
0.55,0.15,0.0,0.0,0.6,0.45,0.5,0.65,False,7468.0,0.6320299946438136,0.6713670191931062,0.6442085832948777,0.6577878012439919,0.6491697911087306,0.6588983050847458,0.5408898305084746,0.45911016949152544,0.55,0.6,4720.0,2553.0,2167.0,0.7063832148945653,0.21882884066514852,0.6269735220696954,0.20085698982324587,0.464312935863609,0.4325896917983935,2553.0,2167.0,4720.0,0.6320299946438136,0.6588983050847458,4825.0,0.6567875647668394,0.8419059640265067,3169.0,2643.0,0.58683314415437,0.28497743391360414,1551.0
0.55,0.15,0.0,0.0,0.6,0.45,0.5,0.65,True,7468.0,0.6432779860739154,0.6682045367166475,0.640036314117113,0.6541204254168802,0.6491697911087306,0.6552872606161532,0.5414238134887593,0.45857618651124066,0.55,0.6,4804.0,2601.0,2203.0,0.7063832148945653,0.21882884066514852,0.6269735220696954,0.19978575254418848,0.4708992639247416,0.4242643126664941,2601.0,2203.0,4804.0,0.6432779860739154,0.6552872606161532,4825.0,0.666321243523316,0.829860031104199,3215.0,2643.0,0.6012107453651154,0.302076777847703,1589.0
0.55,0.15,0.0,0.0,0.6,0.45,0.5,1.0,False,7468.0,0.639662560257097,0.6691119691119691,0.644718792866941,0.656915380989455,0.6491697911087306,0.6579443165166422,0.5421812853255181,0.4578187146744819,0.55,0.6,4777.0,2590.0,2187.0,0.7063832148945653,0.21882884066514852,0.6269735220696954,0.2020621317621853,0.4677608515549969,0.4319774326783905,2590.0,2187.0,4777.0,0.639662560257097,0.6579443165166422,4825.0,0.6636269430051813,0.8435352904434729,3202.0,2643.0,0.5959137343927355,0.2806349206349206,1575.0
0.55,0.15,0.0,0.0,0.6,0.45,0.5,1.0,True,7468.0,0.6509105516871987,0.6660348749052313,0.6405757984705354,0.6533053366878834,0.6491697911087306,0.654392100390866,0.5426866899814853,0.4573133100185147,0.55,0.6,4861.0,2638.0,2223.0,0.7063832148945653,0.21882884066514852,0.6269735220696954,0.20099089448312796,0.47429930276359816,0.42376384133819084,2638.0,2223.0,4861.0,0.6509105516871987,0.654392100390866,4825.0,0.673160621761658,0.8315886699507389,3248.0,2643.0,0.6102913356034809,0.2975821450712957,1613.0
0.55,0.15,0.0,0.0,0.6,0.45,0.55,0.55,False,7468.0,0.7232190680235672,0.663784157730889,0.648207171314741,0.655995664522815,0.6491697911087306,0.6565450842436585,0.5352712460655434,0.46472875393445656,0.55,0.6,5401.0,2891.0,2510.0,0.7063832148945653,0.21882884066514852,0.6269735220696954,0.22643277986073906,0.4983905537642282,0.45432799267671675,2891.0,2510.0,5401.0,0.7232190680235672,0.6565450842436585,4825.0,0.7471502590673575,0.8610263522884882,3605.0,2643.0,0.6795308361710178,0.24610244988864144,1796.0
0.55,0.15,0.0,0.0,0.6,0.45,0.55,0.55,True,7468.0,0.734467059453669,0.6611092208234093,0.6445404556166536,0.6528248382200315,0.6491697911087306,0.6534184138559709,0.5358249772105743,0.4641750227894257,0.55,0.6,5485.0,2939.0,2546.0,0.7063832148945653,0.21882884066514852,0.6269735220696954,0.22536154258168192,0.5045322174410605,0.446674235640876,2939.0,2546.0,5485.0,0.734467059453669,0.6534184138559709,4825.0,0.7566839378238343,0.8501780334155026,3651.0,2643.0,0.6939084373817631,0.2617230098146129,1834.0
0.55,0.15,0.0,0.0,0.6,0.45,0.55,0.65,False,7468.0,0.7961971076593466,0.6579194001874414,0.6451730418943533,0.6515462210408973,0.6491697911087306,0.6520349815001681,0.5383451059535822,0.46165489404641774,0.55,0.6,5946.0,3201.0,2745.0,0.7063832148945653,0.21882884066514852,0.6269735220696954,0.2420996250669523,0.5263541975668069,0.45995572218501035,3201.0,2745.0,5946.0,0.7961971076593466,0.6520349815001681,4825.0,0.8157512953367876,0.8727134146341463,3936.0,2643.0,0.7604994324631101,0.21990049751243781,2010.0
0.55,0.15,0.0,0.0,0.6,0.45,0.55,0.65,True,7468.0,0.8074450990894483,0.6555863342566943,0.6418554476806904,0.6487208909686923,0.6491697911087306,0.6492537313432836,0.5388059701492537,0.46119402985074626,0.55,0.6,6030.0,3249.0,2781.0,0.7063832148945653,0.21882884066514852,0.6269735220696954,0.24102838778789498,0.5321732383827438,0.45291339436829253,3249.0,2781.0,6030.0,0.8074450990894483,0.6492537313432836,4825.0,0.8252849740932643,0.8626318432948267,3982.0,2643.0,0.7748770336738555,0.234375,2048.0
0.55,0.15,0.0,0.0,0.6,0.45,0.55,1.0,False,7468.0,0.8055704338510981,0.656490903484428,0.6451496574107465,0.6508202804475872,0.6491697911087306,0.6512632978723404,0.5390625,0.4609375,0.55,0.6,6016.0,3243.0,2773.0,0.7063832148945653,0.21882884066514852,0.6269735220696954,0.24370648098553824,0.5300301655875634,0.45979737910837226,3243.0,2773.0,6016.0,0.8055704338510981,0.6512632978723404,4825.0,0.8242487046632124,0.8740256474729696,3977.0,2643.0,0.7714718123344684,0.2167729279058362,2039.0
0.55,0.15,0.0,0.0,0.6,0.45,0.55,1.0,True,7468.0,0.8168184252811997,0.6542084472804619,0.6418654325382699,0.648036939909366,0.6491697911087306,0.6485245901639344,0.5395081967213115,0.46049180327868855,0.55,0.6,6100.0,3291.0,2809.0,0.7063832148945653,0.21882884066514852,0.6269735220696954,0.2426352437064809,0.5358092858353235,0.4528388180660475,3291.0,2809.0,6100.0,0.8168184252811997,0.6485245901639344,4825.0,0.8337823834196891,0.8640318170519513,4023.0,2643.0,0.7858494135452138,0.23110255175734232,2077.0
0.55,0.15,0.0,0.0,0.6,0.45,0.6,0.55,False,7468.0,0.7836100696304231,0.6657124681933843,0.6462333825701625,0.6559729253817734,0.6491697911087306,0.6566985645933014,0.5372522214627478,0.46274777853725224,0.55,0.6,5852.0,3144.0,2708.0,0.7063832148945653,0.21882884066514852,0.6269735220696954,0.2455811462238886,0.5186660406304496,0.47348607193441755,3144.0,2708.0,5852.0,0.7836100696304231,0.6566985645933014,4825.0,0.8087046632124353,0.871604305484367,3902.0,2643.0,0.7377979568671964,0.22666666666666666,1950.0
0.55,0.15,0.0,0.0,0.6,0.45,0.6,0.55,True,7468.0,0.7948580610605249,0.6632205513784462,0.6428571428571429,0.6530388471177946,0.6491697911087306,0.6538072776280324,0.5377358490566038,0.46226415094339623,0.55,0.6,5936.0,3192.0,2744.0,0.7063832148945653,0.21882884066514852,0.6269735220696954,0.24450990894483132,0.5245703728365211,0.4661145989291912,3192.0,2744.0,5936.0,0.7948580610605249,0.6538072776280324,4825.0,0.8182383419689119,0.8614488348530902,3948.0,2643.0,0.7521755580779418,0.2414486921529175,1988.0
0.55,0.15,0.0,0.0,0.6,0.45,0.6,0.65,False,7468.0,0.8567220139260846,0.6602026049204052,0.6435609921848454,0.6518817985526253,0.6491697911087306,0.6525476711472336,0.5400125039074711,0.4599874960925289,0.55,0.6,6398.0,3455.0,2943.0,0.7063832148945653,0.21882884066514852,0.6269735220696954,0.261381896089984,0.5455914762146219,0.4790798747507613,3455.0,2943.0,6398.0,0.8567220139260846,0.6525476711472336,4825.0,0.8775129533678756,0.8816721776098252,4234.0,2643.0,0.8187665531592887,0.20425138632162662,2164.0
0.55,0.15,0.0,0.0,0.6,0.45,0.6,0.65,True,7468.0,0.8679700053561864,0.6580074222095347,0.6404833836858006,0.6492454029476676,0.6491697911087306,0.6499537179882752,0.5404196235729714,0.4595803764270287,0.55,0.6,6482.0,3503.0,2979.0,0.7063832148945653,0.21882884066514852,0.6269735220696954,0.2603106588109265,0.5512074684477978,0.4722553189345607,3503.0,2979.0,6482.0,0.8679700053561864,0.6499537179882752,4825.0,0.8870466321243523,0.872196261682243,4280.0,2643.0,0.8331441543700341,0.21798365122615804,2202.0
0.55,0.15,0.0,0.0,0.6,0.45,0.6,1.0,False,7468.0,0.8660953401178361,0.6588504432370603,0.6435543588017503,0.6512024010194053,0.6491697911087306,0.6518243661100804,0.5406617192331478,0.4593382807668522,0.55,0.6,6468.0,3497.0,2971.0,0.7063832148945653,0.21882884066514852,0.6269735220696954,0.26298875200856997,0.5491386838082281,0.478911356571652,3497.0,2971.0,6468.0,0.8660953401178361,0.6518243661100804,4825.0,0.8860103626943006,0.8828070175438596,4275.0,2643.0,0.8297389330306469,0.20155038759689922,2193.0
0.55,0.15,0.0,0.0,0.6,0.45,0.6,1.0,True,7468.0,0.8773433315479379,0.6566995768688293,0.6405054871965414,0.6486025320326854,0.6491697911087306,0.6492673992673993,0.541056166056166,0.4589438339438339,0.55,0.6,6552.0,3545.0,3007.0,0.7063832148945653,0.21882884066514852,0.6269735220696954,0.26191751472951263,0.5547187651497041,0.47216270871750293,3545.0,3007.0,6552.0,0.8773433315479379,0.6492673992673993,4825.0,0.8955440414507772,0.8734089331173339,4321.0,2643.0,0.8441165342413923,0.2151501568803227,2231.0
0.55,0.15,0.0,0.0,0.6,0.45,1.0,0.55,False,7468.0,0.8172201392608462,0.6642380085003036,0.6479174083303667,0.6560777084153351,0.6491697911087306,0.6567262002293954,0.5397345567753564,0.46026544322464363,0.55,0.6,6103.0,3294.0,2809.0,0.7063832148945653,0.21882884066514852,0.6269735220696954,0.2561596143545796,0.5296510761370483,0.4836384289499636,3294.0,2809.0,6103.0,0.8172201392608462,0.6567262002293954,4825.0,0.842901554404145,0.8768133759527907,4067.0,2643.0,0.7703367385546728,0.21709233791748528,2036.0
0.55,0.15,0.0,0.0,0.6,0.45,1.0,0.55,True,7468.0,0.828468130690948,0.6618791143028127,0.6446397188049209,0.6532594165538668,0.6491697911087306,0.653951834491676,0.5401648618070147,0.45983513819298527,0.55,0.6,6187.0,3342.0,2845.0,0.7063832148945653,0.21882884066514852,0.6269735220696954,0.2550883770755221,0.5354342880388899,0.47641397417752673,3342.0,2845.0,6187.0,0.828468130690948,0.653951834491676,4825.0,0.8524352331606218,0.8670070508144906,4113.0,2643.0,0.784714339765418,0.23143683702989393,2074.0
0.55,0.15,0.0,0.0,0.6,0.45,1.0,0.65,False,7468.0,0.8908677021960364,0.6589963958968672,0.6451083388049902,0.6520523673509286,0.6491697911087306,0.6526379077108072,0.5421614309334135,0.4578385690665865,0.55,0.6,6653.0,3607.0,3046.0,0.7063832148945653,0.21882884066514852,0.6269735220696954,0.271960364220675,0.5562856001980284,0.4888862198192109,3607.0,3046.0,6653.0,0.8908677021960364,0.6526379077108072,4825.0,0.9121243523316063,0.8861622358554874,4401.0,2643.0,0.8520620506999622,0.19626998223801065,2252.0
0.55,0.15,0.0,0.0,0.6,0.45,1.0,0.65,True,7468.0,0.9021156936261382,0.6569083447332421,0.6421155094094744,0.6495119270713583,0.6491697911087306,0.6501410123200237,0.5425263470387413,0.45747365296125875,0.55,0.6,6737.0,3655.0,3082.0,0.7063832148945653,0.21882884066514852,0.6269735220696954,0.27088912694161754,0.5617946985708038,0.4821852673774867,3655.0,3082.0,6737.0,0.9021156936261382,0.6501410123200237,4825.0,0.9216580310880829,0.8769957274567124,4447.0,2643.0,0.8664396519107075,0.2096069868995633,2290.0
0.55,0.15,0.0,0.0,0.6,0.45,1.0,1.0,False,7468.0,0.9002410283877879,0.6577144423129625,0.6450878334417697,0.6514011378773661,0.6491697911087306,0.6519410977242303,0.5427636471813179,0.45723635281868213,0.55,0.6,6723.0,3649.0,3074.0,0.7063832148945653,0.21882884066514852,0.6269735220696954,0.2735672201392608,0.5597650436783843,0.48871794198074325,3649.0,3074.0,6723.0,0.9002410283877879,0.6519410977242303,4825.0,0.9206217616580311,0.8872129671319225,4442.0,2643.0,0.8630344305713205,0.19377466023673828,2281.0
0.55,0.15,0.0,0.0,0.6,0.45,1.0,1.0,True,7468.0,0.9114890198178897,0.6556667568298621,0.6421221864951768,0.6488944716625195,0.6491697911087306,0.6494784780373145,0.543117379168503,0.456882620831497,0.55,0.6,6807.0,3697.0,3110.0,0.7063832148945653,0.21882884066514852,0.6269735220696954,0.2724959828602035,0.5652402307681603,0.482088796987932,3697.0,3110.0,6807.0,0.9114890198178897,0.6494784780373145,4825.0,0.9301554404145078,0.8781194295900179,4488.0,2643.0,0.8774120317820658,0.2069857697283312,2319.0
0.55,0.15,0.0,0.0,0.6,0.55,0.5,0.55,False,7468.0,0.5433851098018211,0.6917086578103527,0.6538666666666667,0.6727876622385097,0.6491697911087306,0.6742237555446032,0.5379497289305076,0.46205027106949237,0.55,0.6,4058.0,2183.0,1875.0,0.7063832148945653,0.21882884066514852,0.6269735220696954,0.1893411890733797,0.4207397774922413,0.450019701493214,2183.0,1875.0,4058.0,0.5433851098018211,0.6742237555446032,4825.0,0.5772020725388601,0.8732495511669659,2785.0,2643.0,0.4816496405599697,0.23880597014925373,1273.0
0.55,0.15,0.0,0.0,0.6,0.55,0.5,0.55,True,7468.0,0.553160149973219,0.6879783881134625,0.6492146596858639,0.6685965238996632,0.6491697911087306,0.6700556765916243,0.5376422173807794,0.4623577826192205,0.55,0.6,4131.0,2221.0,1910.0,0.7063832148945653,0.21882884066514852,0.6269735220696954,0.18813604713444032,0.4272142921525325,0.440378635711158,2221.0,1910.0,4131.0,0.553160149973219,0.6700556765916243,4825.0,0.585699481865285,0.8605803255484784,2826.0,2643.0,0.49375709421112374,0.2574712643678161,1305.0
0.55,0.15,0.0,0.0,0.6,0.55,0.5,0.65,False,7468.0,0.5937332619175147,0.6854771784232365,0.6521739130434783,0.6688255457333574,0.6491697911087306,0.670275146594497,0.5435272891294542,0.4564727108705458,0.55,0.6,4434.0,2410.0,2024.0,0.7063832148945653,0.21882884066514852,0.6269735220696954,0.20219603642206746,0.44245746998748214,0.45698411742893147,2410.0,2024.0,4434.0,0.5937332619175147,0.670275146594497,4825.0,0.6261139896373057,0.8831512744124462,3021.0,2643.0,0.5346197502837684,0.2151450813871196,1413.0
0.55,0.15,0.0,0.0,0.6,0.55,0.5,0.65,True,7468.0,0.6035083020889127,0.6821895424836601,0.647887323943662,0.6650384332136611,0.6491697911087306,0.6665187486132682,0.5431550920789883,0.45684490792101173,0.55,0.6,4507.0,2448.0,2059.0,0.7063832148945653,0.21882884066514852,0.6269735220696954,0.20099089448312796,0.4486186618977106,0.4480216976104214,2448.0,2059.0,4507.0,0.6035083020889127,0.6665187486132682,4825.0,0.6346113989637305,0.8713259307642064,3062.0,2643.0,0.5467272039349225,0.23252595155709344,1445.0
0.55,0.15,0.0,0.0,0.6,0.55,0.5,1.0,False,7468.0,0.601365827530798,0.6828769922353902,0.6526418786692759,0.6677594354523331,0.6491697911087306,0.6691160097973725,0.5448675128033845,0.4551324871966155,0.55,0.6,4491.0,2447.0,2044.0,0.7063832148945653,0.21882884066514852,0.6269735220696954,0.20340117836100693,0.4460743487187932,0.4559804412542711,2447.0,2044.0,4491.0,0.601365827530798,0.6691160097973725,4825.0,0.6329533678756477,0.8844138834315651,3054.0,2643.0,0.5437003405221339,0.2115518441196938,1437.0
0.55,0.15,0.0,0.0,0.6,0.55,0.5,1.0,True,7468.0,0.611140867702196,0.6796780684104627,0.6483886483886484,0.6640333583995556,0.6491697911087306,0.6654250657318141,0.5444785276073619,0.455521472392638,0.55,0.6,4564.0,2485.0,2079.0,0.7063832148945653,0.21882884066514852,0.6269735220696954,0.2021960364220674,0.4521862621089503,0.44715209940046796,2485.0,2079.0,4564.0,0.611140867702196,0.6654250657318141,4825.0,0.6414507772020726,0.8726978998384491,3095.0,2643.0,0.555807794173288,0.22872702518720217,1469.0
0.55,0.15,0.0,0.0,0.6,0.55,0.55,0.55,False,7468.0,0.6849223352972683,0.675764192139738,0.6552598225602028,0.6655120073499704,0.6491697911087306,0.6662756598240469,0.5372434017595308,0.4627565982404692,0.55,0.6,5115.0,2748.0,2367.0,0.7063832148945653,0.21882884066514852,0.6269735220696954,0.22777182645956076,0.478095444884025,0.47641496880358897,2748.0,2367.0,5115.0,0.6849223352972683,0.6662756598240469,4825.0,0.7164766839378238,0.8978883424934915,3457.0,2643.0,0.6273174423004162,0.18335343787696018,1658.0
0.55,0.15,0.0,0.0,0.6,0.55,0.55,0.55,True,7468.0,0.6946973754686663,0.673007896625987,0.6515403830141548,0.6622741398200709,0.6491697911087306,0.6630686198920586,0.5370084811102545,0.46299151888974555,0.55,0.6,5188.0,2786.0,2402.0,0.7063832148945653,0.21882884066514852,0.6269735220696954,0.22656668452062126,0.4838030027542434,0.4683035930550227,2786.0,2402.0,5188.0,0.6946973754686663,0.6630686198920586,4825.0,0.7249740932642487,0.8873642081189251,3498.0,2643.0,0.6394248959515701,0.19881656804733727,1690.0
0.55,0.15,0.0,0.0,0.6,0.55,0.55,0.65,False,7468.0,0.7579003749330476,0.6684107259646828,0.6514219830899308,0.6599163545273068,0.6491697911087306,0.6606007067137809,0.5402826855123675,0.45971731448763253,0.55,0.6,5660.0,3058.0,2602.0,0.7063832148945653,0.21882884066514852,0.6269735220696954,0.24343867166577393,0.5071793091537122,0.47998541595078026,3058.0,2602.0,5660.0,0.7579003749330476,0.6606007067137809,4825.0,0.7850777202072539,0.9068109820485745,3788.0,2643.0,0.7082860385925085,0.1623931623931624,1872.0
0.55,0.15,0.0,0.0,0.6,0.55,0.55,0.65,True,7468.0,0.7676754151044456,0.6660206718346253,0.6480849450132726,0.657052808423949,0.6491697911087306,0.6577708006279435,0.5400313971742543,0.4599686028257457,0.55,0.6,5733.0,3096.0,2637.0,0.7063832148945653,0.21882884066514852,0.6269735220696954,0.24223352972683446,0.5125631109325032,0.4725925931074914,3096.0,2637.0,5733.0,0.7676754151044456,0.6577708006279435,4825.0,0.7935751295336787,0.8971010707756595,3829.0,2643.0,0.7203934922436626,0.17647058823529413,1904.0
0.55,0.15,0.0,0.0,0.6,0.55,0.55,1.0,False,7468.0,0.7672737011247991,0.6667741935483871,0.6513307984790875,0.6590524960137373,0.6491697911087306,0.6596858638743456,0.5410122164048866,0.45898778359511344,0.55,0.6,5730.0,3100.0,2630.0,0.7063832148945653,0.21882884066514852,0.6269735220696954,0.24504552758435996,0.5109932355425261,0.4795474979706785,3100.0,2630.0,5730.0,0.7672737011247991,0.6596858638743456,4825.0,0.7935751295336787,0.9078088273700705,3829.0,2643.0,0.7192584184638668,0.1599158337716991,1901.0
0.55,0.15,0.0,0.0,0.6,0.55,0.55,1.0,True,7468.0,0.777048741296197,0.6644359464627151,0.6480300187617261,0.6562329826122206,0.6491697911087306,0.6569016026193348,0.5407547820093055,0.45924521799069445,0.55,0.6,5803.0,3138.0,2665.0,0.7063832148945653,0.21882884066514852,0.6269735220696954,0.24384038564542046,0.516337271388952,0.47225021155162317,3138.0,2665.0,5803.0,0.777048741296197,0.6569016026193348,4825.0,0.8020725388601037,0.8981912144702843,3870.0,2643.0,0.7313658721150208,0.17382307294361096,1933.0
0.55,0.15,0.0,0.0,0.6,0.55,0.6,0.55,False,7468.0,0.7453133369041243,0.6767744085304899,0.6526315789473685,0.6647029937389292,0.6491697911087306,0.6656485806683435,0.5391663672296083,0.4608336327703917,0.55,0.6,5566.0,3001.0,2565.0,0.7063832148945653,0.21882884066514852,0.6269735220696954,0.24692019282271027,0.4991959255049134,0.4946358337619884,3001.0,2565.0,5566.0,0.7453133369041243,0.6656485806683435,4825.0,0.7780310880829016,0.905966968566862,3754.0,2643.0,0.6855845629965948,0.16777041942604856,1812.0
0.55,0.15,0.0,0.0,0.6,0.55,0.6,0.55,True,7468.0,0.7550883770755222,0.6742349457058243,0.6492307692307693,0.6617328574682968,0.6491697911087306,0.6627061535733286,0.5389253413725837,0.4610746586274162,0.55,0.6,5639.0,3039.0,2600.0,0.7063832148945653,0.21882884066514852,0.6269735220696954,0.2457150508837708,0.5046649017871916,0.48688753668743256,3039.0,2600.0,5639.0,0.7550883770755222,0.6627061535733286,4825.0,0.7865284974093264,0.8961791831357049,3795.0,2643.0,0.6976920166477488,0.1822125813449024,1844.0
0.55,0.15,0.0,0.0,0.6,0.55,0.6,0.65,False,7468.0,0.8184252811997857,0.669987922705314,0.6492857142857142,0.6596368184955141,0.6491697911087306,0.6605039267015707,0.5418848167539267,0.4581151832460733,0.55,0.6,6112.0,3312.0,2800.0,0.7063832148945653,0.21882884066514852,0.6269735220696954,0.2627209426888055,0.5271168459226949,0.49841120563871194,3312.0,2800.0,6112.0,0.8184252811997857,0.6605039267015707,4825.0,0.846839378238342,0.9136074400391581,4086.0,2643.0,0.7665531592886871,0.15004935834155972,2026.0
0.55,0.15,0.0,0.0,0.6,0.55,0.6,0.65,True,7468.0,0.8282003213711837,0.6677611940298508,0.6462081128747795,0.6569846534523152,0.6491697911087306,0.6578819725141472,0.5416329830234439,0.4583670169765562,0.55,0.6,6185.0,3350.0,2835.0,0.7063832148945653,0.21882884066514852,0.6269735220696954,0.26151580074986613,0.5322990327913989,0.4912949012483943,3350.0,2835.0,6185.0,0.8282003213711837,0.6578819725141472,4825.0,0.8553367875647668,0.9045311364187061,4127.0,2643.0,0.7786606129398411,0.16326530612244897,2058.0
0.55,0.15,0.0,0.0,0.6,0.55,0.6,1.0,False,7468.0,0.8277986073915372,0.6684555754323196,0.6492220650636492,0.6588388202479845,0.6491697911087306,0.659657068909738,0.5425428663862828,0.45745713361371726,0.55,0.6,6182.0,3354.0,2828.0,0.7063832148945653,0.21882884066514852,0.6269735220696954,0.2643277986073916,0.5307875322500264,0.4979917246490268,3354.0,2828.0,6182.0,0.8277986073915372,0.659657068909738,4825.0,0.8553367875647668,0.9144657135934092,4127.0,2643.0,0.7775255391600454,0.14793187347931874,2055.0
0.55,0.15,0.0,0.0,0.6,0.55,0.6,1.0,True,7468.0,0.8375736475629352,0.6662735849056604,0.6461753405518686,0.6562244627287646,0.6491697911087306,0.657074340527578,0.5422861710631495,0.45771382893685053,0.55,0.6,6255.0,3392.0,2863.0,0.7063832148945653,0.21882884066514852,0.6269735220696954,0.2631226566684521,0.5359342267920958,0.49096072524310874,3392.0,2863.0,6255.0,0.8375736475629352,0.657074340527578,4825.0,0.8638341968911917,0.9054702495201535,4168.0,2643.0,0.7896329928111994,0.16099664590321036,2087.0
0.55,0.15,0.0,0.0,0.6,0.55,1.0,0.55,False,7468.0,0.7789234065345474,0.6747064423992384,0.6541635408852213,0.6644349916422299,0.6491697911087306,0.6652913873130479,0.541688155406567,0.45831184459343305,0.55,0.6,5817.0,3151.0,2666.0,0.7063832148945653,0.21882884066514852,0.6269735220696954,0.2574986609534011,0.5106000125250421,0.5043060216156424,3151.0,2666.0,5817.0,0.7789234065345474,0.6652913873130479,4825.0,0.8122279792746114,0.9099260015310028,3919.0,2643.0,0.7181233446840711,0.1601685985247629,1898.0
0.55,0.15,0.0,0.0,0.6,0.55,1.0,0.55,True,7468.0,0.7886984467059454,0.6723110693007213,0.6508700481303221,0.6615905587155217,0.6491697911087306,0.6624787775891341,0.5414261460101868,0.45857385398981326,0.55,0.6,5890.0,3189.0,2701.0,0.7063832148945653,0.21882884066514852,0.6269735220696954,0.2562935190144616,0.5159481212735849,0.4967428089122943,3189.0,2701.0,5890.0,0.7886984467059454,0.6624787775891341,4825.0,0.8207253886010363,0.9005050505050505,3960.0,2643.0,0.7302307983352251,0.17409326424870467,1930.0
0.55,0.15,0.0,0.0,0.6,0.55,1.0,0.65,False,7468.0,0.8525709694697375,0.6683025404157044,0.6507061660351361,0.6595043532254202,0.6491697911087306,0.6602795665148422,0.5440552850636092,0.45594471493639077,0.55,0.6,6367.0,3464.0,2903.0,0.7063832148945653,0.21882884066514852,0.6269735220696954,0.2732994108194966,0.5381782040598825,0.5078232614360705,3464.0,2903.0,6367.0,0.8525709694697375,0.6602795665148422,4825.0,0.8814507772020725,0.9169997648718552,4253.0,2643.0,0.7998486568293606,0.14380321665089876,2114.0
0.55,0.15,0.0,0.0,0.6,0.55,1.0,0.65,True,7468.0,0.8623460096411355,0.6661907481439178,0.647719537100068,0.6569551426219928,0.6491697911087306,0.6577639751552795,0.5437888198757764,0.4562111801242236,0.55,0.6,6440.0,3502.0,2938.0,0.7063832148945653,0.21882884066514852,0.6269735220696954,0.27209426888055704,0.5432548852797269,0.5008593134702383,3502.0,2938.0,6440.0,0.8623460096411355,0.6577639751552795,4825.0,0.8899481865284974,0.9082440614811365,4294.0,2643.0,0.8119561104805145,0.1565703634669152,2146.0
0.55,0.15,0.0,0.0,0.6,0.55,1.0,1.0,False,7468.0,0.861944295661489,0.6668568168853394,0.6506311838962812,0.6587440003908103,0.6491697911087306,0.6594686965977941,0.5446636631971415,0.45533633680285845,0.55,0.6,6437.0,3506.0,2931.0,0.7063832148945653,0.21882884066514852,0.6269735220696954,0.27490626673808255,0.5417739514425765,0.5074187601786542,3506.0,2931.0,6437.0,0.861944295661489,0.6594686965977941,4825.0,0.8899481865284974,0.9177922682813228,4294.0,2643.0,0.8108210367007189,0.14185720951936537,2143.0
0.55,0.15,0.0,0.0,0.6,0.55,1.0,1.0,True,7468.0,0.871719335832887,0.664785553047404,0.6476736345246122,0.6562295937860081,0.6491697911087306,0.656989247311828,0.5443932411674347,0.4556067588325653,0.55,0.6,6510.0,3544.0,2966.0,0.7063832148945653,0.21882884066514852,0.6269735220696954,0.273701124799143,0.5468172505662856,0.5005349127440608,3544.0,2966.0,6510.0,0.871719335832887,0.656989247311828,4825.0,0.8984455958549222,0.9091118800461361,4335.0,2643.0,0.8229284903518729,0.15448275862068966,2175.0
0.55,0.15,0.0,0.45,0.5,0.45,0.5,0.55,False,7468.0,0.5736475629351901,0.6777970511708586,0.6481294236602629,0.6629632374155607,0.6491697911087306,0.6640989729225023,0.53828197945845,0.46171802054155,0.55,0.5,4284.0,2306.0,1978.0,0.7063832148945653,0.21882884066514852,0.6269735220696954,0.1882699517943224,0.4389633305532865,0.4288967635565814,2306.0,1978.0,4284.0,0.5736475629351901,0.6640989729225023,4825.0,0.6014507772020725,0.8380427291523087,2902.0,2643.0,0.522890654559213,0.2988422575976845,1382.0
0.55,0.15,0.0,0.45,0.5,0.45,0.5,0.55,True,7468.0,0.5846277450455276,0.6743197278911565,0.6434955312810328,0.6589076295860946,0.6491697911087306,0.6601007787448465,0.5387081997251488,0.4612918002748511,0.55,0.5,4366.0,2352.0,2014.0,0.7063832148945653,0.21882884066514852,0.6269735220696954,0.18719871451526512,0.4457740630242312,0.4199407952209401,2352.0,2014.0,4366.0,0.5846277450455276,0.6601007787448465,4825.0,0.6107772020725388,0.825246012894469,2947.0,2643.0,0.5368898978433598,0.3171247357293869,1419.0
0.55,0.15,0.0,0.45,0.5,0.45,0.5,0.65,False,7468.0,0.6239957150508838,0.6731148835373075,0.6469205453690644,0.660017714453186,0.6491697911087306,0.6611587982832619,0.5435622317596567,0.4564377682403433,0.55,0.5,4660.0,2533.0,2127.0,0.7063832148945653,0.21882884066514852,0.6269735220696954,0.20112479914301024,0.45982111516755814,0.43739791955774077,2533.0,2127.0,4660.0,0.6239957150508838,0.6611587982832619,4825.0,0.6503626943005182,0.8502230720203952,3138.0,2643.0,0.5758607642830117,0.27135348226018396,1522.0
0.55,0.15,0.0,0.45,0.5,0.45,0.5,0.65,True,7468.0,0.6349758971612212,0.6700271423032182,0.6426259824318077,0.656326562367513,0.6491697911087306,0.6575284690004217,0.5438633487979755,0.45613665120202446,0.55,0.5,4742.0,2579.0,2163.0,0.7063832148945653,0.21882884066514852,0.6269735220696954,0.2000535618639528,0.46632731814534967,0.42899816090465037,2579.0,2163.0,4742.0,0.6349758971612212,0.6575284690004217,4825.0,0.6596891191709845,0.8382029531888155,3183.0,2643.0,0.5898600075671585,0.28864656831302116,1559.0
0.55,0.15,0.0,0.45,0.5,0.45,0.5,1.0,False,7468.0,0.6316282806641671,0.670817120622568,0.6474149976711691,0.6591160591468685,0.6491697911087306,0.6601653593385627,0.5448378206487174,0.4551621793512826,0.55,0.5,4717.0,2570.0,2147.0,0.7063832148945653,0.21882884066514852,0.6269735220696954,0.20232994108194968,0.4633024603767054,0.43671242522096204,2570.0,2147.0,4717.0,0.6316282806641671,0.6601653593385627,4825.0,0.6572020725388601,0.8517817723115736,3171.0,2643.0,0.5849413545213772,0.26714100905562743,1546.0
0.55,0.15,0.0,0.45,0.5,0.45,0.5,1.0,True,7468.0,0.6426084627745046,0.6678134556574924,0.6431516262024737,0.655482540929983,0.6491697911087306,0.6565951239841634,0.5451135653261097,0.4548864346738904,0.55,0.5,4799.0,2616.0,2183.0,0.7063832148945653,0.21882884066514852,0.6269735220696954,0.2012587038028924,0.46976044904377173,0.42842837069950807,2616.0,2183.0,4799.0,0.6426084627745046,0.6565951239841634,4825.0,0.6665284974093264,0.839863184079602,3216.0,2643.0,0.598940597805524,0.28427037271004424,1583.0
0.55,0.15,0.0,0.45,0.5,0.45,0.55,0.55,False,7468.0,0.7151847884306374,0.6652734238941136,0.6506072874493927,0.6579403556717531,0.6491697911087306,0.6584909193035012,0.5375397865568246,0.46246021344317545,0.55,0.5,5341.0,2871.0,2470.0,0.7063832148945653,0.21882884066514852,0.6269735220696954,0.2267005891805035,0.49420855883429105,0.45871441343555647,2871.0,2470.0,5341.0,0.7151847884306374,0.6584909193035012,4825.0,0.7407253886010363,0.868494683827644,3574.0,2643.0,0.6685584562996595,0.23372948500282967,1767.0
0.55,0.15,0.0,0.45,0.5,0.45,0.55,0.55,True,7468.0,0.7261649705409748,0.6626671237572849,0.6468475658419792,0.654757344799632,0.6491697911087306,0.6553568135718237,0.5378941545270146,0.46210584547298544,0.55,0.5,5423.0,2917.0,2506.0,0.7063832148945653,0.21882884066514852,0.6269735220696954,0.2256293519014462,0.5002677376363225,0.4510171952472998,2917.0,2506.0,5423.0,0.7261649705409748,0.6553568135718237,4825.0,0.7500518134715026,0.8576954959933684,3619.0,2643.0,0.6825576995838063,0.24944567627494457,1804.0
0.55,0.15,0.0,0.45,0.5,0.45,0.55,0.65,False,7468.0,0.7881628280664167,0.6592266582835586,0.6473197781885397,0.6532732182360492,0.6491697911087306,0.653754672103296,0.5404349303431872,0.45956506965681276,0.55,0.5,5886.0,3181.0,2705.0,0.7063832148945653,0.21882884066514852,0.6269735220696954,0.24236743438671665,0.5223961110496995,0.46395336653579794,3181.0,2705.0,5886.0,0.7881628280664167,0.653754672103296,4825.0,0.8093264248704664,0.8796414852752881,3905.0,2643.0,0.7495270525917518,0.20848056537102475,1981.0
0.55,0.15,0.0,0.45,0.5,0.45,0.55,0.65,True,7468.0,0.7991430101767542,0.6569569259374032,0.6439255746078074,0.6504412502726054,0.6491697911087306,0.6509718498659517,0.5407171581769437,0.4592828418230563,0.55,0.5,5968.0,3227.0,2741.0,0.7063832148945653,0.21882884066514852,0.6269735220696954,0.24129619710765926,0.5281319972644599,0.4568861541385291,3227.0,2741.0,5968.0,0.7991430101767542,0.6509718498659517,4825.0,0.8186528497409327,0.8696202531645569,3950.0,2643.0,0.7635262958758986,0.22299306243805747,2018.0
0.55,0.15,0.0,0.45,0.5,0.45,0.55,1.0,False,7468.0,0.7975361542581682,0.657772261867825,0.6472740578119283,0.6525231598398766,0.6491697911087306,0.6529550033579583,0.541134989926125,0.4588650100738751,0.55,0.5,5956.0,3223.0,2733.0,0.7063832148945653,0.21882884066514852,0.6269735220696954,0.24397429030530252,0.5260997357692102,0.463741518418723,3223.0,2733.0,5956.0,0.7975361542581682,0.6529550033579583,4825.0,0.8178238341968912,0.8808920425747593,3946.0,2643.0,0.7604994324631101,0.2054726368159204,2010.0
0.55,0.15,0.0,0.45,0.5,0.45,0.55,1.0,True,7468.0,0.8085163363685056,0.6555521566228204,0.6439147706753341,0.6497334636490772,0.6491697911087306,0.6502153030804902,0.5414044385558132,0.45859556144418684,0.55,0.5,6038.0,3269.0,2769.0,0.7063832148945653,0.21882884066514852,0.6269735220696954,0.24290305302624535,0.5317956766194419,0.45676011239946407,3269.0,2769.0,6038.0,0.8085163363685056,0.6502153030804902,4825.0,0.8271502590673575,0.8709596592332749,3991.0,2643.0,0.774498675747257,0.21983390327308255,2047.0
0.55,0.15,0.0,0.45,0.5,0.45,0.6,0.55,False,7468.0,0.7931173004820568,0.6613707165109034,0.6479911537043863,0.6546809351076448,0.6491697911087306,0.6552422758737126,0.5419550903258484,0.4580449096741516,0.55,0.5,5923.0,3210.0,2713.0,0.7063832148945653,0.21882884066514852,0.6269735220696954,0.2462506695232994,0.5229085154014789,0.47092495583904004,3210.0,2713.0,5923.0,0.7931173004820568,0.6552422758737126,4825.0,0.8161658031088083,0.8806500761808025,3938.0,2643.0,0.7510404842981461,0.20806045340050378,1985.0
0.55,0.15,0.0,0.45,0.5,0.45,0.6,0.55,True,7468.0,0.8040974825923942,0.6590909090909091,0.644598035649327,0.651844472370118,0.6491697911087306,0.6524562864279767,0.5422148209825146,0.45778517901748544,0.55,0.5,6005.0,3256.0,2749.0,0.7063832148945653,0.21882884066514852,0.6269735220696954,0.24517943224424213,0.5286388419082314,0.4637938282386065,3256.0,2749.0,6005.0,0.8040974825923942,0.6524562864279767,4825.0,0.8254922279792746,0.8707004770273663,3983.0,2643.0,0.7650397275822929,0.22255192878338279,2022.0
0.55,0.15,0.0,0.45,0.5,0.45,0.6,0.65,False,7468.0,0.8662292447777182,0.6563476285146266,0.6451831750339213,0.6507654017742739,0.6491697911087306,0.6512598546916061,0.5442881434533932,0.4557118565466069,0.55,0.5,6469.0,3521.0,2948.0,0.7063832148945653,0.21882884066514852,0.6269735220696954,0.2620514193893947,0.5496261572143031,0.4767812010941448,3521.0,2948.0,6469.0,0.8662292447777182,0.6512598546916061,4825.0,0.8849740932642487,0.8899297423887588,4270.0,2643.0,0.8320090805902384,0.18781264211005003,2199.0
0.55,0.15,0.0,0.45,0.5,0.45,0.6,0.65,True,7468.0,0.8772094268880557,0.6543313708999159,0.6420911528150134,0.6482112618574647,0.6491697911087306,0.6487559151274614,0.544497023355213,0.45550297664478706,0.55,0.5,6551.0,3567.0,2984.0,0.7063832148945653,0.21882884066514852,0.6269735220696954,0.2609801821103374,0.555080735018663,0.47016616799277444,3567.0,2984.0,6551.0,0.8772094268880557,0.6487559151274614,4825.0,0.894300518134715,0.880648899188876,4315.0,2643.0,0.8460083238743852,0.20125223613595708,2236.0
0.55,0.15,0.0,0.45,0.5,0.45,0.6,1.0,False,7468.0,0.8756025709694697,0.6550659556553466,0.6451612903225806,0.6501136229889637,0.6491697911087306,0.650558189325585,0.5448845389203242,0.45511546107967576,0.55,0.5,6539.0,3563.0,2976.0,0.7063832148945653,0.21882884066514852,0.6269735220696954,0.2636582753079807,0.5531474919320746,0.47665094600186203,3563.0,2976.0,6539.0,0.8756025709694697,0.650558189325585,4825.0,0.8934715025906735,0.8909765715611228,4311.0,2643.0,0.8429814604615967,0.18536804308797128,2228.0
0.55,0.15,0.0,0.45,0.5,0.45,0.6,1.0,True,7468.0,0.8865827530798072,0.6530894984760321,0.6420982735723771,0.6475938860242046,0.6491697911087306,0.6480894124754569,0.5450838241957409,0.4549161758042592,0.55,0.5,6621.0,3609.0,3012.0,0.7063832148945653,0.21882884066514852,0.6269735220696954,0.26258703802892347,0.5585676839250924,0.470107823251977,3609.0,3012.0,6621.0,0.8865827530798072,0.6480894124754569,4825.0,0.9027979274611398,0.8817722681359045,4356.0,2643.0,0.8569807037457434,0.1986754966887417,2265.0
0.55,0.15,0.0,0.45,0.5,0.45,1.0,0.55,False,7468.0,0.835698982324585,0.6580417524257571,0.6485915492957747,0.653316650860766,0.6491697911087306,0.6537413875981414,0.5449447203973722,0.45505527960262776,0.55,0.5,6241.0,3401.0,2840.0,0.7063832148945653,0.21882884066514852,0.6269735220696954,0.2569630423138726,0.5379293355129056,0.47768921557115523,3401.0,2840.0,6241.0,0.835698982324585,0.6537413875981414,4825.0,0.8574093264248704,0.8863911046652163,4137.0,2643.0,0.796065077563375,0.19629277566539924,2104.0
0.55,0.15,0.0,0.45,0.5,0.45,1.0,0.55,True,7468.0,0.8466791644349223,0.655932695097186,0.6453407510431154,0.6506367230701506,0.6491697911087306,0.6511149770678475,0.5451526174284359,0.45484738257156415,0.55,0.5,6323.0,3447.0,2876.0,0.7063832148945653,0.21882884066514852,0.6269735220696954,0.2558918050348151,0.543501315269847,0.47082094899396054,3447.0,2876.0,6323.0,0.8466791644349223,0.6511149770678475,4825.0,0.8667357512953368,0.8768531802965088,4182.0,2643.0,0.8100643208475218,0.21018215787015412,2141.0
0.55,0.15,0.0,0.45,0.5,0.45,1.0,0.65,False,7468.0,0.909346545259775,0.6534733441033925,0.6457588560285993,0.6496161000659959,0.6491697911087306,0.6499779119422765,0.5469003092328081,0.45309969076719186,0.55,0.5,6791.0,3714.0,3077.0,0.7063832148945653,0.21882884066514852,0.6269735220696954,0.27276379217996777,0.5641731795644876,0.48347529102770753,3714.0,3077.0,6791.0,0.909346545259775,0.6499779119422765,4825.0,0.9266321243523316,0.8948781033325878,4471.0,2643.0,0.8777903897086644,0.17801724137931035,2320.0
0.55,0.15,0.0,0.45,0.5,0.45,1.0,0.65,True,7468.0,0.9203267273701125,0.651595744680851,0.6427883070992612,0.6471920258900561,0.6491697911087306,0.6476065764586061,0.5470682380328823,0.4529317619671177,0.55,0.5,6873.0,3760.0,3113.0,0.7063832148945653,0.21882884066514852,0.6269735220696954,0.27169255490091043,0.5694884425821133,0.4770817712630501,3760.0,3113.0,6873.0,0.9203267273701125,0.6476065764586061,4825.0,0.935958549222798,0.8859610274579274,4516.0,2643.0,0.8917896329928112,0.19092066185829445,2357.0
0.55,0.15,0.0,0.45,0.5,0.45,1.0,1.0,False,7468.0,0.9187198714515266,0.6522896698615549,0.6457326892109501,0.6490111795362525,0.6491697911087306,0.6493222562308701,0.5474420638390906,0.4525579361609095,0.55,0.5,6861.0,3756.0,3105.0,0.7063832148945653,0.21882884066514852,0.6269735220696954,0.2743706480985539,0.5676042738356419,0.48338368956327116,3756.0,3105.0,6861.0,0.9187198714515266,0.6493222562308701,4825.0,0.9351295336787565,0.8958333333333334,4512.0,2643.0,0.8887627695800226,0.17581949765857813,2349.0
0.55,0.15,0.0,0.45,0.5,0.45,1.0,1.0,True,7468.0,0.9297000535618639,0.6504471330878485,0.6427889207258835,0.646618026906866,0.6491697911087306,0.646982572375054,0.5476019011954486,0.45239809880455134,0.55,0.5,6943.0,3802.0,3141.0,0.7063832148945653,0.21882884066514852,0.6269735220696954,0.27329941081949644,0.5728877039797449,0.47705581551312065,3802.0,3141.0,6943.0,0.9297000535618639,0.646982572375054,4825.0,0.9444559585492228,0.8869870528856704,4557.0,2643.0,0.9027620128641695,0.18860016764459347,2386.0
0.55,0.15,0.0,0.45,0.5,0.55,0.5,0.55,False,7468.0,0.5672201392608462,0.6792452830188679,0.6469085334695963,0.663076908244232,0.6491697911087306,0.6643059490084986,0.5380075542965062,0.46199244570349385,0.55,0.5,4236.0,2279.0,1957.0,0.7063832148945653,0.21882884066514852,0.6269735220696954,0.18639528655597215,0.43636272337636384,0.4271567587481706,2279.0,1957.0,4236.0,0.5672201392608462,0.6643059490084986,4825.0,0.5979274611398964,0.8429809358752166,2885.0,2643.0,0.5111615588346576,0.28275351591413767,1351.0
0.55,0.15,0.0,0.45,0.5,0.55,0.5,0.55,True,7468.0,0.5782003213711837,0.6756989247311828,0.6422478675363773,0.65897339613378,0.6491697911087306,0.6602593793422881,0.5384437239462714,0.46155627605372856,0.55,0.5,4318.0,2325.0,1993.0,0.7063832148945653,0.21882884066514852,0.6269735220696954,0.1853240492769148,0.4432134204276022,0.41813726916959865,2325.0,1993.0,4318.0,0.5782003213711837,0.6602593793422881,4825.0,0.6072538860103627,0.8300341296928327,2930.0,2643.0,0.5251608021188043,0.30187319884726227,1388.0
0.55,0.15,0.0,0.45,0.5,0.55,0.5,0.65,False,7468.0,0.6175682913765399,0.6743814844373504,0.6457739791073125,0.6600777317723314,0.6491697911087306,0.6613183000867303,0.5433651344319167,0.45663486556808325,0.55,0.5,4612.0,2506.0,2106.0,0.7063832148945653,0.21882884066514852,0.6269735220696954,0.19925013390465993,0.45733912880480715,0.4356726143799957,2506.0,2106.0,4612.0,0.6175682913765399,0.6613183000867303,4825.0,0.6468393782383419,0.8548542133931433,3121.0,2643.0,0.5641316685584563,0.2562038900067069,1491.0
0.55,0.15,0.0,0.45,0.5,0.55,0.5,0.65,True,7468.0,0.6285484734868774,0.6712382445141066,0.6414565826330533,0.65634741357358,0.6491697911087306,0.6576480613549212,0.5436727737537281,0.4563272262462718,0.55,0.5,4694.0,2552.0,2142.0,0.7063832148945653,0.21882884066514852,0.6269735220696954,0.19817889662560256,0.4638801444669058,0.42722004593094,2552.0,2142.0,4694.0,0.6285484734868774,0.6576480613549212,4825.0,0.6561658031088083,0.8427037271004422,3166.0,2643.0,0.5781309118426031,0.2742146596858639,1528.0
0.55,0.15,0.0,0.45,0.5,0.55,0.5,1.0,False,7468.0,0.6252008569898232,0.6720408965788439,0.6462841015992474,0.6591624990890457,0.6491697911087306,0.660312700792461,0.544656243306918,0.455343756693082,0.55,0.5,4669.0,2543.0,2126.0,0.7063832148945653,0.21882884066514852,0.6269735220696954,0.2004552758435994,0.46083922421286133,0.4349787633333252,2543.0,2126.0,4669.0,0.6252008569898232,0.660312700792461,4825.0,0.6536787564766839,0.8563728598604946,3154.0,2643.0,0.5732122587968218,0.25214521452145217,1515.0
0.55,0.15,0.0,0.45,0.5,0.55,0.5,1.0,True,7468.0,0.6361810391001607,0.6689841637697953,0.6419981498612396,0.6554911568155175,0.6491697911087306,0.6567038518206694,0.5449379078088823,0.45506209219111765,0.55,0.5,4751.0,2589.0,2162.0,0.7063832148945653,0.21882884066514852,0.6269735220696954,0.1993840385645421,0.4673312532538449,0.42664392157877085,2589.0,2162.0,4751.0,0.6361810391001607,0.6567038518206694,4825.0,0.6630051813471503,0.8443263519849953,3199.0,2643.0,0.5872115020809686,0.2699742268041237,1552.0
0.55,0.15,0.0,0.45,0.5,0.55,0.55,0.55,False,7468.0,0.7087573647562935,0.6663150492264416,0.6496529195590037,0.6579839843927227,0.6491697911087306,0.6586057056489704,0.5373134328358209,0.4626865671641791,0.55,0.5,5293.0,2844.0,2449.0,0.7063832148945653,0.21882884066514852,0.6269735220696954,0.2248259239421532,0.4919001122251042,0.4570560533624517,2844.0,2449.0,5293.0,0.7087573647562935,0.6586057056489704,4825.0,0.73720207253886,0.8726454877705931,3557.0,2643.0,0.656829360575104,0.22004608294930875,1736.0
0.55,0.15,0.0,0.45,0.5,0.55,0.55,0.55,True,7468.0,0.7197375468666309,0.6636678200692041,0.6458752515090543,0.6547715357891293,0.6491697911087306,0.6554418604651163,0.5376744186046511,0.46232558139534885,0.55,0.5,5375.0,2890.0,2485.0,0.7063832148945653,0.21882884066514852,0.6269735220696954,0.22375468666309592,0.4979873794603308,0.4493179865433116,2890.0,2485.0,5375.0,0.7197375468666309,0.6554418604651163,4825.0,0.7465284974093265,0.8617434758467518,3602.0,2643.0,0.6708286038592508,0.23632261703327692,1773.0
0.55,0.15,0.0,0.45,0.5,0.55,0.55,0.65,False,7468.0,0.7817354043920729,0.6601141407736208,0.6464232488822653,0.6532686948279431,0.6491697911087306,0.6538198013018157,0.5402535114765331,0.45974648852346695,0.55,0.5,5838.0,3154.0,2684.0,0.7063832148945653,0.21882884066514852,0.6269735220696954,0.24049276914836643,0.5202127618790732,0.4622969422735356,3154.0,2684.0,5838.0,0.7817354043920729,0.6538198013018157,4825.0,0.8058031088082902,0.8834876543209876,3888.0,2643.0,0.7377979568671964,0.19589743589743588,1950.0
0.55,0.15,0.0,0.45,0.5,0.55,0.55,0.65,True,7468.0,0.7927155865024103,0.6578125,0.643014705882353,0.6504136029411764,0.6491697911087306,0.6510135135135136,0.5405405405405406,0.4594594594594595,0.55,0.5,5920.0,3200.0,2720.0,0.7063832148945653,0.21882884066514852,0.6269735220696954,0.23942153186930912,0.5259724587053495,0.4551978490634876,3200.0,2720.0,5920.0,0.7927155865024103,0.6510135135135136,4825.0,0.8151295336787565,0.8733790999237223,3933.0,2643.0,0.7517972001513432,0.2108706592853548,1987.0
0.55,0.15,0.0,0.45,0.5,0.55,0.55,1.0,False,7468.0,0.7911087305838244,0.6586357947434293,0.6463864306784661,0.6525111127109477,0.6491697911087306,0.6530128639133378,0.5409614082599865,0.45903859174001355,0.55,0.5,5908.0,3196.0,2712.0,0.7063832148945653,0.21882884066514852,0.6269735220696954,0.24209962506695226,0.5239318207156691,0.46208230822142893,3196.0,2712.0,5908.0,0.7911087305838244,0.6530128639133378,4825.0,0.814300518134715,0.884703486892339,3929.0,2643.0,0.7487703367385546,0.1930267812026276,1979.0
0.55,0.15,0.0,0.45,0.5,0.55,0.55,1.0,True,7468.0,0.8020889126941617,0.6563849475632326,0.6430131004366813,0.6496990239999569,0.6491697911087306,0.6502504173622704,0.5412353923205342,0.45876460767946575,0.55,0.5,5990.0,3242.0,2748.0,0.7063832148945653,0.21882884066514852,0.6269735220696954,0.24102838778789493,0.5296510761370483,0.4550701370151249,3242.0,2748.0,5990.0,0.8020889126941617,0.6502504173622704,4825.0,0.8236269430051814,0.8746854554604933,3974.0,2643.0,0.7627695800227015,0.2078373015873016,2016.0
0.55,0.15,0.0,0.45,0.5,0.55,0.6,0.55,False,7468.0,0.786689876807713,0.6622683003455859,0.6471025260029718,0.6546854131742789,0.6491697911087306,0.6553191489361702,0.5417872340425532,0.4582127659574468,0.55,0.5,5875.0,3183.0,2692.0,0.7063832148945653,0.21882884066514852,0.6269735220696954,0.24437600428494904,0.5207273146872381,0.4692974564465231,3183.0,2692.0,5875.0,0.786689876807713,0.6553191489361702,4825.0,0.8126424870466321,0.8844682478959449,3921.0,2643.0,0.7393113885735906,0.195496417604913,1954.0
0.55,0.15,0.0,0.45,0.5,0.55,0.6,0.55,True,7468.0,0.7976700589180503,0.6599566429235058,0.6436950146627566,0.6518258287931311,0.6491697911087306,0.6525096525096525,0.5420513681383247,0.45794863186167534,0.55,0.5,5957.0,3229.0,2728.0,0.7063832148945653,0.21882884066514852,0.6269735220696954,0.24330476700589185,0.5264813823451683,0.46213365783631444,3229.0,2728.0,5957.0,0.7976700589180503,0.6525096525096525,4825.0,0.8219689119170984,0.8744326777609682,3966.0,2643.0,0.7533106318577374,0.21044701155198392,1991.0
0.55,0.15,0.0,0.45,0.5,0.55,0.6,0.65,False,7468.0,0.8598018211033744,0.6571265025758443,0.6443457464981209,0.6507361245369826,0.6491697911087306,0.6513004204952499,0.5441520012459119,0.45584799875408816,0.55,0.5,6421.0,3494.0,2927.0,0.7063832148945653,0.21882884066514852,0.6269735220696954,0.26017675415104446,0.5475513980222907,0.475164076086338,3494.0,2927.0,6421.0,0.8598018211033744,0.6513004204952499,4825.0,0.8814507772020725,0.8934869503879614,4253.0,2643.0,0.820279984865683,0.17619926199261993,2168.0
0.55,0.15,0.0,0.45,0.5,0.55,0.6,0.65,True,7468.0,0.8707820032137118,0.6550847457627119,0.6412419844751941,0.648163365118953,0.6491697911087306,0.6487774873135476,0.544364139627864,0.45563586037213594,0.55,0.5,6503.0,3540.0,2963.0,0.7063832148945653,0.21882884066514852,0.6269735220696954,0.2591055168719871,0.5530264398479176,0.4685228376119615,3540.0,2963.0,6503.0,0.8707820032137118,0.6487774873135476,4825.0,0.8907772020725389,0.8841321544904607,4298.0,2643.0,0.8342792281498297,0.19002267573696144,2205.0
0.55,0.15,0.0,0.45,0.5,0.55,0.6,1.0,False,7468.0,0.8691751472951259,0.6558257918552036,0.644331641285956,0.6500787165705798,0.6491697911087306,0.6505931289477739,0.544754275150208,0.45524572484979203,0.55,0.5,6491.0,3536.0,2955.0,0.7063832148945653,0.21882884066514852,0.6269735220696954,0.2617836100696305,0.5510859902163615,0.4750322358346505,3536.0,2955.0,6491.0,0.8691751472951259,0.6505931289477739,4825.0,0.8899481865284974,0.8945039590125757,4294.0,2643.0,0.8312523647370412,0.17387346381429222,2197.0
0.55,0.15,0.0,0.45,0.5,0.55,0.6,1.0,True,7468.0,0.8801553294054633,0.653824678950307,0.6412571046472751,0.647540891798791,0.6491697911087306,0.6481058877225011,0.5449566408032862,0.45504335919671385,0.55,0.5,6573.0,3582.0,2991.0,0.7063832148945653,0.21882884066514852,0.6269735220696954,0.260712372790573,0.5565262602136983,0.46846373914226996,3582.0,2991.0,6573.0,0.8801553294054633,0.6481058877225011,4825.0,0.8992746113989637,0.885227010831989,4339.0,2643.0,0.845251608021188,0.18755595344673232,2234.0
0.55,0.15,0.0,0.45,0.5,0.55,1.0,0.55,False,7468.0,0.829271558650241,0.6588618850029638,0.6477474281660163,0.65330465658449,0.6491697911087306,0.6538026804456645,0.5448086549329889,0.45519134506701114,0.55,0.5,6193.0,3374.0,2819.0,0.7063832148945653,0.21882884066514852,0.6269735220696954,0.25508837707552223,0.5358092858353235,0.47608054548334483,3374.0,2819.0,6193.0,0.829271558650241,0.6538026804456645,4825.0,0.8538860103626943,0.8900485436893204,4120.0,2643.0,0.7843359818388195,0.18427399903521466,2073.0
0.55,0.15,0.0,0.45,0.5,0.55,1.0,0.55,True,7468.0,0.8402517407605785,0.6567251461988304,0.6444833625218914,0.650604254360361,0.6491697911087306,0.6511553784860558,0.5450199203187251,0.4549800796812749,0.55,0.5,6275.0,3420.0,2855.0,0.7063832148945653,0.21882884066514852,0.6269735220696954,0.2540171397964649,0.5414030850318983,0.4691830298334905,3420.0,2855.0,6275.0,0.8402517407605785,0.6511553784860558,4825.0,0.8632124352331606,0.8804321728691477,4165.0,2643.0,0.7983352251229663,0.1985781990521327,2110.0
0.55,0.15,0.0,0.45,0.5,0.55,1.0,0.65,False,7468.0,0.9029191215854312,0.6541903986981286,0.6449607329842932,0.6495755658412109,0.6491697911087306,0.6500074150971378,0.5467892629393445,0.4532107370606555,0.55,0.5,6743.0,3687.0,3056.0,0.7063832148945653,0.21882884066514852,0.6269735220696954,0.2708891269416176,0.5621521122631372,0.4818786962323418,3687.0,3056.0,6743.0,0.9029191215854312,0.6500074150971378,4825.0,0.9231088082901554,0.8982936686124832,4454.0,2643.0,0.8660612939841089,0.16688510266491918,2289.0
0.55,0.15,0.0,0.45,0.5,0.55,1.0,0.65,True,7468.0,0.9138993036957687,0.6522903830699169,0.6419793014230272,0.647134842246472,0.6491697911087306,0.6476190476190476,0.546959706959707,0.45304029304029303,0.55,0.5,6825.0,3733.0,3092.0,0.7063832148945653,0.21882884066514852,0.6269735220696954,0.2698178896625603,0.5674863055762704,0.475461499266605,3733.0,3092.0,6825.0,0.9138993036957687,0.6476190476190476,4825.0,0.9324352331606217,0.8893087352745055,4499.0,2643.0,0.8800605372682557,0.18013757523645743,2326.0
0.55,0.15,0.0,0.45,0.5,0.55,1.0,1.0,False,7468.0,0.9122924477771827,0.6529900777688389,0.6449416342412452,0.648965856005042,0.6491697911087306,0.6493468369293997,0.5473359753412593,0.4526640246587406,0.55,0.5,6813.0,3729.0,3084.0,0.7063832148945653,0.21882884066514852,0.6269735220696954,0.2724959828602035,0.5655954671481107,0.4817860090608644,3729.0,3084.0,6813.0,0.9122924477771827,0.6493468369293997,4825.0,0.9316062176165804,0.8992213570634038,4495.0,2643.0,0.8770336738554673,0.16479723899913717,2318.0
0.55,0.15,0.0,0.45,0.5,0.55,1.0,1.0,True,7468.0,0.9232726298875201,0.6511258278145695,0.6419871794871795,0.6465565036508745,0.6491697911087306,0.6469905728788977,0.5474981870920957,0.45250181290790426,0.55,0.5,6895.0,3775.0,3120.0,0.7063832148945653,0.21882884066514852,0.6269735220696954,0.27142474558114615,0.5708974883052009,0.47543517206024716,3775.0,3120.0,6895.0,0.9232726298875201,0.6469905728788977,4825.0,0.9409326424870467,0.8903083700440528,4540.0,2643.0,0.8910329171396141,0.17791932059447982,2355.0
0.55,0.15,0.0,0.45,0.6,0.45,0.5,0.55,False,7468.0,0.572710230316015,0.6782608695652174,0.6479514415781487,0.6631061555716831,0.6491697911087306,0.6642506429740472,0.5377601122281973,0.46223988777180264,0.55,0.6,4277.0,2300.0,1977.0,0.7063832148945653,0.21882884066514852,0.6269735220696954,0.18813604713444027,0.4385055205932844,0.4290391757893903,2300.0,1977.0,4277.0,0.572710230316015,0.6642506429740472,4825.0,0.6008290155440414,0.838909968954812,2899.0,2643.0,0.5213772228528187,0.29680696661828737,1378.0
0.55,0.15,0.0,0.45,0.6,0.45,0.5,0.55,True,7468.0,0.5836904124263524,0.6747655583972719,0.6433184302036761,0.6590419943004739,0.6491697911087306,0.6602431750401468,0.5381968341362698,0.4618031658637302,0.55,0.6,4359.0,2346.0,2013.0,0.7063832148945653,0.21882884066514852,0.6269735220696954,0.18706480985538299,0.4453232548222524,0.4200652174116723,2346.0,2013.0,4359.0,0.5836904124263524,0.6602431750401468,4825.0,0.6101554404145078,0.8260869565217391,2944.0,2643.0,0.5353764661369655,0.3151943462897526,1415.0
0.55,0.15,0.0,0.45,0.6,0.45,0.5,0.65,False,7468.0,0.6230583824317086,0.6735259200633161,0.6467544684854186,0.6601401942743674,0.6491697911087306,0.6612937889533634,0.543090479260692,0.45690952073930796,0.55,0.6,4653.0,2527.0,2126.0,0.7063832148945653,0.21882884066514852,0.6269735220696954,0.20099089448312804,0.4593840919908855,0.4375225393897964,2527.0,2126.0,4653.0,0.6230583824317086,0.6612937889533634,4825.0,0.649740932642487,0.85103668261563,3135.0,2643.0,0.5743473325766175,0.269433465085639,1518.0
0.55,0.15,0.0,0.45,0.6,0.45,0.5,0.65,True,7468.0,0.6340385645420461,0.6704236300038865,0.6424606845513413,0.6564421572776139,0.6491697911087306,0.6576557550158395,0.5434002111932418,0.45659978880675817,0.55,0.6,4735.0,2573.0,2162.0,0.7063832148945653,0.21882884066514852,0.6269735220696954,0.19991965720407073,0.465896397999585,0.429107539921888,2573.0,2162.0,4735.0,0.6340385645420461,0.6576557550158395,4825.0,0.6590673575129534,0.8389937106918239,3180.0,2643.0,0.5883465758607643,0.2868167202572347,1555.0
0.55,0.15,0.0,0.45,0.6,0.45,0.5,1.0,False,7468.0,0.6306909480449919,0.6712168486739469,0.6472506989748369,0.6592337738243919,0.6491697911087306,0.6602972399150743,0.5443736730360934,0.4556263269639066,0.55,0.6,4710.0,2564.0,2146.0,0.7063832148945653,0.21882884066514852,0.6269735220696954,0.20219603642206743,0.4628687241664339,0.43683235843207185,2564.0,2146.0,4710.0,0.6306909480449919,0.6602972399150743,4825.0,0.656580310880829,0.8525883838383839,3168.0,2643.0,0.583427922814983,0.26523994811932555,1542.0
0.55,0.15,0.0,0.45,0.6,0.45,0.5,1.0,True,7468.0,0.6416711301553294,0.668199233716475,0.6429880843263062,0.6555936590213907,0.6491697911087306,0.6567195325542571,0.5446577629382304,0.45534223706176963,0.55,0.6,4792.0,2610.0,2182.0,0.7063832148945653,0.21882884066514852,0.6269735220696954,0.20112479914301015,0.46933268105487774,0.4285335482944841,2610.0,2182.0,4792.0,0.6416711301553294,0.6567195325542571,4825.0,0.6659067357512953,0.8406473700591348,3213.0,2643.0,0.5974271660991298,0.2824572514249525,1579.0
0.55,0.15,0.0,0.45,0.6,0.45,0.55,0.55,False,7468.0,0.7142474558114622,0.6656195462478185,0.650465775617659,0.6580426609327388,0.6491697911087306,0.6586051743532059,0.5371203599550056,0.4628796400449944,0.55,0.6,5334.0,2865.0,2469.0,0.7063832148945653,0.21882884066514852,0.6269735220696954,0.22656668452062134,0.4938019700704124,0.45882094088914765,2865.0,2469.0,5334.0,0.7142474558114622,0.6586051743532059,4825.0,0.7401036269430051,0.8692243069168301,3571.0,2643.0,0.6670450245932652,0.2319909245604084,1763.0
0.55,0.15,0.0,0.45,0.6,0.45,0.55,0.55,True,7468.0,0.7252276379217997,0.663002404671934,0.6467065868263473,0.6548544957491407,0.6491697911087306,0.6554652880354506,0.5374815361890695,0.4625184638109306,0.55,0.6,5416.0,2911.0,2505.0,0.7063832148945653,0.21882884066514852,0.6269735220696954,0.2254954472415641,0.49986607740485633,0.4511117225883057,2911.0,2505.0,5416.0,0.7252276379217997,0.6554652880354506,4825.0,0.7494300518134716,0.8584070796460177,3616.0,2643.0,0.681044267877412,0.2477777777777778,1800.0
0.55,0.15,0.0,0.45,0.6,0.45,0.55,0.65,False,7468.0,0.7872254954472415,0.6595275590551181,0.647189349112426,0.653358454083772,0.6491697911087306,0.6538526960367409,0.5400578329647899,0.45994216703521007,0.55,0.6,5879.0,3175.0,2704.0,0.7063832148945653,0.21882884066514852,0.6269735220696954,0.2422335297268344,0.5220114777092584,0.46403870426341426,3175.0,2704.0,5879.0,0.7872254954472415,0.6538526960367409,4825.0,0.8087046632124353,0.880317785750897,3902.0,2643.0,0.7480136208853575,0.20687910976226606,1977.0
0.55,0.15,0.0,0.45,0.6,0.45,0.55,0.65,True,7468.0,0.798205677557579,0.6572493014591742,0.6437956204379562,0.6505224609485651,0.6491697911087306,0.6510652575071296,0.5403455796007381,0.45965442039926185,0.55,0.6,5961.0,3221.0,2740.0,0.7063832148945653,0.21882884066514852,0.6269735220696954,0.2411622924477771,0.5277515443415594,0.4569617939226674,3221.0,2740.0,5961.0,0.798205677557579,0.6510652575071296,4825.0,0.8180310880829016,0.8702812262477831,3947.0,2643.0,0.7620128641695043,0.2214498510427011,2014.0
0.55,0.15,0.0,0.45,0.6,0.45,0.55,1.0,False,7468.0,0.796598821638993,0.6580665216039788,0.6471449487554904,0.6526057351797346,0.6491697911087306,0.6530509329299042,0.5407631534711717,0.4592368465288284,0.55,0.6,5949.0,3217.0,2732.0,0.7063832148945653,0.21882884066514852,0.6269735220696954,0.24384038564542052,0.5257178121357372,0.46382370925347755,3217.0,2732.0,5949.0,0.796598821638993,0.6530509329299042,4825.0,0.8172020725388601,0.8815622622368755,3943.0,2643.0,0.7589860007567159,0.20388833499501496,2006.0
0.55,0.15,0.0,0.45,0.6,0.45,0.55,1.0,True,7468.0,0.8075790037493304,0.6558381857186638,0.6437861271676301,0.6498121564431469,0.6491697911087306,0.6503067484662577,0.5410379704858232,0.45896202951417675,0.55,0.6,6031.0,3263.0,2768.0,0.7063832148945653,0.21882884066514852,0.6269735220696954,0.24276914836636318,0.531417846606118,0.45683288567894376,3263.0,2768.0,6031.0,0.8075790037493304,0.6503067484662577,4825.0,0.8265284974093264,0.8716148445336008,3988.0,2643.0,0.7729852440408627,0.21830641213901125,2043.0
0.55,0.15,0.0,0.45,0.6,0.45,0.6,0.55,False,7468.0,0.7921799678628816,0.66167290886392,0.6478613569321534,0.6547671328980367,0.6491697911087306,0.655341446923597,0.5415821501014199,0.45841784989858014,0.55,0.6,5916.0,3204.0,2712.0,0.7063832148945653,0.21882884066514852,0.6269735220696954,0.24611676486341716,0.5225242592451877,0.4710150017129254,3204.0,2712.0,5916.0,0.7921799678628816,0.655341446923597,4825.0,0.8155440414507772,0.8813214739517153,3935.0,2643.0,0.7495270525917518,0.20646138313982837,1981.0
0.55,0.15,0.0,0.45,0.6,0.45,0.6,0.55,True,7468.0,0.803160149973219,0.6593846153846153,0.6444687045123726,0.651926659948494,0.6491697911087306,0.6525508502834279,0.5418472824274758,0.4581527175725242,0.55,0.6,5998.0,3250.0,2748.0,0.7063832148945653,0.21882884066514852,0.6269735220696954,0.24504552758436,0.5282587540158984,0.46387404983161934,3250.0,2748.0,5998.0,0.803160149973219,0.6525508502834279,4825.0,0.8248704663212435,0.871356783919598,3980.0,2643.0,0.7635262958758986,0.22101090188305253,2018.0
0.55,0.15,0.0,0.45,0.6,0.45,0.6,0.65,False,7468.0,0.8652919121585431,0.6566145092460882,0.6450627757041059,0.650838642475097,0.6491697911087306,0.6513463324048282,0.5439492417208295,0.4560507582791705,0.55,0.6,6462.0,3515.0,2947.0,0.7063832148945653,0.21882884066514852,0.6269735220696954,0.2619175147295125,0.5492605927194443,0.47685473562327246,3515.0,2947.0,6462.0,0.8652919121585431,0.6513463324048282,4825.0,0.8843523316062176,0.890555425357394,4267.0,2643.0,0.8304956488838441,0.18633257403189066,2195.0
0.55,0.15,0.0,0.45,0.6,0.45,0.6,0.65,True,7468.0,0.8762720942688805,0.6545914069081719,0.6419711699631244,0.6482812884356481,0.6491697911087306,0.648838630806846,0.5441625916870416,0.45583740831295844,0.55,0.6,6544.0,3561.0,2983.0,0.7063832148945653,0.21882884066514852,0.6269735220696954,0.26084627745045535,0.5547187651497041,0.4702315728945275,3561.0,2983.0,6544.0,0.8762720942688805,0.648838630806846,4825.0,0.8936787564766839,0.8812615955473099,4312.0,2643.0,0.8444948921679909,0.19982078853046595,2232.0
0.55,0.15,0.0,0.45,0.6,0.45,0.6,1.0,False,7468.0,0.8746652383502946,0.6553275231937026,0.6450420168067227,0.6501847700002126,0.6491697911087306,0.6506429883649725,0.5445499081445193,0.4554500918554807,0.55,0.6,6532.0,3557.0,2975.0,0.7063832148945653,0.21882884066514852,0.6269735220696954,0.26352437064809864,0.5527842561534274,0.4767219176643056,3557.0,2975.0,6532.0,0.8746652383502946,0.6506429883649725,4825.0,0.8928497409326425,0.8915970287836583,4308.0,2643.0,0.8414680287552024,0.18390287769784172,2224.0
0.55,0.15,0.0,0.45,0.6,0.45,0.6,1.0,True,7468.0,0.885645420460632,0.6533444351928948,0.6419794088342743,0.6476619220135845,0.6491697911087306,0.6481705473238585,0.544753553069247,0.45524644693075295,0.55,0.6,6614.0,3603.0,3011.0,0.7063832148945653,0.21882884066514852,0.6269735220696954,0.26245313336904125,0.5582079751721534,0.47017087723997447,3603.0,3011.0,6614.0,0.885645420460632,0.6481705473238585,4825.0,0.9021761658031088,0.8823799678382724,4353.0,2643.0,0.8554672720393492,0.19725785050862452,2261.0
0.55,0.15,0.0,0.45,0.6,0.45,1.0,0.55,False,7468.0,0.8347616497054098,0.658321060382916,0.6484677703416696,0.6533944153622928,0.6491697911087306,0.6538338145652871,0.5445941610522939,0.45540583894770614,0.55,0.6,6234.0,3395.0,2839.0,0.7063832148945653,0.21882884066514852,0.6269735220696954,0.25682913765399035,0.5375558166606605,0.4777720372359346,3395.0,2839.0,6234.0,0.8347616497054098,0.6538338145652871,4825.0,0.8567875647668394,0.8870343492985002,4134.0,2643.0,0.7945516458569807,0.19476190476190477,2100.0
0.55,0.15,0.0,0.45,0.6,0.45,1.0,0.55,True,7468.0,0.8457418318157471,0.6562045916884627,0.6452173913043479,0.6507109914964053,0.6491697911087306,0.6512032932235592,0.5448068397720076,0.4551931602279924,0.55,0.6,6316.0,3441.0,2875.0,0.7063832148945653,0.21882884066514852,0.6269735220696954,0.255757900374933,0.5431316283557855,0.4708948752426464,3441.0,2875.0,6316.0,0.8457418318157471,0.6512032932235592,4825.0,0.8661139896373057,0.8774826513519981,4179.0,2643.0,0.8085508891411275,0.2087037903603182,2137.0
0.55,0.15,0.0,0.45,0.6,0.45,1.0,0.65,False,7468.0,0.9084092126405999,0.6537216828478964,0.6456436931079323,0.6496826879779144,0.6491697911087306,0.6500589622641509,0.5465801886792453,0.4534198113207547,0.55,0.6,6784.0,3708.0,3076.0,0.7063832148945653,0.21882884066514852,0.6269735220696954,0.2726298875200857,0.5638170470642557,0.48354317936934477,3708.0,3076.0,6784.0,0.9084092126405999,0.6500589622641509,4825.0,0.9260103626943005,0.8954789615040286,4468.0,2643.0,0.8762769580022701,0.17659758203799655,2316.0
0.55,0.15,0.0,0.45,0.6,0.45,1.0,0.65,True,7468.0,0.9193893947509373,0.6518380394246137,0.6426735218508998,0.6472557806377568,0.6491697911087306,0.6476842411884649,0.54675211185552,0.45324788814448,0.55,0.6,6866.0,3754.0,3112.0,0.7063832148945653,0.21882884066514852,0.6269735220696954,0.2715586502410284,0.5691356360789178,0.4771422364481379,3754.0,3112.0,6866.0,0.9193893947509373,0.6476842411884649,4825.0,0.9353367875647668,0.8865499667626856,4513.0,2643.0,0.8902762012864169,0.18954526136846578,2353.0
0.55,0.15,0.0,0.45,0.6,0.45,1.0,1.0,False,7468.0,0.9177825388323514,0.6525333333333333,0.645618556701031,0.6490759450171821,0.6491697911087306,0.6494018091625329,0.5471257659760723,0.4528742340239276,0.55,0.6,6854.0,3750.0,3104.0,0.7063832148945653,0.21882884066514852,0.6269735220696954,0.27423674343867177,0.5672502954576928,0.4834492738649004,3750.0,3104.0,6854.0,0.9177825388323514,0.6494018091625329,4825.0,0.9345077720207254,0.8964293634952317,4509.0,2643.0,0.8872493378736285,0.1744136460554371,2345.0
0.55,0.15,0.0,0.45,0.6,0.45,1.0,1.0,True,7468.0,0.9287627209426889,0.6506849315068494,0.6426751592356688,0.6466800453712591,0.6491697911087306,0.6470588235294118,0.5472895040369089,0.4527104959630911,0.55,0.6,6936.0,3796.0,3140.0,0.7063832148945653,0.21882884066514852,0.6269735220696954,0.27316550615961444,0.5725369921599278,0.4771141601332733,3796.0,3140.0,6936.0,0.9287627209426889,0.6470588235294118,4825.0,0.9438341968911917,0.8875713658322354,4554.0,2643.0,0.9012485811577753,0.18723761544920234,2382.0
0.55,0.15,0.0,0.45,0.6,0.55,0.5,0.55,False,7468.0,0.5344134975897161,0.6944830783495596,0.6570338058887677,0.6757584421191636,0.6491697911087306,0.6772738661989476,0.5404660486093711,0.4595339513906289,0.55,0.6,3991.0,2157.0,1834.0,0.7063832148945653,0.21882884066514852,0.6269735220696954,0.18947509373326188,0.41529411496941193,0.4562431464920168,2157.0,1834.0,3991.0,0.5344134975897161,0.6772738661989476,4825.0,0.5701554404145077,0.8840421664849146,2751.0,2643.0,0.4691638289822172,0.21854838709677418,1240.0
0.55,0.15,0.0,0.45,0.6,0.55,0.5,0.55,True,7468.0,0.5439207284413498,0.6908344733242134,0.6522204387372926,0.671527456030753,0.6491697911087306,0.6730674544559331,0.5398818316100443,0.4601181683899557,0.55,0.6,4062.0,2193.0,1869.0,0.7063832148945653,0.21882884066514852,0.6269735220696954,0.1882699517943225,0.4216934767381559,0.44646161769115017,2193.0,1869.0,4062.0,0.5439207284413498,0.6730674544559331,4825.0,0.5784455958549223,0.8713722680042996,2791.0,2643.0,0.4808929247067726,0.23760818253343824,1271.0
0.55,0.15,0.0,0.45,0.6,0.55,0.5,0.65,False,7468.0,0.5847616497054098,0.6879194630872483,0.6550680786686838,0.671493770877966,0.6491697911087306,0.6730020609113808,0.5459125257613923,0.45408747423860774,0.55,0.6,4367.0,2384.0,1983.0,0.7063832148945653,0.21882884066514852,0.6269735220696954,0.20232994108194968,0.43728235078920125,0.4626986218784896,2384.0,1983.0,4367.0,0.5847616497054098,0.6730020609113808,4825.0,0.6190673575129534,0.8932038834951457,2987.0,2643.0,0.5221339387060159,0.1963768115942029,1380.0
0.55,0.15,0.0,0.45,0.6,0.55,0.5,0.65,True,7468.0,0.5942688805570434,0.6847107438016529,0.6506442021803767,0.6676774729910148,0.6491697911087306,0.669220369535827,0.5452906714736367,0.4547093285263632,0.55,0.6,4438.0,2420.0,2018.0,0.7063832148945653,0.21882884066514852,0.6269735220696954,0.2011247991430102,0.44336445584531986,0.4536331149044078,2420.0,2018.0,4438.0,0.5942688805570434,0.669220369535827,4825.0,0.6273575129533678,0.8814007267922035,3027.0,2643.0,0.5338630344305714,0.21403260099220411,1411.0
0.55,0.15,0.0,0.45,0.6,0.55,0.5,1.0,False,7468.0,0.5923942153186931,0.6852540272614622,0.655516724912631,0.6703853760870466,0.6491697911087306,0.6717902350813744,0.5472423146473779,0.45275768535262206,0.55,0.6,4424.0,2421.0,2003.0,0.7063832148945653,0.21882884066514852,0.6269735220696954,0.20353508302088918,0.4409416811199662,0.4615918424947307,2421.0,2003.0,4424.0,0.5923942153186931,0.6717902350813744,4825.0,0.6259067357512953,0.8943708609271523,3020.0,2643.0,0.5312145289443814,0.19301994301994302,1404.0
0.55,0.15,0.0,0.45,0.6,0.55,0.5,1.0,True,7468.0,0.6019014461703267,0.6821326821326821,0.6511285574092247,0.6666306197709534,0.6491697911087306,0.6680756395995551,0.546607341490545,0.4533926585094549,0.55,0.6,4495.0,2457.0,2038.0,0.7063832148945653,0.21882884066514852,0.6269735220696954,0.20232994108194965,0.4469739953780181,0.45266602346929313,2457.0,2038.0,4495.0,0.6019014461703267,0.6680756395995551,4825.0,0.6341968911917099,0.8826797385620915,3060.0,2643.0,0.5429436246689369,0.21045296167247388,1435.0
0.55,0.15,0.0,0.45,0.6,0.55,0.55,0.55,False,7468.0,0.6759507230851634,0.6778104335047759,0.6577815993121238,0.6677960164084498,0.6491697911087306,0.6685816164817749,0.5392234548335975,0.46077654516640254,0.55,0.6,5048.0,2722.0,2326.0,0.7063832148945653,0.21882884066514852,0.6269735220696954,0.22790573111944293,0.4733101477708461,0.48151456754690974,2722.0,2326.0,5048.0,0.6759507230851634,0.6685816164817749,4825.0,0.7094300518134715,0.9068068945369558,3423.0,2643.0,0.6148316307226637,0.16676923076923078,1625.0
0.55,0.15,0.0,0.45,0.6,0.55,0.55,0.55,True,7468.0,0.685457953936797,0.6751269035532995,0.6539601863617112,0.6645435449575053,0.6491697911087306,0.665364328970502,0.5387771049033014,0.46122289509669856,0.55,0.6,5119.0,2758.0,2361.0,0.7063832148945653,0.21882884066514852,0.6269735220696954,0.22670058918050343,0.47893494587276336,0.47334317767810163,2758.0,2361.0,5119.0,0.685457953936797,0.665364328970502,4825.0,0.717720207253886,0.8963326595437482,3463.0,2643.0,0.626560726447219,0.1823671497584541,1656.0
0.55,0.15,0.0,0.45,0.6,0.55,0.55,0.65,False,7468.0,0.7489287627209427,0.6701846965699209,0.6536509176103085,0.6619178070901146,0.6491697911087306,0.662613981762918,0.5421062041838012,0.4578937958161988,0.55,0.6,5593.0,3032.0,2561.0,0.7063832148945653,0.21882884066514852,0.6269735220696954,0.24357257632565618,0.5026709591747301,0.484556690375641,3032.0,2561.0,5593.0,0.7489287627209427,0.662613981762918,4825.0,0.7780310880829016,0.9150239744272776,3754.0,2643.0,0.695800227014756,0.1473626971179989,1839.0
0.55,0.15,0.0,0.45,0.6,0.55,0.55,0.65,True,7468.0,0.7584359935725763,0.6678617992177314,0.650231124807396,0.6590464620125637,0.6491697911087306,0.6597810734463276,0.5416666666666666,0.4583333333333333,0.55,0.6,5664.0,3068.0,2596.0,0.7063832148945653,0.21882884066514852,0.6269735220696954,0.24236743438671657,0.5079707467885625,0.47712872427986386,3068.0,2596.0,5664.0,0.7584359935725763,0.6597810734463276,4825.0,0.7863212435233161,0.9053769109119663,3794.0,2643.0,0.7075293227393114,0.16149732620320856,1870.0
0.55,0.15,0.0,0.45,0.6,0.55,0.55,1.0,False,7468.0,0.7583020889126941,0.6685100845803513,0.6535341830822712,0.6610221338313113,0.6491697911087306,0.661663429277768,0.5428218258873388,0.45717817411266115,0.55,0.6,5663.0,3074.0,2589.0,0.7063832148945653,0.21882884066514852,0.6269735220696954,0.24517943224424213,0.5065188331486067,0.4840480080872123,3074.0,2589.0,5663.0,0.7583020889126941,0.661663429277768,4825.0,0.7865284974093264,0.9159420289855073,3795.0,2643.0,0.7067726068861143,0.14507494646680943,1868.0
0.55,0.15,0.0,0.45,0.6,0.55,0.55,1.0,True,7468.0,0.7678093197643278,0.6662379421221865,0.6501524390243902,0.6581951905732883,0.6491697911087306,0.6588768747820021,0.5423787931635856,0.4576212068364144,0.55,0.6,5734.0,3110.0,2624.0,0.7063832148945653,0.21882884066514852,0.6269735220696954,0.24397429030530257,0.5117787751846617,0.4767182660462442,3110.0,2624.0,5734.0,0.7678093197643278,0.6588768747820021,4825.0,0.794818652849741,0.9063885267275098,3835.0,2643.0,0.7185017026106697,0.1590310689836756,1899.0
0.55,0.15,0.0,0.45,0.6,0.55,0.6,0.55,False,7468.0,0.7538832351365827,0.672329304148971,0.6543402101985208,0.6633347571737459,0.6491697911087306,0.6641207815275311,0.5436944937833037,0.45630550621669624,0.55,0.6,5630.0,3061.0,2569.0,0.7063832148945653,0.21882884066514852,0.6269735220696954,0.24745581146223886,0.5032034497468911,0.4917609598795635,3061.0,2569.0,5630.0,0.7538832351365827,0.6641207815275311,4825.0,0.7848704663212436,0.9157644573541062,3787.0,2643.0,0.6973136587211503,0.14704286489419424,1843.0
0.55,0.15,0.0,0.45,0.6,0.55,0.6,0.55,True,7468.0,0.7633904659882164,0.6700032289312238,0.6509216589861752,0.6604624439586995,0.6491697911087306,0.6612874934222066,0.5432380284160674,0.45676197158393267,0.55,0.6,5701.0,3097.0,2604.0,0.7063832148945653,0.21882884066514852,0.6269735220696954,0.24625066952329935,0.5084976875389489,0.4842709722341413,3097.0,2604.0,5701.0,0.7633904659882164,0.6612874934222066,4825.0,0.793160621761658,0.9061928403449176,3827.0,2643.0,0.7090427544457056,0.16115261472785486,1874.0
0.55,0.15,0.0,0.45,0.6,0.55,0.6,0.65,False,7468.0,0.8269951794322442,0.666073546856465,0.6508559201141226,0.6584647334852938,0.6491697911087306,0.6591645077720207,0.5459844559585493,0.4540155440414508,0.55,0.6,6176.0,3372.0,2804.0,0.7063832148945653,0.21882884066514852,0.6269735220696954,0.26325656132833425,0.5309136549872823,0.49585569867220763,3372.0,2804.0,6176.0,0.8269951794322442,0.6591645077720207,4825.0,0.8536787564766839,0.9225540179655256,4119.0,2643.0,0.7782822550132426,0.1317452600875061,2057.0
0.55,0.15,0.0,0.45,0.6,0.55,0.6,0.65,True,7468.0,0.8365024102838778,0.6640258215962441,0.6477632969355407,0.6558945592658925,0.6491697911087306,0.6566351848887466,0.5455418600928446,0.45445813990715545,0.55,0.6,6247.0,3408.0,2839.0,0.7063832148945653,0.21882884066514852,0.6269735220696954,0.26205141938939475,0.5359342267920958,0.4889619029520426,3408.0,2839.0,6247.0,0.8365024102838778,0.6566351848887466,4825.0,0.8619689119170985,0.9136811733589805,4159.0,2643.0,0.7900113507377979,0.1446360153256705,2088.0
0.55,0.15,0.0,0.45,0.6,0.55,0.6,1.0,False,7468.0,0.8363685056239957,0.6646162858816638,0.650776836158192,0.6576965610199279,0.6491697911087306,0.6583413384566122,0.5465898174831892,0.45341018251681076,0.55,0.6,6246.0,3414.0,2832.0,0.7063832148945653,0.21882884066514852,0.6269735220696954,0.2648634172469202,0.5345582701525978,0.4954809083232608,3414.0,2832.0,6246.0,0.8363685056239957,0.6583413384566122,4825.0,0.8621761658031089,0.9233173076923077,4160.0,2643.0,0.7892546348846008,0.1299137104506232,2086.0
0.55,0.15,0.0,0.45,0.6,0.55,0.6,1.0,True,7468.0,0.8458757364756293,0.662608695652174,0.6477153819323335,0.6551620387922537,0.6491697911087306,0.6558492955516859,0.5461453221465886,0.45385467785341144,0.55,0.6,6317.0,3450.0,2867.0,0.7063832148945653,0.21882884066514852,0.6269735220696954,0.2636582753079807,0.5395449291614409,0.4886678774235865,3450.0,2867.0,6317.0,0.8458757364756293,0.6558492955516859,4825.0,0.8704663212435233,0.9145238095238095,4200.0,2643.0,0.8009837306091563,0.14265470004723665,2117.0
0.55,0.15,0.0,0.45,0.6,0.55,1.0,0.55,False,7468.0,0.7964649169791109,0.6682041820418204,0.6546735905044511,0.6614388862731357,0.6491697911087306,0.6620712844653666,0.5467383994620041,0.45326160053799597,0.55,0.6,5948.0,3252.0,2696.0,0.7063832148945653,0.21882884066514852,0.6269735220696954,0.25816818425281207,0.5187951101958743,0.4976303345560429,3252.0,2696.0,5948.0,0.7964649169791109,0.6620712844653666,4825.0,0.8261139896373056,0.9199698946312093,3986.0,2643.0,0.7423382519863791,0.1381243628950051,1962.0
0.55,0.15,0.0,0.45,0.6,0.55,1.0,0.55,True,7468.0,0.8059721478307446,0.666058394160584,0.6514097400219699,0.6587340670912769,0.6491697911087306,0.6594118624356206,0.5462701445422827,0.4537298554577172,0.55,0.6,6019.0,3288.0,2731.0,0.7063832148945653,0.21882884066514852,0.6269735220696954,0.25696304231387257,0.523931820715669,0.4904512994894484,3288.0,2731.0,6019.0,0.8059721478307446,0.6594118624356206,4825.0,0.8344041450777202,0.910829607550919,4026.0,2643.0,0.7540673477109345,0.15153035624686403,1993.0
0.55,0.15,0.0,0.45,0.6,0.55,1.0,0.65,False,7468.0,0.870112479914301,0.6625525946704067,0.6512103648141835,0.656881479742295,0.6491697911087306,0.6574330563250231,0.5486303477993228,0.45136965220067715,0.55,0.6,6498.0,3565.0,2933.0,0.7063832148945653,0.21882884066514852,0.6269735220696954,0.27396893411890744,0.5459594974883181,0.5018118292278074,3565.0,2933.0,6498.0,0.870112479914301,0.6574330563250231,4825.0,0.8953367875647669,0.9261574074074074,4320.0,2643.0,0.8240635641316686,0.12442607897153352,2178.0
0.55,0.15,0.0,0.45,0.6,0.55,1.0,0.65,True,7468.0,0.8796197107659347,0.6606498194945848,0.6482479784366577,0.6544488989656212,0.6491697911087306,0.6550464302024661,0.5481808494443599,0.45181915055564015,0.55,0.6,6569.0,3601.0,2968.0,0.7063832148945653,0.21882884066514852,0.6269735220696954,0.2727637921799678,0.5508429533841596,0.4951752409724329,3601.0,2968.0,6569.0,0.8796197107659347,0.6550464302024661,4825.0,0.9036269430051813,0.9176605504587156,4360.0,2643.0,0.835792659856224,0.13671344499773652,2209.0
0.55,0.15,0.0,0.45,0.6,0.55,1.0,1.0,False,7468.0,0.8794858061060525,0.6612143055170502,0.6511313745356299,0.65617284002634,0.6491697911087306,0.6566686967113277,0.5491778319123021,0.4508221680876979,0.55,0.6,6568.0,3607.0,2961.0,0.7063832148945653,0.21882884066514852,0.6269735220696954,0.27557579003749333,0.5495043294044912,0.5014988514033006,3607.0,2961.0,6568.0,0.8794858061060525,0.6566686967113277,4825.0,0.9038341968911917,0.9268516395322174,4361.0,2643.0,0.8350359440030268,0.12279111916628908,2207.0
0.55,0.15,0.0,0.45,0.6,0.55,1.0,1.0,True,7468.0,0.8889930369576862,0.659346692286577,0.6481975967957276,0.6537721445411524,0.6491697911087306,0.6543154089471306,0.5487272179545112,0.45127278204548876,0.55,0.6,6639.0,3643.0,2996.0,0.7063832148945653,0.21882884066514852,0.6269735220696954,0.2743706480985538,0.5543565589307717,0.49493533300616604,3643.0,2996.0,6639.0,0.8889930369576862,0.6543154089471306,4825.0,0.9121243523316063,0.9184276300840718,4401.0,2643.0,0.8467650397275823,0.13494191242180517,2238.0
0.55,0.2,0.0,0.0,0.5,0.45,0.5,0.55,False,7468.0,0.6547937868237814,0.6471742543171115,0.61400512382579,0.6305896890714507,0.6491697911087306,0.6312883435582822,0.5210633946830265,0.4789366053169734,0.55,0.5,4890.0,2548.0,2342.0,0.7063832148945653,0.21882884066514852,0.6269735220696954,0.17193358328869845,0.4913553721773493,0.34991697053561654,2548.0,2342.0,4890.0,0.6547937868237814,0.6312883435582822,4825.0,0.6768911917098446,0.7446417636252296,3266.0,2643.0,0.6144532727960651,0.40332512315270935,1624.0
0.55,0.2,0.0,0.0,0.5,0.45,0.5,0.55,True,7468.0,0.6663095875736476,0.6444530046224961,0.6105042016806723,0.6274786031515842,0.6491697911087306,0.6282154340836013,0.5217041800643086,0.4782958199356913,0.55,0.5,4976.0,2596.0,2380.0,0.7063832148945653,0.21882884066514852,0.6269735220696954,0.1708623460096411,0.4977184151525873,0.3432911879647033,2596.0,2380.0,4976.0,0.6663095875736476,0.6282154340836013,4825.0,0.6866321243523316,0.7340778750377301,3313.0,2643.0,0.629209231933409,0.4173180998196031,1663.0
0.55,0.2,0.0,0.0,0.5,0.45,0.5,0.65,False,7468.0,0.7051419389394751,0.6454054054054054,0.6150140505820956,0.6302097279937504,0.6491697911087306,0.6310292442081276,0.526965438663122,0.4730345613368781,0.55,0.5,5266.0,2775.0,2491.0,0.7063832148945653,0.21882884066514852,0.6269735220696954,0.1847884306373861,0.5100752436171005,0.3622768070980949,2775.0,2491.0,5266.0,0.7051419389394751,0.6310292442081276,4825.0,0.7258031088082901,0.7618503712164477,3502.0,2643.0,0.6674233825198638,0.3713151927437642,1764.0
0.55,0.2,0.0,0.0,0.5,0.45,0.5,0.65,True,7468.0,0.7166577396893412,0.6429330499468651,0.6117042309213128,0.6273186404340889,0.6491697911087306,0.6281763826606876,0.5274663677130045,0.4725336322869955,0.55,0.5,5352.0,2823.0,2529.0,0.7063832148945653,0.21882884066514852,0.6269735220696954,0.18371719335832895,0.5162075872800652,0.35589789434585417,2823.0,2529.0,5352.0,0.7166577396893412,0.6281763826606876,4825.0,0.7355440414507772,0.7517610594533671,3549.0,2643.0,0.6821793416572077,0.38491403216860787,1803.0
0.55,0.2,0.0,0.0,0.5,0.45,0.5,1.0,False,7468.0,0.7127745045527585,0.6436699857752489,0.6156909597769813,0.6296804727761152,0.6491697911087306,0.6304715386060492,0.5282735299643059,0.4717264700356942,0.55,0.5,5323.0,2812.0,2511.0,0.7063832148945653,0.21882884066514852,0.6269735220696954,0.18599357257632565,0.5132158083966397,0.3624081127925432,2812.0,2511.0,5323.0,0.7127745045527585,0.6304715386060492,4825.0,0.7326424870466322,0.764073550212164,3535.0,2643.0,0.6765039727582293,0.366331096196868,1788.0
0.55,0.2,0.0,0.0,0.5,0.45,0.5,1.0,True,7468.0,0.7242903053026245,0.6412587412587413,0.6123970184386034,0.6268278798486724,0.6491697911087306,0.6276576076908855,0.5287483823257534,0.4712516176742466,0.55,0.5,5409.0,2860.0,2549.0,0.7063832148945653,0.21882884066514852,0.6269735220696954,0.1849223352972683,0.5193110676681926,0.3560916506701955,2860.0,2549.0,5409.0,0.7242903053026245,0.6276576076908855,4825.0,0.7423834196891191,0.7540480178671134,3582.0,2643.0,0.6912599318955732,0.3798576902025178,1827.0
0.55,0.2,0.0,0.0,0.5,0.45,0.55,0.55,False,7468.0,0.7963310123192288,0.641182139415355,0.6220889202540578,0.6316355298347064,0.6491697911087306,0.6320834033966706,0.5234572053136035,0.4765427946863965,0.55,0.5,5947.0,3113.0,2834.0,0.7063832148945653,0.21882884066514852,0.6269735220696954,0.21036422067487948,0.5412794064271932,0.38864257198223057,3113.0,2834.0,5947.0,0.7963310123192288,0.6320834033966706,4825.0,0.8161658031088083,0.7882173692229558,3938.0,2643.0,0.7601210745365116,0.32603285216525635,2009.0
0.55,0.2,0.0,0.0,0.5,0.45,0.55,0.55,True,7468.0,0.8078468130690948,0.6390382790256248,0.6190807799442897,0.6290595294849572,0.6491697911087306,0.6295375435106912,0.523951599535886,0.47604840046411406,0.55,0.5,6033.0,3161.0,2872.0,0.7063832148945653,0.21882884066514852,0.6269735220696954,0.20929298339582225,0.547062075853039,0.38257629734152154,3161.0,2872.0,6033.0,0.8078468130690948,0.6295375435106912,4825.0,0.8259067357512954,0.7789209535759096,3985.0,2643.0,0.7748770336738555,0.3388671875,2048.0
0.55,0.2,0.0,0.0,0.5,0.45,0.55,0.65,False,7468.0,0.8693090519550081,0.637744668419515,0.6213750407298795,0.6295598545746972,0.6491697911087306,0.6300061614294516,0.527264325323475,0.47273567467652494,0.55,0.5,6492.0,3423.0,3069.0,0.7063832148945653,0.21882884066514852,0.6269735220696954,0.2260310658810927,0.5671322535678585,0.39855089259889476,3423.0,3069.0,6492.0,0.8693090519550081,0.6300061614294516,4825.0,0.8847668393782383,0.8046380885453268,4269.0,2643.0,0.8410896708286039,0.294646873594242,2223.0
0.55,0.2,0.0,0.0,0.5,0.45,0.55,0.65,True,7468.0,0.8808248527048741,0.6358398156150965,0.6186031541680077,0.627221484891552,0.6491697911087306,0.6276983885679538,0.5276679841897233,0.4723320158102767,0.55,0.5,6578.0,3471.0,3107.0,0.7063832148945653,0.21882884066514852,0.6269735220696954,0.22495982860203534,0.5726539199651212,0.39283731545177764,3471.0,3107.0,6578.0,0.8808248527048741,0.6276983885679538,4825.0,0.8945077720207254,0.7958758109360519,4316.0,2643.0,0.8558456299659478,0.3068081343943413,2262.0
0.55,0.2,0.0,0.0,0.5,0.45,0.55,1.0,False,7468.0,0.8786823781467595,0.6366522366522367,0.6215692605747497,0.6291107486134933,0.6491697911087306,0.6295336787564767,0.5280402316366961,0.4719597683633039,0.55,0.5,6562.0,3465.0,3097.0,0.7063832148945653,0.21882884066514852,0.6269735220696954,0.22763792179967868,0.5705455531099515,0.3989829042726934,3465.0,3097.0,6562.0,0.8786823781467595,0.6295336787564767,4825.0,0.8932642487046633,0.8064965197215778,4310.0,2643.0,0.8520620506999622,0.2908525754884547,2252.0
0.55,0.2,0.0,0.0,0.5,0.45,0.55,1.0,True,7468.0,0.8901981788966256,0.6347850839738115,0.6188197767145136,0.6268024303441626,0.6491697911087306,0.6272563176895307,0.5284296028880866,0.47157039711191334,0.55,0.5,6648.0,3513.0,3135.0,0.7063832148945653,0.21882884066514852,0.6269735220696954,0.22656668452062137,0.5760345017340559,0.3933213789079996,3513.0,3135.0,6648.0,0.8901981788966256,0.6272563176895307,4825.0,0.9030051813471502,0.7977966490704613,4357.0,2643.0,0.8668180098373061,0.3029244871235268,2291.0
0.55,0.2,0.0,0.0,0.5,0.45,0.6,0.55,False,7468.0,0.824317086234601,0.6444513329200248,0.6208191126279864,0.6326352227740055,0.6491697911087306,0.633203378817414,0.5240415854450943,0.4759584145549058,0.55,0.5,6156.0,3226.0,2930.0,0.7063832148945653,0.21882884066514852,0.6269735220696954,0.21960364220674888,0.5498697318583067,0.39937394165085177,3226.0,2930.0,6156.0,0.824317086234601,0.633203378817414,4825.0,0.8449740932642487,0.7954378219278881,4077.0,2643.0,0.7866061293984109,0.31505531505531503,2079.0
0.55,0.2,0.0,0.0,0.5,0.45,0.6,0.55,True,7468.0,0.835832886984467,0.6423335369578497,0.6179245283018868,0.6301290326298683,0.6491697911087306,0.6307273309836591,0.5245113745594361,0.4754886254405639,0.55,0.5,6242.0,3274.0,2968.0,0.7063832148945653,0.21882884066514852,0.6269735220696954,0.21853240492769146,0.5555629946535207,0.3933530617243148,3274.0,2968.0,6242.0,0.835832886984467,0.6307273309836591,4825.0,0.8547150259067358,0.7863724539282251,4124.0,2643.0,0.8013620885357549,0.3276676109537299,2118.0
0.55,0.2,0.0,0.0,0.5,0.45,0.6,0.65,False,7468.0,0.8972951258703803,0.6408371040723982,0.620221169036335,0.6305291365543666,0.6491697911087306,0.6310998358453962,0.5276824354573945,0.4723175645426056,0.55,0.5,6701.0,3536.0,3165.0,0.7063832148945653,0.21882884066514852,0.6269735220696954,0.23527048741296194,0.5753367007489694,0.4089266113333087,3536.0,3165.0,6701.0,0.8972951258703803,0.6310998358453962,4825.0,0.9135751295336788,0.8107985480943739,4408.0,2643.0,0.8675747256905032,0.2856519843000436,2293.0
0.55,0.2,0.0,0.0,0.5,0.45,0.6,0.65,True,7468.0,0.9088109266202464,0.6389508928571429,0.6175460505775835,0.6282484717173632,0.6491697911087306,0.6288492706645057,0.5280683659938117,0.4719316340061883,0.55,0.5,6787.0,3584.0,3203.0,0.7063832148945653,0.21882884066514852,0.6269735220696954,0.2341992501339047,0.5807803700566772,0.4032492525721034,3584.0,3203.0,6787.0,0.9088109266202464,0.6288492706645057,4825.0,0.9233160621761658,0.8022446689113356,4455.0,2643.0,0.8823306848278472,0.29759862778730706,2332.0
0.55,0.2,0.0,0.0,0.5,0.45,0.6,1.0,False,7468.0,0.9066684520621318,0.6397428731134712,0.6204196680238021,0.6300812705686367,0.6491697911087306,0.6306306306306306,0.528430069413676,0.471569930586324,0.55,0.5,6771.0,3578.0,3193.0,0.7063832148945653,0.21882884066514852,0.6269735220696954,0.23687734333154795,0.5787016108196796,0.40932552960416363,3578.0,3193.0,6771.0,0.9066684520621318,0.6306306306306306,4825.0,0.9220725388601037,0.8125421443020904,4449.0,2643.0,0.8785471055618616,0.28208440999138673,2322.0
0.55,0.2,0.0,0.0,0.5,0.45,0.6,1.0,True,7468.0,0.9181842528119979,0.6378929950358522,0.6177653977096874,0.6278291963727698,0.6491697911087306,0.6284089251859414,0.5288026833892373,0.47119731661076275,0.55,0.5,6857.0,3626.0,3231.0,0.7063832148945653,0.21882884066514852,0.6269735220696954,0.23580610605249064,0.5841139215767363,0.40369882884483227,3626.0,3231.0,6857.0,0.9181842528119979,0.6284089251859414,4825.0,0.9318134715025906,0.8040480427046264,4496.0,2643.0,0.8933030646992054,0.2939432443879712,2361.0
0.55,0.2,0.0,0.0,0.5,0.45,1.0,0.55,False,7468.0,0.8363685056239957,0.6453382084095064,0.6217948717948718,0.633566540102189,0.6491697911087306,0.6341658661543388,0.5254562920268973,0.4745437079731028,0.55,0.5,6246.0,3282.0,2964.0,0.7063832148945653,0.21882884066514852,0.6269735220696954,0.2244242099625067,0.5531474919320746,0.40572218664251947,3282.0,2964.0,6246.0,0.8363685056239957,0.6341658661543388,4825.0,0.8580310880829015,0.7985507246376812,4140.0,2643.0,0.7968217934165721,0.31101614434947766,2106.0
0.55,0.2,0.0,0.0,0.5,0.45,1.0,0.55,True,7468.0,0.8478843063738618,0.6432432432432432,0.6189207195203198,0.6310819813817815,0.6491697911087306,0.6317119393556538,0.5259001895135819,0.4740998104864182,0.55,0.5,6332.0,3330.0,3002.0,0.7063832148945653,0.21882884066514852,0.6269735220696954,0.22335297268344942,0.5588073611229599,0.3996958311977262,3330.0,3002.0,6332.0,0.8478843063738618,0.6317119393556538,4825.0,0.8677720207253886,0.7895868163362789,4187.0,2643.0,0.811577752553916,0.32354312354312353,2145.0
0.55,0.2,0.0,0.0,0.5,0.45,1.0,0.65,False,7468.0,0.909346545259775,0.6417037861915368,0.6211316036261332,0.631417694908835,0.6491697911087306,0.6320129583271977,0.5289353556177293,0.47106464438227064,0.55,0.5,6791.0,3592.0,3199.0,0.7063832148945653,0.21882884066514852,0.6269735220696954,0.24009105516871979,0.5784701764529677,0.41504482848346164,3592.0,3199.0,6791.0,0.909346545259775,0.6320129583271977,4825.0,0.9266321243523316,0.813464549317826,4471.0,2643.0,0.8777903897086644,0.2823275862068966,2320.0
0.55,0.2,0.0,0.0,0.5,0.45,1.0,0.65,True,7468.0,0.9208623460096411,0.6398351648351648,0.6184738955823293,0.6291545302087471,0.6491697911087306,0.6297804275119965,0.5293005671077504,0.4706994328922495,0.55,0.5,6877.0,3640.0,3237.0,0.7063832148945653,0.21882884066514852,0.6269735220696954,0.2390198178896625,0.5838846324917186,0.40936137823948054,3640.0,3237.0,6877.0,0.9208623460096411,0.6297804275119965,4825.0,0.9363730569948187,0.8050022133687472,4518.0,2643.0,0.8925463488460084,0.29419245442984315,2359.0
0.55,0.2,0.0,0.0,0.5,0.45,1.0,1.0,False,7468.0,0.9187198714515266,0.6406164006604292,0.6213201115587232,0.6309682561095762,0.6491697911087306,0.6315405917504737,0.529660399358694,0.4703396006413059,0.55,0.5,6861.0,3634.0,3227.0,0.7063832148945653,0.21882884066514852,0.6269735220696954,0.2416979110873059,0.5818169645018185,0.41541915384722417,3634.0,3227.0,6861.0,0.9187198714515266,0.6315405917504737,4825.0,0.9351295336787565,0.8151595744680851,4512.0,2643.0,0.8887627695800226,0.27884206045125587,2349.0
0.55,0.2,0.0,0.0,0.5,0.45,1.0,1.0,True,7468.0,0.9302356722013926,0.6387832699619772,0.6186830015313936,0.6287331357466854,0.6491697911087306,0.6293364042032532,0.5300129552324745,0.46998704476752556,0.55,0.5,6947.0,3682.0,3265.0,0.7063832148945653,0.21882884066514852,0.6269735220696954,0.24062667380824854,0.5872005613047148,0.409786178122164,3682.0,3265.0,6947.0,0.9302356722013926,0.6293364042032532,4825.0,0.9448704663212435,0.8067558675148059,4559.0,2643.0,0.9035187287173666,0.29061976549413737,2388.0
0.55,0.2,0.0,0.0,0.5,0.55,0.5,0.55,False,7468.0,0.6483663631494376,0.6481554938516462,0.6126669538991814,0.6304112238754138,0.6491697911087306,0.631144155307724,0.5206526228831062,0.47934737711689385,0.55,0.5,4842.0,2521.0,2321.0,0.7063832148945653,0.21882884066514852,0.6269735220696954,0.17005891805034812,0.48903345749503147,0.3477449557775419,2521.0,2321.0,4842.0,0.6483663631494376,0.631144155307724,4825.0,0.6733678756476684,0.7485380116959064,3249.0,2643.0,0.6027241770715096,0.391713747645951,1593.0
0.55,0.2,0.0,0.0,0.5,0.55,0.5,0.55,True,7468.0,0.6598821638993037,0.6453873102374464,0.6091564222128021,0.6272718662251242,0.6491697911087306,0.6280438311688312,0.5213068181818182,0.4786931818181818,0.55,0.5,4928.0,2569.0,2359.0,0.7063832148945653,0.21882884066514852,0.6269735220696954,0.1689876807712909,0.4954263230431003,0.34109548264069445,2569.0,2359.0,4928.0,0.6598821638993037,0.6280438311688312,4825.0,0.6831088082901554,0.7378640776699029,3296.0,2643.0,0.6174801362088536,0.40625,1632.0
0.55,0.2,0.0,0.0,0.5,0.55,0.5,0.65,False,7468.0,0.6987145152651312,0.6462882096069869,0.6137651821862348,0.6300266958966108,0.6491697911087306,0.6308930624760445,0.5266385588348026,0.4733614411651974,0.55,0.5,5218.0,2748.0,2470.0,0.7063832148945653,0.21882884066514852,0.6269735220696954,0.1829137653990359,0.5078389261695558,0.3601806714162064,2748.0,2470.0,5218.0,0.6987145152651312,0.6308930624760445,4825.0,0.722279792746114,0.7655667144906744,3485.0,2643.0,0.6556942867953084,0.36006924408540103,1733.0
0.55,0.2,0.0,0.0,0.5,0.55,0.5,0.65,True,7468.0,0.7102303160149973,0.6437768240343348,0.6104465709728868,0.6271116975036108,0.6491697911087306,0.6280165912518854,0.5271493212669683,0.47285067873303166,0.55,0.5,5304.0,2796.0,2508.0,0.7063832148945653,0.21882884066514852,0.6269735220696954,0.18184252811997856,0.513997951306724,0.35378064768095846,2796.0,2508.0,5304.0,0.7102303160149973,0.6280165912518854,4825.0,0.7320207253886011,0.7553793884484711,3532.0,2643.0,0.6704502459326523,0.3741534988713318,1772.0
0.55,0.2,0.0,0.0,0.5,0.55,0.5,1.0,False,7468.0,0.7063470808784146,0.644524236983842,0.6144578313253012,0.6294910341545716,0.6491697911087306,0.6303317535545023,0.5279620853080569,0.4720379146919431,0.55,0.5,5275.0,2785.0,2490.0,0.7063832148945653,0.21882884066514852,0.6269735220696954,0.1841189073379753,0.5109932355425262,0.3603157430107555,2785.0,2490.0,5275.0,0.7063470808784146,0.6303317535545023,4825.0,0.729119170984456,0.7677657760090961,3518.0,2643.0,0.6647748770336739,0.3551508252703472,1757.0
0.55,0.2,0.0,0.0,0.5,0.55,0.5,1.0,True,7468.0,0.7178628816282807,0.6420755382986234,0.6111550632911392,0.6266153007948814,0.6491697911087306,0.6274948703600075,0.5284461854131692,0.4715538145868308,0.55,0.5,5361.0,2833.0,2528.0,0.7063832148945653,0.21882884066514852,0.6269735220696954,0.18304767005891812,0.5171146930659399,0.3539788610020732,2833.0,2528.0,5361.0,0.7178628816282807,0.6274948703600075,4825.0,0.738860103626943,0.7576437587657784,3565.0,2643.0,0.6795308361710178,0.36915367483296213,1796.0
0.55,0.2,0.0,0.0,0.5,0.55,0.55,0.55,False,7468.0,0.7899035886448849,0.6419313026571614,0.6210451475293282,0.6314882250932448,0.6491697911087306,0.6319715205967114,0.523139515172063,0.4768604848279369,0.55,0.5,5899.0,3086.0,2813.0,0.7063832148945653,0.21882884066514852,0.6269735220696954,0.20848955543652928,0.5391725295340795,0.3866843060730365,3086.0,2813.0,5899.0,0.7899035886448849,0.6319715205967114,4825.0,0.8126424870466321,0.7916347870441214,3921.0,2643.0,0.7483919788119561,0.3154701718907988,1978.0
0.55,0.2,0.0,0.0,0.5,0.55,0.55,0.55,True,7468.0,0.801419389394751,0.6397574984045947,0.6180287618379516,0.6288931301212732,0.6491697911087306,0.6294068504594821,0.5236424394319131,0.47635756056808687,0.55,0.5,5985.0,3134.0,2851.0,0.7063832148945653,0.21882884066514852,0.6269735220696954,0.20741831815747197,0.5449775551512553,0.3805997443324142,3134.0,2851.0,5985.0,0.801419389394751,0.6294068504594821,4825.0,0.8223834196891192,0.782258064516129,3968.0,2643.0,0.7631479379493,0.32870599900842834,2017.0
0.55,0.2,0.0,0.0,0.5,0.55,0.55,0.65,False,7468.0,0.8628816282806642,0.6383981154299175,0.6204068241469817,0.6294024697884496,0.6491697911087306,0.6298882681564246,0.527001862197393,0.4729981378026071,0.55,0.5,6444.0,3396.0,3048.0,0.7063832148945653,0.21882884066514852,0.6269735220696954,0.22415640064274245,0.5651217690188203,0.3966515058018891,3396.0,3048.0,6444.0,0.8628816282806642,0.6298882681564246,4825.0,0.8812435233160621,0.8078551269990593,4252.0,2643.0,0.8293605751040485,0.2846715328467153,2192.0
0.55,0.2,0.0,0.0,0.5,0.55,0.55,0.65,True,7468.0,0.8743974290305303,0.6364692218350755,0.6176279974076474,0.6270486096213614,0.6491697911087306,0.6275650842266463,0.5274119448698316,0.47258805513016844,0.55,0.5,6530.0,3444.0,3086.0,0.7063832148945653,0.21882884066514852,0.6269735220696954,0.22308516336368509,0.5706628889575899,0.390922850741507,3444.0,3086.0,6530.0,0.8743974290305303,0.6275650842266463,4825.0,0.8909844559585492,0.7990230286113049,4299.0,2643.0,0.8441165342413923,0.2971761541909458,2231.0
0.55,0.2,0.0,0.0,0.5,0.55,0.55,1.0,False,7468.0,0.8722549544724156,0.6372891215823153,0.6206111833550065,0.6289501524686609,0.6491697911087306,0.6294135707706479,0.5277863064169481,0.4722136935830519,0.55,0.5,6514.0,3438.0,3076.0,0.7063832148945653,0.21882884066514852,0.6269735220696954,0.22576325656132837,0.5685471387277784,0.39708801818352707,3438.0,3076.0,6514.0,0.8722549544724156,0.6294135707706479,4825.0,0.889740932642487,0.8096901933379921,4293.0,2643.0,0.8403329549754067,0.2809545249887438,2221.0
0.55,0.2,0.0,0.0,0.5,0.55,0.55,1.0,True,7468.0,0.8837707552222818,0.6353987378083764,0.6178548490687219,0.6266267934385492,0.6491697911087306,0.6271212121212121,0.5281818181818182,0.4718181818181818,0.55,0.5,6600.0,3486.0,3114.0,0.7063832148945653,0.21882884066514852,0.6269735220696954,0.22469201928227095,0.5740551959263198,0.39141187272018046,3486.0,3114.0,6600.0,0.8837707552222818,0.6271212121212121,4825.0,0.8994818652849741,0.8009216589861751,4340.0,2643.0,0.8550889141127507,0.29336283185840706,2260.0
0.55,0.2,0.0,0.0,0.5,0.55,0.6,0.55,False,7468.0,0.8178896625602571,0.6452016255079712,0.6198006187693366,0.6325011221386538,0.6491697911087306,0.6331041257367387,0.5237393582187295,0.4762606417812705,0.55,0.5,6108.0,3199.0,2909.0,0.7063832148945653,0.21882884066514852,0.6269735220696954,0.21772897696839846,0.547795895198138,0.3974636883499206,3199.0,2909.0,6108.0,0.8178896625602571,0.6331041257367387,4825.0,0.8414507772020725,0.798768472906404,4060.0,2643.0,0.7748770336738555,0.3046875,2048.0
0.55,0.2,0.0,0.0,0.5,0.55,0.6,0.55,True,7468.0,0.8294054633101232,0.6430551278102864,0.6168985408890397,0.629976834349663,0.6491697911087306,0.6306102680012916,0.524216984178237,0.475783015821763,0.55,0.5,6194.0,3247.0,2947.0,0.7063832148945653,0.21882884066514852,0.6269735220696954,0.21665773968934124,0.5535104893408895,0.39142481282935293,3247.0,2947.0,6194.0,0.8294054633101232,0.6306102680012916,4825.0,0.8511917098445596,0.789627465303141,4107.0,2643.0,0.7896329928111994,0.317680881648299,2087.0
0.55,0.2,0.0,0.0,0.5,0.55,0.6,0.65,False,7468.0,0.8908677021960364,0.6414933029353092,0.6192748091603053,0.6303840560478072,0.6491697911087306,0.6309935367503382,0.527431234029761,0.472568765970239,0.55,0.5,6653.0,3509.0,3144.0,0.7063832148945653,0.21882884066514852,0.6269735220696954,0.2333958221746117,0.5733549860345791,0.4070703627935932,3509.0,3144.0,6653.0,0.8908677021960364,0.6309935367503382,4825.0,0.9100518134715025,0.8139375996356183,4391.0,2643.0,0.8558456299659478,0.27586206896551724,2262.0
0.55,0.2,0.0,0.0,0.5,0.55,0.6,0.65,True,7468.0,0.9023835029459025,0.6395839190328929,0.61659333752357,0.6280886282782314,0.6491697911087306,0.6287282979670574,0.527823119157145,0.47217688084285503,0.55,0.5,6739.0,3557.0,3182.0,0.7063832148945653,0.21882884066514852,0.6269735220696954,0.23232458489555435,0.5788172933017586,0.40137809907216276,3557.0,3182.0,6739.0,0.9023835029459025,0.6287282979670574,4825.0,0.9197927461139896,0.8053177106804867,4438.0,2643.0,0.8706015891032917,0.288135593220339,2301.0
0.55,0.2,0.0,0.0,0.5,0.55,0.6,1.0,False,7468.0,0.9002410283877879,0.6403829907068431,0.6194829760403531,0.629932983373598,0.6491697911087306,0.6305220883534136,0.5281868213595121,0.4718131786404879,0.55,0.5,6723.0,3551.0,3172.0,0.7063832148945653,0.21882884066514852,0.6269735220696954,0.23500267809319755,0.5767314584339016,0.407473313023952,3551.0,3172.0,6723.0,0.9002410283877879,0.6305220883534136,4825.0,0.9185492227979275,0.815658844765343,4432.0,2643.0,0.8668180098373061,0.2723701440419031,2291.0
0.55,0.2,0.0,0.0,0.5,0.55,0.6,1.0,True,7468.0,0.911756829137654,0.6385106974159489,0.616822429906542,0.6276665636612455,0.6491697911087306,0.628286091937142,0.5285651343809664,0.47143486561903364,0.55,0.5,6809.0,3599.0,3210.0,0.7063832148945653,0.21882884066514852,0.6269735220696954,0.23393144081414033,0.582162085816104,0.4018321469461611,3599.0,3210.0,6809.0,0.911756829137654,0.628286091937142,4825.0,0.9282901554404145,0.8070997990622907,4479.0,2643.0,0.88157396897465,0.28454935622317595,2330.0
0.55,0.2,0.0,0.0,0.5,0.55,1.0,0.55,False,7468.0,0.8299410819496519,0.6460829493087558,0.6207951070336392,0.6334390281711975,0.6491697911087306,0.6340755082284608,0.5251694094869312,0.47483059051306875,0.55,0.5,6198.0,3255.0,2943.0,0.7063832148945653,0.21882884066514852,0.6269735220696954,0.22254954472415645,0.5510859902163615,0.40383814626966186,3255.0,2943.0,6198.0,0.8299410819496519,0.6340755082284608,4825.0,0.8545077720207254,0.8018433179723502,4123.0,2643.0,0.7850926976920166,0.3007228915662651,2075.0
0.55,0.2,0.0,0.0,0.5,0.55,1.0,0.55,True,7468.0,0.8414568826995179,0.6439600363306085,0.6179134518617914,0.6309367440961999,0.6491697911087306,0.6316040738383195,0.5256206238064927,0.47437937619350734,0.55,0.5,6284.0,3303.0,2981.0,0.7063832148945653,0.21882884066514852,0.6269735220696954,0.22147830744509903,0.5567668162051411,0.39779365615693446,3303.0,2981.0,6284.0,0.8414568826995179,0.6316040738383195,4825.0,0.8642487046632125,0.7928057553956834,4170.0,2643.0,0.7998486568293606,0.31362346263008517,2114.0
0.55,0.2,0.0,0.0,0.5,0.55,1.0,0.65,False,7468.0,0.9029191215854312,0.6423562412342216,0.6202013845185651,0.6312788128763933,0.6491697911087306,0.6319145780809728,0.5286964259231796,0.4713035740768204,0.55,0.5,6743.0,3565.0,3178.0,0.7063832148945653,0.21882884066514852,0.6269735220696954,0.23821638993036956,0.5764992331543303,0.4132119805727451,3565.0,3178.0,6743.0,0.9029191215854312,0.6319145780809728,4825.0,0.9231088082901554,0.8165693758419398,4454.0,2643.0,0.8660612939841089,0.272608125819135,2289.0
0.55,0.2,0.0,0.0,0.5,0.55,1.0,0.65,True,7468.0,0.9144349223352972,0.6404649875449765,0.6175373134328358,0.6290011504889061,0.6491697911087306,0.6296675940840533,0.5290672133548103,0.4709327866451896,0.55,0.5,6829.0,3613.0,3216.0,0.7063832148945653,0.21882884066514852,0.6269735220696954,0.23714515265131217,0.5819320276819214,0.40751349190378894,3613.0,3216.0,6829.0,0.9144349223352972,0.6296675940840533,4825.0,0.9328497409326425,0.8080426571872917,4501.0,2643.0,0.8808172531214529,0.2847938144329897,2328.0
0.55,0.2,0.0,0.0,0.5,0.55,1.0,1.0,False,7468.0,0.9122924477771827,0.6412531189354034,0.6203992514036182,0.6308261851695107,0.6491697911087306,0.631439894319683,0.5294290327315426,0.4705709672684574,0.55,0.5,6813.0,3607.0,3206.0,0.7063832148945653,0.21882884066514852,0.6269735220696954,0.23982324584895554,0.5798573970935558,0.413590043088235,3607.0,3206.0,6813.0,0.9122924477771827,0.631439894319683,4825.0,0.9316062176165804,0.8182424916573972,4495.0,2643.0,0.8770336738554673,0.26919758412424505,2318.0
0.55,0.2,0.0,0.0,0.5,0.55,1.0,1.0,True,7468.0,0.9238082485270488,0.6393980848153215,0.6177558569667078,0.6285769708910146,0.6491697911087306,0.6292216263226554,0.5297869256413973,0.4702130743586027,0.55,0.5,6899.0,3655.0,3244.0,0.7063832148945653,0.21882884066514852,0.6269735220696954,0.2387520085698982,0.5852590195619161,0.40794246750543245,3655.0,3244.0,6899.0,0.9238082485270488,0.6292216263226554,4825.0,0.9413471502590673,0.809775429326288,4542.0,2643.0,0.8917896329928112,0.28128977513788717,2357.0
0.55,0.2,0.0,0.0,0.6,0.45,0.5,0.55,False,7468.0,0.6115425816818425,0.6625412541254125,0.6308912739150724,0.6467162640202424,0.6491697911087306,0.6476899496387125,0.530764177797241,0.46923582220275895,0.55,0.6,4567.0,2424.0,2143.0,0.7063832148945653,0.21882884066514852,0.6269735220696954,0.1806373861810391,0.46416871690194905,0.38916320640194485,2424.0,2143.0,4567.0,0.6115425816818425,0.6476899496387125,4825.0,0.6366839378238341,0.7916666666666666,3072.0,2643.0,0.5656451002648506,0.35183946488294315,1495.0
0.55,0.2,0.0,0.0,0.6,0.45,0.5,0.55,True,7468.0,0.6227905731119443,0.6593851132686084,0.6268930702156953,0.6431390917421518,0.6491697911087306,0.6441625456890991,0.5314986024510858,0.46850139754891423,0.55,0.6,4651.0,2472.0,2179.0,0.7063832148945653,0.21882884066514852,0.6269735220696954,0.17956614890198183,0.4707570627244813,0.3814412212166342,2472.0,2179.0,4651.0,0.6227905731119443,0.6441625456890991,4825.0,0.6462176165803108,0.7799871712636305,3118.0,2643.0,0.5800227014755959,0.3679060665362035,1533.0
0.55,0.2,0.0,0.0,0.6,0.45,0.5,0.65,False,7468.0,0.6618907337975362,0.6593738211995473,0.6308900523560209,0.6451319367777841,0.6491697911087306,0.6461662957717985,0.5363139793647582,0.4636860206352418,0.55,0.6,4943.0,2651.0,2292.0,0.7063832148945653,0.21882884066514852,0.6269735220696954,0.19349223352972686,0.48394137055422803,0.3998257749861976,2651.0,2292.0,4943.0,0.6618907337975362,0.6461662957717985,4825.0,0.6855958549222798,0.8065296251511487,3308.0,2643.0,0.6186152099886493,0.3217125382262997,1635.0
0.55,0.2,0.0,0.0,0.6,0.45,0.5,0.65,True,7468.0,0.673138725227638,0.6565394590589108,0.627147766323024,0.6418436126909675,0.6491697911087306,0.6429281877859558,0.5369007360254625,0.4630992639745375,0.55,0.6,5027.0,2699.0,2328.0,0.7063832148945653,0.21882884066514852,0.6269735220696954,0.19242099625066952,0.4902640762777589,0.39248438864130336,2699.0,2328.0,5027.0,0.673138725227638,0.6429281877859558,4825.0,0.6951295336787565,0.7954680977936792,3354.0,2643.0,0.6329928111993947,0.3371189479976091,1673.0
0.55,0.2,0.0,0.0,0.6,0.45,0.5,1.0,False,7468.0,0.6695232994108195,0.6573660714285714,0.6314878892733564,0.6444269803509639,0.6491697911087306,0.6454,0.5376,0.4624,0.55,0.6,5000.0,2688.0,2312.0,0.7063832148945653,0.21882884066514852,0.6269735220696954,0.19469737546866625,0.4872504099239698,0.39958381050730507,2688.0,2312.0,5000.0,0.6695232994108195,0.6454,4825.0,0.6924352331606217,0.8084405866507034,3341.0,2643.0,0.6276958002270148,0.31705846895720313,1659.0
0.55,0.2,0.0,0.0,0.6,0.45,0.5,1.0,True,7468.0,0.6807712908409213,0.6546052631578947,0.6277683134582623,0.6411867883080785,0.6491697911087306,0.6422108575924469,0.5381589299763966,0.4618410700236035,0.55,0.6,5084.0,2736.0,2348.0,0.7063832148945653,0.21882884066514852,0.6269735220696954,0.193626138189609,0.49353072480409577,0.3923284376397595,2736.0,2348.0,5084.0,0.6807712908409213,0.6422108575924469,4825.0,0.7019689119170984,0.797460879834662,3387.0,2643.0,0.6420734014377601,0.3323512080141426,1697.0
0.55,0.2,0.0,0.0,0.6,0.45,0.55,0.55,False,7468.0,0.7530798071772897,0.6533957845433255,0.6364326375711575,0.6449142110572414,0.6491697911087306,0.645448079658606,0.5314722617354196,0.4685277382645804,0.55,0.6,5624.0,2989.0,2635.0,0.7063832148945653,0.21882884066514852,0.6269735220696954,0.2190680235672201,0.5167261284326881,0.4239538345616236,2989.0,2635.0,5624.0,0.7530798071772897,0.645448079658606,4825.0,0.7759585492227979,0.8290598290598291,3744.0,2643.0,0.7113129020052971,0.2797872340425532,1880.0
0.55,0.2,0.0,0.0,0.6,0.45,0.55,0.55,True,7468.0,0.7643277986073915,0.6509713533091867,0.6330962186447023,0.6420337859769445,0.6491697911087306,0.6426068675543097,0.5320602662929222,0.4679397337070778,0.55,0.6,5708.0,3037.0,2671.0,0.7063832148945653,0.21882884066514852,0.6269735220696954,0.21799678628816282,0.5226523760202515,0.4170970922357693,3037.0,2671.0,5708.0,0.7643277986073915,0.6426068675543097,4825.0,0.7854922279792746,0.8189973614775725,3790.0,2643.0,0.7256905032160423,0.2940563086548488,1918.0
0.55,0.2,0.0,0.0,0.6,0.45,0.55,0.65,False,7468.0,0.826057846813069,0.6486814186117005,0.6344947735191637,0.6415880960654321,0.6491697911087306,0.6420813746150106,0.5347706273301994,0.46522937266980063,0.55,0.6,6169.0,3299.0,2870.0,0.7063832148945653,0.21882884066514852,0.6269735220696954,0.23473486877343339,0.5437476335762923,0.4316981891572649,3299.0,2870.0,6169.0,0.826057846813069,0.6420813746150106,4825.0,0.844559585492228,0.8429447852760736,4075.0,2643.0,0.7922814982973894,0.2511938872970392,2094.0
0.55,0.2,0.0,0.0,0.6,0.45,0.55,0.65,True,7468.0,0.8373058382431708,0.6465491484911862,0.631452167928424,0.6390006582098051,0.6491697911087306,0.6395330241484087,0.5352630737246122,0.4647369262753878,0.55,0.6,6253.0,3347.0,2906.0,0.7063832148945653,0.21882884066514852,0.6269735220696954,0.23366363149437594,0.5493824745788651,0.4253205049423778,3347.0,2906.0,6253.0,0.8373058382431708,0.6395330241484087,4825.0,0.8540932642487047,0.8335355496238777,4121.0,2643.0,0.8066590995081347,0.26454033771106944,2132.0
0.55,0.2,0.0,0.0,0.6,0.45,0.55,1.0,False,7468.0,0.8354311730048206,0.6474109548039509,0.634575569358178,0.6409932620810646,0.6491697911087306,0.641448950152268,0.5355024843724956,0.4644975156275044,0.55,0.6,6239.0,3341.0,2898.0,0.7063832148945653,0.21882884066514852,0.6269735220696954,0.2363417246920193,0.5473067916227613,0.43182677121777996,3341.0,2898.0,6239.0,0.8354311730048206,0.641448950152268,4825.0,0.8530569948186528,0.8445092322643343,4116.0,2643.0,0.8032538781687476,0.2477626000942063,2123.0
0.55,0.2,0.0,0.0,0.6,0.45,0.55,1.0,True,7468.0,0.8466791644349223,0.6453231041605193,0.6315610088616224,0.6384420565110709,0.6491697911087306,0.6389372133480943,0.5359797564447256,0.4640202435552744,0.55,0.6,6323.0,3389.0,2934.0,0.7063832148945653,0.21882884066514852,0.6269735220696954,0.235270487412962,0.5529053612608401,0.4255167410141465,3389.0,2934.0,6323.0,0.8466791644349223,0.6389372133480943,4825.0,0.8625906735751295,0.8351753964440173,4162.0,2643.0,0.817631479379493,0.2609902822767237,2161.0
0.55,0.2,0.0,0.0,0.6,0.45,0.6,0.55,False,7468.0,0.7810658810926621,0.6563507414571245,0.6345660930062248,0.6454584172316746,0.6491697911087306,0.6461512086404937,0.5318018172466998,0.46819818275330016,0.55,0.6,5833.0,3102.0,2731.0,0.7063832148945653,0.21882884066514852,0.6269735220696954,0.22830744509908937,0.5257178121357372,0.4342775531450735,3102.0,2731.0,5833.0,0.7810658810926621,0.6461512086404937,4825.0,0.8047668393782383,0.8351789853206284,3883.0,2643.0,0.7377979568671964,0.26974358974358975,1950.0
0.55,0.2,0.0,0.0,0.6,0.45,0.6,0.55,True,7468.0,0.7923138725227638,0.653968253968254,0.6313697144922299,0.642668984230242,0.6491697911087306,0.6434003718100388,0.5323643738380937,0.46763562616190635,0.55,0.6,5917.0,3150.0,2767.0,0.7063832148945653,0.21882884066514852,0.6269735220696954,0.22723620782003207,0.5315438197847528,0.42750230434821107,3150.0,2767.0,5917.0,0.7923138725227638,0.6434003718100388,4825.0,0.814300518134715,0.8254008653601426,3929.0,2643.0,0.7521755580779418,0.2837022132796781,1988.0
0.55,0.2,0.0,0.0,0.6,0.45,0.6,0.65,False,7468.0,0.8540439207284414,0.6515240328253223,0.6328388401888064,0.6421814365070644,0.6491697911087306,0.6428347444339918,0.5349639385387269,0.46503606146127313,0.55,0.6,6378.0,3412.0,2966.0,0.7063832148945653,0.21882884066514852,0.6269735220696954,0.24397429030530254,0.5522995701714509,0.44174267640578707,3412.0,2966.0,6378.0,0.8540439207284414,0.6428347444339918,4825.0,0.8733678756476684,0.84812529663028,4214.0,2643.0,0.8187665531592887,0.24306839186691312,2164.0
0.55,0.2,0.0,0.0,0.6,0.45,0.6,0.65,True,7468.0,0.8652919121585431,0.6494219653179191,0.6299133910726182,0.6396676781952686,0.6491697911087306,0.6403590219746209,0.535437944908697,0.464562055091303,0.55,0.6,6462.0,3460.0,3002.0,0.7063832148945653,0.21882884066514852,0.6269735220696954,0.24290305302624537,0.5578480344736807,0.4354287153766167,3460.0,3002.0,6462.0,0.8652919121585431,0.6403590219746209,4825.0,0.8829015544041451,0.8389671361502348,4260.0,2643.0,0.8331441543700341,0.2561307901907357,2202.0
0.55,0.2,0.0,0.0,0.6,0.45,0.6,1.0,False,7468.0,0.8634172469201928,0.6502605674580196,0.6329325317301269,0.6415965495940732,0.6491697911087306,0.6422146401985112,0.5356699751861043,0.4643300248138958,0.55,0.6,6448.0,3454.0,2994.0,0.7063832148945653,0.21882884066514852,0.6269735220696954,0.24558114622388857,0.5558039675534461,0.44184849436195056,3454.0,2994.0,6448.0,0.8634172469201928,0.6422146401985112,4825.0,0.8818652849740932,0.8495887191539365,4255.0,2643.0,0.8297389330306469,0.23985408116735066,2193.0
0.55,0.2,0.0,0.0,0.6,0.45,0.6,1.0,True,7468.0,0.8746652383502946,0.6482010279840091,0.6300330033003301,0.6391170156421696,0.6491697911087306,0.6397734231475811,0.5361298224127373,0.46387017758726273,0.55,0.6,6532.0,3502.0,3030.0,0.7063832148945653,0.21882884066514852,0.6269735220696954,0.24450990894483127,0.5613177929682363,0.43559978323841864,3502.0,3030.0,6532.0,0.8746652383502946,0.6397734231475811,4825.0,0.8913989637305699,0.8405022087886538,4301.0,2643.0,0.8441165342413923,0.2528014343343792,2231.0
0.55,0.2,0.0,0.0,0.6,0.45,1.0,0.55,False,7468.0,0.7931173004820568,0.6570614312856238,0.6354430379746835,0.6462522346301536,0.6491697911087306,0.6469694411615735,0.5331757555292926,0.4668242444707074,0.55,0.6,5923.0,3158.0,2765.0,0.7063832148945653,0.21882884066514852,0.6269735220696954,0.23312801285484733,0.5291452010682934,0.4405747465614055,3158.0,2765.0,5923.0,0.7931173004820568,0.6469694411615735,4825.0,0.8178238341968912,0.8378104409528636,3946.0,2643.0,0.7480136208853575,0.26605968639352556,1977.0
0.55,0.2,0.0,0.0,0.6,0.45,1.0,0.55,True,7468.0,0.8043652919121586,0.6547099189020587,0.6322741877900749,0.6434920533460669,0.6491697911087306,0.6442483768936241,0.5337106708839687,0.46628932911603127,0.55,0.6,6007.0,3206.0,2801.0,0.7063832148945653,0.21882884066514852,0.6269735220696954,0.23205677557579008,0.5349338820528984,0.43380459410279515,3206.0,2801.0,6007.0,0.8043652919121586,0.6442483768936241,4825.0,0.8273575129533679,0.8281563126252505,3992.0,2643.0,0.7623912220961029,0.27990074441687346,2015.0
0.55,0.2,0.0,0.0,0.6,0.45,1.0,0.65,False,7468.0,0.8660953401178361,0.6522491349480969,0.6336666666666667,0.6429579008073818,0.6491697911087306,0.6436301793444651,0.536178107606679,0.46382189239332094,0.55,0.6,6468.0,3468.0,3000.0,0.7063832148945653,0.21882884066514852,0.6269735220696954,0.24879485806106058,0.5555629946535205,0.44782474796800076,3468.0,3000.0,6468.0,0.8660953401178361,0.6436301793444651,4825.0,0.8864248704663212,0.8503624035538929,4277.0,2643.0,0.8289822171774499,0.24007302601551803,2191.0
0.55,0.2,0.0,0.0,0.6,0.45,1.0,0.65,True,7468.0,0.8773433315479379,0.6501706484641638,0.630764163372859,0.6404674059185114,0.6491697911087306,0.6411782661782662,0.5366300366300366,0.4633699633699634,0.55,0.6,6552.0,3516.0,3036.0,0.7063832148945653,0.21882884066514852,0.6269735220696954,0.2477236207820033,0.5610791881570437,0.44151275971524095,3516.0,3036.0,6552.0,0.8773433315479379,0.6411782661782662,4825.0,0.8959585492227979,0.8413139023826047,4323.0,2643.0,0.8433598183881952,0.253028263795424,2229.0
0.55,0.2,0.0,0.0,0.6,0.45,1.0,1.0,False,7468.0,0.8754686663095875,0.6509971509971509,0.6337516512549538,0.6423744011260524,0.6491697911087306,0.6430100948302233,0.5368614255123891,0.46313857448761087,0.55,0.6,6538.0,3510.0,3028.0,0.7063832148945653,0.21882884066514852,0.6269735220696954,0.2504017139796465,0.5590469355653159,0.4479082131564443,3510.0,3028.0,6538.0,0.8754686663095875,0.6430100948302233,4825.0,0.8949222797927461,0.8517832329782307,4318.0,2643.0,0.8399545970488081,0.23693693693693693,2220.0
0.55,0.2,0.0,0.0,0.6,0.45,1.0,1.0,True,7468.0,0.8867166577396893,0.6489600899381676,0.6308746736292428,0.6399173817837052,0.6491697911087306,0.6405919661733616,0.5372999093929326,0.46270009060706735,0.55,0.6,6622.0,3558.0,3064.0,0.7063832148945653,0.21882884066514852,0.6269735220696954,0.24933047670058925,0.564529087399002,0.4416609919062782,3558.0,3064.0,6622.0,0.8867166577396893,0.6405919661733616,4825.0,0.9044559585492228,0.8428047662694775,4364.0,2643.0,0.8543321982595535,0.24977856510186006,2258.0
0.55,0.2,0.0,0.0,0.6,0.55,0.5,0.55,False,7468.0,0.5656132833422604,0.6802841918294849,0.6414807302231237,0.6608824610263042,0.6491697911087306,0.6621685606060606,0.5331439393939394,0.4668560606060606,0.55,0.6,4224.0,2252.0,1972.0,0.7063832148945653,0.21882884066514852,0.6269735220696954,0.1834493840385645,0.43712921390802506,0.4196685515444948,2252.0,1972.0,4224.0,0.5656132833422604,0.6621685606060606,4825.0,0.5989637305699482,0.841522491349481,2890.0,2643.0,0.504729474082482,0.27361319340329837,1334.0
0.55,0.2,0.0,0.0,0.6,0.55,0.5,0.55,True,7468.0,0.5753883235136583,0.6768558951965066,0.6372695565520677,0.6570627258742872,0.6491697911087306,0.6583663020712125,0.5329299511286945,0.46707004887130554,0.55,0.6,4297.0,2290.0,2007.0,0.7063832148945653,0.21882884066514852,0.6269735220696954,0.18224424209962511,0.4433644558453199,0.4110483817476025,2290.0,2007.0,4297.0,0.5753883235136583,0.6583663020712125,4825.0,0.6074611398963731,0.8297509382463323,2931.0,2643.0,0.516836927733636,0.29062957540263545,1366.0
0.55,0.2,0.0,0.0,0.6,0.55,0.5,0.65,False,7468.0,0.6159614354579539,0.6752722872125857,0.6407355021216408,0.6580038946671132,0.6491697911087306,0.6593478260869565,0.5389130434782609,0.46108695652173914,0.55,0.6,4600.0,2479.0,2121.0,0.7063832148945653,0.21882884066514852,0.6269735220696954,0.19630423138725225,0.45807052081022503,0.4285458733297957,2479.0,2121.0,4600.0,0.6159614354579539,0.6593478260869565,4825.0,0.6478756476683938,0.853486884197057,3126.0,2643.0,0.5576995838062807,0.24762550881953868,1474.0
0.55,0.2,0.0,0.0,0.6,0.55,0.5,0.65,True,7468.0,0.6257364756293519,0.6722288438617402,0.6368274582560297,0.654528151058885,0.6491697911087306,0.6558955702974535,0.5386261502246951,0.46137384977530493,0.55,0.6,4673.0,2517.0,2156.0,0.7063832148945653,0.21882884066514852,0.6269735220696954,0.19509908944831283,0.4640244531169877,0.42045001753199707,2517.0,2156.0,4673.0,0.6257364756293519,0.6558955702974535,4825.0,0.6563730569948186,0.8424376381433534,3167.0,2643.0,0.5698070374574348,0.2636122177954847,1506.0
0.55,0.2,0.0,0.0,0.6,0.55,0.5,1.0,False,7468.0,0.6235940010712373,0.6728934817170111,0.641289117234937,0.6570912994759741,0.6491697911087306,0.6583637534893708,0.5402619712261112,0.45973802877388875,0.55,0.6,4657.0,2516.0,2141.0,0.7063832148945653,0.21882884066514852,0.6269735220696954,0.19750937332619173,0.4615650700307843,0.4279123056539325,2516.0,2141.0,4657.0,0.6235940010712373,0.6583637534893708,4825.0,0.6547150259067358,0.8550174105729661,3159.0,2643.0,0.5667801740446462,0.24365821094793058,1498.0
0.55,0.2,0.0,0.0,0.6,0.55,0.5,1.0,True,7468.0,0.6333690412426353,0.6699295223179327,0.6374080882352942,0.6536688052766134,0.6491697911087306,0.6549682875264271,0.5399577167019027,0.46004228329809727,0.55,0.6,4730.0,2554.0,2176.0,0.7063832148945653,0.21882884066514852,0.6269735220696954,0.19630423138725234,0.4674744965532253,0.4199250073204832,2554.0,2176.0,4730.0,0.6333690412426353,0.6549682875264271,4825.0,0.6632124352331606,0.8440625,3200.0,2643.0,0.5788876276958003,0.25947712418300656,1530.0
0.55,0.2,0.0,0.0,0.6,0.55,0.55,0.55,False,7468.0,0.7071505088377076,0.6670216542421016,0.6452922077922078,0.6561569310171547,0.6491697911087306,0.6568831660670328,0.5334217004355236,0.46657829956447644,0.55,0.6,5281.0,2817.0,2464.0,0.7063832148945653,0.21882884066514852,0.6269735220696954,0.22188002142474564,0.4925801901279435,0.45044446746247385,2817.0,2464.0,5281.0,0.7071505088377076,0.6568831660670328,4825.0,0.7382383419689119,0.8714205502526671,3562.0,2643.0,0.6503972758229285,0.2123327515997673,1719.0
0.55,0.2,0.0,0.0,0.6,0.55,0.55,0.55,True,7468.0,0.7169255490091055,0.6644483362521891,0.6418567426970788,0.653152539474634,0.6491697911087306,0.653903623459096,0.5332461710870378,0.4667538289129623,0.55,0.6,5354.0,2855.0,2499.0,0.7063832148945653,0.21882884066514852,0.6269735220696954,0.22067487948580616,0.4981218071532802,0.4430138900100411,2855.0,2499.0,5354.0,0.7169255490091055,0.653903623459096,4825.0,0.7467357512953368,0.86150430197058,3603.0,2643.0,0.6625047294740825,0.22672758423757852,1751.0
0.55,0.2,0.0,0.0,0.6,0.55,0.55,0.65,False,7468.0,0.7801285484734869,0.6606971538215543,0.6424601704334939,0.6515786621275241,0.6491697911087306,0.6522485410230003,0.5367318915207689,0.46326810847923106,0.55,0.6,5826.0,3127.0,2699.0,0.7063832148945653,0.21882884066514852,0.6269735220696954,0.23754686663095875,0.5208558734633449,0.4560702465567493,3127.0,2699.0,5826.0,0.7801285484734869,0.6522485410230003,4825.0,0.806839378238342,0.8823529411764706,3893.0,2643.0,0.7313658721150208,0.18882565959648215,1933.0
0.55,0.2,0.0,0.0,0.6,0.55,0.55,0.65,True,7468.0,0.7899035886448849,0.6584518167456556,0.6393562545720556,0.6489040356588556,0.6491697911087306,0.6496016273944737,0.5365316155280556,0.4634683844719444,0.55,0.6,5899.0,3165.0,2734.0,0.7063832148945653,0.21882884066514852,0.6269735220696954,0.23634172469201936,0.5260997357692101,0.4492336882596306,3165.0,2734.0,5899.0,0.7899035886448849,0.6496016273944737,4825.0,0.8153367875647668,0.8731570920183019,3934.0,2643.0,0.7434733257661748,0.2020356234096692,1965.0
0.55,0.2,0.0,0.0,0.6,0.55,0.55,1.0,False,7468.0,0.7895018746652384,0.6591984853266014,0.6424642464246425,0.650831365875622,0.6491697911087306,0.6514586160108549,0.537483039348711,0.462516960651289,0.55,0.6,5896.0,3169.0,2727.0,0.7063832148945653,0.21882884066514852,0.6269735220696954,0.2391537225495448,0.5245703728365211,0.45590398339952665,3169.0,2727.0,5896.0,0.7895018746652384,0.6514586160108549,4825.0,0.8153367875647668,0.8835790543975597,3934.0,2643.0,0.7423382519863791,0.18603465851172274,1962.0
0.55,0.2,0.0,0.0,0.6,0.55,0.55,1.0,True,7468.0,0.7992769148366363,0.6570003118178983,0.6393917451122375,0.6481960284650679,0.6491697911087306,0.6488524040877869,0.537275925615681,0.462724074384319,0.55,0.6,5969.0,3207.0,2762.0,0.7063832148945653,0.21882884066514852,0.6269735220696954,0.23794858061060523,0.5297774694275094,0.4491481694526163,3207.0,2762.0,5969.0,0.7992769148366363,0.6488524040877869,4825.0,0.8238341968911918,0.8744654088050314,3975.0,2643.0,0.7544457056375331,0.1990972918756269,1994.0
0.55,0.2,0.0,0.0,0.6,0.55,0.6,0.55,False,7468.0,0.7351365827530798,0.6696245733788396,0.64296875,0.6562966616894198,0.6491697911087306,0.6571948998178506,0.5336976320582878,0.4663023679417122,0.55,0.6,5490.0,2930.0,2560.0,0.7063832148945653,0.21882884066514852,0.6269735220696954,0.23111944295661485,0.5020045516708315,0.46039312230810564,2930.0,2560.0,5490.0,0.7351365827530798,0.6571948998178506,4825.0,0.7670466321243523,0.876249662253445,3701.0,2643.0,0.6768823306848278,0.20402459474566798,1789.0
0.55,0.2,0.0,0.0,0.6,0.55,0.6,0.55,True,7468.0,0.7449116229244778,0.6671159029649596,0.6396917148362236,0.6534038089005916,0.6491697911087306,0.6543232069027504,0.5335250763976271,0.4664749236023728,0.55,0.6,5563.0,2968.0,2595.0,0.7063832148945653,0.21882884066514852,0.6269735220696954,0.2299143010176755,0.507443258851077,0.4530837625830991,2968.0,2595.0,5563.0,0.7449116229244778,0.6543232069027504,4825.0,0.7755440414507772,0.8666488508818814,3742.0,2643.0,0.6889897843359818,0.21801208127402527,1821.0
0.55,0.2,0.0,0.0,0.6,0.55,0.6,0.65,False,7468.0,0.8081146223888591,0.6632716049382716,0.6404293381037567,0.6518504715210142,0.6491697911087306,0.6526926263463132,0.5368682684341343,0.4631317315658658,0.55,0.6,6035.0,3240.0,2795.0,0.7063832148945653,0.21882884066514852,0.6269735220696954,0.2467862881628281,0.5297774694275093,0.465830093585353,3240.0,2795.0,6035.0,0.8081146223888591,0.6526926263463132,4825.0,0.8356476683937824,0.8864087301587301,4032.0,2643.0,0.7578509269769201,0.18222666000998503,2003.0
0.55,0.2,0.0,0.0,0.6,0.55,0.6,0.65,True,7468.0,0.8178896625602571,0.6610738255033557,0.6374558303886926,0.6492648279460241,0.6491697911087306,0.6501309757694826,0.5366732154551408,0.4633267845448592,0.55,0.6,6108.0,3278.0,2830.0,0.7063832148945653,0.21882884066514852,0.6269735220696954,0.24558114622388857,0.5349338820528984,0.4590869160903209,3278.0,2830.0,6108.0,0.8178896625602571,0.6501309757694826,4825.0,0.8441450777202073,0.8774858826417874,4073.0,2643.0,0.7699583806280742,0.19508599508599508,2035.0
0.55,0.2,0.0,0.0,0.6,0.55,0.6,1.0,False,7468.0,0.8174879485806106,0.6617915904936015,0.6404534183492738,0.6511225044214377,0.6491697911087306,0.6519246519246519,0.5375921375921376,0.4624078624078624,0.55,0.6,6105.0,3282.0,2823.0,0.7063832148945653,0.21882884066514852,0.6269735220696954,0.24839314408141394,0.5334298475428595,0.46565287867859007,3282.0,2823.0,6105.0,0.8174879485806106,0.6519246519246519,4825.0,0.8441450777202073,0.8875521728455684,4073.0,2643.0,0.7688233068482785,0.1796259842519685,2032.0
0.55,0.2,0.0,0.0,0.6,0.55,0.6,1.0,True,7468.0,0.8272629887520085,0.6596385542168675,0.6375087473757872,0.6485736507963273,0.6491697911087306,0.6494011006798317,0.5373907413402396,0.46260925865976044,0.55,0.6,6178.0,3320.0,2858.0,0.7063832148945653,0.21882884066514852,0.6269735220696954,0.2471880021424746,0.5385512912478875,0.4589869268899357,3320.0,2858.0,6178.0,0.8272629887520085,0.6494011006798317,4825.0,0.8526424870466321,0.8787068546426835,4114.0,2643.0,0.7809307604994324,0.1923449612403101,2064.0
0.55,0.2,0.0,0.0,0.6,0.55,1.0,0.55,False,7468.0,0.7471880021424746,0.6701272605492298,0.643793369313801,0.6569603149315154,0.6491697911087306,0.6578853046594982,0.5351254480286738,0.46487455197132616,0.55,0.6,5580.0,2986.0,2594.0,0.7063832148945653,0.21882884066514852,0.6269735220696954,0.23594001071237286,0.5055927172290469,0.4666602240741648,2986.0,2594.0,5580.0,0.7471880021424746,0.6578853046594982,4825.0,0.7801036269430052,0.8783209351753454,3764.0,2643.0,0.687097994702989,0.20099118942731278,1816.0
0.55,0.2,0.0,0.0,0.6,0.55,1.0,0.55,True,7468.0,0.7569630423138726,0.6676587301587301,0.6405477367820464,0.6541032334703882,0.6491697911087306,0.6550504157084733,0.5349372014859367,0.46506279851406335,0.55,0.6,5653.0,3024.0,2629.0,0.7063832148945653,0.21882884066514852,0.6269735220696954,0.23473486877343328,0.5109932355425262,0.45936981636207597,3024.0,2629.0,5653.0,0.7569630423138726,0.6550504157084733,4825.0,0.78860103626943,0.8688567674113009,3805.0,2643.0,0.699205448354143,0.21482683982683984,1848.0
0.55,0.2,0.0,0.0,0.6,0.55,1.0,0.65,False,7468.0,0.8201660417782539,0.6638349514563107,0.6412159773771651,0.6525254644167379,0.6491697911087306,0.6533877551020408,0.5381224489795918,0.4618775510204082,0.55,0.6,6125.0,3296.0,2829.0,0.7063832148945653,0.21882884066514852,0.6269735220696954,0.251606855918586,0.5331787626395428,0.4718996208194542,3296.0,2829.0,6125.0,0.8201660417782539,0.6533877551020408,4825.0,0.8487046632124352,0.8881562881562881,4095.0,2643.0,0.7680665909950813,0.17980295566502463,2030.0
0.55,0.2,0.0,0.0,0.6,0.55,1.0,0.65,True,7468.0,0.8299410819496519,0.6616676664667066,0.638268156424581,0.6499679114456438,0.6491697911087306,0.6508551145530816,0.5379154565989028,0.4620845434010971,0.55,0.6,6198.0,3334.0,2864.0,0.7063832148945653,0.21882884066514852,0.6269735220696954,0.2504017139796465,0.5383025951869476,0.46516906330849894,3334.0,2864.0,6198.0,0.8299410819496519,0.6508551145530816,4825.0,0.85720207253886,0.8793520309477756,4136.0,2643.0,0.7801740446462353,0.19253152279340446,2062.0
0.55,0.2,0.0,0.0,0.6,0.55,1.0,1.0,False,7468.0,0.8295393679700054,0.6623726782504493,0.6412320616030801,0.6518023699267648,0.6491697911087306,0.6526230831315577,0.5388216303470541,0.4611783696529459,0.55,0.6,6195.0,3338.0,2857.0,0.7063832148945653,0.21882884066514852,0.6269735220696954,0.25321371183717195,0.5368079992571057,0.4717025681204399,3338.0,2857.0,6195.0,0.8295393679700054,0.6526230831315577,4825.0,0.85720207253886,0.8892649903288201,4136.0,2643.0,0.7790389708664397,0.17727051966974258,2059.0
0.55,0.2,0.0,0.0,0.6,0.55,1.0,1.0,True,7468.0,0.8393144081414033,0.6602488151658767,0.6383125864453665,0.6492807008056216,0.6491697911087306,0.6501276324186344,0.5386088066368858,0.46139119336311424,0.55,0.6,6268.0,3376.0,2892.0,0.7063832148945653,0.21882884066514852,0.6269735220696954,0.2520085698982325,0.5418975171760666,0.4650483936732137,3376.0,2892.0,6268.0,0.8393144081414033,0.6501276324186344,4825.0,0.865699481865285,0.8805362700502753,4177.0,2643.0,0.7911464245175936,0.18986131037780965,2091.0
0.55,0.2,0.0,0.45,0.5,0.45,0.5,0.55,False,7468.0,0.5869041242635243,0.6731831704207395,0.641871921182266,0.6575275458015027,0.6491697911087306,0.6586812685375314,0.5368469085101528,0.4631530914898471,0.55,0.5,4383.0,2353.0,2030.0,0.7063832148945653,0.21882884066514852,0.6269735220696954,0.18626138189609,0.44757275518480477,0.416158892020096,2353.0,2030.0,4383.0,0.5869041242635243,0.6586812685375314,4825.0,0.6132642487046632,0.8218992903007772,2959.0,2643.0,0.5387816874763526,0.31952247191011235,1424.0
0.55,0.2,0.0,0.45,0.5,0.45,0.5,0.55,True,7468.0,0.5978843063738618,0.6698624426844518,0.6374636979670861,0.653663070325769,0.6491697911087306,0.6548712206047033,0.5372900335946249,0.46270996640537515,0.55,0.5,4465.0,2399.0,2066.0,0.7063832148945653,0.21882884066514852,0.6269735220696954,0.1851901446170327,0.4542544230697314,0.4076793427030751,2399.0,2066.0,4465.0,0.5978843063738618,0.6548712206047033,4825.0,0.6225906735751295,0.8095872170439414,3004.0,2643.0,0.5527809307604994,0.33675564681724846,1461.0
0.55,0.2,0.0,0.45,0.5,0.45,0.5,0.65,False,7468.0,0.637252276379218,0.6689922480620155,0.6411197797154659,0.6550560138887407,0.6491697911087306,0.6562303004832948,0.5421306997268334,0.45786930027316664,0.55,0.5,4759.0,2580.0,2179.0,0.7063832148945653,0.21882884066514852,0.6269735220696954,0.19911622924477768,0.4680470313624691,0.42541927606111946,2580.0,2179.0,4759.0,0.637252276379218,0.6562303004832948,4825.0,0.6621761658031088,0.8350547730829421,3195.0,2643.0,0.5917517972001514,0.29092071611253195,1564.0
0.55,0.2,0.0,0.45,0.5,0.45,0.5,0.65,True,7468.0,0.6482324584895555,0.6660319878141661,0.6370203160270881,0.651526151920627,0.6491697911087306,0.6527576946911795,0.5424499070439992,0.45755009295600085,0.55,0.5,4841.0,2626.0,2215.0,0.7063832148945653,0.21882884066514852,0.6269735220696954,0.1980449919657204,0.47444044227059473,0.4174285628305827,2626.0,2215.0,4841.0,0.6482324584895555,0.6527576946911795,4825.0,0.6715025906735751,0.8234567901234567,3240.0,2643.0,0.6057510404842982,0.30730793254216116,1601.0
0.55,0.2,0.0,0.45,0.5,0.45,0.5,1.0,False,7468.0,0.6448848419925013,0.6667940389759266,0.6416552978626648,0.6542246684192957,0.6491697911087306,0.6553156146179402,0.5433970099667774,0.4566029900332226,0.55,0.5,4816.0,2617.0,2199.0,0.7063832148945653,0.21882884066514852,0.6269735220696954,0.20032137118371718,0.47146763982737144,0.42488890914563116,2617.0,2199.0,4816.0,0.6448848419925013,0.6553156146179402,4825.0,0.6690155440414508,0.8367410161090458,3228.0,2643.0,0.6008323874385169,0.2865239294710327,1588.0
0.55,0.2,0.0,0.45,0.5,0.45,0.5,1.0,True,7468.0,0.6558650241028388,0.6639128802102892,0.6375838926174496,0.6507483864138695,0.6491697911087306,0.6518987341772152,0.5436913025724786,0.45630869742752145,0.55,0.5,4898.0,2663.0,2235.0,0.7063832148945653,0.21882884066514852,0.6269735220696954,0.19925013390465993,0.47781528345071744,0.4170024291933535,2663.0,2235.0,4898.0,0.6558650241028388,0.6518987341772152,4825.0,0.6783419689119171,0.8252367858234037,3273.0,2643.0,0.6148316307226637,0.3027692307692308,1625.0
0.55,0.2,0.0,0.45,0.5,0.45,0.55,0.55,False,7468.0,0.7284413497589716,0.6617546264564771,0.6455194290245837,0.6536370277405303,0.6491697911087306,0.6542279411764705,0.5363970588235294,0.4636029411764706,0.55,0.5,5440.0,2918.0,2522.0,0.7063832148945653,0.21882884066514852,0.6269735220696954,0.22469201928227095,0.5018711639836965,0.44770856627572686,2918.0,2522.0,5440.0,0.7284413497589716,0.6542279411764705,4825.0,0.7525388601036269,0.8548609198567888,3631.0,2643.0,0.684449489216799,0.25152017689331124,1809.0
0.55,0.2,0.0,0.45,0.5,0.45,0.55,0.55,True,7468.0,0.739421531869309,0.6592442645074224,0.6419077404222049,0.6505760024648136,0.6491697911087306,0.6512133285041651,0.5367620427381383,0.4632379572618616,0.55,0.5,5522.0,2964.0,2558.0,0.7063832148945653,0.21882884066514852,0.6269735220696954,0.22362078200321367,0.507838926169556,0.4403380097108817,2964.0,2558.0,5522.0,0.739421531869309,0.6512133285041651,4825.0,0.7618652849740932,0.8443960826985855,3676.0,2643.0,0.6984487325009459,0.26652221018418204,1846.0
0.55,0.2,0.0,0.45,0.5,0.45,0.55,0.65,False,7468.0,0.801419389394751,0.6561338289962825,0.642727602466449,0.6494307157313657,0.6491697911087306,0.6499582289055973,0.5393483709273182,0.4606516290726817,0.55,0.5,5985.0,3228.0,2757.0,0.7063832148945653,0.21882884066514852,0.6269735220696954,0.24035886448848415,0.5296510761370483,0.45380605330119406,3228.0,2757.0,5985.0,0.801419389394751,0.6499582289055973,4825.0,0.821139896373057,0.8669863705199394,3962.0,2643.0,0.7654180855088915,0.22491349480968859,2023.0
0.55,0.2,0.0,0.45,0.5,0.45,0.55,0.65,True,7468.0,0.8123995715050883,0.6539401343921808,0.6394557823129252,0.646697958352553,0.6491697911087306,0.6472721279050602,0.5396406790835668,0.46035932091643317,0.55,0.5,6067.0,3274.0,2793.0,0.7063832148945653,0.21882884066514852,0.6269735220696954,0.2392876272094269,0.5353092303966286,0.44700822183120337,3274.0,2793.0,6067.0,0.8123995715050883,0.6472721279050602,4825.0,0.8304663212435233,0.8572498128275517,4007.0,2643.0,0.7794173287930383,0.23883495145631067,2060.0
0.55,0.2,0.0,0.45,0.5,0.45,0.55,1.0,False,7468.0,0.8107927155865025,0.6547400611620795,0.6427289048473968,0.6487344830047381,0.6491697911087306,0.649215524360033,0.5400495458298926,0.4599504541701073,0.55,0.5,6055.0,3270.0,2785.0,0.7063832148945653,0.21882884066514852,0.6269735220696954,0.2419657204070702,0.5333043198678556,0.45371040772185284,3270.0,2785.0,6055.0,0.8107927155865025,0.649215524360033,4825.0,0.8296373056994819,0.8683487384461653,4003.0,2643.0,0.7763904653802497,0.22173489278752437,2052.0
0.55,0.2,0.0,0.45,0.5,0.45,0.55,1.0,True,7468.0,0.8217728976968398,0.6525934861278649,0.6394895427153492,0.6460415144216071,0.6491697911087306,0.6465699853348542,0.5403291510510021,0.4596708489489979,0.55,0.5,6137.0,3316.0,2821.0,0.7063832148945653,0.21882884066514852,0.6269735220696954,0.24089448312801293,0.5389241201546034,0.44699146710840576,3316.0,2821.0,6137.0,0.8217728976968398,0.6465699853348542,4825.0,0.8389637305699482,0.8586956521739131,4048.0,2643.0,0.7903897086643965,0.23551938726663477,2089.0
0.55,0.2,0.0,0.45,0.5,0.45,0.6,0.55,False,7468.0,0.7987412961971077,0.6587178693093837,0.6440058479532164,0.6513618586313,0.6491697911087306,0.6519698239731768,0.5413243922883487,0.4586756077116513,0.55,0.5,5965.0,3229.0,2736.0,0.7063832148945653,0.21882884066514852,0.6269735220696954,0.24276914836636307,0.5272438467306871,0.4604494673038224,3229.0,2736.0,5965.0,0.7987412961971077,0.6519698239731768,4825.0,0.8209326424870467,0.8669527896995708,3961.0,2643.0,0.7582292849035187,0.22704590818363274,2004.0
0.55,0.2,0.0,0.45,0.5,0.45,0.6,0.55,True,7468.0,0.8097214783074451,0.6564885496183206,0.6406926406926406,0.6485905951554807,0.6491697911087306,0.6492475607739375,0.5415908715065322,0.4584091284934678,0.55,0.5,6047.0,3275.0,2772.0,0.7063832148945653,0.21882884066514852,0.6269735220696954,0.2416979110873059,0.5329275594394323,0.4535286396926806,3275.0,2772.0,6047.0,0.8097214783074451,0.6492475607739375,4825.0,0.830259067357513,0.8572141787319022,4006.0,2643.0,0.7722285281876655,0.24105830475257226,2041.0
0.55,0.2,0.0,0.45,0.5,0.45,0.6,0.65,False,7468.0,0.871719335832887,0.6538570217575587,0.6415348367553012,0.6476959292564299,0.6491697911087306,0.6482334869431644,0.5436251920122888,0.45637480798771124,0.55,0.5,6510.0,3539.0,2971.0,0.7063832148945653,0.21882884066514852,0.6269735220696954,0.2584359935725764,0.5537523554172527,0.466699583386593,3539.0,2971.0,6510.0,0.871719335832887,0.6482334869431644,4825.0,0.8895336787564767,0.8772134203168686,4292.0,2643.0,0.839197881195611,0.20513976555455365,2218.0
0.55,0.2,0.0,0.45,0.5,0.45,0.6,0.65,True,7468.0,0.8826995179432244,0.6518828451882845,0.6385101429996675,0.6451964940939761,0.6491697911087306,0.6457827669902912,0.5438410194174758,0.4561589805825243,0.55,0.5,6592.0,3585.0,3007.0,0.7063832148945653,0.21882884066514852,0.6269735220696954,0.257364756293519,0.5591666842944533,0.46026482535928864,3585.0,3007.0,6592.0,0.8826995179432244,0.6457827669902912,4825.0,0.898860103626943,0.868111597878718,4337.0,2643.0,0.8531971244797578,0.21818181818181817,2255.0
0.55,0.2,0.0,0.45,0.5,0.45,0.6,1.0,False,7468.0,0.8810926620246384,0.6526110025132644,0.6415471823941313,0.6470790924536979,0.6491697911087306,0.6475683890577507,0.544224924012158,0.45577507598784195,0.55,0.5,6580.0,3581.0,2999.0,0.7063832148945653,0.21882884066514852,0.6269735220696954,0.2600428494911622,0.5572476166541568,0.4666558307642829,3581.0,2999.0,6580.0,0.8810926620246384,0.6475683890577507,4825.0,0.8980310880829016,0.8783752596353566,4333.0,2643.0,0.8501702610669694,0.20249221183800623,2247.0
0.55,0.2,0.0,0.45,0.5,0.45,0.6,1.0,True,7468.0,0.8920728441349759,0.6506754893851668,0.6385502471169687,0.6446128682510678,0.6491697911087306,0.645151606124287,0.5444311017712399,0.4555688982287601,0.55,0.5,6662.0,3627.0,3035.0,0.7063832148945653,0.21882884066514852,0.6269735220696954,0.258971612212105,0.562628310664719,0.46028898173670324,3627.0,3035.0,6662.0,0.8920728441349759,0.645151606124287,4825.0,0.9073575129533679,0.8693467336683417,4378.0,2643.0,0.8641695043511162,0.21541155866900175,2284.0
0.55,0.2,0.0,0.45,0.5,0.45,1.0,0.55,False,7468.0,0.8363685056239957,0.656075316269491,0.6455918510713031,0.6508335836703971,0.6491697911087306,0.6512968299711815,0.5441882804995197,0.45581171950048033,0.55,0.5,6246.0,3399.0,2847.0,0.7063832148945653,0.21882884066514852,0.6269735220696954,0.25307980717728973,0.5400410625344642,0.4686306741001547,3399.0,2847.0,6246.0,0.8363685056239957,0.6512968299711815,4825.0,0.8580310880829015,0.8727053140096618,4140.0,2643.0,0.7968217934165721,0.21604938271604937,2106.0
0.55,0.2,0.0,0.45,0.5,0.45,1.0,0.55,True,7468.0,0.8473486877343331,0.6539912917271408,0.642386403052376,0.6481888473897583,0.6491697911087306,0.6487041719342604,0.5444058154235145,0.4555941845764855,0.55,0.5,6328.0,3445.0,2883.0,0.7063832148945653,0.21882884066514852,0.6269735220696954,0.25200856989823245,0.5455914762146219,0.4618997562914613,3445.0,2883.0,6328.0,0.8473486877343331,0.6487041719342604,4825.0,0.8673575129533678,0.8633213859020311,4185.0,2643.0,0.8108210367007189,0.22958469435370976,2143.0
0.55,0.2,0.0,0.45,0.5,0.45,1.0,0.65,False,7468.0,0.909346545259775,0.6516581288757077,0.6430889033095393,0.6473735160926235,0.6491697911087306,0.6477691061699308,0.5461640406420262,0.4538359593579738,0.55,0.5,6791.0,3709.0,3082.0,0.7063832148945653,0.21882884066514852,0.6269735220696954,0.2687466523835029,0.5659504805529686,0.47485895253754506,3709.0,3082.0,6791.0,0.909346545259775,0.6477691061699308,4825.0,0.9266321243523316,0.8821292775665399,4471.0,2643.0,0.8777903897086644,0.1961206896551724,2320.0
0.55,0.2,0.0,0.45,0.5,0.45,1.0,0.65,True,7468.0,0.9203267273701125,0.6498002663115846,0.6401539448364336,0.6449771055740091,0.6491697911087306,0.6454241233813472,0.546340753673796,0.45365924632620397,0.55,0.5,6873.0,3755.0,3118.0,0.7063832148945653,0.21882884066514852,0.6269735220696954,0.26767541510444554,0.5712492066802662,0.4685790579211536,3755.0,3118.0,6873.0,0.9203267273701125,0.6454241233813472,4825.0,0.935958549222798,0.8733392382639504,4516.0,2643.0,0.8917896329928112,0.20873992363173527,2357.0
0.55,0.2,0.0,0.45,0.5,0.45,1.0,1.0,False,7468.0,0.9187198714515266,0.6504932018128499,0.6430868167202572,0.6467900092665535,0.6491697911087306,0.6471359860078706,0.5467133070980906,0.4532866929019093,0.55,0.5,6861.0,3751.0,3110.0,0.7063832148945653,0.21882884066514852,0.6269735220696954,0.27035350830208893,0.5693708647048238,0.47482849063983457,3751.0,3110.0,6861.0,0.9187198714515266,0.6471359860078706,4825.0,0.9351295336787565,0.8832003546099291,4512.0,2643.0,0.8887627695800226,0.1936994465730098,2349.0
0.55,0.2,0.0,0.45,0.5,0.45,1.0,1.0,True,7468.0,0.9297000535618639,0.6486700026336581,0.6401780038143674,0.6444240032240127,0.6491697911087306,0.6448221230015844,0.5468817514042921,0.45311824859570793,0.55,0.5,6943.0,3797.0,3146.0,0.7063832148945653,0.21882884066514852,0.6269735220696954,0.26928227102303165,0.5746380524029158,0.4686119721744784,3797.0,3146.0,6943.0,0.9297000535618639,0.6448221230015844,4825.0,0.9444559585492228,0.8744788237875796,4557.0,2643.0,0.9027620128641695,0.20620284995808885,2386.0
0.55,0.2,0.0,0.45,0.5,0.55,0.5,0.55,False,7468.0,0.5804767005891805,0.674548581255374,0.6406172224987556,0.6575829018770648,0.6491697911087306,0.6588235294117647,0.5365628604382929,0.463437139561707,0.55,0.5,4335.0,2326.0,2009.0,0.7063832148945653,0.21882884066514852,0.6269735220696954,0.1843867166577397,0.44502246231591547,0.41433125801826615,2326.0,2009.0,4335.0,0.5804767005891805,0.6588235294117647,4825.0,0.6097409326424871,0.8266485384092455,2942.0,2643.0,0.5270525917517972,0.30437903804737976,1393.0
0.55,0.2,0.0,0.45,0.5,0.55,0.5,0.55,True,7468.0,0.5914568826995179,0.6711635750421585,0.6361858190709047,0.6536746970565316,0.6491697911087306,0.6549694362689609,0.5370160742585465,0.4629839257414535,0.55,0.5,4417.0,2372.0,2045.0,0.7063832148945653,0.21882884066514852,0.6269735220696954,0.18331547937868242,0.45174185289877417,0.4057969794084135,2372.0,2045.0,4417.0,0.5914568826995179,0.6549694362689609,4825.0,0.6190673575129534,0.8141948443254101,2987.0,2643.0,0.541051835035944,0.32237762237762235,1430.0
0.55,0.2,0.0,0.45,0.5,0.55,0.5,0.65,False,7468.0,0.6308248527048741,0.6701919310614963,0.6399443929564411,0.6550681620089687,0.6491697911087306,0.6563362343451496,0.5419231585650605,0.4580768414349395,0.55,0.5,4711.0,2553.0,2158.0,0.7063832148945653,0.21882884066514852,0.6269735220696954,0.19724156400642742,0.46560889633814273,0.423620694444771,2553.0,2158.0,4711.0,0.6308248527048741,0.6563362343451496,4825.0,0.6586528497409326,0.8395217117684078,3178.0,2643.0,0.5800227014755959,0.2765818656229615,1533.0
0.55,0.2,0.0,0.45,0.5,0.55,0.5,0.65,True,7468.0,0.6418050348152116,0.6671796844940362,0.6358249772105743,0.6515023308523052,0.6491697911087306,0.6528270394325058,0.5422491132902149,0.4577508867097851,0.55,0.5,4793.0,2599.0,2194.0,0.7063832148945653,0.21882884066514852,0.6269735220696954,0.19617032672737011,0.4720353313512885,0.4155839906428111,2599.0,2194.0,4793.0,0.6418050348152116,0.6528270394325058,4825.0,0.6679792746113989,0.8278001861619609,3223.0,2643.0,0.5940219447597427,0.29363057324840763,1570.0
0.55,0.2,0.0,0.45,0.5,0.55,0.5,1.0,False,7468.0,0.6384574183181575,0.667953667953668,0.640495867768595,0.6542247678611315,0.6491697911087306,0.6554110738255033,0.5432046979865772,0.45679530201342283,0.55,0.5,4768.0,2590.0,2178.0,0.7063832148945653,0.21882884066514852,0.6269735220696954,0.1984467059453669,0.46904728566147286,0.42308464841771315,2590.0,2178.0,4768.0,0.6384574183181575,0.6554110738255033,4825.0,0.6654922279792747,0.8411709747742137,3211.0,2643.0,0.5891032917139614,0.2723185613359024,1557.0
0.55,0.2,0.0,0.45,0.5,0.55,0.5,1.0,True,7468.0,0.649437600428495,0.6650227617602428,0.6364046973803071,0.650713729570275,0.6491697911087306,0.6519587628865979,0.5435051546391753,0.45649484536082474,0.55,0.5,4850.0,2636.0,2214.0,0.7063832148945653,0.21882884066514852,0.6269735220696954,0.1973754686663096,0.475427245623442,0.41515388628492506,2636.0,2214.0,4850.0,0.649437600428495,0.6519587628865979,4825.0,0.674818652849741,0.8295454545454546,3256.0,2643.0,0.6031025349981082,0.28920953575909664,1594.0
0.55,0.2,0.0,0.45,0.5,0.55,0.55,0.55,False,7468.0,0.7220139260846278,0.662746454514009,0.6445421831267493,0.6536443188203791,0.6491697911087306,0.6543026706231454,0.5361646884272997,0.4638353115727003,0.55,0.5,5392.0,2891.0,2501.0,0.7063832148945653,0.21882884066514852,0.6269735220696954,0.22281735404392072,0.49959812451644925,0.4459931755339976,2891.0,2501.0,5392.0,0.7220139260846278,0.6543026706231454,4825.0,0.7490155440414508,0.8588821250691754,3614.0,2643.0,0.6727203934922437,0.23847019122609675,1778.0
0.55,0.2,0.0,0.45,0.5,0.55,0.55,0.55,True,7468.0,0.7329941081949651,0.6601974804221995,0.6409144659046118,0.6505559731634056,0.6491697911087306,0.6512605042016807,0.5365363536719036,0.46346364632809645,0.55,0.5,5474.0,2937.0,2537.0,0.7063832148945653,0.21882884066514852,0.6269735220696954,0.22174611676486342,0.5055927172290468,0.43858645349989606,2937.0,2537.0,5474.0,0.7329941081949651,0.6512605042016807,4825.0,0.7583419689119171,0.8483192128996994,3659.0,2643.0,0.6867196367763905,0.2539944903581267,1815.0
0.55,0.2,0.0,0.45,0.5,0.55,0.55,0.65,False,7468.0,0.7949919657204071,0.6569821930646673,0.6418128654970761,0.6493975292808717,0.6491697911087306,0.6499915782381674,0.5391611925214755,0.4608388074785245,0.55,0.5,5937.0,3201.0,2736.0,0.7063832148945653,0.21882884066514852,0.6269735220696954,0.23848419925013395,0.5274977566162121,0.45210467013160444,3201.0,2736.0,5937.0,0.7949919657204071,0.6499915782381674,4825.0,0.8176165803108808,0.870722433460076,3945.0,2643.0,0.753688989784336,0.21285140562248997,1992.0
0.55,0.2,0.0,0.45,0.5,0.55,0.55,0.65,True,7468.0,0.8059721478307446,0.6547582383738836,0.6385281385281385,0.6466431884510111,0.6491697911087306,0.6472836019272304,0.5394583817909951,0.4605416182090048,0.55,0.5,6019.0,3247.0,2772.0,0.7063832148945653,0.21882884066514852,0.6269735220696954,0.2374129619710766,0.5331787626395428,0.44527835429105495,3247.0,2772.0,6019.0,0.8059721478307446,0.6472836019272304,4825.0,0.8269430051813471,0.8609022556390977,3990.0,2643.0,0.7676882330684828,0.2272055199605717,2029.0
0.55,0.2,0.0,0.45,0.5,0.55,0.55,1.0,False,7468.0,0.8043652919121586,0.6555658341042245,0.6418234442836469,0.6486946391939357,0.6491697911087306,0.6492425503579158,0.5398701514899285,0.4601298485100716,0.55,0.5,6007.0,3243.0,2764.0,0.7063832148945653,0.21882884066514852,0.6269735220696954,0.2400910551687199,0.5311658106201107,0.4520077353781959,3243.0,2764.0,6007.0,0.8043652919121586,0.6492425503579158,4825.0,0.8261139896373056,0.8720521826392373,3986.0,2643.0,0.7646613696556943,0.20979713013359724,2021.0
0.55,0.2,0.0,0.45,0.5,0.55,0.55,1.0,True,7468.0,0.815345474022496,0.6533900881726968,0.6385714285714286,0.6459807583720627,0.6491697911087306,0.6465757924125473,0.5401543767449499,0.4598456232550501,0.55,0.5,6089.0,3289.0,2800.0,0.7063832148945653,0.21882884066514852,0.6269735220696954,0.23901981788966264,0.5368079992571057,0.4452612819116793,3289.0,2800.0,6089.0,0.815345474022496,0.6465757924125473,4825.0,0.8354404145077721,0.8623170429173902,4031.0,2643.0,0.7786606129398411,0.2240038872691934,2058.0
0.55,0.2,0.0,0.45,0.5,0.55,0.6,0.55,False,7468.0,0.7923138725227638,0.6595877576514678,0.6430939226519337,0.6513408401517007,0.6491697911087306,0.6520196045293223,0.5411526111205003,0.4588473888794998,0.55,0.5,5917.0,3202.0,2715.0,0.7063832148945653,0.21882884066514852,0.6269735220696954,0.24089448312801282,0.5250806554210271,0.4587761530366332,3202.0,2715.0,5917.0,0.7923138725227638,0.6520196045293223,4825.0,0.8174093264248705,0.8706896551724138,3944.0,2643.0,0.7465001891789633,0.21490116573745566,1973.0
0.55,0.2,0.0,0.45,0.5,0.55,0.6,0.55,True,7468.0,0.8032940546331012,0.6573275862068966,0.6397673573246092,0.6485474717657529,0.6491697911087306,0.6492748791465244,0.5414235705950992,0.45857642940490084,0.55,0.5,5999.0,3248.0,2751.0,0.7063832148945653,0.21882884066514852,0.6269735220696954,0.23982324584895548,0.5307875322500265,0.4518253185645423,3248.0,2751.0,5999.0,0.8032940546331012,0.6492748791465244,4825.0,0.8267357512953368,0.8608673853096014,3989.0,2643.0,0.7604994324631101,0.22935323383084577,2010.0
0.55,0.2,0.0,0.45,0.5,0.55,0.6,0.65,False,7468.0,0.8652919121585431,0.6546127562642369,0.6406779661016949,0.6476453611829659,0.6491697911087306,0.6482513153822346,0.5434849891674404,0.4565150108325596,0.55,0.5,6462.0,3512.0,2950.0,0.7063832148945653,0.21882884066514852,0.6269735220696954,0.25656132833422596,0.5516931138886533,0.4650435575057894,3512.0,2950.0,6462.0,0.8652919121585431,0.6482513153822346,4825.0,0.8860103626943006,0.8807017543859649,4275.0,2643.0,0.8274687854710556,0.19387288523090992,2187.0
0.55,0.2,0.0,0.45,0.5,0.55,0.6,0.65,True,7468.0,0.8762720942688805,0.6526138279932546,0.6376423308774279,0.6451280794353413,0.6491697911087306,0.6457823960880196,0.5437041564792175,0.4562958435207824,0.55,0.5,6544.0,3558.0,2986.0,0.7063832148945653,0.21882884066514852,0.6269735220696954,0.25549009105516873,0.5571274554416215,0.45858463545410433,3558.0,2986.0,6544.0,0.8762720942688805,0.6457823960880196,4825.0,0.8953367875647669,0.8715277777777778,4320.0,2643.0,0.8414680287552024,0.2072841726618705,2224.0
0.55,0.2,0.0,0.45,0.5,0.55,0.6,1.0,False,7468.0,0.8746652383502946,0.6533483398987057,0.6406984553391538,0.6470233976189297,0.6491697911087306,0.6475811390079608,0.5440906307409675,0.45590936925903247,0.55,0.5,6532.0,3554.0,2978.0,0.7063832148945653,0.21882884066514852,0.6269735220696954,0.25816818425281196,0.5552013391993407,0.4649992102416718,3554.0,2978.0,6532.0,0.8746652383502946,0.6475811390079608,4825.0,0.8945077720207254,0.8818350324374421,4316.0,2643.0,0.838441165342414,0.19133574007220217,2216.0
0.55,0.2,0.0,0.45,0.5,0.55,0.6,1.0,True,7468.0,0.885645420460632,0.6513888888888889,0.6376907763769077,0.6445398326328984,0.6491697911087306,0.6451466586029634,0.5442999697611128,0.4557000302388872,0.55,0.5,6614.0,3600.0,3014.0,0.7063832148945653,0.21882884066514852,0.6269735220696954,0.2570969469737546,0.5606016738678531,0.45860895348371433,3600.0,3014.0,6614.0,0.885645420460632,0.6451466586029634,4825.0,0.9038341968911917,0.8727356110983719,4361.0,2643.0,0.8524404086265607,0.20461606746560143,2253.0
0.55,0.2,0.0,0.45,0.5,0.55,1.0,0.55,False,7468.0,0.8299410819496519,0.6568801897983393,0.6447275300778486,0.6508038599380939,0.6491697911087306,0.6513391416585995,0.5440464666021297,0.45595353339787026,0.55,0.5,6198.0,3372.0,2826.0,0.7063832148945653,0.21882884066514852,0.6269735220696954,0.25120514193893945,0.5379293355129057,0.46698539260629834,3372.0,2826.0,6198.0,0.8299410819496519,0.6513391416585995,4825.0,0.8545077720207254,0.8763036623817608,4123.0,2643.0,0.7850926976920166,0.20433734939759035,2075.0
0.55,0.2,0.0,0.45,0.5,0.55,1.0,0.55,True,7468.0,0.8409212640599892,0.6547688706846109,0.6415094339622641,0.6481391523234374,0.6491697911087306,0.6487261146496816,0.5442675159235669,0.45573248407643313,0.55,0.5,6280.0,3418.0,2862.0,0.7063832148945653,0.21882884066514852,0.6269735220696954,0.25013390465988217,0.5435013152698469,0.4602268617062893,3418.0,2862.0,6280.0,0.8409212640599892,0.6487261146496816,4825.0,0.8638341968911917,0.8668426103646834,4168.0,2643.0,0.7990919409761634,0.21827651515151514,2112.0
0.55,0.2,0.0,0.45,0.5,0.55,1.0,0.65,False,7468.0,0.9029191215854312,0.652362846279196,0.6422737667428945,0.6473183065110453,0.6491697911087306,0.647782885955806,0.5460477532255672,0.45395224677443274,0.55,0.5,6743.0,3682.0,3061.0,0.7063832148945653,0.21882884066514852,0.6269735220696954,0.26687198714515264,0.5639357828867922,0.47323116433405343,3682.0,3061.0,6743.0,0.9029191215854312,0.647782885955806,4825.0,0.9231088082901554,0.8854961832061069,4454.0,2643.0,0.8660612939841089,0.1852337265181302,2289.0
0.55,0.2,0.0,0.45,0.5,0.55,1.0,0.65,True,7468.0,0.9138993036957687,0.6504828326180258,0.6393283823054569,0.6449056074617413,0.6491697911087306,0.6454212454212455,0.5462271062271062,0.45377289377289376,0.55,0.5,6825.0,3728.0,3097.0,0.7063832148945653,0.21882884066514852,0.6269735220696954,0.2658007498660954,0.5692532625421102,0.46692881245706164,3728.0,3097.0,6825.0,0.9138993036957687,0.6454212454212455,4825.0,0.9324352331606217,0.8766392531673706,4499.0,2643.0,0.8800605372682557,0.19819432502149614,2326.0
0.55,0.2,0.0,0.45,0.5,0.55,1.0,1.0,False,7468.0,0.9122924477771827,0.6511815252416756,0.6422790547102623,0.6467302899759689,0.6491697911087306,0.6471451636577132,0.5466020842506972,0.4533979157493028,0.55,0.5,6813.0,3724.0,3089.0,0.7063832148945653,0.21882884066514852,0.6269735220696954,0.2684788430637387,0.5673683127887228,0.47320027751305727,3724.0,3089.0,6813.0,0.9122924477771827,0.6471451636577132,4825.0,0.9316062176165804,0.8865406006674083,4495.0,2643.0,0.8770336738554673,0.182916307161346,2318.0
0.55,0.2,0.0,0.45,0.5,0.55,1.0,1.0,True,7468.0,0.9232726298875201,0.6493368700265252,0.63936,0.6443484350132627,0.6491697911087306,0.6448150833937636,0.5467730239303843,0.45322697606961565,0.55,0.5,6895.0,3770.0,3125.0,0.7063832148945653,0.21882884066514852,0.6269735220696954,0.2674076057846813,0.5726539199651212,0.46696197556976193,3770.0,3125.0,6895.0,0.9232726298875201,0.6448150833937636,4825.0,0.9409326424870467,0.8777533039647577,4540.0,2643.0,0.8910329171396141,0.19575371549893844,2355.0
0.55,0.2,0.0,0.45,0.6,0.45,0.5,0.55,False,7468.0,0.5859667916443492,0.6736259054111632,0.641695416461311,0.6576606609362371,0.6491697911087306,0.6588208409506399,0.5363345521023766,0.4636654478976234,0.55,0.6,4376.0,2347.0,2029.0,0.7063832148945653,0.21882884066514852,0.6269735220696954,0.18612747723620782,0.4471237605004577,0.41627731218729824,2347.0,2029.0,4376.0,0.5859667916443492,0.6588208409506399,4825.0,0.6126424870466322,0.8227334235453315,2956.0,2643.0,0.5372682557699584,0.3176056338028169,1420.0
0.55,0.2,0.0,0.45,0.6,0.45,0.5,0.55,True,7468.0,0.5969469737546866,0.6702883409945675,0.6372881355932203,0.6537882382938939,0.6491697911087306,0.655002243158367,0.5367877972184836,0.46321220278151637,0.55,0.6,4458.0,2393.0,2065.0,0.7063832148945653,0.21882884066514852,0.6269735220696954,0.18505623995715048,0.4538120391734535,0.4077816892963021,2393.0,2065.0,4458.0,0.5969469737546866,0.655002243158367,4825.0,0.6219689119170985,0.8103965344885038,3001.0,2643.0,0.5512674990541052,0.33493479752916955,1457.0
0.55,0.2,0.0,0.45,0.6,0.45,0.5,0.65,False,7468.0,0.6363149437600428,0.6693861693861693,0.6409550045913682,0.6551705869887687,0.6491697911087306,0.6563552188552189,0.5416666666666666,0.4583333333333333,0.55,0.6,4752.0,2574.0,2178.0,0.7063832148945653,0.21882884066514852,0.6269735220696954,0.19898232458489556,0.46761769597350955,0.42552351268624333,2574.0,2178.0,4752.0,0.6363149437600428,0.6563552188552189,4825.0,0.6615544041450777,0.8358395989974937,3192.0,2643.0,0.5902383654937571,0.28910256410256413,1560.0
0.55,0.2,0.0,0.45,0.6,0.45,0.5,0.65,True,7468.0,0.6472951258703803,0.666412213740458,0.6368563685636857,0.6516342911520718,0.6491697911087306,0.652875465453041,0.5419942076954902,0.4580057923045097,0.55,0.6,4834.0,2620.0,2214.0,0.7063832148945653,0.21882884066514852,0.6269735220696954,0.19791108730583828,0.4740168976758856,0.4175190552830507,2620.0,2214.0,4834.0,0.6472951258703803,0.652875465453041,4825.0,0.670880829015544,0.8242199567500772,3237.0,2643.0,0.6042376087779039,0.3055729492798998,1597.0
0.55,0.2,0.0,0.45,0.6,0.45,0.5,1.0,False,7468.0,0.6439475093733262,0.6671773266947529,0.6414922656960873,0.6543347961954201,0.6491697911087306,0.6554377209399044,0.5429403202328966,0.4570596797671033,0.55,0.6,4809.0,2611.0,2198.0,0.7063832148945653,0.21882884066514852,0.6269735220696954,0.2001874665238351,0.47104142219633466,0.42498909244630084,2611.0,2198.0,4809.0,0.6439475093733262,0.6554377209399044,4825.0,0.6683937823834197,0.8375193798449613,3225.0,2643.0,0.5993189557321226,0.2847222222222222,1584.0
0.55,0.2,0.0,0.45,0.6,0.45,0.5,1.0,True,7468.0,0.6549276914836636,0.6642830259691381,0.6374216651745748,0.6508523455718564,0.6491697911087306,0.6520139030873032,0.5432426906563075,0.4567573093436925,0.55,0.6,4891.0,2657.0,2234.0,0.7063832148945653,0.21882884066514852,0.6269735220696954,0.19911622924477773,0.477394733024405,0.4170892879008757,2657.0,2234.0,4891.0,0.6549276914836636,0.6520139030873032,4825.0,0.677720207253886,0.825993883792049,3270.0,2643.0,0.6133181990162694,0.30104873534855026,1621.0
0.55,0.2,0.0,0.45,0.6,0.45,0.55,0.55,False,7468.0,0.7275040171397965,0.6620879120879121,0.6453788179293931,0.6537333650086525,0.6491697911087306,0.6543346217559359,0.5359838026872814,0.4640161973127186,0.55,0.6,5433.0,2912.0,2521.0,0.7063832148945653,0.21882884066514852,0.6269735220696954,0.22455811462238884,0.5014707880412416,0.4477989944329936,2912.0,2521.0,5433.0,0.7275040171397965,0.6543346217559359,4825.0,0.7519170984455958,0.8555678059536935,3628.0,2643.0,0.6829360575104049,0.24986149584487535,1805.0
0.55,0.2,0.0,0.45,0.6,0.45,0.55,0.55,True,7468.0,0.7384841992501339,0.6595672751859365,0.6417676965193586,0.6506674858526476,0.6491697911087306,0.6513145965548504,0.5363553943789665,0.46364460562103355,0.55,0.6,5515.0,2958.0,2557.0,0.7063832148945653,0.21882884066514852,0.6269735220696954,0.22348687734333145,0.507443258851077,0.4404174721905602,2958.0,2557.0,5515.0,0.7384841992501339,0.6513145965548504,4825.0,0.7612435233160622,0.8450857609583446,3673.0,2643.0,0.6969353007945517,0.26492942453854507,1842.0
0.55,0.2,0.0,0.45,0.6,0.45,0.55,0.65,False,7468.0,0.8004820567755758,0.6564245810055865,0.6425979680696662,0.6495112745376264,0.6491697911087306,0.6500501840080294,0.5389762462361994,0.4610237537638006,0.55,0.6,5978.0,3222.0,2756.0,0.7063832148945653,0.21882884066514852,0.6269735220696954,0.24022495982860195,0.5292717151647979,0.4538783255285119,3222.0,2756.0,5978.0,0.8004820567755758,0.6500501840080294,4825.0,0.8205181347150259,0.8676433442788583,3959.0,2643.0,0.7639046538024972,0.22337790985636455,2019.0
0.55,0.2,0.0,0.45,0.6,0.45,0.55,0.65,True,7468.0,0.8114622388859132,0.6542227662178702,0.6393266475644699,0.64677470689117,0.6491697911087306,0.6473597359735973,0.5392739273927393,0.46072607260726073,0.55,0.6,6060.0,3268.0,2792.0,0.7063832148945653,0.21882884066514852,0.6269735220696954,0.23915372254954462,0.5349338820528985,0.4470715551457539,3268.0,2792.0,6060.0,0.8114622388859132,0.6473597359735973,4825.0,0.8298445595854922,0.8578921078921079,4004.0,2643.0,0.777903897086644,0.23735408560311283,2056.0
0.55,0.2,0.0,0.45,0.6,0.45,0.55,1.0,False,7468.0,0.8098553829673273,0.6550245098039216,0.6426005747126436,0.6488125422582827,0.6491697911087306,0.6493055555555556,0.5396825396825397,0.4603174603174603,0.55,0.6,6048.0,3264.0,2784.0,0.7063832148945653,0.21882884066514852,0.6269735220696954,0.24183181574718804,0.5329275594394323,0.4537799020969424,3264.0,2784.0,6048.0,0.8098553829673273,0.6493055555555556,4825.0,0.8290155440414507,0.869,4000.0,2643.0,0.7748770336738555,0.22021484375,2048.0
0.55,0.2,0.0,0.45,0.6,0.45,0.55,1.0,True,7468.0,0.8208355650776648,0.6528700906344411,0.6393617021276595,0.6461158963810503,0.6491697911087306,0.6466557911908646,0.5399673735725938,0.4600326264274062,0.55,0.6,6130.0,3310.0,2820.0,0.7063832148945653,0.21882884066514852,0.6269735220696954,0.24076057846813068,0.5385512912478876,0.4470522722362427,3310.0,2820.0,6130.0,0.8208355650776648,0.6466557911908646,4825.0,0.8383419689119171,0.8593325092707046,4045.0,2643.0,0.7888762769580022,0.234052757793765,2085.0
0.55,0.2,0.0,0.45,0.6,0.45,0.6,0.55,False,7468.0,0.7978039635779325,0.6590133416071983,0.6438756855575868,0.6514445135823925,0.6491697911087306,0.6520644511581067,0.5409533400469957,0.45904665995300437,0.55,0.6,5958.0,3223.0,2735.0,0.7063832148945653,0.21882884066514852,0.6269735220696954,0.24263524370648096,0.5268627524656927,0.4605283682912856,3223.0,2735.0,5958.0,0.7978039635779325,0.6520644511581067,4825.0,0.8203108808290156,0.8676099039919151,3958.0,2643.0,0.7567158531971245,0.2255,2000.0
0.55,0.2,0.0,0.45,0.6,0.45,0.6,0.55,True,7468.0,0.80878414568827,0.6567757724074641,0.6405629736557199,0.648669373031592,0.6491697911087306,0.6493377483443709,0.5412251655629139,0.4587748344370861,0.55,0.6,6040.0,3269.0,2771.0,0.7063832148945653,0.21882884066514852,0.6269735220696954,0.24156400642742368,0.5325505324665661,0.4535982816665181,3269.0,2771.0,6040.0,0.80878414568827,0.6493377483443709,4825.0,0.8296373056994819,0.8578566075443418,4003.0,2643.0,0.7707150964812712,0.23956799214531174,2037.0
0.55,0.2,0.0,0.45,0.6,0.45,0.6,0.65,False,7468.0,0.8707820032137118,0.6541183130484008,0.6414141414141414,0.6477662272312712,0.6491697911087306,0.6483161617714901,0.5432877133630633,0.4567122866369368,0.55,0.6,6503.0,3533.0,2970.0,0.7063832148945653,0.21882884066514852,0.6269735220696954,0.2583020889126942,0.5533895166611931,0.46676361068624456,3533.0,2970.0,6503.0,0.8707820032137118,0.6483161617714901,4825.0,0.8889119170984456,0.8778269993005362,4289.0,2643.0,0.8376844494892168,0.2037037037037037,2214.0
0.55,0.2,0.0,0.45,0.6,0.45,0.6,0.65,True,7468.0,0.8817621853240493,0.6521374685666387,0.6383898868928809,0.6452636777297598,0.6491697911087306,0.6458618071374336,0.543507972665148,0.45649202733485195,0.55,0.6,6585.0,3579.0,3006.0,0.7063832148945653,0.21882884066514852,0.6269735220696954,0.25723085163363685,0.5588073611229599,0.4603211581120095,3579.0,3006.0,6585.0,0.8817621853240493,0.6458618071374336,4825.0,0.898238341968912,0.8687125057683434,4334.0,2643.0,0.8516836927733636,0.21679253665037762,2251.0
0.55,0.2,0.0,0.45,0.6,0.45,0.6,1.0,False,7468.0,0.8801553294054633,0.6528671328671328,0.6414276184122748,0.6471473756397038,0.6491697911087306,0.6476494751255135,0.5438916780769816,0.4561083219230184,0.55,0.6,6573.0,3575.0,2998.0,0.7063832148945653,0.21882884066514852,0.6269735220696954,0.2599089448312802,0.556887055233906,0.46671751908851994,3575.0,2998.0,6573.0,0.8801553294054633,0.6476494751255135,4825.0,0.8974093264248705,0.8789838337182448,4330.0,2643.0,0.8486568293605751,0.20106999554168525,2243.0
0.55,0.2,0.0,0.45,0.6,0.45,0.6,1.0,True,7468.0,0.8911355115158007,0.6509251587959127,0.6384311140408702,0.6446781364183914,0.6491697911087306,0.645229151014275,0.5441021788129227,0.4558978211870774,0.55,0.6,6655.0,3621.0,3034.0,0.7063832148945653,0.21882884066514852,0.6269735220696954,0.2588377075522229,0.562271199673066,0.46034317194749563,3621.0,3034.0,6655.0,0.8911355115158007,0.645229151014275,4825.0,0.9067357512953368,0.8699428571428571,4375.0,2643.0,0.8626560726447219,0.21403508771929824,2280.0
0.55,0.2,0.0,0.45,0.6,0.45,1.0,0.55,False,7468.0,0.8354311730048206,0.6563513115237253,0.6454673225579761,0.6509093170408506,0.6491697911087306,0.651386440134637,0.5438371533899663,0.45616284661003365,0.55,0.6,6239.0,3393.0,2846.0,0.7063832148945653,0.21882884066514852,0.6269735220696954,0.2529459025174077,0.5396690052649925,0.46870563261865333,3393.0,2846.0,6239.0,0.8354311730048206,0.651386440134637,4825.0,0.8574093264248704,0.8733381677544114,4137.0,2643.0,0.7953083617101778,0.21455756422454805,2102.0
0.55,0.2,0.0,0.45,0.6,0.45,1.0,0.55,True,7468.0,0.846411355115158,0.6542599592904914,0.6422623178348369,0.6482611385626642,0.6491697911087306,0.6487897484575226,0.5440594842588198,0.4559405157411802,0.55,0.6,6321.0,3439.0,2882.0,0.7063832148945653,0.21882884066514852,0.6269735220696954,0.25187466523835034,0.5452232065295862,0.46196614931628466,3439.0,2882.0,6321.0,0.846411355115158,0.6487897484575226,4825.0,0.8667357512953368,0.8639406982305117,4182.0,2643.0,0.8093076049943246,0.2281439925198691,2139.0
0.55,0.2,0.0,0.45,0.6,0.45,1.0,0.65,False,7468.0,0.9084092126405999,0.6519038617337294,0.6429730606945797,0.6474384612141546,0.6491697911087306,0.6478478773584906,0.5458431603773585,0.45415683962264153,0.55,0.6,6784.0,3703.0,3081.0,0.7063832148945653,0.21882884066514852,0.6269735220696954,0.2686127477236208,0.5655954671481107,0.4749202624943952,3703.0,3081.0,6784.0,0.9084092126405999,0.6478478773584906,4825.0,0.9260103626943005,0.88272157564906,4468.0,2643.0,0.8762769580022701,0.19473229706390327,2316.0
0.55,0.2,0.0,0.45,0.6,0.45,1.0,0.65,True,7468.0,0.9193893947509373,0.6500400106695119,0.6400384985563041,0.645039254612908,0.6491697911087306,0.6454995630643752,0.5460238858141567,0.45397611418584327,0.55,0.6,6866.0,3749.0,3117.0,0.7063832148945653,0.21882884066514852,0.6269735220696954,0.2675415104445634,0.5708974883052008,0.4686331888388624,3749.0,3117.0,6866.0,0.9193893947509373,0.6454995630643752,4825.0,0.9353367875647668,0.8739197872811877,4513.0,2643.0,0.8902762012864169,0.20739481512962177,2353.0
0.55,0.2,0.0,0.45,0.6,0.45,1.0,1.0,False,7468.0,0.9177825388323514,0.6507343124165554,0.6429720167256352,0.6468531645710953,0.6491697911087306,0.6472133060986286,0.5463962649547709,0.45360373504522905,0.55,0.6,6854.0,3745.0,3109.0,0.7063832148945653,0.21882884066514852,0.6269735220696954,0.2702196036422069,0.5690179853001769,0.4748876320660701,3745.0,3109.0,6854.0,0.9177825388323514,0.6472133060986286,4825.0,0.9345077720207254,0.8837879795963628,4509.0,2643.0,0.8872493378736285,0.19232409381663113,2345.0
0.55,0.2,0.0,0.45,0.6,0.45,1.0,1.0,True,7468.0,0.9287627209426889,0.6489053020311264,0.6400635930047694,0.6444844475179479,0.6491697911087306,0.6448961937716263,0.5465686274509803,0.4534313725490196,0.55,0.6,6936.0,3791.0,3145.0,0.7063832148945653,0.21882884066514852,0.6269735220696954,0.2691483663631495,0.5742884095032474,0.4686641100696418,3791.0,3145.0,6936.0,0.9287627209426889,0.6448961937716263,4825.0,0.9438341968911917,0.8750548967940273,4554.0,2643.0,0.9012485811577753,0.20486985726280438,2382.0
0.55,0.2,0.0,0.45,0.6,0.55,0.5,0.55,False,7468.0,0.540037493304767,0.6928735632183908,0.6539289558665231,0.673401259542457,0.6491697911087306,0.6749318125464915,0.5393007686585668,0.4606992313414332,0.55,0.6,4033.0,2175.0,1858.0,0.7063832148945653,0.21882884066514852,0.6269735220696954,0.18893947509373332,0.41898569081236753,0.4509449349628153,2175.0,1858.0,4033.0,0.540037493304767,0.6749318125464915,4825.0,0.5749222797927461,0.8767123287671232,2774.0,2643.0,0.47635262958758984,0.23034154090548054,1259.0
0.55,0.2,0.0,0.45,0.6,0.55,0.5,0.55,True,7468.0,0.5495447241564007,0.689280868385346,0.6492340200739567,0.6692574442296513,0.6491697911087306,0.6708089668615984,0.5387426900584795,0.4612573099415205,0.55,0.6,4104.0,2211.0,1893.0,0.7063832148945653,0.21882884066514852,0.6269735220696954,0.18773433315479376,0.42532951402507146,0.441385624473094,2211.0,1893.0,4104.0,0.5495447241564007,0.6708089668615984,4825.0,0.5832124352331606,0.8642501776830135,2814.0,2643.0,0.4880817253121453,0.24883720930232558,1290.0
0.55,0.2,0.0,0.45,0.6,0.55,0.5,0.65,False,7468.0,0.5903856454204607,0.686511240632806,0.6522172396611858,0.6693642401469959,0.6491697911087306,0.6709004309367204,0.5447947380358358,0.4552052619641642,0.55,0.6,4409.0,2402.0,2007.0,0.7063832148945653,0.21882884066514852,0.6269735220696954,0.20179432244242104,0.4407898155459355,0.4578016898881633,2402.0,2007.0,4409.0,0.5903856454204607,0.6709004309367204,4825.0,0.6238341968911917,0.8863787375415283,3010.0,2643.0,0.5293227393113886,0.20729092208720515,1399.0
0.55,0.2,0.0,0.45,0.6,0.55,0.5,0.65,True,7468.0,0.5998928762720943,0.6833470057424118,0.6478942213516161,0.665620613547014,0.6491697911087306,0.6671875,0.5441964285714286,0.4558035714285714,0.55,0.6,4480.0,2438.0,2042.0,0.7063832148945653,0.21882884066514852,0.6269735220696954,0.2005891805034816,0.44682418005777885,0.4489219461613367,2438.0,2042.0,4480.0,0.5998928762720943,0.6671875,4825.0,0.6321243523316062,0.8747540983606558,3050.0,2643.0,0.541051835035944,0.22447552447552446,1430.0
0.55,0.2,0.0,0.45,0.6,0.55,0.5,1.0,False,7468.0,0.598018211033744,0.6838868388683886,0.6526887025160335,0.668287770692211,0.6491697911087306,0.6697268248992387,0.5461262875055979,0.45387371249440217,0.55,0.6,4466.0,2439.0,2027.0,0.7063832148945653,0.21882884066514852,0.6269735220696954,0.20299946438136052,0.4444202665565464,0.45677364345744037,2439.0,2027.0,4466.0,0.598018211033744,0.6697268248992387,4825.0,0.6306735751295337,0.8876109102859021,3043.0,2643.0,0.5384033295497541,0.2037947997189037,1423.0
0.55,0.2,0.0,0.45,0.6,0.55,0.5,1.0,True,7468.0,0.6075254418853776,0.6808080808080809,0.6483996120271581,0.6646038464176195,0.6491697911087306,0.6660789067665859,0.5455146572625083,0.45448534273749175,0.55,0.6,4537.0,2475.0,2062.0,0.7063832148945653,0.21882884066514852,0.6269735220696954,0.20179432244242101,0.4504059943223206,0.44802761283415,2475.0,2062.0,4537.0,0.6075254418853776,0.6660789067665859,4825.0,0.6389637305699482,0.8760947129419396,3083.0,2643.0,0.5501324252743095,0.22077028885832187,1454.0
0.55,0.2,0.0,0.45,0.6,0.55,0.55,0.55,False,7468.0,0.6815747188002143,0.6766423357664234,0.6553191489361702,0.6659807423512968,0.6491697911087306,0.6667976424361494,0.5383104125736738,0.46168958742632615,0.55,0.6,5090.0,2740.0,2350.0,0.7063832148945653,0.21882884066514852,0.6269735220696954,0.22737011247991437,0.4765525187848134,0.4771144910947014,2740.0,2350.0,5090.0,0.6815747188002143,0.6667976424361494,4825.0,0.7141968911917098,0.9007544979686594,3446.0,2643.0,0.6220204313280363,0.17639902676399027,1644.0
0.55,0.2,0.0,0.45,0.6,0.55,0.55,0.55,True,7468.0,0.6910819496518479,0.6739913544668588,0.6515723270440251,0.662781840755442,0.6491697911087306,0.6636310792482077,0.5378802557643867,0.46211974423561325,0.55,0.6,5161.0,2776.0,2385.0,0.7063832148945653,0.21882884066514852,0.6269735220696954,0.22616497054097487,0.4821394918023585,0.4690861760680782,2776.0,2385.0,5161.0,0.6910819496518479,0.6636310792482077,4825.0,0.7224870466321244,0.8904188181296615,3486.0,2643.0,0.6337495270525918,0.19164179104477613,1675.0
0.55,0.2,0.0,0.45,0.6,0.55,0.55,0.65,False,7468.0,0.7545527584359936,0.6691803278688525,0.6514506769825918,0.6603155024257221,0.6491697911087306,0.6610470275066548,0.541259982253771,0.4587400177462289,0.55,0.6,5635.0,3050.0,2585.0,0.7063832148945653,0.21882884066514852,0.6269735220696954,0.2430369576861274,0.5057251233377011,0.4805712559465588,3050.0,2585.0,5635.0,0.7545527584359936,0.6610470275066548,4825.0,0.7827979274611399,0.90945194598888,3777.0,2643.0,0.7029890276201286,0.15608180839612487,1858.0
0.55,0.2,0.0,0.45,0.6,0.55,0.55,0.65,True,7468.0,0.7640599892876272,0.6668826960466624,0.6480916030534352,0.6574871495500487,0.6491697911087306,0.658254468980021,0.5408342096039257,0.4591657903960743,0.55,0.6,5706.0,3086.0,2620.0,0.7063832148945653,0.21882884066514852,0.6269735220696954,0.241831815747188,0.5109932355425261,0.47325835045630893,3086.0,2620.0,5706.0,0.7640599892876272,0.658254468980021,4825.0,0.7910880829015544,0.8999214042441708,3817.0,2643.0,0.7147181233446841,0.16993118051879302,1889.0
0.55,0.2,0.0,0.45,0.6,0.55,0.55,1.0,False,7468.0,0.763926084627745,0.6675291073738681,0.6513585916570991,0.6594438495154835,0.6491697911087306,0.660122699386503,0.5419807186678353,0.45801928133216474,0.55,0.6,5705.0,3092.0,2613.0,0.7063832148945653,0.21882884066514852,0.6269735220696954,0.24464381360471338,0.5095499342670116,0.4801174470891335,3092.0,2613.0,5705.0,0.763926084627745,0.660122699386503,4825.0,0.7912953367875648,0.9104243059193295,3818.0,2643.0,0.713961407491487,0.15368309485956544,1887.0
0.55,0.2,0.0,0.45,0.6,0.55,0.55,1.0,True,7468.0,0.7734333154793787,0.6652813299232737,0.648036253776435,0.6566587918498543,0.6491697911087306,0.6573753462603878,0.5415512465373962,0.4584487534626039,0.55,0.6,5776.0,3128.0,2648.0,0.7063832148945653,0.21882884066514852,0.6269735220696954,0.24343867166577401,0.5147789058487171,0.472899469849908,3128.0,2648.0,5776.0,0.7734333154793787,0.6573753462603878,4825.0,0.7995854922279793,0.9009849663037843,3858.0,2643.0,0.7256905032160423,0.1673618352450469,1918.0
0.55,0.2,0.0,0.45,0.6,0.55,0.6,0.55,False,7468.0,0.7518746652383503,0.6719108489019994,0.6528861154446178,0.6623984821733087,0.6491697911087306,0.6632235084594835,0.5433659839715049,0.4566340160284951,0.55,0.6,5615.0,3051.0,2564.0,0.7063832148945653,0.21882884066514852,0.6269735220696954,0.24544724156400644,0.5032034497468911,0.48776939364677485,3051.0,2564.0,5615.0,0.7518746652383503,0.6632235084594835,4825.0,0.7825906735751296,0.909427966101695,3776.0,2643.0,0.695800227014756,0.15769439912996194,1839.0
0.55,0.2,0.0,0.45,0.6,0.55,0.6,0.55,True,7468.0,0.761381896089984,0.6695821185617103,0.6494805694497884,0.6595313440057493,0.6491697911087306,0.6603939500527611,0.5429124164614844,0.45708758353851564,0.55,0.6,5686.0,3087.0,2599.0,0.7063832148945653,0.21882884066514852,0.6269735220696954,0.2442420996250669,0.5084976875389489,0.48032096430400967,3087.0,2599.0,5686.0,0.761381896089984,0.6603939500527611,4825.0,0.790880829015544,0.899895178197065,3816.0,2643.0,0.7075293227393114,0.1716577540106952,1870.0
0.55,0.2,0.0,0.45,0.6,0.55,0.6,0.65,False,7468.0,0.8248527048741296,0.6655757215114549,0.6495176848874598,0.6575467031994573,0.6491697911087306,0.6582792207792207,0.5456168831168832,0.4543831168831169,0.55,0.6,6160.0,3361.0,2799.0,0.7063832148945653,0.21882884066514852,0.6269735220696954,0.2611140867702196,0.5309136549872824,0.491820250463278,3361.0,2799.0,6160.0,0.8248527048741296,0.6582792207792207,4825.0,0.8511917098445596,0.91672753834916,4107.0,2643.0,0.7767688233068483,0.1412566975158305,2053.0
0.55,0.2,0.0,0.45,0.6,0.55,0.6,0.65,True,7468.0,0.8343599357257633,0.6635266411539594,0.6464361326746648,0.6549813869143122,0.6491697911087306,0.6557534906114588,0.5451773391108972,0.4548226608891029,0.55,0.6,6231.0,3397.0,2834.0,0.7063832148945653,0.21882884066514852,0.6269735220696954,0.25990894483128013,0.5359342267920958,0.4849642583699105,3397.0,2834.0,6231.0,0.8343599357257633,0.6557534906114588,4825.0,0.8594818652849741,0.9078852182300459,4147.0,2643.0,0.7884979190314038,0.15403071017274472,2084.0
0.55,0.2,0.0,0.45,0.6,0.55,0.6,1.0,False,7468.0,0.8342260310658811,0.6641198942109903,0.6494517155995755,0.6567858049052828,0.6491697911087306,0.6574638844301766,0.5462279293739968,0.4537720706260032,0.55,0.6,6230.0,3403.0,2827.0,0.7063832148945653,0.21882884066514852,0.6269735220696954,0.2627209426888056,0.5345582701525978,0.4914729737766621,3403.0,2827.0,6230.0,0.8342260310658811,0.6574638844301766,4825.0,0.8596891191709845,0.9175506268081003,4148.0,2643.0,0.7877412031782066,0.13928914505283382,2082.0
0.55,0.2,0.0,0.45,0.6,0.55,0.6,1.0,True,7468.0,0.8437332619175147,0.6621110788019773,0.6464011180992313,0.6542560984506043,0.6491697911087306,0.6549754007300429,0.5457863831137915,0.45421361688620854,0.55,0.6,6301.0,3439.0,2862.0,0.7063832148945653,0.21882884066514852,0.6269735220696954,0.2615158007498662,0.5395449291614409,0.4846969855806323,3439.0,2862.0,6301.0,0.8437332619175147,0.6549754007300429,4825.0,0.867979274611399,0.9087870105062082,4188.0,2643.0,0.799470298902762,0.1519167061050639,2113.0
0.55,0.2,0.0,0.45,0.6,0.55,1.0,0.55,False,7468.0,0.7895018746652384,0.668425954672462,0.6542056074766355,0.6613157810745487,0.6491697911087306,0.6619742198100407,0.546302578018996,0.45369742198100405,0.55,0.6,5896.0,3221.0,2675.0,0.7063832148945653,0.21882884066514852,0.6269735220696954,0.255757900374933,0.5165965419407612,0.4950824862553205,3221.0,2675.0,5896.0,0.7895018746652384,0.6619742198100407,4825.0,0.8196891191709844,0.913527180783818,3955.0,2643.0,0.7343927355278093,0.14940752189592993,1941.0
0.55,0.2,0.0,0.45,0.6,0.55,1.0,0.55,True,7468.0,0.799009105516872,0.6662572919864906,0.6509225092250922,0.6585899006057914,0.6491697911087306,0.6592927769398358,0.5458354281883694,0.4541645718116306,0.55,0.6,5967.0,3257.0,2710.0,0.7063832148945653,0.21882884066514852,0.6269735220696954,0.2545527584359936,0.5217548979553898,0.48787804280039165,3257.0,2710.0,5967.0,0.799009105516872,0.6592927769398358,4825.0,0.827979274611399,0.9043804755944931,3995.0,2643.0,0.7461218312523648,0.1627789046653144,1972.0
0.55,0.2,0.0,0.45,0.6,0.55,1.0,0.65,False,7468.0,0.8624799143010177,0.6627017841971113,0.6508591065292096,0.6567804453631605,0.6491697911087306,0.6573513429591679,0.5482068001863065,0.45179319981369354,0.55,0.6,6441.0,3531.0,2910.0,0.7063832148945653,0.21882884066514852,0.6269735220696954,0.27142474558114627,0.543624488374039,0.49928719435168895,3531.0,2910.0,6441.0,0.8624799143010177,0.6573513429591679,4825.0,0.8882901554404145,0.920205319645357,4286.0,2643.0,0.8153613318199017,0.1345707656612529,2155.0
0.55,0.2,0.0,0.45,0.6,0.55,1.0,0.65,True,7468.0,0.8719871451526513,0.6607793664143538,0.6478777589134126,0.6543285626638832,0.6491697911087306,0.6549447174447175,0.5477579852579852,0.45224201474201475,0.55,0.6,6512.0,3567.0,2945.0,0.7063832148945653,0.21882884066514852,0.6269735220696954,0.2702196036422068,0.5485287328437976,0.49262616060471026,3567.0,2945.0,6512.0,0.8719871451526513,0.6549447174447175,4825.0,0.896580310880829,0.9116967175219602,4326.0,2643.0,0.827090427544457,0.14684354986276305,2186.0
0.55,0.2,0.0,0.45,0.6,0.55,1.0,1.0,False,7468.0,0.8718532404927691,0.6613490064371677,0.6507828454731109,0.6560659259551394,0.6491697911087306,0.6565811703271387,0.5487636307786822,0.45123636922131777,0.55,0.6,6511.0,3573.0,2938.0,0.7063832148945653,0.21882884066514852,0.6269735220696954,0.2730316014997322,0.547184447418344,0.4989754419883736,3573.0,2938.0,6511.0,0.8718532404927691,0.6565811703271387,4825.0,0.8967875647668394,0.9209614051305755,4327.0,2643.0,0.8263337116912599,0.13278388278388278,2184.0
0.55,0.2,0.0,0.45,0.6,0.55,1.0,1.0,True,7468.0,0.8813604713444028,0.659462454973677,0.6478304742684158,0.6536464646210464,0.6491697911087306,0.6542084472804619,0.5483135824977211,0.45168641750227895,0.55,0.6,6582.0,3609.0,2973.0,0.7063832148945653,0.21882884066514852,0.6269735220696954,0.27182645956079277,0.5520570676042514,0.49238833358375683,3609.0,2973.0,6582.0,0.8813604713444028,0.6542084472804619,4825.0,0.9050777202072539,0.9125257613922602,4367.0,2643.0,0.8380628074158154,0.14492099322799096,2215.0
