slice,sample_count,coverage,precision_up,precision_down,balanced_precision,all_sample_accuracy,accepted_sample_accuracy,utility,downside_risk,selection_score,share_up_predictions,share_down_predictions,selected_t_up,selected_t_down,accepted_count,up_prediction_count,down_prediction_count,roc_auc,brier_score,log_loss
abs_return_1bp_to_5bp,2883.0,0.7183489420742283,0.7162510748065348,0.73568281938326,0.7259669470948974,0.6774193548387096,0.7247706422018348,0.32292750607006593,0.44464673393839427,0.7262563320993773,0.5615644616127474,0.4384355383872525,0.595,0.37,2071.0,1163.0,908.0,0.7388110649131557,0.20717852197421843,0.6001763545909065
abs_return_ge_5bp,3735.0,0.8313253012048193,0.9091947458595089,0.9165435745937962,0.9128691602266525,0.8546184738955823,0.9123993558776168,0.6856760374832664,0.26986039327914796,2.540854658779038,0.5639291465378422,0.4360708534621578,0.595,0.37,3105.0,1751.0,1354.0,0.9360895453932592,0.1109001130250715,0.3673174539340965
abs_return_lt_1bp,877.0,0.645381984036488,0.57,0.518796992481203,0.5443984962406014,0.5496009122006842,0.5459363957597173,0.05929304446978335,0.5413358197859739,0.10953098299171453,0.5300353356890459,0.46996466431095407,0.595,0.37,566.0,300.0,266.0,0.5498379381142459,0.2747121881101007,0.7628887469428702
