{
  "train": {
    "sample_count": 19922.0,
    "coverage": 0.4484991466720209,
    "precision_up": 0.6897483533186962,
    "precision_down": 0.7299270072992701,
    "balanced_precision": 0.7098376803089832,
    "all_sample_accuracy": 0.6309607469129606,
    "accepted_sample_accuracy": 0.7033016228315613,
    "utility": 0.18236120871398456,
    "downside_risk": 0.3647861962561333,
    "selection_score": 0.49991258053509324,
    "share_up_predictions": 0.6626748740906547,
    "share_down_predictions": 0.33732512590934527,
    "selected_t_up": 0.585,
    "selected_t_down": 0.335,
    "accepted_count": 8935.0,
    "up_prediction_count": 5921.0,
    "down_prediction_count": 3014.0,
    "roc_auc": 0.6826380559064419,
    "brier_score": 0.22435541125290615,
    "log_loss": 0.638899542478323
  },
  "validation": {
    "sample_count": 7716.0,
    "coverage": 0.40435458786936235,
    "precision_up": 0.5779189057156815,
    "precision_down": 0.6281453867660765,
    "balanced_precision": 0.603032146240879,
    "all_sample_accuracy": 0.5422498703991706,
    "accepted_sample_accuracy": 0.5951923076923077,
    "utility": 0.07698289269051321,
    "downside_risk": 0.4045810766576022,
    "selection_score": 0.19027803605274402,
    "share_up_predictions": 0.6560897435897436,
    "share_down_predictions": 0.3439102564102564,
    "selected_t_up": 0.585,
    "selected_t_down": 0.335,
    "accepted_count": 3120.0,
    "up_prediction_count": 2047.0,
    "down_prediction_count": 1073.0,
    "roc_auc": 0.5623752434321612,
    "brier_score": 0.254504794581362,
    "log_loss": 0.7057731151680124
  },
  "thresholds": {
    "t_up": 0.585,
    "t_down": 0.335
  },
  "threshold_search": {
    "constraint_satisfied": true,
    "fallback_reason": null,
    "objective": "selection_score",
    "t_up": 0.585,
    "t_down": 0.335,
    "selection_score": 0.19027803605274402,
    "utility": 0.07698289269051321,
    "downside_risk": 0.4045810766576022,
    "accepted_sample_accuracy": 0.5951923076923077,
    "balanced_precision": 0.603032146240879,
    "coverage": 0.40435458786936235,
    "precision_up": 0.5779189057156815,
    "precision_down": 0.6281453867660765,
    "up_prediction_count": 2047.0,
    "down_prediction_count": 1073.0,
    "accepted_count": 3120.0,
    "min_up_signals": 1000.0,
    "min_down_signals": 1000.0,
    "min_total_signals": 4000.0
  }
}