{
  "train": {
    "sample_count": 56998.0,
    "coverage": 0.7705182637987298,
    "precision_up": 0.8195501509417917,
    "precision_down": 0.8237168488651404,
    "balanced_precision": 0.821633499903466,
    "all_sample_accuracy": 0.7593775220183164,
    "accepted_sample_accuracy": 0.8214854956965253,
    "utility": 0.4954208919611214,
    "downside_risk": 0.3708755666241768,
    "selection_score": 1.3358143176445791,
    "share_up_predictions": 0.5355207432032424,
    "share_down_predictions": 0.4644792567967576,
    "selected_t_up": 0.595,
    "selected_t_down": 0.37,
    "accepted_count": 43918.0,
    "up_prediction_count": 23519.0,
    "down_prediction_count": 20399.0,
    "roc_auc": 0.8473176932071393,
    "brier_score": 0.16042741066852084,
    "log_loss": 0.48513162021002304,
    "up_signal_count": 23519.0,
    "down_signal_count": 20399.0,
    "total_signal_count": 43918.0,
    "signal_coverage": 0.7705182637987298,
    "overall_signal_accuracy": 0.8214854956965253
  },
  "validation": {
    "sample_count": 7495.0,
    "coverage": 0.7661107404936625,
    "precision_up": 0.8077162414436839,
    "precision_down": 0.8097310126582279,
    "balanced_precision": 0.8087236270509559,
    "all_sample_accuracy": 0.7507671781187458,
    "accepted_sample_accuracy": 0.8086032741205155,
    "utility": 0.4728485657104736,
    "downside_risk": 0.38292438860902345,
    "selection_score": 1.2348353350594894,
    "share_up_predictions": 0.5597352838732149,
    "share_down_predictions": 0.4402647161267851,
    "selected_t_up": 0.595,
    "selected_t_down": 0.37,
    "accepted_count": 5742.0,
    "up_prediction_count": 3214.0,
    "down_prediction_count": 2528.0,
    "roc_auc": 0.8338804260557726,
    "brier_score": 0.1671020933919776,
    "log_loss": 0.5031744565441403,
    "up_signal_count": 3214.0,
    "down_signal_count": 2528.0,
    "total_signal_count": 5742.0,
    "signal_coverage": 0.7661107404936625,
    "overall_signal_accuracy": 0.8086032741205155
  },
  "decision_alignment": {
    "mode": "delayed_feature_offset",
    "enabled": true,
    "feature_offset_minutes": 2,
    "row_policy": "delayed_2m_synthetic_decision_row",
    "coverage_constraint_min": 0.7,
    "validation_threshold_tuned": true,
    "validation_result_optimistic": true
  },
  "thresholds": {
    "t_up": 0.595,
    "t_down": 0.37
  },
  "threshold_search": {
    "constraint_satisfied": true,
    "fallback_reason": null,
    "objective": "selection_score",
    "t_up": 0.595,
    "t_down": 0.37,
    "selection_score": 1.2348353350594894,
    "utility": 0.4728485657104736,
    "downside_risk": 0.38292438860902345,
    "accepted_sample_accuracy": 0.8086032741205155,
    "balanced_precision": 0.8087236270509559,
    "coverage": 0.7661107404936625,
    "precision_up": 0.8077162414436839,
    "precision_down": 0.8097310126582279,
    "up_prediction_count": 3214.0,
    "down_prediction_count": 2528.0,
    "accepted_count": 5742.0,
    "min_up_signals": 1000.0,
    "min_down_signals": 1000.0,
    "min_total_signals": 4000.0
  }
}