{
  "train": {
    "sample_count": 56846.0,
    "coverage": 0.7854202582415649,
    "precision_up": 0.7506775067750677,
    "precision_down": 0.7845937353416376,
    "balanced_precision": 0.7676356210583526,
    "all_sample_accuracy": 0.7149667522780847,
    "accepted_sample_accuracy": 0.7652526428955384,
    "utility": 0.4166695985645427,
    "downside_risk": 0.4293894850115814,
    "selection_score": 0.9703768096540706,
    "share_up_predictions": 0.5702607059666727,
    "share_down_predictions": 0.42973929403332733,
    "selected_t_up": 0.535,
    "selected_t_down": 0.405,
    "accepted_count": 44648.0,
    "up_prediction_count": 25461.0,
    "down_prediction_count": 19187.0,
    "roc_auc": 0.7960414859992269,
    "brier_score": 0.18754277411551282,
    "log_loss": 0.5554167193371721,
    "up_signal_count": 25461.0,
    "down_signal_count": 19187.0,
    "total_signal_count": 44648.0,
    "signal_coverage": 0.7854202582415649,
    "overall_signal_accuracy": 0.7652526428955384
  },
  "validation": {
    "sample_count": 7471.0,
    "coverage": 0.782224601793602,
    "precision_up": 0.7498526812021213,
    "precision_down": 0.776734693877551,
    "balanced_precision": 0.7632936875398362,
    "all_sample_accuracy": 0.7095435684647303,
    "accepted_sample_accuracy": 0.7611225188227242,
    "utility": 0.40851291661089556,
    "downside_risk": 0.43226825304589883,
    "selection_score": 0.9450449199828679,
    "share_up_predictions": 0.580766598220397,
    "share_down_predictions": 0.419233401779603,
    "selected_t_up": 0.535,
    "selected_t_down": 0.405,
    "accepted_count": 5844.0,
    "up_prediction_count": 3394.0,
    "down_prediction_count": 2450.0,
    "roc_auc": 0.790093074040277,
    "brier_score": 0.189668388244977,
    "log_loss": 0.5601629331524092,
    "up_signal_count": 3394.0,
    "down_signal_count": 2450.0,
    "total_signal_count": 5844.0,
    "signal_coverage": 0.782224601793602,
    "overall_signal_accuracy": 0.7611225188227242
  },
  "decision_alignment": {
    "mode": "delayed_feature_offset",
    "enabled": true,
    "feature_offset_minutes": 1,
    "row_policy": "delayed_1m_synthetic_decision_row",
    "coverage_constraint_min": 0.7,
    "validation_threshold_tuned": true,
    "validation_result_optimistic": true
  },
  "thresholds": {
    "t_up": 0.535,
    "t_down": 0.405
  },
  "threshold_search": {
    "constraint_satisfied": true,
    "fallback_reason": null,
    "objective": "selection_score",
    "t_up": 0.535,
    "t_down": 0.405,
    "selection_score": 0.9450449199828679,
    "utility": 0.40851291661089556,
    "downside_risk": 0.43226825304589883,
    "accepted_sample_accuracy": 0.7611225188227242,
    "balanced_precision": 0.7632936875398362,
    "coverage": 0.782224601793602,
    "precision_up": 0.7498526812021213,
    "precision_down": 0.776734693877551,
    "up_prediction_count": 3394.0,
    "down_prediction_count": 2450.0,
    "accepted_count": 5844.0,
    "min_up_signals": 1000.0,
    "min_down_signals": 1000.0,
    "min_total_signals": 4000.0
  }
}