t_up,t_down,sample_count,coverage,precision_up,precision_down,balanced_precision,all_sample_accuracy,accepted_sample_accuracy,utility,downside_risk,selection_score,share_up_predictions,share_down_predictions,selected_t_up,selected_t_down,accepted_count,up_prediction_count,down_prediction_count,roc_auc,brier_score,log_loss
0.595,0.37,7495.0,0.7661107404936625,0.8077162414436839,0.8097310126582279,0.8087236270509559,0.7507671781187458,0.8086032741205155,0.4728485657104736,0.38292438860902345,1.2348353350594894,0.5597352838732149,0.4402647161267851,0.595,0.37,5742.0,3214.0,2528.0,0.8338804260557726,0.1671020933919776,0.5031744565441403
