t_up,t_down,sample_count,coverage,precision_up,precision_down,balanced_precision,all_sample_accuracy,accepted_sample_accuracy,utility,downside_risk,selection_score,share_up_predictions,share_down_predictions,selected_t_up,selected_t_down,accepted_count,up_prediction_count,down_prediction_count,roc_auc,brier_score,log_loss
0.535,0.405,7471.0,0.782224601793602,0.7498526812021213,0.776734693877551,0.7632936875398362,0.7095435684647303,0.7611225188227242,0.40851291661089556,0.43226825304589883,0.9450449199828679,0.580766598220397,0.419233401779603,0.535,0.405,5844.0,3394.0,2450.0,0.790093074040277,0.189668388244977,0.5601629331524092
