{
  "selection_data": "validation",
  "objective": "selection_score",
  "min_coverage": 0.7,
  "tie_tolerance": 0.002,
  "grid": {
    "t_up_min": 0.595,
    "t_up_max": 0.595,
    "t_down_min": 0.37,
    "t_down_max": 0.37,
    "step": 0.005
  },
  "enforce_min_side_share": false,
  "min_side_share": 0.2,
  "min_up_signals": 1000,
  "min_down_signals": 1000,
  "min_total_signals": 4000,
  "best": {
    "constraint_satisfied": true,
    "fallback_reason": null,
    "objective": "selection_score",
    "t_up": 0.595,
    "t_down": 0.37,
    "selection_score": 1.2348353350594894,
    "utility": 0.4728485657104736,
    "downside_risk": 0.38292438860902345,
    "accepted_sample_accuracy": 0.8086032741205155,
    "balanced_precision": 0.8087236270509559,
    "coverage": 0.7661107404936625,
    "precision_up": 0.8077162414436839,
    "precision_down": 0.8097310126582279,
    "up_prediction_count": 3214.0,
    "down_prediction_count": 2528.0,
    "accepted_count": 5742.0,
    "min_up_signals": 1000.0,
    "min_down_signals": 1000.0,
    "min_total_signals": 4000.0
  },
  "side_guarded_best": {
    "constraint_satisfied": true,
    "fallback_reason": null,
    "objective": "selection_score",
    "t_up": 0.595,
    "t_down": 0.37,
    "selection_score": 1.2348353350594894,
    "utility": 0.4728485657104736,
    "downside_risk": 0.38292438860902345,
    "accepted_sample_accuracy": 0.8086032741205155,
    "balanced_precision": 0.8087236270509559,
    "coverage": 0.7661107404936625,
    "precision_up": 0.8077162414436839,
    "precision_down": 0.8097310126582279,
    "up_prediction_count": 3214.0,
    "down_prediction_count": 2528.0,
    "accepted_count": 5742.0,
    "min_up_signals": 1000.0,
    "min_down_signals": 1000.0,
    "min_total_signals": 4000.0
  }
}