{
  "selection_data": "validation",
  "objective": "selection_score",
  "min_coverage": 0.4,
  "tie_tolerance": 0.002,
  "grid": {
    "t_up_min": 0.45,
    "t_up_max": 0.7,
    "t_down_min": 0.3,
    "t_down_max": 0.55,
    "step": 0.005
  },
  "enforce_min_side_share": false,
  "min_side_share": 0.2,
  "min_up_signals": 1000,
  "min_down_signals": 1000,
  "min_total_signals": 4000,
  "best": {
    "constraint_satisfied": true,
    "fallback_reason": null,
    "objective": "selection_score",
    "t_up": 0.585,
    "t_down": 0.335,
    "selection_score": 0.19027803605274402,
    "utility": 0.07698289269051321,
    "downside_risk": 0.4045810766576022,
    "accepted_sample_accuracy": 0.5951923076923077,
    "balanced_precision": 0.603032146240879,
    "coverage": 0.40435458786936235,
    "precision_up": 0.5779189057156815,
    "precision_down": 0.6281453867660765,
    "up_prediction_count": 2047.0,
    "down_prediction_count": 1073.0,
    "accepted_count": 3120.0,
    "min_up_signals": 1000.0,
    "min_down_signals": 1000.0,
    "min_total_signals": 4000.0
  },
  "side_guarded_best": {
    "constraint_satisfied": true,
    "fallback_reason": null,
    "objective": "selection_score",
    "t_up": 0.585,
    "t_down": 0.335,
    "selection_score": 0.19027803605274402,
    "utility": 0.07698289269051321,
    "downside_risk": 0.4045810766576022,
    "accepted_sample_accuracy": 0.5951923076923077,
    "balanced_precision": 0.603032146240879,
    "coverage": 0.40435458786936235,
    "precision_up": 0.5779189057156815,
    "precision_down": 0.6281453867660765,
    "up_prediction_count": 2047.0,
    "down_prediction_count": 1073.0,
    "accepted_count": 3120.0,
    "min_up_signals": 1000.0,
    "min_down_signals": 1000.0,
    "min_total_signals": 4000.0
  }
}