{
  "selection_data": "validation",
  "objective": "selection_score",
  "min_coverage": 0.7,
  "tie_tolerance": 0.002,
  "grid": {
    "t_up_min": 0.535,
    "t_up_max": 0.535,
    "t_down_min": 0.405,
    "t_down_max": 0.405,
    "step": 0.005
  },
  "enforce_min_side_share": false,
  "min_side_share": 0.2,
  "min_up_signals": 1000,
  "min_down_signals": 1000,
  "min_total_signals": 4000,
  "best": {
    "constraint_satisfied": true,
    "fallback_reason": null,
    "objective": "selection_score",
    "t_up": 0.535,
    "t_down": 0.405,
    "selection_score": 0.9450449199828679,
    "utility": 0.40851291661089556,
    "downside_risk": 0.43226825304589883,
    "accepted_sample_accuracy": 0.7611225188227242,
    "balanced_precision": 0.7632936875398362,
    "coverage": 0.782224601793602,
    "precision_up": 0.7498526812021213,
    "precision_down": 0.776734693877551,
    "up_prediction_count": 3394.0,
    "down_prediction_count": 2450.0,
    "accepted_count": 5844.0,
    "min_up_signals": 1000.0,
    "min_down_signals": 1000.0,
    "min_total_signals": 4000.0
  },
  "side_guarded_best": {
    "constraint_satisfied": true,
    "fallback_reason": null,
    "objective": "selection_score",
    "t_up": 0.535,
    "t_down": 0.405,
    "selection_score": 0.9450449199828679,
    "utility": 0.40851291661089556,
    "downside_risk": 0.43226825304589883,
    "accepted_sample_accuracy": 0.7611225188227242,
    "balanced_precision": 0.7632936875398362,
    "coverage": 0.782224601793602,
    "precision_up": 0.7498526812021213,
    "precision_down": 0.776734693877551,
    "up_prediction_count": 3394.0,
    "down_prediction_count": 2450.0,
    "accepted_count": 5844.0,
    "min_up_signals": 1000.0,
    "min_down_signals": 1000.0,
    "min_total_signals": 4000.0
  }
}