t_up,t_down,sample_count,coverage,precision_up,precision_down,balanced_precision,all_sample_accuracy,accepted_sample_accuracy,share_up_predictions,share_down_predictions,selected_t_up,selected_t_down,accepted_count,up_prediction_count,down_prediction_count,roc_auc,brier_score,log_loss,utility,downside_risk,selection_score,up_signal_count,down_signal_count,total_signal_count,signal_coverage,overall_signal_accuracy,continuation_sample_count,continuation_coverage,continuation_accepted_accuracy,continuation_accepted_count,reversal_sample_count,reversal_coverage,reversal_accepted_accuracy,reversal_accepted_count
0.5,0.2,7468.0,0.5650776647027317,0.6473645137342242,0.8659217877094972,0.7566431507218607,0.6431440814140332,0.6566350710900474,0.9575829383886256,0.04241706161137441,0.5,0.2,4220.0,4041.0,179.0,0.699570759984009,0.21906875073788246,0.6269819482421412,0.17702196036422066,0.4404859273226053,0.40187881015906424,4041.0,179.0,4220.0,0.5650776647027317,0.6566350710900474,4825.0,0.5772020725388601,0.9874326750448833,2785.0,2643.0,0.5429436246689369,0.014634146341463415,1435.0
0.5,0.21,7468.0,0.5709694697375469,0.6473645137342242,0.852017937219731,0.7496912254769776,0.6431440814140332,0.6580675422138836,0.9477016885553471,0.052298311444652905,0.5,0.21,4264.0,4041.0,223.0,0.699570759984009,0.21906875073788246,0.6269819482421412,0.18050348152115692,0.44185177843728884,0.4085159103796058,4041.0,223.0,4264.0,0.5709694697375469,0.6580675422138836,4825.0,0.5844559585492228,0.9875886524822695,2820.0,2643.0,0.5463488460083239,0.014542936288088643,1444.0
0.5,0.22,7468.0,0.5763256561328334,0.6473645137342242,0.844106463878327,0.7457354888062756,0.6431440814140332,0.6593866171003717,0.9388940520446096,0.06110594795539034,0.5,0.22,4304.0,4041.0,263.0,0.699570759984009,0.21906875073788246,0.6269819482421412,0.1837171933583288,0.4430623335234584,0.4146531525199077,4041.0,263.0,4304.0,0.5763256561328334,0.6593866171003717,4825.0,0.5910880829015545,0.9877279102384292,2852.0,2643.0,0.5493757094211124,0.014462809917355372,1452.0
0.5,0.23,7468.0,0.5827530798071773,0.6473645137342242,0.8360128617363344,0.7416886877352793,0.6431440814140332,0.6608455882352942,0.9285386029411765,0.07146139705882353,0.5,0.23,4352.0,4041.0,311.0,0.699570759984009,0.21906875073788246,0.6269819482421412,0.1874665238350295,0.4445708919689568,0.42167970782963404,4041.0,311.0,4352.0,0.5827530798071773,0.6608455882352942,4825.0,0.5989637305699482,0.9878892733564014,2890.0,2643.0,0.553159288687098,0.014363885088919288,1462.0
0.5,0.24,7468.0,0.589046598821639,0.6473645137342242,0.8296089385474861,0.7384867261408552,0.6431440814140332,0.6621959536258241,0.9186178676972039,0.08138213230279609,0.5,0.24,4399.0,4041.0,358.0,0.699570759984009,0.21906875073788246,0.6269819482421412,0.1910819496518479,0.44607434871879326,0.4283634560038479,4041.0,358.0,4399.0,0.589046598821639,0.6621959536258241,4825.0,0.6066321243523316,0.9880423641954219,2927.0,2643.0,0.5569428679530836,0.014266304347826086,1472.0
0.5,0.25,7468.0,0.5961435457953936,0.6473645137342242,0.8150851581508516,0.731224835942538,0.6431440814140332,0.662848158131177,0.9076819407008087,0.09231805929919137,0.5,0.25,4452.0,4041.0,411.0,0.699570759984009,0.21906875073788246,0.6269819482421412,0.1941617568291377,0.4483200803924892,0.4330873528108658,4041.0,411.0,4452.0,0.5961435457953936,0.662848158131177,4825.0,0.6145077720207254,0.9881956155143339,2965.0,2643.0,0.562618236852062,0.014122394082044385,1487.0
0.5,0.26,7468.0,0.603776111408677,0.6473645137342242,0.8012820512820513,0.7243232825081378,0.6431440814140332,0.6633399866932801,0.8962075848303394,0.10379241516966067,0.5,0.26,4509.0,4041.0,468.0,0.699570759984009,0.21906875073788246,0.6269819482421412,0.19724156400642742,0.45085172030405385,0.437486550729823,4041.0,468.0,4509.0,0.603776111408677,0.6633399866932801,4825.0,0.6227979274611399,0.9883527454242929,3005.0,2643.0,0.5690503216042376,0.013962765957446808,1504.0
0.5,0.27,7468.0,0.6140867702196037,0.6473645137342242,0.7944954128440367,0.7209299632891304,0.6431440814140332,0.6648495420846053,0.881160052333188,0.11883994766681204,0.5,0.27,4586.0,4041.0,545.0,0.699570759984009,0.21906875073788246,0.6269819482421412,0.20246384574183185,0.4536644820116359,0.44628542407390603,4041.0,545.0,4586.0,0.6140867702196037,0.6648495420846053,4825.0,0.6348186528497409,0.9885732941560561,3063.0,2643.0,0.5762391222096103,0.013788575180564675,1523.0
0.5,0.28,7468.0,0.6237279057311195,0.6473645137342242,0.7909238249594813,0.7191441693468528,0.6431440814140332,0.6663804207814513,0.8675397166165736,0.13246028338342636,0.5,0.28,4658.0,4041.0,617.0,0.699570759984009,0.21906875073788246,0.6269819482421412,0.2075522228173541,0.45616646244203735,0.4549922887935381,4041.0,617.0,4658.0,0.6237279057311195,0.6663804207814513,4825.0,0.6462176165803108,0.9887748556767159,3118.0,2643.0,0.5826712069617859,0.013636363636363636,1540.0
0.5,0.29,7468.0,0.6347080878414569,0.6473645137342242,0.7839771101573677,0.715670811945796,0.6431440814140332,0.6675105485232068,0.8525316455696202,0.14746835443037976,0.5,0.29,4740.0,4041.0,699.0,0.699570759984009,0.21906875073788246,0.6269819482421412,0.21264059989287634,0.4593840919908854,0.4628819404070599,4041.0,699.0,4740.0,0.6347080878414569,0.6675105485232068,4825.0,0.6586528497409326,0.9889867841409692,3178.0,2643.0,0.5909950813469542,0.013444302176696543,1562.0
0.5,0.3,7468.0,0.6475629351901446,0.6473645137342242,0.7660377358490567,0.7067011247916404,0.6431440814140332,0.6668734491315137,0.8356079404466501,0.16439205955334987,0.5,0.3,4836.0,4041.0,795.0,0.699570759984009,0.21906875073788246,0.6269819482421412,0.2161221210498126,0.4644571100437219,0.46532202086317037,4041.0,795.0,4836.0,0.6475629351901446,0.6668734491315137,4825.0,0.6712953367875648,0.9891941957394258,3239.0,2643.0,0.6042376087779039,0.013149655604257984,1597.0
0.5,0.31,7468.0,0.6572040707016604,0.6473645137342242,0.76239907727797,0.7048817955060971,0.6431440814140332,0.6676854115729421,0.8233496332518337,0.17665036674816625,0.5,0.31,4908.0,4041.0,867.0,0.699570759984009,0.21906875073788246,0.6269819482421412,0.2204070701660418,0.4673312532538449,0.47162921082515563,4041.0,867.0,4908.0,0.6572040707016604,0.6676854115729421,4825.0,0.6820725388601037,0.989364934670313,3291.0,2643.0,0.6118047673098751,0.012987012987012988,1617.0
0.5,0.32,7468.0,0.6687198714515266,0.6473645137342242,0.7586568730325288,0.7030106933833765,0.6431440814140332,0.6686023227873448,0.8091710052062475,0.1908289947937525,0.5,0.32,4994.0,4041.0,953.0,0.699570759984009,0.21906875073788246,0.6269819482421412,0.22549544724156398,0.47075706272448137,0.4790059780229767,4041.0,953.0,4994.0,0.6687198714515266,0.6686023227873448,4825.0,0.6949222797927461,0.9895615866388309,3353.0,2643.0,0.6208853575482406,0.012797074954296161,1641.0
0.5,0.33,7468.0,0.6792983395822174,0.6473645137342242,0.7548449612403101,0.7011047374872672,0.6431440814140332,0.6692292529075498,0.7965700768775872,0.2034299231224128,0.5,0.33,5073.0,4041.0,1032.0,0.699570759984009,0.21906875073788246,0.6269819482421412,0.22991430101767538,0.4740168976758856,0.4850339769424884,4041.0,1032.0,5073.0,0.6792983395822174,0.6692292529075498,4825.0,0.7065284974093264,0.9897330595482546,3409.0,2643.0,0.6295875898600075,0.012620192307692308,1664.0
0.5,0.34,7468.0,0.6900107123727905,0.6473645137342242,0.7517985611510791,0.6995815374426517,0.6431440814140332,0.6699010285270716,0.7842033766737823,0.21579662332621774,0.5,0.34,5153.0,4041.0,1112.0,0.699570759984009,0.21906875073788246,0.6269819482421412,0.2344670594536689,0.4772544671970717,0.49128311114760276,4041.0,1112.0,5153.0,0.6900107123727905,0.6699010285270716,4825.0,0.7183419689119172,0.9899019042123486,3466.0,2643.0,0.6382898221717745,0.012448132780082987,1687.0
0.5,0.35,7468.0,0.7036689876807712,0.6473645137342242,0.7438220757825371,0.6955932947583807,0.6431440814140332,0.6696479543292103,0.7689819219790676,0.23101807802093244,0.5,0.35,5255.0,4041.0,1214.0,0.699570759984009,0.21906875073788246,0.6269819482421412,0.23875200856989828,0.4821394918023585,0.4951928075366391,4041.0,1214.0,5255.0,0.7036689876807712,0.6696479543292103,4825.0,0.7322279792746114,0.9900934050382112,3533.0,2643.0,0.6515323496027242,0.012195121951219513,1722.0
0.5,0.36,7468.0,0.715720407070166,0.6473645137342242,0.7361963190184049,0.6917804163763146,0.6431440814140332,0.6690364826941066,0.7560336763330215,0.24396632366697849,0.5,0.36,5345.0,4041.0,1304.0,0.699570759984009,0.21906875073788246,0.6269819482421412,0.24196572040707018,0.4867004657194689,0.49715530896273624,4041.0,1304.0,5345.0,0.715720407070166,0.6690364826941066,4825.0,0.7440414507772021,0.9902506963788301,3590.0,2643.0,0.6640181611804767,0.011965811965811967,1755.0
0.5,0.37,7468.0,0.7291108730583824,0.6473645137342242,0.7321937321937322,0.6897791229639783,0.6431440814140332,0.6692378328741965,0.7421487603305785,0.2578512396694215,0.5,0.37,5445.0,4041.0,1404.0,0.699570759984009,0.21906875073788246,0.6269819482421412,0.246786288162828,0.4910827755559924,0.502535011299108,4041.0,1404.0,5445.0,0.7291108730583824,0.6692378328741965,4825.0,0.7581347150259067,0.9904319300164024,3658.0,2643.0,0.6761256148316307,0.011751538891997761,1787.0
0.5,0.38,7468.0,0.7442420996250669,0.6473645137342242,0.7297297297297297,0.688547121731977,0.6431440814140332,0.6698452680820439,0.7270600935588342,0.2729399064411659,0.5,0.38,5558.0,4041.0,1517.0,0.699570759984009,0.21906875073788246,0.6269819482421412,0.25281199785752545,0.4956965310386696,0.510013651553683,4041.0,1517.0,5558.0,0.7442420996250669,0.6698452680820439,4825.0,0.7745077720207254,0.9906341985549907,3737.0,2643.0,0.6889897843359818,0.011532125205930808,1821.0
0.5,0.39,7468.0,0.7580342795929298,0.6473645137342242,0.7197530864197531,0.6835588000769887,0.6431440814140332,0.6680798445504328,0.7138314785373608,0.2861685214626391,0.5,0.39,5661.0,4041.0,1620.0,0.699570759984009,0.21906875073788246,0.6269819482421412,0.2548205677557579,0.5016042821972176,0.5080111490267724,4041.0,1620.0,5661.0,0.7580342795929298,0.6680798445504328,4825.0,0.7867357512953368,0.9907797681770284,3796.0,2643.0,0.7056375331063186,0.011260053619302948,1865.0
0.5,0.4,7468.0,0.7766470273165507,0.6473645137342242,0.7123365548607163,0.6798505342974703,0.6431440814140332,0.6670689655172414,0.6967241379310345,0.3032758620689655,0.5,0.4,5800.0,4041.0,1759.0,0.699570759984009,0.21906875073788246,0.6269819482421412,0.25950723085163363,0.5084976875389489,0.5103410245730103,4041.0,1759.0,5800.0,0.7766470273165507,0.6670689655172414,4825.0,0.8047668393782383,0.9909863507597219,3883.0,2643.0,0.7253121452894438,0.010954616588419406,1917.0
0.5,0.41,7468.0,0.7939207284413498,0.6473645137342242,0.7044491525423728,0.6759068331382985,0.6431440814140332,0.6655422499578344,0.6815651880586946,0.31843481194130546,0.5,0.41,5929.0,4041.0,1888.0,0.699570759984009,0.21906875073788246,0.6269819482421412,0.26285484734868775,0.5152988846740607,0.5101017199269701,4041.0,1888.0,5929.0,0.7939207284413498,0.6655422499578344,4825.0,0.8207253886010363,0.9911616161616161,3960.0,2643.0,0.744986757472569,0.010665312341289994,1969.0
0.5,0.42,7468.0,0.8114622388859132,0.6473645137342242,0.7003467062902426,0.6738556100122335,0.6431440814140332,0.665016501650165,0.6668316831683169,0.3331683168316832,0.5,0.42,6060.0,4041.0,2019.0,0.699570759984009,0.21906875073788246,0.6269819482421412,0.26780931976432776,0.5213697915690865,0.5136648192798882,4041.0,2019.0,6060.0,0.8114622388859132,0.665016501650165,4825.0,0.8381347150259068,0.9913452027695351,4044.0,2643.0,0.7627695800227015,0.010416666666666666,2016.0
0.5,0.43,7468.0,0.8303427959292984,0.6473645137342242,0.6888888888888889,0.6681267013115566,0.6431440814140332,0.6618287373004355,0.6516690856313497,0.3483309143686502,0.5,0.43,6201.0,4041.0,2160.0,0.699570759984009,0.21906875073788246,0.6269819482421412,0.26874665238350304,0.5299038325704936,0.5071611788121035,4041.0,2160.0,6201.0,0.8303427959292984,0.6618287373004355,4825.0,0.8534715025906736,0.991500728508985,4118.0,2643.0,0.7881195611048052,0.010081613058089293,2083.0
0.5,0.44,7468.0,0.8524370648098554,0.6473645137342242,0.6843010752688172,0.6658327945015208,0.6431440814140332,0.6608545397423814,0.6347785108388313,0.3652214891611687,0.5,0.44,6366.0,4041.0,2325.0,0.699570759984009,0.21906875073788246,0.6269819482421412,0.27423674343867166,0.5376803517756548,0.5100367579604173,4041.0,2325.0,6366.0,0.8524370648098554,0.6608545397423814,4825.0,0.8748186528497409,0.9917081260364843,4221.0,2643.0,0.811577752553916,0.009790209790209791,2145.0
0.5,0.45,7468.0,0.8768077129084092,0.6473645137342242,0.676505783805345,0.6619351487697847,0.6431440814140332,0.6585216860109957,0.6171350030543677,0.38286499694563225,0.5,0.45,6548.0,4041.0,2507.0,0.699570759984009,0.21906875073788246,0.6269819482421412,0.2779860739153722,0.547184447418344,0.5080299252417182,4041.0,2507.0,6548.0,0.8768077129084092,0.6585216860109957,4825.0,0.896580310880829,0.9919093851132686,4326.0,2643.0,0.8407113129020053,0.009450945094509451,2222.0
0.5,0.46,7468.0,0.9062667380824853,0.6473645137342242,0.6648331499816649,0.6560988318579446,0.6431440814140332,0.654403073286052,0.5970744680851063,0.4029255319148936,0.5,0.46,6768.0,4041.0,2727.0,0.699570759984009,0.21906875073788246,0.6269819482421412,0.27986073915372245,0.5596454229817138,0.5000679495646778,4041.0,2727.0,6768.0,0.9062667380824853,0.654403073286052,4825.0,0.9208290155440414,0.9921224397929327,4443.0,2643.0,0.8796821793416572,0.00903225806451613,2325.0
0.5,0.47,7468.0,0.935457953936797,0.6473645137342242,0.6560271646859083,0.6516958392100662,0.6431440814140332,0.6510163183509877,0.5784425994846837,0.42155740051531637,0.5,0.47,6986.0,4041.0,2945.0,0.699570759984009,0.21906875073788246,0.6269819482421412,0.2825388323513659,0.5713663980255713,0.49449675957094164,4041.0,2945.0,6986.0,0.935457953936797,0.6510163183509877,4825.0,0.9452849740932643,0.9923262442446832,4561.0,2643.0,0.9175179720015134,0.009072164948453608,2425.0
0.5,0.48,7468.0,0.9634440278521692,0.6473645137342242,0.6487000634115409,0.6480322885728825,0.6431440814140332,0.6479499652536483,0.5616400277970813,0.43835997220291867,0.5,0.48,7195.0,4041.0,3154.0,0.699570759984009,0.21906875073788246,0.6269819482421412,0.2850830208891269,0.5823920530720875,0.48950362455210183,4041.0,3154.0,7195.0,0.9634440278521692,0.6479499652536483,4825.0,0.9693264248704663,0.9918751336326705,4677.0,2643.0,0.9527052591751797,0.009134233518665607,2518.0
0.5,0.49,7468.0,0.9833958221746116,0.6473645137342242,0.641537995761429,0.6444512547478266,0.6431440814140332,0.6447440087145969,0.5502450980392157,0.4497549019607843,0.5,0.49,7344.0,4041.0,3303.0,0.699570759984009,0.21906875073788246,0.6269819482421412,0.28468130690948035,0.5910645122425856,0.4816416837975226,4041.0,3303.0,7344.0,0.9833958221746116,0.6447440087145969,4825.0,0.9846632124352331,0.9903178278257209,4751.0,2643.0,0.9810821036700719,0.011569610489780177,2593.0
0.51,0.2,7468.0,0.5461971076593466,0.652051282051282,0.8659217877094972,0.7589865348803897,0.6431440814140332,0.6614366266241726,0.9561166952684481,0.04388330473155185,0.51,0.2,4079.0,3900.0,179.0,0.699570759984009,0.21906875073788246,0.6269819482421412,0.17635243706480985,0.43002597049163016,0.4100971782313373,3900.0,179.0,4079.0,0.5461971076593466,0.6614366266241726,4825.0,0.5595854922279793,0.9966666666666667,2700.0,2643.0,0.5217555807794173,0.005076142131979695,1379.0
0.51,0.21,7468.0,0.5520889126941617,0.652051282051282,0.852017937219731,0.7520346096355065,0.6431440814140332,0.6628668445306816,0.9459131700218287,0.054086829978171234,0.51,0.21,4123.0,3900.0,223.0,0.699570759984009,0.21906875073788246,0.6269819482421412,0.17983395822174614,0.4314249381250553,0.4168371884186687,3900.0,223.0,4123.0,0.5520889126941617,0.6628668445306816,4825.0,0.566839378238342,0.996709323583181,2735.0,2643.0,0.5251608021188043,0.005043227665706052,1388.0
0.51,0.22,7468.0,0.5574450990894483,0.652051282051282,0.844106463878327,0.7480788729648045,0.6431440814140332,0.6641844823444631,0.9368244054768196,0.0631755945231804,0.51,0.22,4163.0,3900.0,263.0,0.699570759984009,0.21906875073788246,0.6269819482421412,0.18304767005891806,0.4326646675143062,0.4230705296795827,3900.0,263.0,4163.0,0.5574450990894483,0.6641844823444631,4825.0,0.5734715025906736,0.9967473798337549,2767.0,2643.0,0.5281876655315929,0.00501432664756447,1396.0
0.51,0.23,7468.0,0.5638725227637922,0.652051282051282,0.8360128617363344,0.7440320718938083,0.6431440814140332,0.6656376157682261,0.9261458085965328,0.0738541914034671,0.51,0.23,4211.0,3900.0,311.0,0.699570759984009,0.21906875073788246,0.6269819482421412,0.18679700053561868,0.43420935171192104,0.43020031650435375,3900.0,311.0,4211.0,0.5638725227637922,0.6656376157682261,4825.0,0.5813471502590674,0.9967914438502674,2805.0,2643.0,0.5319712447975785,0.004978662873399715,1406.0
0.51,0.24,7468.0,0.5701660417782539,0.652051282051282,0.8296089385474861,0.7408301102993841,0.6431440814140332,0.6669798027242837,0.9159229685298262,0.08407703147017379,0.51,0.24,4258.0,3900.0,358.0,0.699570759984009,0.21906875073788246,0.6269819482421412,0.19041242635243708,0.43574856019602454,0.436977752185294,3900.0,358.0,4258.0,0.5701660417782539,0.6669798027242837,4825.0,0.5890155440414507,0.9968332160450387,2842.0,2643.0,0.5357548240635641,0.0049435028248587575,1416.0
0.51,0.25,7468.0,0.5772629887520085,0.652051282051282,0.8150851581508516,0.7335682201010668,0.6431440814140332,0.667594525632104,0.9046624913013221,0.0953375086986778,0.51,0.25,4311.0,3900.0,411.0,0.699570759984009,0.21906875073788246,0.6269819482421412,0.1934922335297269,0.43804723216925,0.4417154574211909,3900.0,411.0,4311.0,0.5772629887520085,0.667594525632104,4825.0,0.5968911917098445,0.996875,2880.0,2643.0,0.5414301929625426,0.004891684136967156,1431.0
0.51,0.26,7468.0,0.584895554365292,0.652051282051282,0.8012820512820513,0.7266666666666667,0.6431440814140332,0.668040293040293,0.8928571428571429,0.10714285714285714,0.51,0.26,4368.0,3900.0,468.0,0.699570759984009,0.21906875073788246,0.6269819482421412,0.19657204070701656,0.4406378976315334,0.4461078853262695,3900.0,468.0,4368.0,0.584895554365292,0.668040293040293,4825.0,0.6051813471502591,0.9969178082191781,2920.0,2643.0,0.5478622777147181,0.004834254143646409,1448.0
0.51,0.27,7468.0,0.5952062131762186,0.652051282051282,0.7944954128440367,0.7232733474476594,0.6431440814140332,0.6695163104611923,0.8773903262092239,0.12260967379077616,0.51,0.27,4445.0,3900.0,545.0,0.699570759984009,0.21906875073788246,0.6269819482421412,0.20179432244242096,0.4435154398292114,0.4549882694503889,3900.0,545.0,4445.0,0.5952062131762186,0.6695163104611923,4825.0,0.6172020725388601,0.9969778374748153,2978.0,2643.0,0.5550510783200908,0.004771642808452625,1467.0
0.51,0.28,7468.0,0.6048473486877344,0.652051282051282,0.7909238249594813,0.7214875535053817,0.6431440814140332,0.671020588886429,0.8634049147664379,0.1365950852335621,0.51,0.28,4517.0,3900.0,617.0,0.699570759984009,0.21906875073788246,0.6269819482421412,0.2068826995179432,0.44607434871879326,0.4637852414337385,3900.0,617.0,4517.0,0.6048473486877344,0.671020588886429,4825.0,0.6286010362694301,0.9970326409495549,3033.0,2643.0,0.5614831630722663,0.0047169811320754715,1484.0
0.51,0.29,7468.0,0.6158275307980717,0.652051282051282,0.7839771101573677,0.7180141961043249,0.6431440814140332,0.6721026310067406,0.8480104370515329,0.15198956294846705,0.51,0.29,4599.0,3900.0,699.0,0.699570759984009,0.21906875073788246,0.6269819482421412,0.21197107659346545,0.44936424769033767,0.471713265314194,3900.0,699.0,4599.0,0.6158275307980717,0.6721026310067406,4825.0,0.6410362694300518,0.997090203685742,3093.0,2643.0,0.5698070374574348,0.004648074369189907,1506.0
0.51,0.3,7468.0,0.6286823781467595,0.652051282051282,0.7660377358490567,0.7090445089501693,0.6431440814140332,0.6713525026624069,0.8306709265175719,0.16932907348242812,0.51,0.3,4695.0,3900.0,795.0,0.699570759984009,0.21906875073788246,0.6269819482421412,0.2154525977504018,0.4545491064760538,0.47399190688267717,3900.0,795.0,4695.0,0.6286823781467595,0.6713525026624069,4825.0,0.6536787564766839,0.99714648065948,3154.0,2643.0,0.5830495648883844,0.004542504866969501,1541.0
0.51,0.31,7468.0,0.6383235136582753,0.652051282051282,0.76239907727797,0.7072251796646261,0.6431440814140332,0.672120830711139,0.8181246066708622,0.18187539332913782,0.51,0.31,4767.0,3900.0,867.0,0.699570759984009,0.21906875073788246,0.6269819482421412,0.2197375468666309,0.45748550074928296,0.4803158712281338,3900.0,867.0,4767.0,0.6383235136582753,0.672120830711139,4825.0,0.6644559585492228,0.9971927635683094,3206.0,2643.0,0.5906167234203556,0.004484304932735426,1561.0
0.51,0.32,7468.0,0.6498393144081414,0.652051282051282,0.7586568730325288,0.7053540775419054,0.6431440814140332,0.6729857819905213,0.8036266227076035,0.19637337729239646,0.51,0.32,4853.0,3900.0,953.0,0.699570759984009,0.21906875073788246,0.6269819482421412,0.22482592394215312,0.4609844848072374,0.4877082230569322,3900.0,953.0,4853.0,0.6498393144081414,0.6729857819905213,4825.0,0.6773056994818653,0.9972460220318238,3268.0,2643.0,0.5996973136587211,0.004416403785488959,1585.0
0.51,0.33,7468.0,0.6604177825388323,0.652051282051282,0.7548449612403101,0.7034481216457961,0.6431440814140332,0.6735604217356043,0.7907542579075426,0.20924574209245742,0.51,0.33,4932.0,3900.0,1032.0,0.699570759984009,0.21906875073788246,0.6269819482421412,0.22924477771826465,0.46431293586360894,0.4937290349058999,3900.0,1032.0,4932.0,0.6604177825388323,0.6735604217356043,4825.0,0.6889119170984456,0.9972924187725631,3324.0,2643.0,0.6083995459704881,0.004353233830845771,1608.0
0.51,0.34,7468.0,0.6711301553294055,0.652051282051282,0.7517985611510791,0.7019249216011806,0.6431440814140332,0.6741819632881085,0.7781324820430966,0.22186751795690343,0.51,0.34,5012.0,3900.0,1112.0,0.699570759984009,0.21906875073788246,0.6269819482421412,0.23379753615425816,0.4676176959735096,0.49997580965691835,3900.0,1112.0,5012.0,0.6711301553294055,0.6741819632881085,4825.0,0.7007253886010363,0.997338065661047,3381.0,2643.0,0.617101778282255,0.004291845493562232,1631.0
0.51,0.35,7468.0,0.6847884306373861,0.652051282051282,0.7438220757825371,0.6979366789169096,0.6431440814140332,0.6738365271802894,0.7626124364489636,0.23738756355103638,0.51,0.35,5114.0,3900.0,1214.0,0.699570759984009,0.21906875073788246,0.6269819482421412,0.23808248527048742,0.4726023409627267,0.5037691620094293,3900.0,1214.0,5114.0,0.6847884306373861,0.6738365271802894,4825.0,0.7146113989637306,0.9973897911832946,3448.0,2643.0,0.6303443057132047,0.004201680672268907,1666.0
0.51,0.36,7468.0,0.696839850026781,0.652051282051282,0.7361963190184049,0.6941238005348435,0.6431440814140332,0.6731360491929285,0.749423520368947,0.25057647963105306,0.51,0.36,5204.0,3900.0,1304.0,0.699570759984009,0.21906875073788246,0.6269819482421412,0.2412961971076593,0.47725446719707176,0.5055923279771446,3900.0,1304.0,5204.0,0.696839850026781,0.6731360491929285,4825.0,0.7264248704663212,0.997432239657632,3505.0,2643.0,0.6428301172909573,0.004120070629782225,1699.0
0.51,0.37,7468.0,0.7102303160149973,0.652051282051282,0.7321937321937322,0.6921225071225071,0.6431440814140332,0.673265460030166,0.7352941176470589,0.2647058823529412,0.51,0.37,5304.0,3900.0,1404.0,0.699570759984009,0.21906875073788246,0.6269819482421412,0.24611676486341733,0.4817227164830303,0.5109096092878305,3900.0,1404.0,5304.0,0.7102303160149973,0.673265460030166,4825.0,0.7405181347150259,0.9974811083123426,3573.0,2643.0,0.6549375709421112,0.004043905257076834,1731.0
0.51,0.38,7468.0,0.7253615425816818,0.652051282051282,0.7297297297297297,0.6908905058905059,0.6431440814140332,0.6738046889422189,0.7199556950341518,0.28004430496584826,0.51,0.38,5417.0,3900.0,1517.0,0.699570759984009,0.21906875073788246,0.6269819482421412,0.25214247455811456,0.4864252604581547,0.5183581015521816,3900.0,1517.0,5417.0,0.7253615425816818,0.6738046889422189,4825.0,0.7568911917098445,0.9975355969331873,3652.0,2643.0,0.6678017404464623,0.00396600566572238,1765.0
0.51,0.39,7468.0,0.7391537225495447,0.652051282051282,0.7197530864197531,0.6859021842355175,0.6431440814140332,0.6719202898550725,0.7065217391304348,0.29347826086956524,0.51,0.39,5520.0,3900.0,1620.0,0.699570759984009,0.21906875073788246,0.6269819482421412,0.25415104445634706,0.49244424968375744,0.5161011517944625,3900.0,1620.0,5520.0,0.7391537225495447,0.6719202898550725,4825.0,0.7691191709844559,0.9975747776879548,3711.0,2643.0,0.684449489216799,0.003869541182974019,1809.0
0.51,0.4,7468.0,0.7577664702731655,0.652051282051282,0.7123365548607163,0.6821939184559992,0.6431440814140332,0.6707898922071037,0.6891676974730517,0.3108323025269482,0.51,0.4,5659.0,3900.0,1759.0,0.699570759984009,0.21906875073788246,0.6269819482421412,0.2588377075522228,0.49946409416540777,0.5182308609885846,3900.0,1759.0,5659.0,0.7577664702731655,0.6707898922071037,4825.0,0.7871502590673575,0.9976303317535545,3798.0,2643.0,0.7041241013999243,0.0037614185921547557,1861.0
0.51,0.41,7468.0,0.7750401713979647,0.652051282051282,0.7044491525423728,0.6782502172968274,0.6431440814140332,0.6691430545957153,0.6738078783690394,0.3261921216309606,0.51,0.41,5788.0,3900.0,1888.0,0.699570759984009,0.21906875073788246,0.6269819482421412,0.262185324049277,0.5063866345731726,0.51775719608056,3900.0,1888.0,5788.0,0.7750401713979647,0.6691430545957153,4825.0,0.8031088082901554,0.9976774193548387,3875.0,2643.0,0.7237987135830496,0.0036591740721380033,1913.0
0.51,0.42,7468.0,0.7925816818425281,0.652051282051282,0.7003467062902426,0.6761989941707623,0.6431440814140332,0.6685250886974151,0.6588950836289914,0.3411049163710086,0.51,0.42,5919.0,3900.0,2019.0,0.699570759984009,0.21906875073788246,0.6269819482421412,0.267139796464917,0.5125631109325032,0.5211842030124076,3900.0,2019.0,5919.0,0.7925816818425281,0.6685250886974151,4825.0,0.8205181347150259,0.997726698661278,3959.0,2643.0,0.741581536133182,0.0035714285714285713,1960.0
0.51,0.43,7468.0,0.8114622388859132,0.652051282051282,0.6888888888888889,0.6704700854700855,0.6431440814140332,0.6651815181518151,0.6435643564356436,0.3564356435643564,0.51,0.43,6060.0,3900.0,2160.0,0.699570759984009,0.21906875073788246,0.6269819482421412,0.26807712908409204,0.5212413595455665,0.5143051758552114,3900.0,2160.0,6060.0,0.8114622388859132,0.6651815181518151,4825.0,0.8358549222797927,0.9977684106124474,4033.0,2643.0,0.7669315172152856,0.003453379378391712,2027.0
0.51,0.44,7468.0,0.8335565077664703,0.652051282051282,0.6843010752688172,0.6681761786600496,0.6431440814140332,0.6640963855421687,0.6265060240963856,0.37349397590361444,0.51,0.44,6225.0,3900.0,2325.0,0.699570759984009,0.21906875073788246,0.6269819482421412,0.2735672201392608,0.5291452010682934,0.5169983958787774,3900.0,2325.0,6225.0,0.8335565077664703,0.6640963855421687,4825.0,0.85720207253886,0.9978239845261122,4136.0,2643.0,0.7903897086643965,0.003350885591191958,2089.0
0.51,0.45,7468.0,0.8579271558650241,0.652051282051282,0.676505783805345,0.6642785329283135,0.6431440814140332,0.6616201030123303,0.6087092242859372,0.39129077571406273,0.51,0.45,6407.0,3900.0,2507.0,0.699570759984009,0.21906875073788246,0.6269819482421412,0.27731655061596155,0.5387998725171818,0.5146930516527141,3900.0,2507.0,6407.0,0.8579271558650241,0.6616201030123303,4825.0,0.8789637305699481,0.99787785899552,4241.0,2643.0,0.8195232690124858,0.003231763619575254,2166.0
0.51,0.46,7468.0,0.8873861810391002,0.652051282051282,0.6648331499816649,0.6584422160164735,0.6431440814140332,0.6573110004526935,0.5885015844273427,0.4114984155726573,0.51,0.46,6627.0,3900.0,2727.0,0.699570759984009,0.21906875073788246,0.6269819482421412,0.2791912158543117,0.5514503446298626,0.5062853230089227,3900.0,2727.0,6627.0,0.8873861810391002,0.6573110004526935,4825.0,0.9032124352331606,0.9979348324919688,4358.0,2643.0,0.8584941354521377,0.003085059497576025,2269.0
0.51,0.47,7468.0,0.9165773968934119,0.652051282051282,0.6560271646859083,0.6540392233685952,0.6431440814140332,0.6537618699780862,0.5697589481373265,0.4302410518626735,0.51,0.47,6845.0,3900.0,2945.0,0.699570759984009,0.21906875073788246,0.6269819482421412,0.28186930905195495,0.5633418535141238,0.500352152593768,3900.0,2945.0,6845.0,0.9165773968934119,0.6537618699780862,4825.0,0.9276683937823834,0.9979892761394102,4476.0,2643.0,0.896329928111994,0.0033769523005487546,2369.0
0.51,0.48,7468.0,0.9445634708087841,0.652051282051282,0.6487000634115409,0.6503756727314114,0.6431440814140332,0.6505528777998298,0.5528777998298837,0.4471222001701162,0.51,0.48,7054.0,3900.0,3154.0,0.699570759984009,0.21906875073788246,0.6269819482421412,0.284413497589716,0.5745215284125862,0.4950441080520618,3900.0,3154.0,7054.0,0.9445634708087841,0.6505528777998298,4825.0,0.9517098445595855,0.9973867595818815,4592.0,2643.0,0.9315172152856602,0.0036555645816409425,2462.0
0.51,0.49,7468.0,0.9645152651312265,0.652051282051282,0.641537995761429,0.6467946389063555,0.6431440814140332,0.6472303206997084,0.5414410662224073,0.45855893377759266,0.51,0.49,7203.0,3900.0,3303.0,0.699570759984009,0.21906875073788246,0.6269819482421412,0.28401178361006957,0.5833110154630876,0.48689597158489123,3900.0,3303.0,7203.0,0.9645152651312265,0.6472303206997084,4825.0,0.9670466321243524,0.9957136733819117,4666.0,2643.0,0.9598940597805524,0.0063066614111154905,2537.0
0.51,0.5,7468.0,0.9811194429566149,0.652051282051282,0.6381674934344909,0.6451093877428864,0.6431440814140332,0.6455575269550976,0.5322778763477549,0.46772212365224514,0.51,0.5,7327.0,3900.0,3427.0,0.699570759984009,0.21906875073788246,0.6269819482421412,0.2856186395286556,0.5897036558424745,0.48434266380900975,3900.0,3427.0,7327.0,0.9811194429566149,0.6455575269550976,4825.0,0.9823834196891191,0.9907172995780591,4740.0,2643.0,0.9788119561104806,0.013142636258214147,2587.0
0.52,0.2,7468.0,0.5223620782003213,0.6587855991402471,0.8659217877094972,0.7623536934248722,0.6431440814140332,0.6682901820046142,0.9541143296590617,0.04588567034093822,0.52,0.2,3901.0,3722.0,179.0,0.699570759984009,0.21906875073788246,0.6269819482421412,0.17581681842528118,0.4162602910289667,0.4223723045757599,3722.0,179.0,3901.0,0.5223620782003213,0.6682901820046142,4825.0,0.5403108808290156,0.9992328346758726,2607.0,2643.0,0.48959515701853956,0.0015455950540958269,1294.0
0.52,0.21,7468.0,0.5282538832351366,0.6587855991402471,0.852017937219731,0.755401768179989,0.6431440814140332,0.6697084917617236,0.9434727503168567,0.05652724968314322,0.52,0.21,3945.0,3722.0,223.0,0.699570759984009,0.21906875073788246,0.6269819482421412,0.1792983395822174,0.41770536485237963,0.42924595820209976,3722.0,223.0,3945.0,0.5282538832351366,0.6697084917617236,4825.0,0.5475647668393783,0.9992429977289932,2642.0,2643.0,0.4930003783579266,0.0015349194167306216,1303.0
0.52,0.22,7468.0,0.5336100696304231,0.6587855991402471,0.844106463878327,0.751446031509287,0.6431440814140332,0.6710163111668758,0.9340025094102886,0.06599749058971142,0.52,0.22,3985.0,3722.0,263.0,0.699570759984009,0.21906875073788246,0.6269819482421412,0.18251205141938937,0.4189856908123676,0.43560449777060023,3722.0,263.0,3985.0,0.5336100696304231,0.6710163111668758,4825.0,0.5541968911917099,0.9992520568436799,2674.0,2643.0,0.4960272417707151,0.0015255530129672007,1311.0
0.52,0.23,7468.0,0.540037493304767,0.6587855991402471,0.8360128617363344,0.7473992304382908,0.6431440814140332,0.672452268782544,0.9228861889412349,0.07711381105876519,0.52,0.23,4033.0,3722.0,311.0,0.699570759984009,0.21906875073788246,0.6269819482421412,0.18626138189609004,0.4205806173664432,0.4428672511405925,3722.0,311.0,4033.0,0.540037493304767,0.672452268782544,4825.0,0.5620725388601037,0.9992625368731564,2712.0,2643.0,0.4998108210367007,0.001514004542013626,1321.0
0.52,0.24,7468.0,0.5463310123192288,0.6587855991402471,0.8296089385474861,0.7441972688438666,0.6431440814140332,0.6737745098039216,0.9122549019607843,0.08774509803921568,0.52,0.24,4080.0,3722.0,358.0,0.699570759984009,0.21906875073788246,0.6269819482421412,0.1898768077129085,0.42216951844390677,0.4497643705134937,3722.0,358.0,4080.0,0.5463310123192288,0.6737745098039216,4825.0,0.569740932642487,0.9992724627137141,2749.0,2643.0,0.5035944003026863,0.0015026296018031556,1331.0
0.52,0.25,7468.0,0.5534279592929834,0.6587855991402471,0.8150851581508516,0.7369353786455494,0.6431440814140332,0.6743285748850714,0.9005564964916526,0.09944350350834745,0.52,0.25,4133.0,3722.0,411.0,0.699570759984009,0.21906875073788246,0.6269819482421412,0.19295661489019816,0.42454172021297576,0.4545056603468782,3722.0,411.0,4133.0,0.5534279592929834,0.6743285748850714,4825.0,0.5776165803108808,0.9992823824901328,2787.0,2643.0,0.5092697692016648,0.0014858841010401188,1346.0
0.52,0.26,7468.0,0.5610605249062668,0.6587855991402471,0.8012820512820513,0.7300338252111492,0.6431440814140332,0.6747016706443915,0.8883054892601432,0.1116945107398568,0.52,0.26,4190.0,3722.0,468.0,0.699570759984009,0.21906875073788246,0.6269819482421412,0.19603642206748803,0.4272142921525325,0.45887140404351273,3722.0,468.0,4190.0,0.5610605249062668,0.6747016706443915,4825.0,0.5859067357512954,0.9992925362575168,2827.0,2643.0,0.5157018539538404,0.001467351430667645,1363.0
0.52,0.27,7468.0,0.5713711837171933,0.6587855991402471,0.7944954128440367,0.7266405059921419,0.6431440814140332,0.6761190531989688,0.872275603468479,0.12772439653152098,0.52,0.27,4267.0,3722.0,545.0,0.699570759984009,0.21906875073788246,0.6269819482421412,0.2012587038028923,0.43018163600640896,0.46784587475950246,3722.0,545.0,4267.0,0.5713711837171933,0.6761190531989688,4825.0,0.5979274611398964,0.9993067590987869,2885.0,2643.0,0.522890654559213,0.001447178002894356,1382.0
0.52,0.28,7468.0,0.5810123192287091,0.6587855991402471,0.7909238249594813,0.7248547120498643,0.6431440814140332,0.6775754782207882,0.8578013367135284,0.14219866328647154,0.52,0.28,4339.0,3722.0,617.0,0.699570759984009,0.21906875073788246,0.6269819482421412,0.20634708087841458,0.432819384010406,0.47675101555399263,3722.0,617.0,4339.0,0.5810123192287091,0.6775754782207882,4825.0,0.6093264248704663,0.9993197278911564,2940.0,2643.0,0.5293227393113886,0.0014295925661186562,1399.0
0.52,0.29,7468.0,0.5919925013390466,0.6587855991402471,0.7839771101573677,0.7213813546488075,0.6431440814140332,0.6785795068988917,0.8418909748925583,0.15810902510744176,0.52,0.29,4421.0,3722.0,699.0,0.699570759984009,0.21906875073788246,0.6269819482421412,0.2114354579539368,0.43620926364825735,0.48471106776959777,3722.0,699.0,4421.0,0.5919925013390466,0.6785795068988917,4825.0,0.6217616580310881,0.9993333333333333,3000.0,2643.0,0.537646613696557,0.0014074595355383533,1421.0
0.52,0.3,7468.0,0.6048473486877344,0.6587855991402471,0.7660377358490567,0.7124116674946519,0.6431440814140332,0.6776621651538632,0.8239982289129953,0.17600177108700465,0.52,0.3,4517.0,3722.0,795.0,0.699570759984009,0.21906875073788246,0.6269819482421412,0.21491697911087315,0.4415486210922084,0.48673457201441955,3722.0,795.0,4517.0,0.6048473486877344,0.6776621651538632,4825.0,0.6344041450777202,0.9993466187520418,3061.0,2643.0,0.5508891411275066,0.0013736263736263737,1456.0
0.52,0.31,7468.0,0.6144884841992502,0.6587855991402471,0.76239907727797,0.7105923382091086,0.6431440814140332,0.6783612987578993,0.8110699498801481,0.1889300501198518,0.52,0.31,4589.0,3722.0,867.0,0.699570759984009,0.21906875073788246,0.6269819482421412,0.2192019282271023,0.4445708919689569,0.49306405836936473,3722.0,867.0,4589.0,0.6144884841992502,0.6783612987578993,4825.0,0.6451813471502591,0.9993575329264375,3113.0,2643.0,0.5584562996594779,0.0013550135501355014,1476.0
0.52,0.32,7468.0,0.6260042849491162,0.6587855991402471,0.7586568730325288,0.7087212360863879,0.6431440814140332,0.679144385026738,0.7961497326203208,0.20385026737967915,0.52,0.32,4675.0,3722.0,953.0,0.699570759984009,0.21906875073788246,0.6269819482421412,0.2242903053026246,0.4481707150442182,0.5004572984660438,3722.0,953.0,4675.0,0.6260042849491162,0.679144385026738,4825.0,0.6580310880829016,0.9993700787401575,3175.0,2643.0,0.5675368898978433,0.0013333333333333333,1500.0
0.52,0.33,7468.0,0.6365827530798072,0.6587855991402471,0.7548449612403101,0.7068152801902786,0.6431440814140332,0.6796381994110223,0.7829196466133782,0.2170803533866218,0.52,0.33,4754.0,3722.0,1032.0,0.699570759984009,0.21906875073788246,0.6269819482421412,0.22870915907873596,0.45159361930892644,0.5064490491002276,3722.0,1032.0,4754.0,0.6365827530798072,0.6796381994110223,4825.0,0.6696373056994819,0.9993809965954813,3231.0,2643.0,0.5762391222096103,0.0013131976362442547,1523.0
0.52,0.34,7468.0,0.6472951258703803,0.6587855991402471,0.7517985611510791,0.7052920801456631,0.6431440814140332,0.6801820438560199,0.7699627637567232,0.2300372362432768,0.52,0.34,4834.0,3722.0,1112.0,0.699570759984009,0.21906875073788246,0.6269819482421412,0.23326191751472955,0.4549907737282432,0.5126739507338938,3722.0,1112.0,4834.0,0.6472951258703803,0.6801820438560199,4825.0,0.6814507772020726,0.9993917274939172,3288.0,2643.0,0.5849413545213772,0.00129366106080207,1546.0
0.52,0.35,7468.0,0.660953401178361,0.6587855991402471,0.7438220757825371,0.7013038374613921,0.6431440814140332,0.6797001620745543,0.7540518638573744,0.24594813614262562,0.52,0.35,4936.0,3722.0,1214.0,0.699570759984009,0.21906875073788246,0.6269819482421412,0.23754686663095875,0.4601122333449754,0.516280266890567,3722.0,1214.0,4936.0,0.660953401178361,0.6797001620745543,4825.0,0.6953367875647668,0.9994038748137108,3355.0,2643.0,0.5981838819523269,0.001265022137887413,1581.0
0.52,0.36,7468.0,0.6730048205677558,0.6587855991402471,0.7361963190184049,0.697490959079326,0.6431440814140332,0.6788698766414644,0.7405491444488659,0.2594508555511341,0.52,0.36,5026.0,3722.0,1304.0,0.699570759984009,0.21906875073788246,0.6269819482421412,0.24076057846813068,0.4648893643113516,0.5178879039850124,3722.0,1304.0,5026.0,0.6730048205677558,0.6788698766414644,4825.0,0.7071502590673575,0.9994138335287222,3412.0,2643.0,0.6106696935300795,0.0012391573729863693,1614.0
0.52,0.37,7468.0,0.6863952865559722,0.6587855991402471,0.7321937321937322,0.6954896656669897,0.6431440814140332,0.6788919235271167,0.7261022239563012,0.2738977760436988,0.52,0.37,5126.0,3722.0,1404.0,0.699570759984009,0.21906875073788246,0.6269819482421412,0.24558114622388863,0.46947531369182954,0.523097038463436,3722.0,1404.0,5126.0,0.6863952865559722,0.6788919235271167,4825.0,0.7212435233160622,0.9994252873563219,3480.0,2643.0,0.6227771471812334,0.001215066828675577,1646.0
0.52,0.38,7468.0,0.7015265131226567,0.6587855991402471,0.7297297297297297,0.6942576644349885,0.6431440814140332,0.6793281160526818,0.7104409238404276,0.28955907615957244,0.52,0.38,5239.0,3722.0,1517.0,0.699570759984009,0.21906875073788246,0.6269819482421412,0.251606855918586,0.47429930276359816,0.5304811844600006,3722.0,1517.0,5239.0,0.7015265131226567,0.6793281160526818,4825.0,0.7376165803108808,0.9994380443944928,3559.0,2643.0,0.6356413166855845,0.0011904761904761906,1680.0
0.52,0.39,7468.0,0.7153186930905195,0.6587855991402471,0.7197530864197531,0.6892693427800001,0.6431440814140332,0.6772744290527892,0.6967427929614377,0.30325720703856235,0.52,0.39,5342.0,3722.0,1620.0,0.699570759984009,0.21906875073788246,0.6269819482421412,0.25361542581681845,0.48047022138406303,0.5278483754648582,3722.0,1620.0,5342.0,0.7153186930905195,0.6772744290527892,4825.0,0.7498445595854922,0.9994472084024323,3618.0,2643.0,0.6522890654559212,0.001160092807424594,1724.0
0.52,0.4,7468.0,0.7339314408141403,0.6587855991402471,0.7123365548607163,0.6855610770004817,0.6431440814140332,0.6759715380405036,0.6790731618317826,0.3209268381682175,0.52,0.4,5481.0,3722.0,1759.0,0.699570759984009,0.21906875073788246,0.6269819482421412,0.2583020889126942,0.4876624610842248,0.5296739231033051,3722.0,1759.0,5481.0,0.7339314408141403,0.6759715380405036,4825.0,0.7678756476683938,0.9994601889338731,3705.0,2643.0,0.6719636776390465,0.0011261261261261261,1776.0
0.52,0.41,7468.0,0.7512051419389395,0.6587855991402471,0.7044491525423728,0.68161737584131,0.6431440814140332,0.6741532976827095,0.663458110516934,0.33654188948306596,0.52,0.41,5610.0,3722.0,1888.0,0.699570759984009,0.21906875073788246,0.6269819482421412,0.2616497054097483,0.4947501574174541,0.5288521923379133,3722.0,1888.0,5610.0,0.7512051419389395,0.6741532976827095,4825.0,0.7838341968911917,0.9994711792702274,3782.0,2643.0,0.6916382898221718,0.0010940919037199124,1828.0
0.52,0.42,7468.0,0.7687466523835029,0.6587855991402471,0.7003467062902426,0.6795661527152449,0.6431440814140332,0.6734018463682285,0.6483191081693085,0.3516808918306915,0.52,0.42,5741.0,3722.0,2019.0,0.699570759984009,0.21906875073788246,0.6269819482421412,0.2666041778253883,0.5010700921817798,0.5320696285514259,3722.0,2019.0,5741.0,0.7687466523835029,0.6734018463682285,4825.0,0.8012435233160622,0.999482669425763,3866.0,2643.0,0.7094211123723042,0.0010666666666666667,1875.0
0.52,0.43,7468.0,0.787627209426888,0.6587855991402471,0.6888888888888889,0.673837244014568,0.6431440814140332,0.6698401904114247,0.6327779666780007,0.3672220333219993,0.52,0.43,5882.0,3722.0,2160.0,0.699570759984009,0.21906875073788246,0.6269819482421412,0.26754151044456354,0.5099439670112416,0.5246488393864372,3722.0,2160.0,5882.0,0.787627209426888,0.6698401904114247,4825.0,0.816580310880829,0.999492385786802,3940.0,2643.0,0.7347710934544078,0.0010298661174047373,1942.0
0.52,0.44,7468.0,0.8097214783074451,0.6587855991402471,0.6843010752688172,0.6715433372045322,0.6431440814140332,0.6685959980155449,0.615511824044981,0.384488175955019,0.52,0.44,6047.0,3722.0,2325.0,0.699570759984009,0.21906875073788246,0.6269819482421412,0.2730316014997322,0.5180202104202658,0.5270674695842924,3722.0,2325.0,6047.0,0.8097214783074451,0.6685959980155449,4825.0,0.8379274611398964,0.9995053178332921,4043.0,2643.0,0.7582292849035187,0.000998003992015968,2004.0
0.52,0.45,7468.0,0.834092126405999,0.6587855991402471,0.676505783805345,0.6676456914727961,0.6431440814140332,0.6659174827420131,0.5975276930486434,0.40247230695135655,0.52,0.45,6229.0,3722.0,2507.0,0.699570759984009,0.21906875073788246,0.6269819482421412,0.2767809319764327,0.5278783924492298,0.5243270721732617,3722.0,2507.0,6229.0,0.834092126405999,0.6659174827420131,4825.0,0.8596891191709845,0.9995178399228544,4148.0,2643.0,0.787362845251608,0.0009610764055742432,2081.0
0.52,0.46,7468.0,0.863551151580075,0.6587855991402471,0.6648331499816649,0.661809374560956,0.6431440814140332,0.66134284385176,0.5771437432160025,0.4228562567839975,0.52,0.46,6449.0,3722.0,2727.0,0.699570759984009,0.21906875073788246,0.6269819482421412,0.27865559721478317,0.5407844091527102,0.5152803825305818,3722.0,2727.0,6449.0,0.863551151580075,0.66134284385176,4825.0,0.883937823834197,0.9995310668229778,4265.0,2643.0,0.8263337116912599,0.0009157509157509158,2184.0
0.52,0.47,7468.0,0.8927423674343867,0.6587855991402471,0.6560271646859083,0.6574063819130778,0.6431440814140332,0.6575671216439178,0.5582720863956803,0.4417279136043198,0.52,0.47,6667.0,3722.0,2945.0,0.699570759984009,0.21906875073788246,0.6269819482421412,0.2813336904124264,0.5529053612608401,0.5088279299207296,3722.0,2945.0,6667.0,0.8927423674343867,0.6575671216439178,4825.0,0.9083937823834197,0.999543691535478,4383.0,2643.0,0.8641695043511162,0.0013134851138353765,2284.0
0.52,0.48,7468.0,0.920728441349759,0.6587855991402471,0.6487000634115409,0.6537428312758939,0.6431440814140332,0.6541593949970913,0.5413030831879,0.45869691681210006,0.52,0.48,6876.0,3722.0,3154.0,0.699570759984009,0.21906875073788246,0.6269819482421412,0.2838778789501874,0.5642918404511851,0.5030692606209051,3722.0,3154.0,6876.0,0.920728441349759,0.6541593949970913,4825.0,0.9324352331606217,0.9988886419204268,4499.0,2643.0,0.8993567915247824,0.0016827934371055953,2377.0
0.52,0.49,7468.0,0.9406802356722014,0.6587855991402471,0.641537995761429,0.650161797450838,0.6431440814140332,0.6506761565836299,0.5298220640569395,0.4701779359430605,0.52,0.49,7025.0,3722.0,3303.0,0.699570759984009,0.21906875073788246,0.6269819482421412,0.28347616497054096,0.5732382012312423,0.4945172257565362,3722.0,3303.0,7025.0,0.9406802356722014,0.6506761565836299,4825.0,0.9477720207253886,0.9971572272031489,4573.0,2643.0,0.9277336360196746,0.004486133768352365,2452.0
0.52,0.5,7468.0,0.9572844134975897,0.6587855991402471,0.6381674934344909,0.648476546287369,0.6431440814140332,0.6489019443278781,0.5206322562596167,0.47936774374038327,0.52,0.5,7149.0,3722.0,3427.0,0.699570759984009,0.21906875073788246,0.6269819482421412,0.285083020889127,0.5797419221552219,0.4917412558838517,3722.0,3427.0,7149.0,0.9572844134975897,0.6489019443278781,4825.0,0.9631088082901554,0.9920378738971379,4647.0,2643.0,0.9466515323496028,0.011590727418065548,2502.0
0.53,0.2,7468.0,0.4965184788430637,0.6633607254179654,0.8659217877094972,0.7646412565637313,0.6431440814140332,0.6731391585760518,0.9517259978425027,0.0482740021574973,0.53,0.2,3708.0,3529.0,179.0,0.699570759984009,0.21906875073788246,0.6269819482421412,0.17193358328869843,0.40285536831123725,0.42678737038913256,3529.0,179.0,3708.0,0.4965184788430637,0.6731391585760518,4825.0,0.5170984455958549,1.0,2495.0,2643.0,0.458948164964056,0.0008244023083264633,1213.0
0.53,0.21,7468.0,0.502410283877879,0.6633607254179654,0.852017937219731,0.7576893313188482,0.6431440814140332,0.6745735607675906,0.9405650319829424,0.05943496801705757,0.53,0.21,3752.0,3529.0,223.0,0.699570759984009,0.21906875073788246,0.6269819482421412,0.17541510444563468,0.40434835193941643,0.43382173713401745,3529.0,223.0,3752.0,0.502410283877879,0.6745735607675906,4825.0,0.5243523316062176,1.0,2530.0,2643.0,0.4623533863034431,0.0008183306055646482,1222.0
0.53,0.22,7468.0,0.5077664702731655,0.6633607254179654,0.844106463878327,0.7537335946481463,0.6431440814140332,0.6758966244725738,0.9306434599156118,0.06935654008438819,0.53,0.22,3792.0,3529.0,263.0,0.699570759984009,0.21906875073788246,0.6269819482421412,0.1786288162828066,0.40567083577104657,0.44032945070673396,3529.0,263.0,3792.0,0.5077664702731655,0.6758966244725738,4825.0,0.5309844559585493,1.0,2562.0,2643.0,0.46538024971623154,0.0008130081300813008,1230.0
0.53,0.23,7468.0,0.5141938939475094,0.6633607254179654,0.8360128617363344,0.7496867935771498,0.6431440814140332,0.67734375,0.9190104166666667,0.08098958333333334,0.53,0.23,3840.0,3529.0,311.0,0.699570759984009,0.21906875073788246,0.6269819482421412,0.18237814675950725,0.407317902373565,0.44775382004261155,3529.0,311.0,3840.0,0.5141938939475094,0.67734375,4825.0,0.538860103626943,1.0,2600.0,2643.0,0.4691638289822172,0.0008064516129032258,1240.0
0.53,0.24,7468.0,0.5204874129619711,0.6633607254179654,0.8296089385474861,0.7464848319827257,0.6431440814140332,0.6786724980704913,0.9078981219449447,0.0921018780550553,0.53,0.24,3887.0,3529.0,358.0,0.699570759984009,0.21906875073788246,0.6269819482421412,0.18599357257632562,0.40895833552187527,0.45479834110479156,3529.0,358.0,3887.0,0.5204874129619711,0.6786724980704913,4825.0,0.5465284974093264,1.0,2637.0,2643.0,0.4729474082482028,0.0008,1250.0
0.53,0.25,7468.0,0.5275843599357257,0.6633607254179654,0.8150851581508516,0.7392229417844085,0.6431440814140332,0.6791878172588832,0.8956852791878173,0.10431472081218274,0.53,0.25,3940.0,3529.0,411.0,0.699570759984009,0.21906875073788246,0.6269819482421412,0.18907337975361538,0.41140672100860864,0.4595777611267052,3529.0,411.0,3940.0,0.5275843599357257,0.6791878172588832,4825.0,0.5544041450777202,1.0,2675.0,2643.0,0.4786227771471812,0.0007905138339920949,1265.0
0.53,0.26,7468.0,0.5352169255490091,0.6633607254179654,0.8012820512820513,0.7323213883500084,0.6431440814140332,0.6795096322241682,0.8829121841381036,0.11708781586189643,0.53,0.26,3997.0,3529.0,468.0,0.699570759984009,0.21906875073788246,0.6269819482421412,0.19215318693090525,0.4141640608612147,0.4639542758281368,3529.0,468.0,3997.0,0.5352169255490091,0.6795096322241682,4825.0,0.5626943005181347,1.0,2715.0,2643.0,0.4850548618993568,0.00078003120124805,1282.0
0.53,0.27,7468.0,0.5455275843599358,0.6633607254179654,0.7944954128440367,0.728928069131001,0.6431440814140332,0.6809032891507119,0.8662248404516446,0.13377515954835542,0.53,0.27,4074.0,3529.0,545.0,0.699570759984009,0.21906875073788246,0.6269819482421412,0.19737546866630962,0.41722422969766876,0.47306808813412604,3529.0,545.0,4074.0,0.5455275843599358,0.6809032891507119,4825.0,0.5747150259067357,1.0,2773.0,2643.0,0.49224366250472945,0.0007686395080707148,1301.0
0.53,0.28,7468.0,0.5551687198714516,0.6633607254179654,0.7909238249594813,0.7271422751887233,0.6431440814140332,0.6823444283646889,0.851181862035697,0.14881813796430293,0.53,0.28,4146.0,3529.0,617.0,0.699570759984009,0.21906875073788246,0.6269819482421412,0.20246384574183188,0.41994337364079204,0.48212177748282287,3529.0,617.0,4146.0,0.5551687198714516,0.6823444283646889,4825.0,0.5861139896373057,1.0,2828.0,2643.0,0.49867574725690506,0.0007587253414264037,1318.0
0.53,0.29,7468.0,0.566148901981789,0.6633607254179654,0.7839771101573677,0.7236689177876665,0.6431440814140332,0.6833017975402081,0.8346736045411542,0.16532639545884578,0.53,0.29,4228.0,3529.0,699.0,0.699570759984009,0.21906875073788246,0.6269819482421412,0.20755222281735408,0.42343634655307694,0.4901615662115529,3529.0,699.0,4228.0,0.566148901981789,0.6833017975402081,4825.0,0.5985492227979274,1.0,2888.0,2643.0,0.5069996216420734,0.0007462686567164179,1340.0
0.53,0.3,7468.0,0.5790037493304767,0.6633607254179654,0.7660377358490567,0.714699230633511,0.6431440814140332,0.6822386679000925,0.8161424606845513,0.18385753931544865,0.53,0.3,4324.0,3529.0,795.0,0.699570759984009,0.21906875073788246,0.6269819482421412,0.21103374397429026,0.42893473009083005,0.49199500336473645,3529.0,795.0,4324.0,0.5790037493304767,0.6822386679000925,4825.0,0.6111917098445596,1.0,2949.0,2643.0,0.5202421490730231,0.0007272727272727272,1375.0
0.53,0.31,7468.0,0.5886448848419925,0.6633607254179654,0.76239907727797,0.7128799013479676,0.6431440814140332,0.6828935395814377,0.8027752502274795,0.19722474977252047,0.53,0.31,4396.0,3529.0,867.0,0.699570759984009,0.21906875073788246,0.6269819482421412,0.21531869309051963,0.4320452474865757,0.49837070154836016,3529.0,867.0,4396.0,0.5886448848419925,0.6828935395814377,4825.0,0.6219689119170985,1.0,3001.0,2643.0,0.5278093076049943,0.0007168458781362007,1395.0
0.53,0.32,7468.0,0.6001606855918586,0.6633607254179654,0.7586568730325288,0.7110087992252472,0.6431440814140332,0.6836233824185631,0.787371709058456,0.21262829094154395,0.53,0.32,4482.0,3529.0,953.0,0.699570759984009,0.21906875073788246,0.6269819482421412,0.22040707016604177,0.43574856019602454,0.5058125035843839,3529.0,953.0,4482.0,0.6001606855918586,0.6836233824185631,4825.0,0.6348186528497409,1.0,3063.0,2643.0,0.5368898978433598,0.0007047216349541931,1419.0
0.53,0.33,7468.0,0.6107391537225495,0.6633607254179654,0.7548449612403101,0.7091028433291378,0.6431440814140332,0.6840605130453847,0.7737338303003727,0.22626616969962726,0.53,0.33,4561.0,3529.0,1032.0,0.699570759984009,0.21906875073788246,0.6269819482421412,0.22482592394215312,0.4392682721187568,0.5118191734124861,3529.0,1032.0,4561.0,0.6107391537225495,0.6840605130453847,4825.0,0.6464248704663212,1.0,3119.0,2643.0,0.5455921301551268,0.0006934812760055479,1442.0
0.53,0.34,7468.0,0.6214515265131226,0.6633607254179654,0.7517985611510791,0.7075796432845223,0.6431440814140332,0.6845507433742728,0.7603964662788192,0.2396035337211808,0.53,0.34,4641.0,3529.0,1112.0,0.699570759984009,0.21906875073788246,0.6269819482421412,0.22937868237814676,0.44276000504504465,0.5180654977063944,3529.0,1112.0,4641.0,0.6214515265131226,0.6845507433742728,4825.0,0.658238341968912,1.0,3176.0,2643.0,0.5542943624668937,0.0006825938566552901,1465.0
0.53,0.35,7468.0,0.6351098018211033,0.6633607254179654,0.7438220757825371,0.7035914006002513,0.6431440814140332,0.683955302551128,0.7440438541007801,0.2559561458992199,0.53,0.35,4743.0,3529.0,1214.0,0.699570759984009,0.21906875073788246,0.6269819482421412,0.23366363149437605,0.44802129989919415,0.5215458094223443,3529.0,1214.0,4743.0,0.6351098018211033,0.683955302551128,4825.0,0.6721243523316062,1.0,3243.0,2643.0,0.5675368898978433,0.0006666666666666666,1500.0
0.53,0.36,7468.0,0.6471612212104981,0.6633607254179654,0.7361963190184049,0.6997785222181852,0.6431440814140332,0.6830126215601076,0.7301882888475068,0.26981171115249325,0.53,0.36,4833.0,3529.0,1304.0,0.699570759984009,0.21906875073788246,0.6269819482421412,0.2368773433315479,0.4529259751211837,0.5229935052149959,3529.0,1304.0,4833.0,0.6471612212104981,0.6830126215601076,4825.0,0.6839378238341969,1.0,3300.0,2643.0,0.5800227014755959,0.0006523157208088715,1533.0
0.53,0.37,7468.0,0.6605516871987145,0.6633607254179654,0.7321937321937322,0.6977772288058488,0.6431440814140332,0.6829515507804581,0.7153861747415365,0.2846138252584634,0.53,0.37,4933.0,3529.0,1404.0,0.699570759984009,0.21906875073788246,0.6269819482421412,0.2416979110873058,0.45763182587720486,0.5281492619618635,3529.0,1404.0,4933.0,0.6605516871987145,0.6829515507804581,4825.0,0.6980310880829016,1.0,3368.0,2643.0,0.5921301551267499,0.0006389776357827476,1565.0
0.53,0.38,7468.0,0.675682913765399,0.6633607254179654,0.7297297297297297,0.6965452275738475,0.6431440814140332,0.6833135156559651,0.6993658343242172,0.30063416567578277,0.53,0.38,5046.0,3529.0,1517.0,0.699570759984009,0.21906875073788246,0.6269819482421412,0.2477236207820032,0.4625793407532355,0.5355267712099409,3529.0,1517.0,5046.0,0.675682913765399,0.6833135156559651,4825.0,0.7144041450777202,1.0,3447.0,2643.0,0.604994324631101,0.0006253908692933083,1599.0
0.53,0.39,7468.0,0.6894750937332619,0.6633607254179654,0.7197530864197531,0.6915569059188593,0.6431440814140332,0.6811031268207419,0.6853758011264324,0.3146241988735677,0.53,0.39,5149.0,3529.0,1620.0,0.699570759984009,0.21906875073788246,0.6269819482421412,0.2497321906802357,0.46890452282582334,0.5325864403594158,3529.0,1620.0,5149.0,0.6894750937332619,0.6811031268207419,4825.0,0.7266321243523316,1.0,3506.0,2643.0,0.6216420734014377,0.0006086427267194157,1643.0
0.53,0.4,7468.0,0.7080878414568827,0.6633607254179654,0.7123365548607163,0.6878486401393409,0.6431440814140332,0.6796520423600605,0.6673600605143721,0.3326399394856278,0.53,0.4,5288.0,3529.0,1759.0,0.699570759984009,0.21906875073788246,0.6269819482421412,0.2544188537761114,0.47627144974309105,0.5341887570908339,3529.0,1759.0,5288.0,0.7080878414568827,0.6796520423600605,4825.0,0.7446632124352331,1.0,3593.0,2643.0,0.641316685584563,0.0005899705014749262,1695.0
0.53,0.41,7468.0,0.7253615425816818,0.6633607254179654,0.7044491525423728,0.6839049389801691,0.6431440814140332,0.6776813734539413,0.6514676019937234,0.34853239800627656,0.53,0.41,5417.0,3529.0,1888.0,0.699570759984009,0.21906875073788246,0.6269819482421412,0.2577664702731655,0.48352614836661956,0.5330972712518571,3529.0,1888.0,5417.0,0.7253615425816818,0.6776813734539413,4825.0,0.7606217616580311,1.0,3670.0,2643.0,0.6609912977676883,0.0005724098454493417,1747.0
0.53,0.42,7468.0,0.7429030530262453,0.6633607254179654,0.7003467062902426,0.681853715854104,0.6431440814140332,0.6768204758471521,0.636085075702956,0.363914924297044,0.53,0.42,5548.0,3529.0,2019.0,0.699570759984009,0.21906875073788246,0.6269819482421412,0.2627209426888055,0.48999087253613194,0.5361751767517516,3529.0,2019.0,5548.0,0.7429030530262453,0.6768204758471521,4825.0,0.7780310880829016,1.0,3754.0,2643.0,0.6787741203178207,0.0005574136008918618,1794.0
0.53,0.43,7468.0,0.7617836100696305,0.6633607254179654,0.6888888888888889,0.6761248071534272,0.6431440814140332,0.6730532606785024,0.6203199156266479,0.3796800843733521,0.53,0.43,5689.0,3529.0,2160.0,0.699570759984009,0.21906875073788246,0.6269819482421412,0.2636582753079807,0.4990617871374494,0.528307881114859,3529.0,2160.0,5689.0,0.7617836100696305,0.6730532606785024,4825.0,0.7933678756476684,1.0,3828.0,2643.0,0.7041241013999243,0.0005373455131649651,1861.0
0.53,0.44,7468.0,0.7838778789501875,0.6633607254179654,0.6843010752688172,0.6738309003433913,0.6431440814140332,0.6716774854800137,0.6028356679193714,0.3971643320806286,0.53,0.44,5854.0,3529.0,2325.0,0.699570759984009,0.21906875073788246,0.6269819482421412,0.2691483663631495,0.5073113011687389,0.5305388737508667,3529.0,2325.0,5854.0,0.7838778789501875,0.6716774854800137,4825.0,0.8147150259067357,1.0,3931.0,2643.0,0.7275822928490352,0.0005200208008320333,1923.0
0.53,0.45,7468.0,0.8082485270487413,0.6633607254179654,0.676505783805345,0.6699332546116552,0.6431440814140332,0.6688204108681246,0.5846587143803844,0.41534128561961564,0.53,0.45,6036.0,3529.0,2507.0,0.699570759984009,0.21906875073788246,0.6269819482421412,0.27289769683985005,0.517373574029874,0.5274674056392614,3529.0,2507.0,6036.0,0.8082485270487413,0.6688204108681246,4825.0,0.8364766839378238,1.0,4036.0,2643.0,0.7567158531971245,0.0005,2000.0
0.53,0.46,7468.0,0.8377075522228173,0.6633607254179654,0.6648331499816649,0.6640969376998151,0.6431440814140332,0.664002557544757,0.5640984654731458,0.4359015345268542,0.53,0.46,6256.0,3529.0,2727.0,0.699570759984009,0.21906875073788246,0.6269819482421412,0.27477236207820027,0.5305351968270423,0.5179154252564655,3529.0,2727.0,6256.0,0.8377075522228173,0.664002557544757,4825.0,0.8607253886010363,1.0,4153.0,2643.0,0.7956867196367764,0.00047551117451260106,2103.0
0.53,0.47,7468.0,0.8668987680771291,0.6633607254179654,0.6560271646859083,0.6596939450519368,0.6431440814140332,0.6600247142415817,0.5451034908866235,0.4548965091133766,0.53,0.47,6474.0,3529.0,2945.0,0.699570759984009,0.21906875073788246,0.6269819482421412,0.2774504552758436,0.5428850305549443,0.5110666893729415,3529.0,2945.0,6474.0,0.8668987680771291,0.6600247142415817,4825.0,0.8851813471502591,1.0,4271.0,2643.0,0.8335225122966327,0.0009078529278256923,2203.0
0.53,0.48,7468.0,0.8948848419925013,0.6633607254179654,0.6487000634115409,0.6560303944147532,0.6431440814140332,0.656441717791411,0.5280562621577136,0.4719437378422864,0.53,0.48,6683.0,3529.0,3154.0,0.699570759984009,0.21906875073788246,0.6269819482421412,0.27999464381360467,0.5544773206267758,0.504970416999385,3529.0,3154.0,6683.0,0.8948848419925013,0.656441717791411,4825.0,0.9092227979274612,0.999316161385913,4387.0,2643.0,0.8687097994702989,0.0013066202090592336,2296.0
0.53,0.49,7468.0,0.9148366363149437,0.6633607254179654,0.641537995761429,0.6524493605896973,0.6431440814140332,0.6528103044496487,0.5165398126463701,0.48346018735363,0.53,0.49,6832.0,3529.0,3303.0,0.699570759984009,0.21906875073788246,0.6269819482421412,0.2795929298339582,0.5635795003728336,0.49610202225062255,3529.0,3303.0,6832.0,0.9148366363149437,0.6528103044496487,4825.0,0.9245595854922279,0.9975341851602779,4461.0,2643.0,0.8970866439651911,0.004217629692113032,2371.0
0.53,0.5,7468.0,0.9314408141403321,0.6633607254179654,0.6381674934344909,0.6507641094262282,0.6431440814140332,0.6509488211615871,0.5073317998849913,0.4926682001150086,0.53,0.5,6956.0,3529.0,3427.0,0.699570759984009,0.21906875073788246,0.6269819482421412,0.28119978575254423,0.5701934006930403,0.4931656266290711,3529.0,3427.0,6956.0,0.9314408141403321,0.6509488211615871,4825.0,0.9398963730569948,0.9922822491730982,4535.0,2643.0,0.9160045402951191,0.011565468814539447,2421.0
0.54,0.2,7468.0,0.4702731655061596,0.6681668166816682,0.8659217877094972,0.7670443021955827,0.6431440814140332,0.678246013667426,0.9490318906605922,0.05096810933940774,0.54,0.2,3512.0,3333.0,179.0,0.699570759984009,0.21906875073788246,0.6269819482421412,0.16764863417246922,0.38898877318869396,0.43098579117897784,3333.0,179.0,3512.0,0.4702731655061596,0.678246013667426,4825.0,0.4936787564766839,1.0,2382.0,2643.0,0.42754445705637534,0.0,1130.0
0.54,0.21,7468.0,0.47616497054097484,0.6681668166816682,0.852017937219731,0.7600923769506995,0.6431440814140332,0.6796962879640045,0.9372890888638921,0.06271091113610798,0.54,0.21,3556.0,3333.0,223.0,0.699570759984009,0.21906875073788246,0.6269819482421412,0.17113015532940545,0.39053477131464837,0.43819441417043065,3333.0,223.0,3556.0,0.47616497054097484,0.6796962879640045,4825.0,0.5009326424870466,1.0,2417.0,2643.0,0.43094967839576237,0.0,1139.0
0.54,0.22,7468.0,0.4815211569362614,0.6681668166816682,0.844106463878327,0.7561366402799976,0.6431440814140332,0.6810344827586207,0.9268631813125695,0.07313681868743048,0.54,0.22,3596.0,3333.0,263.0,0.699570759984009,0.21906875073788246,0.6269819482421412,0.17434386716657738,0.3919038719952152,0.4448638546972712,3333.0,263.0,3596.0,0.4815211569362614,0.6810344827586207,4825.0,0.5075647668393782,1.0,2449.0,2643.0,0.4339765418085509,0.0,1147.0
0.54,0.23,7468.0,0.48794858061060525,0.6681668166816682,0.8360128617363344,0.7520898392090013,0.6431440814140332,0.6824917672886938,0.9146542261251372,0.0853457738748628,0.54,0.23,3644.0,3333.0,311.0,0.699570759984009,0.21906875073788246,0.6269819482421412,0.178093197643278,0.3936085510804658,0.45246272509681895,3333.0,311.0,3644.0,0.48794858061060525,0.6824917672886938,4825.0,0.515440414507772,1.0,2487.0,2643.0,0.4377601210745365,0.0,1157.0
0.54,0.24,7468.0,0.49424209962506693,0.6681668166816682,0.8296089385474861,0.7488878776145771,0.6431440814140332,0.6838255215388783,0.9030073150907613,0.0969926849092387,0.54,0.24,3691.0,3333.0,358.0,0.699570759984009,0.21906875073788246,0.6269819482421412,0.18170862346009636,0.3953058791397938,0.4596658766004285,3333.0,358.0,3691.0,0.49424209962506693,0.6838255215388783,4825.0,0.5231088082901555,1.0,2524.0,2643.0,0.44154370034052215,0.0,1167.0
0.54,0.25,7468.0,0.5013390465988217,0.6681668166816682,0.8150851581508516,0.7416259874162598,0.6431440814140332,0.6842948717948718,0.8902243589743589,0.10977564102564102,0.54,0.25,3744.0,3333.0,411.0,0.699570759984009,0.21906875073788246,0.6269819482421412,0.1847884306373862,0.3978382937585543,0.46448125667242385,3333.0,411.0,3744.0,0.5013390465988217,0.6842948717948718,4825.0,0.5309844559585493,1.0,2562.0,2643.0,0.44721906923950056,0.0,1182.0
0.54,0.26,7468.0,0.508971612212105,0.6681668166816682,0.8012820512820513,0.7347244339818597,0.6431440814140332,0.6845566956064194,0.8768745067087609,0.12312549329123915,0.54,0.26,3801.0,3333.0,468.0,0.699570759984009,0.21906875073788246,0.6269819482421412,0.187868237814676,0.40068901557032294,0.46886295983750065,3333.0,468.0,3801.0,0.508971612212105,0.6845566956064194,4825.0,0.5392746113989637,1.0,2602.0,2643.0,0.4536511539916761,0.0,1199.0
0.54,0.27,7468.0,0.5192822710230316,0.6681668166816682,0.7944954128440367,0.7313311147628525,0.6431440814140332,0.6859205776173285,0.8594636410520887,0.1405363589479113,0.54,0.27,3878.0,3333.0,545.0,0.699570759984009,0.21906875073788246,0.6269819482421412,0.1930905195500803,0.4038513039925408,0.478122808175077,3333.0,545.0,3878.0,0.5192822710230316,0.6859205776173285,4825.0,0.5512953367875648,1.0,2660.0,2643.0,0.4608399545970488,0.0,1218.0
0.54,0.28,7468.0,0.5289234065345474,0.6681668166816682,0.7909238249594813,0.7295453208205748,0.6431440814140332,0.6873417721518987,0.8437974683544304,0.15620253164556963,0.54,0.28,3950.0,3333.0,617.0,0.699570759984009,0.21906875073788246,0.6269819482421412,0.19817889662560256,0.4066598762534514,0.48733329300008754,3333.0,617.0,3950.0,0.5289234065345474,0.6873417721518987,4825.0,0.5626943005181347,1.0,2715.0,2643.0,0.46727203934922434,0.0,1235.0
0.54,0.29,7468.0,0.5399035886448849,0.6681668166816682,0.7839771101573677,0.726071963419518,0.6431440814140332,0.6882440476190477,0.8266369047619048,0.17336309523809523,0.54,0.29,4032.0,3333.0,699.0,0.699570759984009,0.21906875073788246,0.6269819482421412,0.20326727370112485,0.4102659594359249,0.49545244743336064,3333.0,699.0,4032.0,0.5399035886448849,0.6882440476190477,4825.0,0.5751295336787565,1.0,2775.0,2643.0,0.47559591373439275,0.0,1257.0
0.54,0.3,7468.0,0.5527584359935725,0.6681668166816682,0.7660377358490567,0.7171022762653625,0.6431440814140332,0.687015503875969,0.8074127906976745,0.1925872093023256,0.54,0.3,4128.0,3333.0,795.0,0.699570759984009,0.21906875073788246,0.6269819482421412,0.20674879485806105,0.415938481710644,0.497065801672782,3333.0,795.0,4128.0,0.5527584359935725,0.687015503875969,4825.0,0.5877720207253886,1.0,2836.0,2643.0,0.4888384411653424,0.0,1292.0
0.54,0.31,7468.0,0.5623995715050883,0.6681668166816682,0.76239907727797,0.7152829469798191,0.6431440814140332,0.6876190476190476,0.7935714285714286,0.20642857142857143,0.54,0.31,4200.0,3333.0,867.0,0.699570759984009,0.21906875073788246,0.6269819482421412,0.21103374397429026,0.41914545657253527,0.5034857008828624,3333.0,867.0,4200.0,0.5623995715050883,0.6876190476190476,4825.0,0.5985492227979274,1.0,2888.0,2643.0,0.4964055996973137,0.0,1312.0
0.54,0.32,7468.0,0.5739153722549545,0.6681668166816682,0.7586568730325288,0.7134118448570985,0.6431440814140332,0.6882874475034998,0.7776481567895474,0.22235184321045265,0.54,0.32,4286.0,3333.0,953.0,0.699570759984009,0.21906875073788246,0.6269819482421412,0.21612212104981257,0.42296173065960824,0.5109732285064429,3333.0,953.0,4286.0,0.5739153722549545,0.6882874475034998,4825.0,0.6113989637305699,1.0,2950.0,2643.0,0.5054861899356792,0.0,1336.0
0.54,0.33,7468.0,0.5844938403856454,0.6681668166816682,0.7548449612403101,0.7115058889609891,0.6431440814140332,0.688659793814433,0.763573883161512,0.23642611683848797,0.54,0.33,4365.0,3333.0,1032.0,0.699570759984009,0.21906875073788246,0.6269819482421412,0.22054097482592394,0.4265869580517679,0.5169894922084338,3333.0,1032.0,4365.0,0.5844938403856454,0.688659793814433,4825.0,0.6230051813471502,1.0,3006.0,2643.0,0.5141884222474461,0.0,1359.0
0.54,0.34,7468.0,0.5952062131762186,0.6681668166816682,0.7517985611510791,0.7099826889163736,0.6431440814140332,0.6890888638920135,0.7498312710911136,0.25016872890888636,0.54,0.34,4445.0,3333.0,1112.0,0.699570759984009,0.21906875073788246,0.6269819482421412,0.22509373326191756,0.43018163600640896,0.5232527714376075,3333.0,1112.0,4445.0,0.5952062131762186,0.6890888638920135,4825.0,0.6348186528497409,1.0,3063.0,2643.0,0.522890654559213,0.0,1382.0
0.54,0.35,7468.0,0.6088644884841993,0.6681668166816682,0.7438220757825371,0.7059944462321026,0.6431440814140332,0.6883659555751045,0.7330107763360457,0.2669892236639543,0.54,0.35,4547.0,3333.0,1214.0,0.699570759984009,0.21906875073788246,0.6269819482421412,0.2293786823781468,0.43559488409877617,0.5265871816945686,3333.0,1214.0,4547.0,0.6088644884841993,0.6883659555751045,4825.0,0.6487046632124353,1.0,3130.0,2643.0,0.5361331819901627,0.0,1417.0
0.54,0.36,7468.0,0.620915907873594,0.6681668166816682,0.7361963190184049,0.7021815678500365,0.6431440814140332,0.6872978218675868,0.7187836963554022,0.2812163036445978,0.54,0.36,4637.0,3333.0,1304.0,0.699570759984009,0.21906875073788246,0.6269819482421412,0.2325923942153187,0.4406378976315333,0.5278538125420507,3333.0,1304.0,4637.0,0.620915907873594,0.6872978218675868,4825.0,0.660518134715026,1.0,3187.0,2643.0,0.5486189935679152,0.0,1450.0
0.54,0.37,7468.0,0.6343063738618104,0.6681668166816682,0.7321937321937322,0.7001802744377001,0.6431440814140332,0.6871437618746041,0.7036098796706777,0.2963901203293224,0.54,0.37,4737.0,3333.0,1404.0,0.699570759984009,0.21906875073788246,0.6269819482421412,0.23741296197107656,0.44547357491254963,0.5329451068285763,3333.0,1404.0,4737.0,0.6343063738618104,0.6871437618746041,4825.0,0.6746113989637306,1.0,3255.0,2643.0,0.5607264472190693,0.0,1482.0
0.54,0.38,7468.0,0.649437600428495,0.6681668166816682,0.7297297297297297,0.698948273205699,0.6431440814140332,0.6874226804123711,0.6872164948453608,0.31278350515463915,0.54,0.38,4850.0,3333.0,1517.0,0.699570759984009,0.21906875073788246,0.6269819482421412,0.24343867166577393,0.4505546186439115,0.5403089028328699,3333.0,1517.0,4850.0,0.649437600428495,0.6874226804123711,4825.0,0.6909844559585492,1.0,3334.0,2643.0,0.5735906167234204,0.0,1516.0
0.54,0.39,7468.0,0.6632297803963578,0.6681668166816682,0.7197530864197531,0.6939599515507107,0.6431440814140332,0.6850393700787402,0.6729254996971532,0.32707450030284674,0.54,0.39,4953.0,3333.0,1620.0,0.699570759984009,0.21906875073788246,0.6269819482421412,0.24544724156400644,0.45704624428626006,0.5370293370363555,3333.0,1620.0,4953.0,0.6632297803963578,0.6850393700787402,4825.0,0.7032124352331606,1.0,3393.0,2643.0,0.5902383654937571,0.0,1560.0
0.54,0.4,7468.0,0.6818425281199786,0.6681668166816682,0.7123365548607163,0.6902516857711922,0.6431440814140332,0.6834249803613511,0.6545561665357423,0.34544383346425767,0.54,0.4,5092.0,3333.0,1759.0,0.699570759984009,0.21906875073788246,0.6269819482421412,0.25013390465988217,0.46460123948397747,0.5383840665980583,3333.0,1759.0,5092.0,0.6818425281199786,0.6834249803613511,4825.0,0.7212435233160622,1.0,3480.0,2643.0,0.6099129776768824,0.0,1612.0
0.54,0.41,7468.0,0.6991162292447777,0.6681668166816682,0.7044491525423728,0.6863079846120206,0.6431440814140332,0.6812871097490902,0.6383834514460831,0.3616165485539169,0.54,0.41,5221.0,3333.0,1888.0,0.699570759984009,0.21906875073788246,0.6269819482421412,0.2534815211569363,0.47203533135128845,0.5369969244278782,3333.0,1888.0,5221.0,0.6991162292447777,0.6812871097490902,4825.0,0.73720207253886,1.0,3557.0,2643.0,0.6295875898600075,0.0,1664.0
0.54,0.42,7468.0,0.7166577396893412,0.6681668166816682,0.7003467062902426,0.6842567614859554,0.6431440814140332,0.6803064275037369,0.6227578475336323,0.3772421524663677,0.54,0.42,5352.0,3333.0,2019.0,0.699570759984009,0.21906875073788246,0.6269819482421412,0.25843599357257635,0.4786552758075298,0.5399209130967462,3333.0,2019.0,5352.0,0.7166577396893412,0.6803064275037369,4825.0,0.7546113989637305,1.0,3641.0,2643.0,0.64737041241014,0.0,1711.0
0.54,0.43,7468.0,0.7355382967327263,0.6681668166816682,0.6888888888888889,0.6785278527852785,0.6431440814140332,0.6763153103950482,0.6067722555980338,0.3932277444019661,0.54,0.43,5493.0,3333.0,2160.0,0.699570759984009,0.21906875073788246,0.6269819482421412,0.25937332619175146,0.48793696854254387,0.5315713768655271,3333.0,2160.0,5493.0,0.7355382967327263,0.6763153103950482,4825.0,0.7699481865284974,1.0,3715.0,2643.0,0.6727203934922437,0.0,1778.0
0.54,0.44,7468.0,0.7576325656132833,0.6681668166816682,0.6843010752688172,0.6762339459752427,0.6431440814140332,0.6747967479674797,0.5890774125132555,0.41092258748674443,0.54,0.44,5658.0,3333.0,2325.0,0.699570759984009,0.21906875073788246,0.6269819482421412,0.2648634172469202,0.4963714074996479,0.5335992630621216,3333.0,2325.0,5658.0,0.7576325656132833,0.6747967479674797,4825.0,0.7912953367875648,1.0,3818.0,2643.0,0.6961785849413545,0.0,1840.0
0.54,0.45,7468.0,0.7820032137118371,0.6681668166816682,0.676505783805345,0.6723363002435065,0.6431440814140332,0.6717465753424657,0.5707191780821917,0.4292808219178082,0.54,0.45,5840.0,3333.0,2507.0,0.699570759984009,0.21906875073788246,0.6269819482421412,0.26861274772362076,0.5066509972299553,0.5301731353381796,3333.0,2507.0,5840.0,0.7820032137118371,0.6717465753424657,4825.0,0.8130569948186529,1.0,3923.0,2643.0,0.7253121452894438,0.0,1917.0
0.54,0.46,7468.0,0.8114622388859132,0.6681668166816682,0.6648331499816649,0.6664999833316665,0.6431440814140332,0.6666666666666666,0.55,0.45,0.54,0.46,6060.0,3333.0,2727.0,0.699570759984009,0.21906875073788246,0.6269819482421412,0.270487412961971,0.5200840441332257,0.5200840441332255,3333.0,2727.0,6060.0,0.8114622388859132,0.6666666666666666,4825.0,0.8373056994818653,1.0,4040.0,2643.0,0.7642830117290957,0.0,2020.0
0.54,0.47,7468.0,0.840653454740225,0.6681668166816682,0.6560271646859083,0.6620969906837882,0.6431440814140332,0.6624721248805352,0.5309015610066901,0.46909843899331,0.54,0.47,6278.0,3333.0,2945.0,0.699570759984009,0.21906875073788246,0.6269819482421412,0.2731655061596144,0.5326762377751662,0.5128171425490037,3333.0,2945.0,6278.0,0.840653454740225,0.6624721248805352,4825.0,0.8617616580310881,1.0,4158.0,2643.0,0.802118804388952,0.0004716981132075472,2120.0
0.54,0.48,7468.0,0.8686395286555972,0.6681668166816682,0.6487000634115409,0.6584334400466045,0.6431440814140332,0.6587020194234623,0.513796824418067,0.4862031755819331,0.54,0.48,6487.0,3333.0,3154.0,0.699570759984009,0.21906875073788246,0.6269819482421412,0.27570969469737544,0.5444859199089641,0.506366986943341,3333.0,3154.0,6487.0,0.8686395286555972,0.6587020194234623,4825.0,0.8858031088082902,0.9992980814225549,4274.0,2643.0,0.8373060915626183,0.0009037505648441031,2213.0
0.54,0.49,7468.0,0.8885913229780397,0.6681668166816682,0.641537995761429,0.6548524062215486,0.6431440814140332,0.6549125979505727,0.5022603978300181,0.4977396021699819,0.54,0.49,6636.0,3333.0,3303.0,0.699570759984009,0.21906875073788246,0.6269819482421412,0.27530798071772905,0.5537523554172527,0.49716805359732397,3333.0,3303.0,6636.0,0.8885913229780397,0.6549125979505727,4825.0,0.901139896373057,0.9974701011959521,4348.0,2643.0,0.8656829360575105,0.003933566433566434,2288.0
0.54,0.5,7468.0,0.9051955008034279,0.6681668166816682,0.6381674934344909,0.6531671550580795,0.6431440814140332,0.6529585798816568,0.4930473372781065,0.5069526627218935,0.54,0.5,6760.0,3333.0,3427.0,0.699570759984009,0.21906875073788246,0.6269819482421412,0.276914836636315,0.5604822317286753,0.49406532617855964,3333.0,3427.0,6760.0,0.9051955008034279,0.6529585798816568,4825.0,0.9164766839378239,0.9920850293984622,4422.0,2643.0,0.8846008323874385,0.011548331907613344,2338.0
0.55,0.2,7468.0,0.4440278521692555,0.676761236850494,0.8659217877094972,0.7713415122799956,0.6431440814140332,0.6869722557297949,0.9460193003618818,0.05398069963811822,0.55,0.2,3316.0,3137.0,179.0,0.699570759984009,0.21906875073788246,0.6269819482421412,0.16604177825388322,0.3728176993621496,0.44536989133821325,3137.0,179.0,3316.0,0.4440278521692555,0.6869722557297949,4825.0,0.4721243523316062,1.0,2278.0,2643.0,0.3927355278093076,0.0,1038.0
0.55,0.21,7468.0,0.4499196572040707,0.676761236850494,0.852017937219731,0.7643895870351125,0.6431440814140332,0.6883928571428571,0.9336309523809524,0.06636904761904762,0.55,0.21,3360.0,3137.0,223.0,0.699570759984009,0.21906875073788246,0.6269819482421412,0.16952329941081948,0.3744304727137277,0.4527497406452524,3137.0,223.0,3360.0,0.4499196572040707,0.6883928571428571,4825.0,0.4793782383419689,1.0,2313.0,2643.0,0.3961407491486947,0.0,1047.0
0.55,0.22,7468.0,0.45527584359935724,0.676761236850494,0.844106463878327,0.7604338503644106,0.6431440814140332,0.6897058823529412,0.9226470588235294,0.07735294117647058,0.55,0.22,3400.0,3137.0,263.0,0.699570759984009,0.21906875073788246,0.6269819482421412,0.17273701124799143,0.3758582394675989,0.45958021697933893,3137.0,263.0,3400.0,0.45527584359935724,0.6897058823529412,4825.0,0.48601036269430054,1.0,2345.0,2643.0,0.39916761256148314,0.0,1055.0
0.55,0.23,7468.0,0.46170326727370115,0.676761236850494,0.8360128617363344,0.7563870492934142,0.6431440814140332,0.6911252900232019,0.9098027842227379,0.09019721577726218,0.55,0.23,3448.0,3137.0,311.0,0.699570759984009,0.21906875073788246,0.6269819482421412,0.17648634172469205,0.37763535689141253,0.4673459158524713,3137.0,311.0,3448.0,0.46170326727370115,0.6911252900232019,4825.0,0.4938860103626943,1.0,2383.0,2643.0,0.4029511918274688,0.0,1065.0
0.55,0.24,7468.0,0.4679967862881628,0.676761236850494,0.8296089385474861,0.7531850876989901,0.6431440814140332,0.6924177396280401,0.8975679542203148,0.10243204577968526,0.55,0.24,3495.0,3137.0,358.0,0.699570759984009,0.21906875073788246,0.6269819482421412,0.18010176754151047,0.37940415044293624,0.4746963556704645,3137.0,358.0,3495.0,0.4679967862881628,0.6924177396280401,4825.0,0.5015544041450777,1.0,2420.0,2643.0,0.4067347710934544,0.0,1075.0
0.55,0.25,7468.0,0.4750937332619175,0.676761236850494,0.8150851581508516,0.7459231975006728,0.6431440814140332,0.6927846674182638,0.8841600901916573,0.11583990980834273,0.55,0.25,3548.0,3137.0,411.0,0.699570759984009,0.21906875073788246,0.6269819482421412,0.18318157471880023,0.38204198626794755,0.4794802176280297,3137.0,411.0,3548.0,0.4750937332619175,0.6927846674182638,4825.0,0.5094300518134715,1.0,2458.0,2643.0,0.41241013999243287,0.0,1090.0
0.55,0.26,7468.0,0.48272629887520085,0.676761236850494,0.8012820512820513,0.7390216440662727,0.6431440814140332,0.6929264909847435,0.8701803051317615,0.12981969486823855,0.55,0.26,3605.0,3137.0,468.0,0.699570759984009,0.21906875073788246,0.6269819482421412,0.18626138189609004,0.3850096862282239,0.4837836256038479,3137.0,468.0,3605.0,0.48272629887520085,0.6929264909847435,4825.0,0.517720207253886,1.0,2498.0,2643.0,0.4188422247446084,0.0,1107.0
0.55,0.27,7468.0,0.4930369576861275,0.676761236850494,0.7944954128440367,0.7356283248472654,0.6431440814140332,0.6941879413362303,0.8519826181423139,0.14801738185768604,0.55,0.27,3682.0,3137.0,545.0,0.699570759984009,0.21906875073788246,0.6269819482421412,0.19148366363149436,0.38829968713265345,0.4931337056835651,3137.0,545.0,3682.0,0.4930369576861275,0.6941879413362303,4825.0,0.529740932642487,1.0,2556.0,2643.0,0.4260310253499811,0.0,1126.0
0.55,0.28,7468.0,0.5026780931976432,0.676761236850494,0.7909238249594813,0.7338425309049876,0.6431440814140332,0.6955247735748535,0.8356419818859883,0.1643580181140117,0.55,0.28,3754.0,3137.0,617.0,0.699570759984009,0.21906875073788246,0.6269819482421412,0.19657204070701664,0.39121992056299143,0.5024591805655919,3137.0,617.0,3754.0,0.5026780931976432,0.6955247735748535,4825.0,0.541139896373057,1.0,2611.0,2643.0,0.43246311010215666,0.0,1143.0
0.55,0.29,7468.0,0.5136582753079807,0.676761236850494,0.7839771101573677,0.7303691735039308,0.6431440814140332,0.6962982273201251,0.8177789363920751,0.18222106360792492,0.55,0.29,3836.0,3137.0,699.0,0.699570759984009,0.21906875073788246,0.6269819482421412,0.20166041778253882,0.3949669970550969,0.5105753627167176,3137.0,699.0,3836.0,0.5136582753079807,0.6962982273201251,4825.0,0.5535751295336787,1.0,2671.0,2643.0,0.440786984487325,0.0,1165.0
0.55,0.3,7468.0,0.5265131226566685,0.676761236850494,0.7660377358490567,0.7213994863497754,0.6431440814140332,0.6948118006103764,0.7978128179043744,0.20218718209562564,0.55,0.3,3932.0,3137.0,795.0,0.699570759984009,0.21906875073788246,0.6269819482421412,0.2051419389394751,0.40085607374542387,0.5117595874816577,3137.0,795.0,3932.0,0.5265131226566685,0.6948118006103764,4825.0,0.5662176165803109,1.0,2732.0,2643.0,0.4540295119182747,0.0,1200.0
0.55,0.31,7468.0,0.5361542581681843,0.676761236850494,0.76239907727797,0.719580157064232,0.6431440814140332,0.6953046953046953,0.7834665334665335,0.21653346653346653,0.55,0.31,4004.0,3137.0,867.0,0.699570759984009,0.21906875073788246,0.6269819482421412,0.20942688805570434,0.40418273720712017,0.5181490172065049,3137.0,867.0,4004.0,0.5361542581681843,0.6953046953046953,4825.0,0.5769948186528497,1.0,2784.0,2643.0,0.46159667045024594,0.0,1220.0
0.55,0.32,7468.0,0.5476700589180503,0.676761236850494,0.7586568730325288,0.7177090549415115,0.6431440814140332,0.6958435207823961,0.7669926650366748,0.23300733496332518,0.55,0.32,4090.0,3137.0,953.0,0.699570759984009,0.21906875073788246,0.6269819482421412,0.21451526513122654,0.40813894312281923,0.5255937193591289,3137.0,953.0,4090.0,0.5476700589180503,0.6958435207823961,4825.0,0.5898445595854922,1.0,2846.0,2643.0,0.47067726068861143,0.0,1244.0
0.55,0.33,7468.0,0.5582485270487413,0.676761236850494,0.7548449612403101,0.7158030990454021,0.6431440814140332,0.6960901894938835,0.7524586231710242,0.24754137682897578,0.55,0.33,4169.0,3137.0,1032.0,0.699570759984009,0.21906875073788246,0.6269819482421412,0.21893411890733802,0.4118946516655705,0.53152940447767,3137.0,1032.0,4169.0,0.5582485270487413,0.6960901894938835,4825.0,0.6014507772020725,1.0,2902.0,2643.0,0.47937949300037835,0.0,1267.0
0.55,0.34,7468.0,0.5689608998393144,0.676761236850494,0.7517985611510791,0.7142798990007866,0.6431440814140332,0.6963991527418216,0.7382913626735702,0.26170863732642974,0.55,0.34,4249.0,3137.0,1112.0,0.699570759984009,0.21906875073788246,0.6269819482421412,0.22348687734333159,0.4156164232173597,0.5377238839920724,3137.0,1112.0,4249.0,0.5689608998393144,0.6963991527418216,4825.0,0.6132642487046632,1.0,2959.0,2643.0,0.4880817253121453,0.0,1290.0
0.55,0.35,7468.0,0.5826191751472951,0.676761236850494,0.7438220757825371,0.7102916563165156,0.6431440814140332,0.6954723052171915,0.7209836819122041,0.2790163180877959,0.55,0.35,4351.0,3137.0,1214.0,0.699570759984009,0.21906875073788246,0.6269819482421412,0.22777182645956084,0.42121689703033893,0.5407471259234768,3137.0,1214.0,4351.0,0.5826191751472951,0.6954723052171915,4825.0,0.6271502590673576,1.0,3026.0,2643.0,0.501324252743095,0.0,1325.0
0.55,0.36,7468.0,0.5946705945366899,0.676761236850494,0.7361963190184049,0.7064787779344495,0.6431440814140332,0.6942130150866922,0.7063724386399459,0.293627561360054,0.55,0.36,4441.0,3137.0,1304.0,0.699570759984009,0.21906875073788246,0.6269819482421412,0.23098553829673274,0.42642998032499846,0.5416728395144494,3137.0,1304.0,4441.0,0.5946705945366899,0.6942130150866922,4825.0,0.6389637305699482,1.0,3083.0,2643.0,0.5138100643208475,0.0,1358.0
0.55,0.37,7468.0,0.6080610605249063,0.676761236850494,0.7321937321937322,0.7044774845221131,0.6431440814140332,0.6939000220215812,0.6908170006606474,0.30918299933935256,0.55,0.37,4541.0,3137.0,1404.0,0.699570759984009,0.21906875073788246,0.6269819482421412,0.23580610605249067,0.4314249381250553,0.5465750475095127,3137.0,1404.0,4541.0,0.6080610605249063,0.6939000220215812,4825.0,0.6530569948186529,1.0,3151.0,2643.0,0.5259175179720015,0.0,1390.0
0.55,0.38,7468.0,0.6231922870915908,0.676761236850494,0.7297297297297297,0.7032454832901118,0.6431440814140332,0.6940266437473142,0.6740438332617104,0.32595616673828964,0.55,0.38,4654.0,3137.0,1517.0,0.699570759984009,0.21906875073788246,0.6269819482421412,0.24183181574718804,0.43666948104052494,0.5538097491286434,3137.0,1517.0,4654.0,0.6231922870915908,0.6940266437473142,4825.0,0.6694300518134715,1.0,3230.0,2643.0,0.5387816874763526,0.0,1424.0
0.55,0.39,7468.0,0.6369844670594537,0.676761236850494,0.7197530864197531,0.6982571616351236,0.6431440814140332,0.6914021442085347,0.659449232709691,0.34055076729030903,0.55,0.39,4757.0,3137.0,1620.0,0.699570759984009,0.21906875073788246,0.6269819482421412,0.2438403856454204,0.4433644558453199,0.5499772984293783,3137.0,1620.0,4757.0,0.6369844670594537,0.6914021442085347,4825.0,0.6816580310880829,1.0,3289.0,2643.0,0.5554294362466894,0.0,1468.0
0.55,0.4,7468.0,0.6555972147830744,0.676761236850494,0.7123365548607163,0.6945488958556052,0.6431440814140332,0.6895424836601307,0.6407271241830066,0.35927287581699346,0.55,0.4,4896.0,3137.0,1759.0,0.699570759984009,0.21906875073788246,0.6269819482421412,0.24852704874129616,0.4511486263094338,0.5508762173883611,3137.0,1759.0,4896.0,0.6555972147830744,0.6895424836601307,4825.0,0.6996891191709844,1.0,3376.0,2643.0,0.5751040484298146,0.0,1520.0
0.55,0.41,7468.0,0.6728709159078736,0.676761236850494,0.7044491525423728,0.6906051946964334,0.6431440814140332,0.6871641791044776,0.6242786069651741,0.3757213930348259,0.55,0.41,5025.0,3137.0,1888.0,0.699570759984009,0.21906875073788246,0.6269819482421412,0.2518746652383503,0.45880074687685685,0.5489848631522695,3137.0,1888.0,5025.0,0.6728709159078736,0.6871641791044776,4825.0,0.7156476683937824,1.0,3453.0,2643.0,0.5947786606129398,0.0,1572.0
0.55,0.42,7468.0,0.690412426352437,0.676761236850494,0.7003467062902426,0.6885539715703684,0.6431440814140332,0.6859968968192397,0.6084173778122576,0.3915826221877424,0.55,0.42,5156.0,3137.0,2019.0,0.699570759984009,0.21906875073788246,0.6269819482421412,0.25682913765399035,0.46560889633814273,0.5515984330923767,3137.0,2019.0,5156.0,0.690412426352437,0.6859968968192397,4825.0,0.7330569948186528,1.0,3537.0,2643.0,0.6125614831630722,0.0,1619.0
0.55,0.43,7468.0,0.7092929833958221,0.676761236850494,0.6888888888888889,0.6828250628696915,0.6431440814140332,0.6817066263922975,0.5922220124598829,0.40777798754011707,0.55,0.43,5297.0,3137.0,2160.0,0.699570759984009,0.21906875073788246,0.6269819482421412,0.25776647027316546,0.47514551093462765,0.542500064382656,3137.0,2160.0,5297.0,0.7092929833958221,0.6817066263922975,4825.0,0.7483937823834197,1.0,3611.0,2643.0,0.637911464245176,0.0,1686.0
0.55,0.44,7468.0,0.7313872522763792,0.676761236850494,0.6843010752688172,0.6805311560596556,0.6431440814140332,0.6799707067008421,0.5743317466129623,0.42566825338703773,0.55,0.44,5462.0,3137.0,2325.0,0.699570759984009,0.21906875073788246,0.6269819482421412,0.2632565613283342,0.4838030027542435,0.5441399905119236,3137.0,2325.0,5462.0,0.7313872522763792,0.6799707067008421,4825.0,0.769740932642487,1.0,3714.0,2643.0,0.6613696556942867,0.0,1748.0
0.55,0.45,7468.0,0.7557579003749331,0.676761236850494,0.676505783805345,0.6766335103279195,0.6431440814140332,0.6766477675407513,0.5558114812189936,0.4441885187810064,0.55,0.45,5644.0,3137.0,2507.0,0.699570759984009,0.21906875073788246,0.6269819482421412,0.26700589180503487,0.4943440141085448,0.540121624182158,3137.0,2507.0,5644.0,0.7557579003749331,0.6766477675407513,4825.0,0.7915025906735751,1.0,3819.0,2643.0,0.6905032160423761,0.0,1825.0
0.55,0.46,7468.0,0.7852169255490091,0.676761236850494,0.6648331499816649,0.6707971934160795,0.6431440814140332,0.6712141882673943,0.5349590723055935,0.4650409276944065,0.55,0.46,5864.0,3137.0,2727.0,0.699570759984009,0.21906875073788246,0.6269819482421412,0.2688805570433852,0.5081025332084185,0.5291856258726684,3137.0,2727.0,5864.0,0.7852169255490091,0.6712141882673943,4825.0,0.8157512953367876,1.0,3936.0,2643.0,0.729474082482028,0.0,1928.0
0.55,0.47,7468.0,0.8144081414033209,0.676761236850494,0.6560271646859083,0.6663942007682011,0.6431440814140332,0.6667214731996054,0.5157842814863531,0.4842157185136468,0.55,0.47,6082.0,3137.0,2945.0,0.699570759984009,0.21906875073788246,0.6269819482421412,0.2715586502410284,0.520984400516125,0.5212414229140117,3137.0,2945.0,6082.0,0.8144081414033209,0.6667214731996054,4825.0,0.8402072538860104,1.0,4054.0,2643.0,0.7673098751418842,0.0004930966469428008,2028.0
0.55,0.48,7468.0,0.8423942153186931,0.676761236850494,0.6487000634115409,0.6627306501310175,0.6431440814140332,0.662692735654109,0.4986488634557304,0.5013511365442695,0.55,0.48,6291.0,3137.0,3154.0,0.699570759984009,0.21906875073788246,0.6269819482421412,0.27410283877878944,0.5330531758370377,0.514212936351751,3137.0,3154.0,6291.0,0.8423942153186931,0.662692735654109,4825.0,0.8642487046632125,0.9992805755395684,4170.0,2643.0,0.8024971623155505,0.000942951438000943,2121.0
0.55,0.49,7468.0,0.8623460096411355,0.676761236850494,0.641537995761429,0.6591496163059616,0.6431440814140332,0.658695652173913,0.487111801242236,0.5128881987577639,0.55,0.49,6440.0,3137.0,3303.0,0.699570759984009,0.21906875073788246,0.6269819482421412,0.27370112479914294,0.5425149236850506,0.5045043239364163,3137.0,3303.0,6440.0,0.8623460096411355,0.658695652173913,4825.0,0.8795854922279793,0.9974081055607917,4244.0,2643.0,0.8308740068104427,0.004098360655737705,2196.0
0.55,0.5,7468.0,0.8789501874665239,0.676761236850494,0.6381674934344909,0.6574643651424925,0.6431440814140332,0.6566118220597197,0.4779098110907983,0.5220901889092017,0.55,0.5,6564.0,3137.0,3427.0,0.699570759984009,0.21906875073788246,0.6269819482421412,0.275307980717729,0.5493824745788651,0.5011226121269508,3137.0,3427.0,6564.0,0.8789501874665239,0.6566118220597197,4825.0,0.8949222797927461,0.991894395553497,4318.0,2643.0,0.8497919031403708,0.012021371326803205,2246.0
0.56,0.2,7468.0,0.4204606320299946,0.6865923674434313,0.8659217877094972,0.7762570775764643,0.6431440814140332,0.6968152866242038,0.9429936305732484,0.057006369426751594,0.56,0.2,3140.0,2961.0,179.0,0.699570759984009,0.21906875073788246,0.6269819482421412,0.16550615961435453,0.3570395443194213,0.4635513411542066,2961.0,179.0,3140.0,0.4204606320299946,0.6968152866242038,4825.0,0.4534715025906736,1.0,2188.0,2643.0,0.3601967461218313,0.0,952.0
0.56,0.21,7468.0,0.42635243706480985,0.6865923674434313,0.852017937219731,0.7693051523315811,0.6431440814140332,0.698178391959799,0.929962311557789,0.07003768844221106,0.56,0.21,3184.0,2961.0,223.0,0.699570759984009,0.21906875073788246,0.6269819482421412,0.16898768077129087,0.35872326122898623,0.4710809112080965,2961.0,223.0,3184.0,0.42635243706480985,0.698178391959799,4825.0,0.4607253886010363,1.0,2223.0,2643.0,0.3636019674612183,0.0,961.0
0.56,0.22,7468.0,0.4317086234600964,0.6865923674434313,0.844106463878327,0.7653494156608791,0.6431440814140332,0.6994416873449132,0.918424317617866,0.081575682382134,0.56,0.22,3224.0,2961.0,263.0,0.699570759984009,0.21906875073788246,0.6269819482421412,0.17220139260846282,0.36021329157294685,0.47805396590589244,2961.0,263.0,3224.0,0.4317086234600964,0.6994416873449132,4825.0,0.46735751295336786,1.0,2255.0,2643.0,0.36662883087400683,0.0,969.0
0.56,0.23,7468.0,0.43813604713444027,0.6865923674434313,0.8360128617363344,0.7613026145898829,0.6431440814140332,0.7007946210268948,0.9049511002444988,0.09504889975550122,0.56,0.23,3272.0,2961.0,311.0,0.699570759984009,0.21906875073788246,0.6269819482421412,0.17595072308516332,0.3620672065026581,0.48596150086260737,2961.0,311.0,3272.0,0.43813604713444027,0.7007946210268948,4825.0,0.4752331606217617,1.0,2293.0,2643.0,0.37041241013999243,0.0,979.0
0.56,0.24,7468.0,0.444429566148902,0.6865923674434313,0.8296089385474861,0.7581006529954587,0.6431440814140332,0.7020186803253993,0.8921361855980717,0.1078638144019283,0.56,0.24,3319.0,2961.0,358.0,0.699570759984009,0.21906875073788246,0.6269819482421412,0.17956614890198183,0.36391167695398297,0.4934333253744099,2961.0,358.0,3319.0,0.444429566148902,0.7020186803253993,4825.0,0.48290155440414506,1.0,2330.0,2643.0,0.37419598940597804,0.0,989.0
0.56,0.25,7468.0,0.4515265131226567,0.6865923674434313,0.8150851581508516,0.7508387627971415,0.6431440814140332,0.7022538552787663,0.8781138790035588,0.12188612099644128,0.56,0.25,3372.0,2961.0,411.0,0.699570759984009,0.21906875073788246,0.6269819482421412,0.18264595607927153,0.3666609858189068,0.4981330524471999,2961.0,411.0,3372.0,0.4515265131226567,0.7022538552787663,4825.0,0.4907772020725389,1.0,2368.0,2643.0,0.3798713583049565,0.0,1004.0
0.56,0.26,7468.0,0.45915907873594003,0.6865923674434313,0.8012820512820513,0.7439372093627413,0.6431440814140332,0.7022455526392535,0.863517060367454,0.13648293963254593,0.56,0.26,3429.0,2961.0,468.0,0.699570759984009,0.21906875073788246,0.6269819482421412,0.18572576325656137,0.3697521571805759,0.5022979843383536,2961.0,468.0,3429.0,0.45915907873594003,0.7022455526392535,4825.0,0.4990673575129534,1.0,2408.0,2643.0,0.38630344305713205,0.0,1021.0
0.56,0.27,7468.0,0.4694697375468666,0.6865923674434313,0.7944954128440367,0.740543890143734,0.6431440814140332,0.7033656588705077,0.8445521962350256,0.15544780376497433,0.56,0.27,3506.0,2961.0,545.0,0.699570759984009,0.21906875073788246,0.6269819482421412,0.19094804499196574,0.37317669578558954,0.511682661721395,2961.0,545.0,3506.0,0.4694697375468666,0.7033656588705077,4825.0,0.5110880829015544,1.0,2466.0,2643.0,0.39349224366250474,0.0,1040.0
0.56,0.28,7468.0,0.47911087305838246,0.6865923674434313,0.7909238249594813,0.7387580962014564,0.6431440814140332,0.7045835662381219,0.8275572945779766,0.17244270542202347,0.56,0.28,3578.0,2961.0,617.0,0.699570759984009,0.21906875073788246,0.6269819482421412,0.196036422067488,0.3762143345161734,0.52107642926365,2961.0,617.0,3578.0,0.47911087305838246,0.7045835662381219,4825.0,0.5224870466321243,1.0,2521.0,2643.0,0.3999243284146803,0.0,1057.0
0.56,0.29,7468.0,0.49009105516871987,0.6865923674434313,0.7839771101573677,0.7352847388003996,0.6431440814140332,0.7051912568306011,0.809016393442623,0.19098360655737706,0.56,0.29,3660.0,2961.0,699.0,0.699570759984009,0.21906875073788246,0.6269819482421412,0.2011247991430102,0.3801093632270255,0.5291235065495761,2961.0,699.0,3660.0,0.49009105516871987,0.7051912568306011,4825.0,0.5349222797927461,1.0,2581.0,2643.0,0.40824820279984864,0.0,1079.0
0.56,0.3,7468.0,0.5029459025174076,0.6865923674434313,0.7660377358490567,0.726315051646244,0.6431440814140332,0.7034078807241747,0.7883386581469649,0.21166134185303515,0.56,0.3,3756.0,2961.0,795.0,0.699570759984009,0.21906875073788246,0.6269819482421412,0.20460632029994646,0.3862250524095123,0.5297593178471589,2961.0,795.0,3756.0,0.5029459025174076,0.7034078807241747,4825.0,0.5475647668393783,1.0,2642.0,2643.0,0.42149073023079836,0.0,1114.0
0.56,0.31,7468.0,0.5125870380289234,0.6865923674434313,0.76239907727797,0.7244957223607007,0.6431440814140332,0.7037617554858934,0.7735109717868338,0.22648902821316613,0.56,0.31,3828.0,2961.0,867.0,0.699570759984009,0.21906875073788246,0.6269819482421412,0.2088912694161756,0.38967664069889263,0.5360631036069421,2961.0,867.0,3828.0,0.5125870380289234,0.7037617554858934,4825.0,0.5583419689119171,1.0,2694.0,2643.0,0.42905788876276957,0.0,1134.0
0.56,0.32,7468.0,0.5241028387787895,0.6865923674434313,0.7586568730325288,0.72262462023798,0.6431440814140332,0.7041389882473174,0.7565150740929995,0.24348492590700052,0.56,0.32,3914.0,2961.0,953.0,0.699570759984009,0.21906875073788246,0.6269819482421412,0.21397964649169793,0.39377861311090245,0.5434008840684129,2961.0,953.0,3914.0,0.5241028387787895,0.7041389882473174,4825.0,0.5711917098445596,1.0,2756.0,2643.0,0.43813847900113506,0.0,1158.0
0.56,0.33,7468.0,0.5346813069094805,0.6865923674434313,0.7548449612403101,0.7207186643418707,0.6431440814140332,0.7042324067117456,0.7415477084898573,0.25845229151014276,0.56,0.33,3993.0,2961.0,1032.0,0.699570759984009,0.21906875073788246,0.6269819482421412,0.21839850026780935,0.39766996783870356,0.5491953577857119,2961.0,1032.0,3993.0,0.5346813069094805,0.7042324067117456,4825.0,0.5827979274611399,1.0,2812.0,2643.0,0.446840711312902,0.0,1181.0
0.56,0.34,7468.0,0.5453936797000536,0.6865923674434313,0.7517985611510791,0.7191954642972552,0.6431440814140332,0.7043947949914068,0.7269825681315983,0.27301743186840166,0.56,0.34,4073.0,2961.0,1112.0,0.699570759984009,0.21906875073788246,0.6269819482421412,0.22295125870380286,0.40152361138309833,0.5552631336817762,2961.0,1112.0,4073.0,0.5453936797000536,0.7043947949914068,4825.0,0.5946113989637306,1.0,2869.0,2643.0,0.45554294362466896,0.0,1204.0
0.56,0.35,7468.0,0.5590519550080343,0.6865923674434313,0.7438220757825371,0.7152072216129842,0.6431440814140332,0.7032335329341317,0.7092215568862276,0.29077844311377243,0.56,0.35,4175.0,2961.0,1214.0,0.699570759984009,0.21906875073788246,0.6269819482421412,0.22723620782003212,0.4073179023735651,0.5578841649135915,2961.0,1214.0,4175.0,0.5590519550080343,0.7032335329341317,4825.0,0.6084974093264248,1.0,2936.0,2643.0,0.46878547105561863,0.0,1239.0
0.56,0.36,7468.0,0.571103374397429,0.6865923674434313,0.7361963190184049,0.7113943432309181,0.6431440814140332,0.7017584994138335,0.6942555685814772,0.30574443141852287,0.56,0.36,4265.0,2961.0,1304.0,0.699570759984009,0.21906875073788246,0.6269819482421412,0.23044991965720402,0.41270658750510936,0.5583868216165826,2961.0,1304.0,4265.0,0.571103374397429,0.7017584994138335,4825.0,0.6203108808290155,1.0,2993.0,2643.0,0.48127128263337116,0.0,1272.0
0.56,0.37,7468.0,0.5844938403856454,0.6865923674434313,0.7321937321937322,0.7093930498185818,0.6431440814140332,0.7012600229095074,0.6783505154639176,0.3216494845360825,0.56,0.37,4365.0,2961.0,1404.0,0.699570759984009,0.21906875073788246,0.6269819482421412,0.23527048741296192,0.4178656201296558,0.563029060251384,2961.0,1404.0,4365.0,0.5844938403856454,0.7012600229095074,4825.0,0.6344041450777202,1.0,3061.0,2643.0,0.49337873628452517,0.0,1304.0
0.56,0.38,7468.0,0.59962506695233,0.6865923674434313,0.7297297297297297,0.7081610485865806,0.6431440814140332,0.7012058954890577,0.6612326931665923,0.3387673068334078,0.56,0.38,4478.0,2961.0,1517.0,0.699570759984009,0.21906875073788246,0.6269819482421412,0.2412961971076594,0.4232782003863833,0.5700652594142475,2961.0,1517.0,4478.0,0.59962506695233,0.7012058954890577,4825.0,0.6507772020725389,1.0,3140.0,2643.0,0.5062429057888763,0.0,1338.0
0.56,0.39,7468.0,0.6134172469201928,0.6865923674434313,0.7197530864197531,0.7031727269315922,0.6431440814140332,0.6983191442916393,0.6463654223968566,0.35363457760314343,0.56,0.39,4581.0,2961.0,1620.0,0.699570759984009,0.21906875073788246,0.6269819482421412,0.24330476700589174,0.43018163600640896,0.5655861306972828,2961.0,1620.0,4581.0,0.6134172469201928,0.6983191442916393,4825.0,0.6630051813471503,1.0,3199.0,2643.0,0.522890654559213,0.0,1382.0
0.56,0.4,7468.0,0.6320299946438136,0.6865923674434313,0.7123365548607163,0.6994644611520738,0.6431440814140332,0.6961864406779661,0.6273305084745763,0.3726694915254237,0.56,0.4,4720.0,2961.0,1759.0,0.699570759984009,0.21906875073788246,0.6269819482421412,0.24799143010176752,0.43820004823256586,0.5659320009251826,2961.0,1759.0,4720.0,0.6320299946438136,0.6961864406779661,4825.0,0.6810362694300518,1.0,3286.0,2643.0,0.5425652667423383,0.0,1434.0
0.56,0.41,7468.0,0.6493036957686128,0.6865923674434313,0.7044491525423728,0.6955207599929021,0.6431440814140332,0.6935450608372861,0.6106413693545061,0.3893586306454939,0.56,0.41,4849.0,2961.0,1888.0,0.699570759984009,0.21906875073788246,0.6269819482421412,0.25133904659882167,0.44607434871879326,0.5634465360330921,2961.0,1888.0,4849.0,0.6493036957686128,0.6935450608372861,4825.0,0.6969948186528497,1.0,3363.0,2643.0,0.5622398789254635,0.0,1486.0
0.56,0.42,7468.0,0.6668452062131762,0.6865923674434313,0.7003467062902426,0.693469536866837,0.6431440814140332,0.6921686746987952,0.594578313253012,0.405421686746988,0.56,0.42,4980.0,2961.0,2019.0,0.699570759984009,0.21906875073788246,0.6269819482421412,0.2562935190144617,0.4530737728001448,0.5656772349246426,2961.0,2019.0,4980.0,0.6668452062131762,0.6921686746987952,4825.0,0.7144041450777202,1.0,3447.0,2643.0,0.5800227014755959,0.0,1533.0
0.56,0.43,7468.0,0.6857257632565613,0.6865923674434313,0.6888888888888889,0.6877406281661601,0.6431440814140332,0.6875610232376489,0.5782073813708261,0.421792618629174,0.56,0.43,5121.0,2961.0,2160.0,0.699570759984009,0.21906875073788246,0.6269819482421412,0.25723085163363685,0.4628687241664339,0.5557317619523247,2961.0,2160.0,5121.0,0.6857257632565613,0.6875610232376489,4825.0,0.7297409326424871,1.0,3521.0,2643.0,0.6053726825576996,0.0,1600.0
0.56,0.44,7468.0,0.7078200321371184,0.6865923674434313,0.6843010752688172,0.6854467213561243,0.6431440814140332,0.6855845629965948,0.5601589103291714,0.4398410896708286,0.56,0.44,5286.0,2961.0,2325.0,0.699570759984009,0.21906875073788246,0.6269819482421412,0.2627209426888056,0.4717515709821817,0.5569052841558607,2961.0,2325.0,5286.0,0.7078200321371184,0.6855845629965948,4825.0,0.7510880829015544,1.0,3624.0,2643.0,0.6288308740068105,0.0,1662.0
0.56,0.45,7468.0,0.7321906802356722,0.6865923674434313,0.676505783805345,0.6815490756243882,0.6431440814140332,0.6819678127286027,0.5415142648134601,0.45848573518653984,0.56,0.45,5468.0,2961.0,2507.0,0.699570759984009,0.21906875073788246,0.6269819482421412,0.26647027316550614,0.4825559071600751,0.5522060122188323,2961.0,2507.0,5468.0,0.7321906802356722,0.6819678127286027,4825.0,0.7728497409326425,1.0,3729.0,2643.0,0.6579644343548997,0.0,1739.0
0.56,0.46,7468.0,0.7616497054097483,0.6865923674434313,0.6648331499816649,0.6757127587125481,0.6431440814140332,0.6761603375527426,0.5205696202531646,0.47943037974683544,0.56,0.46,5688.0,2961.0,2727.0,0.699570759984009,0.21906875073788246,0.6269819482421412,0.2683449384038565,0.49664110130248573,0.5403196346417923,2961.0,2727.0,5688.0,0.7616497054097483,0.6761603375527426,4825.0,0.797098445595855,1.0,3846.0,2643.0,0.6969353007945517,0.0,1842.0
0.56,0.47,7468.0,0.79084092126406,0.6865923674434313,0.6560271646859083,0.6713097660646699,0.6431440814140332,0.6713511683034202,0.5013545546901456,0.4986454453098544,0.56,0.47,5906.0,2961.0,2945.0,0.699570759984009,0.21906875073788246,0.6269819482421412,0.2710230316014997,0.5098126566016973,0.5316129917371639,2961.0,2945.0,5906.0,0.79084092126406,0.6713511683034202,4825.0,0.8215544041450777,1.0,3964.0,2643.0,0.7347710934544078,0.0005149330587023687,1942.0
0.56,0.48,7468.0,0.8188269951794322,0.6865923674434313,0.6487000634115409,0.667646215427486,0.6431440814140332,0.6670482420278004,0.48421913327882254,0.5157808667211774,0.56,0.48,6115.0,2961.0,3154.0,0.699570759984009,0.21906875073788246,0.6269819482421412,0.27356722013926077,0.5221397203049063,0.5239348961605712,2961.0,3154.0,6115.0,0.8188269951794322,0.6670482420278004,4825.0,0.8455958549222798,0.9992647058823529,4080.0,2643.0,0.7699583806280742,0.0009828009828009828,2035.0
0.56,0.49,7468.0,0.8387787895018747,0.6865923674434313,0.641537995761429,0.6640651816024301,0.6431440814140332,0.6628352490421456,0.47270114942528735,0.5272988505747126,0.56,0.49,6264.0,2961.0,3303.0,0.699570759984009,0.21906875073788246,0.6269819482421412,0.27316550615961444,0.5317956766194419,0.5136662785528704,2961.0,3303.0,6264.0,0.8387787895018747,0.6628352490421456,4825.0,0.8609326424870466,0.9973519499277804,4154.0,2643.0,0.7983352251229663,0.0042654028436018955,2110.0
0.56,0.5,7468.0,0.855382967327263,0.6865923674434313,0.6381674934344909,0.662379930438961,0.6431440814140332,0.6606136505948653,0.4635253600500939,0.5364746399499061,0.56,0.5,6388.0,2961.0,3427.0,0.699570759984009,0.21906875073788246,0.6269819482421412,0.27477236207820027,0.5387998725171819,0.5099710970503951,2961.0,3427.0,6388.0,0.855382967327263,0.6606136505948653,4825.0,0.8762694300518135,0.9917218543046358,4228.0,2643.0,0.8172531214528944,0.0125,2160.0
0.57,0.2,7468.0,0.39742903053026246,0.6959483685908928,0.8659217877094972,0.780935078150195,0.6431440814140332,0.706199460916442,0.9396900269541779,0.060309973045822106,0.57,0.2,2968.0,2789.0,179.0,0.699570759984009,0.21906875073788246,0.6269819482421412,0.1638993036957686,0.3417087406216688,0.4796462139001406,2789.0,179.0,2968.0,0.39742903053026246,0.706199460916442,4825.0,0.4344041450777202,1.0,2096.0,2643.0,0.3299281119939463,0.0,872.0
0.57,0.21,7468.0,0.40332083556507764,0.6959483685908928,0.852017937219731,0.7739831529053118,0.6431440814140332,0.7075033200531209,0.9259628154050464,0.07403718459495352,0.57,0.21,3012.0,2789.0,223.0,0.699570759984009,0.21906875073788246,0.6269819482421412,0.1673808248527049,0.34346761907956674,0.4873263607825864,2789.0,223.0,3012.0,0.40332083556507764,0.7075033200531209,4825.0,0.4416580310880829,1.0,2131.0,2643.0,0.3333333333333333,0.0,881.0
0.57,0.22,7468.0,0.4086770219603642,0.6959483685908928,0.844106463878327,0.7700274162346099,0.6431440814140332,0.7087155963302753,0.913826998689384,0.08617300131061599,0.57,0.22,3052.0,2789.0,263.0,0.699570759984009,0.21906875073788246,0.6269819482421412,0.1705945366898768,0.34502353924803986,0.4944431822294745,2789.0,263.0,3052.0,0.4086770219603642,0.7087155963302753,4825.0,0.4482901554404145,1.0,2163.0,2643.0,0.33636019674612183,0.0,889.0
0.57,0.23,7468.0,0.4151044456347081,0.6959483685908928,0.8360128617363344,0.7659806151636136,0.6431440814140332,0.71,0.8996774193548387,0.1003225806451613,0.57,0.23,3100.0,2789.0,311.0,0.699570759984009,0.21906875073788246,0.6269819482421412,0.17434386716657738,0.3469586275538704,0.5024918054228467,2789.0,311.0,3100.0,0.4151044456347081,0.71,4825.0,0.4561658031088083,1.0,2201.0,2643.0,0.34014377601210743,0.0,899.0
0.57,0.24,7468.0,0.4213979646491698,0.6959483685908928,0.8296089385474861,0.7627786535691894,0.6431440814140332,0.7111534795042898,0.8862408643152209,0.11375913568477916,0.57,0.24,3147.0,2789.0,358.0,0.699570759984009,0.21906875073788246,0.6269819482421412,0.17795929298339577,0.34888298300846804,0.5100830411641957,2789.0,358.0,3147.0,0.4213979646491698,0.7111534795042898,4825.0,0.4638341968911917,1.0,2238.0,2643.0,0.3439273552780931,0.0,909.0
0.57,0.25,7468.0,0.42849491162292447,0.6959483685908928,0.8150851581508516,0.7555167633708721,0.6431440814140332,0.71125,0.8715625,0.1284375,0.57,0.25,3200.0,2789.0,411.0,0.699570759984009,0.21906875073788246,0.6269819482421412,0.18103910016068564,0.3517497771585924,0.5146814921194991,2789.0,411.0,3200.0,0.42849491162292447,0.71125,4825.0,0.4717098445595855,1.0,2276.0,2643.0,0.3496027241770715,0.0,924.0
0.57,0.26,7468.0,0.4361274772362078,0.6959483685908928,0.8012820512820513,0.748615209936472,0.6431440814140332,0.711083819465766,0.8563094872582131,0.14369051274178693,0.57,0.26,3257.0,2789.0,468.0,0.699570759984009,0.21906875073788246,0.6269819482421412,0.18411890733797537,0.3549708226729575,0.5186874401438009,2789.0,468.0,3257.0,0.4361274772362078,0.711083819465766,4825.0,0.48,1.0,2316.0,2643.0,0.35603480892924705,0.0,941.0
0.57,0.27,7468.0,0.44643813604713445,0.6959483685908928,0.7944954128440367,0.7452218907174648,0.6431440814140332,0.7120575884823035,0.8365326934613078,0.16346730653869226,0.57,0.27,3334.0,2789.0,545.0,0.699570759984009,0.21906875073788246,0.6269819482421412,0.1893411890733797,0.3585365720353746,0.5280944925604371,2789.0,545.0,3334.0,0.44643813604713445,0.7120575884823035,4825.0,0.49202072538860103,1.0,2374.0,2643.0,0.36322360953461974,0.0,960.0
0.57,0.28,7468.0,0.45607927155865025,0.6959483685908928,0.7909238249594813,0.7434360967751871,0.6431440814140332,0.7131532589547857,0.8188490898414562,0.18115091015854376,0.57,0.28,3406.0,2789.0,617.0,0.699570759984009,0.21906875073788246,0.6269819482421412,0.19442956614890197,0.36169718371156023,0.5375479127422572,2789.0,617.0,3406.0,0.45607927155865025,0.7131532589547857,4825.0,0.503419689119171,1.0,2429.0,2643.0,0.3696556942867953,0.0,977.0
0.57,0.29,7468.0,0.46705945366898766,0.6959483685908928,0.7839771101573677,0.7399627393741303,0.6431440814140332,0.7135894495412844,0.799598623853211,0.200401376146789,0.57,0.29,3488.0,2789.0,699.0,0.699570759984009,0.21906875073788246,0.6269819482421412,0.19951794322442423,0.3657468458131686,0.5455083085701915,2789.0,699.0,3488.0,0.46705945366898766,0.7135894495412844,4825.0,0.5158549222797928,1.0,2489.0,2643.0,0.3779795686719637,0.0,999.0
0.57,0.3,7468.0,0.4799143010176754,0.6959483685908928,0.7660377358490567,0.7309930522199748,0.6431440814140332,0.7114955357142857,0.7781808035714286,0.22181919642857142,0.57,0.3,3584.0,2789.0,795.0,0.699570759984009,0.21906875073788246,0.6269819482421412,0.20299946438136046,0.3720986674501233,0.5455527851589815,2789.0,795.0,3584.0,0.4799143010176754,0.7114955357142857,4825.0,0.5284974093264249,1.0,2550.0,2643.0,0.39122209610291336,0.0,1034.0
0.57,0.31,7468.0,0.4895554365291912,0.6959483685908928,0.76239907727797,0.7291737229344314,0.6431440814140332,0.7117067833698031,0.762855579868709,0.23714442013129103,0.57,0.31,3656.0,2789.0,867.0,0.699570759984009,0.21906875073788246,0.6269819482421412,0.20728441349758972,0.37568006536919246,0.551757818967277,2789.0,867.0,3656.0,0.4895554365291912,0.7117067833698031,4825.0,0.5392746113989637,1.0,2602.0,2643.0,0.3987892546348846,0.0,1054.0
0.57,0.32,7468.0,0.5010712372790573,0.6959483685908928,0.7586568730325288,0.7273026208117108,0.6431440814140332,0.711918760021379,0.7453233564938535,0.25467664350614644,0.57,0.32,3742.0,2789.0,953.0,0.699570759984009,0.21906875073788246,0.6269819482421412,0.212372790573112,0.3799331827479309,0.5589740517979765,2789.0,953.0,3742.0,0.5010712372790573,0.711918760021379,4825.0,0.5521243523316062,1.0,2664.0,2643.0,0.4078698448732501,0.0,1078.0
0.57,0.33,7468.0,0.5116497054097483,0.6959483685908928,0.7548449612403101,0.7253966649156014,0.6431440814140332,0.7118555352002094,0.7299136351740382,0.27008636482596177,0.57,0.33,3821.0,2789.0,1032.0,0.699570759984009,0.21906875073788246,0.6269819482421412,0.21679164434922338,0.3839648818971111,0.564613209619821,2789.0,1032.0,3821.0,0.5116497054097483,0.7118555352002094,4825.0,0.5637305699481865,1.0,2720.0,2643.0,0.41657207718501704,0.0,1101.0
0.57,0.34,7468.0,0.5223620782003213,0.6959483685908928,0.7517985611510791,0.7238734648709859,0.6431440814140332,0.7118687516021533,0.7149448859266855,0.2850551140733145,0.57,0.34,3901.0,2789.0,1112.0,0.699570759984009,0.21906875073788246,0.6269819482421412,0.22134440278521697,0.3879546851212809,0.5705418990262255,2789.0,1112.0,3901.0,0.5223620782003213,0.7118687516021533,4825.0,0.5755440414507772,1.0,2777.0,2643.0,0.42527430949678396,0.0,1124.0
0.57,0.35,7468.0,0.5360203535083021,0.6959483685908928,0.7438220757825371,0.7198852221867149,0.6431440814140332,0.7104671496377717,0.6967274544091931,0.3032725455908069,0.57,0.35,4003.0,2789.0,1214.0,0.699570759984009,0.21906875073788246,0.6269819482421412,0.2256293519014462,0.39394860172797663,0.5727380447900265,2789.0,1214.0,4003.0,0.5360203535083021,0.7104671496377717,4825.0,0.5894300518134715,1.0,2844.0,2643.0,0.43851683692773363,0.0,1159.0
0.57,0.36,7468.0,0.5480717728976968,0.6959483685908928,0.7361963190184049,0.7160723438046488,0.6431440814140332,0.7087710725629123,0.6814072807231859,0.3185927192768141,0.57,0.36,4093.0,2789.0,1304.0,0.699570759984009,0.21906875073788246,0.6269819482421412,0.22884306373861807,0.3995176524004157,0.5727983791546227,2789.0,1304.0,4093.0,0.5480717728976968,0.7087710725629123,4825.0,0.6012435233160621,1.0,2901.0,2643.0,0.4510026485054862,0.0,1192.0
0.57,0.37,7468.0,0.5614622388859132,0.6959483685908928,0.7321937321937322,0.7140710503923124,0.6431440814140332,0.7080849034104459,0.6651562127355116,0.33484378726448843,0.57,0.37,4193.0,2789.0,1404.0,0.699570759984009,0.21906875073788246,0.6269819482421412,0.23366363149437594,0.40484478963643417,0.5771684296695894,2789.0,1404.0,4193.0,0.5614622388859132,0.7080849034104459,4825.0,0.6153367875647668,1.0,2969.0,2643.0,0.46311010215664017,0.0,1224.0
0.57,0.38,7468.0,0.5765934654525977,0.6959483685908928,0.7297297297297297,0.7128390491603113,0.6431440814140332,0.7078495123084069,0.6477008824895495,0.3522991175104505,0.57,0.38,4306.0,2789.0,1517.0,0.699570759984009,0.21906875073788246,0.6269819482421412,0.23968934118907337,0.41042911949782773,0.5839969188403114,2789.0,1517.0,4306.0,0.5765934654525977,0.7078495123084069,4825.0,0.6317098445595855,1.0,3048.0,2643.0,0.4759742716609913,0.0,1258.0
0.57,0.39,7468.0,0.5903856454204607,0.6959483685908928,0.7197530864197531,0.707850727505323,0.6431440814140332,0.7046949421637559,0.6325697437060558,0.3674302562939442,0.57,0.39,4409.0,2789.0,1620.0,0.699570759984009,0.21906875073788246,0.6269819482421412,0.24169791108730584,0.4175450480685616,0.5788546941349875,2789.0,1620.0,4409.0,0.5903856454204607,0.7046949421637559,4825.0,0.6439378238341968,1.0,3107.0,2643.0,0.492622020431328,0.0,1302.0
0.57,0.4,7468.0,0.6089983931440814,0.6959483685908928,0.7123365548607163,0.7041424617258045,0.6431440814140332,0.7022867194371152,0.6132365875109939,0.38676341248900614,0.57,0.4,4548.0,2789.0,1759.0,0.699570759984009,0.21906875073788246,0.6269819482421412,0.24638457418318155,0.425801490697778,0.5786371808596096,2789.0,1759.0,4548.0,0.6089983931440814,0.7022867194371152,4825.0,0.6619689119170984,1.0,3194.0,2643.0,0.5122966326144532,0.0,1354.0
0.57,0.41,7468.0,0.6262720942688805,0.6959483685908928,0.7044491525423728,0.7001987605666329,0.6431440814140332,0.699379944408809,0.5963224289074193,0.40367757109258073,0.57,0.41,4677.0,2789.0,1888.0,0.699570759984009,0.21906875073788246,0.6269819482421412,0.2497321906802356,0.4339008547978702,0.5755512761010154,2789.0,1888.0,4677.0,0.6262720942688805,0.699379944408809,4825.0,0.6779274611398963,1.0,3271.0,2643.0,0.5319712447975785,0.0,1406.0
0.57,0.42,7468.0,0.6438136047134441,0.6959483685908928,0.7003467062902426,0.6981475374405677,0.6431440814140332,0.6977953410981698,0.5800748752079867,0.4199251247920133,0.57,0.42,4808.0,2789.0,2019.0,0.699570759984009,0.21906875073788246,0.6269819482421412,0.2546866630958758,0.4410934944076869,0.5773983663891402,2789.0,2019.0,4808.0,0.6438136047134441,0.6977953410981698,4825.0,0.6953367875647668,1.0,3355.0,2643.0,0.5497540673477109,0.0,1453.0
0.57,0.43,7468.0,0.6626941617568292,0.6959483685908928,0.6888888888888889,0.6924186287398908,0.6431440814140332,0.6928672459082643,0.5635481915538493,0.4364518084461507,0.57,0.43,4949.0,2789.0,2160.0,0.699570759984009,0.21906875073788246,0.6269819482421412,0.2556239957150509,0.4511486263094338,0.5666070576478349,2789.0,2160.0,4949.0,0.6626941617568292,0.6928672459082643,4825.0,0.7106735751295337,1.0,3429.0,2643.0,0.5751040484298146,0.0,1520.0
0.57,0.44,7468.0,0.6847884306373861,0.6959483685908928,0.6843010752688172,0.690124721929855,0.6431440814140332,0.6906531091122409,0.5453656628861948,0.45463433711380524,0.57,0.44,5114.0,2789.0,2325.0,0.699570759984009,0.21906875073788246,0.6269819482421412,0.2611140867702195,0.4602577233828709,0.5673214668752199,2789.0,2325.0,5114.0,0.6847884306373861,0.6906531091122409,4825.0,0.7320207253886011,1.0,3532.0,2643.0,0.5985622398789254,0.0,1582.0
0.57,0.45,7468.0,0.70915907873594,0.6959483685908928,0.676505783805345,0.6862270761981188,0.6431440814140332,0.6867447129909365,0.5266238670694864,0.4733761329305136,0.57,0.45,5296.0,2789.0,2507.0,0.699570759984009,0.21906875073788246,0.6269819482421412,0.26486341724692014,0.4713256101088821,0.5619542235053457,2789.0,2507.0,5296.0,0.70915907873594,0.6867447129909365,4825.0,0.7537823834196892,1.0,3637.0,2643.0,0.6276958002270148,0.0,1659.0
0.57,0.46,7468.0,0.738618103910016,0.6959483685908928,0.6648331499816649,0.6803907592862788,0.6431440814140332,0.6805656272661349,0.5056200145032632,0.4943799854967368,0.57,0.46,5516.0,2789.0,2727.0,0.699570759984009,0.21906875073788246,0.6269819482421412,0.2667380824852705,0.48573656513831936,0.5491414516206199,2789.0,2727.0,5516.0,0.738618103910016,0.6805656272661349,4825.0,0.7780310880829016,1.0,3754.0,2643.0,0.6666666666666666,0.0,1762.0
0.57,0.47,7468.0,0.7678093197643278,0.6959483685908928,0.6560271646859083,0.6759877666384005,0.6431440814140332,0.675444715730729,0.4863969305894663,0.5136030694105337,0.57,0.47,5734.0,2789.0,2945.0,0.699570759984009,0.21906875073788246,0.6269819482421412,0.2694161756829137,0.4991959255049134,0.5397002698097182,2789.0,2945.0,5734.0,0.7678093197643278,0.675444715730729,4825.0,0.8024870466321243,1.0,3872.0,2643.0,0.7045024593265229,0.0005370569280343716,1862.0
0.57,0.48,7468.0,0.7957953936797001,0.6959483685908928,0.6487000634115409,0.6723242160012168,0.6431440814140332,0.6708732963149924,0.46929160356722194,0.530708396432778,0.57,0.48,5943.0,2789.0,3154.0,0.699570759984009,0.21906875073788246,0.6269819482421412,0.2719603642206748,0.5117787751846619,0.531402194478552,2789.0,3154.0,5943.0,0.7957953936797001,0.6708732963149924,4825.0,0.8265284974093264,0.9992477432296891,3988.0,2643.0,0.7396897465001891,0.0010230179028132991,1955.0
0.57,0.49,7468.0,0.8157471880021425,0.6959483685908928,0.641537995761429,0.6687431821761609,0.6431440814140332,0.6664478003939593,0.45781352593565333,0.5421864740643467,0.57,0.49,6092.0,2789.0,3303.0,0.699570759984009,0.21906875073788246,0.6269819482421412,0.2715586502410285,0.5216265607506552,0.52059973681217,2789.0,3303.0,6092.0,0.8157471880021425,0.6664478003939593,4825.0,0.8418652849740933,0.9972919743968488,4062.0,2643.0,0.7680665909950813,0.004433497536945813,2030.0
0.57,0.5,7468.0,0.8323513658275308,0.6959483685908928,0.6381674934344909,0.6670579310126918,0.6431440814140332,0.6640926640926641,0.4486808236808237,0.5513191763191764,0.57,0.5,6216.0,2789.0,3427.0,0.699570759984009,0.21906875073788246,0.6269819482421412,0.2731655061596144,0.5287654771578401,0.5166099489473149,2789.0,3427.0,6216.0,0.8323513658275308,0.6640926640926641,4825.0,0.85720207253886,0.9915377176015474,4136.0,2643.0,0.7869844873250095,0.012980769230769231,2080.0
0.58,0.2,7468.0,0.37814675950723087,0.7005671077504726,0.8659217877094972,0.7832444477299849,0.6431440814140332,0.7110481586402266,0.9366147308781869,0.06338526912181303,0.58,0.2,2824.0,2645.0,179.0,0.699570759984009,0.21906875073788246,0.6269819482421412,0.15961435457953937,0.330554386544553,0.4828686626974352,2645.0,179.0,2824.0,0.37814675950723087,0.7110481586402266,4825.0,0.4161658031088083,1.0,2008.0,2643.0,0.3087400681044268,0.0,816.0
0.58,0.21,7468.0,0.38403856454204605,0.7005671077504726,0.852017937219731,0.7762925224851018,0.6431440814140332,0.7123430962343096,0.9222454672245467,0.07775453277545327,0.58,0.21,2868.0,2645.0,223.0,0.699570759984009,0.21906875073788246,0.6269819482421412,0.16309587573647558,0.3323722978871513,0.49070237433521224,2645.0,223.0,2868.0,0.38403856454204605,0.7123430962343096,4825.0,0.423419689119171,1.0,2043.0,2643.0,0.31214528944381387,0.0,825.0
0.58,0.22,7468.0,0.3893947509373326,0.7005671077504726,0.844106463878327,0.7723367858143998,0.6431440814140332,0.7135488308115543,0.9095598349381018,0.09044016506189821,0.58,0.22,2908.0,2645.0,263.0,0.699570759984009,0.21906875073788246,0.6269819482421412,0.16630958757364753,0.33397991209329125,0.49796284612228997,2645.0,263.0,2908.0,0.3893947509373326,0.7135488308115543,4825.0,0.43005181347150256,1.0,2075.0,2643.0,0.31517215285660233,0.0,833.0
0.58,0.23,7468.0,0.3958221746116765,0.7005671077504726,0.8360128617363344,0.7682899847434035,0.6431440814140332,0.7148173207036536,0.8947902571041949,0.10520974289580515,0.58,0.23,2956.0,2645.0,311.0,0.699570759984009,0.21906875073788246,0.6269819482421412,0.17005891805034815,0.3359786128322221,0.5061599505301565,2645.0,311.0,2956.0,0.3958221746116765,0.7148173207036536,4825.0,0.4379274611398964,1.0,2113.0,2643.0,0.318955732122588,0.0,843.0
0.58,0.24,7468.0,0.4021156936261382,0.7005671077504726,0.8296089385474861,0.7650880231489794,0.6431440814140332,0.7159507159507159,0.8807858807858808,0.11921411921411922,0.58,0.24,3003.0,2645.0,358.0,0.699570759984009,0.21906875073788246,0.6269819482421412,0.17367434386716654,0.3379654936224789,0.5138818818620808,2645.0,358.0,3003.0,0.4021156936261382,0.7159507159507159,4825.0,0.44559585492227977,1.0,2150.0,2643.0,0.3227393113885736,0.0,853.0
0.58,0.25,7468.0,0.4092126405998929,0.7005671077504726,0.8150851581508516,0.7578261329506621,0.6431440814140332,0.7159685863874345,0.8655104712041884,0.13448952879581152,0.58,0.25,3056.0,2645.0,411.0,0.699570759984009,0.21906875073788246,0.6269819482421412,0.17675415104445633,0.34092410413128355,0.518456010890892,2645.0,411.0,3056.0,0.4092126405998929,0.7159685863874345,4825.0,0.4534715025906736,1.0,2188.0,2643.0,0.328414680287552,0.0,868.0
0.58,0.26,7468.0,0.4168452062131762,0.7005671077504726,0.8012820512820513,0.750924579516262,0.6431440814140332,0.7157083199486026,0.8496627047863797,0.1503372952136203,0.58,0.26,3113.0,2645.0,468.0,0.699570759984009,0.21906875073788246,0.6269819482421412,0.1798339582217461,0.34424645821811306,0.522398862584097,2645.0,468.0,3113.0,0.4168452062131762,0.7157083199486026,4825.0,0.4617616580310881,1.0,2228.0,2643.0,0.3348467650397276,0.0,885.0
0.58,0.27,7468.0,0.42715586502410285,0.7005671077504726,0.7944954128440367,0.7475312602972546,0.6431440814140332,0.7166144200626959,0.829153605015674,0.17084639498432602,0.58,0.27,3190.0,2645.0,545.0,0.699570759984009,0.21906875073788246,0.6269819482421412,0.18505623995715054,0.3479221357336669,0.5318898136990352,2645.0,545.0,3190.0,0.42715586502410285,0.7166144200626959,4825.0,0.47378238341968915,1.0,2286.0,2643.0,0.3420355656451003,0.0,904.0
0.58,0.28,7468.0,0.43679700053561865,0.7005671077504726,0.7909238249594813,0.745745466354977,0.6431440814140332,0.7176578786020846,0.8108522378908645,0.1891477621091355,0.58,0.28,3262.0,2645.0,617.0,0.699570759984009,0.21906875073788246,0.6269819482421412,0.19014461703267277,0.3511782905469428,0.5414475272276426,2645.0,617.0,3262.0,0.43679700053561865,0.7176578786020846,4825.0,0.48518134715025907,1.0,2341.0,2643.0,0.34846765039727584,0.0,921.0
0.58,0.29,7468.0,0.44777718264595606,0.7005671077504726,0.7839771101573677,0.7422721089539202,0.6431440814140332,0.7180023923444976,0.7909688995215312,0.2090311004784689,0.58,0.29,3344.0,2645.0,699.0,0.699570759984009,0.21906875073788246,0.6269819482421412,0.19523299410819495,0.3553478496753295,0.5494137484905941,2645.0,699.0,3344.0,0.44777718264595606,0.7180023923444976,4825.0,0.49761658031088085,1.0,2401.0,2643.0,0.3567915247824442,0.0,943.0
0.58,0.3,7468.0,0.4606320299946438,0.7005671077504726,0.7660377358490567,0.7333024217997646,0.6431440814140332,0.7156976744186047,0.7688953488372093,0.2311046511627907,0.58,0.3,3440.0,2645.0,795.0,0.699570759984009,0.21906875073788246,0.6269819482421412,0.19871451526513123,0.36188224240041994,0.5491137502272221,2645.0,795.0,3440.0,0.4606320299946438,0.7156976744186047,4825.0,0.5102590673575129,1.0,2462.0,2643.0,0.37003405221339386,0.0,978.0
0.58,0.31,7468.0,0.4702731655061596,0.7005671077504726,0.76239907727797,0.7314830925142213,0.6431440814140332,0.7158314350797267,0.753132118451025,0.24686788154897493,0.58,0.31,3512.0,2645.0,867.0,0.699570759984009,0.21906875073788246,0.6269819482421412,0.2029994643813605,0.3655637435009106,0.5553052456386579,2645.0,867.0,3512.0,0.4702731655061596,0.7158314350797267,4825.0,0.5210362694300518,1.0,2514.0,2643.0,0.3776012107453651,0.0,998.0
0.58,0.32,7468.0,0.4817889662560257,0.7005671077504726,0.7586568730325288,0.7296119903915007,0.6431440814140332,0.7159533073929961,0.7351306281267371,0.2648693718732629,0.58,0.32,3598.0,2645.0,953.0,0.699570759984009,0.21906875073788246,0.6269819482421412,0.2080878414568827,0.3699331863993436,0.5625011464428376,2645.0,953.0,3598.0,0.4817889662560257,0.7159533073929961,4825.0,0.5338860103626943,1.0,2576.0,2643.0,0.3866818009837306,0.0,1022.0
0.58,0.33,7468.0,0.49236743438671665,0.7005671077504726,0.7548449612403101,0.7277060344953914,0.6431440814140332,0.715800924666848,0.7193364155561599,0.2806635844438401,0.58,0.33,3677.0,2645.0,1032.0,0.699570759984009,0.21906875073788246,0.6269819482421412,0.2125066952329941,0.37407267953816314,0.5680893228967127,2645.0,1032.0,3677.0,0.49236743438671665,0.715800924666848,4825.0,0.5454922279792747,1.0,2632.0,2643.0,0.39538403329549754,0.0,1045.0
0.58,0.34,7468.0,0.5030798071772897,0.7005671077504726,0.7517985611510791,0.7261828344507759,0.6431440814140332,0.7157306361458611,0.7040191642267767,0.2959808357732233,0.58,0.34,3757.0,2645.0,1112.0,0.699570759984009,0.21906875073788246,0.6269819482421412,0.21705945366898768,0.3781668636384619,0.5739779831066917,2645.0,1112.0,3757.0,0.5030798071772897,0.7157306361458611,4825.0,0.5573056994818653,1.0,2689.0,2643.0,0.40408626560726446,0.0,1068.0
0.58,0.35,7468.0,0.5167380824852705,0.7005671077504726,0.7438220757825371,0.7221945917665049,0.6431440814140332,0.7141746566467997,0.6854107281679191,0.31458927183208085,0.58,0.35,3859.0,2645.0,1214.0,0.699570759984009,0.21906875073788246,0.6269819482421412,0.22134440278521694,0.38431346561111646,0.5759475599774937,2645.0,1214.0,3859.0,0.5167380824852705,0.7141746566467997,4825.0,0.5711917098445596,1.0,2756.0,2643.0,0.41732879303821413,0.0,1103.0
0.58,0.36,7468.0,0.5287895018746652,0.7005671077504726,0.7361963190184049,0.7183817133844388,0.6431440814140332,0.7123322360091162,0.6697898202076475,0.3302101797923525,0.58,0.36,3949.0,2645.0,1304.0,0.699570759984009,0.21906875073788246,0.6269819482421412,0.22455811462238884,0.39002011951454274,0.5757603348819437,2645.0,1304.0,3949.0,0.5287895018746652,0.7123322360091162,4825.0,0.5830051813471503,1.0,2813.0,2643.0,0.4298146046159667,0.0,1136.0
0.58,0.37,7468.0,0.5421799678628816,0.7005671077504726,0.7321937321937322,0.7163804199721024,0.6431440814140332,0.7115337120276611,0.653247715485305,0.346752284514695,0.58,0.37,4049.0,2645.0,1404.0,0.699570759984009,0.21906875073788246,0.6269819482421412,0.22937868237814674,0.3954752112868358,0.5800077371013268,2645.0,1404.0,4049.0,0.5421799678628816,0.7115337120276611,4825.0,0.5970984455958549,1.0,2881.0,2643.0,0.4419220582671207,0.0,1168.0
0.58,0.38,7468.0,0.5573111944295661,0.7005671077504726,0.7297297297297297,0.7151484187401012,0.6431440814140332,0.7111965401249399,0.6355117731859683,0.3644882268140317,0.58,0.38,4162.0,2645.0,1517.0,0.699570759984009,0.21906875073788246,0.6269819482421412,0.2354043920728441,0.40118998140327605,0.586765380455041,2645.0,1517.0,4162.0,0.5573111944295661,0.7111965401249399,4825.0,0.6134715025906736,1.0,2960.0,2643.0,0.4547862277714718,0.0,1202.0
0.58,0.39,7468.0,0.571103374397429,0.7005671077504726,0.7197530864197531,0.7101600970851129,0.6431440814140332,0.7078546307151231,0.6201641266119577,0.3798358733880422,0.58,0.39,4265.0,2645.0,1620.0,0.699570759984009,0.21906875073788246,0.6269819482421412,0.23741296197107659,0.40846689732850594,0.5812293811905627,2645.0,1620.0,4265.0,0.571103374397429,0.7078546307151231,4825.0,0.625699481865285,1.0,3019.0,2643.0,0.4714339765418086,0.0,1246.0
0.58,0.4,7468.0,0.5897161221210498,0.7005671077504726,0.7123365548607163,0.7064518313055945,0.6431440814140332,0.7052679382379655,0.6005903723887375,0.3994096276112625,0.58,0.4,4404.0,2645.0,1759.0,0.699570759984009,0.21906875073788246,0.6269819482421412,0.24209962506695237,0.4169031644483509,0.5807094925443903,2645.0,1759.0,4404.0,0.5897161221210498,0.7052679382379655,4825.0,0.6437305699481866,1.0,3106.0,2643.0,0.4911085887249338,0.0,1298.0
0.58,0.41,7468.0,0.6069898232458489,0.7005671077504726,0.7044491525423728,0.7025081301464227,0.6431440814140332,0.7021839841164792,0.5834987866754908,0.4165012133245092,0.58,0.41,4533.0,2645.0,1888.0,0.699570759984009,0.21906875073788246,0.6269819482421412,0.24544724156400646,0.42517207203780594,0.5772891911446656,2645.0,1888.0,4533.0,0.6069898232458489,0.7021839841164792,4825.0,0.6596891191709845,1.0,3183.0,2643.0,0.5107832009080591,0.0,1350.0
0.58,0.42,7468.0,0.6245313336904125,0.7005671077504726,0.7003467062902426,0.7004569070203577,0.6431440814140332,0.7004716981132075,0.5671097770154374,0.4328902229845626,0.58,0.42,4664.0,2645.0,2019.0,0.699570759984009,0.21906875073788246,0.6269819482421412,0.2504017139796465,0.43250989567336257,0.5789502540509578,2645.0,2019.0,4664.0,0.6245313336904125,0.7004716981132075,4825.0,0.677098445595855,1.0,3267.0,2643.0,0.5285660234581915,0.0,1397.0
0.58,0.43,7468.0,0.6434118907337976,0.7005671077504726,0.6888888888888889,0.6947279983196808,0.6431440814140332,0.6953173777315297,0.5504682622268471,0.449531737773153,0.58,0.43,4805.0,2645.0,2160.0,0.699570759984009,0.21906875073788246,0.6269819482421412,0.25133904659882167,0.44276000504504465,0.5676642960857574,2645.0,2160.0,4805.0,0.6434118907337976,0.6953173777315297,4825.0,0.6924352331606217,1.0,3341.0,2643.0,0.5539160045402951,0.0,1464.0
0.58,0.44,7468.0,0.6655061596143546,0.7005671077504726,0.6843010752688172,0.692434091509645,0.6431440814140332,0.6929577464788732,0.5321931589537223,0.4678068410462777,0.58,0.44,4970.0,2645.0,2325.0,0.699570759984009,0.21906875073788246,0.6269819482421412,0.2568291376539903,0.4520381742510052,0.5681580722237403,2645.0,2325.0,4970.0,0.6655061596143546,0.6929577464788732,4825.0,0.7137823834196891,1.0,3444.0,2643.0,0.577374195989406,0.0,1526.0
0.58,0.45,7468.0,0.6898768077129084,0.7005671077504726,0.676505783805345,0.6885364457779088,0.6431440814140332,0.688858695652174,0.5133928571428571,0.48660714285714285,0.58,0.45,5152.0,2645.0,2507.0,0.699570759984009,0.21906875073788246,0.6269819482421412,0.26057846813069097,0.4633024603767054,0.5624370479682277,2645.0,2507.0,5152.0,0.6898768077129084,0.688858695652174,4825.0,0.7355440414507772,1.0,3549.0,2643.0,0.6065077563374953,0.0,1603.0
0.58,0.46,7468.0,0.7193358328869844,0.7005671077504726,0.6648331499816649,0.6827001288660688,0.6431440814140332,0.6824274013402829,0.49236783320923305,0.507632166790767,0.58,0.46,5372.0,2645.0,2727.0,0.699570759984009,0.21906875073788246,0.6269819482421412,0.2624531333690412,0.4779553846950274,0.549116385698859,2645.0,2727.0,5372.0,0.7193358328869844,0.6824274013402829,4825.0,0.7597927461139896,1.0,3666.0,2643.0,0.6454786227771472,0.0,1706.0
0.58,0.47,7468.0,0.7485270487412962,0.7005671077504726,0.6560271646859083,0.6782971362181904,0.6431440814140332,0.6771019677996423,0.4731663685152057,0.5268336314847942,0.58,0.47,5590.0,2645.0,2945.0,0.699570759984009,0.21906875073788246,0.6269819482421412,0.2651312265666846,0.4916278176500042,0.5392925645135783,2645.0,2945.0,5590.0,0.7485270487412962,0.6771019677996423,4825.0,0.7842487046632124,1.0,3784.0,2643.0,0.6833144154370034,0.0005537098560354374,1806.0
0.58,0.48,7468.0,0.7765131226566685,0.7005671077504726,0.6487000634115409,0.6746335855810067,0.6431440814140332,0.672357302983273,0.45611312295223316,0.5438868770477668,0.58,0.48,5799.0,2645.0,3154.0,0.699570759984009,0.21906875073788246,0.6269819482421412,0.2676754151044457,0.504399498191772,0.5306813667817645,2645.0,3154.0,5799.0,0.7765131226566685,0.672357302983273,4825.0,0.8082901554404145,0.9992307692307693,3900.0,2643.0,0.7185017026106697,0.00105318588730911,1899.0
0.58,0.49,7468.0,0.7964649169791109,0.7005671077504726,0.641537995761429,0.6710525517559508,0.6431440814140332,0.667787491593813,0.4446872898453262,0.5553127101546739,0.58,0.49,5948.0,2645.0,3303.0,0.699570759984009,0.21906875073788246,0.6269819482421412,0.2672737011247991,0.5143885767852509,0.5195949388984616,2645.0,3303.0,5948.0,0.7964649169791109,0.667787491593813,4825.0,0.8236269430051814,0.9972320080523402,3974.0,2643.0,0.7468785471055619,0.004559270516717325,1974.0
0.58,0.5,7468.0,0.8130690948044992,0.7005671077504726,0.6381674934344909,0.6693673005924817,0.6431440814140332,0.6653491436100132,0.4356060606060606,0.5643939393939394,0.58,0.5,6072.0,2645.0,3427.0,0.699570759984009,0.21906875073788246,0.6269819482421412,0.2688805570433851,0.5216265607506553,0.5154656171197419,2645.0,3427.0,6072.0,0.8130690948044992,0.6653491436100132,4825.0,0.8389637305699482,0.9913537549407114,4048.0,2643.0,0.76579644343549,0.0133399209486166,2024.0
0.59,0.2,7468.0,0.36033743974290305,0.7089968152866242,0.8659217877094972,0.7874593014980606,0.6431440814140332,0.7194351542177629,0.9334819769602378,0.06651802303976218,0.59,0.2,2691.0,2512.0,179.0,0.699570759984009,0.21906875073788246,0.6269819482421412,0.1581414033208356,0.31795914550620136,0.4973639084010913,2512.0,179.0,2691.0,0.36033743974290305,0.7194351542177629,4825.0,0.40124352331606217,1.0,1936.0,2643.0,0.2856602345819145,0.0,755.0
0.59,0.21,7468.0,0.3662292447777183,0.7089968152866242,0.852017937219731,0.7805073762531776,0.6431440814140332,0.7206581352833638,0.9184643510054845,0.08153564899451554,0.59,0.21,2735.0,2512.0,223.0,0.699570759984009,0.21906875073788246,0.6269819482421412,0.1616229244777718,0.31984865194334217,0.5053106320623217,2512.0,223.0,2735.0,0.3662292447777183,0.7206581352833638,4825.0,0.40849740932642487,1.0,1971.0,2643.0,0.28906545592130156,0.0,764.0
0.59,0.22,7468.0,0.3715854311730048,0.7089968152866242,0.844106463878327,0.7765516395824756,0.6431440814140332,0.7218018018018018,0.9052252252252252,0.09477477477477478,0.59,0.22,2775.0,2512.0,263.0,0.699570759984009,0.21906875073788246,0.6269819482421412,0.16483663631494372,0.3215188912475137,0.512681029955556,2512.0,263.0,2775.0,0.3715854311730048,0.7218018018018018,4825.0,0.4151295336787565,1.0,2003.0,2643.0,0.29209231933409,0.0,772.0
0.59,0.23,7468.0,0.3780128548473487,0.7089968152866242,0.8360128617363344,0.7725048385114792,0.6431440814140332,0.7229897272405242,0.889833510449876,0.11016648955012398,0.59,0.23,2823.0,2512.0,311.0,0.699570759984009,0.21906875073788246,0.6269819482421412,0.16858596679164434,0.32359456736455294,0.5209789773810384,2512.0,311.0,2823.0,0.3780128548473487,0.7229897272405242,4825.0,0.42300518134715026,1.0,2041.0,2643.0,0.2958758986000757,0.0,782.0
0.59,0.24,7468.0,0.3843063738618104,0.7089968152866242,0.8296089385474861,0.7693028769170551,0.6431440814140332,0.7240418118466899,0.8752613240418119,0.12473867595818815,0.59,0.24,2870.0,2512.0,358.0,0.699570759984009,0.21906875073788246,0.6269819482421412,0.1722013926084628,0.3256570137839408,0.5287814643006918,2512.0,358.0,2870.0,0.3843063738618104,0.7240418118466899,4825.0,0.4306735751295337,1.0,2078.0,2643.0,0.2996594778660613,0.0,792.0
0.59,0.25,7468.0,0.39140332083556506,0.7089968152866242,0.8150851581508516,0.7620409867187379,0.6431440814140332,0.7239137872049265,0.8593910366062265,0.14060896339377352,0.59,0.25,2923.0,2512.0,411.0,0.699570759984009,0.21906875073788246,0.6269819482421412,0.17528119978575257,0.32872642200606,0.5332129943072276,2512.0,411.0,2923.0,0.39140332083556506,0.7239137872049265,4825.0,0.43854922279792746,1.0,2116.0,2643.0,0.30533484676503975,0.0,807.0
0.59,0.26,7468.0,0.3990358864488484,0.7089968152866242,0.8012820512820513,0.7551394332843377,0.6431440814140332,0.723489932885906,0.8429530201342282,0.15704697986577182,0.59,0.26,2980.0,2512.0,468.0,0.699570759984009,0.21906875073788246,0.6269819482421412,0.1783610069630423,0.33217079905208863,0.5369557091473083,2512.0,468.0,2980.0,0.3990358864488484,0.723489932885906,4825.0,0.44683937823834197,1.0,2156.0,2643.0,0.3117669315172153,0.0,824.0
0.59,0.27,7468.0,0.40934654525977504,0.7089968152866242,0.7944954128440367,0.7517461140653304,0.6431440814140332,0.7242394504416094,0.8217206411514557,0.17827935884854432,0.59,0.27,3057.0,2512.0,545.0,0.699570759984009,0.21906875073788246,0.6269819482421412,0.1835832886984467,0.3359786128322221,0.5464136158872792,2512.0,545.0,3057.0,0.40934654525977504,0.7242394504416094,4825.0,0.458860103626943,1.0,2214.0,2643.0,0.318955732122588,0.0,843.0
0.59,0.28,7468.0,0.41898768077129084,0.7089968152866242,0.7909238249594813,0.7499603201230527,0.6431440814140332,0.7251518056887184,0.8028124001278364,0.19718759987216364,0.59,0.28,3129.0,2512.0,617.0,0.699570759984009,0.21906875073788246,0.6269819482421412,0.1886716657739689,0.33934938853438495,0.5559805679592422,2512.0,617.0,3129.0,0.41898768077129084,0.7251518056887184,4825.0,0.47025906735751294,1.0,2269.0,2643.0,0.32538781687476354,0.0,860.0
0.59,0.29,7468.0,0.4299678628816283,0.7089968152866242,0.7839771101573677,0.7464869627219959,0.6431440814140332,0.7253192151977577,0.7823108066023046,0.21768919339769544,0.59,0.29,3211.0,2512.0,699.0,0.699570759984009,0.21906875073788246,0.6269819482421412,0.19376004284949114,0.34366249434011353,0.5638091035262406,2512.0,699.0,3211.0,0.4299678628816283,0.7253192151977577,4825.0,0.4826943005181347,1.0,2329.0,2643.0,0.3337116912599319,0.0,882.0
0.59,0.3,7468.0,0.442822710230316,0.7089968152866242,0.7660377358490567,0.7375172755678404,0.6431440814140332,0.7227094042939219,0.7596008466888419,0.24039915331115816,0.59,0.3,3307.0,2512.0,795.0,0.699570759984009,0.21906875073788246,0.6269819482421412,0.19724156400642737,0.3504148585775785,0.5628801381513335,2512.0,795.0,3307.0,0.442822710230316,0.7227094042939219,4825.0,0.49533678756476685,1.0,2390.0,2643.0,0.34695421869088156,0.0,917.0
0.59,0.31,7468.0,0.4524638457418318,0.7089968152866242,0.76239907727797,0.735697946282297,0.6431440814140332,0.7226990233796982,0.7434152116010654,0.2565847883989346,0.59,0.31,3379.0,2512.0,867.0,0.699570759984009,0.21906875073788246,0.6269819482421412,0.20152651312265668,0.3542155647477784,0.5689374866012876,2512.0,867.0,3379.0,0.4524638457418318,0.7226990233796982,4825.0,0.5061139896373057,1.0,2442.0,2643.0,0.3545213772228528,0.0,937.0
0.59,0.32,7468.0,0.46397964649169793,0.7089968152866242,0.7586568730325288,0.7338268441595766,0.6431440814140332,0.7226551226551227,0.7249639249639249,0.275036075036075,0.59,0.32,3465.0,2512.0,953.0,0.699570759984009,0.21906875073788246,0.6269819482421412,0.2066148901981789,0.35872326122898623,0.575972936603877,2512.0,953.0,3465.0,0.46397964649169793,0.7226551226551227,4825.0,0.5189637305699482,1.0,2504.0,2643.0,0.3636019674612183,0.0,961.0
0.59,0.33,7468.0,0.47455811462238884,0.7089968152866242,0.7548449612403101,0.7319208882634671,0.6431440814140332,0.7223476297968398,0.708803611738149,0.291196388261851,0.59,0.33,3544.0,2512.0,1032.0,0.699570759984009,0.21906875073788246,0.6269819482421412,0.2110337439742903,0.3629906132726427,0.5813752098756961,2512.0,1032.0,3544.0,0.47455811462238884,0.7223476297968398,4825.0,0.5305699481865285,1.0,2560.0,2643.0,0.37230419977298523,0.0,984.0
0.59,0.34,7468.0,0.48527048741296197,0.7089968152866242,0.7517985611510791,0.7303976882188516,0.6431440814140332,0.7221302428256071,0.6931567328918322,0.3068432671081678,0.59,0.34,3624.0,2512.0,1112.0,0.699570759984009,0.21906875073788246,0.6269819482421412,0.21558650241028393,0.367208377493405,0.5870958170450667,2512.0,1112.0,3624.0,0.48527048741296197,0.7221302428256071,4825.0,0.5423834196891192,1.0,2617.0,2643.0,0.38100643208475216,0.0,1007.0
0.59,0.35,7468.0,0.49892876272094266,0.7089968152866242,0.7438220757825371,0.7264094455345806,0.6431440814140332,0.7203435319377348,0.6741814278046162,0.3258185721953838,0.59,0.35,3726.0,2512.0,1214.0,0.699570759984009,0.21906875073788246,0.6269819482421412,0.21987145152651308,0.37353534718579817,0.5886228791545878,2512.0,1214.0,3726.0,0.49892876272094266,0.7203435319377348,4825.0,0.5562694300518135,1.0,2684.0,2643.0,0.3942489595157019,0.0,1042.0
0.59,0.36,7468.0,0.5109801821103375,0.7089968152866242,0.7361963190184049,0.7225965671525145,0.6431440814140332,0.7182914046121593,0.6582809224318659,0.3417190775681342,0.59,0.36,3816.0,2512.0,1304.0,0.699570759984009,0.21906875073788246,0.6269819482421412,0.22308516336368509,0.37940415044293624,0.5879881996631924,2512.0,1304.0,3816.0,0.5109801821103375,0.7182914046121593,4825.0,0.5680829015544041,1.0,2741.0,2643.0,0.4067347710934544,0.0,1075.0
0.59,0.37,7468.0,0.5243706480985538,0.7089968152866242,0.7321937321937322,0.7205952737401782,0.6431440814140332,0.7173135852911133,0.6414708886618999,0.3585291113381001,0.59,0.37,3916.0,2512.0,1404.0,0.699570759984009,0.21906875073788246,0.6269819482421412,0.2279057311194429,0.38500968622822396,0.5919480451313793,2512.0,1404.0,3916.0,0.5243706480985538,0.7173135852911133,4825.0,0.5821761658031088,1.0,2809.0,2643.0,0.4188422247446084,0.0,1107.0
0.59,0.38,7468.0,0.5395018746652384,0.7089968152866242,0.7297297297297297,0.7193632725081769,0.6431440814140332,0.7168031769669894,0.6234797716554976,0.3765202283445024,0.59,0.38,4029.0,2512.0,1517.0,0.699570759984009,0.21906875073788246,0.6269819482421412,0.23393144081414038,0.39087749605925,0.5984776385762577,2512.0,1517.0,4029.0,0.5395018746652384,0.7168031769669894,4825.0,0.5985492227979274,1.0,2888.0,2643.0,0.4317063942489595,0.0,1141.0
0.59,0.39,7468.0,0.5532940546331012,0.7089968152866242,0.7197530864197531,0.7143749508531887,0.6431440814140332,0.7132139399806389,0.6079380445304937,0.3920619554695063,0.59,0.39,4132.0,2512.0,1620.0,0.699570759984009,0.21906875073788246,0.6269819482421412,0.23594001071237272,0.3983428447460356,0.5923038754789152,2512.0,1620.0,4132.0,0.5532940546331012,0.7132139399806389,4825.0,0.6107772020725388,1.0,2947.0,2643.0,0.44835414301929627,0.0,1185.0
0.59,0.4,7468.0,0.571906802356722,0.7089968152866242,0.7123365548607163,0.7106666850736703,0.6431440814140332,0.7103722781549988,0.58815265745727,0.41184734254273003,0.59,0.4,4271.0,2512.0,1759.0,0.699570759984009,0.21906875073788246,0.6269819482421412,0.2406266738082485,0.4069890223018758,0.5912362757287556,2512.0,1759.0,4271.0,0.571906802356722,0.7103722781549988,4825.0,0.6288082901554404,1.0,3034.0,2643.0,0.4680287552024215,0.0,1237.0
0.59,0.41,7468.0,0.5891805034815212,0.7089968152866242,0.7044491525423728,0.7067229839144985,0.6431440814140332,0.7070454545454545,0.5709090909090909,0.4290909090909091,0.59,0.41,4400.0,2512.0,1888.0,0.699570759984009,0.21906875073788246,0.6269819482421412,0.24397429030530263,0.4154553003490379,0.5872455835810295,2512.0,1888.0,4400.0,0.5891805034815212,0.7070454545454545,4825.0,0.6447668393782383,1.0,3111.0,2643.0,0.4877033673855467,0.0,1289.0
0.59,0.42,7468.0,0.6067220139260846,0.7089968152866242,0.7003467062902426,0.7046717607884334,0.6431440814140332,0.7051423526815273,0.5544030015449128,0.44559699845508716,0.59,0.42,4531.0,2512.0,2019.0,0.699570759984009,0.21906875073788246,0.6269819482421412,0.24892876272094266,0.42296173065960824,0.5885373183354877,2512.0,2019.0,4531.0,0.6067220139260846,0.7051423526815273,4825.0,0.6621761658031088,1.0,3195.0,2643.0,0.5054861899356792,0.0,1336.0
0.59,0.43,7468.0,0.6256025709694697,0.7089968152866242,0.6888888888888889,0.6989428520877565,0.6431440814140332,0.6997003424657534,0.5376712328767124,0.4623287671232877,0.59,0.43,4672.0,2512.0,2160.0,0.699570759984009,0.21906875073788246,0.6269819482421412,0.2498660953401178,0.43343769773137636,0.576475227346221,2512.0,2160.0,4672.0,0.6256025709694697,0.6997003424657534,4825.0,0.6775129533678756,1.0,3269.0,2643.0,0.5308361710177828,0.0,1403.0
0.59,0.44,7468.0,0.6476968398500268,0.7089968152866242,0.6843010752688172,0.6966489452777207,0.6431440814140332,0.6971263179656813,0.5193301633243746,0.4806698366756254,0.59,0.44,4837.0,2512.0,2325.0,0.699570759984009,0.21906875073788246,0.6269819482421412,0.2553561863952866,0.442911195080199,0.576540374756273,2512.0,2325.0,4837.0,0.6476968398500268,0.6971263179656813,4825.0,0.698860103626943,1.0,3372.0,2643.0,0.5542943624668937,0.0,1465.0
0.59,0.45,7468.0,0.6720674879485806,0.7089968152866242,0.676505783805345,0.6927512995459846,0.6431440814140332,0.6927674835624626,0.5004981071926679,0.49950189280733215,0.59,0.45,5019.0,2512.0,2507.0,0.699570759984009,0.21906875073788246,0.6269819482421412,0.2591055168719872,0.4544017886609787,0.5702123612574539,2512.0,2507.0,5019.0,0.6720674879485806,0.6927674835624626,4825.0,0.720621761658031,1.0,3477.0,2643.0,0.583427922814983,0.0,1542.0
0.59,0.46,7468.0,0.7015265131226567,0.7089968152866242,0.6648331499816649,0.6869149826341445,0.6431440814140332,0.6860087803015843,0.4794808169497996,0.5205191830502004,0.59,0.46,5239.0,2512.0,2727.0,0.699570759984009,0.21906875073788246,0.6269819482421412,0.26098018211033747,0.46933268105487774,0.5560665017483021,2512.0,2727.0,5239.0,0.7015265131226567,0.6860087803015843,4825.0,0.7448704663212435,1.0,3594.0,2643.0,0.6223987892546349,0.0,1645.0
0.59,0.47,7468.0,0.7307177289769684,0.7089968152866242,0.6560271646859083,0.6825119899862662,0.6431440814140332,0.6804104819497893,0.4603261865493861,0.5396738134506139,0.59,0.47,5457.0,2512.0,2945.0,0.699570759984009,0.21906875073788246,0.6269819482421412,0.2636582753079807,0.48324913536859415,0.545594924048602,2512.0,2945.0,5457.0,0.7307177289769684,0.6804104819497893,4825.0,0.7693264248704663,1.0,3712.0,2643.0,0.6602345819144911,0.0005730659025787965,1745.0
0.59,0.48,7468.0,0.7587038028923406,0.7089968152866242,0.6487000634115409,0.6788484393490826,0.6431440814140332,0.6754324038122133,0.4433462760324744,0.5566537239675255,0.59,0.48,5666.0,2512.0,3154.0,0.699570759984009,0.21906875073788246,0.6269819482421412,0.2662024638457419,0.49623650563345234,0.5364427260463859,2512.0,3154.0,5666.0,0.7587038028923406,0.6754324038122133,4825.0,0.7933678756476684,0.9992163009404389,3828.0,2643.0,0.6954218690881574,0.001088139281828074,1838.0
0.59,0.49,7468.0,0.7786555972147831,0.7089968152866242,0.641537995761429,0.6752674055240266,0.6431440814140332,0.6706792777300086,0.43198624247635425,0.5680137575236457,0.59,0.49,5815.0,2512.0,3303.0,0.699570759984009,0.21906875073788246,0.6269819482421412,0.2658007498660953,0.5063866345731727,0.524896850980547,2512.0,3303.0,5815.0,0.7786555972147831,0.6706792777300086,4825.0,0.8087046632124353,0.9971809328549461,3902.0,2643.0,0.7237987135830496,0.004704652378463147,1913.0
0.59,0.5,7468.0,0.7952597750401714,0.7089968152866242,0.6381674934344909,0.6735821543605576,0.6431440814140332,0.6681259471291463,0.4229668294325644,0.5770331705674356,0.59,0.5,5939.0,2512.0,3427.0,0.699570759984009,0.21906875073788246,0.6269819482421412,0.2674076057846813,0.5137373693121273,0.5205142194400396,2512.0,3427.0,5939.0,0.7952597750401714,0.6681259471291463,4825.0,0.824041450777202,0.9911971830985915,3976.0,2643.0,0.7427166099129777,0.013754457463066735,1963.0
0.6,0.2,7468.0,0.3422603106588109,0.7202355910811948,0.8659217877094972,0.7930786893953461,0.6431440814140332,0.7304381846635368,0.9299687010954617,0.07003129890453834,0.6,0.2,2556.0,2377.0,179.0,0.699570759984009,0.21906875073788246,0.6269819482421412,0.1577396893411891,0.30374382406694445,0.5193181781579981,2377.0,179.0,2556.0,0.3422603106588109,0.7304381846635368,4825.0,0.38694300518134717,1.0,1867.0,2643.0,0.26068861142640937,0.0,689.0
0.6,0.21,7468.0,0.34815211569362614,0.7202355910811948,0.852017937219731,0.7861267641504629,0.6431440814140332,0.7315384615384616,0.9142307692307692,0.08576923076923076,0.6,0.21,2600.0,2377.0,223.0,0.699570759984009,0.21906875073788246,0.6269819482421412,0.16122121049812538,0.30572120076591086,0.5273471715217147,2377.0,223.0,2600.0,0.34815211569362614,0.7315384615384616,4825.0,0.39419689119170986,1.0,1902.0,2643.0,0.26409383276579645,0.0,698.0
0.6,0.22,7468.0,0.3535083020889127,0.7202355910811948,0.844106463878327,0.7821710274797609,0.6431440814140332,0.7325757575757575,0.9003787878787879,0.09962121212121212,0.6,0.22,2640.0,2377.0,263.0,0.699570759984009,0.21906875073788246,0.6269819482421412,0.16443492233529725,0.30746819327665054,0.5348030330647687,2377.0,263.0,2640.0,0.3535083020889127,0.7325757575757575,4825.0,0.40082901554404143,1.0,1934.0,2643.0,0.2671206961785849,0.0,706.0
0.6,0.23,7468.0,0.35993572576325655,0.7202355910811948,0.8360128617363344,0.7781242264087647,0.6431440814140332,0.7336309523809523,0.8843005952380952,0.11569940476190477,0.6,0.23,2688.0,2377.0,311.0,0.699570759984009,0.21906875073788246,0.6269819482421412,0.1681842528119978,0.30963807336248134,0.5431639946135145,2377.0,311.0,2688.0,0.35993572576325655,0.7336309523809523,4825.0,0.40870466321243526,1.0,1972.0,2643.0,0.2709042754445706,0.0,716.0
0.6,0.24,7468.0,0.3662292447777183,0.7202355910811948,0.8296089385474861,0.7749222648143405,0.6431440814140332,0.7345521023765996,0.8691042047531993,0.13089579524680073,0.6,0.24,2735.0,2377.0,358.0,0.699570759984009,0.21906875073788246,0.6269819482421412,0.1717996786288163,0.3117928528277244,0.5510058266914192,2377.0,358.0,2735.0,0.3662292447777183,0.7345521023765996,4825.0,0.41637305699481864,1.0,2009.0,2643.0,0.2746878547105562,0.0,726.0
0.6,0.25,7468.0,0.37332619175147297,0.7202355910811948,0.8150851581508516,0.7676603746160232,0.6431440814140332,0.7342180774748924,0.8525824964131994,0.14741750358680059,0.6,0.25,2788.0,2377.0,411.0,0.699570759984009,0.21906875073788246,0.6269819482421412,0.17487948580610607,0.3149973856600773,0.5551775785048055,2377.0,411.0,2788.0,0.37332619175147297,0.7342180774748924,4825.0,0.42424870466321246,1.0,2047.0,2643.0,0.28036322360953464,0.0,741.0
0.6,0.26,7468.0,0.3809587573647563,0.7202355910811948,0.8012820512820513,0.7607588211816231,0.6431440814140332,0.7335676625659051,0.8355008787346222,0.16449912126537786,0.6,0.26,2845.0,2377.0,468.0,0.699570759984009,0.21906875073788246,0.6269819482421412,0.17795929298339586,0.3185902261380286,0.558583655062586,2377.0,468.0,2845.0,0.3809587573647563,0.7335676625659051,4825.0,0.43253886010362697,1.0,2087.0,2643.0,0.2867953083617102,0.0,758.0
0.6,0.27,7468.0,0.3912694161756829,0.7202355910811948,0.7944954128440367,0.7573655019626158,0.6431440814140332,0.7340862422997947,0.8134839151266255,0.1865160848733744,0.6,0.27,2922.0,2377.0,545.0,0.699570759984009,0.21906875073788246,0.6269819482421412,0.18318157471880023,0.32255839894264315,0.5679020460148467,2377.0,545.0,2922.0,0.3912694161756829,0.7340862422997947,4825.0,0.44455958549222796,1.0,2145.0,2643.0,0.2939841089670829,0.0,777.0
0.6,0.28,7468.0,0.4009105516871987,0.7202355910811948,0.7909238249594813,0.7555797080203381,0.6431440814140332,0.7348029392117569,0.7939211756847028,0.20607882431529725,0.6,0.28,2994.0,2377.0,617.0,0.699570759984009,0.21906875073788246,0.6269819482421412,0.18826995179432246,0.32606793762410635,0.5773948618381533,2377.0,617.0,2994.0,0.4009105516871987,0.7348029392117569,4825.0,0.45595854922279794,1.0,2200.0,2643.0,0.30041619371925843,0.0,794.0
0.6,0.29,7468.0,0.41189073379753616,0.7202355910811948,0.7839771101573677,0.7521063506192813,0.6431440814140332,0.7347204161248374,0.7727568270481144,0.22724317295188556,0.6,0.29,3076.0,2377.0,699.0,0.699570759984009,0.21906875073788246,0.6269819482421412,0.19335832886984464,0.330554386544553,0.5849516350126647,2377.0,699.0,3076.0,0.41189073379753616,0.7347204161248374,4825.0,0.46839378238341967,1.0,2260.0,2643.0,0.3087400681044268,0.0,816.0
0.6,0.3,7468.0,0.4247455811462239,0.7202355910811948,0.7660377358490567,0.7431366634651257,0.6431440814140332,0.7317150063051703,0.7493694829760403,0.25063051702395966,0.6,0.3,3172.0,2377.0,795.0,0.699570759984009,0.21906875073788246,0.6269819482421412,0.19683985002678098,0.33756905302429824,0.5831098800772251,2377.0,795.0,3172.0,0.4247455811462239,0.7317150063051703,4825.0,0.4810362694300518,1.0,2321.0,2643.0,0.32198259553537645,0.0,851.0
0.6,0.31,7468.0,0.4343867166577397,0.7202355910811948,0.76239907727797,0.7413173341795825,0.6431440814140332,0.7315043156596794,0.7327373612823674,0.26726263871763256,0.6,0.31,3244.0,2377.0,867.0,0.699570759984009,0.21906875073788246,0.6269819482421412,0.2011247991430102,0.34151275050481605,0.5889232505835061,2377.0,867.0,3244.0,0.4343867166577397,0.7315043156596794,4825.0,0.4918134715025907,1.0,2373.0,2643.0,0.3295497540673477,0.0,871.0
0.6,0.32,7468.0,0.4459025174076058,0.7202355910811948,0.7586568730325288,0.7394462320568618,0.6431440814140332,0.7312312312312312,0.7138138138138138,0.2861861861861862,0.6,0.32,3330.0,2377.0,953.0,0.699570759984009,0.21906875073788246,0.6269819482421412,0.2062131762185324,0.3461858902302875,0.595671811122506,2377.0,953.0,3330.0,0.4459025174076058,0.7312312312312312,4825.0,0.5046632124352332,1.0,2435.0,2643.0,0.3386303443057132,0.0,895.0
0.6,0.33,7468.0,0.45648098553829675,0.7202355910811948,0.7548449612403101,0.7375402761607525,0.6431440814140332,0.7307128190085069,0.6972719272513934,0.30272807274860664,0.6,0.33,3409.0,2377.0,1032.0,0.699570759984009,0.21906875073788246,0.6269819482421412,0.21063202999464387,0.350605872414919,0.600765835848222,2377.0,1032.0,3409.0,0.45648098553829675,0.7307128190085069,4825.0,0.5162694300518135,1.0,2491.0,2643.0,0.3473325766174801,0.0,918.0
0.6,0.34,7468.0,0.4671933583288698,0.7202355910811948,0.7517985611510791,0.736017076116137,0.6431440814140332,0.7302952135282316,0.6812840355402694,0.3187159644597306,0.6,0.34,3489.0,2377.0,1112.0,0.699570759984009,0.21906875073788246,0.6269819482421412,0.21518478843063735,0.3549708226729575,0.6062041573171547,2377.0,1112.0,3489.0,0.4671933583288698,0.7302952135282316,4825.0,0.5280829015544042,1.0,2548.0,2643.0,0.35603480892924705,0.0,941.0
0.6,0.35,7468.0,0.4808516336368506,0.7202355910811948,0.7438220757825371,0.732028833431866,0.6431440814140332,0.7282094124199388,0.6619326093010304,0.3380673906989696,0.6,0.35,3591.0,2377.0,1214.0,0.699570759984009,0.21906875073788246,0.6269819482421412,0.21946973754686666,0.3615120302908217,0.6070883377527221,2377.0,1214.0,3591.0,0.4808516336368506,0.7282094124199388,4825.0,0.5419689119170984,1.0,2615.0,2643.0,0.3692773363601968,0.0,976.0
0.6,0.36,7468.0,0.4929030530262453,0.7202355910811948,0.7361963190184049,0.7282159550497999,0.6431440814140332,0.7258897038848139,0.645748437924477,0.35425156207552294,0.6,0.36,3681.0,2377.0,1304.0,0.699570759984009,0.21906875073788246,0.6269819482421412,0.22268344938403856,0.36757285239949833,0.605821262180739,2377.0,1304.0,3681.0,0.4929030530262453,0.7258897038848139,4825.0,0.5537823834196891,1.0,2672.0,2643.0,0.3817631479379493,0.0,1009.0
0.6,0.37,7468.0,0.5062935190144617,0.7202355910811948,0.7321937321937322,0.7262146616374635,0.6431440814140332,0.724676011637133,0.6286696641100238,0.3713303358899762,0.6,0.37,3781.0,2377.0,1404.0,0.699570759984009,0.21906875073788246,0.6269819482421412,0.22750401713979646,0.37335606455143144,0.6093486586675139,2377.0,1404.0,3781.0,0.5062935190144617,0.724676011637133,4825.0,0.5678756476683938,1.0,2740.0,2643.0,0.3938706015891033,0.0,1041.0
0.6,0.38,7468.0,0.5214247455811463,0.7202355910811948,0.7297297297297297,0.7249826604054623,0.6431440814140332,0.7239342578325629,0.6104262968669748,0.38957370313302514,0.6,0.38,3894.0,2377.0,1517.0,0.699570759984009,0.21906875073788246,0.6269819482421412,0.23352972683449388,0.37940415044293624,0.6155170589511451,2377.0,1517.0,3894.0,0.5214247455811463,0.7239342578325629,4825.0,0.5842487046632124,1.0,2819.0,2643.0,0.4067347710934544,0.0,1075.0
0.6,0.39,7468.0,0.5352169255490091,0.7202355910811948,0.7197530864197531,0.7199943387504739,0.6431440814140332,0.7200400300225169,0.5946960220165124,0.4053039779834876,0.6,0.39,3997.0,2377.0,1620.0,0.699570759984009,0.21906875073788246,0.6269819482421412,0.23553829673272636,0.3870908348283919,0.6084832694040586,2377.0,1620.0,3997.0,0.5352169255490091,0.7200400300225169,4825.0,0.5964766839378238,1.0,2878.0,2643.0,0.42338251986379116,0.0,1119.0
0.6,0.4,7468.0,0.5538296732726299,0.7202355910811948,0.7123365548607163,0.7162860729709556,0.6431440814140332,0.7168762088974855,0.5747098646034816,0.4252901353965184,0.6,0.4,4136.0,2377.0,1759.0,0.699570759984009,0.21906875073788246,0.6269819482421412,0.24022495982860204,0.39598277326420894,0.6066550770589162,2377.0,1759.0,4136.0,0.5538296732726299,0.7168762088974855,4825.0,0.6145077720207254,1.0,2965.0,2643.0,0.4430571320469164,0.0,1171.0
0.6,0.41,7468.0,0.571103374397429,0.7202355910811948,0.7044491525423728,0.7123423718117838,0.6431440814140332,0.7132473622508793,0.557327080890973,0.44267291910902695,0.6,0.41,4265.0,2377.0,1888.0,0.699570759984009,0.21906875073788246,0.6269819482421412,0.24357257632565613,0.4046793780709445,0.6018902605977499,2377.0,1888.0,4265.0,0.571103374397429,0.7132473622508793,4825.0,0.6304663212435233,1.0,3042.0,2643.0,0.4627317442300416,0.0,1223.0
0.6,0.42,7468.0,0.5886448848419925,0.7202355910811948,0.7003467062902426,0.7102911486857187,0.6431440814140332,0.7111010009099181,0.5407188353048226,0.45928116469517744,0.6,0.42,4396.0,2377.0,2019.0,0.699570759984009,0.21906875073788246,0.6269819482421412,0.24852704874129622,0.41238200500306527,0.6026622057367632,2377.0,2019.0,4396.0,0.5886448848419925,0.7111010009099181,4825.0,0.6478756476683938,1.0,3126.0,2643.0,0.48051456678017407,0.0,1270.0
0.6,0.43,7468.0,0.6075254418853776,0.7202355910811948,0.6888888888888889,0.7045622399850419,0.6431440814140332,0.7053118800969804,0.5239144809345383,0.47608551906546176,0.6,0.43,4537.0,2377.0,2160.0,0.699570759984009,0.21906875073788246,0.6269819482421412,0.2494643813604714,0.42311999511066967,0.5895830597540597,2377.0,2160.0,4537.0,0.6075254418853776,0.7053118800969804,4825.0,0.6632124352331606,1.0,3200.0,2643.0,0.5058645478622777,0.0,1337.0
0.6,0.44,7468.0,0.6296197107659347,0.7202355910811948,0.6843010752688172,0.702268333175006,0.6431440814140332,0.7024670353041259,0.505529561888558,0.4944704381114419,0.6,0.44,4702.0,2377.0,2325.0,0.699570759984009,0.21906875073788246,0.6269819482421412,0.25495447241564007,0.43281938401040604,0.5890551159083723,2377.0,2325.0,4702.0,0.6296197107659347,0.7024670353041259,4825.0,0.684559585492228,1.0,3303.0,2643.0,0.5293227393113886,0.0,1399.0
0.6,0.45,7468.0,0.6539903588644885,0.7202355910811948,0.676505783805345,0.6983706874432699,0.6431440814140332,0.6977886977886978,0.4866912366912367,0.5133087633087633,0.6,0.45,4884.0,2377.0,2507.0,0.699570759984009,0.21906875073788246,0.6269819482421412,0.2587038028923407,0.4445708919689569,0.5819179968048948,2377.0,2507.0,4884.0,0.6539903588644885,0.6977886977886978,4825.0,0.706321243523316,1.0,3408.0,2643.0,0.5584562996594779,0.0,1476.0
0.6,0.46,7468.0,0.6834493840385646,0.7202355910811948,0.6648331499816649,0.6925343705314299,0.6431440814140332,0.6906347962382445,0.4657131661442006,0.5342868338557993,0.6,0.46,5104.0,2377.0,2727.0,0.699570759984009,0.21906875073788246,0.6269819482421412,0.26057846813069097,0.4598211151675582,0.5666953072299356,2377.0,2727.0,5104.0,0.6834493840385646,0.6906347962382445,4825.0,0.7305699481865285,1.0,3525.0,2643.0,0.5974271660991298,0.0,1579.0
0.6,0.47,7468.0,0.7126405998928763,0.7202355910811948,0.6560271646859083,0.6881313778835516,0.6431440814140332,0.6847049981210072,0.44663660278090944,0.5533633972190906,0.6,0.47,5322.0,2377.0,2945.0,0.699570759984009,0.21906875073788246,0.6269819482421412,0.26325656132833425,0.4740168976758856,0.5553737907215681,2377.0,2945.0,5322.0,0.7126405998928763,0.6847049981210072,4825.0,0.7550259067357513,1.0,3643.0,2643.0,0.635262958758986,0.0005955926146515784,1679.0
0.6,0.48,7468.0,0.7406266738082485,0.7202355910811948,0.6487000634115409,0.6844678272463678,0.6431440814140332,0.6794431386729344,0.42975953715422166,0.5702404628457783,0.6,0.48,5531.0,2377.0,3154.0,0.699570759984009,0.21906875073788246,0.6269819482421412,0.26580074986609536,0.4872504099239698,0.5455115982510322,2377.0,3154.0,5531.0,0.7406266738082485,0.6794431386729344,4825.0,0.7790673575129534,0.9992019154030327,3759.0,2643.0,0.6704502459326523,0.001128668171557562,1772.0
0.6,0.49,7468.0,0.760578468130691,0.7202355910811948,0.641537995761429,0.6808867934213119,0.6431440814140332,0.6744718309859155,0.41848591549295777,0.5815140845070422,0.6,0.49,5680.0,2377.0,3303.0,0.699570759984009,0.21906875073788246,0.6269819482421412,0.2653990358864488,0.49758387847891644,0.5333754716848091,2377.0,3303.0,5680.0,0.760578468130691,0.6744718309859155,4825.0,0.7944041450777202,0.9971301852334986,3833.0,2643.0,0.6988270904275444,0.004872766648619383,1847.0
0.6,0.5,7468.0,0.7771826459560792,0.7202355910811948,0.6381674934344909,0.6792015422578428,0.6431440814140332,0.6717780840799449,0.4095451412818746,0.5904548587181254,0.6,0.5,5804.0,2377.0,3427.0,0.699570759984009,0.21906875073788246,0.6269819482421412,0.2670058918050348,0.5050627456816847,0.5286588529602517,2377.0,3427.0,5804.0,0.7771826459560792,0.6717780840799449,4825.0,0.809740932642487,0.991041719989762,3907.0,2643.0,0.7177449867574726,0.014232999472851872,1897.0
0.61,0.2,7468.0,0.3225763256561328,0.7291479820627803,0.8659217877094972,0.7975348848861388,0.6431440814140332,0.7393109173931092,0.9256953092569531,0.07430469074304691,0.61,0.2,2409.0,2230.0,179.0,0.699570759984009,0.21906875073788246,0.6269819482421412,0.15439207284413498,0.2899864245201815,0.5324113813244734,2230.0,179.0,2409.0,0.3225763256561328,0.7393109173931092,4825.0,0.36911917098445596,1.0,1781.0,2643.0,0.2376087779038971,0.0,628.0
0.61,0.21,7468.0,0.32846813069094805,0.7291479820627803,0.852017937219731,0.7905829596412557,0.6431440814140332,0.7403179779861394,0.9090909090909091,0.09090909090909091,0.61,0.21,2453.0,2230.0,223.0,0.699570759984009,0.21906875073788246,0.6269819482421412,0.15787359400107123,0.2920569607883681,0.5405575459489577,2230.0,223.0,2453.0,0.32846813069094805,0.7403179779861394,4825.0,0.37637305699481866,1.0,1816.0,2643.0,0.24101399924328415,0.0,637.0
0.61,0.22,7468.0,0.3338243170862346,0.7291479820627803,0.844106463878327,0.7866272229705537,0.6431440814140332,0.7412755716004813,0.8945046129161652,0.10549538708383474,0.61,0.22,2493.0,2230.0,263.0,0.699570759984009,0.21906875073788246,0.6269819482421412,0.16108730583824316,0.2938851912294931,0.5481300543396591,2230.0,263.0,2493.0,0.3338243170862346,0.7412755716004813,4825.0,0.3830051813471503,1.0,1848.0,2643.0,0.24404086265607264,0.0,645.0
0.61,0.23,7468.0,0.34025174076057846,0.7291479820627803,0.8360128617363344,0.7825804218995573,0.6431440814140332,0.7422274695001968,0.8776072412436049,0.12239275875639512,0.61,0.23,2541.0,2230.0,311.0,0.699570759984009,0.21906875073788246,0.6269819482421412,0.16483663631494377,0.2961546086469318,0.556589806479959,2230.0,311.0,2541.0,0.34025174076057846,0.7422274695001968,4825.0,0.39088082901554405,1.0,1886.0,2643.0,0.24782444192205827,0.0,655.0
0.61,0.24,7468.0,0.3465452597750402,0.7291479820627803,0.8296089385474861,0.7793784603051332,0.6431440814140332,0.7430448222565688,0.8616692426584235,0.13833075734157652,0.61,0.24,2588.0,2230.0,358.0,0.699570759984009,0.21906875073788246,0.6269819482421412,0.16845206213176217,0.2984067673857934,0.5645048321373353,2230.0,358.0,2588.0,0.3465452597750402,0.7430448222565688,4825.0,0.3985492227979275,1.0,1923.0,2643.0,0.2516080211880439,0.0,665.0
0.61,0.25,7468.0,0.3536422067487949,0.7291479820627803,0.8150851581508516,0.772116570106816,0.6431440814140332,0.7425217720560394,0.8443771298750473,0.15562287012495266,0.61,0.25,2641.0,2230.0,411.0,0.699570759984009,0.21906875073788246,0.6269819482421412,0.17153186930905198,0.3017534899878897,0.5684503245213041,2230.0,411.0,2641.0,0.3536422067487949,0.7425217720560394,4825.0,0.40642487046632125,1.0,1961.0,2643.0,0.25728339008702233,0.0,680.0
0.61,0.26,7468.0,0.3612747723620782,0.7291479820627803,0.8012820512820513,0.7652150166724159,0.6431440814140332,0.7416604892512972,0.8265381764269829,0.17346182357301704,0.61,0.26,2698.0,2230.0,468.0,0.699570759984009,0.21906875073788246,0.6269819482421412,0.1746116764863417,0.30550212427717793,0.5715563415458248,2230.0,468.0,2698.0,0.3612747723620782,0.7416604892512972,4825.0,0.41471502590673576,1.0,2001.0,2643.0,0.2637154748391979,0.0,697.0
0.61,0.27,7468.0,0.3715854311730048,0.7291479820627803,0.7944954128440367,0.7618216974534084,0.6431440814140332,0.741981981981982,0.8036036036036036,0.1963963963963964,0.61,0.27,2775.0,2230.0,545.0,0.699570759984009,0.21906875073788246,0.6269819482421412,0.17983395822174608,0.30963807336248134,0.5807876152595143,2230.0,545.0,2775.0,0.3715854311730048,0.741981981981982,4825.0,0.4267357512953368,1.0,2059.0,2643.0,0.2709042754445706,0.0,716.0
0.61,0.28,7468.0,0.3812265666845206,0.7291479820627803,0.7909238249594813,0.7600359035111308,0.6431440814140332,0.7425360028099754,0.7832806462943449,0.21671935370565507,0.61,0.28,2847.0,2230.0,617.0,0.699570759984009,0.21906875073788246,0.6269819482421412,0.18492233529726837,0.3132923805227732,0.5902548124173942,2230.0,617.0,2847.0,0.3812265666845206,0.7425360028099754,4825.0,0.43813471502590673,1.0,2114.0,2643.0,0.2773363601967461,0.0,733.0
0.61,0.29,7468.0,0.39220674879485806,0.7291479820627803,0.7839771101573677,0.756562546110074,0.6431440814140332,0.7422328439740525,0.7613519972686924,0.23864800273130762,0.61,0.29,2929.0,2230.0,699.0,0.699570759984009,0.21906875073788246,0.6269819482421412,0.19001071237279055,0.3179591455062014,0.5975947383752314,2230.0,699.0,2929.0,0.39220674879485806,0.7422328439740525,4825.0,0.4505699481865285,1.0,2174.0,2643.0,0.2856602345819145,0.0,755.0
0.61,0.3,7468.0,0.4050615961435458,0.7291479820627803,0.7660377358490567,0.7475928589559184,0.6431440814140332,0.7388429752066116,0.7371900826446282,0.2628099173553719,0.61,0.3,3025.0,2230.0,795.0,0.699570759984009,0.21906875073788246,0.6269819482421412,0.19349223352972683,0.3252455707721621,0.5949112022351571,2230.0,795.0,3025.0,0.4050615961435458,0.7388429752066116,4825.0,0.46321243523316064,1.0,2235.0,2643.0,0.29890276201286414,0.0,790.0
0.61,0.31,7468.0,0.4147027316550616,0.7291479820627803,0.76239907727797,0.7457735296703751,0.6431440814140332,0.7384565708750404,0.7200516628995802,0.2799483371004198,0.61,0.31,3097.0,2230.0,867.0,0.699570759984009,0.21906875073788246,0.6269819482421412,0.1977771826459561,0.32933687085498453,0.6005315533985336,2230.0,867.0,3097.0,0.4147027316550616,0.7384565708750404,4825.0,0.4739896373056995,1.0,2287.0,2643.0,0.3064699205448354,0.0,810.0
0.61,0.32,7468.0,0.4262185324049277,0.7291479820627803,0.7586568730325288,0.7439024275476546,0.6431440814140332,0.7379830348727615,0.7005969211435752,0.29940307885642475,0.61,0.32,3183.0,2230.0,953.0,0.699570759984009,0.21906875073788246,0.6269819482421412,0.20286555972147827,0.3341803200993809,0.6070541785977961,2230.0,953.0,3183.0,0.4262185324049277,0.7379830348727615,4825.0,0.48683937823834195,1.0,2349.0,2643.0,0.3155505107832009,0.0,834.0
0.61,0.33,7468.0,0.43679700053561865,0.7291479820627803,0.7548449612403101,0.7419964716515453,0.6431440814140332,0.7372777437155119,0.683629675045984,0.31637032495401596,0.61,0.33,3262.0,2230.0,1032.0,0.699570759984009,0.21906875073788246,0.6269819482421412,0.2072844134975897,0.3387569829819224,0.6118970941143708,2230.0,1032.0,3262.0,0.43679700053561865,0.7372777437155119,4825.0,0.49844559585492226,1.0,2405.0,2643.0,0.3242527430949678,0.0,857.0
0.61,0.34,7468.0,0.44750937332619173,0.7291479820627803,0.7517985611510791,0.7404732716069298,0.6431440814140332,0.7366846199880311,0.6672651107121484,0.3327348892878516,0.61,0.34,3342.0,2230.0,1112.0,0.699570759984009,0.21906875073788246,0.6269819482421412,0.21183717193358328,0.34327263318870066,0.6171105746642322,2230.0,1112.0,3342.0,0.44750937332619173,0.7366846199880311,4825.0,0.5102590673575129,1.0,2462.0,2643.0,0.33295497540673474,0.0,880.0
0.61,0.35,7468.0,0.4611676486341725,0.7291479820627803,0.7438220757825371,0.7364850289226588,0.6431440814140332,0.7343205574912892,0.6475029036004646,0.3524970963995354,0.61,0.35,3444.0,2230.0,1214.0,0.699570759984009,0.21906875073788246,0.6269819482421412,0.21612212104981254,0.35003251819249587,0.6174344091395502,2230.0,1214.0,3444.0,0.4611676486341725,0.7343205574912892,4825.0,0.5241450777202072,1.0,2529.0,2643.0,0.34619750283768447,0.0,915.0
0.61,0.36,7468.0,0.4732190680235672,0.7291479820627803,0.7361963190184049,0.7326721505405926,0.6431440814140332,0.7317487266553481,0.6310130164119977,0.36898698358800225,0.61,0.36,3534.0,2230.0,1304.0,0.699570759984009,0.21906875073788246,0.6269819482421412,0.2193358328869845,0.3562886716811122,0.6156127048667319,2230.0,1304.0,3534.0,0.4732190680235672,0.7317487266553481,4825.0,0.535958549222798,1.0,2586.0,2643.0,0.358683314415437,0.0,948.0
0.61,0.37,7468.0,0.4866095340117836,0.7291479820627803,0.7321937321937322,0.7306708571282563,0.6431440814140332,0.7303247110621904,0.6136488717666483,0.38635112823335166,0.61,0.37,3634.0,2230.0,1404.0,0.699570759984009,0.21906875073788246,0.6269819482421412,0.22415640064274236,0.362252076163161,0.6187856892827873,2230.0,1404.0,3634.0,0.4866095340117836,0.7303247110621904,4825.0,0.5500518134715026,1.0,2654.0,2643.0,0.370790768066591,0.0,980.0
0.61,0.38,7468.0,0.5017407605784682,0.7291479820627803,0.7297297297297297,0.729438855896255,0.6431440814140332,0.7293835068054444,0.5951427808913797,0.4048572191086202,0.61,0.38,3747.0,2230.0,1517.0,0.699570759984009,0.21906875073788246,0.6269819482421412,0.2301821103374398,0.36848246243276517,0.6246758904555458,2230.0,1517.0,3747.0,0.5017407605784682,0.7293835068054444,4825.0,0.5664248704663213,1.0,2733.0,2643.0,0.3836549375709421,0.0,1014.0
0.61,0.39,7468.0,0.515532940546331,0.7291479820627803,0.7197530864197531,0.7244505342412667,0.6431440814140332,0.7251948051948052,0.5792207792207792,0.42077922077922075,0.61,0.39,3850.0,2230.0,1620.0,0.699570759984009,0.21906875073788246,0.6269819482421412,0.2321906802356722,0.3763922557058386,0.6168848500887751,2230.0,1620.0,3850.0,0.515532940546331,0.7251948051948052,4825.0,0.5786528497409327,1.0,2792.0,2643.0,0.40030268634127886,0.0,1058.0
0.61,0.4,7468.0,0.5341456882699518,0.7291479820627803,0.7123365548607163,0.7207422684617484,0.6431440814140332,0.7217347706192028,0.5590373527199799,0.44096264728002005,0.61,0.4,3989.0,2230.0,1759.0,0.699570759984009,0.21906875073788246,0.6269819482421412,0.2368773433315479,0.38553102659734395,0.6144183658114426,2230.0,1759.0,3989.0,0.5341456882699518,0.7217347706192028,4825.0,0.5966839378238342,1.0,2879.0,2643.0,0.4199772985244041,0.0,1110.0
0.61,0.41,7468.0,0.551419389394751,0.7291479820627803,0.7044491525423728,0.7167985673025765,0.6431440814140332,0.7178241864983002,0.5415250121418164,0.4584749878581836,0.61,0.41,4118.0,2230.0,1888.0,0.699570759984009,0.21906875073788246,0.6269819482421412,0.24022495982860206,0.39445812804792657,0.6089998982082447,2230.0,1888.0,4118.0,0.551419389394751,0.7178241864983002,4825.0,0.6126424870466322,1.0,2956.0,2643.0,0.43965191070752935,0.0,1162.0
0.61,0.42,7468.0,0.5689608998393144,0.7291479820627803,0.7003467062902426,0.7147473441765115,0.6431440814140332,0.7154624617557073,0.5248293716168511,0.475170628383149,0.61,0.42,4249.0,2230.0,2019.0,0.699570759984009,0.21906875073788246,0.6269819482421412,0.24517943224424216,0.40235647602286223,0.6093587325044344,2230.0,2019.0,4249.0,0.5689608998393144,0.7154624617557073,4825.0,0.6300518134715026,1.0,3040.0,2643.0,0.45743473325766176,0.0,1209.0
0.61,0.43,7468.0,0.5878414568826995,0.7291479820627803,0.6888888888888889,0.7090184354758347,0.6431440814140332,0.7093394077448747,0.5079726651480638,0.4920273348519362,0.61,0.43,4390.0,2230.0,2160.0,0.699570759984009,0.21906875073788246,0.6269819482421412,0.24611676486341721,0.4133549878852814,0.5954125922673567,2230.0,2160.0,4390.0,0.5878414568826995,0.7093394077448747,4825.0,0.6453886010362694,1.0,3114.0,2643.0,0.48278471433976544,0.0,1276.0
0.61,0.44,7468.0,0.6099357257632566,0.7291479820627803,0.6843010752688172,0.7067245286657988,0.6431440814140332,0.7062568605927552,0.48957189901207465,0.5104281009879253,0.61,0.44,4555.0,2230.0,2325.0,0.699570759984009,0.21906875073788246,0.6269819482421412,0.25160685591858595,0.42327820038638336,0.5944243187787849,2230.0,2325.0,4555.0,0.6099357257632566,0.7062568605927552,4825.0,0.6667357512953368,1.0,3217.0,2643.0,0.5062429057888763,0.0,1338.0
0.61,0.45,7468.0,0.6343063738618104,0.7291479820627803,0.676505783805345,0.7028268829340627,0.6431440814140332,0.7012877348532827,0.4707620857082542,0.5292379142917458,0.61,0.45,4737.0,2230.0,2507.0,0.699570759984009,0.21906875073788246,0.6269819482421412,0.25535618639528657,0.43528736914050464,0.586638171696779,2230.0,2507.0,4737.0,0.6343063738618104,0.7012877348532827,4825.0,0.6884974093264249,1.0,3322.0,2643.0,0.5353764661369655,0.0,1415.0
0.61,0.46,7468.0,0.6637653990358865,0.7291479820627803,0.6648331499816649,0.6969905660222226,0.6431440814140332,0.6937663909622755,0.44986887230179545,0.5501311276982046,0.61,0.46,4957.0,2230.0,2727.0,0.699570759984009,0.21906875073788246,0.6269819482421412,0.25723085163363685,0.45085172030405385,0.570544238935499,2230.0,2727.0,4957.0,0.6637653990358865,0.6937663909622755,4825.0,0.7127461139896373,1.0,3439.0,2643.0,0.5743473325766175,0.0,1518.0
0.61,0.47,7468.0,0.6929566148901982,0.7291479820627803,0.6560271646859083,0.6925875733743443,0.6431440814140332,0.687536231884058,0.43091787439613527,0.5690821256038647,0.61,0.47,5175.0,2230.0,2945.0,0.699570759984009,0.21906875073788246,0.6269819482421412,0.2599089448312802,0.46532121704201174,0.5585581213843817,2230.0,2945.0,5175.0,0.6929566148901982,0.687536231884058,4825.0,0.73720207253886,1.0,3557.0,2643.0,0.6121831252364737,0.0006180469715698393,1618.0
0.61,0.48,7468.0,0.7209426888055704,0.7291479820627803,0.6487000634115409,0.6889240227371606,0.6431440814140332,0.6820208023774146,0.41419019316493316,0.5858098068350669,0.61,0.48,5384.0,2230.0,3154.0,0.699570759984009,0.21906875073788246,0.6269819482421412,0.26245313336904125,0.47879513125998324,0.5481533044798874,2230.0,3154.0,5384.0,0.7209426888055704,0.6820208023774146,4825.0,0.7612435233160622,0.9991832289681459,3673.0,2643.0,0.64737041241014,0.0011689070718877848,1711.0
0.61,0.49,7468.0,0.7408944831280129,0.7291479820627803,0.641537995761429,0.6853429889121047,0.6431440814140332,0.6768480028917405,0.4030363274896078,0.5969636725103922,0.61,0.49,5533.0,2230.0,3303.0,0.699570759984009,0.21906875073788246,0.6269819482421412,0.26205141938939486,0.4893071958078166,0.5355560303109048,2230.0,3303.0,5533.0,0.7408944831280129,0.6768480028917405,4825.0,0.776580310880829,0.9970643181211636,3747.0,2643.0,0.6757472569050321,0.005039193729003359,1786.0
0.61,0.5,7468.0,0.7574986609534011,0.7291479820627803,0.6381674934344909,0.6836577377486356,0.6431440814140332,0.6740321725296093,0.3942018737846915,0.6057981262153085,0.61,0.5,5657.0,2230.0,3427.0,0.699570759984009,0.21906875073788246,0.6269819482421412,0.2636582753079807,0.49691064873144974,0.5305949389111846,2230.0,3427.0,5657.0,0.7574986609534011,0.6740321725296093,4825.0,0.7919170984455959,0.9908400942161738,3821.0,2643.0,0.6946651532349603,0.014705882352941176,1836.0
0.62,0.2,7468.0,0.30530262453133367,0.7353641123274631,0.8659217877094972,0.8006429500184802,0.6431440814140332,0.7456140350877193,0.9214912280701755,0.07850877192982456,0.62,0.2,2280.0,2101.0,179.0,0.699570759984009,0.21906875073788246,0.6269819482421412,0.14997321906802355,0.27868387598075184,0.5381481743076586,2101.0,179.0,2280.0,0.30530262453133367,0.7456140350877193,4825.0,0.35233160621761656,1.0,1700.0,2643.0,0.2194475974271661,0.0,580.0
0.62,0.21,7468.0,0.3111944295661489,0.7353641123274631,0.852017937219731,0.7936910247735971,0.6431440814140332,0.7465576592082617,0.9040447504302926,0.0959552495697074,0.62,0.21,2324.0,2101.0,223.0,0.699570759984009,0.21906875073788246,0.6269819482421412,0.15345474022495986,0.2808377550661494,0.5464177713171602,2101.0,223.0,2324.0,0.3111944295661489,0.7465576592082617,4825.0,0.35958549222797925,1.0,1735.0,2643.0,0.22285281876655316,0.0,589.0
0.62,0.22,7468.0,0.31655061596143547,0.7353641123274631,0.844106463878327,0.7897352881028951,0.6431440814140332,0.7474619289340102,0.8887478849407784,0.11125211505922165,0.62,0.22,2364.0,2101.0,263.0,0.699570759984009,0.21906875073788246,0.6269819482421412,0.15666845206213179,0.2827385399086086,0.5541107063535545,2101.0,263.0,2364.0,0.31655061596143547,0.7474619289340102,4825.0,0.3662176165803109,1.0,1767.0,2643.0,0.22587968217934165,0.0,597.0
0.62,0.23,7468.0,0.3229780396357793,0.7353641123274631,0.8360128617363344,0.7856884870318988,0.6431440814140332,0.7483416252072969,0.87106135986733,0.12893864013266998,0.62,0.23,2412.0,2101.0,311.0,0.699570759984009,0.21906875073788246,0.6269819482421412,0.16041778253883235,0.2850967003465201,0.5626784959063115,2101.0,311.0,2412.0,0.3229780396357793,0.7483416252072969,4825.0,0.37409326424870465,1.0,1805.0,2643.0,0.22966326144532728,0.0,607.0
0.62,0.24,7468.0,0.32927155865024105,0.7353641123274631,0.8296089385474861,0.7824865254374747,0.6431440814140332,0.7490849938999593,0.8544123627490849,0.145587637250915,0.62,0.24,2459.0,2101.0,358.0,0.699570759984009,0.21906875073788246,0.6269819482421412,0.16403320835565077,0.28743551476339024,0.5706782910618363,2101.0,358.0,2459.0,0.32927155865024105,0.7490849938999593,4825.0,0.3817616580310881,1.0,1842.0,2643.0,0.23344684071131291,0.0,617.0
0.62,0.25,7468.0,0.33636850562399573,0.7353641123274631,0.8150851581508516,0.7752246352391574,0.6431440814140332,0.7484076433121019,0.8363853503184714,0.16361464968152867,0.62,0.25,2512.0,2101.0,411.0,0.699570759984009,0.21906875073788246,0.6269819482421412,0.16711301553294053,0.29090848225090926,0.5744521927992637,2101.0,411.0,2512.0,0.33636850562399573,0.7484076433121019,4825.0,0.38963730569948185,1.0,1880.0,2643.0,0.23912220961029135,0.0,632.0
0.62,0.26,7468.0,0.3440010712372791,0.7353641123274631,0.8012820512820513,0.7683230818047573,0.6431440814140332,0.7473725184896847,0.8178279486181393,0.18217205138186066,0.62,0.26,2569.0,2101.0,468.0,0.699570759984009,0.21906875073788246,0.6269819482421412,0.1701928227102303,0.29479505467955935,0.5773259083169797,2101.0,468.0,2569.0,0.3440010712372791,0.7473725184896847,4825.0,0.39792746113989635,1.0,1920.0,2643.0,0.2455542943624669,0.0,649.0
0.62,0.27,7468.0,0.35431173004820565,0.7353641123274631,0.7944954128440367,0.7649297625857499,0.6431440814140332,0.7475434618291761,0.7940287226001512,0.20597127739984883,0.62,0.27,2646.0,2101.0,545.0,0.699570759984009,0.21906875073788246,0.6269819482421412,0.17541510444563468,0.29907910793180703,0.5865174122614778,2101.0,545.0,2646.0,0.35431173004820565,0.7475434618291761,4825.0,0.4099481865284974,1.0,1978.0,2643.0,0.2527430949678396,0.0,668.0
0.62,0.28,7468.0,0.3639528655597215,0.7353641123274631,0.7909238249594813,0.7631439686434722,0.6431440814140332,0.7479764532744665,0.7729948491537896,0.22700515084621045,0.62,0.28,2718.0,2101.0,617.0,0.699570759984009,0.21906875073788246,0.6269819482421412,0.18050348152115692,0.3028608459660679,0.5959947742514735,2101.0,617.0,2718.0,0.3639528655597215,0.7479764532744665,4825.0,0.4213471502590674,1.0,2033.0,2643.0,0.25917517972001514,0.0,685.0
0.62,0.29,7468.0,0.3749330476700589,0.7353641123274631,0.7839771101573677,0.7596706112424154,0.6431440814140332,0.7475,0.7503571428571428,0.24964285714285714,0.62,0.29,2800.0,2101.0,699.0,0.699570759984009,0.21906875073788246,0.6269819482421412,0.1855918585966792,0.3076858699009265,0.603186160795876,2101.0,699.0,2800.0,0.3749330476700589,0.7475,4825.0,0.4337823834196891,1.0,2093.0,2643.0,0.2674990541051835,0.0,707.0
0.62,0.3,7468.0,0.38778789501874666,0.7353641123274631,0.7660377358490567,0.7507009240882598,0.6431440814140332,0.7437845303867403,0.7254834254143646,0.2745165745856354,0.62,0.3,2896.0,2101.0,795.0,0.699570759984009,0.21906875073788246,0.6269819482421412,0.1890733797536154,0.3152098628415133,0.5998333238978661,2101.0,795.0,2896.0,0.38778789501874666,0.7437845303867403,4825.0,0.44642487046632123,1.0,2154.0,2643.0,0.28074158153613316,0.0,742.0
0.62,0.31,7468.0,0.39742903053026246,0.7353641123274631,0.76239907727797,0.7488815948027165,0.6431440814140332,0.7432614555256065,0.7078840970350404,0.2921159029649596,0.62,0.31,2968.0,2101.0,867.0,0.699570759984009,0.21906875073788246,0.6269819482421412,0.19335832886984472,0.3194297275304991,0.6053235256614709,2101.0,867.0,2968.0,0.39742903053026246,0.7432614555256065,4825.0,0.4572020725388601,1.0,2206.0,2643.0,0.2883087400681044,0.0,762.0
0.62,0.32,7468.0,0.40894483128012854,0.7353641123274631,0.7586568730325288,0.747010492679996,0.6431440814140332,0.7426326129666012,0.6879502292075966,0.3120497707924034,0.62,0.32,3054.0,2101.0,953.0,0.699570759984009,0.21906875073788246,0.6269819482421412,0.19844670594536692,0.32442111933007817,0.6116947822483154,2101.0,953.0,3054.0,0.40894483128012854,0.7426326129666012,4825.0,0.4700518134715026,1.0,2268.0,2643.0,0.2973893303064699,0.0,786.0
0.62,0.33,7468.0,0.4195232994108195,0.7353641123274631,0.7548449612403101,0.7451045367838867,0.6431440814140332,0.7417810405362273,0.6706032556654963,0.32939674433450367,0.62,0.33,3133.0,2101.0,1032.0,0.699570759984009,0.21906875073788246,0.6269819482421412,0.20286555972147835,0.32913351370632343,0.6163625133066503,2101.0,1032.0,3133.0,0.4195232994108195,0.7417810405362273,4825.0,0.4816580310880829,1.0,2324.0,2643.0,0.30609156261823683,0.0,809.0
0.62,0.34,7468.0,0.4302356722013926,0.7353641123274631,0.7517985611510791,0.7435813367392712,0.6431440814140332,0.741051976346094,0.6539060068471834,0.3460939931528167,0.62,0.34,3213.0,2101.0,1112.0,0.699570759984009,0.21906875073788246,0.6269819482421412,0.20741831815747186,0.333779383758135,0.6214233959631624,2101.0,1112.0,3213.0,0.4302356722013926,0.741051976346094,4825.0,0.49347150259067357,1.0,2381.0,2643.0,0.31479379493000376,0.0,832.0
0.62,0.35,7468.0,0.44389394750937333,0.7353641123274631,0.7438220757825371,0.7395930940550002,0.6431440814140332,0.7384615384615385,0.6337858220211161,0.36621417797888384,0.62,0.35,3315.0,2101.0,1214.0,0.699570759984009,0.21906875073788246,0.6269819482421412,0.21170326727370117,0.3407276626836102,0.6213269143054072,2101.0,1214.0,3315.0,0.44389394750937333,0.7384615384615385,4825.0,0.5073575129533678,1.0,2448.0,2643.0,0.3280363223609535,0.0,867.0
0.62,0.36,7468.0,0.4559453668987681,0.7353641123274631,0.7361963190184049,0.7357802156729341,0.6431440814140332,0.73568281938326,0.6170337738619677,0.38296622613803233,0.62,0.36,3405.0,2101.0,1304.0,0.699570759984009,0.21906875073788246,0.6269819482421412,0.2149169791108731,0.3471515431248254,0.6190869185726054,2101.0,1304.0,3405.0,0.4559453668987681,0.73568281938326,4825.0,0.5191709844559586,1.0,2505.0,2643.0,0.340522133938706,0.0,900.0
0.62,0.37,7468.0,0.4693358328869845,0.7353641123274631,0.7321937321937322,0.7337789222605977,0.6431440814140332,0.7340941512125535,0.5994293865905849,0.40057061340941513,0.62,0.37,3505.0,2101.0,1404.0,0.699570759984009,0.21906875073788246,0.6269819482421412,0.21973754686663097,0.35326922171366243,0.6220115802919742,2101.0,1404.0,3505.0,0.4693358328869845,0.7340941512125535,4825.0,0.5332642487046632,1.0,2573.0,2643.0,0.35262958758986,0.0,932.0
0.62,0.38,7468.0,0.48446705945366897,0.7353641123274631,0.7297297297297297,0.7325469210285964,0.6431440814140332,0.7330016583747927,0.5807075732448866,0.4192924267551133,0.62,0.38,3618.0,2101.0,1517.0,0.699570759984009,0.21906875073788246,0.6269819482421412,0.2257632565613283,0.359655253605686,0.6277212811378743,2101.0,1517.0,3618.0,0.48446705945366897,0.7330016583747927,4825.0,0.5496373056994819,1.0,2652.0,2643.0,0.3654937570942111,0.0,966.0
0.62,0.39,7468.0,0.4982592394215319,0.7353641123274631,0.7197530864197531,0.7275585993736081,0.6431440814140332,0.7285675893576995,0.5646331631281913,0.43536683687180866,0.62,0.39,3721.0,2101.0,1620.0,0.699570759984009,0.21906875073788246,0.6269819482421412,0.22777182645956076,0.3677549543935276,0.6193576014092972,2101.0,1620.0,3721.0,0.4982592394215319,0.7285675893576995,4825.0,0.5618652849740933,1.0,2711.0,2643.0,0.38214150586454787,0.0,1010.0
0.62,0.4,7468.0,0.5168719871451527,0.7353641123274631,0.7123365548607163,0.7238503335940898,0.6431440814140332,0.7248704663212435,0.544300518134715,0.45569948186528497,0.62,0.4,3860.0,2101.0,1759.0,0.699570759984009,0.21906875073788246,0.6269819482421412,0.23245848955543655,0.3771031010146404,0.6164321877226137,2101.0,1759.0,3860.0,0.5168719871451527,0.7248704663212435,4825.0,0.5798963730569948,1.0,2798.0,2643.0,0.4018161180476731,0.0,1062.0
0.62,0.41,7468.0,0.5341456882699518,0.7353641123274631,0.7044491525423728,0.7199066324349179,0.6431440814140332,0.7207320130358486,0.5266984206568062,0.4733015793431938,0.62,0.41,3989.0,2101.0,1888.0,0.699570759984009,0.21906875073788246,0.6269819482421412,0.23580610605249058,0.3862250524095124,0.6105406797963655,2101.0,1888.0,3989.0,0.5341456882699518,0.7207320130358486,4825.0,0.5958549222797928,1.0,2875.0,2643.0,0.42149073023079836,0.0,1114.0
0.62,0.42,7468.0,0.5516871987145152,0.7353641123274631,0.7003467062902426,0.7178554093088529,0.6431440814140332,0.7182038834951456,0.5099514563106796,0.4900485436893204,0.62,0.42,4120.0,2101.0,2019.0,0.699570759984009,0.21906875073788246,0.6269819482421412,0.24076057846813068,0.39428835910180293,0.6106205595736792,2101.0,2019.0,4120.0,0.5516871987145152,0.7182038834951456,4825.0,0.6132642487046632,1.0,2959.0,2643.0,0.4392735527809308,0.0,1161.0
0.62,0.43,7468.0,0.5705677557579004,0.7353641123274631,0.6888888888888889,0.7121265006081761,0.6431440814140332,0.7118047406712039,0.4930767425486975,0.5069232574513025,0.62,0.43,4261.0,2101.0,2160.0,0.699570759984009,0.21906875073788246,0.6269819482421412,0.24169791108730582,0.4055057611616601,0.5960406342807787,2101.0,2160.0,4261.0,0.5705677557579004,0.7118047406712039,4825.0,0.6286010362694301,1.0,3033.0,2643.0,0.46462353386303445,0.0,1228.0
0.62,0.44,7468.0,0.5926620246384574,0.7353641123274631,0.6843010752688172,0.7098325937981402,0.6431440814140332,0.7085404428377767,0.4746949841843651,0.5253050158156349,0.62,0.44,4426.0,2101.0,2325.0,0.699570759984009,0.21906875073788246,0.6269819482421412,0.2471880021424745,0.4156164232173597,0.5947503234567796,2101.0,2325.0,4426.0,0.5926620246384574,0.7085404428377767,4825.0,0.6499481865284974,1.0,3136.0,2643.0,0.4880817253121453,0.0,1290.0
0.62,0.45,7468.0,0.6170326727370112,0.7353641123274631,0.676505783805345,0.7059349480664041,0.6431440814140332,0.7033420138888888,0.4559461805555556,0.5440538194444444,0.62,0.45,4608.0,2101.0,2507.0,0.699570759984009,0.21906875073788246,0.6269819482421412,0.25093733261917506,0.4278407064070904,0.5865204709633408,2101.0,2507.0,4608.0,0.6170326727370112,0.7033420138888888,4825.0,0.6717098445595855,1.0,3241.0,2643.0,0.5172152856602346,0.0,1367.0
0.62,0.46,7468.0,0.6464916979110873,0.7353641123274631,0.6648331499816649,0.700098631154564,0.6431440814140332,0.6955260977630489,0.4351698425849213,0.5648301574150787,0.62,0.46,4828.0,2101.0,2727.0,0.699570759984009,0.21906875073788246,0.6269819482421412,0.2528119978575254,0.4436663724317868,0.5698245654089886,2101.0,2727.0,4828.0,0.6464916979110873,0.6955260977630489,4825.0,0.6959585492227979,1.0,3358.0,2643.0,0.5561861520998865,0.0,1470.0
0.62,0.47,7468.0,0.675682913765399,0.7353641123274631,0.6560271646859083,0.6956956385066857,0.6431440814140332,0.6890606420927468,0.4163694015061435,0.5836305984938566,0.62,0.47,5046.0,2101.0,2945.0,0.699570759984009,0.21906875073788246,0.6269819482421412,0.25549009105516873,0.4583627508372764,0.5573971501577588,2101.0,2945.0,5046.0,0.675682913765399,0.6890606420927468,4825.0,0.7204145077720208,1.0,3476.0,2643.0,0.5940219447597427,0.0006369426751592356,1570.0
0.62,0.48,7468.0,0.7036689876807712,0.7353641123274631,0.6487000634115409,0.692032087869502,0.6431440814140332,0.683349191246432,0.3998097050428164,0.6001902949571837,0.62,0.48,5255.0,2101.0,3154.0,0.699570759984009,0.21906875073788246,0.6269819482421412,0.25803427959292985,0.47203533135128845,0.5466418771117386,2101.0,3154.0,5255.0,0.7036689876807712,0.683349191246432,4825.0,0.7444559585492228,0.9991648106904232,3592.0,2643.0,0.629209231933409,0.0012026458208057728,1663.0
0.62,0.49,7468.0,0.7236207820032137,0.7353641123274631,0.641537995761429,0.6884510540444461,0.6431440814140332,0.6780162842339008,0.3887860843819393,0.6112139156180607,0.62,0.49,5404.0,2101.0,3303.0,0.699570759984009,0.21906875073788246,0.6269819482421412,0.25763256561328335,0.482694632448886,0.5337382027768143,2101.0,3303.0,5404.0,0.7236207820032137,0.6780162842339008,4825.0,0.7597927461139896,0.9969994544462629,3666.0,2643.0,0.6575860764283011,0.005178365937859608,1738.0
0.62,0.5,7468.0,0.740224959828602,0.7353641123274631,0.6381674934344909,0.686765802880977,0.6431440814140332,0.6751085383502171,0.38006512301013023,0.6199348769898697,0.62,0.5,5528.0,2101.0,3427.0,0.699570759984009,0.21906875073788246,0.6269819482421412,0.25923942153186935,0.49040062107257404,0.5286278409780086,2101.0,3427.0,5528.0,0.740224959828602,0.6751085383502171,4825.0,0.7751295336787565,0.9906417112299465,3740.0,2643.0,0.6765039727582293,0.015100671140939598,1788.0
0.63,0.2,7468.0,0.2866898768077129,0.7400611620795107,0.8659217877094972,0.802991474894504,0.6431440814140332,0.7505838393274171,0.916394208313872,0.08360579168612797,0.63,0.2,2141.0,1962.0,179.0,0.699570759984009,0.21906875073788246,0.6269819482421412,0.14367970005356187,0.26740435369880483,0.5373124934809319,1962.0,179.0,2141.0,0.2866898768077129,0.7505838393274171,4825.0,0.33305699481865286,1.0,1607.0,2643.0,0.20204313280363223,0.0,534.0
0.63,0.21,7468.0,0.29258168184252814,0.7400611620795107,0.852017937219731,0.7960395496496209,0.6431440814140332,0.751487414187643,0.8979405034324943,0.10205949656750572,0.63,0.21,2185.0,1962.0,223.0,0.699570759984009,0.21906875073788246,0.6269819482421412,0.1471612212104981,0.2696483456578494,0.5457523607329214,1962.0,223.0,2185.0,0.29258168184252814,0.751487414187643,4825.0,0.34031088082901556,1.0,1642.0,2643.0,0.2054483541430193,0.0,543.0
0.63,0.22,7468.0,0.29793786823781465,0.7400611620795107,0.844106463878327,0.7920838129789188,0.6431440814140332,0.7523595505617977,0.8817977528089888,0.11820224719101123,0.63,0.22,2225.0,1962.0,263.0,0.699570759984009,0.21906875073788246,0.6269819482421412,0.15037493304767002,0.27162744263986344,0.5536072923494857,1962.0,263.0,2225.0,0.29793786823781465,0.7523595505617977,4825.0,0.34694300518134713,1.0,1674.0,2643.0,0.2084752175558078,0.0,551.0
0.63,0.23,7468.0,0.30436529191215855,0.7400611620795107,0.8360128617363344,0.7880370119079225,0.6431440814140332,0.7531896172459305,0.8631764188297404,0.13682358117025956,0.63,0.23,2273.0,1962.0,311.0,0.699570759984009,0.21906875073788246,0.6269819482421412,0.15412426352437064,0.2740812182435965,0.562330627804598,1962.0,311.0,2273.0,0.30436529191215855,0.7531896172459305,4825.0,0.35481865284974096,1.0,1712.0,2643.0,0.2122587968217934,0.0,561.0
0.63,0.24,7468.0,0.31065881092662023,0.7400611620795107,0.8296089385474861,0.7848350503134984,0.6431440814140332,0.7538793103448276,0.8456896551724138,0.1543103448275862,0.63,0.24,2320.0,1962.0,358.0,0.699570759984009,0.21906875073788246,0.6269819482421412,0.15773968934118907,0.2765132199239588,0.5704598477590602,1962.0,358.0,2320.0,0.31065881092662023,0.7538793103448276,4825.0,0.36248704663212433,1.0,1749.0,2643.0,0.21604237608777904,0.0,571.0
0.63,0.25,7468.0,0.3177557579003749,0.7400611620795107,0.8150851581508516,0.7775731601151812,0.6431440814140332,0.7530552043826381,0.8268015170670038,0.1731984829329962,0.63,0.25,2373.0,1962.0,411.0,0.699570759984009,0.21906875073788246,0.6269819482421412,0.16081949651847888,0.2801216355281184,0.5741059458519973,1962.0,411.0,2373.0,0.3177557579003749,0.7530552043826381,4825.0,0.37036269430051816,1.0,1787.0,2643.0,0.22171774498675748,0.0,586.0
0.63,0.26,7468.0,0.32538832351365826,0.7400611620795107,0.8012820512820513,0.770671606680781,0.6431440814140332,0.7518518518518519,0.8074074074074075,0.1925925925925926,0.63,0.26,2430.0,1962.0,468.0,0.699570759984009,0.21906875073788246,0.6269819482421412,0.16389930369576863,0.2841557845776588,0.5767938313815165,1962.0,468.0,2430.0,0.32538832351365826,0.7518518518518519,4825.0,0.37865284974093266,1.0,1827.0,2643.0,0.22814982973893302,0.0,603.0
0.63,0.27,7468.0,0.3356989823245849,0.7400611620795107,0.7944954128440367,0.7672782874617736,0.6431440814140332,0.7518946948544076,0.782608695652174,0.21739130434782608,0.63,0.27,2507.0,1962.0,545.0,0.699570759984009,0.21906875073788246,0.6269819482421412,0.16912158543117298,0.28859781434845616,0.5860113175596463,1962.0,545.0,2507.0,0.3356989823245849,0.7518946948544076,4825.0,0.39067357512953366,1.0,1885.0,2643.0,0.23533863034430572,0.0,622.0
0.63,0.28,7468.0,0.3453401178361007,0.7400611620795107,0.7909238249594813,0.765492493519496,0.6431440814140332,0.7522295463357891,0.7607599844901124,0.23924001550988755,0.63,0.28,2579.0,1962.0,617.0,0.699570759984009,0.21906875073788246,0.6269819482421412,0.17420996250669524,0.29251508963590706,0.5955588914183334,1962.0,617.0,2579.0,0.3453401178361007,0.7522295463357891,4825.0,0.40207253886010363,1.0,1940.0,2643.0,0.24177071509648126,0.0,639.0
0.63,0.29,7468.0,0.35632029994643816,0.7400611620795107,0.7839771101573677,0.7620191361184392,0.6431440814140332,0.7515971439308531,0.7373167981961668,0.26268320180383314,0.63,0.29,2661.0,1962.0,699.0,0.699570759984009,0.21906875073788246,0.6269819482421412,0.1792983395822175,0.2975079497796829,0.6026673899470432,1962.0,699.0,2661.0,0.35632029994643816,0.7515971439308531,4825.0,0.41450777202072536,1.0,2000.0,2643.0,0.25009458948164964,0.0,661.0
0.63,0.3,7468.0,0.36917514729512585,0.7400611620795107,0.7660377358490567,0.7530494489642836,0.6431440814140332,0.7475516866158868,0.7116430903155604,0.2883569096844396,0.63,0.3,2757.0,1962.0,795.0,0.699570759984009,0.21906875073788246,0.6269819482421412,0.18277986073915367,0.30528289057525987,0.5987229103954447,1962.0,795.0,2757.0,0.36917514729512585,0.7475516866158868,4825.0,0.42715025906735754,1.0,2061.0,2643.0,0.2633371169125993,0.0,696.0
0.63,0.31,7468.0,0.37881628280664165,0.7400611620795107,0.76239907727797,0.7512301196787403,0.6431440814140332,0.7469070342877342,0.6935312831389183,0.3064687168610817,0.63,0.31,2829.0,1962.0,867.0,0.699570759984009,0.21906875073788246,0.6269819482421412,0.18706480985538296,0.3096380733624813,0.6041402073846178,1962.0,867.0,2829.0,0.37881628280664165,0.7469070342877342,4825.0,0.4379274611398964,1.0,2113.0,2643.0,0.2709042754445706,0.0,716.0
0.63,0.32,7468.0,0.3903320835565078,0.7400611620795107,0.7586568730325288,0.7493590175560197,0.6431440814140332,0.7461406518010292,0.6730703259005146,0.3269296740994854,0.63,0.32,2915.0,1962.0,953.0,0.699570759984009,0.21906875073788246,0.6269819482421412,0.19215318693090522,0.31478476505828756,0.6104272133224901,1962.0,953.0,2915.0,0.3903320835565078,0.7461406518010292,4825.0,0.45077720207253885,1.0,2175.0,2643.0,0.27998486568293607,0.0,740.0
0.63,0.33,7468.0,0.4009105516871987,0.7400611620795107,0.7548449612403101,0.7474530616599104,0.6431440814140332,0.7451569806279225,0.655310621242485,0.34468937875751504,0.63,0.33,2994.0,1962.0,1032.0,0.699570759984009,0.21906875073788246,0.6269819482421412,0.19657204070701656,0.31963925836807194,0.6149809060082956,1962.0,1032.0,2994.0,0.4009105516871987,0.7451569806279225,4825.0,0.46238341968911917,1.0,2231.0,2643.0,0.288687097994703,0.0,763.0
0.63,0.34,7468.0,0.4116229244777718,0.7400611620795107,0.7517985611510791,0.745929861615295,0.6431440814140332,0.7443070917371503,0.6382563435263501,0.36174365647365,0.63,0.34,3074.0,1962.0,1112.0,0.699570759984009,0.21906875073788246,0.6269819482421412,0.20112479914301015,0.32442111933007817,0.6199497725620577,1962.0,1112.0,3074.0,0.4116229244777718,0.7443070917371503,4825.0,0.4741968911917098,1.0,2288.0,2643.0,0.2973893303064699,0.0,786.0
0.63,0.35,7468.0,0.4252811997857525,0.7400611620795107,0.7438220757825371,0.741941618931024,0.6431440814140332,0.7414987405541562,0.6177581863979849,0.3822418136020151,0.63,0.35,3176.0,1962.0,1214.0,0.699570759984009,0.21906875073788246,0.6269819482421412,0.20540974825923944,0.33156556781918195,0.6195147150239041,1962.0,1214.0,3176.0,0.4252811997857525,0.7414987405541562,4825.0,0.48808290155440415,1.0,2355.0,2643.0,0.3106318577374196,0.0,821.0
0.63,0.36,7468.0,0.4373326191751473,0.7400611620795107,0.7361963190184049,0.7381287405489578,0.6431440814140332,0.7385180649112064,0.6007348438456828,0.3992651561543172,0.63,0.36,3266.0,1962.0,1304.0,0.699570759984009,0.21906875073788246,0.6269819482421412,0.20862346009641142,0.3381635396363244,0.6169306730133416,1962.0,1304.0,3266.0,0.4373326191751473,0.7385180649112064,4825.0,0.4998963730569948,1.0,2412.0,2643.0,0.32311766931517216,0.0,854.0
0.63,0.37,7468.0,0.4507230851633637,0.7400611620795107,0.7321937321937322,0.7361274471366215,0.6431440814140332,0.7367795603089721,0.5828877005347594,0.41711229946524064,0.63,0.37,3366.0,1962.0,1404.0,0.699570759984009,0.21906875073788246,0.6269819482421412,0.21344402785216926,0.3444408928330044,0.6196825995212292,1962.0,1404.0,3366.0,0.4507230851633637,0.7367795603089721,4825.0,0.5139896373056995,1.0,2480.0,2643.0,0.33522512296632617,0.0,886.0
0.63,0.38,7468.0,0.4658543117300482,0.7400611620795107,0.7297297297297297,0.7348954459046202,0.6431440814140332,0.7355561943087094,0.5639551595286002,0.43604484047139985,0.63,0.38,3479.0,1962.0,1517.0,0.699570759984009,0.21906875073788246,0.6269819482421412,0.21946973754686666,0.35098758823011217,0.6252920185969065,1962.0,1517.0,3479.0,0.4658543117300482,0.7355561943087094,4825.0,0.5303626943005182,1.0,2559.0,2643.0,0.34808929247067727,0.0,920.0
0.63,0.39,7468.0,0.47964649169791107,0.7400611620795107,0.7197530864197531,0.7299071242496319,0.6431440814140332,0.7308766052484645,0.5477386934673367,0.45226130653266333,0.63,0.39,3582.0,1962.0,1620.0,0.699570759984009,0.21906875073788246,0.6269819482421412,0.22147830744509908,0.35928274676973565,0.6164457086692352,1962.0,1620.0,3582.0,0.47964649169791107,0.7308766052484645,4825.0,0.5425906735751296,1.0,2618.0,2643.0,0.364737041241014,0.0,964.0
0.63,0.4,7468.0,0.4982592394215319,0.7400611620795107,0.7123365548607163,0.7261988584701136,0.6431440814140332,0.7269551195915077,0.527277613544746,0.47272238645525394,0.63,0.4,3721.0,1962.0,1759.0,0.699570759984009,0.21906875073788246,0.6269819482421412,0.2261649705409749,0.3688456783538049,0.6131696365547016,1962.0,1759.0,3721.0,0.4982592394215319,0.7269551195915077,4825.0,0.5606217616580311,1.0,2705.0,2643.0,0.38441165342413924,0.0,1016.0
0.63,0.41,7468.0,0.515532940546331,0.7400611620795107,0.7044491525423728,0.7222551573109417,0.6431440814140332,0.7225974025974026,0.5096103896103896,0.4903896103896104,0.63,0.41,3850.0,1962.0,1888.0,0.699570759984009,0.21906875073788246,0.6269819482421412,0.2295125870380289,0.3781668636384619,0.6069082437044229,1962.0,1888.0,3850.0,0.515532940546331,0.7225974025974026,4825.0,0.5765803108808291,1.0,2782.0,2643.0,0.40408626560726446,0.0,1068.0
0.63,0.42,7468.0,0.5330744509908945,0.7400611620795107,0.7003467062902426,0.7202039341848767,0.6431440814140332,0.7199196181863853,0.49284099472494347,0.5071590052750565,0.63,0.42,3981.0,1962.0,2019.0,0.699570759984009,0.21906875073788246,0.6269819482421412,0.2344670594536689,0.3863983640863568,0.6068013771436865,1962.0,2019.0,3981.0,0.5330744509908945,0.7199196181863853,4825.0,0.5939896373056995,1.0,2866.0,2643.0,0.4218690881573969,0.0,1115.0
0.63,0.43,7468.0,0.5519550080342795,0.7400611620795107,0.6888888888888889,0.7144750254841998,0.6431440814140332,0.7132459970887919,0.4759825327510917,0.5240174672489083,0.63,0.43,4122.0,1962.0,2160.0,0.699570759984009,0.21906875073788246,0.6269819482421412,0.23540439207284417,0.39783829375855423,0.5917087313261747,1962.0,2160.0,4122.0,0.5519550080342795,0.7132459970887919,4825.0,0.6093264248704663,1.0,2940.0,2643.0,0.44721906923950056,0.0,1182.0
0.63,0.44,7468.0,0.5740492769148366,0.7400611620795107,0.6843010752688172,0.712181118674164,0.6431440814140332,0.7098203872171682,0.4576627011896431,0.5423372988103569,0.63,0.44,4287.0,1962.0,2325.0,0.699570759984009,0.21906875073788246,0.6269819482421412,0.2408944831280129,0.40813894312281923,0.5902266548858135,1962.0,2325.0,4287.0,0.5740492769148366,0.7098203872171682,4825.0,0.6306735751295337,1.0,3043.0,2643.0,0.47067726068861143,0.0,1244.0
0.63,0.45,7468.0,0.5984199250133905,0.7400611620795107,0.676505783805345,0.7082834729424279,0.6431440814140332,0.7044081449988812,0.43902439024390244,0.5609756097560976,0.63,0.45,4469.0,1962.0,2507.0,0.699570759984009,0.21906875073788246,0.6269819482421412,0.2446438136047134,0.4205806173664432,0.5816811415052927,1962.0,2507.0,4469.0,0.5984199250133905,0.7044081449988812,4825.0,0.6524352331606218,1.0,3148.0,2643.0,0.4998108210367007,0.0,1321.0
0.63,0.46,7468.0,0.6278789501874665,0.7400611620795107,0.6648331499816649,0.7024471560305878,0.6431440814140332,0.6963105139688633,0.418426103646833,0.581573896353167,0.63,0.46,4689.0,1962.0,2727.0,0.699570759984009,0.21906875073788246,0.6269819482421412,0.2465184788430638,0.43666948104052494,0.56454249620478,1962.0,2727.0,4689.0,0.6278789501874665,0.6963105139688633,4825.0,0.6766839378238342,1.0,3265.0,2643.0,0.5387816874763526,0.0,1424.0
0.63,0.47,7468.0,0.6570701660417783,0.7400611620795107,0.6560271646859083,0.6980441633827095,0.6431440814140332,0.6896270633788465,0.39983696759730997,0.6001630324026901,0.63,0.47,4907.0,1962.0,2945.0,0.699570759984009,0.21906875073788246,0.6269819482421412,0.24919657204070694,0.45159361930892655,0.5518159721168167,1962.0,2945.0,4907.0,0.6570701660417783,0.6896270633788465,4825.0,0.701139896373057,1.0,3383.0,2643.0,0.5766174801362088,0.0006561679790026247,1524.0
0.63,0.48,7468.0,0.6850562399571505,0.7400611620795107,0.6487000634115409,0.6943806127455258,0.6431440814140332,0.6837372947615324,0.3835027365129007,0.6164972634870993,0.63,0.48,5116.0,1962.0,3154.0,0.699570759984009,0.21906875073788246,0.6269819482421412,0.2517407605784681,0.46546507891499356,0.5408370509024647,1962.0,3154.0,5116.0,0.6850562399571505,0.6837372947615324,4825.0,0.7251813471502591,0.9991426121749071,3499.0,2643.0,0.6118047673098751,0.0012368583797155227,1617.0
0.63,0.49,7468.0,0.7050080342795929,0.7400611620795107,0.641537995761429,0.6907995789204698,0.6431440814140332,0.678252611585945,0.37264957264957266,0.6273504273504273,0.63,0.49,5265.0,1962.0,3303.0,0.699570759984009,0.21906875073788246,0.6269819482421412,0.25133904659882167,0.47627144974309094,0.5277222616102609,1962.0,3303.0,5265.0,0.7050080342795929,0.678252611585945,4825.0,0.7405181347150259,0.9969213546039742,3573.0,2643.0,0.6401816118047673,0.005319148936170213,1692.0
0.63,0.5,7468.0,0.7216122121049813,0.7400611620795107,0.6381674934344909,0.6891143277570008,0.6431440814140332,0.6752644275375765,0.36407496752644275,0.6359250324735573,0.63,0.5,5389.0,1962.0,3427.0,0.699570759984009,0.21906875073788246,0.6269819482421412,0.2529459025174076,0.4840796988036028,0.5225294577371462,1962.0,3427.0,5389.0,0.7216122121049813,0.6752644275375765,4825.0,0.7558549222797928,0.9904030710172744,3647.0,2643.0,0.6590995081346954,0.015499425947187142,1742.0
0.64,0.2,7468.0,0.27021960364220676,0.7466014138118543,0.8659217877094972,0.8062616007606758,0.6431440814140332,0.757185332011893,0.9112983151635282,0.08870168483647176,0.64,0.2,2018.0,1839.0,179.0,0.699570759984009,0.21906875073788246,0.6269819482421412,0.13899303695768614,0.2561508995538769,0.5426217015039269,1839.0,179.0,2018.0,0.27021960364220676,0.757185332011893,4825.0,0.3166839378238342,1.0,1528.0,2643.0,0.1853953840332955,0.0,490.0
0.64,0.21,7468.0,0.27611140867702194,0.7466014138118543,0.852017937219731,0.7993096755157927,0.6431440814140332,0.7580019398642095,0.8918525703200776,0.1081474296799224,0.64,0.21,2062.0,1839.0,223.0,0.699570759984009,0.21906875073788246,0.6269819482421412,0.14247455811462237,0.2584926019854336,0.5511746062374775,1839.0,223.0,2062.0,0.27611140867702194,0.7580019398642095,4825.0,0.3239378238341969,1.0,1563.0,2643.0,0.18880060537268256,0.0,499.0
0.64,0.22,7468.0,0.2814675950723085,0.7466014138118543,0.844106463878327,0.7953539388450906,0.6431440814140332,0.7588011417697431,0.8748810656517603,0.12511893434823979,0.64,0.22,2102.0,1839.0,263.0,0.699570759984009,0.21906875073788246,0.6269819482421412,0.14568826995179432,0.2605564479345255,0.55914283107054,1839.0,263.0,2102.0,0.2814675950723085,0.7588011417697431,4825.0,0.3305699481865285,1.0,1595.0,2643.0,0.19182746878547105,0.0,507.0
0.64,0.23,7468.0,0.2878950187466524,0.7466014138118543,0.8360128617363344,0.7913071377740943,0.6431440814140332,0.7595348837209303,0.8553488372093023,0.14465116279069767,0.64,0.23,2150.0,1839.0,311.0,0.699570759984009,0.21906875073788246,0.6269819482421412,0.14943760042849494,0.26311349102446024,0.5679587156350053,1839.0,311.0,2150.0,0.2878950187466524,0.7595348837209303,4825.0,0.3384455958549223,1.0,1633.0,2643.0,0.19561104805145668,0.0,517.0
0.64,0.24,7468.0,0.2941885377611141,0.7466014138118543,0.8296089385474861,0.7881051761796702,0.6431440814140332,0.760127446517979,0.837050523441056,0.162949476558944,0.64,0.24,2197.0,1839.0,358.0,0.699570759984009,0.21906875073788246,0.6269819482421412,0.15305302624531333,0.26564592177916146,0.5761542478056576,1839.0,358.0,2197.0,0.2941885377611141,0.760127446517979,4825.0,0.3461139896373057,1.0,1670.0,2643.0,0.1993946273174423,0.0,527.0
0.64,0.25,7468.0,0.30128548473486877,0.7466014138118543,0.8150851581508516,0.780843285981353,0.6431440814140332,0.7591111111111111,0.8173333333333334,0.18266666666666667,0.64,0.25,2250.0,1839.0,411.0,0.699570759984009,0.21906875073788246,0.6269819482421412,0.1561328334226031,0.2693999362585909,0.5795577964529833,1839.0,411.0,2250.0,0.30128548473486877,0.7591111111111111,4825.0,0.3539896373056995,1.0,1708.0,2643.0,0.20506999621642075,0.0,542.0
0.64,0.26,7468.0,0.3089180503481521,0.7466014138118543,0.8012820512820513,0.7739417325469529,0.6431440814140332,0.7576939748591244,0.7971391417425228,0.20286085825747724,0.64,0.26,2307.0,1839.0,468.0,0.699570759984009,0.21906875073788246,0.6269819482421412,0.15921264059989285,0.273592223709172,0.5819340858500992,1839.0,468.0,2307.0,0.3089180503481521,0.7576939748591244,4825.0,0.362279792746114,1.0,1748.0,2643.0,0.2115020809685963,0.0,559.0
0.64,0.27,7468.0,0.31922870915907875,0.7466014138118543,0.7944954128440367,0.7705484133279454,0.6431440814140332,0.7575503355704698,0.7713926174496645,0.22860738255033558,0.64,0.27,2384.0,1839.0,545.0,0.699570759984009,0.21906875073788246,0.6269819482421412,0.16443492233529727,0.27820297160866336,0.5910609846633885,1839.0,545.0,2384.0,0.31922870915907875,0.7575503355704698,4825.0,0.37430051813471504,1.0,1806.0,2643.0,0.218690881573969,0.0,578.0
0.64,0.28,7468.0,0.32886984467059455,0.7466014138118543,0.7909238249594813,0.7687626193856678,0.6431440814140332,0.7577361563517915,0.7487785016286646,0.2512214983713355,0.64,0.28,2456.0,1839.0,617.0,0.699570759984009,0.21906875073788246,0.6269819482421412,0.16952329941081948,0.28226454369950105,0.6005830459219634,1839.0,617.0,2456.0,0.32886984467059455,0.7577361563517915,4825.0,0.38569948186528497,1.0,1861.0,2643.0,0.22512296632614454,0.0,595.0
0.64,0.29,7468.0,0.33985002678093196,0.7466014138118543,0.7839771101573677,0.765289261984611,0.6431440814140332,0.7568951930654059,0.7245862884160756,0.27541371158392436,0.64,0.29,2538.0,1839.0,699.0,0.699570759984009,0.21906875073788246,0.6269819482421412,0.17461167648634174,0.2874355147633902,0.607481217587457,1839.0,699.0,2538.0,0.33985002678093196,0.7568951930654059,4825.0,0.39813471502590675,1.0,1921.0,2643.0,0.23344684071131291,0.0,617.0
0.64,0.3,7468.0,0.3527048741296197,0.7466014138118543,0.7660377358490567,0.7563195748304554,0.6431440814140332,0.7524677296886864,0.6981776765375854,0.30182232346241455,0.64,0.3,2634.0,1839.0,795.0,0.699570759984009,0.21906875073788246,0.6269819482421412,0.17809319764327794,0.29547561361840147,0.6027339971050212,1839.0,795.0,2634.0,0.3527048741296197,0.7524677296886864,4825.0,0.41077720207253887,1.0,1982.0,2643.0,0.24668936814226258,0.0,652.0
0.64,0.31,7468.0,0.3623460096411355,0.7466014138118543,0.76239907727797,0.7545002455449121,0.6431440814140332,0.7516629711751663,0.6796008869179601,0.3203991130820399,0.64,0.31,2706.0,1839.0,867.0,0.699570759984009,0.21906875073788246,0.6269819482421412,0.18237814675950725,0.29997321787255293,0.6079814326524067,1839.0,867.0,2706.0,0.3623460096411355,0.7516629711751663,4825.0,0.4215544041450777,1.0,2034.0,2643.0,0.2542565266742338,0.0,672.0
0.64,0.32,7468.0,0.3738618103910016,0.7466014138118543,0.7586568730325288,0.7526291434221916,0.6431440814140332,0.7507163323782235,0.6586676217765043,0.3413323782234957,0.64,0.32,2792.0,1839.0,953.0,0.699570759984009,0.21906875073788246,0.6269819482421412,0.18746652383502949,0.3052828905752598,0.6140747798927642,1839.0,953.0,2792.0,0.3738618103910016,0.7507163323782235,4825.0,0.4344041450777202,1.0,2096.0,2643.0,0.2633371169125993,0.0,696.0
0.64,0.33,7468.0,0.38444027852169255,0.7466014138118543,0.7548449612403101,0.7507231875260822,0.6431440814140332,0.7495646116335771,0.6405433646812957,0.3594566353187043,0.64,0.33,2871.0,1839.0,1032.0,0.699570759984009,0.21906875073788246,0.6269819482421412,0.19188537761114086,0.31028607841035316,0.6184143954965732,1839.0,1032.0,2871.0,0.38444027852169255,0.7495646116335771,4825.0,0.4460103626943005,1.0,2152.0,2643.0,0.27203934922436623,0.0,719.0
0.64,0.34,7468.0,0.3951526513122657,0.7466014138118543,0.7517985611510791,0.7491999874814668,0.6431440814140332,0.748559810233819,0.6231785835310064,0.3768214164689936,0.64,0.34,2951.0,1839.0,1112.0,0.699570759984009,0.21906875073788246,0.6269819482421412,0.19643813604713442,0.3152098628415133,0.6231979363726413,1839.0,1112.0,2951.0,0.3951526513122657,0.748559810233819,4825.0,0.4578238341968912,1.0,2209.0,2643.0,0.28074158153613316,0.0,742.0
0.64,0.35,7468.0,0.4088109266202464,0.7466014138118543,0.7438220757825371,0.7452117447971958,0.6431440814140332,0.7454962332132329,0.6023583360628889,0.39764166393711103,0.64,0.35,3053.0,1839.0,1214.0,0.699570759984009,0.21906875073788246,0.6269819482421412,0.20072308516336368,0.32255839894264315,0.6222844787838123,1839.0,1214.0,3053.0,0.4088109266202464,0.7454962332132329,4825.0,0.4717098445595855,1.0,2276.0,2643.0,0.2939841089670829,0.0,777.0
0.64,0.36,7468.0,0.4208623460096411,0.7466014138118543,0.7361963190184049,0.7413988664151296,0.6431440814140332,0.7422844416162901,0.5851097677378301,0.4148902322621699,0.64,0.36,3143.0,1839.0,1304.0,0.699570759984009,0.21906875073788246,0.6269819482421412,0.2039367970005356,0.32933687085498453,0.619234634953261,1839.0,1304.0,3143.0,0.4208623460096411,0.7422844416162901,4825.0,0.4835233160621762,1.0,2333.0,2643.0,0.3064699205448354,0.0,810.0
0.64,0.37,7468.0,0.43425281199785754,0.7466014138118543,0.7321937321937322,0.7393975730027933,0.6431440814140332,0.7403638606228801,0.5670675300647549,0.43293246993524515,0.64,0.37,3243.0,1839.0,1404.0,0.699570759984009,0.21906875073788246,0.6269819482421412,0.20875736475629353,0.33577927812892505,0.6217100886021308,1839.0,1404.0,3243.0,0.43425281199785754,0.7403638606228801,4825.0,0.49761658031088085,1.0,2401.0,2643.0,0.3185773741959894,0.0,842.0
0.64,0.38,7468.0,0.44938403856454207,0.7466014138118543,0.7297297297297297,0.738165571770792,0.6431440814140332,0.7389749702026222,0.5479737783075089,0.45202622169249107,0.64,0.38,3356.0,1839.0,1517.0,0.699570759984009,0.21906875073788246,0.6269819482421412,0.21478307445099087,0.34249157954141823,0.6271192849137381,1839.0,1517.0,3356.0,0.44938403856454207,0.7389749702026222,4825.0,0.5139896373056995,1.0,2480.0,2643.0,0.3314415437003405,0.0,876.0
0.64,0.39,7468.0,0.4631762185324049,0.7466014138118543,0.7197530864197531,0.7331772501158037,0.6431440814140332,0.734027175484244,0.5316565481352992,0.4683434518647008,0.64,0.39,3459.0,1839.0,1620.0,0.699570759984009,0.21906875073788246,0.6269819482421412,0.21679164434922335,0.35098758823011217,0.6176618536353823,1839.0,1620.0,3459.0,0.4631762185324049,0.734027175484244,4825.0,0.5262176165803109,1.0,2539.0,2643.0,0.34808929247067727,0.0,920.0
0.64,0.4,7468.0,0.4817889662560257,0.7466014138118543,0.7123365548607163,0.7294689843362854,0.6431440814140332,0.7298499166203446,0.5111172873818788,0.48888271261812116,0.64,0.4,3598.0,1839.0,1759.0,0.699570759984009,0.21906875073788246,0.6269819482421412,0.22147830744509905,0.36077046637088145,0.6139036536804916,1839.0,1759.0,3598.0,0.4817889662560257,0.7298499166203446,4825.0,0.5442487046632124,1.0,2626.0,2643.0,0.3677639046538025,0.0,972.0
0.64,0.41,7468.0,0.49906266738082483,0.7466014138118543,0.7044491525423728,0.7255252831771135,0.6431440814140332,0.7252481888918701,0.4934263482693856,0.5065736517306144,0.64,0.41,3727.0,1839.0,1888.0,0.699570759984009,0.21906875073788246,0.6269819482421412,0.2248259239421532,0.3702949793331471,0.6071535842776895,1839.0,1888.0,3727.0,0.49906266738082483,0.7252481888918701,4825.0,0.5602072538860103,1.0,2703.0,2643.0,0.38743851683692776,0.0,1024.0
0.64,0.42,7468.0,0.5166041778253884,0.7466014138118543,0.7003467062902426,0.7234740600510485,0.6431440814140332,0.7223950233281493,0.47667185069984447,0.5233281493001555,0.64,0.42,3858.0,1839.0,2019.0,0.699570759984009,0.21906875073788246,0.6269819482421412,0.2297803963577933,0.3786976244100265,0.6067648211835721,1839.0,2019.0,3858.0,0.5166041778253884,0.7223950233281493,4825.0,0.5776165803108808,1.0,2787.0,2643.0,0.4052213393870602,0.0,1071.0
0.64,0.43,7468.0,0.5354847348687735,0.7466014138118543,0.6888888888888889,0.7177451513503716,0.6431440814140332,0.7154288572143036,0.45986496624156037,0.5401350337584396,0.64,0.43,3999.0,1839.0,2160.0,0.699570759984009,0.21906875073788246,0.6269819482421412,0.23071772897696843,0.3903632961049265,0.5910333560534169,1839.0,2160.0,3999.0,0.5354847348687735,0.7154288572143036,4825.0,0.5929533678756477,1.0,2861.0,2643.0,0.43057132046916385,0.0,1138.0
0.64,0.44,7468.0,0.5575790037493304,0.7466014138118543,0.6843010752688172,0.7154512445403358,0.6431440814140332,0.7118155619596542,0.44164265129682995,0.55835734870317,0.64,0.44,4164.0,1839.0,2325.0,0.699570759984009,0.21906875073788246,0.6269819482421412,0.23620782003213717,0.4008560737454238,0.5892584284057732,1839.0,2325.0,4164.0,0.5575790037493304,0.7118155619596542,4825.0,0.614300518134715,1.0,2964.0,2643.0,0.4540295119182747,0.0,1200.0
0.64,0.45,7468.0,0.5819496518478843,0.7466014138118543,0.676505783805345,0.7115535988085997,0.6431440814140332,0.7061665899677865,0.4231477220432582,0.5768522779567419,0.64,0.45,4346.0,1839.0,2507.0,0.699570759984009,0.21906875073788246,0.6269819482421412,0.2399571505088377,0.4135169291208321,0.5802837407866337,1839.0,2507.0,4346.0,0.5819496518478843,0.7061665899677865,4825.0,0.6360621761658031,1.0,3069.0,2643.0,0.48316307226636396,0.0,1277.0
0.64,0.46,7468.0,0.6114086770219603,0.7466014138118543,0.6648331499816649,0.7057172818967596,0.6431440814140332,0.6977660972404731,0.40275952693823913,0.5972404730617609,0.64,0.46,4566.0,1839.0,2727.0,0.699570759984009,0.21906875073788246,0.6269819482421412,0.24183181574718807,0.42987024860693274,0.5625693253508122,1839.0,2727.0,4566.0,0.6114086770219603,0.6977660972404731,4825.0,0.6603108808290156,1.0,3186.0,2643.0,0.5221339387060159,0.0,1380.0
0.64,0.47,7468.0,0.6405998928762721,0.7466014138118543,0.6560271646859083,0.7013142892488813,0.6431440814140332,0.6908444816053512,0.3844063545150502,0.6155936454849499,0.64,0.47,4784.0,1839.0,2945.0,0.699570759984009,0.21906875073788246,0.6269819482421412,0.24450990894483127,0.44502246231591547,0.5494327357598794,1839.0,2945.0,4784.0,0.6405998928762721,0.6908444816053512,4825.0,0.6847668393782383,1.0,3304.0,2643.0,0.5599697313658721,0.0006756756756756757,1480.0
0.64,0.48,7468.0,0.6685859667916444,0.7466014138118543,0.6487000634115409,0.6976507386116976,0.6431440814140332,0.6847586621269778,0.3683156418986581,0.6316843581013418,0.64,0.48,4993.0,1839.0,3154.0,0.699570759984009,0.21906875073788246,0.6269819482421412,0.2470540974825924,0.4590925120871892,0.5381357590856825,1839.0,3154.0,4993.0,0.6685859667916444,0.6847586621269778,4825.0,0.7088082901554404,0.9991228070175439,3420.0,2643.0,0.5951570185395384,0.0012714558169103624,1573.0
0.64,0.49,7468.0,0.6885377611140868,0.7466014138118543,0.641537995761429,0.6940697047866417,0.6431440814140332,0.6791131855309218,0.35764294049008166,0.6423570595099183,0.64,0.49,5142.0,1839.0,3303.0,0.699570759984009,0.21906875073788246,0.6269819482421412,0.2466523835029459,0.4700454114291197,0.5247416047590537,1839.0,3303.0,5142.0,0.6885377611140868,0.6791131855309218,4825.0,0.7241450777202073,0.9968517458500287,3494.0,2643.0,0.6235338630344306,0.0054611650485436895,1648.0
0.64,0.5,7468.0,0.7051419389394751,0.7466014138118543,0.6381674934344909,0.6923844536231726,0.6431440814140332,0.6760349411317889,0.3492214204329662,0.6507785795670338,0.64,0.5,5266.0,1839.0,3427.0,0.699570759984009,0.21906875073788246,0.6269819482421412,0.24825923942153189,0.47795538469502735,0.5194192750437168,1839.0,3427.0,5266.0,0.7051419389394751,0.6760349411317889,4825.0,0.7394818652849741,0.9901905829596412,3568.0,2643.0,0.6424517593643587,0.015901060070671377,1698.0
0.65,0.2,7468.0,0.25361542581681845,0.7574344023323615,0.8659217877094972,0.8116780950209294,0.6431440814140332,0.7676874340021119,0.9054910242872228,0.0945089757127772,0.65,0.2,1894.0,1715.0,179.0,0.699570759984009,0.21906875073788246,0.6269819482421412,0.13577932512051422,0.24273040672349255,0.5593832554945942,1715.0,179.0,1894.0,0.25361542581681845,0.7676874340021119,4825.0,0.30134715025906733,1.0,1454.0,2643.0,0.16647748770336737,0.0,440.0
0.65,0.21,7468.0,0.25950723085163363,0.7574344023323615,0.852017937219731,0.8047261697760462,0.6431440814140332,0.7683178534571723,0.8849329205366357,0.1150670794633643,0.65,0.21,1938.0,1715.0,223.0,0.699570759984009,0.21906875073788246,0.6269819482421412,0.13926084627745042,0.24520031053628705,0.5679472671664553,1715.0,223.0,1938.0,0.25950723085163363,0.7683178534571723,4825.0,0.30860103626943003,1.0,1489.0,2643.0,0.16988270904275446,0.0,449.0
0.65,0.22,7468.0,0.2648634172469202,0.7574344023323615,0.844106463878327,0.8007704331053442,0.6431440814140332,0.768958543983822,0.8670374115267947,0.13296258847320525,0.65,0.22,1978.0,1715.0,263.0,0.699570759984009,0.21906875073788246,0.6269819482421412,0.14247455811462237,0.24737507870872705,0.5759454786566424,1715.0,263.0,1978.0,0.2648634172469202,0.768958543983822,4825.0,0.31523316062176165,1.0,1521.0,2643.0,0.17290957245554295,0.0,457.0
0.65,0.23,7468.0,0.27129084092126404,0.7574344023323615,0.8360128617363344,0.7967236320343479,0.6431440814140332,0.7694965449160909,0.8464955577492597,0.15350444225074036,0.65,0.23,2026.0,1715.0,311.0,0.699570759984009,0.21906875073788246,0.6269819482421412,0.146223888591323,0.25006694336711227,0.5847389767813418,1715.0,311.0,2026.0,0.27129084092126404,0.7694965449160909,4825.0,0.3231088082901554,1.0,1559.0,2643.0,0.17669315172152858,0.0,467.0
0.65,0.24,7468.0,0.2775843599357258,0.7574344023323615,0.8296089385474861,0.7935216704399237,0.6431440814140332,0.7698986975397974,0.8273034249879402,0.17269657501205982,0.65,0.24,2073.0,1715.0,358.0,0.699570759984009,0.21906875073788246,0.6269819482421412,0.14983931440814144,0.25273013821820334,0.5928826512917603,1715.0,358.0,2073.0,0.2775843599357258,0.7698986975397974,4825.0,0.33077720207253886,1.0,1596.0,2643.0,0.18047673098751418,0.0,477.0
0.65,0.25,7468.0,0.28468130690948046,0.7574344023323615,0.8150851581508516,0.7862597802416065,0.6431440814140332,0.768579492003763,0.8066792097836313,0.19332079021636878,0.65,0.25,2126.0,1715.0,411.0,0.699570759984009,0.21906875073788246,0.6269819482421412,0.1529191215854312,0.25667312415214927,0.5957737963043791,1715.0,411.0,2126.0,0.28468130690948046,0.768579492003763,4825.0,0.3386528497409326,1.0,1634.0,2643.0,0.18615209988649262,0.0,492.0
0.65,0.26,7468.0,0.2923138725227638,0.7574344023323615,0.8012820512820513,0.7793582268072063,0.6431440814140332,0.7668346312414109,0.7856161245991754,0.21438387540082454,0.65,0.26,2183.0,1715.0,468.0,0.699570759984009,0.21906875073788246,0.6269819482421412,0.15599892876272098,0.2610698601524531,0.5975371062428447,1715.0,468.0,2183.0,0.2923138725227638,0.7668346312414109,4825.0,0.34694300518134713,1.0,1674.0,2643.0,0.1925841846386682,0.0,509.0
0.65,0.27,7468.0,0.30262453133369044,0.7574344023323615,0.7944954128440367,0.7759649075881991,0.6431440814140332,0.7663716814159292,0.7588495575221239,0.2411504424778761,0.65,0.27,2260.0,1715.0,545.0,0.699570759984009,0.21906875073788246,0.6269819482421412,0.16122121049812532,0.265897838309721,0.606327646448682,1715.0,545.0,2260.0,0.30262453133369044,0.7663716814159292,4825.0,0.3589637305699482,1.0,1732.0,2643.0,0.19977298524404086,0.0,528.0
0.65,0.28,7468.0,0.31226566684520624,0.7574344023323615,0.7909238249594813,0.7741791136459214,0.6431440814140332,0.766295025728988,0.7354202401372213,0.2645797598627787,0.65,0.28,2332.0,1715.0,617.0,0.699570759984009,0.21906875073788246,0.6269819482421412,0.16630958757364758,0.27014447918804363,0.6156320057826609,1715.0,617.0,2332.0,0.31226566684520624,0.766295025728988,4825.0,0.37036269430051816,1.0,1787.0,2643.0,0.20620506999621643,0.0,545.0
0.65,0.29,7468.0,0.32324584895554365,0.7574344023323615,0.7839771101573677,0.7707057562448646,0.6431440814140332,0.7651201325600663,0.7104391052195526,0.2895608947804474,0.65,0.29,2414.0,1715.0,699.0,0.699570759984009,0.21906875073788246,0.6269819482421412,0.1713979646491698,0.27554299510818075,0.6220370965405139,1715.0,699.0,2414.0,0.32324584895554365,0.7651201325600663,4825.0,0.3827979274611399,1.0,1847.0,2643.0,0.21452894438138478,0.0,567.0
0.65,0.3,7468.0,0.3361006963042314,0.7574344023323615,0.7660377358490567,0.7617360690907091,0.6431440814140332,0.7601593625498008,0.6832669322709163,0.31673306772908366,0.65,0.3,2510.0,1715.0,795.0,0.699570759984009,0.21906875073788246,0.6269819482421412,0.17487948580610604,0.2839200684155008,0.6159461949346247,1715.0,795.0,2510.0,0.3361006963042314,0.7601593625498008,4825.0,0.395440414507772,1.0,1908.0,2643.0,0.22777147181233448,0.0,602.0
0.65,0.31,7468.0,0.3457418318157472,0.7574344023323615,0.76239907727797,0.7599167398051657,0.6431440814140332,0.7591014717273431,0.6642137877614253,0.33578621223857474,0.65,0.31,2582.0,1715.0,867.0,0.699570759984009,0.21906875073788246,0.6269819482421412,0.17916443492233528,0.28859781434845616,0.6208100893862286,1715.0,867.0,2582.0,0.3457418318157472,0.7591014717273431,4825.0,0.40621761658031086,1.0,1960.0,2643.0,0.23533863034430572,0.0,622.0
0.65,0.32,7468.0,0.35725763256561327,0.7574344023323615,0.7586568730325288,0.7580456376824452,0.6431440814140332,0.7578710644677661,0.6428035982008995,0.35719640179910045,0.65,0.32,2668.0,1715.0,953.0,0.699570759984009,0.21906875073788246,0.6269819482421412,0.1842528119978575,0.2941129209740332,0.6264696273378786,1715.0,953.0,2668.0,0.35725763256561327,0.7578710644677661,4825.0,0.4190673575129534,1.0,2022.0,2643.0,0.2444192205826712,0.0,646.0
0.65,0.33,7468.0,0.36783610069630424,0.7574344023323615,0.7548449612403101,0.7561396817863357,0.6431440814140332,0.7564615944666909,0.6243174372042228,0.3756825627957772,0.65,0.33,2747.0,1715.0,1032.0,0.699570759984009,0.21906875073788246,0.6269819482421412,0.18867166577396893,0.29930288582165,0.6303703529487367,1715.0,1032.0,2747.0,0.36783610069630424,0.7564615944666909,4825.0,0.4306735751295337,1.0,2078.0,2643.0,0.25312145289443816,0.0,669.0
0.65,0.34,7468.0,0.37854847348687737,0.7574344023323615,0.7517985611510791,0.7546164817417202,0.6431440814140332,0.7552175451008136,0.6066501591793421,0.39334984082065794,0.65,0.34,2827.0,1715.0,1112.0,0.699570759984009,0.21906875073788246,0.6269819482421412,0.19322442420996255,0.30440437683853594,0.6347623060375832,1715.0,1112.0,2827.0,0.37854847348687737,0.7552175451008136,4825.0,0.44248704663212435,1.0,2135.0,2643.0,0.2618236852062051,0.0,692.0
0.65,0.35,7468.0,0.39220674879485806,0.7574344023323615,0.7438220757825371,0.7506282390574492,0.6431440814140332,0.7517924206213725,0.5855240696483441,0.41447593035165586,0.65,0.35,2929.0,1715.0,1214.0,0.699570759984009,0.21906875073788246,0.6269819482421412,0.19750937332619178,0.3120075123043244,0.633027621250177,1715.0,1214.0,2929.0,0.39220674879485806,0.7517924206213725,4825.0,0.45637305699481867,1.0,2202.0,2643.0,0.27506621263715475,0.0,727.0
0.65,0.36,7468.0,0.4042581681842528,0.7574344023323615,0.7361963190184049,0.7468153606753831,0.6431440814140332,0.7482610135806559,0.5680688969857569,0.43193110301424315,0.65,0.36,3019.0,1715.0,1304.0,0.699570759984009,0.21906875073788246,0.6269819482421412,0.2007230851633637,0.3190102529863963,0.629205748982379,1715.0,1304.0,3019.0,0.4042581681842528,0.7482610135806559,4825.0,0.4681865284974093,1.0,2259.0,2643.0,0.2875520242149073,0.0,760.0
0.65,0.37,7468.0,0.4176486341724692,0.7574344023323615,0.7321937321937322,0.7448140672630468,0.6431440814140332,0.7460724591215133,0.5498557229881372,0.45014427701186277,0.65,0.37,3119.0,1715.0,1404.0,0.699570759984009,0.21906875073788246,0.6269819482421412,0.2055436529191216,0.3256570137839408,0.6311660557554913,1715.0,1404.0,3119.0,0.4176486341724692,0.7460724591215133,4825.0,0.482279792746114,1.0,2327.0,2643.0,0.2996594778660613,0.0,792.0
0.65,0.38,7468.0,0.4327798607391537,0.7574344023323615,0.7297297297297297,0.7435820660310456,0.6431440814140332,0.744430693069307,0.5306311881188119,0.4693688118811881,0.65,0.38,3232.0,1715.0,1517.0,0.699570759984009,0.21906875073788246,0.6269819482421412,0.211569362613819,0.3325736746386691,0.6361578764274788,1715.0,1517.0,3232.0,0.4327798607391537,0.744430693069307,4825.0,0.49865284974093266,1.0,2406.0,2643.0,0.3125236473704124,0.0,826.0
0.65,0.39,7468.0,0.4465720407070166,0.7574344023323615,0.7197530864197531,0.7385937443760573,0.6431440814140332,0.7391304347826086,0.5142428785607196,0.48575712143928035,0.65,0.39,3335.0,1715.0,1620.0,0.699570759984009,0.21906875073788246,0.6269819482421412,0.21357793251205137,0.3413166478469555,0.6257471877194181,1715.0,1620.0,3335.0,0.4465720407070166,0.7391304347826086,4825.0,0.510880829015544,1.0,2465.0,2643.0,0.32917139614074914,0.0,870.0
0.65,0.4,7468.0,0.4651847884306374,0.7574344023323615,0.7123365548607163,0.7348854785965389,0.6431440814140332,0.7345998848589522,0.49366724237190557,0.5063327576280944,0.65,0.4,3474.0,1715.0,1759.0,0.699570759984009,0.21906875073788246,0.6269819482421412,0.21826459560792716,0.3513688893618146,0.6211836113446397,1715.0,1759.0,3474.0,0.4651847884306374,0.7345998848589522,4825.0,0.5289119170984456,1.0,2552.0,2643.0,0.3488460083238744,0.0,922.0
0.65,0.41,7468.0,0.4824584895554365,0.7574344023323615,0.7044491525423728,0.7309417774373672,0.6431440814140332,0.7296697196780461,0.475992228698307,0.5240077713016931,0.65,0.41,3603.0,1715.0,1888.0,0.699570759984009,0.21906875073788246,0.6269819482421412,0.22161221210498125,0.3611414386708172,0.61364382032875,1715.0,1888.0,3603.0,0.4824584895554365,0.7296697196780461,4825.0,0.5448704663212435,1.0,2629.0,2643.0,0.36852062050699963,0.0,974.0
0.65,0.42,7468.0,0.5,0.7574344023323615,0.7003467062902426,0.728890554311302,0.6431440814140332,0.7265666845206213,0.4592929833958222,0.5407070166041779,0.65,0.42,3734.0,1715.0,2019.0,0.699570759984009,0.21906875073788246,0.6269819482421412,0.22656668452062134,0.3697521571805759,0.6127528403031681,1715.0,2019.0,3734.0,0.5,0.7265666845206213,4825.0,0.562279792746114,1.0,2713.0,2643.0,0.38630344305713205,0.0,1021.0
0.65,0.43,7468.0,0.5188805570433851,0.7574344023323615,0.6888888888888889,0.7231616456106251,0.6431440814140332,0.7192258064516129,0.4425806451612903,0.5574193548387096,0.65,0.43,3875.0,1715.0,2160.0,0.699570759984009,0.21906875073788246,0.6269819482421412,0.22750401713979648,0.3816913281066185,0.5960418809311995,1715.0,2160.0,3875.0,0.5188805570433851,0.7192258064516129,4825.0,0.5776165803108808,1.0,2787.0,2643.0,0.4116534241392357,0.0,1088.0
0.65,0.44,7468.0,0.5409748259239422,0.7574344023323615,0.6843010752688172,0.7208677388005893,0.6431440814140332,0.7153465346534653,0.4245049504950495,0.5754950495049505,0.65,0.44,4040.0,1715.0,2325.0,0.699570759984009,0.21906875073788246,0.6269819482421412,0.23299410819496516,0.392416053270618,0.5937425501659784,1715.0,2325.0,4040.0,0.5409748259239422,0.7153465346534653,4825.0,0.5989637305699482,1.0,2890.0,2643.0,0.4351116155883466,0.0,1150.0
0.65,0.45,7468.0,0.565345474022496,0.7574344023323615,0.676505783805345,0.7169700930688532,0.6431440814140332,0.7093794410232117,0.4062055897678825,0.5937944102321174,0.65,0.45,4222.0,1715.0,2507.0,0.699570759984009,0.21906875073788246,0.6269819482421412,0.23674343867166575,0.4053406193257902,0.5840604848964929,1715.0,2507.0,4222.0,0.565345474022496,0.7093794410232117,4825.0,0.6207253886010363,1.0,2995.0,2643.0,0.4642451759364359,0.0,1227.0
0.65,0.46,7468.0,0.5948044991965721,0.7574344023323615,0.6648331499816649,0.7111337761570131,0.6431440814140332,0.7005853219270599,0.3860873480414228,0.6139126519585772,0.65,0.46,4442.0,1715.0,2727.0,0.699570759984009,0.21906875073788246,0.6269819482421412,0.23861810391001612,0.4220108975409023,0.5654311424194648,1715.0,2727.0,4442.0,0.5948044991965721,0.7005853219270599,4825.0,0.6449740932642487,1.0,3112.0,2643.0,0.5032160423760877,0.0,1330.0
0.65,0.47,7468.0,0.6239957150508838,0.7574344023323615,0.6560271646859083,0.7067307835091349,0.6431440814140332,0.6933476394849786,0.36802575107296137,0.6319742489270386,0.65,0.47,4660.0,1715.0,2945.0,0.699570759984009,0.21906875073788246,0.6269819482421412,0.2412961971076594,0.43743543406040186,0.5516155718522354,1715.0,2945.0,4660.0,0.6239957150508838,0.6933476394849786,4825.0,0.6694300518134715,1.0,3230.0,2643.0,0.541051835035944,0.0006993006993006993,1430.0
0.65,0.48,7468.0,0.651981788966256,0.7574344023323615,0.6487000634115409,0.7030672328719512,0.6431440814140332,0.6869993838570548,0.35222838365167386,0.6477716163483261,0.65,0.48,4869.0,1715.0,3154.0,0.699570759984009,0.21906875073788246,0.6269819482421412,0.24384038564542046,0.4517418528987743,0.5397781588770786,1715.0,3154.0,4869.0,0.651981788966256,0.6869993838570548,4825.0,0.6934715025906736,0.9991034070531979,3346.0,2643.0,0.5762391222096103,0.0013131976362442547,1523.0
0.65,0.49,7468.0,0.6719335832886985,0.7574344023323615,0.641537995761429,0.6994861990468952,0.6431440814140332,0.681147867676365,0.3417696293343962,0.6582303706656039,0.65,0.49,5018.0,1715.0,3303.0,0.699570759984009,0.21906875073788246,0.6269819482421412,0.2434386716657739,0.4628687241664339,0.5259345878341103,1715.0,3303.0,5018.0,0.6719335832886985,0.681147867676365,4825.0,0.7088082901554404,0.9967836257309941,3420.0,2643.0,0.6046159667045025,0.005632040050062578,1598.0
0.65,0.5,7468.0,0.6885377611140868,0.7574344023323615,0.6381674934344909,0.6978009478834262,0.6431440814140332,0.6779463243873979,0.3335278101905873,0.6664721898094127,0.65,0.5,5142.0,1715.0,3427.0,0.699570759984009,0.21906875073788246,0.6269819482421412,0.24504552758435993,0.4708992639247416,0.5203778097719064,1715.0,3427.0,5142.0,0.6885377611140868,0.6779463243873979,4825.0,0.7241450777202073,0.9899828277046365,3494.0,2643.0,0.6235338630344306,0.016383495145631068,1648.0
0.66,0.2,7468.0,0.24049276914836637,0.7631416202844774,0.8659217877094972,0.8145317039969873,0.6431440814140332,0.7733853006681515,0.9003340757238307,0.09966592427616927,0.66,0.2,1796.0,1617.0,179.0,0.699570759984009,0.21906875073788246,0.6269819482421412,0.13149437600428496,0.23345062983860357,0.5632641732223802,1617.0,179.0,1796.0,0.24049276914836637,0.7733853006681515,4825.0,0.2878756476683938,1.0,1389.0,2643.0,0.15399167612561482,0.0,407.0
0.66,0.21,7468.0,0.24638457418318158,0.7631416202844774,0.852017937219731,0.8075797787521042,0.6431440814140332,0.7739130434782608,0.878804347826087,0.12119565217391304,0.66,0.21,1840.0,1617.0,223.0,0.699570759984009,0.21906875073788246,0.6269819482421412,0.1349758971612212,0.23601766567564425,0.5718889591371379,1617.0,223.0,1840.0,0.24638457418318158,0.7739130434782608,4825.0,0.2951295336787565,1.0,1424.0,2643.0,0.15739689746500188,0.0,416.0
0.66,0.22,7468.0,0.2517407605784681,0.7631416202844774,0.844106463878327,0.8036240420814023,0.6431440814140332,0.774468085106383,0.8601063829787234,0.1398936170212766,0.66,0.22,1880.0,1617.0,263.0,0.699570759984009,0.21906875073788246,0.6269819482421412,0.13818960899839314,0.2382762593924067,0.5799554238041598,1617.0,263.0,1880.0,0.2517407605784681,0.774468085106383,4825.0,0.30176165803108806,1.0,1456.0,2643.0,0.1604237608777904,0.0,424.0
0.66,0.23,7468.0,0.258168184252812,0.7631416202844774,0.8360128617363344,0.7995772410104058,0.6431440814140332,0.774896265560166,0.8386929460580913,0.16130705394190872,0.66,0.23,1928.0,1617.0,311.0,0.699570759984009,0.21906875073788246,0.6269819482421412,0.14193893947509376,0.24106974590117924,0.5887878586526499,1617.0,311.0,1928.0,0.258168184252812,0.774896265560166,4825.0,0.3096373056994819,1.0,1494.0,2643.0,0.164207340143776,0.0,434.0
0.66,0.24,7468.0,0.2644617032672737,0.7631416202844774,0.8296089385474861,0.7963752794159817,0.6431440814140332,0.7751898734177215,0.8187341772151899,0.18126582278481013,0.66,0.24,1975.0,1617.0,358.0,0.699570759984009,0.21906875073788246,0.6269819482421412,0.14555436529191215,0.24383123054211242,0.5969471792776491,1617.0,358.0,1975.0,0.2644617032672737,0.7751898734177215,4825.0,0.31730569948186527,1.0,1531.0,2643.0,0.16799091940976163,0.0,444.0
0.66,0.25,7468.0,0.2715586502410284,0.7631416202844774,0.8150851581508516,0.7891133892176645,0.6431440814140332,0.7736686390532544,0.7973372781065089,0.20266272189349113,0.66,0.25,2028.0,1617.0,411.0,0.699570759984009,0.21906875073788246,0.6269819482421412,0.14863417246920194,0.24791578990841473,0.5995349167719833,1617.0,411.0,2028.0,0.2715586502410284,0.7736686390532544,4825.0,0.3251813471502591,1.0,1569.0,2643.0,0.17366628830874006,0.0,459.0
0.66,0.26,7468.0,0.2791912158543117,0.7631416202844774,0.8012820512820513,0.7822118357832644,0.6431440814140332,0.7717026378896883,0.7755395683453238,0.22446043165467625,0.66,0.26,2085.0,1617.0,468.0,0.699570759984009,0.21906875073788246,0.6269819482421412,0.15171397964649172,0.2524650829400177,0.600930544056807,1617.0,468.0,2085.0,0.2791912158543117,0.7717026378896883,4825.0,0.3334715025906736,1.0,1609.0,2643.0,0.18009837306091564,0.0,476.0
0.66,0.27,7468.0,0.28950187466523836,0.7631416202844774,0.7944954128440367,0.778818516564257,0.6431440814140332,0.77104532839963,0.7479185938945421,0.25208140610545793,0.66,0.27,2162.0,1617.0,545.0,0.699570759984009,0.21906875073788246,0.6269819482421412,0.15693626138189612,0.25745447489152545,0.6095689789350869,1617.0,545.0,2162.0,0.28950187466523836,0.77104532839963,4825.0,0.3454922279792746,1.0,1667.0,2643.0,0.1872871736662883,0.0,495.0
0.66,0.28,7468.0,0.29914301017675415,0.7631416202844774,0.7909238249594813,0.7770327226219793,0.6431440814140332,0.7708146821844225,0.7238137869292749,0.27618621307072516,0.66,0.28,2234.0,1617.0,617.0,0.699570759984009,0.21906875073788246,0.6269819482421412,0.1620246384574183,0.2618380909258008,0.61879705082074,1617.0,617.0,2234.0,0.29914301017675415,0.7708146821844225,4825.0,0.35689119170984457,1.0,1722.0,2643.0,0.19371925841846388,0.0,512.0
0.66,0.29,7468.0,0.31012319228709156,0.7631416202844774,0.7839771101573677,0.7735593652209225,0.6431440814140332,0.7694300518134715,0.6981865284974094,0.3018134715025907,0.66,0.29,2316.0,1617.0,699.0,0.699570759984009,0.21906875073788246,0.6269819482421412,0.1671130155329405,0.2674043536988049,0.6249450063972065,1617.0,699.0,2316.0,0.31012319228709156,0.7694300518134715,4825.0,0.3693264248704663,1.0,1782.0,2643.0,0.20204313280363223,0.0,534.0
0.66,0.3,7468.0,0.3229780396357793,0.7631416202844774,0.7660377358490567,0.764589678066767,0.6431440814140332,0.7640961857379768,0.6703980099502488,0.32960199004975127,0.66,0.3,2412.0,1617.0,795.0,0.699570759984009,0.21906875073788246,0.6269819482421412,0.17059453668987679,0.2760285338021257,0.6180322531878877,1617.0,795.0,2412.0,0.3229780396357793,0.7640961857379768,4825.0,0.3819689119170984,1.0,1843.0,2643.0,0.21528566023458193,0.0,569.0
0.66,0.31,7468.0,0.3326191751472951,0.7631416202844774,0.76239907727797,0.7627703487812236,0.6431440814140332,0.7628824476650563,0.6509661835748792,0.34903381642512077,0.66,0.31,2484.0,1617.0,867.0,0.699570759984009,0.21906875073788246,0.6269819482421412,0.17487948580610602,0.28083775506614944,0.6227064653928541,1617.0,867.0,2484.0,0.3326191751472951,0.7628824476650563,4825.0,0.3927461139896373,1.0,1895.0,2643.0,0.22285281876655316,0.0,589.0
0.66,0.32,7468.0,0.34413497589716124,0.7631416202844774,0.7586568730325288,0.7608992466585032,0.6431440814140332,0.7614785992217898,0.6291828793774319,0.3708171206225681,0.66,0.32,2570.0,1617.0,953.0,0.699570759984009,0.21906875073788246,0.6269819482421412,0.17996786288162828,0.286502280109193,0.6281550806961751,1617.0,953.0,2570.0,0.34413497589716124,0.7614785992217898,4825.0,0.4055958549222798,1.0,1957.0,2643.0,0.23193340900491866,0.0,613.0
0.66,0.33,7468.0,0.35471344402785215,0.7631416202844774,0.7548449612403101,0.7589932907623937,0.6431440814140332,0.7599093997734995,0.6104190260475651,0.3895809739524349,0.66,0.33,2649.0,1617.0,1032.0,0.699570759984009,0.21906875073788246,0.6269819482421412,0.1843867166577397,0.29182762666522205,0.6318343426383819,1617.0,1032.0,2649.0,0.35471344402785215,0.7599093997734995,4825.0,0.4172020725388601,1.0,2013.0,2643.0,0.24063564131668558,0.0,636.0
0.66,0.34,7468.0,0.3654258168184253,0.7631416202844774,0.7517985611510791,0.7574700907177783,0.6431440814140332,0.7585196042506412,0.5925247343349213,0.4074752656650788,0.66,0.34,2729.0,1617.0,1112.0,0.699570759984009,0.21906875073788246,0.6269819482421412,0.18893947509373324,0.29705752113411643,0.6360366651293446,1617.0,1112.0,2729.0,0.3654258168184253,0.7585196042506412,4825.0,0.42901554404145076,1.0,2070.0,2643.0,0.24933787362845253,0.0,659.0
0.66,0.35,7468.0,0.379084092126406,0.7631416202844774,0.7438220757825371,0.7534818480335073,0.6431440814140332,0.7548569410102437,0.5711762628046627,0.42882373719533734,0.66,0.35,2831.0,1617.0,1214.0,0.699570759984009,0.21906875073788246,0.6269819482421412,0.19322442420996247,0.30484395017487514,0.6338470030293151,1617.0,1214.0,2831.0,0.379084092126406,0.7548569410102437,4825.0,0.4429015544041451,1.0,2137.0,2643.0,0.26258040105940217,0.0,694.0
0.66,0.36,7468.0,0.3911355115158007,0.7631416202844774,0.7361963190184049,0.7496689696514411,0.6431440814140332,0.7511126326600479,0.5535775419376926,0.4464224580623074,0.66,0.36,2921.0,1617.0,1304.0,0.699570759984009,0.21906875073788246,0.6269819482421412,0.19643813604713442,0.31200751230432444,0.6295942511010232,1617.0,1304.0,2921.0,0.3911355115158007,0.7511126326600479,4825.0,0.45471502590673574,1.0,2194.0,2643.0,0.27506621263715475,0.0,727.0
0.66,0.37,7468.0,0.40452597750401714,0.7631416202844774,0.7321937321937322,0.7476676762391048,0.6431440814140332,0.7487586891757696,0.535253227408143,0.464746772591857,0.66,0.37,3021.0,1617.0,1404.0,0.699570759984009,0.21906875073788246,0.6269819482421412,0.20125870380289232,0.31880030873661713,0.631300216114803,1617.0,1404.0,3021.0,0.40452597750401714,0.7487586891757696,4825.0,0.4688082901554404,1.0,2262.0,2643.0,0.28717366628830876,0.0,759.0
0.66,0.38,7468.0,0.4196572040707017,0.7631416202844774,0.7297297297297297,0.7464356750071035,0.6431440814140332,0.7469687300574346,0.5159540523292916,0.48404594767070835,0.66,0.38,3134.0,1617.0,1517.0,0.699570759984009,0.21906875073788246,0.6269819482421412,0.20728441349758972,0.3258625404776621,0.6361099781329393,1617.0,1517.0,3134.0,0.4196572040707017,0.7469687300574346,4825.0,0.48518134715025907,1.0,2341.0,2643.0,0.30003783579265986,0.0,793.0
0.66,0.39,7468.0,0.43344938403856453,0.7631416202844774,0.7197530864197531,0.7414473533521153,0.6431440814140332,0.7414272474513438,0.4995366079703429,0.5004633920296571,0.66,0.39,3237.0,1617.0,1620.0,0.699570759984009,0.21906875073788246,0.6269819482421412,0.20929298339582214,0.33478082430356015,0.6251641916206264,1617.0,1620.0,3237.0,0.43344938403856453,0.7414272474513438,4825.0,0.49740932642487046,1.0,2400.0,2643.0,0.3166855845629966,0.0,837.0
0.66,0.4,7468.0,0.45206213176218535,0.7631416202844774,0.7123365548607163,0.7377390875725969,0.6431440814140332,0.7366706161137441,0.4789691943127962,0.5210308056872038,0.66,0.4,3376.0,1617.0,1759.0,0.699570759984009,0.21906875073788246,0.6269819482421412,0.21397964649169793,0.34502353924803986,0.6201885441151493,1617.0,1759.0,3376.0,0.45206213176218535,0.7366706161137441,4825.0,0.515440414507772,1.0,2487.0,2643.0,0.33636019674612183,0.0,889.0
0.66,0.41,7468.0,0.4693358328869845,0.7631416202844774,0.7044491525423728,0.7337953864134251,0.6431440814140332,0.7315263908701855,0.4613409415121255,0.5386590584878744,0.66,0.41,3505.0,1617.0,1888.0,0.699570759984009,0.21906875073788246,0.6269819482421412,0.21732726298875202,0.3549708226729575,0.6122397929842827,1617.0,1888.0,3505.0,0.4693358328869845,0.7315263908701855,4825.0,0.5313989637305699,1.0,2564.0,2643.0,0.35603480892924705,0.0,941.0
0.66,0.42,7468.0,0.4868773433315479,0.7631416202844774,0.7003467062902426,0.73174416328736,0.6431440814140332,0.7282728272827282,0.44471947194719474,0.5552805280528053,0.66,0.42,3636.0,1617.0,2019.0,0.699570759984009,0.21906875073788246,0.6269819482421412,0.22228173540439203,0.36372765080974795,0.6111213566236654,1617.0,2019.0,3636.0,0.4868773433315479,0.7282728272827282,4825.0,0.5488082901554404,1.0,2648.0,2643.0,0.3738176314793795,0.0,988.0
0.66,0.43,7468.0,0.5057579003749331,0.7631416202844774,0.6888888888888889,0.7260152545866831,0.6431440814140332,0.7206777866031242,0.42811755361397935,0.5718824463860207,0.66,0.43,3777.0,1617.0,2160.0,0.699570759984009,0.21906875073788246,0.6269819482421412,0.22321906802356725,0.3758582394675989,0.5938916447322156,1617.0,2160.0,3777.0,0.5057579003749331,0.7206777866031242,4825.0,0.5641450777202073,1.0,2722.0,2643.0,0.39916761256148314,0.0,1055.0
0.66,0.44,7468.0,0.5278521692554901,0.7631416202844774,0.6843010752688172,0.7237213477766473,0.6431440814140332,0.7166412988330797,0.4101978691019787,0.5898021308980214,0.66,0.44,3942.0,1617.0,2325.0,0.699570759984009,0.21906875073788246,0.6269819482421412,0.22870915907873596,0.3867447544419666,0.5913697767116196,1617.0,2325.0,3942.0,0.5278521692554901,0.7166412988330797,4825.0,0.5854922279792746,1.0,2825.0,2643.0,0.422625804010594,0.0,1117.0
0.66,0.45,7468.0,0.5522228173540439,0.7631416202844774,0.676505783805345,0.7198237020449112,0.6431440814140332,0.7104752667313288,0.39209505334626577,0.6079049466537343,0.66,0.45,4124.0,1617.0,2507.0,0.699570759984009,0.21906875073788246,0.6269819482421412,0.23245848955543646,0.3998526777443209,0.5813603421810224,1617.0,2507.0,4124.0,0.5522228173540439,0.7104752667313288,4825.0,0.6072538860103627,1.0,2930.0,2643.0,0.4517593643586833,0.0,1194.0
0.66,0.46,7468.0,0.5816818425281199,0.7631416202844774,0.6648331499816649,0.7139873851330711,0.6431440814140332,0.701427255985267,0.3722375690607735,0.6277624309392266,0.66,0.46,4344.0,1617.0,2727.0,0.699570759984009,0.21906875073788246,0.6269819482421412,0.23433315479378677,0.416742539065988,0.5622971806981334,1617.0,2727.0,4344.0,0.5816818425281199,0.701427255985267,4825.0,0.6315025906735752,1.0,3047.0,2643.0,0.4907302307983352,0.0,1297.0
0.66,0.47,7468.0,0.6108730583824317,0.7631416202844774,0.6560271646859083,0.7095843924851928,0.6431440814140332,0.6939938623410785,0.3544498027181061,0.6455501972818939,0.66,0.47,4562.0,1617.0,2945.0,0.699570759984009,0.21906875073788246,0.6269819482421412,0.23701124799143014,0.43235506842813903,0.5481865838952767,1617.0,2945.0,4562.0,0.6108730583824317,0.6939938623410785,4825.0,0.655958549222798,1.0,3165.0,2643.0,0.5285660234581915,0.0007158196134574087,1397.0
0.66,0.48,7468.0,0.638859132297804,0.7631416202844774,0.6487000634115409,0.7059208418480092,0.6431440814140332,0.6874869000209599,0.33892265772374763,0.6610773422762524,0.66,0.48,4771.0,1617.0,3154.0,0.699570759984009,0.21906875073788246,0.6269819482421412,0.23955543652919117,0.4468241800577789,0.5361290798949471,1617.0,3154.0,4771.0,0.638859132297804,0.6874869000209599,4825.0,0.68,0.9990856446205425,3281.0,2643.0,0.5637533106318577,0.0013422818791946308,1490.0
0.66,0.49,7468.0,0.6588109266202464,0.7631416202844774,0.641537995761429,0.7023398080229533,0.6431440814140332,0.6815040650406504,0.32865853658536587,0.6713414634146342,0.66,0.49,4920.0,1617.0,3303.0,0.699570759984009,0.21906875073788246,0.6269819482421412,0.23915372254954476,0.4580705208102251,0.522089310891552,1617.0,3303.0,4920.0,0.6588109266202464,0.6815040650406504,4825.0,0.6953367875647668,0.9967213114754099,3355.0,2643.0,0.5921301551267499,0.005750798722044728,1565.0
0.66,0.5,7468.0,0.6754151044456347,0.7631416202844774,0.6381674934344909,0.7006545568594842,0.6431440814140332,0.6782315622521808,0.32057890563045205,0.679421094369548,0.66,0.5,5044.0,1617.0,3427.0,0.699570759984009,0.21906875073788246,0.6269819482421412,0.24076057846813073,0.4661837223549874,0.5164499893988094,1617.0,3427.0,5044.0,0.6754151044456347,0.6782315622521808,4825.0,0.7106735751295337,0.9897929425488481,3429.0,2643.0,0.6110480514566781,0.01671826625386997,1615.0
0.67,0.2,7468.0,0.22723620782003215,0.7674571805006588,0.8659217877094972,0.816689484105078,0.6431440814140332,0.7778432527990572,0.8945197407189157,0.10548025928108426,0.67,0.2,1697.0,1518.0,179.0,0.699570759984009,0.21906875073788246,0.6269819482421412,0.12627209426888059,0.22468212384516884,0.5620032965145737,1518.0,179.0,1697.0,0.22723620782003215,0.7778432527990572,4825.0,0.27357512953367874,1.0,1320.0,2643.0,0.14264093832765795,0.0,377.0
0.67,0.21,7468.0,0.23312801285484736,0.7674571805006588,0.852017937219731,0.8097375588601949,0.6431440814140332,0.7782883400344629,0.8719126938541069,0.12808730614589317,0.67,0.21,1741.0,1518.0,223.0,0.699570759984009,0.21906875073788246,0.6269819482421412,0.1297536154258168,0.22734818828069706,0.5707264104766718,1518.0,223.0,1741.0,0.23312801285484736,0.7782883400344629,4825.0,0.28082901554404144,1.0,1355.0,2643.0,0.146046159667045,0.0,386.0
0.67,0.22,7468.0,0.2384841992501339,0.7674571805006588,0.844106463878327,0.8057818221894929,0.6431440814140332,0.7787759685569905,0.8523301516002246,0.1476698483997754,0.67,0.22,1781.0,1518.0,263.0,0.699570759984009,0.21906875073788246,0.6269819482421412,0.13296732726298877,0.22969204599544268,0.5788939128768393,1518.0,263.0,1781.0,0.2384841992501339,0.7787759685569905,4825.0,0.28746113989637306,1.0,1387.0,2643.0,0.14907302307983353,0.0,394.0
0.67,0.23,7468.0,0.24491162292447777,0.7674571805006588,0.8360128617363344,0.8017350211184966,0.6431440814140332,0.779114270092947,0.8299617277200656,0.1700382722799344,0.67,0.23,1829.0,1518.0,311.0,0.699570759984009,0.21906875073788246,0.6269819482421412,0.13671665773968936,0.23258865533897868,0.5878044977749932,1518.0,311.0,1829.0,0.24491162292447777,0.779114270092947,4825.0,0.29533678756476683,1.0,1425.0,2643.0,0.15285660234581913,0.0,404.0
0.67,0.24,7468.0,0.2512051419389395,0.7674571805006588,0.8296089385474861,0.7985330595240725,0.6431440814140332,0.779317697228145,0.8091684434968017,0.1908315565031983,0.67,0.24,1876.0,1518.0,358.0,0.699570759984009,0.21906875073788246,0.6269819482421412,0.1403320835565078,0.23544963196237076,0.5960174258371128,1518.0,358.0,1876.0,0.2512051419389395,0.779317697228145,4825.0,0.30300518134715027,1.0,1462.0,2643.0,0.15664018161180476,0.0,414.0
0.67,0.25,7468.0,0.2583020889126942,0.7674571805006588,0.8150851581508516,0.7912711693257553,0.6431440814140332,0.7776049766718507,0.7869362363919129,0.2130637636080871,0.67,0.25,1929.0,1518.0,411.0,0.699570759984009,0.21906875073788246,0.6269819482421412,0.14341189073379754,0.23967707251518308,0.5983546495658765,1518.0,411.0,1929.0,0.2583020889126942,0.7776049766718507,4825.0,0.31088082901554404,1.0,1500.0,2643.0,0.1623155505107832,0.0,429.0
0.67,0.26,7468.0,0.2659346545259775,0.7674571805006588,0.8012820512820513,0.7843696158913551,0.6431440814140332,0.7754279959718026,0.7643504531722054,0.23564954682779457,0.67,0.26,1986.0,1518.0,468.0,0.699570759984009,0.21906875073788246,0.6269819482421412,0.14649169791108727,0.24437978293517879,0.5994427859441379,1518.0,468.0,1986.0,0.2659346545259775,0.7754279959718026,4825.0,0.31917098445595854,1.0,1540.0,2643.0,0.16874763526295877,0.0,446.0
0.67,0.27,7468.0,0.2762453133369041,0.7674571805006588,0.7944954128440367,0.7809762966723477,0.6431440814140332,0.7746000969461949,0.7358216190014542,0.2641783809985458,0.67,0.27,2063.0,1518.0,545.0,0.699570759984009,0.21906875073788246,0.6269819482421412,0.15171397964649172,0.24953089356872465,0.607996779383581,1518.0,545.0,2063.0,0.2762453133369041,0.7746000969461949,4825.0,0.3311917098445596,1.0,1598.0,2643.0,0.17593643586833144,0.0,465.0
0.67,0.28,7468.0,0.2858864488484199,0.7674571805006588,0.7909238249594813,0.7791905027300701,0.6431440814140332,0.7742388758782202,0.7110070257611241,0.2889929742388759,0.67,0.28,2135.0,1518.0,617.0,0.699570759984009,0.21906875073788246,0.6269819482421412,0.15680235672201392,0.25405126660420924,0.6172075377459109,1518.0,617.0,2135.0,0.2858864488484199,0.7742388758782202,4825.0,0.3425906735751295,1.0,1653.0,2643.0,0.182368520620507,0.0,482.0
0.67,0.29,7468.0,0.29686663095875737,0.7674571805006588,0.7839771101573677,0.7757171453290133,0.6431440814140332,0.7726657645466847,0.6847090663058186,0.3152909336941813,0.67,0.29,2217.0,1518.0,699.0,0.699570759984009,0.21906875073788246,0.6269819482421412,0.16189073379753613,0.25978442713259514,0.6231733579430702,1518.0,699.0,2217.0,0.29686663095875737,0.7726657645466847,4825.0,0.3550259067357513,1.0,1713.0,2643.0,0.19069239500567536,0.0,504.0
0.67,0.3,7468.0,0.3097214783074451,0.7674571805006588,0.7660377358490567,0.7667474581748577,0.6431440814140332,0.7669693039342845,0.6562905317769131,0.3437094682230869,0.67,0.3,2313.0,1518.0,795.0,0.699570759984009,0.21906875073788246,0.6269819482421412,0.16537225495447247,0.2686533299188497,0.6155600416507971,1518.0,795.0,2313.0,0.3097214783074451,0.7669693039342845,4825.0,0.3676683937823834,1.0,1774.0,2643.0,0.20393492243662506,0.0,539.0
0.67,0.31,7468.0,0.3193626138189609,0.7674571805006588,0.76239907727797,0.7649281288893144,0.6431440814140332,0.7656184486373165,0.6364779874213836,0.3635220125786163,0.67,0.31,2385.0,1518.0,867.0,0.699570759984009,0.21906875073788246,0.6269819482421412,0.16965720407070164,0.273592223709172,0.6201097449723093,1518.0,867.0,2385.0,0.3193626138189609,0.7656184486373165,4825.0,0.37844559585492227,1.0,1826.0,2643.0,0.2115020809685963,0.0,559.0
0.67,0.32,7468.0,0.330878414568827,0.7674571805006588,0.7586568730325288,0.7630570267665938,0.6431440814140332,0.764063132335087,0.6143261837312829,0.3856738162687171,0.67,0.32,2471.0,1518.0,953.0,0.699570759984009,0.21906875073788246,0.6269819482421412,0.1747455811462239,0.27940368056147996,0.6254233329892478,1518.0,953.0,2471.0,0.330878414568827,0.764063132335087,4825.0,0.3912953367875648,1.0,1888.0,2643.0,0.2205826712069618,0.0,583.0
0.67,0.33,7468.0,0.34145688269951796,0.7674571805006588,0.7548449612403101,0.7611510708704845,0.6431440814140332,0.7623529411764706,0.5952941176470589,0.4047058823529412,0.67,0.33,2550.0,1518.0,1032.0,0.699570759984009,0.21906875073788246,0.6269819482421412,0.1791644349223353,0.2848617627702801,0.6289522088888362,1518.0,1032.0,2550.0,0.34145688269951796,0.7623529411764706,4825.0,0.4029015544041451,1.0,1944.0,2643.0,0.2292849035187287,0.0,606.0
0.67,0.34,7468.0,0.35216925549009104,0.7674571805006588,0.7517985611510791,0.759627870825869,0.6431440814140332,0.7608365019011407,0.5771863117870722,0.42281368821292775,0.67,0.34,2630.0,1518.0,1112.0,0.699570759984009,0.21906875073788246,0.6269819482421412,0.1837171933583289,0.29021721359333785,0.633033413434117,1518.0,1112.0,2630.0,0.35216925549009104,0.7608365019011407,4825.0,0.41471502590673576,1.0,2001.0,2643.0,0.23798713583049566,0.0,629.0
0.67,0.35,7468.0,0.3658275307980718,0.7674571805006588,0.7438220757825371,0.755639628141598,0.6431440814140332,0.7569546120058566,0.5556368960468521,0.4443631039531479,0.67,0.35,2732.0,1518.0,1214.0,0.699570759984009,0.21906875073788246,0.6269819482421412,0.18800214247455815,0.2981823169836817,0.6304939353088692,1518.0,1214.0,2732.0,0.3658275307980718,0.7569546120058566,4825.0,0.42860103626943,1.0,2068.0,2643.0,0.2512296632614453,0.0,664.0
0.67,0.36,7468.0,0.37787895018746653,0.7674571805006588,0.7361963190184049,0.7518267497595319,0.6431440814140332,0.7530120481927711,0.5379163713678242,0.4620836286321758,0.67,0.36,2822.0,1518.0,1304.0,0.699570759984009,0.21906875073788246,0.6269819482421412,0.19121585431173008,0.3055021242771779,0.6259067912020231,1518.0,1304.0,2822.0,0.37787895018746653,0.7530120481927711,4825.0,0.44041450777202074,1.0,2125.0,2643.0,0.2637154748391979,0.0,697.0
0.67,0.37,7468.0,0.3912694161756829,0.7674571805006588,0.7321937321937322,0.7498254563471956,0.6431440814140332,0.7505133470225873,0.5195071868583162,0.4804928131416838,0.67,0.37,2922.0,1518.0,1404.0,0.699570759984009,0.21906875073788246,0.6269819482421412,0.19603642206748798,0.3124363888123428,0.6274442705367217,1518.0,1404.0,2922.0,0.3912694161756829,0.7505133470225873,4825.0,0.4545077720207254,1.0,2193.0,2643.0,0.2758229284903519,0.0,729.0
0.67,0.38,7468.0,0.4064006427423674,0.7674571805006588,0.7297297297297297,0.7485934551151943,0.6431440814140332,0.7485996705107084,0.500164744645799,0.499835255354201,0.67,0.38,3035.0,1518.0,1517.0,0.699570759984009,0.21906875073788246,0.6269819482421412,0.20206213176218532,0.31963925836807194,0.632156803246947,1518.0,1517.0,3035.0,0.4064006427423674,0.7485996705107084,4825.0,0.47088082901554407,1.0,2272.0,2643.0,0.288687097994703,0.0,763.0
0.67,0.39,7468.0,0.42019282271023034,0.7674571805006588,0.7197530864197531,0.743605133460206,0.6431440814140332,0.7428298279158699,0.4837476099426386,0.5162523900573613,0.67,0.39,3138.0,1518.0,1620.0,0.699570759984009,0.21906875073788246,0.6269819482421412,0.20407070166041774,0.32872642200606006,0.6207919047549385,1518.0,1620.0,3138.0,0.42019282271023034,0.7428298279158699,4825.0,0.48310880829015546,1.0,2331.0,2643.0,0.30533484676503975,0.0,807.0
0.67,0.4,7468.0,0.4388055704338511,0.7674571805006588,0.7123365548607163,0.7398968676806876,0.6431440814140332,0.7378700030515716,0.46322856270979557,0.5367714372902045,0.67,0.4,3277.0,1518.0,1759.0,0.699570759984009,0.21906875073788246,0.6269819482421412,0.20875736475629353,0.3391520349913572,0.6155273836455483,1518.0,1759.0,3277.0,0.4388055704338511,0.7378700030515716,4825.0,0.501139896373057,1.0,2418.0,2643.0,0.32500945894816496,0.0,859.0
0.67,0.41,7468.0,0.45607927155865025,0.7674571805006588,0.7044491525423728,0.7359531665215158,0.6431440814140332,0.7325308279506753,0.44568408690546096,0.5543159130945391,0.67,0.41,3406.0,1518.0,1888.0,0.699570759984009,0.21906875073788246,0.6269819482421412,0.2121049812533476,0.3492665817862501,0.6072867898456861,1518.0,1888.0,3406.0,0.45607927155865025,0.7325308279506753,4825.0,0.5170984455958549,1.0,2495.0,2643.0,0.3446840711312902,0.0,911.0
0.67,0.42,7468.0,0.4736207820032137,0.7674571805006588,0.7003467062902426,0.7339019433954508,0.6431440814140332,0.7291489963245689,0.42917726887192537,0.5708227311280747,0.67,0.42,3537.0,1518.0,2019.0,0.699570759984009,0.21906875073788246,0.6269819482421412,0.2170594536689877,0.3581629017180772,0.6060355570824668,1518.0,2019.0,3537.0,0.4736207820032137,0.7291489963245689,4825.0,0.5345077720207254,1.0,2579.0,2643.0,0.36246689368142265,0.0,958.0
0.67,0.43,7468.0,0.4925013390465988,0.7674571805006588,0.6888888888888889,0.7281730346947739,0.6431440814140332,0.7213159325720501,0.41272430668841764,0.5872756933115824,0.67,0.43,3678.0,1518.0,2160.0,0.699570759984009,0.21906875073788246,0.6269819482421412,0.21799678628816285,0.370475743307464,0.5884239122971235,1518.0,2160.0,3678.0,0.4925013390465988,0.7213159325720501,4825.0,0.5498445595854923,1.0,2653.0,2643.0,0.3878168747635263,0.0,1025.0
0.67,0.44,7468.0,0.5145956079271559,0.7674571805006588,0.6843010752688172,0.7258791278847381,0.6431440814140332,0.7171480614103565,0.3950039032006245,0.6049960967993755,0.67,0.44,3843.0,1518.0,2325.0,0.699570759984009,0.21906875073788246,0.6269819482421412,0.22348687734333153,0.3815158781648703,0.5857865691418294,1518.0,2325.0,3843.0,0.5145956079271559,0.7171480614103565,4825.0,0.5711917098445596,1.0,2756.0,2643.0,0.41127506621263715,0.0,1087.0
0.67,0.45,7468.0,0.5389662560257097,0.7674571805006588,0.676505783805345,0.721981482153002,0.6431440814140332,0.710807453416149,0.37714285714285717,0.6228571428571429,0.67,0.45,4025.0,1518.0,2507.0,0.699570759984009,0.21906875073788246,0.6269819482421412,0.2272362078200321,0.39479744693049723,0.5755766902414551,1518.0,2507.0,4025.0,0.5389662560257097,0.710807453416149,4825.0,0.5929533678756477,1.0,2861.0,2643.0,0.44040862656072643,0.0,1164.0
0.67,0.46,7468.0,0.5684252811997857,0.7674571805006588,0.6648331499816649,0.7161451652411619,0.6431440814140332,0.7015312131919906,0.3575971731448763,0.6424028268551236,0.67,0.46,4245.0,1518.0,2727.0,0.699570759984009,0.21906875073788246,0.6269819482421412,0.22911087305838249,0.41189465166557043,0.5562365816888646,1518.0,2727.0,4245.0,0.5684252811997857,0.7015312131919906,4825.0,0.6172020725388601,1.0,2978.0,2643.0,0.47937949300037835,0.0,1267.0
0.67,0.47,7468.0,0.5976164970540975,0.7674571805006588,0.6560271646859083,0.7117421725932835,0.6431440814140332,0.6939278512211516,0.3401299574277392,0.6598700425722608,0.67,0.47,4463.0,1518.0,2945.0,0.699570759984009,0.21906875073788246,0.6269819482421412,0.23178896625602563,0.4276841888578954,0.541962906964141,1518.0,2945.0,4463.0,0.5976164970540975,0.6939278512211516,4825.0,0.641658031088083,1.0,3096.0,2643.0,0.5172152856602346,0.000731528895391368,1367.0
0.67,0.48,7468.0,0.6256025709694697,0.7674571805006588,0.6487000634115409,0.7080786219560998,0.6431440814140332,0.6872859589041096,0.3249143835616438,0.6750856164383562,0.67,0.48,4672.0,1518.0,3154.0,0.699570759984009,0.21906875073788246,0.6269819482421412,0.2343331547937868,0.44230612485906345,0.5297985752931972,1518.0,3154.0,4672.0,0.6256025709694697,0.6872859589041096,4825.0,0.6656994818652849,0.99906600249066,3212.0,2643.0,0.5524025728339008,0.0013698630136986301,1460.0
0.67,0.49,7468.0,0.6455543652919121,0.7674571805006588,0.641537995761429,0.7044975881310439,0.6431440814140332,0.681186475834889,0.3148724331051649,0.6851275668948351,0.67,0.49,4821.0,1518.0,3303.0,0.699570759984009,0.21906875073788246,0.6269819482421412,0.2339314408141403,0.4536644820116359,0.5156485686885672,1518.0,3303.0,4821.0,0.6455543652919121,0.681186475834889,4825.0,0.6810362694300518,0.9966524650030432,3286.0,2643.0,0.580779417328793,0.005863192182410423,1535.0
0.67,0.5,7468.0,0.6621585431173005,0.7674571805006588,0.6381674934344909,0.7028123369675748,0.6431440814140332,0.6778564206268959,0.30697674418604654,0.6930232558139535,0.67,0.5,4945.0,1518.0,3427.0,0.699570759984009,0.21906875073788246,0.6269819482421412,0.23553829673272633,0.4618550889535451,0.5099831145444357,1518.0,3427.0,4945.0,0.6621585431173005,0.6778564206268959,4825.0,0.6963730569948187,0.9895833333333334,3360.0,2643.0,0.5996973136587211,0.017034700315457414,1585.0
0.68,0.2,7468.0,0.21277450455275843,0.7815602836879433,0.8659217877094972,0.8237410356987203,0.6431440814140332,0.7910635619886721,0.8873505349276274,0.11264946507237256,0.68,0.2,1589.0,1410.0,179.0,0.699570759984009,0.21906875073788246,0.6269819482421412,0.1238618103910016,0.21084673836907797,0.5874494969620394,1410.0,179.0,1589.0,0.21277450455275843,0.7910635619886721,4825.0,0.2605181347150259,1.0,1257.0,2643.0,0.12561483163072265,0.0,332.0
0.68,0.21,7468.0,0.21866630958757366,0.7815602836879433,0.852017937219731,0.8167891104538372,0.6431440814140332,0.7911818738518065,0.863441518677281,0.13655848132271892,0.68,0.21,1633.0,1410.0,223.0,0.699570759984009,0.21906875073788246,0.6269819482421412,0.12734333154793787,0.2136854908968269,0.5959381285715025,1410.0,223.0,1633.0,0.21866630958757366,0.7911818738518065,4825.0,0.2677720207253886,1.0,1292.0,2643.0,0.1290200529701097,0.0,341.0
0.68,0.22,7468.0,0.2240224959828602,0.7815602836879433,0.844106463878327,0.8128333737831351,0.6431440814140332,0.7913927077106994,0.8427973699940227,0.15720263000597728,0.68,0.22,1673.0,1410.0,263.0,0.699570759984009,0.21906875073788246,0.6269819482421412,0.13055704338510982,0.21617753421406952,0.6039343720880167,1410.0,263.0,1673.0,0.2240224959828602,0.7913927077106994,4825.0,0.2744041450777202,1.0,1324.0,2643.0,0.13204691638289823,0.0,349.0
0.68,0.23,7468.0,0.23044991965720407,0.7815602836879433,0.8360128617363344,0.8087865727121388,0.6431440814140332,0.7914003486345148,0.8192911098198722,0.18070889018012784,0.68,0.23,1721.0,1410.0,311.0,0.699570759984009,0.21906875073788246,0.6269819482421412,0.13430637386181038,0.2192527602966422,0.612564118600368,1410.0,311.0,1721.0,0.23044991965720407,0.7914003486345148,4825.0,0.282279792746114,1.0,1362.0,2643.0,0.13583049564888383,0.0,359.0
0.68,0.24,7468.0,0.23674343867166578,0.7815602836879433,0.8296089385474861,0.8055846111177147,0.6431440814140332,0.791289592760181,0.7975113122171946,0.20248868778280543,0.68,0.24,1768.0,1410.0,358.0,0.699570759984009,0.21906875073788246,0.6269819482421412,0.1379217996786288,0.22228544598447844,0.6204715700921755,1410.0,358.0,1768.0,0.23674343867166578,0.791289592760181,4825.0,0.2899481865284974,1.0,1399.0,2643.0,0.13961407491486946,0.0,369.0
0.68,0.25,7468.0,0.24384038564542046,0.7815602836879433,0.8150851581508516,0.7983227209193975,0.6431440814140332,0.7891268533772653,0.7742998352553542,0.2257001647446458,0.68,0.25,1821.0,1410.0,411.0,0.699570759984009,0.21906875073788246,0.6269819482421412,0.14100160685591862,0.22675843842016316,0.6218141553552914,1410.0,411.0,1821.0,0.24384038564542046,0.7891268533772653,4825.0,0.2978238341968912,1.0,1437.0,2643.0,0.1452894438138479,0.0,384.0
0.68,0.26,7468.0,0.2514729512587038,0.7815602836879433,0.8012820512820513,0.7914211674849974,0.6431440814140332,0.7864749733759319,0.7507987220447284,0.24920127795527156,0.68,0.26,1878.0,1410.0,468.0,0.699570759984009,0.21906875073788246,0.6269819482421412,0.14408141403320834,0.23172347445338315,0.6217816920494771,1410.0,468.0,1878.0,0.2514729512587038,0.7864749733759319,4825.0,0.3061139896373057,1.0,1477.0,2643.0,0.15172152856602344,0.0,401.0
0.68,0.27,7468.0,0.2617836100696304,0.7815602836879433,0.7944954128440367,0.7880278482659899,0.6431440814140332,0.7851662404092071,0.7212276214833759,0.27877237851662406,0.68,0.27,1955.0,1410.0,545.0,0.699570759984009,0.21906875073788246,0.6269819482421412,0.14930369576861272,0.23714965138179908,0.6295758602159665,1410.0,545.0,1955.0,0.2617836100696304,0.7851662404092071,4825.0,0.31813471502590673,1.0,1535.0,2643.0,0.15891032917139614,0.0,420.0
0.68,0.28,7468.0,0.2714247455811462,0.7815602836879433,0.7909238249594813,0.7862420543237123,0.6431440814140332,0.7844104588061174,0.6956092747903305,0.3043907252096695,0.68,0.28,2027.0,1410.0,617.0,0.699570759984009,0.21906875073788246,0.6269819482421412,0.15439207284413495,0.24190150137712174,0.6382435494000487,1410.0,617.0,2027.0,0.2714247455811462,0.7844104588061174,4825.0,0.3295336787564767,1.0,1590.0,2643.0,0.16534241392357168,0.0,437.0
0.68,0.29,7468.0,0.2824049276914837,0.7815602836879433,0.7839771101573677,0.7827686969226555,0.6431440814140332,0.7823613086770982,0.6685633001422475,0.3314366998577525,0.68,0.29,2109.0,1410.0,699.0,0.699570759984009,0.21906875073788246,0.6269819482421412,0.15948044991965724,0.2479157899084147,0.643284762049939,1410.0,699.0,2109.0,0.2824049276914837,0.7823613086770982,4825.0,0.34196891191709844,1.0,1650.0,2643.0,0.17366628830874006,0.0,459.0
0.68,0.3,7468.0,0.2952597750401714,0.7815602836879433,0.7660377358490567,0.7737990097684999,0.6431440814140332,0.7759637188208617,0.6394557823129252,0.36054421768707484,0.68,0.3,2205.0,1410.0,795.0,0.699570759984009,0.21906875073788246,0.6269819482421412,0.1629619710765935,0.2571942883926254,0.6336142691777837,1410.0,795.0,2205.0,0.2952597750401714,0.7759637188208617,4825.0,0.35461139896373056,1.0,1711.0,2643.0,0.18690881573968976,0.0,494.0
0.68,0.31,7468.0,0.3049009105516872,0.7815602836879433,0.76239907727797,0.7719796804829566,0.6431440814140332,0.7742643829600351,0.619235836627141,0.380764163372859,0.68,0.31,2277.0,1410.0,867.0,0.699570759984009,0.21906875073788246,0.6269819482421412,0.1672469201928227,0.2623489950036635,0.6374978497268009,1410.0,867.0,2277.0,0.3049009105516872,0.7742643829600351,4825.0,0.3653886010362694,1.0,1763.0,2643.0,0.194475974271661,0.0,514.0
0.68,0.32,7468.0,0.3164167113015533,0.7815602836879433,0.7586568730325288,0.770108578360236,0.6431440814140332,0.7723233178163351,0.596699111299196,0.40330088870080405,0.68,0.32,2363.0,1410.0,953.0,0.699570759984009,0.21906875073788246,0.6269819482421412,0.1723352972683449,0.2684039996285528,0.6420742518995305,1410.0,953.0,2363.0,0.3164167113015533,0.7723233178163351,4825.0,0.37823834196891193,1.0,1825.0,2643.0,0.2035565645100265,0.0,538.0
0.68,0.33,7468.0,0.32699517943224427,0.7815602836879433,0.7548449612403101,0.7682026224641267,0.6431440814140332,0.7702702702702703,0.5773955773955773,0.4226044226044226,0.68,0.33,2442.0,1410.0,1032.0,0.699570759984009,0.21906875073788246,0.6269819482421412,0.17675415104445638,0.27408121824359644,0.64489698410258,1410.0,1032.0,2442.0,0.32699517943224427,0.7702702702702703,4825.0,0.38984455958549225,1.0,1881.0,2643.0,0.2122587968217934,0.0,561.0
0.68,0.34,7468.0,0.33770755222281734,0.7815602836879433,0.7517985611510791,0.7666794224195113,0.6431440814140332,0.7684377478191912,0.5590800951625694,0.4409199048374306,0.68,0.34,2522.0,1410.0,1112.0,0.699570759984009,0.21906875073788246,0.6269819482421412,0.18130690948044995,0.2796432036921042,0.6483508523957351,1410.0,1112.0,2522.0,0.33770755222281734,0.7684377478191912,4825.0,0.4016580310880829,1.0,1938.0,2643.0,0.22096102913356036,0.0,584.0
0.68,0.35,7468.0,0.3513658275307981,0.7815602836879433,0.7438220757825371,0.7626911797352403,0.6431440814140332,0.7641006097560976,0.5373475609756098,0.46265243902439024,0.68,0.35,2624.0,1410.0,1214.0,0.699570759984009,0.21906875073788246,0.6269819482421412,0.1855918585966792,0.2879009976833346,0.6446377751035572,1410.0,1214.0,2624.0,0.3513658275307981,0.7641006097560976,4825.0,0.4155440414507772,1.0,2005.0,2643.0,0.23420355656451003,0.0,619.0
0.68,0.36,7468.0,0.36341724692019284,0.7815602836879433,0.7361963190184049,0.7588783013531741,0.6431440814140332,0.7597641857037583,0.5195283714075166,0.48047162859248344,0.68,0.36,2714.0,1410.0,1304.0,0.699570759984009,0.21906875073788246,0.6269819482421412,0.18880557043385107,0.29547561361840147,0.6389886736226165,1410.0,1304.0,2714.0,0.36341724692019284,0.7597641857037583,4825.0,0.4273575129533679,1.0,2062.0,2643.0,0.24668936814226258,0.0,652.0
0.68,0.37,7468.0,0.3768077129084092,0.7815602836879433,0.7321937321937322,0.7568770079408378,0.6431440814140332,0.7569296375266524,0.5010660980810234,0.4989339019189765,0.68,0.37,2814.0,1410.0,1404.0,0.699570759984009,0.21906875073788246,0.6269819482421412,0.19362613818960897,0.3026396989150632,0.6397909424432475,1410.0,1404.0,2814.0,0.3768077129084092,0.7569296375266524,4825.0,0.44145077720207254,1.0,2130.0,2643.0,0.25879682179341656,0.0,684.0
0.68,0.38,7468.0,0.39193893947509373,0.7815602836879433,0.7297297297297297,0.7556450067088365,0.6431440814140332,0.7546976426375128,0.48172189955585926,0.5182781004441408,0.68,0.38,2927.0,1410.0,1517.0,0.699570759984009,0.21906875073788246,0.6269819482421412,0.19965184788430637,0.31007022719924865,0.6438923520251807,1410.0,1517.0,2927.0,0.39193893947509373,0.7546976426375128,4825.0,0.4578238341968912,1.0,2209.0,2643.0,0.27166099129776766,0.0,718.0
0.68,0.39,7468.0,0.4057311194429566,0.7815602836879433,0.7197530864197531,0.7506566850538482,0.6431440814140332,0.7485148514851485,0.46534653465346537,0.5346534653465347,0.68,0.39,3030.0,1410.0,1620.0,0.699570759984009,0.21906875073788246,0.6269819482421412,0.20166041778253882,0.3194297275304991,0.6313138709461045,1410.0,1620.0,3030.0,0.4057311194429566,0.7485148514851485,4825.0,0.4700518134715026,1.0,2268.0,2643.0,0.2883087400681044,0.0,762.0
0.68,0.4,7468.0,0.4243438671665774,0.7815602836879433,0.7123365548607163,0.7469484192743299,0.6431440814140332,0.7431366361628274,0.44493531082360366,0.5550646891763963,0.68,0.4,3169.0,1410.0,1759.0,0.699570759984009,0.21906875073788246,0.6269819482421412,0.2063470808784146,0.3301490468622943,0.6250118933842699,1410.0,1759.0,3169.0,0.4243438671665774,0.7431366361628274,4825.0,0.48808290155440415,1.0,2355.0,2643.0,0.30798335225122964,0.0,814.0
0.68,0.41,7468.0,0.44161756829137655,0.7815602836879433,0.7044491525423728,0.743004718115158,0.6431440814140332,0.7374166161309885,0.4275318374772589,0.572468162522741,0.68,0.41,3298.0,1410.0,1888.0,0.699570759984009,0.21906875073788246,0.6269819482421412,0.2096946973754687,0.34053110791520047,0.6157871997635151,1410.0,1888.0,3298.0,0.44161756829137655,0.7374166161309885,4825.0,0.5040414507772021,1.0,2432.0,2643.0,0.3276579644343549,0.0,866.0
0.68,0.42,7468.0,0.45915907873594003,0.7815602836879433,0.7003467062902426,0.740953494989093,0.6431440814140332,0.7337416156313794,0.4111986001749781,0.5888013998250219,0.68,0.42,3429.0,1410.0,2019.0,0.699570759984009,0.21906875073788246,0.6269819482421412,0.21464916979110873,0.34964975972023155,0.6138976613707898,1410.0,2019.0,3429.0,0.45915907873594003,0.7337416156313794,4825.0,0.5214507772020726,1.0,2516.0,2643.0,0.3454407869844873,0.0,913.0
0.68,0.43,7468.0,0.4780396357793251,0.7815602836879433,0.6888888888888889,0.7352245862884161,0.6431440814140332,0.7254901960784313,0.3949579831932773,0.6050420168067226,0.68,0.43,3570.0,1410.0,2160.0,0.699570759984009,0.21906875073788246,0.6269819482421412,0.21558650241028385,0.362252076163161,0.5951284108394788,1410.0,2160.0,3570.0,0.4780396357793251,0.7254901960784313,4825.0,0.5367875647668394,1.0,2590.0,2643.0,0.370790768066591,0.0,980.0
0.68,0.44,7468.0,0.5001339046598822,0.7815602836879433,0.6843010752688172,0.7329306794783803,0.6431440814140332,0.7210174029451137,0.37751004016064255,0.6224899598393574,0.68,0.44,3735.0,1410.0,2325.0,0.699570759984009,0.21906875073788246,0.6269819482421412,0.22107659346545255,0.3735353471857982,0.5918491921341196,1410.0,2325.0,3735.0,0.5001339046598822,0.7210174029451137,4825.0,0.5581347150259067,1.0,2693.0,2643.0,0.3942489595157019,0.0,1042.0
0.68,0.45,7468.0,0.524504552758436,0.7815602836879433,0.676505783805345,0.7290330337466442,0.6431440814140332,0.714322185345928,0.35996936430942045,0.6400306356905795,0.68,0.45,3917.0,1410.0,2507.0,0.699570759984009,0.21906875073788246,0.6269819482421412,0.22482592394215312,0.38709083482839196,0.5808092150820999,1410.0,2507.0,3917.0,0.524504552758436,0.714322185345928,4825.0,0.5798963730569948,1.0,2798.0,2643.0,0.42338251986379116,0.0,1119.0
0.68,0.46,7468.0,0.553963577932512,0.7815602836879433,0.6648331499816649,0.7231967168348041,0.6431440814140332,0.7046168721295625,0.34082668600435095,0.659173313995649,0.68,0.46,4137.0,1410.0,2727.0,0.699570759984009,0.21906875073788246,0.6269819482421412,0.22670058918050348,0.4045138988662865,0.5604271937648306,1410.0,2727.0,4137.0,0.553963577932512,0.7046168721295625,4825.0,0.6041450777202072,1.0,2915.0,2643.0,0.4623533863034431,0.0,1222.0
0.68,0.47,7468.0,0.5831547937868238,0.7815602836879433,0.6560271646859083,0.7187937241869258,0.6431440814140332,0.6966704936854191,0.3237657864523536,0.6762342135476463,0.68,0.47,4355.0,1410.0,2945.0,0.699570759984009,0.21906875073788246,0.6269819482421412,0.22937868237814682,0.42058061736644314,0.5453857665016787,1410.0,2945.0,4355.0,0.5831547937868238,0.6966704936854191,4825.0,0.6286010362694301,1.0,3033.0,2643.0,0.5001891789632993,0.0007564296520423601,1322.0
0.68,0.48,7468.0,0.611140867702196,0.7815602836879433,0.6487000634115409,0.7151301735497421,0.6431440814140332,0.6897458369851008,0.3089395267309378,0.6910604732690623,0.68,0.48,4564.0,1410.0,3154.0,0.699570759984009,0.21906875073788246,0.6269819482421412,0.2319228709159079,0.4354411537660905,0.5326158745218,1410.0,3154.0,4564.0,0.611140867702196,0.6897458369851008,4825.0,0.6526424870466321,0.9990473166084471,3149.0,2643.0,0.5353764661369655,0.0014134275618374558,1415.0
0.68,0.49,7468.0,0.6310926620246384,0.7815602836879433,0.641537995761429,0.7115491397246861,0.6431440814140332,0.6834288139189476,0.2991725015913431,0.7008274984086569,0.68,0.49,4713.0,1410.0,3303.0,0.699570759984009,0.21906875073788246,0.6269819482421412,0.23152115693626138,0.4469739953780181,0.5179745563060277,1410.0,3303.0,4713.0,0.6310926620246384,0.6834288139189476,4825.0,0.6679792746113989,0.9965870307167235,3223.0,2643.0,0.5637533106318577,0.006040268456375839,1490.0
0.68,0.5,7468.0,0.6476968398500268,0.7815602836879433,0.6381674934344909,0.7098638885612171,0.6431440814140332,0.6799669216456481,0.29150299772586313,0.7084970022741368,0.68,0.5,4837.0,1410.0,3427.0,0.699570759984009,0.21906875073788246,0.6269819482421412,0.2331280128548473,0.4552849805315235,0.512048547225699,1410.0,3427.0,4837.0,0.6476968398500268,0.6799669216456481,4825.0,0.6833160621761658,0.9893842887473461,3297.0,2643.0,0.5826712069617859,0.01753246753246753,1540.0
0.69,0.2,7468.0,0.19710765934654526,0.7935034802784223,0.8659217877094972,0.8297126339939598,0.6431440814140332,0.8023097826086957,0.8783967391304348,0.12160326086956522,0.69,0.2,1472.0,1293.0,179.0,0.699570759984009,0.21906875073788246,0.6269819482421412,0.11917514729512588,0.19739872346524862,0.6037280545844373,1293.0,179.0,1472.0,0.19710765934654526,0.8023097826086957,4825.0,0.24476683937823834,1.0,1181.0,2643.0,0.11010215664018161,0.0,291.0
0.69,0.21,7468.0,0.20299946438136046,0.7935034802784223,0.852017937219731,0.8227607087490767,0.6431440814140332,0.8021108179419525,0.8529023746701847,0.1470976253298153,0.69,0.21,1516.0,1293.0,223.0,0.699570759984009,0.21906875073788246,0.6269819482421412,0.12265666845206212,0.20042803687271193,0.6119736059180136,1293.0,223.0,1516.0,0.20299946438136046,0.8021108179419525,4825.0,0.25202072538860104,1.0,1216.0,2643.0,0.11350737797956867,0.0,300.0
0.69,0.22,7468.0,0.20835565077664703,0.7935034802784223,0.844106463878327,0.8188049720783747,0.6431440814140332,0.8020565552699229,0.8309768637532133,0.16902313624678664,0.69,0.22,1556.0,1293.0,263.0,0.699570759984009,0.21906875073788246,0.6269819482421412,0.12587038028923409,0.2030828285299042,0.6197982429159417,1293.0,263.0,1556.0,0.20835565077664703,0.8020565552699229,4825.0,0.25865284974093267,1.0,1248.0,2643.0,0.11653424139235717,0.0,308.0
0.69,0.23,7468.0,0.2147830744509909,0.7935034802784223,0.8360128617363344,0.8147581710073784,0.6431440814140332,0.8017456359102244,0.8061097256857855,0.19389027431421446,0.69,0.23,1604.0,1293.0,311.0,0.699570759984009,0.21906875073788246,0.6269819482421412,0.12961971076593465,0.20635329375255468,0.6281446174606067,1293.0,311.0,1604.0,0.2147830744509909,0.8017456359102244,4825.0,0.26652849740932644,1.0,1286.0,2643.0,0.12031782065834279,0.0,318.0
0.69,0.24,7468.0,0.2210765934654526,0.7935034802784223,0.8296089385474861,0.8115562094129543,0.6431440814140332,0.8013325257419746,0.7831617201695942,0.21683827983040582,0.69,0.24,1651.0,1293.0,358.0,0.699570759984009,0.21906875073788246,0.6269819482421412,0.13323513658275307,0.20957272828626763,0.6357465385513301,1293.0,358.0,1651.0,0.2210765934654526,0.8013325257419746,4825.0,0.27419689119170987,1.0,1323.0,2643.0,0.12410139992432842,0.0,328.0
0.69,0.25,7468.0,0.2281735404392073,0.7935034802784223,0.8150851581508516,0.804294319214637,0.6431440814140332,0.7987089201877934,0.7588028169014085,0.24119718309859156,0.69,0.25,1704.0,1293.0,411.0,0.699570759984009,0.21906875073788246,0.6269819482421412,0.13631494376004283,0.21431121841747397,0.6360607007259137,1293.0,411.0,1704.0,0.2281735404392073,0.7987089201877934,4825.0,0.28207253886010364,1.0,1361.0,2643.0,0.12977676882330685,0.0,343.0
0.69,0.26,7468.0,0.23580610605249064,0.7935034802784223,0.8012820512820513,0.7973927657802369,0.6431440814140332,0.7955706984667802,0.7342419080068143,0.2657580919931857,0.69,0.26,1761.0,1293.0,468.0,0.699570759984009,0.21906875073788246,0.6269819482421412,0.1393947509373326,0.21955791390332305,0.6348883010371089,1293.0,468.0,1761.0,0.23580610605249064,0.7955706984667802,4825.0,0.29036269430051814,1.0,1401.0,2643.0,0.1362088535754824,0.0,360.0
0.69,0.27,7468.0,0.24611676486341724,0.7935034802784223,0.7944954128440367,0.7939994465612294,0.6431440814140332,0.79379760609358,0.7034820457018498,0.29651795429815014,0.69,0.27,1838.0,1293.0,545.0,0.699570759984009,0.21906875073788246,0.6269819482421412,0.144617032672737,0.22527730932195572,0.6419511716826178,1293.0,545.0,1838.0,0.24611676486341724,0.79379760609358,4825.0,0.3023834196891192,1.0,1459.0,2643.0,0.1433976541808551,0.0,379.0
0.69,0.28,7468.0,0.25575790037493307,0.7935034802784223,0.7909238249594813,0.7922136526189518,0.6431440814140332,0.7926701570680629,0.6769633507853403,0.3230366492146597,0.69,0.28,1910.0,1293.0,617.0,0.699570759984009,0.21906875073788246,0.6269819482421412,0.14970540974825927,0.2302742827875855,0.6501177983750522,1293.0,617.0,1910.0,0.25575790037493307,0.7926701570680629,4825.0,0.3137823834196891,1.0,1514.0,2643.0,0.14982973893303064,0.0,396.0
0.69,0.29,7468.0,0.2667380824852705,0.7935034802784223,0.7839771101573677,0.788740295217895,0.6431440814140332,0.7901606425702812,0.6490963855421686,0.3509036144578313,0.69,0.29,1992.0,1293.0,699.0,0.699570759984009,0.21906875073788246,0.6269819482421412,0.1547937868237815,0.23658433555657166,0.6542858657976004,1293.0,699.0,1992.0,0.2667380824852705,0.7901606425702812,4825.0,0.3262176165803109,1.0,1574.0,2643.0,0.15815361331819902,0.0,418.0
0.69,0.3,7468.0,0.2795929298339582,0.7935034802784223,0.7660377358490567,0.7797706080637394,0.6431440814140332,0.7830459770114943,0.6192528735632183,0.3807471264367816,0.69,0.3,2088.0,1293.0,795.0,0.699570759984009,0.21906875073788246,0.6269819482421412,0.15827530798071773,0.24629009506397176,0.642637731491423,1293.0,795.0,2088.0,0.2795929298339582,0.7830459770114943,4825.0,0.338860103626943,1.0,1635.0,2643.0,0.1713961407491487,0.0,453.0
0.69,0.31,7468.0,0.289234065345474,0.7935034802784223,0.76239907727797,0.7779512787781961,0.6431440814140332,0.7810185185185186,0.5986111111111111,0.4013888888888889,0.69,0.31,2160.0,1293.0,867.0,0.699570759984009,0.21906875073788246,0.6269819482421412,0.162560257096947,0.25166824218455436,0.6459307526681799,1293.0,867.0,2160.0,0.289234065345474,0.7810185185185186,4825.0,0.34963730569948187,1.0,1687.0,2643.0,0.17896329928111995,0.0,473.0
0.69,0.32,7468.0,0.3007498660953401,0.7935034802784223,0.7586568730325288,0.7760801766554756,0.6431440814140332,0.7787177203918076,0.5756901157613535,0.42430988423864646,0.69,0.32,2246.0,1293.0,953.0,0.699570759984009,0.21906875073788246,0.6269819482421412,0.1676486341724692,0.2579740606367924,0.6498662453063665,1293.0,953.0,2246.0,0.3007498660953401,0.7787177203918076,4825.0,0.36248704663212433,1.0,1749.0,2643.0,0.18804388951948545,0.0,497.0
0.69,0.33,7468.0,0.31132833422603107,0.7935034802784223,0.7548449612403101,0.7741742207593663,0.6431440814140332,0.7763440860215054,0.5561290322580645,0.44387096774193546,0.69,0.33,2325.0,1293.0,1032.0,0.699570759984009,0.21906875073788246,0.6269819482421412,0.17206748794858062,0.2638757721707797,0.6520776293066384,1293.0,1032.0,2325.0,0.31132833422603107,0.7763440860215054,4825.0,0.37409326424870465,1.0,1805.0,2643.0,0.19674612183125237,0.0,520.0
0.69,0.34,7468.0,0.3220407070166042,0.7935034802784223,0.7517985611510791,0.7726510207147508,0.6431440814140332,0.7742203742203743,0.5376299376299376,0.4623700623700624,0.69,0.34,2405.0,1293.0,1112.0,0.699570759984009,0.21906875073788246,0.6269819482421412,0.17662024638457421,0.26964834565784934,0.6550021508705403,1293.0,1112.0,2405.0,0.3220407070166042,0.7742203742203743,4825.0,0.38590673575129536,1.0,1862.0,2643.0,0.2054483541430193,0.0,543.0
0.69,0.35,7468.0,0.3356989823245849,0.7935034802784223,0.7438220757825371,0.7686627780304798,0.6431440814140332,0.7694455524531313,0.5157558835261269,0.48424411647387317,0.69,0.35,2507.0,1293.0,1214.0,0.699570759984009,0.21906875073788246,0.6269819482421412,0.18090519550080347,0.2782029716086633,0.6502633471337445,1293.0,1214.0,2507.0,0.3356989823245849,0.7694455524531313,4825.0,0.3997927461139896,1.0,1929.0,2643.0,0.218690881573969,0.0,578.0
0.69,0.36,7468.0,0.34775040171397964,0.7935034802784223,0.7361963190184049,0.7648498996484137,0.6431440814140332,0.764728532922603,0.4978821717366192,0.5021178282633808,0.69,0.36,2597.0,1293.0,1304.0,0.699570759984009,0.21906875073788246,0.6269819482421412,0.18411890733797537,0.2860345209725605,0.643694707589641,1293.0,1304.0,2597.0,0.34775040171397964,0.764728532922603,4825.0,0.4116062176165803,1.0,1986.0,2643.0,0.23117669315172154,0.0,611.0
0.69,0.37,7468.0,0.36114086770219606,0.7935034802784223,0.7321937321937322,0.7628486062360773,0.6431440814140332,0.7615869484612533,0.4794215795328142,0.5205784204671857,0.69,0.37,2697.0,1293.0,1404.0,0.699570759984009,0.21906875073788246,0.6269819482421412,0.18893947509373332,0.2934292015192615,0.6439014048890795,1293.0,1404.0,2697.0,0.36114086770219606,0.7615869484612533,4825.0,0.425699481865285,1.0,2054.0,2643.0,0.24328414680287552,0.0,643.0
0.69,0.38,7468.0,0.37627209426888053,0.7935034802784223,0.7297297297297297,0.761616605004076,0.6431440814140332,0.7590747330960854,0.46014234875444837,0.5398576512455516,0.69,0.38,2810.0,1293.0,1517.0,0.699570759984009,0.21906875073788246,0.6269819482421412,0.19496518478843064,0.30108712151173944,0.6475374430149079,1293.0,1517.0,2810.0,0.37627209426888053,0.7590747330960854,4825.0,0.4420725388601036,1.0,2133.0,2643.0,0.2561483163072266,0.0,677.0
0.69,0.39,7468.0,0.39006427423674345,0.7935034802784223,0.7197530864197531,0.7566282833490877,0.6431440814140332,0.7524888431170614,0.44387229660144184,0.5561277033985582,0.69,0.39,2913.0,1293.0,1620.0,0.699570759984009,0.21906875073788246,0.6269819482421412,0.1969737546866631,0.3107173309859625,0.6339323077397376,1293.0,1620.0,2913.0,0.39006427423674345,0.7524888431170614,4825.0,0.454300518134715,1.0,2192.0,2643.0,0.2727960650775634,0.0,721.0
0.69,0.4,7468.0,0.4086770219603642,0.7935034802784223,0.7123365548607163,0.7529200175695694,0.6431440814140332,0.7467234600262124,0.42365661861074705,0.5763433813892529,0.69,0.4,3052.0,1293.0,1759.0,0.699570759984009,0.21906875073788246,0.6269819482421412,0.20166041778253888,0.32172706148055474,0.6268058920953632,1293.0,1759.0,3052.0,0.4086770219603642,0.7467234600262124,4825.0,0.4723316062176166,1.0,2279.0,2643.0,0.2924706772606886,0.0,773.0
0.69,0.41,7468.0,0.42595072308516335,0.7935034802784223,0.7044491525423728,0.7489763164103975,0.6431440814140332,0.7406475950958818,0.406475950958818,0.5935240490411821,0.69,0.41,3181.0,1293.0,1888.0,0.699570759984009,0.21906875073788246,0.6269819482421412,0.20500803427959297,0.3323722978871512,0.6168024097760348,1293.0,1888.0,3181.0,0.42595072308516335,0.7406475950958818,4825.0,0.4882901554404145,1.0,2356.0,2643.0,0.31214528944381387,0.0,825.0
0.69,0.42,7468.0,0.44349223352972683,0.7935034802784223,0.7003467062902426,0.7469250932843325,0.6431440814140332,0.7367149758454107,0.3903985507246377,0.6096014492753623,0.69,0.42,3312.0,1293.0,2019.0,0.699570759984009,0.21906875073788246,0.6269819482421412,0.20996250669523303,0.3417087406216688,0.6144487446041018,1293.0,2019.0,3312.0,0.44349223352972683,0.7367149758454107,4825.0,0.505699481865285,1.0,2440.0,2643.0,0.3299281119939463,0.0,872.0
0.69,0.43,7468.0,0.4623727905731119,0.7935034802784223,0.6888888888888889,0.7411961845836557,0.6431440814140332,0.7280625543006082,0.37445699391833187,0.6255430060816681,0.69,0.43,3453.0,1293.0,2160.0,0.699570759984009,0.21906875073788246,0.6269819482421412,0.21089983931440814,0.3545933947909237,0.5947652788026676,1293.0,2160.0,3453.0,0.4623727905731119,0.7280625543006082,4825.0,0.5210362694300518,1.0,2514.0,2643.0,0.35527809307604996,0.0,939.0
0.69,0.44,7468.0,0.48446705945366897,0.7935034802784223,0.6843010752688172,0.7389022777736198,0.6431440814140332,0.7233278054173576,0.357379767827529,0.642620232172471,0.69,0.44,3618.0,1293.0,2325.0,0.699570759984009,0.21906875073788246,0.6269819482421412,0.21638993036957685,0.3661127757154154,0.5910471983577535,1293.0,2325.0,3618.0,0.48446705945366897,0.7233278054173576,4825.0,0.5423834196891192,1.0,2617.0,2643.0,0.3787362845251608,0.0,1001.0
0.69,0.45,7468.0,0.5088377075522228,0.7935034802784223,0.676505783805345,0.7350046320418837,0.6431440814140332,0.7163157894736842,0.3402631578947368,0.6597368421052632,0.69,0.45,3800.0,1293.0,2507.0,0.699570759984009,0.21906875073788246,0.6269819482421412,0.22013926084627747,0.37993318274793086,0.5794157258233753,1293.0,2507.0,3800.0,0.5088377075522228,0.7163157894736842,4825.0,0.5641450777202073,1.0,2722.0,2643.0,0.4078698448732501,0.0,1078.0
0.69,0.46,7468.0,0.5382967327262989,0.7935034802784223,0.6648331499816649,0.7291683151300437,0.6431440814140332,0.7062189054726368,0.32164179104477614,0.6783582089552239,0.69,0.46,4020.0,1293.0,2727.0,0.699570759984009,0.21906875073788246,0.6269819482421412,0.2220139260846277,0.3976699678387037,0.558286881182532,1293.0,2727.0,4020.0,0.5382967327262989,0.7062189054726368,4825.0,0.5883937823834197,1.0,2839.0,2643.0,0.446840711312902,0.0,1181.0
0.69,0.47,7468.0,0.5674879485806106,0.7935034802784223,0.6560271646859083,0.7247653224821653,0.6431440814140332,0.6979707409155262,0.3050967437470505,0.6949032562529495,0.69,0.47,4238.0,1293.0,2945.0,0.699570759984009,0.21906875073788246,0.6269819482421412,0.22469201928227106,0.4140023727578983,0.5427312355373074,1293.0,2945.0,4238.0,0.5674879485806106,0.6979707409155262,4825.0,0.6128497409326424,1.0,2957.0,2643.0,0.48467650397275824,0.00078064012490242,1281.0
0.69,0.48,7468.0,0.5954740224959829,0.7935034802784223,0.6487000634115409,0.7211017718449816,0.6431440814140332,0.6908027883966719,0.29075781425680236,0.7092421857431976,0.69,0.48,4447.0,1293.0,3154.0,0.699570759984009,0.21906875073788246,0.6269819482421412,0.2272362078200321,0.42909079148587587,0.5295760532011135,1293.0,3154.0,4447.0,0.5954740224959829,0.6908027883966719,4825.0,0.6368911917098445,0.9990237552879921,3073.0,2643.0,0.5198637911464246,0.001455604075691412,1374.0
0.69,0.49,7468.0,0.6154258168184252,0.7935034802784223,0.641537995761429,0.7175207380199257,0.6431440814140332,0.6842906875543951,0.28133159268929503,0.7186684073107049,0.69,0.49,4596.0,1293.0,3303.0,0.699570759984009,0.21906875073788246,0.6269819482421412,0.22683449384038565,0.44078981554593544,0.5146091988523879,1293.0,3303.0,4596.0,0.6154258168184252,0.6842906875543951,4825.0,0.6522279792746114,0.9965046075627582,3147.0,2643.0,0.5482406356413166,0.006211180124223602,1449.0
0.69,0.5,7468.0,0.6320299946438136,0.7935034802784223,0.6381674934344909,0.7158354868564566,0.6431440814140332,0.6807203389830508,0.2739406779661017,0.7260593220338983,0.69,0.5,4720.0,1293.0,3427.0,0.699570759984009,0.21906875073788246,0.6269819482421412,0.2284413497589716,0.449215229530813,0.5085342943460961,1293.0,3427.0,4720.0,0.6320299946438136,0.6807203389830508,4825.0,0.6675647668393783,0.9891338093759702,3221.0,2643.0,0.5671585319712448,0.01801200800533689,1499.0
0.7,0.2,7468.0,0.18130690948044992,0.8008510638297872,0.8659217877094972,0.8333864257696422,0.6431440814140332,0.8094534711964549,0.8677991137370753,0.13220088626292467,0.7,0.2,1354.0,1175.0,179.0,0.699570759984009,0.21906875073788246,0.6269819482421412,0.11221210498125335,0.18586931497586762,0.6037150618208413,1175.0,179.0,1354.0,0.18130690948044992,0.8094534711964549,4825.0,0.2271502590673575,1.0,1096.0,2643.0,0.09761634506242906,0.0,258.0
0.7,0.21,7468.0,0.18719871451526512,0.8008510638297872,0.852017937219731,0.8264345005247591,0.6431440814140332,0.8090128755364807,0.8404864091559371,0.15951359084406294,0.7,0.21,1398.0,1175.0,223.0,0.699570759984009,0.21906875073788246,0.6269819482421412,0.11569362613818962,0.18908343181923093,0.6118654872352643,1175.0,223.0,1398.0,0.18719871451526512,0.8090128755364807,4825.0,0.2344041450777202,1.0,1131.0,2643.0,0.10102156640181612,0.0,267.0
0.7,0.22,7468.0,0.1925549009105517,0.8008510638297872,0.844106463878327,0.8224787638540572,0.6431440814140332,0.8087621696801113,0.8171070931849791,0.18289290681502085,0.7,0.22,1438.0,1175.0,263.0,0.699570759984009,0.21906875073788246,0.6269819482421412,0.11890733797536154,0.19189523565632127,0.6196471609556846,1175.0,263.0,1438.0,0.1925549009105517,0.8087621696801113,4825.0,0.24103626943005182,1.0,1163.0,2643.0,0.10404842981460462,0.0,275.0
0.7,0.23,7468.0,0.19898232458489556,0.8008510638297872,0.8360128617363344,0.8184319627830607,0.6431440814140332,0.8082099596231493,0.7907133243606999,0.20928667563930015,0.7,0.23,1486.0,1175.0,311.0,0.699570759984009,0.21906875073788246,0.6269819482421412,0.12265666845206212,0.19535308563321113,0.6278716717193731,1175.0,311.0,1486.0,0.19898232458489556,0.8082099596231493,4825.0,0.2489119170984456,1.0,1201.0,2643.0,0.10783200908059024,0.0,285.0
0.7,0.24,7468.0,0.20527584359935724,0.8008510638297872,0.8296089385474861,0.8152300011886366,0.6431440814140332,0.8075668623613829,0.766470971950424,0.23352902804957598,0.7,0.24,1533.0,1175.0,358.0,0.699570759984009,0.21906875073788246,0.6269819482421412,0.12627209426888053,0.19875078531980284,0.6353287815477086,1175.0,358.0,1533.0,0.20527584359935724,0.8075668623613829,4825.0,0.256580310880829,1.0,1238.0,2643.0,0.11161558834657587,0.0,295.0
0.7,0.25,7468.0,0.21237279057311195,0.8008510638297872,0.8150851581508516,0.8079681109903194,0.6431440814140332,0.8045397225725095,0.7408575031525851,0.25914249684741486,0.7,0.25,1586.0,1175.0,411.0,0.699570759984009,0.21906875073788246,0.6269819482421412,0.12935190144617034,0.20374112143470402,0.6348836235674971,1175.0,411.0,1586.0,0.21237279057311195,0.8045397225725095,4825.0,0.2644559585492228,1.0,1276.0,2643.0,0.1172909572455543,0.0,310.0
0.7,0.26,7468.0,0.22000535618639527,0.8008510638297872,0.8012820512820513,0.8010665575559193,0.6431440814140332,0.8009738283627511,0.7151552038953134,0.28484479610468655,0.7,0.26,1643.0,1175.0,468.0,0.699570759984009,0.21906875073788246,0.6269819482421412,0.1324317086234601,0.20925301379303377,0.6328783811660871,1175.0,468.0,1643.0,0.22000535618639527,0.8009738283627511,4825.0,0.27274611398963733,1.0,1316.0,2643.0,0.12372304199772985,0.0,327.0
0.7,0.27,7468.0,0.2303160149973219,0.8008510638297872,0.7944954128440367,0.797673238336912,0.6431440814140332,0.7988372093023256,0.6831395348837209,0.3168604651162791,0.7,0.27,1720.0,1175.0,545.0,0.699570759984009,0.21906875073788246,0.6269819482421412,0.1376539903588645,0.215246399085394,0.6395182030629626,1175.0,545.0,1720.0,0.2303160149973219,0.7988372093023256,4825.0,0.2847668393782383,1.0,1374.0,2643.0,0.13091184260310254,0.0,346.0
0.7,0.28,7468.0,0.2399571505088377,0.8008510638297872,0.7909238249594813,0.7958874443946342,0.6431440814140332,0.7974330357142857,0.6556919642857143,0.3443080357142857,0.7,0.28,1792.0,1175.0,617.0,0.699570759984009,0.21906875073788246,0.6269819482421412,0.1427423674343867,0.22047084055998312,0.6474432948676088,1175.0,617.0,1792.0,0.2399571505088377,0.7974330357142857,4825.0,0.2961658031088083,1.0,1429.0,2643.0,0.1373439273552781,0.0,363.0
0.7,0.29,7468.0,0.25093733261917517,0.8008510638297872,0.7839771101573677,0.7924140869935774,0.6431440814140332,0.7945570971184632,0.6270010672358591,0.37299893276414087,0.7,0.29,1874.0,1175.0,699.0,0.699570759984009,0.21906875073788246,0.6269819482421412,0.147830744509909,0.22705350482789977,0.6510832969610426,1175.0,699.0,1874.0,0.25093733261917517,0.7945570971184632,4825.0,0.30860103626943003,1.0,1489.0,2643.0,0.14566780174044647,0.0,385.0
0.7,0.3,7468.0,0.26379217996786286,0.8008510638297872,0.7660377358490567,0.7834443998394219,0.6431440814140332,0.7868020304568528,0.5964467005076142,0.4035532994923858,0.7,0.3,1970.0,1175.0,795.0,0.699570759984009,0.21906875073788246,0.6269819482421412,0.15131226566684522,0.23714965138179905,0.6380454906224595,1175.0,795.0,1970.0,0.26379217996786286,0.7868020304568528,4825.0,0.32124352331606215,1.0,1550.0,2643.0,0.15891032917139614,0.0,420.0
0.7,0.31,7468.0,0.27343331547937866,0.8008510638297872,0.76239907727797,0.7816250705538785,0.6431440814140332,0.7845249755142018,0.5754162585700294,0.42458374142997063,0.7,0.31,2042.0,1175.0,867.0,0.699570759984009,0.21906875073788246,0.6269819482421412,0.15559721478307442,0.24273040672349253,0.6410289377561326,1175.0,867.0,2042.0,0.27343331547937866,0.7845249755142018,4825.0,0.33202072538860106,1.0,1602.0,2643.0,0.16647748770336737,0.0,440.0
0.7,0.32,7468.0,0.2849491162292448,0.8008510638297872,0.7586568730325288,0.7797539684311581,0.6431440814140332,0.7819548872180451,0.5521616541353384,0.44783834586466165,0.7,0.32,2128.0,1175.0,953.0,0.699570759984009,0.21906875073788246,0.6269819482421412,0.16068559185859665,0.2492624363704328,0.6446442319924984,1175.0,953.0,2128.0,0.2849491162292448,0.7819548872180451,4825.0,0.3448704663212435,1.0,1664.0,2643.0,0.1755580779417329,0.0,464.0
0.7,0.33,7468.0,0.2955275843599357,0.8008510638297872,0.7548449612403101,0.7778480125350486,0.6431440814140332,0.7793384685092887,0.5323969188944269,0.4676030811055732,0.7,0.33,2207.0,1175.0,1032.0,0.699570759984009,0.21906875073788246,0.6269819482421412,0.1651044456347081,0.2553655602516005,0.6465415519306438,1175.0,1032.0,2207.0,0.2955275843599357,0.7793384685092887,4825.0,0.35647668393782384,1.0,1720.0,2643.0,0.18426031025349981,0.0,487.0
0.7,0.34,7468.0,0.30623995715050883,0.8008510638297872,0.7517985611510791,0.7763248124904332,0.6431440814140332,0.7770004372540446,0.5137735024048973,0.4862264975951028,0.7,0.34,2287.0,1175.0,1112.0,0.699570759984009,0.21906875073788246,0.6269819482421412,0.16965720407070162,0.2613261880101258,0.6492162357035866,1175.0,1112.0,2287.0,0.30623995715050883,0.7770004372540446,4825.0,0.3682901554404145,1.0,1777.0,2643.0,0.19296254256526674,0.0,510.0
0.7,0.35,7468.0,0.31989823245848953,0.8008510638297872,0.7438220757825371,0.7723365698061622,0.6431440814140332,0.771871075763918,0.4918375889493512,0.5081624110506489,0.7,0.35,2389.0,1175.0,1214.0,0.699570759984009,0.21906875073788246,0.6269819482421412,0.17394215318693093,0.2701444791880436,0.6438856485601261,1175.0,1214.0,2389.0,0.31989823245848953,0.771871075763918,4825.0,0.3821761658031088,1.0,1844.0,2643.0,0.20620506999621643,0.0,545.0
0.7,0.36,7468.0,0.33194965184788433,0.8008510638297872,0.7361963190184049,0.768523691424096,0.6431440814140332,0.7668414683340057,0.47398144413069787,0.5260185558693021,0.7,0.36,2479.0,1175.0,1304.0,0.699570759984009,0.21906875073788246,0.6269819482421412,0.17715586502410288,0.2782029716086633,0.636786386571387,1175.0,1304.0,2479.0,0.33194965184788433,0.7668414683340057,4825.0,0.39398963730569947,1.0,1901.0,2643.0,0.218690881573969,0.0,578.0
0.7,0.37,7468.0,0.3453401178361007,0.8008510638297872,0.7321937321937322,0.7665223980117597,0.6431440814140332,0.7634742148119427,0.4556029468786351,0.5443970531213649,0.7,0.37,2579.0,1175.0,1404.0,0.699570759984009,0.21906875073788246,0.6269819482421412,0.18197643277986078,0.2858003543176949,0.6367257074061436,1175.0,1404.0,2579.0,0.3453401178361007,0.7634742148119427,4825.0,0.40808290155440413,1.0,1969.0,2643.0,0.23079833522512297,0.0,610.0
0.7,0.38,7468.0,0.3604713444027852,0.8008510638297872,0.7297297297297297,0.7652903967797584,0.6431440814140332,0.7607726597325408,0.4364784546805349,0.5635215453194651,0.7,0.38,2692.0,1175.0,1517.0,0.699570759984009,0.21906875073788246,0.6269819482421412,0.1880021424745581,0.29365728488173687,0.64020936020801,1175.0,1517.0,2692.0,0.3604713444027852,0.7607726597325408,4825.0,0.4244559585492228,1.0,2048.0,2643.0,0.2436625047294741,0.0,644.0
0.7,0.39,7468.0,0.3742635243706481,0.8008510638297872,0.7197530864197531,0.7603020751247702,0.6431440814140332,0.7538461538461538,0.4203935599284436,0.5796064400715564,0.7,0.39,2795.0,1175.0,1620.0,0.699570759984009,0.21906875073788246,0.6269819482421412,0.19001071237279055,0.303523320354349,0.6260168482308447,1175.0,1620.0,2795.0,0.3742635243706481,0.7538461538461538,4825.0,0.4366839378238342,1.0,2107.0,2643.0,0.2603102534998108,0.0,688.0
0.7,0.4,7468.0,0.3928762720942689,0.8008510638297872,0.7123365548607163,0.7565938093452518,0.6431440814140332,0.7477845944103613,0.4004771642808453,0.5995228357191548,0.7,0.4,2934.0,1175.0,1759.0,0.699570759984009,0.21906875073788246,0.6269819482421412,0.1946973754686663,0.31478476505828756,0.6185095248577703,1175.0,1759.0,2934.0,0.3928762720942689,0.7477845944103613,4825.0,0.45471502590673574,1.0,2194.0,2643.0,0.27998486568293607,0.0,740.0
0.7,0.41,7468.0,0.41014997321906804,0.8008510638297872,0.7044491525423728,0.75265010818608,0.6431440814140332,0.7414299706170421,0.38361083904668625,0.6163891609533138,0.7,0.41,3063.0,1175.0,1888.0,0.699570759984009,0.21906875073788246,0.6269819482421412,0.1980449919657204,0.3256570137839408,0.6081398022556167,1175.0,1888.0,3063.0,0.41014997321906804,0.7414299706170421,4825.0,0.4706735751295337,1.0,2271.0,2643.0,0.2996594778660613,0.0,792.0
0.7,0.42,7468.0,0.4276914836636315,0.8008510638297872,0.7003467062902426,0.7505988850600149,0.6431440814140332,0.7373199749530369,0.3678772698810269,0.632122730118973,0.7,0.42,3194.0,1175.0,2019.0,0.699570759984009,0.21906875073788246,0.6269819482421412,0.20299946438136046,0.33518056274362856,0.6056421133722775,1175.0,2019.0,3194.0,0.4276914836636315,0.7373199749530369,4825.0,0.48808290155440415,1.0,2355.0,2643.0,0.3174423004161937,0.0,839.0
0.7,0.43,7468.0,0.4465720407070166,0.8008510638297872,0.6888888888888889,0.744869976359338,0.6431440814140332,0.728335832083958,0.3523238380809595,0.6476761619190404,0.7,0.43,3335.0,1175.0,2160.0,0.699570759984009,0.21906875073788246,0.6269819482421412,0.20393679700053563,0.3483067927176277,0.5855091007825023,1175.0,2160.0,3335.0,0.4465720407070166,0.728335832083958,4825.0,0.503419689119171,1.0,2429.0,2643.0,0.3427922814982974,0.0,906.0
0.7,0.44,7468.0,0.46866630958757366,0.8008510638297872,0.6843010752688172,0.7425760695493022,0.6431440814140332,0.7234285714285714,0.3357142857142857,0.6642857142857143,0.7,0.44,3500.0,1175.0,2325.0,0.699570759984009,0.21906875073788246,0.6269819482421412,0.20942688805570434,0.36002737502297605,0.5816971224544779,1175.0,2325.0,3500.0,0.46866630958757366,0.7234285714285714,4825.0,0.5247668393782383,1.0,2532.0,2643.0,0.36625047294740826,0.0,968.0
0.7,0.45,7468.0,0.4930369576861275,0.8008510638297872,0.676505783805345,0.7386784238175661,0.6431440814140332,0.7161868549701249,0.31912004345464423,0.6808799565453558,0.7,0.45,3682.0,1175.0,2507.0,0.699570759984009,0.21906875073788246,0.6269819482421412,0.2131762185324049,0.37407267953816314,0.5698791443299096,1175.0,2507.0,3682.0,0.4930369576861275,0.7161868549701249,4825.0,0.5465284974093264,1.0,2637.0,2643.0,0.39538403329549754,0.0,1045.0
0.7,0.46,7468.0,0.5224959828602035,0.8008510638297872,0.6648331499816649,0.732842106905726,0.6431440814140332,0.7057919015889288,0.3011276268580215,0.6988723731419785,0.7,0.46,3902.0,1175.0,2727.0,0.699570759984009,0.21906875073788246,0.6269819482421412,0.21505088377075524,0.39207467342934066,0.5484947086476666,1175.0,2727.0,3902.0,0.5224959828602035,0.7057919015889288,4825.0,0.5707772020725389,1.0,2754.0,2643.0,0.43435489973514946,0.0,1148.0
0.7,0.47,7468.0,0.5516871987145152,0.8008510638297872,0.6560271646859083,0.7284391142578477,0.6431440814140332,0.6973300970873786,0.28519417475728154,0.7148058252427184,0.7,0.47,4120.0,1175.0,2945.0,0.699570759984009,0.21906875073788246,0.6269819482421412,0.2177289769683984,0.408630775729213,0.5328256947359262,1175.0,2945.0,4120.0,0.5516871987145152,0.6973300970873786,4825.0,0.5952331606217617,1.0,2872.0,2643.0,0.47219069239500566,0.0008012820512820513,1248.0
0.7,0.48,7468.0,0.5796732726298875,0.8008510638297872,0.6487000634115409,0.7247755636206641,0.6431440814140332,0.68999768999769,0.27142527142527145,0.7285747285747286,0.7,0.48,4329.0,1175.0,3154.0,0.699570759984009,0.21906875073788246,0.6269819482421412,0.22027316550615958,0.4239104310604588,0.519621951635212,1175.0,3154.0,4329.0,0.5796732726298875,0.68999768999769,4825.0,0.6192746113989638,0.998995983935743,2988.0,2643.0,0.5073779795686719,0.0014914243102162564,1341.0
0.7,0.49,7468.0,0.59962506695233,0.8008510638297872,0.641537995761429,0.7211945297956082,0.6431440814140332,0.6833407771326485,0.26239392585975885,0.7376060741402412,0.7,0.49,4478.0,1175.0,3303.0,0.699570759984009,0.21906875073788246,0.6269819482421412,0.21987145152651313,0.43574856019602454,0.5045833115951145,1175.0,3303.0,4478.0,0.59962506695233,0.6833407771326485,4825.0,0.6346113989637305,0.996407576747224,3062.0,2643.0,0.5357548240635641,0.006355932203389831,1416.0
0.7,0.5,7468.0,0.6162292447777182,0.8008510638297872,0.6381674934344909,0.7195092786321391,0.6431440814140332,0.6797044763146458,0.2553237722729248,0.7446762277270752,0.7,0.5,4602.0,1175.0,3427.0,0.699570759984009,0.21906875073788246,0.6269819482421412,0.22147830744509908,0.4442695900760141,0.49852232156426546,1175.0,3427.0,4602.0,0.6162292447777182,0.6797044763146458,4825.0,0.6499481865284974,0.9888392857142857,3136.0,2643.0,0.5546727203934922,0.018417462482946793,1466.0
0.71,0.2,7468.0,0.16965720407070167,0.7996323529411765,0.8659217877094972,0.8327770703253369,0.6431440814140332,0.8089976322020521,0.8587213891081295,0.14127861089187055,0.71,0.2,1267.0,1088.0,179.0,0.699570759984009,0.21906875073788246,0.6269819482421412,0.10484734868773435,0.18001368751148802,0.5824409806673354,1088.0,179.0,1267.0,0.16965720407070167,0.8089976322020521,4825.0,0.21243523316062177,1.0,1025.0,2643.0,0.09156261823685206,0.0,242.0
0.71,0.21,7468.0,0.17554900910551688,0.7996323529411765,0.852017937219731,0.8258251450804537,0.6431440814140332,0.8085430968726163,0.8299008390541571,0.17009916094584288,0.71,0.21,1311.0,1088.0,223.0,0.699570759984009,0.21906875073788246,0.6269819482421412,0.10832886984467058,0.1833304929094534,0.5908938994571623,1088.0,223.0,1311.0,0.17554900910551688,0.8085430968726163,4825.0,0.21968911917098446,1.0,1060.0,2643.0,0.09496783957623912,0.0,251.0
0.71,0.22,7468.0,0.18090519550080342,0.7996323529411765,0.844106463878327,0.8218694084097518,0.6431440814140332,0.8082901554404145,0.8053293856402665,0.19467061435973354,0.71,0.22,1351.0,1088.0,263.0,0.699570759984009,0.21906875073788246,0.6269819482421412,0.11154258168184251,0.18622917845890974,0.598953303692169,1088.0,263.0,1351.0,0.18090519550080342,0.8082901554404145,4825.0,0.22632124352331606,1.0,1092.0,2643.0,0.09799470298902763,0.0,259.0
0.71,0.23,7468.0,0.1873326191751473,0.7996323529411765,0.8360128617363344,0.8178226073387554,0.6431440814140332,0.8077197998570408,0.777698355968549,0.22230164403145103,0.71,0.23,1399.0,1088.0,311.0,0.699570759984009,0.21906875073788246,0.6269819482421412,0.11529191215854313,0.18979028823494126,0.6074700303728048,1088.0,311.0,1399.0,0.1873326191751473,0.8077197998570408,4825.0,0.23419689119170983,1.0,1130.0,2643.0,0.10177828225501324,0.0,269.0
0.71,0.24,7468.0,0.193626138189609,0.7996323529411765,0.8296089385474861,0.8146206457443312,0.6431440814140332,0.8070539419087137,0.7524204702627939,0.2475795297372061,0.71,0.24,1446.0,1088.0,358.0,0.699570759984009,0.21906875073788246,0.6269819482421412,0.11890733797536154,0.19328579903118523,0.6151892098196864,1088.0,358.0,1446.0,0.193626138189609,0.8070539419087137,4825.0,0.24186528497409326,1.0,1167.0,2643.0,0.10556186152099886,0.0,279.0
0.71,0.25,7468.0,0.20072308516336368,0.7996323529411765,0.8150851581508516,0.807358755546014,0.6431440814140332,0.8038692461641094,0.7258172114743162,0.2741827885256838,0.71,0.25,1499.0,1088.0,411.0,0.699570759984009,0.21906875073788246,0.6269819482421412,0.1219871451526513,0.1984136336176428,0.6148123136927637,1088.0,411.0,1499.0,0.20072308516336368,0.8038692461641094,4825.0,0.24974093264248703,1.0,1205.0,2643.0,0.1112372304199773,0.0,294.0
0.71,0.26,7468.0,0.20835565077664703,0.7996323529411765,0.8012820512820513,0.8004572021116139,0.6431440814140332,0.8001285347043702,0.699228791773779,0.30077120822622105,0.71,0.26,1556.0,1088.0,468.0,0.699570759984009,0.21906875073788246,0.6269819482421412,0.12506695232994108,0.20406947156140962,0.61286458661851,1088.0,468.0,1556.0,0.20835565077664703,0.8001285347043702,4825.0,0.25803108808290154,1.0,1245.0,2643.0,0.11766931517215286,0.0,311.0
0.71,0.27,7468.0,0.21866630958757366,0.7996323529411765,0.7944954128440367,0.7970638828926067,0.6431440814140332,0.7979179424372321,0.6662584200857318,0.3337415799142682,0.71,0.27,1633.0,1088.0,545.0,0.699570759984009,0.21906875073788246,0.6269819482421412,0.1302892340653455,0.21021069849347365,0.619803059497424,1088.0,545.0,1633.0,0.21866630958757366,0.7979179424372321,4825.0,0.2700518134715026,1.0,1303.0,2643.0,0.12485811577752554,0.0,330.0
0.71,0.28,7468.0,0.22830744509908946,0.7996323529411765,0.7909238249594813,0.7952780889503289,0.6431440814140332,0.7964809384164223,0.6381231671554253,0.3618768328445748,0.71,0.28,1705.0,1088.0,617.0,0.699570759984009,0.21906875073788246,0.6269819482421412,0.13537761114086772,0.21555722437234823,0.6280356018456601,1088.0,617.0,1705.0,0.22830744509908946,0.7964809384164223,4825.0,0.28145077720207257,1.0,1358.0,2643.0,0.13129020052970108,0.0,347.0
0.71,0.29,7468.0,0.2392876272094269,0.7996323529411765,0.7839771101573677,0.7918047315492721,0.6431440814140332,0.7935086737548964,0.6088416340235031,0.39115836597649695,0.71,0.29,1787.0,1088.0,699.0,0.699570759984009,0.21906875073788246,0.6269819482421412,0.14046598821638992,0.22228544598447847,0.6319171621618369,1088.0,699.0,1787.0,0.2392876272094269,0.7935086737548964,4825.0,0.2938860103626943,1.0,1418.0,2643.0,0.13961407491486946,0.0,369.0
0.71,0.3,7468.0,0.2521424745581146,0.7996323529411765,0.7660377358490567,0.7828350443951166,0.6431440814140332,0.7854487519915029,0.5778013807753585,0.4221986192246415,0.71,0.3,1883.0,1088.0,795.0,0.699570759984009,0.21906875073788246,0.6269819482421412,0.14394750937332618,0.2325886553389787,0.6188930804193119,1088.0,795.0,1883.0,0.2521424745581146,0.7854487519915029,4825.0,0.3065284974093264,1.0,1479.0,2643.0,0.15285660234581913,0.0,404.0
0.71,0.31,7468.0,0.2617836100696304,0.7996323529411765,0.76239907727797,0.7810157151095732,0.6431440814140332,0.7831202046035806,0.5565217391304348,0.4434782608695652,0.71,0.31,1955.0,1088.0,867.0,0.699570759984009,0.21906875073788246,0.6269819482421412,0.14823245848955544,0.2382762593924067,0.6221033470457412,1088.0,867.0,1955.0,0.2617836100696304,0.7831202046035806,4825.0,0.31730569948186527,1.0,1531.0,2643.0,0.1604237608777904,0.0,424.0
0.71,0.32,7468.0,0.2732994108194965,0.7996323529411765,0.7586568730325288,0.7791446129868527,0.6431440814140332,0.780499755022048,0.5330720235178834,0.4669279764821166,0.71,0.32,2041.0,1088.0,953.0,0.699570759984009,0.21906875073788246,0.6269819482421412,0.15332083556507767,0.2449271067628273,0.6259855742041013,1088.0,953.0,2041.0,0.2732994108194965,0.780499755022048,4825.0,0.3301554404145078,1.0,1593.0,2643.0,0.1695043511161559,0.0,448.0
0.71,0.33,7468.0,0.28387787895018746,0.7996323529411765,0.7548449612403101,0.7772386570907432,0.6431440814140332,0.7778301886792452,0.5132075471698113,0.4867924528301887,0.71,0.33,2120.0,1088.0,1032.0,0.699570759984009,0.21906875073788246,0.6269819482421412,0.15773968934118904,0.25113561038709586,0.6281056242802522,1088.0,1032.0,2120.0,0.28387787895018746,0.7778301886792452,4825.0,0.3417616580310881,1.0,1649.0,2643.0,0.1782065834279228,0.0,471.0
0.71,0.34,7468.0,0.2945902517407606,0.7996323529411765,0.7517985611510791,0.7757154570461278,0.6431440814140332,0.7754545454545455,0.49454545454545457,0.5054545454545455,0.71,0.34,2200.0,1088.0,1112.0,0.699570759984009,0.21906875073788246,0.6269819482421412,0.16229244777718269,0.25719428839262537,0.6310110881211783,1088.0,1112.0,2200.0,0.2945902517407606,0.7754545454545455,4825.0,0.35357512953367876,1.0,1706.0,2643.0,0.18690881573968976,0.0,494.0
0.71,0.35,7468.0,0.3082485270487413,0.7996323529411765,0.7438220757825371,0.7717272143618568,0.6431440814140332,0.7701998262380538,0.472632493483927,0.527367506516073,0.71,0.35,2302.0,1088.0,1214.0,0.699570759984009,0.21906875073788246,0.6269819482421412,0.16657739689341186,0.2661495163956995,0.6258790139815691,1088.0,1214.0,2302.0,0.3082485270487413,0.7701998262380538,4825.0,0.3674611398963731,1.0,1773.0,2643.0,0.20015134317063943,0.0,529.0
0.71,0.36,7468.0,0.32029994643813603,0.7996323529411765,0.7361963190184049,0.7679143359797906,0.6431440814140332,0.7650501672240803,0.45484949832775917,0.5451505016722408,0.71,0.36,2392.0,1088.0,1304.0,0.699570759984009,0.21906875073788246,0.6269819482421412,0.1697911087305838,0.2743253886423495,0.6189405565809595,1088.0,1304.0,2392.0,0.32029994643813603,0.7650501672240803,4825.0,0.37927461139896373,1.0,1830.0,2643.0,0.21263715474839198,0.0,562.0
0.71,0.37,7468.0,0.33369041242635245,0.7996323529411765,0.7321937321937322,0.7659130425674543,0.6431440814140332,0.7616372391653291,0.43659711075441415,0.5634028892455859,0.71,0.37,2492.0,1088.0,1404.0,0.699570759984009,0.21906875073788246,0.6269819482421412,0.17461167648634177,0.2820272468574718,0.6191305217207801,1088.0,1404.0,2492.0,0.33369041242635245,0.7616372391653291,4825.0,0.3933678756476684,1.0,1898.0,2643.0,0.22474460839954596,0.0,594.0
0.71,0.38,7468.0,0.348821638993037,0.7996323529411765,0.7297297297297297,0.7646810413354531,0.6431440814140332,0.7589251439539347,0.417658349328215,0.582341650671785,0.71,0.38,2605.0,1088.0,1517.0,0.699570759984009,0.21906875073788246,0.6269819482421412,0.1806373861810391,0.28998642452018153,0.622916698531409,1088.0,1517.0,2605.0,0.348821638993037,0.7589251439539347,4825.0,0.40974093264248707,1.0,1977.0,2643.0,0.2376087779038971,0.0,628.0
0.71,0.39,7468.0,0.36261381896089984,0.7996323529411765,0.7197530864197531,0.7596927196804648,0.6431440814140332,0.7518463810930576,0.4017725258493353,0.5982274741506647,0.71,0.39,2708.0,1088.0,1620.0,0.699570759984009,0.21906875073788246,0.6269819482421412,0.18264595607927153,0.299973217872553,0.6088742100865508,1088.0,1620.0,2708.0,0.36261381896089984,0.7518463810930576,4825.0,0.42196891191709845,1.0,2036.0,2643.0,0.2542565266742338,0.0,672.0
0.71,0.4,7468.0,0.3812265666845206,0.7996323529411765,0.7123365548607163,0.7559844539009464,0.6431440814140332,0.7456972251492799,0.38215665612925886,0.6178433438707411,0.71,0.4,2847.0,1088.0,1759.0,0.699570759984009,0.21906875073788246,0.6269819482421412,0.1873326191751473,0.31136308990419315,0.6016532635027158,1088.0,1759.0,2847.0,0.3812265666845206,0.7456972251492799,4825.0,0.44,1.0,2123.0,2643.0,0.27393113885735904,0.0,724.0
0.71,0.41,7468.0,0.39850026780931974,0.7996323529411765,0.7044491525423728,0.7520407527417747,0.6431440814140332,0.739247311827957,0.3655913978494624,0.6344086021505376,0.71,0.41,2976.0,1088.0,1888.0,0.699570759984009,0.21906875073788246,0.6269819482421412,0.19068023567220138,0.32235076557774633,0.5915302708540088,1088.0,1888.0,2976.0,0.39850026780931974,0.739247311827957,4825.0,0.45595854922279794,1.0,2200.0,2643.0,0.2936057510404843,0.0,776.0
0.71,0.42,7468.0,0.4160417782538832,0.7996323529411765,0.7003467062902426,0.7499895296157095,0.6431440814140332,0.7351142581268104,0.35017701963308656,0.6498229803669134,0.71,0.42,3107.0,1088.0,2019.0,0.699570759984009,0.21906875073788246,0.6269819482421412,0.19563470808784145,0.3319691779111743,0.5893158796211733,1088.0,2019.0,3107.0,0.4160417782538832,0.7351142581268104,4825.0,0.4733678756476684,1.0,2284.0,2643.0,0.3113885735906167,0.0,823.0
0.71,0.43,7468.0,0.43492233529726837,0.7996323529411765,0.6888888888888889,0.7442606209150326,0.6431440814140332,0.7259852216748769,0.33497536945812806,0.6650246305418719,0.71,0.43,3248.0,1088.0,2160.0,0.699570759984009,0.21906875073788246,0.6269819482421412,0.19657204070701664,0.34521753619294293,0.5694149922822925,1088.0,2160.0,3248.0,0.43492233529726837,0.7259852216748769,4825.0,0.4887046632124352,1.0,2358.0,2643.0,0.3367385546727204,0.0,890.0
0.71,0.44,7468.0,0.4570166041778254,0.7996323529411765,0.6843010752688172,0.7419667141049968,0.6431440814140332,0.7210665104014063,0.31878113096982125,0.6812188690301787,0.71,0.44,3413.0,1088.0,2325.0,0.699570759984009,0.21906875073788246,0.6269819482421412,0.2020621317621853,0.35703954431942136,0.5659376810693347,1088.0,2325.0,3413.0,0.4570166041778254,0.7210665104014063,4825.0,0.5100518134715026,1.0,2461.0,2643.0,0.3601967461218313,0.0,952.0
0.71,0.45,7468.0,0.48138725227637924,0.7996323529411765,0.676505783805345,0.7380690683732607,0.6431440814140332,0.713769123783032,0.3026425591098748,0.6973574408901252,0.71,0.45,3595.0,1088.0,2507.0,0.699570759984009,0.21906875073788246,0.6269819482421412,0.20581146223888597,0.37119791893105575,0.5544520907648522,1088.0,2507.0,3595.0,0.48138725227637924,0.713769123783032,4825.0,0.5318134715025907,1.0,2566.0,2643.0,0.38933030646992056,0.0,1029.0
0.71,0.46,7468.0,0.5108462774504553,0.7996323529411765,0.6648331499816649,0.7322327514614206,0.6431440814140332,0.7032765399737877,0.2851900393184797,0.7148099606815204,0.71,0.46,3815.0,1088.0,2727.0,0.699570759984009,0.21906875073788246,0.6269819482421412,0.20768612747723622,0.389332858858085,0.5334410460149204,1088.0,2727.0,3815.0,0.5108462774504553,0.7032765399737877,4825.0,0.5560621761658031,1.0,2683.0,2643.0,0.4283011729095725,0.0,1132.0
0.71,0.47,7468.0,0.540037493304767,0.7996323529411765,0.6560271646859083,0.7278297588135424,0.6431440814140332,0.694768162658071,0.2697743615174808,0.7302256384825192,0.71,0.47,4033.0,1088.0,2945.0,0.699570759984009,0.21906875073788246,0.6269819482421412,0.21036422067487953,0.406000783638337,0.5181374744888932,1088.0,2945.0,4033.0,0.540037493304767,0.694768162658071,4825.0,0.5805181347150259,1.0,2801.0,2643.0,0.4661369655694287,0.0008116883116883117,1232.0
0.71,0.48,7468.0,0.5680235672201392,0.7996323529411765,0.6487000634115409,0.7241662081763587,0.6431440814140332,0.6874115983026874,0.2564827911362565,0.7435172088637435,0.71,0.48,4242.0,1088.0,3154.0,0.699570759984009,0.21906875073788246,0.6269819482421412,0.21290840921264056,0.421375816823592,0.5052696446074745,1088.0,3154.0,4242.0,0.5680235672201392,0.6874115983026874,4825.0,0.604559585492228,0.9989715461090161,2917.0,2643.0,0.501324252743095,0.0015094339622641509,1325.0
0.71,0.49,7468.0,0.5879753615425817,0.7996323529411765,0.641537995761429,0.7205851743513028,0.6431440814140332,0.6807105442951492,0.24777954907765884,0.7522204509223411,0.71,0.49,4391.0,1088.0,3303.0,0.699570759984009,0.21906875073788246,0.6269819482421412,0.21250669523299415,0.4332832020224114,0.49045680571295797,1088.0,3303.0,4391.0,0.5879753615425817,0.6807105442951492,4825.0,0.6198963730569949,0.9963223002340355,2991.0,2643.0,0.5297010972379871,0.0064285714285714285,1400.0
0.71,0.5,7468.0,0.60457953936797,0.7996323529411765,0.6381674934344909,0.7188999231878337,0.6431440814140332,0.6770764119601329,0.24097452934662236,0.7590254706533777,0.71,0.5,4515.0,1088.0,3427.0,0.699570759984009,0.21906875073788246,0.6269819482421412,0.2141135511515801,0.44185177843728884,0.48458230022031884,1088.0,3427.0,4515.0,0.60457953936797,0.6770764119601329,4825.0,0.6352331606217616,0.9885807504078303,3065.0,2643.0,0.5486189935679152,0.018620689655172412,1450.0
0.72,0.2,7468.0,0.15519550080342795,0.8071428571428572,0.8659217877094972,0.8365323224261771,0.6431440814140332,0.816220880069025,0.8455565142364107,0.1544434857635893,0.72,0.2,1159.0,980.0,179.0,0.699570759984009,0.21906875073788246,0.6269819482421412,0.09815211569362614,0.16888366574331842,0.5811818168537672,980.0,179.0,1159.0,0.15519550080342795,0.816220880069025,4825.0,0.1960621761658031,1.0,946.0,2643.0,0.08059023836549375,0.0,213.0
0.72,0.21,7468.0,0.16108730583824318,0.8071428571428572,0.852017937219731,0.8295803971812941,0.6431440814140332,0.8154613466334164,0.8146300914380715,0.1853699085619285,0.72,0.21,1203.0,980.0,223.0,0.699570759984009,0.21906875073788246,0.6269819482421412,0.10163363685056238,0.17241471658138813,0.589471936420151,980.0,223.0,1203.0,0.16108730583824318,0.8154613466334164,4825.0,0.2033160621761658,1.0,981.0,2643.0,0.08399545970488081,0.0,222.0
0.72,0.22,7468.0,0.16644349223352972,0.8071428571428572,0.844106463878327,0.8256246605105921,0.6431440814140332,0.8149637972646823,0.7884151246983105,0.21158487530168946,0.72,0.22,1243.0,980.0,263.0,0.699570759984009,0.21906875073788246,0.6269819482421412,0.10484734868773435,0.17549379411505606,0.5974419164873433,980.0,263.0,1243.0,0.16644349223352972,0.8149637972646823,4825.0,0.20994818652849742,1.0,1013.0,2643.0,0.08702232311766932,0.0,230.0
0.72,0.23,7468.0,0.1728709159078736,0.8071428571428572,0.8360128617363344,0.8215778594395957,0.6431440814140332,0.8140975987606507,0.7591014717273431,0.24089852827265684,0.72,0.23,1291.0,980.0,311.0,0.699570759984009,0.21906875073788246,0.6269819482421412,0.10859667916443494,0.17926828601768727,0.6057774165014351,980.0,311.0,1291.0,0.1728709159078736,0.8140975987606507,4825.0,0.2178238341968912,1.0,1051.0,2643.0,0.09080590238365494,0.0,240.0
0.72,0.24,7468.0,0.1791644349223353,0.8071428571428572,0.8296089385474861,0.8183758978451716,0.6431440814140332,0.8131539611360239,0.7324364723467862,0.26756352765321373,0.72,0.24,1338.0,980.0,358.0,0.699570759984009,0.21906875073788246,0.6269819482421412,0.11221210498125335,0.1829649282527692,0.6132984395032822,980.0,358.0,1338.0,0.1791644349223353,0.8131539611360239,4825.0,0.22549222797927462,1.0,1088.0,2643.0,0.09458948164964057,0.0,250.0
0.72,0.25,7468.0,0.18626138189608998,0.8071428571428572,0.8150851581508516,0.8111140076468544,0.6431440814140332,0.809489575844716,0.7045291157440691,0.295470884255931,0.72,0.25,1391.0,980.0,411.0,0.699570759984009,0.21906875073788246,0.6269819482421412,0.11529191215854312,0.18837392300627342,0.6120375385222696,980.0,411.0,1391.0,0.18626138189608998,0.809489575844716,4825.0,0.2333678756476684,1.0,1126.0,2643.0,0.100264850548619,0.0,265.0
0.72,0.26,7468.0,0.19389394750937333,0.8071428571428572,0.8012820512820513,0.8042124542124542,0.6431440814140332,0.8052486187845304,0.6767955801104972,0.32320441988950277,0.72,0.26,1448.0,980.0,468.0,0.699570759984009,0.21906875073788246,0.6269819482421412,0.11837171933583288,0.1943221914418686,0.60915183416529,980.0,468.0,1448.0,0.19389394750937333,0.8052486187845304,4825.0,0.2416580310880829,1.0,1166.0,2643.0,0.10669693530079455,0.0,282.0
0.72,0.27,7468.0,0.20420460632029994,0.8071428571428572,0.7944954128440367,0.8008191349934469,0.6431440814140332,0.8026229508196722,0.6426229508196721,0.35737704918032787,0.72,0.27,1525.0,980.0,545.0,0.699570759984009,0.21906875073788246,0.6269819482421412,0.12359400107123729,0.2007618056915491,0.6156250719378734,980.0,545.0,1525.0,0.20420460632029994,0.8026229508196722,4825.0,0.2536787564766839,1.0,1224.0,2643.0,0.11388573590616724,0.0,301.0
0.72,0.28,7468.0,0.21384574183181576,0.8071428571428572,0.7909238249594813,0.7990333410511692,0.6431440814140332,0.8008766437069506,0.6136505948653725,0.3863494051346274,0.72,0.28,1597.0,980.0,617.0,0.699570759984009,0.21906875073788246,0.6269819482421412,0.12868237814675954,0.20635329375255468,0.6236022493591354,980.0,617.0,1597.0,0.21384574183181576,0.8008766437069506,4825.0,0.2650777202072539,1.0,1279.0,2643.0,0.12031782065834279,0.0,318.0
0.72,0.29,7468.0,0.2248259239421532,0.8071428571428572,0.7839771101573677,0.7955599836501124,0.6431440814140332,0.7974985110184634,0.5836807623585467,0.41631923764145323,0.72,0.29,1679.0,980.0,699.0,0.699570759984009,0.21906875073788246,0.6269819482421412,0.13377075522228174,0.2133719390171438,0.6269369619944901,980.0,699.0,1679.0,0.2248259239421532,0.7974985110184634,4825.0,0.2775129533678756,1.0,1339.0,2643.0,0.12864169504351117,0.0,340.0
0.72,0.3,7468.0,0.23768077129084092,0.8071428571428572,0.7660377358490567,0.7865902964959569,0.6431440814140332,0.7887323943661971,0.5521126760563381,0.447887323943662,0.72,0.3,1775.0,980.0,795.0,0.699570759984009,0.21906875073788246,0.6269819482421412,0.13725227637921797,0.22408535752210915,0.612499977227098,980.0,795.0,1775.0,0.23768077129084092,0.7887323943661971,4825.0,0.29015544041450775,1.0,1400.0,2643.0,0.14188422247446084,0.0,375.0
0.72,0.31,7468.0,0.24732190680235672,0.8071428571428572,0.76239907727797,0.7847709672104135,0.6431440814140332,0.7861396859772605,0.5305901461829995,0.46940985381700057,0.72,0.31,1847.0,980.0,867.0,0.699570759984009,0.21906875073788246,0.6269819482421412,0.14153722549544726,0.22998334864388492,0.6154237962445227,980.0,867.0,1847.0,0.24732190680235672,0.7861396859772605,4825.0,0.30093264248704665,1.0,1452.0,2643.0,0.14945138100643207,0.0,395.0
0.72,0.32,7468.0,0.2588377075522228,0.8071428571428572,0.7586568730325288,0.782899865087693,0.6431440814140332,0.7832384893947232,0.5069839627521987,0.49301603724780135,0.72,0.32,1933.0,980.0,953.0,0.699570759984009,0.21906875073788246,0.6269819482421412,0.14662560257096943,0.23686716211967138,0.6190203878783772,980.0,953.0,1933.0,0.2588377075522228,0.7832384893947232,4825.0,0.3137823834196891,1.0,1514.0,2643.0,0.15853197124479756,0.0,419.0
0.72,0.33,7468.0,0.26941617568291376,0.8071428571428572,0.7548449612403101,0.7809939091915836,0.6431440814140332,0.7803180914512923,0.4870775347912525,0.5129224652087475,0.72,0.33,2012.0,980.0,1032.0,0.699570759984009,0.21906875073788246,0.6269819482421412,0.15104445634708089,0.24328144127309925,0.6208630446969592,980.0,1032.0,2012.0,0.26941617568291376,0.7803180914512923,4825.0,0.32538860103626943,1.0,1570.0,2643.0,0.16723420355656451,0.0,442.0
0.72,0.34,7468.0,0.2801285484734869,0.8071428571428572,0.7517985611510791,0.7794707091469681,0.6431440814140332,0.7777246653919694,0.4684512428298279,0.5315487571701721,0.72,0.34,2092.0,980.0,1112.0,0.699570759984009,0.21906875073788246,0.6269819482421412,0.15559721478307445,0.2495308935687247,0.6235589211330281,980.0,1112.0,2092.0,0.2801285484734869,0.7777246653919694,4825.0,0.3372020725388601,1.0,1627.0,2643.0,0.17593643586833144,0.0,465.0
0.72,0.35,7468.0,0.2937868237814676,0.8071428571428572,0.7438220757825371,0.7754824664626971,0.6431440814140332,0.772105742935278,0.44667274384685507,0.5533272561531449,0.72,0.35,2194.0,980.0,1214.0,0.699570759984009,0.21906875073788246,0.6269819482421412,0.15988216389930368,0.25875148297368644,0.6178985413411632,980.0,1214.0,2194.0,0.2937868237814676,0.772105742935278,4825.0,0.3510880829015544,1.0,1694.0,2643.0,0.18917896329928113,0.0,500.0
0.72,0.36,7468.0,0.30583824317086233,0.8071428571428572,0.7361963190184049,0.771669588080631,0.6431440814140332,0.7666374781085814,0.4290718038528897,0.5709281961471103,0.72,0.36,2284.0,980.0,1304.0,0.699570759984009,0.21906875073788246,0.6269819482421412,0.1630958757364756,0.2671538577621393,0.6104941815277404,980.0,1304.0,2284.0,0.30583824317086233,0.7666374781085814,4825.0,0.36290155440414507,1.0,1751.0,2643.0,0.2016647748770337,0.0,533.0
0.72,0.37,7468.0,0.31922870915907875,0.8071428571428572,0.7321937321937322,0.7696682946682947,0.6431440814140332,0.763003355704698,0.4110738255033557,0.5889261744966443,0.72,0.37,2384.0,980.0,1404.0,0.699570759984009,0.21906875073788246,0.6269819482421412,0.16791644349223356,0.27505659932716137,0.6104796027544434,980.0,1404.0,2384.0,0.31922870915907875,0.763003355704698,4825.0,0.37699481865284973,1.0,1819.0,2643.0,0.21377222852818767,0.0,565.0
0.72,0.38,7468.0,0.3343599357257633,0.8071428571428572,0.7297297297297297,0.7684362934362934,0.6431440814140332,0.7601121345614738,0.39247096515818986,0.6075290348418102,0.72,0.38,2497.0,980.0,1517.0,0.699570759984009,0.21906875073788246,0.6269819482421412,0.1739421531869309,0.28321174281695344,0.6141770516180676,980.0,1517.0,2497.0,0.3343599357257633,0.7601121345614738,4825.0,0.3933678756476684,1.0,1898.0,2643.0,0.2266363980325388,0.0,599.0
0.72,0.39,7468.0,0.34815211569362614,0.8071428571428572,0.7197530864197531,0.7634479717813052,0.6431440814140332,0.7526923076923077,0.3769230769230769,0.6230769230769231,0.72,0.39,2600.0,980.0,1620.0,0.699570759984009,0.21906875073788246,0.6269819482421412,0.17595072308516335,0.29342920151926155,0.5996360354530476,980.0,1620.0,2600.0,0.34815211569362614,0.7526923076923077,4825.0,0.4055958549222798,1.0,1957.0,2643.0,0.24328414680287552,0.0,643.0
0.72,0.4,7468.0,0.3667648634172469,0.8071428571428572,0.7123365548607163,0.7597397060017868,0.6431440814140332,0.7462577583059511,0.3577948156261409,0.6422051843738591,0.72,0.4,2739.0,980.0,1759.0,0.699570759984009,0.21906875073788246,0.6269819482421412,0.1806373861810391,0.3050634993212133,0.592130446883909,980.0,1759.0,2739.0,0.3667648634172469,0.7462577583059511,4825.0,0.42362694300518133,1.0,2044.0,2643.0,0.26295875898600074,0.0,695.0
0.72,0.41,7468.0,0.38403856454204605,0.8071428571428572,0.7044491525423728,0.755796004842615,0.6431440814140332,0.7395397489539749,0.3417015341701534,0.6582984658298466,0.72,0.41,2868.0,980.0,1888.0,0.699570759984009,0.21906875073788246,0.6269819482421412,0.1839850026780932,0.31627010755361695,0.5817337721267332,980.0,1888.0,2868.0,0.38403856454204605,0.7395397489539749,4825.0,0.43958549222797927,1.0,2121.0,2643.0,0.282633371169126,0.0,747.0
0.72,0.42,7468.0,0.4015800749866095,0.8071428571428572,0.7003467062902426,0.7537447817165499,0.6431440814140332,0.735245081693898,0.32677559186395466,0.6732244081360453,0.72,0.42,2999.0,980.0,2019.0,0.699570759984009,0.21906875073788246,0.6269819482421412,0.1889394750937333,0.32606793762410635,0.5794481863823857,980.0,2019.0,2999.0,0.4015800749866095,0.735245081693898,4825.0,0.45699481865284974,1.0,2205.0,2643.0,0.30041619371925843,0.0,794.0
0.72,0.43,7468.0,0.4204606320299946,0.8071428571428572,0.6888888888888889,0.748015873015873,0.6431440814140332,0.725796178343949,0.31210191082802546,0.6878980891719745,0.72,0.43,3140.0,980.0,2160.0,0.699570759984009,0.21906875073788246,0.6269819482421412,0.1898768077129084,0.33954662737029667,0.5592068729513133,980.0,2160.0,3140.0,0.4204606320299946,0.725796178343949,4825.0,0.4723316062176166,1.0,2279.0,2643.0,0.3257661748013621,0.0,861.0
0.72,0.44,7468.0,0.44255490091055166,0.8071428571428572,0.6843010752688172,0.7457219662058372,0.6431440814140332,0.7207261724659607,0.29652042360060515,0.7034795763993948,0.72,0.44,3305.0,980.0,2325.0,0.699570759984009,0.21906875073788246,0.6269819482421412,0.19536689876807717,0.3515593848430692,0.5557152139610382,980.0,2325.0,3305.0,0.44255490091055166,0.7207261724659607,4825.0,0.4936787564766839,1.0,2382.0,2643.0,0.34922436625047293,0.0,923.0
0.72,0.45,7468.0,0.4669255490091055,0.8071428571428572,0.676505783805345,0.7418243204741011,0.6431440814140332,0.7132205334098078,0.2810438772583883,0.7189561227416117,0.72,0.45,3487.0,980.0,2507.0,0.699570759984009,0.21906875073788246,0.6269819482421412,0.1991162292447777,0.3659298565055384,0.5441376966237355,980.0,2507.0,3487.0,0.4669255490091055,0.7132205334098078,4825.0,0.515440414507772,1.0,2487.0,2643.0,0.37835792659856227,0.0,1000.0
0.72,0.46,7468.0,0.49638457418318155,0.8071428571428572,0.6648331499816649,0.735988003562261,0.6431440814140332,0.7024548152144592,0.2643647154032911,0.7356352845967089,0.72,0.46,3707.0,980.0,2727.0,0.699570759984009,0.21906875073788246,0.6269819482421412,0.20099089448312804,0.3843134656111164,0.5229868648071495,980.0,2727.0,3707.0,0.49638457418318155,0.7024548152144592,4825.0,0.5396891191709845,1.0,2604.0,2643.0,0.41732879303821413,0.0,1103.0
0.72,0.47,7468.0,0.5255757900374933,0.8071428571428572,0.6560271646859083,0.7315850109143827,0.6431440814140332,0.6937579617834395,0.24968152866242038,0.7503184713375797,0.72,0.47,3925.0,980.0,2945.0,0.699570759984009,0.21906875073788246,0.6269819482421412,0.20366898768077132,0.40118998140327605,0.5076621977657098,980.0,2945.0,3925.0,0.5255757900374933,0.6937579617834395,4825.0,0.5641450777202073,1.0,2722.0,2643.0,0.4551645856980704,0.0008312551953449709,1203.0
0.72,0.48,7468.0,0.5535618639528656,0.8071428571428572,0.6487000634115409,0.7279214602771991,0.6431440814140332,0.6862602805999033,0.2370585389453314,0.7629414610546686,0.72,0.48,4134.0,980.0,3154.0,0.699570759984009,0.21906875073788246,0.6269819482421412,0.20621317621853247,0.416742539065988,0.4948215190143576,980.0,3154.0,4134.0,0.5535618639528656,0.6862602805999033,4825.0,0.5881865284974094,0.9989429175475687,2838.0,2643.0,0.49035187287173665,0.0015432098765432098,1296.0
0.72,0.49,7468.0,0.573513658275308,0.8071428571428572,0.641537995761429,0.7243404264521431,0.6431440814140332,0.6794303058603782,0.22881158066775625,0.7711884193322438,0.72,0.49,4283.0,980.0,3303.0,0.699570759984009,0.21906875073788246,0.6269819482421412,0.20581146223888588,0.42877861189454286,0.4799947024631554,980.0,3303.0,4283.0,0.573513658275308,0.6794303058603782,4825.0,0.6035233160621761,0.9962225274725275,2912.0,2643.0,0.5187287173666288,0.006564551422319475,1371.0
0.72,0.5,7468.0,0.5901178361006963,0.8071428571428572,0.6381674934344909,0.7226551752886741,0.6431440814140332,0.675743135920127,0.2223734967097799,0.7776265032902201,0.72,0.5,4407.0,980.0,3427.0,0.699570759984009,0.21906875073788246,0.6269819482421412,0.20741831815747183,0.4374354340604019,0.4741689904545573,980.0,3427.0,4407.0,0.5901178361006963,0.675743135920127,4825.0,0.618860103626943,0.9882786336235767,2986.0,2643.0,0.537646613696557,0.019000703729767768,1421.0
0.73,0.2,7468.0,0.1442153186930905,0.8140311804008908,0.8659217877094972,0.839976484055194,0.6431440814140332,0.8226555246053854,0.8337975858867224,0.16620241411327763,0.73,0.2,1077.0,898.0,179.0,0.699570759984009,0.21906875073788246,0.6269819482421412,0.09306373861810392,0.15992432597167106,0.5819235945042482,898.0,179.0,1077.0,0.1442153186930905,0.8226555246053854,4825.0,0.18362694300518134,1.0,886.0,2643.0,0.07226636398032539,0.0,191.0
0.73,0.21,7468.0,0.15010712372790574,0.8140311804008908,0.852017937219731,0.8330245588103109,0.6431440814140332,0.8215878679750223,0.8010704727921498,0.19892952720785012,0.73,0.21,1121.0,898.0,223.0,0.699570759984009,0.21906875073788246,0.6269819482421412,0.09654525977504017,0.1636488068286255,0.5899539486171947,898.0,223.0,1121.0,0.15010712372790574,0.8215878679750223,4825.0,0.19088082901554404,1.0,921.0,2643.0,0.07567158531971245,0.0,200.0
0.73,0.22,7468.0,0.15546331012319228,0.8140311804008908,0.844106463878327,0.829068822139609,0.6431440814140332,0.8208440999138673,0.7734711455641688,0.22652885443583118,0.73,0.22,1161.0,898.0,263.0,0.699570759984009,0.21906875073788246,0.6269819482421412,0.09975897161221209,0.16688969187906752,0.5977539444706984,898.0,263.0,1161.0,0.15546331012319228,0.8208440999138673,4825.0,0.19751295336787564,1.0,953.0,2643.0,0.07869844873250094,0.0,208.0
0.73,0.23,7468.0,0.16189073379753616,0.8140311804008908,0.8360128617363344,0.8250220210686126,0.6431440814140332,0.8196856906534326,0.7427626137303557,0.2572373862696443,0.73,0.23,1209.0,898.0,311.0,0.699570759984009,0.21906875073788246,0.6269819482421412,0.10350830208891268,0.17085437031083442,0.605827652524197,898.0,311.0,1209.0,0.16189073379753616,0.8196856906534326,4825.0,0.20538860103626944,1.0,991.0,2643.0,0.08248202799848657,0.0,218.0
0.73,0.24,7468.0,0.16818425281199786,0.8140311804008908,0.8296089385474861,0.8218200594741885,0.6431440814140332,0.8184713375796179,0.714968152866242,0.28503184713375795,0.73,0.24,1256.0,898.0,358.0,0.699570759984009,0.21906875073788246,0.6269819482421412,0.10712372790573113,0.17472911163607902,0.6130846022318563,898.0,358.0,1256.0,0.16818425281199786,0.8184713375796179,4825.0,0.21305699481865284,1.0,1028.0,2643.0,0.08626560726447219,0.0,228.0
0.73,0.25,7468.0,0.17528119978575255,0.8140311804008908,0.8150851581508516,0.8145581692758712,0.6431440814140332,0.8143621084797555,0.6860198624904508,0.3139801375095493,0.73,0.25,1309.0,898.0,411.0,0.699570759984009,0.21906875073788246,0.6269819482421412,0.11020353508302089,0.18038523318544072,0.6109343494305256,898.0,411.0,1309.0,0.17528119978575255,0.8143621084797555,4825.0,0.22093264248704664,1.0,1066.0,2643.0,0.09194097616345062,0.0,243.0
0.73,0.26,7468.0,0.1829137653990359,0.8140311804008908,0.8012820512820513,0.8076566158414711,0.6431440814140332,0.8096632503660323,0.657393850658858,0.34260614934114203,0.73,0.26,1366.0,898.0,468.0,0.699570759984009,0.21906875073788246,0.6269819482421412,0.11328334226031068,0.18658834789279474,0.6071297781434787,898.0,468.0,1366.0,0.1829137653990359,0.8096632503660323,4825.0,0.22922279792746114,1.0,1106.0,2643.0,0.09837306091562618,0.0,260.0
0.73,0.27,7468.0,0.1932244242099625,0.8140311804008908,0.7944954128440367,0.8042632966224638,0.6431440814140332,0.8066528066528067,0.6223146223146223,0.3776853776853777,0.73,0.27,1443.0,898.0,545.0,0.699570759984009,0.21906875073788246,0.6269819482421412,0.11850562399571506,0.19328579903118523,0.6131108678946199,898.0,545.0,1443.0,0.1932244242099625,0.8066528066528067,4825.0,0.24124352331606216,1.0,1164.0,2643.0,0.10556186152099886,0.0,279.0
0.73,0.28,7468.0,0.2028655597214783,0.8140311804008908,0.7909238249594813,0.802477502680186,0.6431440814140332,0.8046204620462046,0.5927392739273928,0.40726072607260727,0.73,0.28,1515.0,898.0,617.0,0.699570759984009,0.21906875073788246,0.6269819482421412,0.12359400107123727,0.1990873660610349,0.6208028340349163,898.0,617.0,1515.0,0.2028655597214783,0.8046204620462046,4825.0,0.2526424870466321,1.0,1219.0,2643.0,0.11199394627317442,0.0,296.0
0.73,0.29,7468.0,0.21384574183181576,0.8140311804008908,0.7839771101573677,0.7990041452791292,0.6431440814140332,0.8008766437069506,0.5623043206011271,0.4376956793988729,0.73,0.29,1597.0,898.0,699.0,0.699570759984009,0.21906875073788246,0.6269819482421412,0.12868237814675954,0.20635329375255468,0.6236022493591354,898.0,699.0,1597.0,0.21384574183181576,0.8008766437069506,4825.0,0.2650777202072539,1.0,1279.0,2643.0,0.12031782065834279,0.0,318.0
0.73,0.3,7468.0,0.22670058918050348,0.8140311804008908,0.7660377358490567,0.7900344581249737,0.6431440814140332,0.7914943886591849,0.5304193738924985,0.46958062610750145,0.73,0.3,1693.0,898.0,795.0,0.699570759984009,0.21906875073788246,0.6269819482421412,0.13216389930369576,0.21741284446509562,0.6078937039293183,898.0,795.0,1693.0,0.22670058918050348,0.7914943886591849,4825.0,0.277720207253886,1.0,1340.0,2643.0,0.13356034808929246,0.0,353.0
0.73,0.31,7468.0,0.23634172469201928,0.8140311804008908,0.76239907727797,0.7882151288394303,0.6431440814140332,0.7886685552407932,0.5087818696883852,0.4912181303116147,0.73,0.31,1765.0,898.0,867.0,0.699570759984009,0.21906875073788246,0.6269819482421412,0.136448848419925,0.22348699768900906,0.6105449078957109,898.0,867.0,1765.0,0.23634172469201928,0.7886685552407932,4825.0,0.28849740932642487,1.0,1392.0,2643.0,0.14112750662126372,0.0,373.0
0.73,0.32,7468.0,0.24785752544188538,0.8140311804008908,0.7586568730325288,0.7863440267167099,0.6431440814140332,0.7855213398163156,0.4851431658562939,0.5148568341437061,0.73,0.32,1851.0,898.0,953.0,0.699570759984009,0.21906875073788246,0.6269819482421412,0.14153722549544728,0.23056484982151781,0.6138716530512454,898.0,953.0,1851.0,0.24785752544188538,0.7855213398163156,4825.0,0.30134715025906733,1.0,1454.0,2643.0,0.15020809685962921,0.0,397.0
0.73,0.33,7468.0,0.25843599357257635,0.8140311804008908,0.7548449612403101,0.7844380708206005,0.6431440814140332,0.7823834196891192,0.46528497409326425,0.5347150259067357,0.73,0.33,1930.0,898.0,1032.0,0.699570759984009,0.21906875073788246,0.6269819482421412,0.14595607927155865,0.23714965138179908,0.6154598095384786,898.0,1032.0,1930.0,0.25843599357257635,0.7823834196891192,4825.0,0.31295336787564765,1.0,1510.0,2643.0,0.15891032917139614,0.0,420.0
0.73,0.34,7468.0,0.2691483663631494,0.8140311804008908,0.7517985611510791,0.782914870775985,0.6431440814140332,0.7796019900497513,0.44676616915422884,0.5532338308457712,0.73,0.34,2010.0,898.0,1112.0,0.699570759984009,0.21906875073788246,0.6269819482421412,0.15050883770755225,0.24355649104016627,0.6179627447610542,898.0,1112.0,2010.0,0.2691483663631494,0.7796019900497513,4825.0,0.32476683937823836,1.0,1567.0,2643.0,0.16761256148316309,0.0,443.0
0.73,0.35,7468.0,0.2828066416711302,0.8140311804008908,0.7438220757825371,0.778926628091714,0.6431440814140332,0.7736742424242424,0.4251893939393939,0.5748106060606061,0.73,0.35,2112.0,898.0,1214.0,0.699570759984009,0.21906875073788246,0.6269819482421412,0.15479378682378148,0.2529949158059789,0.6118454449198988,898.0,1214.0,2112.0,0.2828066416711302,0.7736742424242424,4825.0,0.3386528497409326,1.0,1634.0,2643.0,0.18085508891411275,0.0,478.0
0.73,0.36,7468.0,0.2948580610605249,0.8140311804008908,0.7361963190184049,0.7751137497096479,0.6431440814140332,0.7679382379654859,0.407811080835604,0.592188919164396,0.73,0.36,2202.0,898.0,1304.0,0.699570759984009,0.21906875073788246,0.6269819482421412,0.1580074986609534,0.261582264688923,0.6040451513364561,898.0,1304.0,2202.0,0.2948580610605249,0.7679382379654859,4825.0,0.35046632124352334,1.0,1691.0,2643.0,0.1933409004918653,0.0,511.0
0.73,0.37,7468.0,0.3082485270487413,0.8140311804008908,0.7321937321937322,0.7731124562973115,0.6431440814140332,0.764118158123371,0.39009556907037357,0.6099044309296264,0.73,0.37,2302.0,898.0,1404.0,0.699570759984009,0.21906875073788246,0.6269819482421412,0.16282806641671133,0.2696483456578493,0.603853385487928,898.0,1404.0,2302.0,0.3082485270487413,0.764118158123371,4825.0,0.364559585492228,1.0,1759.0,2643.0,0.2054483541430193,0.0,543.0
0.73,0.38,7468.0,0.3233797536154258,0.8140311804008908,0.7297297297297297,0.7718804550653102,0.6431440814140332,0.7610766045548655,0.3718426501035197,0.6281573498964803,0.73,0.38,2415.0,898.0,1517.0,0.699570759984009,0.21906875073788246,0.6269819482421412,0.1688537761114087,0.2779622074167792,0.6074702661222853,898.0,1517.0,2415.0,0.3233797536154258,0.7610766045548655,4825.0,0.3809326424870466,1.0,1838.0,2643.0,0.21831252364737042,0.0,577.0
0.73,0.39,7468.0,0.3371719335832887,0.8140311804008908,0.7197530864197531,0.766892133410322,0.6431440814140332,0.7533756949960286,0.3566322478157268,0.6433677521842732,0.73,0.39,2518.0,898.0,1620.0,0.699570759984009,0.21906875073788246,0.6269819482421412,0.17086234600964115,0.28836572921695075,0.5925195981977927,898.0,1620.0,2518.0,0.3371719335832887,0.7533756949960286,4825.0,0.39316062176165806,1.0,1897.0,2643.0,0.23496027241770714,0.0,621.0
0.73,0.4,7468.0,0.3557846813069095,0.8140311804008908,0.7123365548607163,0.7631838676308036,0.6431440814140332,0.746706812194204,0.3379751599548363,0.6620248400451637,0.73,0.4,2657.0,898.0,1759.0,0.699570759984009,0.21906875073788246,0.6269819482421412,0.17554900910551688,0.30019632925919715,0.5847806651691048,898.0,1759.0,2657.0,0.3557846813069095,0.746706812194204,4825.0,0.4111917098445596,1.0,1984.0,2643.0,0.2546348846008324,0.0,673.0
0.73,0.41,7468.0,0.37305838243170863,0.8140311804008908,0.7044491525423728,0.7592401664716318,0.6431440814140332,0.739770279971285,0.3223259152907394,0.6776740847092606,0.73,0.41,2786.0,898.0,1888.0,0.699570759984009,0.21906875073788246,0.6269819482421412,0.17889662560257097,0.31157804546304096,0.5741631292946521,898.0,1888.0,2786.0,0.37305838243170863,0.739770279971285,4825.0,0.42715025906735754,1.0,2061.0,2643.0,0.2743094967839576,0.0,725.0
0.73,0.42,7468.0,0.3905998928762721,0.8140311804008908,0.7003467062902426,0.7571889433455667,0.6431440814140332,0.7353445320534796,0.3078505313678437,0.6921494686321563,0.73,0.42,2917.0,898.0,2019.0,0.699570759984009,0.21906875073788246,0.6269819482421412,0.18385109801821103,0.3215188912475137,0.5718205151332075,898.0,2019.0,2917.0,0.3905998928762721,0.7353445320534796,4825.0,0.44455958549222796,1.0,2145.0,2643.0,0.29209231933409,0.0,772.0
0.73,0.43,7468.0,0.4094804499196572,0.8140311804008908,0.6888888888888889,0.7514600346448899,0.6431440814140332,0.7256376716808371,0.29365598430346634,0.7063440156965337,0.73,0.43,3058.0,898.0,2160.0,0.699570759984009,0.21906875073788246,0.6269819482421412,0.18478843063738618,0.33518056274362856,0.5513101032016774,898.0,2160.0,3058.0,0.4094804499196572,0.7256376716808371,4825.0,0.4598963730569948,1.0,2219.0,2643.0,0.3174423004161937,0.0,839.0
0.73,0.44,7468.0,0.43157471880021425,0.8140311804008908,0.6843010752688172,0.749166127834854,0.6431440814140332,0.7204467887061744,0.2786224014892957,0.7213775985107043,0.73,0.44,3223.0,898.0,2325.0,0.699570759984009,0.21906875073788246,0.6269819482421412,0.19027852169255494,0.34734435155020105,0.5478094601030364,898.0,2325.0,3223.0,0.43157471880021425,0.7204467887061744,4825.0,0.4812435233160622,1.0,2322.0,2643.0,0.3409004918653046,0.0,901.0
0.73,0.45,7468.0,0.4559453668987681,0.8140311804008908,0.676505783805345,0.7452684821031179,0.6431440814140332,0.7127753303964758,0.2637298091042584,0.7362701908957415,0.73,0.45,3405.0,898.0,2507.0,0.699570759984009,0.21906875073788246,0.6269819482421412,0.1940278521692555,0.36188224240041994,0.536162954231297,898.0,2507.0,3405.0,0.4559453668987681,0.7127753303964758,4825.0,0.5030051813471502,1.0,2427.0,2643.0,0.37003405221339386,0.0,978.0
0.73,0.46,7468.0,0.48540439207284414,0.8140311804008908,0.6648331499816649,0.7394321651912779,0.6431440814140332,0.7017931034482758,0.24772413793103448,0.7522758620689655,0.73,0.46,3625.0,898.0,2727.0,0.699570759984009,0.21906875073788246,0.6269819482421412,0.19590251740760575,0.38046147943335756,0.5149076266521758,898.0,2727.0,3625.0,0.48540439207284414,0.7017931034482758,4825.0,0.5272538860103627,1.0,2544.0,2643.0,0.4090049186530458,0.0,1081.0
0.73,0.47,7468.0,0.5145956079271559,0.8140311804008908,0.6560271646859083,0.7350291725433995,0.6431440814140332,0.6929482175383814,0.23367161072079104,0.766328389279209,0.73,0.47,3843.0,898.0,2945.0,0.699570759984009,0.21906875073788246,0.6269819482421412,0.198580610605249,0.3975015706396057,0.4995718892021483,898.0,2945.0,3843.0,0.5145956079271559,0.6929482175383814,4825.0,0.5517098445595855,1.0,2662.0,2643.0,0.446840711312902,0.000846740050804403,1181.0
0.73,0.48,7468.0,0.5425816818425281,0.8140311804008908,0.6487000634115409,0.7313656219062159,0.6431440814140332,0.6853405725567621,0.22161895360315895,0.778381046396841,0.73,0.48,4052.0,898.0,3154.0,0.699570759984009,0.21906875073788246,0.6269819482421412,0.20112479914301012,0.4131929831806912,0.4867575378332534,898.0,3154.0,4052.0,0.5425816818425281,0.6853405725567621,4825.0,0.5757512953367876,0.9989200863930886,2778.0,2643.0,0.4820279984865683,0.0015698587127158557,1274.0
0.73,0.49,7468.0,0.5625334761649705,0.8140311804008908,0.641537995761429,0.72778458808116,0.6431440814140332,0.6784099024041895,0.21375862889788147,0.7862413711021186,0.73,0.49,4201.0,898.0,3303.0,0.699570759984009,0.21906875073788246,0.6269819482421412,0.20072308516336373,0.42532951402507135,0.4719237168938433,898.0,3303.0,4201.0,0.5625334761649705,0.6784099024041895,4825.0,0.5910880829015545,0.9961430575035063,2852.0,2643.0,0.5104048429814605,0.006671608598962194,1349.0
0.73,0.5,7468.0,0.5791376539903589,0.8140311804008908,0.6381674934344909,0.7260993369176909,0.6431440814140332,0.6746820809248555,0.20763005780346822,0.7923699421965318,0.73,0.5,4325.0,898.0,3427.0,0.699570759984009,0.21906875073788246,0.6269819482421412,0.20232994108194965,0.43405513066222895,0.46613880769767435,898.0,3427.0,4325.0,0.5791376539903589,0.6746820809248555,4825.0,0.6064248704663212,0.9880382775119617,2926.0,2643.0,0.5293227393113886,0.01929949964260186,1399.0
0.74,0.2,7468.0,0.1309587573647563,0.8260325406758448,0.8659217877094972,0.845977164192671,0.6431440814140332,0.8333333333333334,0.8169734151329243,0.18302658486707565,0.74,0.2,978.0,799.0,179.0,0.699570759984009,0.21906875073788246,0.6269819482421412,0.08730583824317087,0.1477378068092007,0.590951227236803,799.0,179.0,978.0,0.1309587573647563,0.8333333333333334,4825.0,0.1689119170984456,1.0,815.0,2643.0,0.061672342035565646,0.0,163.0
0.74,0.21,7468.0,0.1368505623995715,0.8260325406758448,0.852017937219731,0.8390252389477879,0.6431440814140332,0.8317025440313112,0.7818003913894325,0.2181996086105675,0.74,0.21,1022.0,799.0,223.0,0.699570759984009,0.21906875073788246,0.6269819482421412,0.09078735940010713,0.1517616601771745,0.5982232883728158,799.0,223.0,1022.0,0.1368505623995715,0.8317025440313112,4825.0,0.17616580310880828,1.0,850.0,2643.0,0.0650775633749527,0.0,172.0
0.74,0.22,7468.0,0.14220674879485806,0.8260325406758448,0.844106463878327,0.8350695022770859,0.6431440814140332,0.8305084745762712,0.7523540489642184,0.24764595103578155,0.74,0.22,1062.0,799.0,263.0,0.699570759984009,0.21906875073788246,0.6269819482421412,0.09400107123727906,0.15525088978421187,0.6054784701584264,799.0,263.0,1062.0,0.14220674879485806,0.8305084745762712,4825.0,0.1827979274611399,1.0,882.0,2643.0,0.0681044267877412,0.0,180.0
0.74,0.23,7468.0,0.14863417246920194,0.8260325406758448,0.8360128617363344,0.8310227012060896,0.6431440814140332,0.8288288288288288,0.7198198198198198,0.2801801801801802,0.74,0.23,1110.0,799.0,311.0,0.699570759984009,0.21906875073788246,0.6269819482421412,0.09775040171397964,0.15950512649319817,0.6128354860001822,799.0,311.0,1110.0,0.14863417246920194,0.8288288288288288,4825.0,0.19067357512953367,1.0,920.0,2643.0,0.07188800605372682,0.0,190.0
0.74,0.24,7468.0,0.15492769148366364,0.8260325406758448,0.8296089385474861,0.8278207396116655,0.6431440814140332,0.8271391529818496,0.6905790838375108,0.3094209161624892,0.74,0.24,1157.0,799.0,358.0,0.699570759984009,0.21906875073788246,0.6269819482421412,0.10136582753079808,0.1636488068286255,0.6194107338463474,799.0,358.0,1157.0,0.15492769148366364,0.8271391529818496,4825.0,0.1983419689119171,1.0,957.0,2643.0,0.07567158531971245,0.0,200.0
0.74,0.25,7468.0,0.16202463845741832,0.8260325406758448,0.8150851581508516,0.8205588494133482,0.6431440814140332,0.8223140495867769,0.6603305785123967,0.3396694214876033,0.74,0.25,1210.0,799.0,411.0,0.699570759984009,0.21906875073788246,0.6269819482421412,0.10444563470808786,0.16967469426719245,0.6155640071088845,799.0,411.0,1210.0,0.16202463845741832,0.8223140495867769,4825.0,0.20621761658031088,1.0,995.0,2643.0,0.08134695421869088,0.0,215.0
0.74,0.26,7468.0,0.16965720407070167,0.8260325406758448,0.8012820512820513,0.8136572959789481,0.6431440814140332,0.8168902920284136,0.6306235201262825,0.36937647987371747,0.74,0.26,1267.0,799.0,468.0,0.699570759984009,0.21906875073788246,0.6269819482421412,0.10752544188537762,0.17625515905261335,0.6100555720657264,799.0,468.0,1267.0,0.16965720407070167,0.8168902920284136,4825.0,0.21450777202072538,1.0,1035.0,2643.0,0.08777903897086645,0.0,232.0
0.74,0.27,7468.0,0.17996786288162828,0.8260325406758448,0.7944954128440367,0.8102639767599407,0.6431440814140332,0.8132440476190477,0.5944940476190477,0.4055059523809524,0.74,0.27,1344.0,799.0,545.0,0.699570759984009,0.21906875073788246,0.6269819482421412,0.11274772362078202,0.18333049290945336,0.6149971116723498,799.0,545.0,1344.0,0.17996786288162828,0.8132440476190477,4825.0,0.22652849740932643,1.0,1093.0,2643.0,0.09496783957623912,0.0,251.0
0.74,0.28,7468.0,0.18960899839314407,0.8260325406758448,0.7909238249594813,0.808478182817663,0.6431440814140332,0.8107344632768362,0.5642655367231638,0.4357344632768362,0.74,0.28,1416.0,799.0,617.0,0.699570759984009,0.21906875073788246,0.6269819482421412,0.11783610069630424,0.18943718971843918,0.6220325632545766,799.0,617.0,1416.0,0.18960899839314407,0.8107344632768362,4825.0,0.23792746113989638,1.0,1148.0,2643.0,0.10139992432841469,0.0,268.0
0.74,0.29,7468.0,0.2005891805034815,0.8260325406758448,0.7839771101573677,0.8050048254166062,0.6431440814140332,0.8064085447263017,0.5333778371161548,0.4666221628838451,0.74,0.29,1498.0,799.0,699.0,0.699570759984009,0.21906875073788246,0.6269819482421412,0.12292447777182645,0.1970592585133404,0.6237944803974018,799.0,699.0,1498.0,0.2005891805034815,0.8064085447263017,4825.0,0.2503626943005181,1.0,1208.0,2643.0,0.10972379871358305,0.0,290.0
0.74,0.3,7468.0,0.21344402785216926,0.8260325406758448,0.7660377358490567,0.7960351382624506,0.6431440814140332,0.7961104140526977,0.501254705144291,0.4987452948557089,0.74,0.3,1594.0,799.0,795.0,0.699570759984009,0.21906875073788246,0.6269819482421412,0.12640599892876275,0.20861211484883435,0.6059379582070761,799.0,795.0,1594.0,0.21344402785216926,0.7961104140526977,4825.0,0.2630051813471503,1.0,1269.0,2643.0,0.12296632614453273,0.0,325.0
0.74,0.31,7468.0,0.22308516336368506,0.8260325406758448,0.76239907727797,0.7942158089769074,0.6431440814140332,0.7929171668667467,0.47959183673469385,0.5204081632653061,0.74,0.31,1666.0,799.0,867.0,0.699570759984009,0.21906875073788246,0.6269819482421412,0.13069094804499198,0.21493512430346637,0.608048351652705,799.0,867.0,1666.0,0.22308516336368506,0.7929171668667467,4825.0,0.27378238341968913,1.0,1321.0,2643.0,0.13053348467650397,0.0,345.0
0.74,0.32,7468.0,0.23460096411355116,0.8260325406758448,0.7586568730325288,0.7923447068541868,0.6431440814140332,0.7893835616438356,0.4560502283105023,0.5439497716894978,0.74,0.32,1752.0,799.0,953.0,0.699570759984009,0.21906875073788246,0.6269819482421412,0.1357793251205142,0.22228544598447844,0.6108331767703553,799.0,953.0,1752.0,0.23460096411355116,0.7893835616438356,4825.0,0.2866321243523316,1.0,1383.0,2643.0,0.13961407491486946,0.0,369.0
0.74,0.33,7468.0,0.2451794322442421,0.8260325406758448,0.7548449612403101,0.7904387509580775,0.6431440814140332,0.7859093391589296,0.4363735663571819,0.5636264336428182,0.74,0.33,1831.0,799.0,1032.0,0.699570759984009,0.21906875073788246,0.6269819482421412,0.1401981788966256,0.22910832956007568,0.6119296455341818,799.0,1032.0,1831.0,0.2451794322442421,0.7859093391589296,4825.0,0.2982383419689119,1.0,1439.0,2643.0,0.14831630722663638,0.0,392.0
0.74,0.34,7468.0,0.25589180503481523,0.8260325406758448,0.7517985611510791,0.788915550913462,0.6431440814140332,0.7828362114076399,0.4181057038199895,0.5818942961800104,0.74,0.34,1911.0,799.0,1112.0,0.699570759984009,0.21906875073788246,0.6269819482421412,0.14475093733261915,0.23573381991368578,0.6140439983775764,799.0,1112.0,1911.0,0.25589180503481523,0.7828362114076399,4825.0,0.31005181347150257,1.0,1496.0,2643.0,0.15701853953840333,0.0,415.0
0.74,0.35,7468.0,0.26955008034279593,0.8260325406758448,0.7438220757825371,0.784927308229191,0.6431440814140332,0.7764530551415797,0.3969200198708395,0.6030799801291604,0.74,0.35,2013.0,799.0,1214.0,0.699570759984009,0.21906875073788246,0.6269819482421412,0.1490358864488484,0.24547321024293825,0.6071370733342004,799.0,1214.0,2013.0,0.26955008034279593,0.7764530551415797,4825.0,0.3239378238341969,1.0,1563.0,2643.0,0.170261066969353,0.0,450.0
0.74,0.36,7468.0,0.2816014997321907,0.8260325406758448,0.7361963190184049,0.7811144298471249,0.6431440814140332,0.7703281027104137,0.3799334284355682,0.6200665715644318,0.74,0.36,2103.0,799.0,1304.0,0.699570759984009,0.21906875073788246,0.6269819482421412,0.1522495982860204,0.25431466871394803,0.5986662077179277,799.0,1304.0,2103.0,0.2816014997321907,0.7703281027104137,4825.0,0.33575129533678755,1.0,1620.0,2643.0,0.18274687854710556,0.0,483.0
0.74,0.37,7468.0,0.2949919657204071,0.8260325406758448,0.7321937321937322,0.7791131364347885,0.6431440814140332,0.7662278710848842,0.36268724466636404,0.637312755333636,0.74,0.37,2203.0,799.0,1404.0,0.699570759984009,0.21906875073788246,0.6269819482421412,0.15707016604177826,0.26260407430067495,0.5981253964168771,799.0,1404.0,2203.0,0.2949919657204071,0.7662278710848842,4825.0,0.3498445595854922,1.0,1688.0,2643.0,0.19485433219825957,0.0,515.0
0.74,0.38,7468.0,0.31012319228709156,0.8260325406758448,0.7297297297297297,0.7778811352027872,0.6431440814140332,0.7629533678756477,0.34499136442141626,0.6550086355785838,0.74,0.38,2316.0,799.0,1517.0,0.699570759984009,0.21906875073788246,0.6269819482421412,0.16309587573647563,0.2711340227181162,0.601532312697023,799.0,1517.0,2316.0,0.31012319228709156,0.7629533678756477,4825.0,0.3662176165803109,1.0,1767.0,2643.0,0.20771850170261066,0.0,549.0
0.74,0.39,7468.0,0.3239153722549545,0.8260325406758448,0.7197530864197531,0.7728928135477989,0.6431440814140332,0.7548573790822654,0.3303017775940471,0.6696982224059529,0.74,0.39,2419.0,799.0,1620.0,0.699570759984009,0.21906875073788246,0.6269819482421412,0.16510444563470805,0.28178975018641683,0.5859135952442696,799.0,1620.0,2419.0,0.3239153722549545,0.7548573790822654,4825.0,0.37844559585492227,1.0,1826.0,2643.0,0.22436625047294742,0.0,593.0
0.74,0.4,7468.0,0.34252811997857524,0.8260325406758448,0.7123365548607163,0.7691845477682806,0.6431440814140332,0.7478498827208757,0.3123534010946052,0.6876465989053948,0.74,0.4,2558.0,799.0,1759.0,0.699570759984009,0.21906875073788246,0.6269819482421412,0.16979110873058384,0.293885191229493,0.5777463914403059,799.0,1759.0,2558.0,0.34252811997857524,0.7478498827208757,4825.0,0.3964766839378238,1.0,1913.0,2643.0,0.24404086265607264,0.0,645.0
0.74,0.41,7468.0,0.3598018211033744,0.8260325406758448,0.7044491525423728,0.7652408466091087,0.6431440814140332,0.7406029028656494,0.2973576479344994,0.7026423520655005,0.74,0.41,2687.0,799.0,1888.0,0.699570759984009,0.21906875073788246,0.6269819482421412,0.17313872522763793,0.3055021242771779,0.5667349306892268,799.0,1888.0,2687.0,0.3598018211033744,0.7406029028656494,4825.0,0.41243523316062175,1.0,1990.0,2643.0,0.2637154748391979,0.0,697.0
0.74,0.42,7468.0,0.37734333154793787,0.8260325406758448,0.7003467062902426,0.7631896234830438,0.6431440814140332,0.7359829666430092,0.2835344215755855,0.7164655784244145,0.74,0.42,2818.0,799.0,2019.0,0.699570759984009,0.21906875073788246,0.6269819482421412,0.17809319764327797,0.31563438810169264,0.564238892708671,799.0,2019.0,2818.0,0.37734333154793787,0.7359829666430092,4825.0,0.4298445595854922,1.0,2074.0,2643.0,0.2814982973893303,0.0,744.0
0.74,0.43,7468.0,0.39622388859132296,0.8260325406758448,0.6888888888888889,0.7574607147823669,0.6431440814140332,0.7259209192294694,0.270023656640757,0.729976343359243,0.74,0.43,2959.0,799.0,2160.0,0.699570759984009,0.21906875073788246,0.6269819482421412,0.17903053026245314,0.32954010251323723,0.5432738804688018,799.0,2160.0,2959.0,0.39622388859132296,0.7259209192294694,4825.0,0.4451813471502591,1.0,2148.0,2643.0,0.306848278471434,0.0,811.0
0.74,0.44,7468.0,0.41831815747188,0.8260325406758448,0.6843010752688172,0.755166807972331,0.6431440814140332,0.720550576184379,0.2557618437900128,0.7442381562099872,0.74,0.44,3124.0,799.0,2325.0,0.699570759984009,0.21906875073788246,0.6269819482421412,0.18452062131762184,0.34190461839104935,0.5396844950090103,799.0,2325.0,3124.0,0.41831815747188,0.720550576184379,4825.0,0.46652849740932645,1.0,2251.0,2643.0,0.33030646992054485,0.0,873.0
0.74,0.45,7468.0,0.44268880557043383,0.8260325406758448,0.676505783805345,0.7512691622405949,0.6431440814140332,0.7126436781609196,0.24168179068360557,0.7583182093163945,0.74,0.45,3306.0,799.0,2507.0,0.699570759984009,0.21906875073788246,0.6269819482421412,0.18826995179432246,0.3566643055984937,0.5278631722857707,799.0,2507.0,3306.0,0.44268880557043383,0.7126436781609196,4825.0,0.4882901554404145,1.0,2356.0,2643.0,0.35944003026863414,0.0,950.0
0.74,0.46,7468.0,0.4721478307445099,0.8260325406758448,0.6648331499816649,0.7454328453287549,0.6431440814140332,0.7013613159387407,0.22660238230289279,0.7733976176971072,0.74,0.46,3526.0,799.0,2727.0,0.699570759984009,0.21906875073788246,0.6269819482421412,0.19014461703267269,0.37550180672790195,0.5063747061287943,799.0,2727.0,3526.0,0.4721478307445099,0.7013613159387407,4825.0,0.5125388601036269,1.0,2473.0,2643.0,0.39841089670828606,0.0,1053.0
0.74,0.47,7468.0,0.5013390465988217,0.8260325406758448,0.6560271646859083,0.7410298526808765,0.6431440814140332,0.6923076923076923,0.21340811965811965,0.7865918803418803,0.74,0.47,3744.0,799.0,2945.0,0.699570759984009,0.21906875073788246,0.6269819482421412,0.192822710230316,0.3927571363887012,0.4909464204858764,799.0,2945.0,3744.0,0.5013390465988217,0.6923076923076923,4825.0,0.5369948186528497,1.0,2591.0,2643.0,0.43624668936814226,0.0008673026886383347,1153.0
0.74,0.48,7468.0,0.5293251205141939,0.8260325406758448,0.6487000634115409,0.7373663020436928,0.6431440814140332,0.6845433847710599,0.20212496837844676,0.7978750316215533,0.74,0.48,3953.0,799.0,3154.0,0.699570759984009,0.21906875073788246,0.6269819482421412,0.19536689876807709,0.408630775729213,0.4781012845139708,799.0,3154.0,3953.0,0.5293251205141939,0.6845433847710599,4825.0,0.5610362694300518,0.9988917620982638,2707.0,2643.0,0.4714339765418086,0.0016051364365971107,1246.0
0.74,0.49,7468.0,0.5492769148366363,0.8260325406758448,0.641537995761429,0.7337852682186369,0.6431440814140332,0.6774744027303754,0.1947830326669917,0.8052169673330083,0.74,0.49,4102.0,799.0,3303.0,0.699570759984009,0.21906875073788246,0.6269819482421412,0.1949651847884306,0.42089887743269505,0.46321146299471194,799.0,3303.0,4102.0,0.5492769148366363,0.6774744027303754,4825.0,0.5763730569948187,0.996044588277598,2781.0,2643.0,0.4998108210367007,0.006813020439061317,1321.0
0.74,0.5,7468.0,0.5658810926620247,0.8260325406758448,0.6381674934344909,0.7321000170551678,0.6431440814140332,0.6736867013724562,0.18906767628963558,0.8109323237103644,0.74,0.5,4226.0,799.0,3427.0,0.699570759984009,0.21906875073788246,0.6269819482421412,0.19657204070701664,0.4297144702910341,0.4574480365389689,799.0,3427.0,4226.0,0.5658810926620247,0.6736867013724562,4825.0,0.5917098445595855,0.9877408056042032,2855.0,2643.0,0.5187287173666288,0.019693654266958426,1371.0
0.75,0.2,7468.0,0.11743438671665773,0.835243553008596,0.8659217877094972,0.8505826703590467,0.6431440814140332,0.8415051311288484,0.7958950969213227,0.20410490307867732,0.75,0.2,877.0,698.0,179.0,0.699570759984009,0.21906875073788246,0.6269819482421412,0.08020889126941619,0.13642854438723875,0.5879186912802594,698.0,179.0,877.0,0.11743438671665773,0.8415051311288484,4825.0,0.15295336787564767,1.0,738.0,2643.0,0.05259175179720015,0.0,139.0
0.75,0.21,7468.0,0.12332619175147295,0.835243553008596,0.852017937219731,0.8436307451141635,0.6431440814140332,0.8393051031487514,0.757871878393051,0.24212812160694897,0.75,0.21,921.0,698.0,223.0,0.699570759984009,0.21906875073788246,0.6269819482421412,0.08369041242635245,0.1407760265903263,0.5944933555334726,698.0,223.0,921.0,0.12332619175147295,0.8393051031487514,4825.0,0.16020725388601037,1.0,773.0,2643.0,0.05599697313658721,0.0,148.0
0.75,0.22,7468.0,0.1286823781467595,0.835243553008596,0.844106463878327,0.8396750084434614,0.6431440814140332,0.8376690946930281,0.7263267429760666,0.2736732570239334,0.75,0.22,961.0,698.0,263.0,0.699570759984009,0.21906875073788246,0.6269819482421412,0.08690412426352437,0.14453071279703,0.6012848243927721,698.0,263.0,961.0,0.1286823781467595,0.8376690946930281,4825.0,0.16683937823834197,1.0,805.0,2643.0,0.05902383654937571,0.0,156.0
0.75,0.23,7468.0,0.13510980182110338,0.835243553008596,0.8360128617363344,0.8356282073724652,0.6431440814140332,0.8354806739345887,0.6917740336967294,0.30822596630327054,0.75,0.23,1009.0,698.0,311.0,0.699570759984009,0.21906875073788246,0.6269819482421412,0.09065345474022496,0.14909115849184085,0.6080404475841943,698.0,311.0,1009.0,0.13510980182110338,0.8354806739345887,4825.0,0.17471502590673574,1.0,843.0,2643.0,0.06280741581536133,0.0,166.0
0.75,0.24,7468.0,0.1414033208355651,0.835243553008596,0.8296089385474861,0.832426245778041,0.6431440814140332,0.8333333333333334,0.6609848484848485,0.3390151515151515,0.75,0.24,1056.0,698.0,358.0,0.699570759984009,0.21906875073788246,0.6269819482421412,0.0942688805570434,0.153516188525057,0.6140647541002282,698.0,358.0,1056.0,0.1414033208355651,0.8333333333333334,4825.0,0.18238341968911917,1.0,880.0,2643.0,0.06659099508134696,0.0,176.0
0.75,0.25,7468.0,0.14850026780931977,0.835243553008596,0.8150851581508516,0.8251643555797238,0.6431440814140332,0.8277727682596934,0.6293958521190262,0.37060414788097384,0.75,0.25,1109.0,698.0,411.0,0.699570759984009,0.21906875073788246,0.6269819482421412,0.09734868773433314,0.15992432597167108,0.6087171988555227,698.0,411.0,1109.0,0.14850026780931977,0.8277727682596934,4825.0,0.19025906735751294,1.0,918.0,2643.0,0.07226636398032539,0.0,191.0
0.75,0.26,7468.0,0.15613283342260312,0.835243553008596,0.8012820512820513,0.8182628021453237,0.6431440814140332,0.8216123499142367,0.5986277873070326,0.4013722126929674,0.75,0.26,1166.0,698.0,468.0,0.699570759984009,0.21906875073788246,0.6269819482421412,0.10042849491162294,0.16688969187906752,0.6017657159100992,698.0,468.0,1166.0,0.15613283342260312,0.8216123499142367,4825.0,0.19854922279792747,1.0,958.0,2643.0,0.07869844873250094,0.0,208.0
0.75,0.27,7468.0,0.16644349223352972,0.835243553008596,0.7944954128440367,0.8148694829263163,0.6431440814140332,0.8173773129525342,0.5615446500402252,0.43845534995977475,0.75,0.27,1243.0,698.0,545.0,0.699570759984009,0.21906875073788246,0.6269819482421412,0.10565077664702734,0.17434551268458617,0.6059850639125046,698.0,545.0,1243.0,0.16644349223352972,0.8173773129525342,4825.0,0.2105699481865285,1.0,1016.0,2643.0,0.08588724933787363,0.0,227.0
0.75,0.28,7468.0,0.17608462774504552,0.835243553008596,0.7909238249594813,0.8130836889840387,0.6431440814140332,0.8144486692015209,0.5307984790874525,0.4692015209125475,0.75,0.28,1315.0,698.0,617.0,0.699570759984009,0.21906875073788246,0.6269819482421412,0.11073915372254954,0.18075601514541084,0.6126443628084212,698.0,617.0,1315.0,0.17608462774504552,0.8144486692015209,4825.0,0.22196891191709844,1.0,1071.0,2643.0,0.0923193340900492,0.0,244.0
0.75,0.29,7468.0,0.18706480985538296,0.835243553008596,0.7839771101573677,0.8096103315829819,0.6431440814140332,0.8095919828203293,0.49964209019327127,0.5003579098067287,0.75,0.29,1397.0,698.0,699.0,0.699570759984009,0.21906875073788246,0.6269819482421412,0.11582753079807177,0.18872901082943128,0.6137240389754064,698.0,699.0,1397.0,0.18706480985538296,0.8095919828203293,4825.0,0.2344041450777202,1.0,1131.0,2643.0,0.10064320847521756,0.0,266.0
0.75,0.3,7468.0,0.1999196572040707,0.835243553008596,0.7660377358490567,0.8006406444288263,0.6431440814140332,0.7983924983255191,0.4675150703281983,0.5324849296718017,0.75,0.3,1493.0,698.0,795.0,0.699570759984009,0.21906875073788246,0.6269819482421412,0.11930905195500803,0.20076180569154914,0.5942816241567119,698.0,795.0,1493.0,0.1999196572040707,0.7983924983255191,4825.0,0.24704663212435232,1.0,1192.0,2643.0,0.11388573590616724,0.0,301.0
0.75,0.31,7468.0,0.2095607927155865,0.835243553008596,0.76239907727797,0.798821315143283,0.6431440814140332,0.794888178913738,0.4460063897763578,0.5539936102236421,0.75,0.31,1565.0,698.0,867.0,0.699570759984009,0.21906875073788246,0.6269819482421412,0.12359400107123726,0.20732437343972518,0.5961383074294899,698.0,867.0,1565.0,0.2095607927155865,0.794888178913738,4825.0,0.2578238341968912,1.0,1244.0,2643.0,0.12145289443813848,0.0,321.0
0.75,0.32,7468.0,0.2210765934654526,0.835243553008596,0.7586568730325288,0.7969502130205623,0.6431440814140332,0.7910357359176257,0.4227740763173834,0.5772259236826166,0.75,0.32,1651.0,698.0,953.0,0.699570759984009,0.21906875073788246,0.6269819482421412,0.1286823781467595,0.2149351243034664,0.5987033462482063,698.0,953.0,1651.0,0.2210765934654526,0.7910357359176257,4825.0,0.27067357512953366,1.0,1306.0,2643.0,0.13053348467650397,0.0,345.0
0.75,0.33,7468.0,0.23165506159614355,0.835243553008596,0.7548449612403101,0.795044257124453,0.6431440814140332,0.7872832369942196,0.40346820809248557,0.5965317919075145,0.75,0.33,1730.0,698.0,1032.0,0.699570759984009,0.21906875073788246,0.6269819482421412,0.1331012319228709,0.22198404185129236,0.5995982000005016,698.0,1032.0,1730.0,0.23165506159614355,0.7872832369942196,4825.0,0.282279792746114,1.0,1362.0,2643.0,0.1392357169882709,0.0,368.0
0.75,0.34,7468.0,0.24236743438671665,0.835243553008596,0.7517985611510791,0.7935210570798376,0.6431440814140332,0.7839779005524862,0.3856353591160221,0.6143646408839779,0.75,0.34,1810.0,698.0,1112.0,0.699570759984009,0.21906875073788246,0.6269819482421412,0.13765399035886447,0.22881591293860243,0.6015927327388318,698.0,1112.0,1810.0,0.24236743438671665,0.7839779005524862,4825.0,0.2940932642487047,1.0,1419.0,2643.0,0.14793794930003784,0.0,391.0
0.75,0.35,7468.0,0.2560257096946974,0.835243553008596,0.7438220757825371,0.7895328143955666,0.6431440814140332,0.7771966527196653,0.36506276150627615,0.6349372384937239,0.75,0.35,1912.0,698.0,1214.0,0.699570759984009,0.21906875073788246,0.6269819482421412,0.14193893947509376,0.2388375705574854,0.5942906685233207,698.0,1214.0,1912.0,0.2560257096946974,0.7771966527196653,4825.0,0.30797927461139896,1.0,1486.0,2643.0,0.1611804767309875,0.0,426.0
0.75,0.36,7468.0,0.26807712908409215,0.835243553008596,0.7361963190184049,0.7857199360135004,0.6431440814140332,0.7707292707292708,0.34865134865134867,0.6513486513486514,0.75,0.36,2002.0,698.0,1304.0,0.699570759984009,0.21906875073788246,0.6269819482421412,0.1451526513122657,0.2479157899084147,0.5854917565593064,698.0,1304.0,2002.0,0.26807712908409215,0.7707292707292708,4825.0,0.3197927461139896,1.0,1543.0,2643.0,0.17366628830874006,0.0,459.0
0.75,0.37,7468.0,0.2814675950723085,0.835243553008596,0.7321937321937322,0.7837186426011641,0.6431440814140332,0.7664129400570885,0.33206470028544244,0.6679352997145576,0.75,0.37,2102.0,698.0,1404.0,0.699570759984009,0.21906875073788246,0.6269819482421412,0.14997321906802355,0.2564121448023523,0.584891246799663,698.0,1404.0,2102.0,0.2814675950723085,0.7664129400570885,4825.0,0.3338860103626943,1.0,1611.0,2643.0,0.18577374195989407,0.0,491.0
0.75,0.38,7468.0,0.29659882163899304,0.835243553008596,0.7297297297297297,0.7824866413691629,0.6431440814140332,0.7629796839729119,0.31512415349887135,0.6848758465011286,0.75,0.38,2215.0,698.0,1517.0,0.699570759984009,0.21906875073788246,0.6269819482421412,0.15599892876272092,0.26514137066503984,0.5883613272852788,698.0,1517.0,2215.0,0.29659882163899304,0.7629796839729119,4825.0,0.35025906735751294,1.0,1690.0,2643.0,0.19863791146424517,0.0,525.0
0.75,0.39,7468.0,0.3103910016068559,0.835243553008596,0.7197530864197531,0.7774983197141745,0.6431440814140332,0.7545297670405522,0.3011216566005177,0.6988783433994823,0.75,0.39,2318.0,698.0,1620.0,0.699570759984009,0.21906875073788246,0.6269819482421412,0.15800749866095337,0.2760285338021257,0.5724317572697861,698.0,1620.0,2318.0,0.3103910016068559,0.7545297670405522,4825.0,0.36248704663212433,1.0,1749.0,2643.0,0.21528566023458193,0.0,569.0
0.75,0.4,7468.0,0.3290037493304767,0.835243553008596,0.7123365548607163,0.7737900539346562,0.6431440814140332,0.7472527472527473,0.2840862840862841,0.7159137159137159,0.75,0.4,2457.0,698.0,1759.0,0.699570759984009,0.21906875073788246,0.6269819482421412,0.16269416175682916,0.28836572921695075,0.5641938180331647,698.0,1759.0,2457.0,0.3290037493304767,0.7472527472527473,4825.0,0.3805181347150259,1.0,1836.0,2643.0,0.23496027241770714,0.0,621.0
0.75,0.41,7468.0,0.34627745045527586,0.835243553008596,0.7044491525423728,0.7698463527754844,0.6431440814140332,0.7397525135344161,0.2699149265274555,0.7300850734725445,0.75,0.41,2586.0,698.0,1888.0,0.699570759984009,0.21906875073788246,0.6269819482421412,0.16604177825388322,0.30019632925919715,0.5531106215176886,698.0,1888.0,2586.0,0.34627745045527586,0.7397525135344161,4825.0,0.3964766839378238,1.0,1913.0,2643.0,0.2546348846008324,0.0,673.0
0.75,0.42,7468.0,0.36381896089983934,0.835243553008596,0.7003467062902426,0.7677951296494193,0.6431440814140332,0.7350018402649982,0.256900993743099,0.743099006256901,0.75,0.42,2717.0,698.0,2019.0,0.699570759984009,0.21906875073788246,0.6269819482421412,0.17099625066952331,0.31050177956842373,0.5507094062623294,698.0,2019.0,2717.0,0.36381896089983934,0.7350018402649982,4825.0,0.4138860103626943,1.0,1997.0,2643.0,0.2724177071509648,0.0,720.0
0.75,0.43,7468.0,0.38269951794322443,0.835243553008596,0.6888888888888889,0.7620662209487424,0.6431440814140332,0.7246326102169349,0.24422673198040587,0.7557732680195941,0.75,0.43,2858.0,698.0,2160.0,0.699570759984009,0.21906875073788246,0.6269819482421412,0.17193358328869845,0.32462742848881854,0.5296335682079326,698.0,2160.0,2858.0,0.38269951794322443,0.7246326102169349,4825.0,0.42922279792746115,1.0,2071.0,2643.0,0.2977676882330685,0.0,787.0
0.75,0.44,7468.0,0.4047937868237815,0.835243553008596,0.6843010752688172,0.7597723141387066,0.6431440814140332,0.7191531591134634,0.23089646046973206,0.769103539530268,0.75,0.44,3023.0,698.0,2325.0,0.699570759984009,0.21906875073788246,0.6269819482421412,0.17742367434386716,0.33717214629912295,0.5262109468154744,698.0,2325.0,3023.0,0.4047937868237815,0.7191531591134634,4825.0,0.4505699481865285,1.0,2174.0,2643.0,0.32122587968217936,0.0,849.0
0.75,0.45,7468.0,0.4291644349223353,0.835243553008596,0.676505783805345,0.7558746684069705,0.6431440814140332,0.7110764430577223,0.21778471138845554,0.7822152886115444,0.75,0.45,3205.0,698.0,2507.0,0.699570759984009,0.21906875073788246,0.6269819482421412,0.18117300482056778,0.35213025296171835,0.5145056503857506,698.0,2507.0,3205.0,0.4291644349223353,0.7110764430577223,4825.0,0.4723316062176166,1.0,2279.0,2643.0,0.35035944003026864,0.0,926.0
0.75,0.46,7468.0,0.45862346009641136,0.835243553008596,0.6648331499816649,0.7500383514951304,0.6431440814140332,0.6995620437956205,0.2037956204379562,0.7962043795620438,0.75,0.46,3425.0,698.0,2727.0,0.699570759984009,0.21906875073788246,0.6269819482421412,0.1830476700589181,0.37119791893105575,0.4931268757811014,698.0,2727.0,3425.0,0.45862346009641136,0.6995620437956205,4825.0,0.496580310880829,1.0,2396.0,2643.0,0.38933030646992056,0.0,1029.0
0.75,0.47,7468.0,0.4878146759507231,0.835243553008596,0.6560271646859083,0.7456353588472522,0.6431440814140332,0.690365083722207,0.1916003293988471,0.8083996706011529,0.75,0.47,3643.0,698.0,2945.0,0.699570759984009,0.21906875073788246,0.6269819482421412,0.18572576325656132,0.38864438288373715,0.47788099207424056,698.0,2945.0,3643.0,0.4878146759507231,0.690365083722207,4825.0,0.5210362694300518,1.0,2514.0,2643.0,0.42716609912977677,0.0008857395925597874,1129.0
0.75,0.48,7468.0,0.5158007498660954,0.835243553008596,0.6487000634115409,0.7419718082100684,0.6431440814140332,0.6825025960539979,0.18120456905503635,0.8187954309449637,0.75,0.48,3852.0,698.0,3154.0,0.699570759984009,0.21906875073788246,0.6269819482421412,0.1882699517943224,0.40467937807094456,0.46523238394746347,698.0,3154.0,3852.0,0.5158007498660954,0.6825025960539979,4825.0,0.5450777202072539,0.9988593155893536,2630.0,2643.0,0.4623533863034431,0.0016366612111292963,1222.0
0.75,0.49,7468.0,0.5357525441885378,0.835243553008596,0.641537995761429,0.7383907743850124,0.6431440814140332,0.675331167208198,0.1744563859035241,0.8255436140964759,0.75,0.49,4001.0,698.0,3303.0,0.699570759984009,0.21906875073788246,0.6269819482421412,0.187868237814676,0.4170637279684376,0.4504545114239554,698.0,3303.0,4001.0,0.5357525441885378,0.675331167208198,4825.0,0.5604145077720207,0.9959319526627219,2704.0,2643.0,0.4907302307983352,0.006939090208172706,1297.0
0.75,0.5,7468.0,0.552356722013926,0.835243553008596,0.6381674934344909,0.7367055232215434,0.6431440814140332,0.6715151515151515,0.1692121212121212,0.8307878787878787,0.75,0.5,4125.0,698.0,3427.0,0.699570759984009,0.21906875073788246,0.6269819482421412,0.1894750937332619,0.42595870004066366,0.44482033989486275,698.0,3427.0,4125.0,0.552356722013926,0.6715151515151515,4825.0,0.5757512953367876,0.9874010079193665,2778.0,2643.0,0.5096481271282634,0.0200445434298441,1347.0
0.76,0.2,7468.0,0.10511515800749865,0.8498349834983498,0.8659217877094972,0.8578783856039236,0.6431440814140332,0.8535031847133758,0.7719745222929937,0.22802547770700637,0.76,0.2,785.0,606.0,179.0,0.699570759984009,0.21906875073788246,0.6269819482421412,0.07431708623460097,0.12409285187491197,0.5988828938310972,606.0,179.0,785.0,0.10511515800749865,0.8535031847133758,4825.0,0.138860103626943,1.0,670.0,2643.0,0.04351116155883466,0.0,115.0
0.76,0.21,7468.0,0.11100696304231387,0.8498349834983498,0.852017937219731,0.8509264603590404,0.6431440814140332,0.850422195416164,0.7310012062726177,0.2689987937273824,0.76,0.21,829.0,606.0,223.0,0.699570759984009,0.21906875073788246,0.6269819482421412,0.07779860739153723,0.1288571993541235,0.6037583292318206,606.0,223.0,829.0,0.11100696304231387,0.850422195416164,4825.0,0.1461139896373057,1.0,705.0,2643.0,0.04691638289822172,0.0,124.0
0.76,0.22,7468.0,0.11636314943760043,0.8498349834983498,0.844106463878327,0.8469707236883384,0.6431440814140332,0.8481012658227848,0.6973532796317606,0.30264672036823936,0.76,0.22,869.0,606.0,263.0,0.699570759984009,0.21906875073788246,0.6269819482421412,0.08101231922870915,0.1329489191548605,0.6093492127931105,606.0,263.0,869.0,0.11636314943760043,0.8481012658227848,4825.0,0.1527461139896373,1.0,737.0,2643.0,0.049943246311010214,0.0,132.0
0.76,0.23,7468.0,0.1227905731119443,0.8498349834983498,0.8360128617363344,0.8429239226173422,0.6431440814140332,0.8451472191930207,0.6608505997818975,0.3391494002181025,0.76,0.23,917.0,606.0,311.0,0.699570759984009,0.21906875073788246,0.6269819482421412,0.08476164970540975,0.13789293565396044,0.6146917483729364,606.0,311.0,917.0,0.1227905731119443,0.8451472191930207,4825.0,0.16062176165803108,1.0,775.0,2643.0,0.05372682557699584,0.0,142.0
0.76,0.24,7468.0,0.129084092126406,0.8498349834983498,0.8296089385474861,0.839721961022918,0.6431440814140332,0.8423236514522822,0.6286307053941909,0.37136929460580914,0.76,0.24,964.0,606.0,358.0,0.699570759984009,0.21906875073788246,0.6269819482421412,0.08837707552222818,0.14266572223939747,0.6194695834079101,606.0,358.0,964.0,0.129084092126406,0.8423236514522822,4825.0,0.1682901554404145,1.0,812.0,2643.0,0.057510404842981463,0.0,152.0
0.76,0.25,7468.0,0.1361810391001607,0.8498349834983498,0.8150851581508516,0.8324600708246007,0.6431440814140332,0.8357915437561455,0.5958702064896755,0.40412979351032446,0.76,0.25,1017.0,606.0,411.0,0.699570759984009,0.21906875073788246,0.6269819482421412,0.09145688269951793,0.14953955396590354,0.6115899123276173,606.0,411.0,1017.0,0.1361810391001607,0.8357915437561455,4825.0,0.17616580310880828,1.0,850.0,2643.0,0.0631857737419599,0.0,167.0
0.76,0.26,7468.0,0.14381360471344404,0.8498349834983498,0.8012820512820513,0.8255585173902006,0.6431440814140332,0.8286778398510242,0.5642458100558659,0.43575418994413406,0.76,0.26,1074.0,606.0,468.0,0.699570759984009,0.21906875073788246,0.6269819482421412,0.0945366898768077,0.1569664213082472,0.602273333932731,606.0,468.0,1074.0,0.14381360471344404,0.8286778398510242,4825.0,0.1844559585492228,1.0,890.0,2643.0,0.06961785849413545,0.0,184.0
0.76,0.27,7468.0,0.15412426352437064,0.8498349834983498,0.7944954128440367,0.8221651981711933,0.6431440814140332,0.8236316246741964,0.526498696785404,0.473501303214596,0.76,0.27,1151.0,606.0,545.0,0.699570759984009,0.21906875073788246,0.6269819482421412,0.0997589716122121,0.16487160445655663,0.6050706666016489,606.0,545.0,1151.0,0.15412426352437064,0.8236316246741964,4825.0,0.19647668393782383,1.0,948.0,2643.0,0.07680665909950814,0.0,203.0
0.76,0.28,7468.0,0.16376539903588644,0.8498349834983498,0.7909238249594813,0.8203794042289156,0.6431440814140332,0.8201144726083401,0.49550286181520853,0.5044971381847915,0.76,0.28,1223.0,606.0,617.0,0.699570759984009,0.21906875073788246,0.6269819482421412,0.10484734868773432,0.17163631659435033,0.6108692540608013,606.0,617.0,1223.0,0.16376539903588644,0.8201144726083401,4825.0,0.20787564766839378,1.0,1003.0,2643.0,0.08323874385168369,0.0,220.0
0.76,0.29,7468.0,0.17474558114622388,0.8498349834983498,0.7839771101573677,0.8169060468278588,0.6431440814140332,0.8145593869731801,0.46436781609195404,0.535632183908046,0.76,0.29,1305.0,606.0,699.0,0.699570759984009,0.21906875073788246,0.6269819482421412,0.10993572576325655,0.18001368751148802,0.610707592755916,606.0,699.0,1305.0,0.17474558114622388,0.8145593869731801,4825.0,0.22031088082901554,1.0,1063.0,2643.0,0.09156261823685206,0.0,242.0
0.76,0.3,7468.0,0.18760042849491163,0.8498349834983498,0.7660377358490567,0.8079363596737033,0.6431440814140332,0.8022840827980015,0.43254817987152033,0.5674518201284796,0.76,0.3,1401.0,606.0,795.0,0.699570759984009,0.21906875073788246,0.6269819482421412,0.11341724692019284,0.1925917723771174,0.5888997516368898,606.0,795.0,1401.0,0.18760042849491163,0.8022840827980015,4825.0,0.23295336787564766,1.0,1124.0,2643.0,0.10480514566780175,0.0,277.0
0.76,0.31,7468.0,0.19724156400642742,0.8498349834983498,0.76239907727797,0.80611703038816,0.6431440814140332,0.7983706720977597,0.41140529531568226,0.5885947046843177,0.76,0.31,1473.0,606.0,867.0,0.699570759984009,0.21906875073788246,0.6269819482421412,0.11770219603642207,0.19942337873229077,0.5902126259450625,606.0,867.0,1473.0,0.19724156400642742,0.7983706720977597,4825.0,0.24373056994818654,1.0,1176.0,2643.0,0.11237230419977298,0.0,297.0
0.76,0.32,7468.0,0.20875736475629353,0.8498349834983498,0.7586568730325288,0.8042459282654393,0.6431440814140332,0.7940987812700449,0.3887107119948685,0.6112892880051315,0.76,0.32,1559.0,606.0,953.0,0.699570759984009,0.21906875073788246,0.6269819482421412,0.12279057311194429,0.20732437343972518,0.5922630854960371,606.0,953.0,1559.0,0.20875736475629353,0.7940987812700449,4825.0,0.256580310880829,1.0,1238.0,2643.0,0.12145289443813848,0.0,321.0
0.76,0.33,7468.0,0.21933583288698447,0.8498349834983498,0.7548449612403101,0.80233997236933,0.6431440814140332,0.78998778998779,0.36996336996337,0.63003663003663,0.76,0.33,1638.0,606.0,1032.0,0.699570759984009,0.21906875073788246,0.6269819482421412,0.1272094268880557,0.21462339807081704,0.5927099656025469,606.0,1032.0,1638.0,0.21933583288698447,0.78998778998779,4825.0,0.2681865284974093,1.0,1294.0,2643.0,0.1301551267499054,0.0,344.0
0.76,0.34,7468.0,0.23004820567755757,0.8498349834983498,0.7517985611510791,0.8008167723247145,0.6431440814140332,0.7863795110593713,0.35273573923166474,0.6472642607683353,0.76,0.34,1718.0,606.0,1112.0,0.699570759984009,0.21906875073788246,0.6269819482421412,0.13176218532404926,0.22168222792265996,0.5943741478907285,606.0,1112.0,1718.0,0.23004820567755757,0.7863795110593713,4825.0,0.28,1.0,1351.0,2643.0,0.13885735906167235,0.0,367.0
0.76,0.35,7468.0,0.2437064809855383,0.8498349834983498,0.7438220757825371,0.7968285296404435,0.6431440814140332,0.7791208791208791,0.33296703296703295,0.667032967032967,0.76,0.35,1820.0,606.0,1214.0,0.699570759984009,0.21906875073788246,0.6269819482421412,0.13604713444027852,0.23201222655849385,0.5863791596602731,606.0,1214.0,1820.0,0.2437064809855383,0.7791208791208791,4825.0,0.2938860103626943,1.0,1418.0,2643.0,0.15209988649262202,0.0,402.0
0.76,0.36,7468.0,0.25575790037493307,0.8498349834983498,0.7361963190184049,0.7930156512583774,0.6431440814140332,0.7722513089005235,0.3172774869109948,0.6827225130890052,0.76,0.36,1910.0,606.0,1304.0,0.699570759984009,0.21906875073788246,0.6269819482421412,0.13926084627745045,0.24134731622444305,0.5770142732722314,606.0,1304.0,1910.0,0.25575790037493307,0.7722513089005235,4825.0,0.30569948186528495,1.0,1475.0,2643.0,0.16458569807037457,0.0,435.0
0.76,0.37,7468.0,0.2691483663631494,0.8498349834983498,0.7321937321937322,0.791014357846041,0.6431440814140332,0.7676616915422886,0.30149253731343284,0.6985074626865672,0.76,0.37,2010.0,606.0,1404.0,0.699570759984009,0.21906875073788246,0.6269819482421412,0.14408141403320837,0.25006694336711227,0.5761713727259375,606.0,1404.0,2010.0,0.2691483663631494,0.7676616915422886,4825.0,0.3197927461139896,1.0,1543.0,2643.0,0.17669315172152858,0.0,467.0
0.76,0.38,7468.0,0.28427959292983396,0.8498349834983498,0.7297297297297297,0.7897823566140398,0.6431440814140332,0.7640131888836552,0.28544512482336315,0.7145548751766369,0.76,0.38,2123.0,606.0,1517.0,0.699570759984009,0.21906875073788246,0.6269819482421412,0.15010712372790574,0.2590101052101329,0.5795415727356467,606.0,1517.0,2123.0,0.28427959292983396,0.7640131888836552,4825.0,0.3361658031088083,1.0,1622.0,2643.0,0.18955732122587968,0.0,501.0
0.76,0.39,7468.0,0.2980717728976968,0.8498349834983498,0.7197530864197531,0.7847940349590514,0.6431440814140332,0.7551662174303684,0.2722371967654987,0.7277628032345014,0.76,0.39,2226.0,606.0,1620.0,0.699570759984009,0.21906875073788246,0.6269819482421412,0.1521156936261382,0.2701444791880436,0.5630901437754451,606.0,1620.0,2226.0,0.2980717728976968,0.7551662174303684,4825.0,0.34839378238341967,1.0,1681.0,2643.0,0.20620506999621643,0.0,545.0
0.76,0.4,7468.0,0.31668452062131763,0.8498349834983498,0.7123365548607163,0.7810857691795331,0.6431440814140332,0.7475687103594081,0.2562367864693446,0.7437632135306554,0.76,0.4,2365.0,606.0,1759.0,0.699570759984009,0.21906875073788246,0.6269819482421412,0.15680235672201395,0.2827385399086086,0.5545843052478738,606.0,1759.0,2365.0,0.31668452062131763,0.7475687103594081,4825.0,0.3664248704663212,1.0,1768.0,2643.0,0.22587968217934165,0.0,597.0
0.76,0.41,7468.0,0.3339582217461168,0.8498349834983498,0.7044491525423728,0.7771420680203613,0.6431440814140332,0.7397754611066559,0.2429831595829992,0.7570168404170008,0.76,0.41,2494.0,606.0,1888.0,0.699570759984009,0.21906875073788246,0.6269819482421412,0.160149973219068,0.29479505467955935,0.5432586831999273,606.0,1888.0,2494.0,0.3339582217461168,0.7397754611066559,4825.0,0.38238341968911915,1.0,1845.0,2643.0,0.2455542943624669,0.0,649.0
0.76,0.42,7468.0,0.35149973219068026,0.8498349834983498,0.7003467062902426,0.7750908448942962,0.6431440814140332,0.7348571428571429,0.23085714285714284,0.7691428571428571,0.76,0.42,2625.0,606.0,2019.0,0.699570759984009,0.21906875073788246,0.6269819482421412,0.1651044456347081,0.30528289057525987,0.5408244311484129,606.0,2019.0,2625.0,0.35149973219068026,0.7348571428571429,4825.0,0.3997927461139896,1.0,1929.0,2643.0,0.2633371169125993,0.0,696.0
0.76,0.43,7468.0,0.37038028923406535,0.8498349834983498,0.6888888888888889,0.7693619361936194,0.6431440814140332,0.7241503976861895,0.21908893709327548,0.7809110629067245,0.76,0.43,2766.0,606.0,2160.0,0.699570759984009,0.21906875073788246,0.6269819482421412,0.16604177825388328,0.31963925836807194,0.5194661603884788,606.0,2160.0,2766.0,0.37038028923406535,0.7241503976861895,4825.0,0.4151295336787565,1.0,2003.0,2643.0,0.288687097994703,0.0,763.0
0.76,0.44,7468.0,0.3924745581146224,0.8498349834983498,0.6843010752688172,0.7670680293835835,0.6431440814140332,0.7185261003070624,0.2067553735926305,0.7932446264073695,0.76,0.44,2931.0,606.0,2325.0,0.699570759984009,0.21906875073788246,0.6269819482421412,0.17153186930905195,0.3323722978871513,0.516083531628413,606.0,2325.0,2931.0,0.3924745581146224,0.7185261003070624,4825.0,0.43647668393782385,1.0,2106.0,2643.0,0.31214528944381387,0.0,825.0
0.76,0.45,7468.0,0.4168452062131762,0.8498349834983498,0.676505783805345,0.7631703836518474,0.6431440814140332,0.7102473498233216,0.1946675232894314,0.8053324767105686,0.76,0.45,3113.0,606.0,2507.0,0.699570759984009,0.21906875073788246,0.6269819482421412,0.1752811997857526,0.3475370530083257,0.504352552536473,606.0,2507.0,3113.0,0.4168452062131762,0.7102473498233216,4825.0,0.45823834196891194,1.0,2211.0,2643.0,0.34127884979190315,0.0,902.0
0.76,0.46,7468.0,0.4463042313872523,0.8498349834983498,0.6648331499816649,0.7573340667400074,0.6431440814140332,0.6984698469846985,0.18181818181818182,0.8181818181818182,0.76,0.46,3333.0,606.0,2727.0,0.699570759984009,0.21906875073788246,0.6269819482421412,0.17715586502410285,0.36684354046592493,0.4829194070014117,606.0,2727.0,3333.0,0.4463042313872523,0.6984698469846985,4825.0,0.48248704663212433,1.0,2328.0,2643.0,0.38024971623155507,0.0,1005.0
0.76,0.47,7468.0,0.475495447241564,0.8498349834983498,0.6560271646859083,0.7529310740921291,0.6431440814140332,0.6891016615038017,0.17065615319628274,0.8293438468037173,0.76,0.47,3551.0,606.0,2945.0,0.699570759984009,0.21906875073788246,0.6269819482421412,0.17983395822174608,0.3844876389559344,0.4677236405052715,606.0,2945.0,3551.0,0.475495447241564,0.6891016615038017,4825.0,0.5069430051813472,1.0,2446.0,2643.0,0.4180855088914113,0.0009049773755656109,1105.0
0.76,0.48,7468.0,0.5034815211569362,0.8498349834983498,0.6487000634115409,0.7492675234549453,0.6431440814140332,0.6811170212765958,0.16117021276595744,0.8388297872340426,0.76,0.48,3760.0,606.0,3154.0,0.699570759984009,0.21906875073788246,0.6269819482421412,0.18237814675950725,0.40068901557032294,0.45516133378380313,606.0,3154.0,3760.0,0.5034815211569362,0.6811170212765958,4825.0,0.5309844559585493,0.9988290398126464,2562.0,2643.0,0.4532727960650776,0.001669449081803005,1198.0
0.76,0.49,7468.0,0.5234333154793787,0.8498349834983498,0.641537995761429,0.7456864896298894,0.6431440814140332,0.6738296239447429,0.15502686108979277,0.8449731389102072,0.76,0.49,3909.0,606.0,3303.0,0.699570759984009,0.21906875073788246,0.6269819482421412,0.18197643277986073,0.4131929831806912,0.44041510913141907,606.0,3303.0,3909.0,0.5234333154793787,0.6738296239447429,4825.0,0.546321243523316,0.9958270106221547,2636.0,2643.0,0.4816496405599697,0.007069913589945012,1273.0
0.76,0.5,7468.0,0.540037493304767,0.8498349834983498,0.6381674934344909,0.7440012384664203,0.6431440814140332,0.6699727250185966,0.1502603520952145,0.8497396479047855,0.76,0.5,4033.0,606.0,3427.0,0.699570759984009,0.21906875073788246,0.6269819482421412,0.18358328869844676,0.42216951844390677,0.43485680675176286,606.0,3427.0,4033.0,0.540037493304767,0.6699727250185966,4825.0,0.5616580310880829,0.9870848708487084,2710.0,2643.0,0.5005675368898979,0.02040816326530612,1323.0
0.77,0.2,7468.0,0.09252811997857525,0.86328125,0.8659217877094972,0.8646015188547487,0.6431440814140332,0.8639652677279306,0.7409551374819102,0.2590448625180897,0.77,0.2,691.0,512.0,179.0,0.699570759984009,0.21906875073788246,0.6269819482421412,0.06735404392072845,0.11219196953848079,0.6003463901899561,512.0,179.0,691.0,0.09252811997857525,0.8639652677279306,4825.0,0.12373056994818653,1.0,597.0,2643.0,0.03556564510026485,0.0,94.0
0.77,0.21,7468.0,0.09841992501339046,0.86328125,0.852017937219731,0.8576495936098655,0.6431440814140332,0.8598639455782313,0.6965986394557823,0.3034013605442177,0.77,0.21,735.0,512.0,223.0,0.699570759984009,0.21906875073788246,0.6269819482421412,0.0708355650776647,0.11744011226094293,0.6031632950100856,512.0,223.0,735.0,0.09841992501339046,0.8598639455782313,4825.0,0.1309844559585492,1.0,632.0,2643.0,0.03897086643965191,0.0,103.0
0.77,0.22,7468.0,0.10377611140867703,0.86328125,0.844106463878327,0.8536938569391634,0.6431440814140332,0.8567741935483871,0.6606451612903226,0.3393548387096774,0.77,0.22,775.0,512.0,263.0,0.699570759984009,0.21906875073788246,0.6269819482421412,0.07404927691483665,0.1219156152710562,0.6073813986026495,512.0,263.0,775.0,0.10377611140867703,0.8567741935483871,4825.0,0.13761658031088084,1.0,664.0,2643.0,0.04199772985244041,0.0,111.0
0.77,0.23,7468.0,0.11020353508302089,0.86328125,0.8360128617363344,0.8496470558681672,0.6431440814140332,0.8529769137302552,0.6221142162818954,0.3778857837181045,0.77,0.23,823.0,512.0,311.0,0.699570759984009,0.21906875073788246,0.6269819482421412,0.07779860739153723,0.1272888991457693,0.6111971107743139,512.0,311.0,823.0,0.11020353508302089,0.8529769137302552,4825.0,0.1454922279792746,1.0,702.0,2643.0,0.04578130911842603,0.0,121.0
0.77,0.24,7468.0,0.1164970540974826,0.86328125,0.8296089385474861,0.846445094273743,0.6431440814140332,0.8494252873563218,0.5885057471264368,0.4114942528735632,0.77,0.24,870.0,512.0,358.0,0.699570759984009,0.21906875073788246,0.6269819482421412,0.08141403320835565,0.13244436735687734,0.614703628648713,512.0,358.0,870.0,0.1164970540974826,0.8494252873563218,4825.0,0.15316062176165804,1.0,739.0,2643.0,0.04956488838441166,0.0,131.0
0.77,0.25,7468.0,0.12359400107123727,0.86328125,0.8150851581508516,0.8391832040754258,0.6431440814140332,0.8418201516793066,0.5547128927410617,0.4452871072589382,0.77,0.25,923.0,512.0,411.0,0.699570759984009,0.21906875073788246,0.6269819482421412,0.0844938403856454,0.13982160184605216,0.604297470992184,512.0,411.0,923.0,0.12359400107123727,0.8418201516793066,4825.0,0.1610362694300518,1.0,777.0,2643.0,0.05524025728339009,0.0,146.0
0.77,0.26,7468.0,0.13122656668452062,0.86328125,0.8012820512820513,0.8322816506410257,0.6431440814140332,0.8336734693877551,0.5224489795918368,0.4775510204081633,0.77,0.26,980.0,512.0,468.0,0.699570759984009,0.21906875073788246,0.6269819482421412,0.08757364756293519,0.1477378068092007,0.5927639610626827,512.0,468.0,980.0,0.13122656668452062,0.8336734693877551,4825.0,0.1693264248704663,1.0,817.0,2643.0,0.061672342035565646,0.0,163.0
0.77,0.27,7468.0,0.14153722549544726,0.86328125,0.7944954128440367,0.8288883314220183,0.6431440814140332,0.8278145695364238,0.48438978240302744,0.5156102175969726,0.77,0.27,1057.0,512.0,545.0,0.699570759984009,0.21906875073788246,0.6269819482421412,0.09279592929833959,0.156111012098935,0.5944226999151756,512.0,545.0,1057.0,0.14153722549544726,0.8278145695364238,4825.0,0.18134715025906736,1.0,875.0,2643.0,0.06886114264093833,0.0,182.0
0.77,0.28,7468.0,0.15117836100696305,0.86328125,0.7909238249594813,0.8271025374797407,0.6431440814140332,0.8237378210806023,0.4534986713906112,0.5465013286093888,0.77,0.28,1129.0,512.0,617.0,0.699570759984009,0.21906875073788246,0.6269819482421412,0.09788430637386183,0.1632391721265169,0.5996373609270548,512.0,617.0,1129.0,0.15117836100696305,0.8237378210806023,4825.0,0.1927461139896373,1.0,930.0,2643.0,0.07529322739311388,0.0,199.0
0.77,0.29,7468.0,0.1621585431173005,0.86328125,0.7839771101573677,0.8236291800786839,0.6431440814140332,0.8175061932287366,0.4227910817506193,0.5772089182493807,0.77,0.29,1211.0,512.0,699.0,0.699570759984009,0.21906875073788246,0.6269819482421412,0.10297268344938407,0.1720259568610453,0.5985880580368502,512.0,699.0,1211.0,0.1621585431173005,0.8175061932287366,4825.0,0.20518134715025907,1.0,990.0,2643.0,0.08361710177828226,0.0,221.0
0.77,0.3,7468.0,0.1750133904659882,0.86328125,0.7660377358490567,0.8146594929245283,0.6431440814140332,0.8041315990818668,0.39173680183626625,0.6082631981637338,0.77,0.3,1307.0,512.0,795.0,0.699570759984009,0.21906875073788246,0.6269819482421412,0.10645420460632028,0.18514748966657357,0.5749697433004919,512.0,795.0,1307.0,0.1750133904659882,0.8041315990818668,4825.0,0.2178238341968912,1.0,1051.0,2643.0,0.09685962920923194,0.0,256.0
0.77,0.31,7468.0,0.184654525977504,0.86328125,0.76239907727797,0.812840163638985,0.6431440814140332,0.7998549673676577,0.37128353879622916,0.6287164612037709,0.77,0.31,1379.0,512.0,867.0,0.699570759984009,0.21906875073788246,0.6269819482421412,0.11073915372254954,0.19224381947796718,0.5760349228560828,512.0,867.0,1379.0,0.184654525977504,0.7998549673676577,4825.0,0.22860103626943004,1.0,1103.0,2643.0,0.10442678774120318,0.0,276.0
0.77,0.32,7468.0,0.19617032672737011,0.86328125,0.7586568730325288,0.8109690615162644,0.6431440814140332,0.7952218430034129,0.34948805460750854,0.6505119453924915,0.77,0.32,1465.0,512.0,953.0,0.699570759984009,0.21906875073788246,0.6269819482421412,0.11582753079807176,0.20042803687271193,0.5779008396496526,512.0,953.0,1465.0,0.19617032672737011,0.7952218430034129,4825.0,0.24145077720207253,1.0,1165.0,2643.0,0.11350737797956867,0.0,300.0
0.77,0.33,7468.0,0.20674879485806105,0.86328125,0.7548449612403101,0.809063105620155,0.6431440814140332,0.7908031088082902,0.3316062176165803,0.6683937823834197,0.77,0.33,1544.0,512.0,1032.0,0.699570759984009,0.21906875073788246,0.6269819482421412,0.12024638457418318,0.207969240855322,0.5781931216349201,512.0,1032.0,1544.0,0.20674879485806105,0.7908031088082902,4825.0,0.25305699481865285,1.0,1221.0,2643.0,0.1222096102913356,0.0,323.0
0.77,0.34,7468.0,0.21746116764863418,0.86328125,0.7517985611510791,0.8075399055755396,0.6431440814140332,0.7869458128078818,0.31527093596059114,0.6847290640394089,0.77,0.34,1624.0,512.0,1112.0,0.699570759984009,0.21906875073788246,0.6269819482421412,0.12479914301017676,0.21524639908539403,0.5797966588080555,512.0,1112.0,1624.0,0.21746116764863418,0.7869458128078818,4825.0,0.2648704663212435,1.0,1278.0,2643.0,0.13091184260310254,0.0,346.0
0.77,0.35,7468.0,0.23111944295661488,0.86328125,0.7438220757825371,0.8035516628912686,0.6431440814140332,0.7792584009269988,0.2966396292004635,0.7033603707995365,0.77,0.35,1726.0,512.0,1214.0,0.699570759984009,0.21906875073788246,0.6269819482421412,0.12908409212640598,0.22587092644938714,0.5714949425123599,512.0,1214.0,1726.0,0.23111944295661488,0.7792584009269988,4825.0,0.2787564766839378,1.0,1345.0,2643.0,0.1441543700340522,0.0,381.0
0.77,0.36,7468.0,0.24317086234600965,0.86328125,0.7361963190184049,0.7997387845092024,0.6431440814140332,0.7720264317180616,0.28193832599118945,0.7180616740088106,0.77,0.36,1816.0,512.0,1304.0,0.699570759984009,0.21906875073788246,0.6269819482421412,0.1322978039635779,0.23544963196237081,0.5618942907701021,512.0,1304.0,1816.0,0.24317086234600965,0.7720264317180616,4825.0,0.2905699481865285,1.0,1402.0,2643.0,0.15664018161180476,0.0,414.0
0.77,0.37,7468.0,0.256561328334226,0.86328125,0.7321937321937322,0.7977374910968661,0.6431440814140332,0.767223382045929,0.267223382045929,0.732776617954071,0.77,0.37,1916.0,512.0,1404.0,0.699570759984009,0.21906875073788246,0.6269819482421412,0.1371183717193358,0.24437978293517879,0.5610872146314417,512.0,1404.0,1916.0,0.256561328334226,0.767223382045929,4825.0,0.30466321243523314,1.0,1470.0,2643.0,0.16874763526295877,0.0,446.0
0.77,0.38,7468.0,0.27169255490091054,0.86328125,0.7297297297297297,0.7965054898648649,0.6431440814140332,0.7634302612124199,0.2523410547067521,0.747658945293248,0.77,0.38,2029.0,512.0,1517.0,0.699570759984009,0.21906875073788246,0.6269819482421412,0.14314408141403318,0.2535236413895925,0.5646182763447379,512.0,1517.0,2029.0,0.27169255490091054,0.7634302612124199,4825.0,0.3210362694300518,1.0,1549.0,2643.0,0.18161180476730987,0.0,480.0
0.77,0.39,7468.0,0.28548473486877346,0.86328125,0.7197530864197531,0.7915171682098765,0.6431440814140332,0.7542213883677298,0.2401500938086304,0.7598499061913696,0.77,0.39,2132.0,512.0,1620.0,0.699570759984009,0.21906875073788246,0.6269819482421412,0.14515265131226565,0.2648887347137547,0.5479759321177671,512.0,1620.0,2132.0,0.28548473486877346,0.7542213883677298,4825.0,0.3332642487046632,1.0,1608.0,2643.0,0.19825955353764663,0.0,524.0
0.77,0.4,7468.0,0.3040974825923942,0.86328125,0.7123365548607163,0.7878089024303582,0.6431440814140332,0.7463672391017173,0.22545134302069572,0.7745486569793043,0.77,0.4,2271.0,512.0,1759.0,0.699570759984009,0.21906875073788246,0.6269819482421412,0.1498393144081414,0.2777212344998603,0.5395313566064995,512.0,1759.0,2271.0,0.3040974825923942,0.7463672391017173,4825.0,0.35129533678756475,1.0,1695.0,2643.0,0.21793416572077184,0.0,576.0
0.77,0.41,7468.0,0.32137118371719336,0.86328125,0.7044491525423728,0.7838652012711864,0.6431440814140332,0.7383333333333333,0.21333333333333335,0.7866666666666666,0.77,0.41,2400.0,512.0,1888.0,0.699570759984009,0.21906875073788246,0.6269819482421412,0.15318693090519547,0.28998642452018153,0.5282555249221139,512.0,1888.0,2400.0,0.32137118371719336,0.7383333333333333,4825.0,0.3672538860103627,1.0,1772.0,2643.0,0.2376087779038971,0.0,628.0
0.77,0.42,7468.0,0.33891269416175684,0.86328125,0.7003467062902426,0.7818139781451213,0.6431440814140332,0.7333069932832872,0.20229158435401026,0.7977084156459897,0.77,0.42,2531.0,512.0,2019.0,0.699570759984009,0.21906875073788246,0.6269819482421412,0.15814140332083554,0.3006420553090679,0.5260122478814949,512.0,2019.0,2531.0,0.33891269416175684,0.7333069932832872,4825.0,0.38466321243523316,1.0,1856.0,2643.0,0.25539160045402953,0.0,675.0
0.77,0.43,7468.0,0.35779325120514194,0.86328125,0.6888888888888889,0.7760850694444444,0.6431440814140332,0.7223053892215568,0.19161676646706588,0.8083832335329342,0.77,0.43,2672.0,512.0,2160.0,0.699570759984009,0.21906875073788246,0.6269819482421412,0.15907873594001068,0.3152098628415133,0.5046756294551451,512.0,2160.0,2672.0,0.35779325120514194,0.7223053892215568,4825.0,0.4,1.0,1930.0,2643.0,0.28074158153613316,0.0,742.0
0.77,0.44,7468.0,0.379887520085699,0.86328125,0.6843010752688172,0.7737911626344086,0.6431440814140332,0.7166020444131125,0.18047232992597814,0.8195276700740218,0.77,0.44,2837.0,512.0,2325.0,0.699570759984009,0.21906875073788246,0.6269819482421412,0.16456882699517947,0.3281148374354012,0.5015586258807316,512.0,2325.0,2837.0,0.379887520085699,0.7166020444131125,4825.0,0.4213471502590674,1.0,2033.0,2643.0,0.30419977298524403,0.0,804.0
0.77,0.45,7468.0,0.4042581681842528,0.86328125,0.676505783805345,0.7698935169026725,0.6431440814140332,0.7081815170586286,0.1695925803246108,0.8304074196753892,0.77,0.45,3019.0,512.0,2507.0,0.699570759984009,0.21906875073788246,0.6269819482421412,0.16831815747187998,0.3434676190795668,0.4900553884029686,512.0,2507.0,3019.0,0.4042581681842528,0.7081815170586286,4825.0,0.4431088082901554,1.0,2138.0,2643.0,0.3333333333333333,0.0,881.0
0.77,0.46,7468.0,0.43371719335832887,0.86328125,0.6648331499816649,0.7640571999908324,0.6431440814140332,0.6962025316455697,0.1580734794689719,0.8419265205310281,0.77,0.46,3239.0,512.0,2727.0,0.699570759984009,0.21906875073788246,0.6269819482421412,0.17019282271023037,0.3629906132726427,0.4688628754771637,512.0,2727.0,3239.0,0.43371719335832887,0.6962025316455697,4825.0,0.46735751295336786,1.0,2255.0,2643.0,0.37230419977298523,0.0,984.0
0.77,0.47,7468.0,0.4629084092126406,0.86328125,0.6560271646859083,0.7596542073429542,0.6431440814140332,0.6867225918426382,0.14810529360717384,0.8518947063928262,0.77,0.47,3457.0,512.0,2945.0,0.699570759984009,0.21906875073788246,0.6269819482421412,0.17287091590787362,0.38081327005815263,0.4539519221099494,512.0,2945.0,3457.0,0.4629084092126406,0.6867225918426382,4825.0,0.4918134715025907,1.0,2373.0,2643.0,0.4101399924328415,0.0009225092250922509,1084.0
0.77,0.48,7468.0,0.49089448312801287,0.86328125,0.6487000634115409,0.7559906567057704,0.6431440814140332,0.6786688488816148,0.13966175668303327,0.8603382433169667,0.77,0.48,3666.0,512.0,3154.0,0.699570759984009,0.21906875073788246,0.6269819482421412,0.1754151044456347,0.3971645620409619,0.44166857069071314,512.0,3154.0,3666.0,0.49089448312801287,0.6786688488816148,4825.0,0.5158549222797928,0.9987946966653274,2489.0,2643.0,0.44532727960650775,0.0016992353440951572,1177.0
0.77,0.49,7468.0,0.5108462774504553,0.86328125,0.641537995761429,0.7524096228807144,0.6431440814140332,0.6712975098296199,0.13420707732634338,0.8657929226736566,0.77,0.49,3815.0,512.0,3303.0,0.699570759984009,0.21906875073788246,0.6269819482421412,0.17501339046598818,0.40977608945890626,0.42709517457957763,512.0,3303.0,3815.0,0.5108462774504553,0.6712975098296199,4825.0,0.5311917098445595,0.9957081545064378,2563.0,2643.0,0.47370412410139995,0.00718849840255591,1252.0
0.77,0.5,7468.0,0.5274504552758436,0.86328125,0.6381674934344909,0.7507243717172454,0.6431440814140332,0.6674282812896675,0.12998222899213,0.87001777100787,0.77,0.5,3939.0,512.0,3427.0,0.699570759984009,0.21906875073788246,0.6269819482421412,0.17662024638457421,0.41882586410778727,0.42170329370852794,512.0,3427.0,3939.0,0.5274504552758436,0.6674282812896675,4825.0,0.5465284974093264,0.9867273416761472,2637.0,2643.0,0.492622020431328,0.020737327188940093,1302.0
0.78,0.2,7468.0,0.08221746116764864,0.8689655172413793,0.8659217877094972,0.8674436524754383,0.6431440814140332,0.8680781758957655,0.7084690553745928,0.2915309446254072,0.78,0.2,614.0,435.0,179.0,0.699570759984009,0.21906875073788246,0.6269819482421412,0.06052490626673809,0.1041454629374476,0.5811573981200783,435.0,179.0,614.0,0.08221746116764864,0.8680781758957655,4825.0,0.11046632124352332,1.0,533.0,2643.0,0.03064699205448354,0.0,81.0
0.78,0.21,7468.0,0.08810926620246384,0.8689655172413793,0.852017937219731,0.8604917272305551,0.6431440814140332,0.8632218844984803,0.6610942249240122,0.33890577507598785,0.78,0.21,658.0,435.0,223.0,0.699570759984009,0.21906875073788246,0.6269819482421412,0.06400642742367435,0.10977895695166151,0.5830482380321579,435.0,223.0,658.0,0.08810926620246384,0.8632218844984803,4825.0,0.11772020725388602,1.0,568.0,2643.0,0.0340522133938706,0.0,90.0
0.78,0.22,7468.0,0.0934654525977504,0.8689655172413793,0.844106463878327,0.8565359905598531,0.6431440814140332,0.8595988538681948,0.6232091690544412,0.37679083094555876,0.78,0.22,698.0,435.0,263.0,0.699570759984009,0.21906875073788246,0.6269819482421412,0.06722013926084626,0.11455416478003785,0.5867978644854998,435.0,263.0,698.0,0.0934654525977504,0.8595988538681948,4825.0,0.12435233160621761,1.0,600.0,2643.0,0.037079076806659096,0.0,98.0
0.78,0.23,7468.0,0.09989287627209427,0.8689655172413793,0.8360128617363344,0.8524891894888569,0.6431440814140332,0.8552278820375335,0.5831099195710456,0.4168900804289544,0.78,0.23,746.0,435.0,311.0,0.699570759984009,0.21906875073788246,0.6269819482421412,0.07096946973754686,0.12025682212362715,0.5901492196807628,435.0,311.0,746.0,0.09989287627209427,0.8552278820375335,4825.0,0.1322279792746114,1.0,638.0,2643.0,0.04086265607264472,0.0,108.0
0.78,0.24,7468.0,0.10618639528655598,0.8689655172413793,0.8296089385474861,0.8492872278944327,0.6431440814140332,0.8511979823455234,0.5485498108448928,0.4514501891551072,0.78,0.24,793.0,435.0,358.0,0.699570759984009,0.21906875073788246,0.6269819482421412,0.0745848955543653,0.12570103367154678,0.5933514894495896,435.0,358.0,793.0,0.10618639528655598,0.8511979823455234,4825.0,0.13989637305699482,1.0,675.0,2643.0,0.044646235338630345,0.0,118.0
0.78,0.25,7468.0,0.11328334226031066,0.8689655172413793,0.8150851581508516,0.8420253376961154,0.6431440814140332,0.8427895981087471,0.5141843971631206,0.4858156028368794,0.78,0.25,846.0,435.0,411.0,0.699570759984009,0.21906875073788246,0.6269819482421412,0.07766470273165507,0.1334515633641202,0.5819692236931562,435.0,411.0,846.0,0.11328334226031066,0.8427895981087471,4825.0,0.14777202072538861,1.0,713.0,2643.0,0.05032160423760878,0.0,133.0
0.78,0.26,7468.0,0.120915907873594,0.8689655172413793,0.8012820512820513,0.8351237842617153,0.6431440814140332,0.8338870431893688,0.48172757475083056,0.5182724252491694,0.78,0.26,903.0,435.0,468.0,0.699570759984009,0.21906875073788246,0.6269819482421412,0.08074450990894484,0.14172402401260198,0.5697305765306601,435.0,468.0,903.0,0.120915907873594,0.8338870431893688,4825.0,0.15606217616580312,1.0,753.0,2643.0,0.056753688989784334,0.0,150.0
0.78,0.27,7468.0,0.13122656668452062,0.8689655172413793,0.7944954128440367,0.831730465042708,0.6431440814140332,0.8275510204081633,0.44387755102040816,0.5561224489795918,0.78,0.27,980.0,435.0,545.0,0.699570759984009,0.21906875073788246,0.6269819482421412,0.08596679164434924,0.15043233535409098,0.5714648479131743,435.0,545.0,980.0,0.13122656668452062,0.8275510204081633,4825.0,0.16808290155440414,1.0,811.0,2643.0,0.06394248959515701,0.0,169.0
0.78,0.28,7468.0,0.14086770219603642,0.8689655172413793,0.7909238249594813,0.8299446711004304,0.6431440814140332,0.8231939163498099,0.4134980988593156,0.5865019011406845,0.78,0.28,1052.0,435.0,617.0,0.699570759984009,0.21906875073788246,0.6269819482421412,0.09105516871987145,0.15781719405084632,0.5769660857772876,435.0,617.0,1052.0,0.14086770219603642,0.8231939163498099,4825.0,0.1794818652849741,1.0,866.0,2643.0,0.07037457434733257,0.0,186.0
0.78,0.29,7468.0,0.15184788430637386,0.8689655172413793,0.7839771101573677,0.8264713136993735,0.6431440814140332,0.8165784832451499,0.3835978835978836,0.6164021164021164,0.78,0.29,1134.0,435.0,699.0,0.699570759984009,0.21906875073788246,0.6269819482421412,0.09614354579539368,0.1668896918790675,0.576090378697935,435.0,699.0,1134.0,0.15184788430637386,0.8165784832451499,4825.0,0.19191709844559585,1.0,926.0,2643.0,0.07869844873250094,0.0,208.0
0.78,0.3,7468.0,0.1647027316550616,0.8689655172413793,0.7660377358490567,0.817501626545218,0.6431440814140332,0.802439024390244,0.35365853658536583,0.6463414634146342,0.78,0.3,1230.0,435.0,795.0,0.699570759984009,0.21906875073788246,0.6269819482421412,0.09962506695232996,0.18038523318544072,0.5522905904936952,435.0,795.0,1230.0,0.1647027316550616,0.802439024390244,4825.0,0.20455958549222797,1.0,987.0,2643.0,0.09194097616345062,0.0,243.0
0.78,0.31,7468.0,0.1743438671665774,0.8689655172413793,0.76239907727797,0.8156822972596747,0.6431440814140332,0.7980030721966206,0.33410138248847926,0.6658986175115207,0.78,0.31,1302.0,435.0,867.0,0.699570759984009,0.21906875073788246,0.6269819482421412,0.1039100160685592,0.18766173171163347,0.5537091399552381,435.0,867.0,1302.0,0.1743438671665774,0.7980030721966206,4825.0,0.21533678756476685,1.0,1039.0,2643.0,0.09950813469542187,0.0,263.0
0.78,0.32,7468.0,0.18585966791644348,0.8689655172413793,0.7586568730325288,0.813811195136954,0.6431440814140332,0.7932276657060519,0.3134005763688761,0.6865994236311239,0.78,0.32,1388.0,435.0,953.0,0.699570759984009,0.21906875073788246,0.6269819482421412,0.1089983931440814,0.19603733671467036,0.5560083347935248,435.0,953.0,1388.0,0.18585966791644348,0.7932276657060519,4825.0,0.22818652849740934,1.0,1101.0,2643.0,0.10858872493378736,0.0,287.0
0.78,0.33,7468.0,0.19643813604713445,0.8689655172413793,0.7548449612403101,0.8119052392408447,0.6431440814140332,0.7886843899113838,0.2965235173824131,0.7034764826175869,0.78,0.33,1467.0,435.0,1032.0,0.699570759984009,0.21906875073788246,0.6269819482421412,0.11341724692019284,0.20374112143470402,0.55667332211353,435.0,1032.0,1467.0,0.19643813604713445,0.7886843899113838,4825.0,0.23979274611398962,1.0,1157.0,2643.0,0.1172909572455543,0.0,310.0
0.78,0.34,7468.0,0.20715050883770755,0.8689655172413793,0.7517985611510791,0.8103820391962292,0.6431440814140332,0.7847446670976083,0.28118939883645766,0.7188106011635423,0.78,0.34,1547.0,435.0,1112.0,0.699570759984009,0.21906875073788246,0.6269819482421412,0.11797000535618639,0.21116403988548946,0.5586652226399885,435.0,1112.0,1547.0,0.20715050883770755,0.7847446670976083,4825.0,0.2516062176165803,1.0,1214.0,2643.0,0.12599318955732122,0.0,333.0
0.78,0.35,7468.0,0.22080878414568827,0.8689655172413793,0.7438220757825371,0.8063937965119582,0.6431440814140332,0.7768344451182535,0.26379624014554276,0.7362037598544573,0.78,0.35,1649.0,435.0,1214.0,0.699570759984009,0.21906875073788246,0.6269819482421412,0.12225495447241565,0.22198404185129236,0.550737582093016,435.0,1214.0,1649.0,0.22080878414568827,0.7768344451182535,4825.0,0.26549222797927463,1.0,1281.0,2643.0,0.1392357169882709,0.0,368.0
0.78,0.36,7468.0,0.23286020353508302,0.8689655172413793,0.7361963190184049,0.8025809181298921,0.6431440814140332,0.7694077055779184,0.25014376078205863,0.7498562392179413,0.78,0.36,1739.0,435.0,1304.0,0.699570759984009,0.21906875073788246,0.6269819482421412,0.12546866630958758,0.23172347445338315,0.5414585924259853,435.0,1304.0,1739.0,0.23286020353508302,0.7694077055779184,4825.0,0.2773056994818653,1.0,1338.0,2643.0,0.15172152856602344,0.0,401.0
0.78,0.37,7468.0,0.2462506695232994,0.8689655172413793,0.7321937321937322,0.8005796247175557,0.6431440814140332,0.7645459488852637,0.2365415986949429,0.763458401305057,0.78,0.37,1839.0,435.0,1404.0,0.699570759984009,0.21906875073788246,0.6269819482421412,0.13028923406534548,0.2407918556118063,0.541086548522604,435.0,1404.0,1839.0,0.2462506695232994,0.7645459488852637,4825.0,0.29139896373056995,1.0,1406.0,2643.0,0.16382898221717745,0.0,433.0
0.78,0.38,7468.0,0.2613818960899839,0.8689655172413793,0.7297297297297297,0.7993476234855545,0.6431440814140332,0.7607581967213115,0.2228483606557377,0.7771516393442623,0.78,0.38,1952.0,435.0,1517.0,0.699570759984009,0.21906875073788246,0.6269819482421412,0.13631494376004286,0.25006694336711227,0.545113808025097,435.0,1517.0,1952.0,0.2613818960899839,0.7607581967213115,4825.0,0.3077720207253886,1.0,1485.0,2643.0,0.17669315172152858,0.0,467.0
0.78,0.39,7468.0,0.27517407605784683,0.8689655172413793,0.7197530864197531,0.7943593018305661,0.6431440814140332,0.751338199513382,0.2116788321167883,0.7883211678832117,0.78,0.39,2055.0,435.0,1620.0,0.699570759984009,0.21906875073788246,0.6269819482421412,0.1383235136582753,0.261582264688923,0.5287954587547111,435.0,1620.0,2055.0,0.27517407605784683,0.751338199513382,4825.0,0.32,1.0,1544.0,2643.0,0.1933409004918653,0.0,511.0
0.78,0.4,7468.0,0.2937868237814676,0.8689655172413793,0.7123365548607163,0.7906510360510478,0.6431440814140332,0.7433910665451231,0.19826800364630812,0.8017319963536919,0.78,0.4,2194.0,435.0,1759.0,0.699570759984009,0.21906875073788246,0.6269819482421412,0.14301017675415106,0.27456934190411403,0.5208526770046072,435.0,1759.0,2194.0,0.2937868237814676,0.7433910665451231,4825.0,0.33803108808290155,1.0,1631.0,2643.0,0.21301551267499055,0.0,563.0
0.78,0.41,7468.0,0.31106052490626673,0.8689655172413793,0.7044491525423728,0.786707334891876,0.6431440814140332,0.7352561343090831,0.18725785622040464,0.8127421437795953,0.78,0.41,2323.0,435.0,1888.0,0.699570759984009,0.21906875073788246,0.6269819482421412,0.14635779325120515,0.2869692768007244,0.5100120642978729,435.0,1888.0,2323.0,0.31106052490626673,0.7352561343090831,4825.0,0.3539896373056995,1.0,1708.0,2643.0,0.23269012485811577,0.0,615.0
0.78,0.42,7468.0,0.3286020353508302,0.8689655172413793,0.7003467062902426,0.784656111765811,0.6431440814140332,0.7302363488182559,0.17726161369193155,0.8227383863080685,0.78,0.42,2454.0,435.0,2019.0,0.699570759984009,0.21906875073788246,0.6269819482421412,0.15131226566684522,0.29773290856402235,0.5082147835005216,435.0,2019.0,2454.0,0.3286020353508302,0.7302363488182559,4825.0,0.37139896373056996,1.0,1792.0,2643.0,0.2504729474082482,0.0,662.0
0.78,0.43,7468.0,0.3474825923942153,0.8689655172413793,0.6888888888888889,0.7789272030651341,0.6431440814140332,0.7190751445086705,0.1676300578034682,0.8323699421965318,0.78,0.43,2595.0,435.0,2160.0,0.699570759984009,0.21906875073788246,0.6269819482421412,0.15224959828602033,0.31243638881234287,0.48729790683077334,435.0,2160.0,2595.0,0.3474825923942153,0.7190751445086705,4825.0,0.38673575129533677,1.0,1866.0,2643.0,0.2758229284903519,0.0,729.0
0.78,0.44,7468.0,0.36957686127477235,0.8689655172413793,0.6843010752688172,0.7766332962550982,0.6431440814140332,0.7134057971014492,0.15760869565217392,0.842391304347826,0.78,0.44,2760.0,435.0,2325.0,0.699570759984009,0.21906875073788246,0.6269819482421412,0.15773968934118904,0.32545135729751024,0.484679771044838,435.0,2325.0,2760.0,0.36957686127477235,0.7134057971014492,4825.0,0.40808290155440413,1.0,1969.0,2643.0,0.2992811199394627,0.0,791.0
0.78,0.45,7468.0,0.3939475093733262,0.8689655172413793,0.676505783805345,0.7727356505233621,0.6431440814140332,0.7049626104690686,0.1478585995921142,0.8521414004078858,0.78,0.45,2942.0,435.0,2507.0,0.699570759984009,0.21906875073788246,0.6269819482421412,0.1614890198178896,0.3409241041312836,0.4736802644957693,435.0,2507.0,2942.0,0.3939475093733262,0.7049626104690686,4825.0,0.4298445595854922,1.0,2074.0,2643.0,0.328414680287552,0.0,868.0
0.78,0.46,7468.0,0.42340653454740224,0.8689655172413793,0.6648331499816649,0.7668993336115221,0.6431440814140332,0.6929158760278304,0.13757115749525617,0.8624288425047438,0.78,0.46,3162.0,435.0,2727.0,0.699570759984009,0.21906875073788246,0.6269819482421412,0.1633636850562399,0.36058483709881806,0.45305200953713476,435.0,2727.0,3162.0,0.42340653454740224,0.6929158760278304,4825.0,0.45409326424870466,1.0,2191.0,2643.0,0.3673855467272039,0.0,971.0
0.78,0.47,7468.0,0.45259775040171396,0.8689655172413793,0.6560271646859083,0.7624963409636438,0.6431440814140332,0.6834319526627219,0.128698224852071,0.871301775147929,0.78,0.47,3380.0,435.0,2945.0,0.699570759984009,0.21906875073788246,0.6269819482421412,0.16604177825388328,0.37852078684520796,0.43865960344678323,435.0,2945.0,3380.0,0.45259775040171396,0.6834319526627219,4825.0,0.47854922279792744,1.0,2309.0,2643.0,0.4052213393870602,0.0009337068160597573,1071.0
0.78,0.48,7468.0,0.48058382431708624,0.8689655172413793,0.6487000634115409,0.75883279032646,0.6431440814140332,0.6753970465310671,0.12120367790470883,0.8787963220952911,0.78,0.48,3589.0,435.0,3154.0,0.699570759984009,0.21906875073788246,0.6269819482421412,0.16858596679164434,0.3949669970550969,0.42683557879173134,435.0,3154.0,3589.0,0.48058382431708624,0.6753970465310671,4825.0,0.5025906735751295,0.9987628865979381,2425.0,2643.0,0.44040862656072643,0.001718213058419244,1164.0
0.78,0.49,7468.0,0.5005356186395287,0.8689655172413793,0.641537995761429,0.7552517565014041,0.6431440814140332,0.668004280363831,0.11637239165329052,0.8836276083467095,0.78,0.49,3738.0,435.0,3303.0,0.699570759984009,0.21906875073788246,0.6269819482421412,0.16818425281199792,0.4076465171122714,0.41257375140452307,435.0,3303.0,3738.0,0.5005356186395287,0.668004280363831,4825.0,0.5179274611398964,0.9955982392957183,2499.0,2643.0,0.46878547105561863,0.007263922518159807,1239.0
0.78,0.5,7468.0,0.517139796464917,0.8689655172413793,0.6381674934344909,0.753566505337935,0.6431440814140332,0.6641636457793889,0.11263593992749871,0.8873640600725013,0.78,0.5,3862.0,435.0,3427.0,0.699570759984009,0.21906875073788246,0.6269819482421412,0.16979110873058384,0.41674253906598807,0.4074244715001333,435.0,3427.0,3862.0,0.517139796464917,0.6641636457793889,4825.0,0.5332642487046632,0.9863972017100661,2573.0,2643.0,0.4877033673855467,0.02094647013188518,1289.0
0.79,0.2,7468.0,0.07029994643813604,0.8959537572254336,0.8659217877094972,0.8809377724674654,0.6431440814140332,0.8857142857142857,0.659047619047619,0.34095238095238095,0.79,0.2,525.0,346.0,179.0,0.699570759984009,0.21906875073788246,0.6269819482421412,0.05423138725227637,0.08963414300884365,0.6050304653096945,346.0,179.0,525.0,0.07029994643813604,0.8857142857142857,4825.0,0.09637305699481866,1.0,465.0,2643.0,0.022701475595913734,0.0,60.0
0.79,0.21,7468.0,0.07619175147295126,0.8959537572254336,0.852017937219731,0.8739858472225823,0.6431440814140332,0.8787346221441125,0.6080843585237259,0.39191564147627417,0.79,0.21,569.0,346.0,223.0,0.699570759984009,0.21906875073788246,0.6269819482421412,0.05771290840921264,0.0961219097389836,0.6004136680797381,346.0,223.0,569.0,0.07619175147295126,0.8787346221441125,4825.0,0.10362694300518134,1.0,500.0,2643.0,0.026106696935300794,0.0,69.0
0.79,0.22,7468.0,0.08154793786823782,0.8959537572254336,0.844106463878327,0.8700301105518803,0.6431440814140332,0.8735632183908046,0.5681444991789819,0.4318555008210181,0.79,0.22,609.0,346.0,263.0,0.699570759984009,0.21906875073788246,0.6269819482421412,0.06092662024638458,0.1015414142649521,0.6000174479292626,346.0,263.0,609.0,0.08154793786823782,0.8735632183908046,4825.0,0.11025906735751295,1.0,532.0,2643.0,0.029133560348089293,0.0,77.0
0.79,0.23,7468.0,0.08797536154258168,0.8959537572254336,0.8360128617363344,0.865983309480884,0.6431440814140332,0.867579908675799,0.5266362252663622,0.4733637747336377,0.79,0.23,657.0,346.0,311.0,0.699570759984009,0.21906875073788246,0.6269819482421412,0.06467595072308516,0.10793380105299852,0.5992186886045777,346.0,311.0,657.0,0.08797536154258168,0.867579908675799,4825.0,0.11813471502590674,1.0,570.0,2643.0,0.032917139614074914,0.0,87.0
0.79,0.24,7468.0,0.09426888055704338,0.8959537572254336,0.8296089385474861,0.8627813478864599,0.6431440814140332,0.8622159090909091,0.4914772727272727,0.5085227272727273,0.79,0.24,704.0,346.0,358.0,0.699570759984009,0.21906875073788246,0.6269819482421412,0.06829137653990358,0.1139682061303498,0.5992142796544162,346.0,358.0,704.0,0.09426888055704338,0.8622159090909091,4825.0,0.12580310880829015,1.0,607.0,2643.0,0.03670071888006054,0.0,97.0
0.79,0.25,7468.0,0.10136582753079808,0.8959537572254336,0.8150851581508516,0.8555194576881426,0.6431440814140332,0.8520475561426685,0.4570673712021136,0.5429326287978864,0.79,0.25,757.0,346.0,411.0,0.699570759984009,0.21906875073788246,0.6269819482421412,0.07137118371719336,0.12246355338141365,0.5827953031454778,346.0,411.0,757.0,0.10136582753079808,0.8520475561426685,4825.0,0.13367875647668392,1.0,645.0,2643.0,0.04237608777903897,0.0,112.0
0.79,0.26,7468.0,0.10899839314408141,0.8959537572254336,0.8012820512820513,0.8486179042537425,0.6431440814140332,0.8415233415233415,0.4250614250614251,0.5749385749385749,0.79,0.26,814.0,346.0,468.0,0.699570759984009,0.21906875073788246,0.6269819482421412,0.07445099089448312,0.1314294530339343,0.5664711309059494,346.0,468.0,814.0,0.10899839314408141,0.8415233415233415,4825.0,0.14196891191709846,1.0,685.0,2643.0,0.04880817253121453,0.0,129.0
0.79,0.27,7468.0,0.11930905195500803,0.8959537572254336,0.7944954128440367,0.8452245850347351,0.6431440814140332,0.8338945005611672,0.388327721661055,0.611672278338945,0.79,0.27,891.0,346.0,545.0,0.699570759984009,0.21906875073788246,0.6269819482421412,0.0796732726298875,0.14077602659032631,0.5659576744678657,346.0,545.0,891.0,0.11930905195500803,0.8338945005611672,4825.0,0.15398963730569948,1.0,743.0,2643.0,0.05599697313658721,0.0,148.0
0.79,0.28,7468.0,0.12895018746652384,0.8959537572254336,0.7909238249594813,0.8434387910924575,0.6431440814140332,0.8286604361370716,0.3592938733125649,0.6407061266874351,0.79,0.28,963.0,346.0,617.0,0.699570759984009,0.21906875073788246,0.6269819482421412,0.08476164970540975,0.14864141038269602,0.5702425016499791,346.0,617.0,963.0,0.12895018746652384,0.8286604361370716,4825.0,0.16538860103626943,1.0,798.0,2643.0,0.06242905788876277,0.0,165.0
0.79,0.29,7468.0,0.13993036957686128,0.8959537572254336,0.7839771101573677,0.8399654336914006,0.6431440814140332,0.8210526315789474,0.3311004784688995,0.6688995215311004,0.79,0.29,1045.0,346.0,699.0,0.699570759984009,0.21906875073788246,0.6269819482421412,0.08985002678093199,0.15824086513276098,0.5678054572410836,346.0,699.0,1045.0,0.13993036957686128,0.8210526315789474,4825.0,0.17782383419689118,1.0,858.0,2643.0,0.07075293227393113,0.0,187.0
0.79,0.3,7468.0,0.152785216925549,0.8959537572254336,0.7660377358490567,0.8309957465372451,0.6431440814140332,0.8054338299737073,0.3032427695004382,0.6967572304995618,0.79,0.3,1141.0,346.0,795.0,0.699570759984009,0.21906875073788246,0.6269819482421412,0.09333154793786823,0.1724147165813881,0.5413200786361599,346.0,795.0,1141.0,0.152785216925549,0.8054338299737073,4825.0,0.1904663212435233,1.0,919.0,2643.0,0.08399545970488081,0.0,222.0
0.79,0.31,7468.0,0.1624263524370648,0.8959537572254336,0.76239907727797,0.8291764172517018,0.6431440814140332,0.8004946413849959,0.2852431986809563,0.7147568013190437,0.79,0.31,1213.0,346.0,867.0,0.699570759984009,0.21906875073788246,0.6269819482421412,0.09761649705409749,0.18001368751148802,0.5422726371730363,346.0,867.0,1213.0,0.1624263524370648,0.8004946413849959,4825.0,0.20124352331606218,1.0,971.0,2643.0,0.09156261823685206,0.0,242.0
0.79,0.32,7468.0,0.1739421531869309,0.8959537572254336,0.7586568730325288,0.8273053151289812,0.6431440814140332,0.7952270977675134,0.2663587374903772,0.7336412625096228,0.79,0.32,1299.0,346.0,953.0,0.699570759984009,0.21906875073788246,0.6269819482421412,0.10270487412961969,0.18872901082943133,0.5441922981435103,346.0,953.0,1299.0,0.1739421531869309,0.7952270977675134,4825.0,0.21409326424870467,1.0,1033.0,2643.0,0.10064320847521756,0.0,266.0
0.79,0.33,7468.0,0.18452062131762184,0.8959537572254336,0.7548449612403101,0.8253993592328719,0.6431440814140332,0.7902757619738752,0.251088534107402,0.7489114658925979,0.79,0.33,1378.0,346.0,1032.0,0.699570759984009,0.21906875073788246,0.6269819482421412,0.1071237279057311,0.1967192077707344,0.5445514401958045,346.0,1032.0,1378.0,0.18452062131762184,0.7902757619738752,4825.0,0.22569948186528496,1.0,1089.0,2643.0,0.1093454407869845,0.0,289.0
0.79,0.34,7468.0,0.19523299410819497,0.8959537572254336,0.7517985611510791,0.8238761591882564,0.6431440814140332,0.7860082304526749,0.23731138545953362,0.7626886145404664,0.79,0.34,1458.0,346.0,1112.0,0.699570759984009,0.21906875073788246,0.6269819482421412,0.11167648634172468,0.20439729421701047,0.5463696903108548,346.0,1112.0,1458.0,0.19523299410819497,0.7860082304526749,4825.0,0.23751295336787565,1.0,1146.0,2643.0,0.11804767309875142,0.0,312.0
0.79,0.35,7468.0,0.2088912694161757,0.8959537572254336,0.7438220757825371,0.8198879165039854,0.6431440814140332,0.7775641025641026,0.22179487179487178,0.7782051282051282,0.79,0.35,1560.0,346.0,1214.0,0.699570759984009,0.21906875073788246,0.6269819482421412,0.11596143545795395,0.21555722437234823,0.5379612573673014,346.0,1214.0,1560.0,0.2088912694161757,0.7775641025641026,4825.0,0.25139896373056997,1.0,1213.0,2643.0,0.13129020052970108,0.0,347.0
0.79,0.36,7468.0,0.22094268880557044,0.8959537572254336,0.7361963190184049,0.8160750381219193,0.6431440814140332,0.7696969696969697,0.2096969696969697,0.7903030303030303,0.79,0.36,1650.0,346.0,1304.0,0.699570759984009,0.21906875073788246,0.6269819482421412,0.11917514729512586,0.2255743131547169,0.5283187860728895,346.0,1304.0,1650.0,0.22094268880557044,0.7696969696969697,4825.0,0.2632124352331606,1.0,1270.0,2643.0,0.14377601210745364,0.0,380.0
0.79,0.37,7468.0,0.23433315479378683,0.8959537572254336,0.7321937321937322,0.8140737447095829,0.6431440814140332,0.7645714285714286,0.1977142857142857,0.8022857142857143,0.79,0.37,1750.0,346.0,1404.0,0.699570759984009,0.21906875073788246,0.6269819482421412,0.12399571505088378,0.2348802245218859,0.5279104075419085,346.0,1404.0,1750.0,0.23433315479378683,0.7645714285714286,4825.0,0.2773056994818653,1.0,1338.0,2643.0,0.15588346575860765,0.0,412.0
0.79,0.38,7468.0,0.24946438136047133,0.8959537572254336,0.7297297297297297,0.8128417434775816,0.6431440814140332,0.760601180891036,0.18572195383789586,0.8142780461621041,0.79,0.38,1863.0,346.0,1517.0,0.699570759984009,0.21906875073788246,0.6269819482421412,0.13002142474558118,0.24437978293517876,0.5320465677804006,346.0,1517.0,1863.0,0.24946438136047133,0.760601180891036,4825.0,0.29367875647668396,1.0,1417.0,2643.0,0.16874763526295877,0.0,446.0
0.79,0.39,7468.0,0.26325656132833425,0.8959537572254336,0.7197530864197531,0.8078534218225933,0.6431440814140332,0.7507629704984741,0.17599186164801628,0.8240081383519837,0.79,0.39,1966.0,346.0,1620.0,0.699570759984009,0.21906875073788246,0.6269819482421412,0.13202999464381363,0.2561508995538769,0.5154383407349441,346.0,1620.0,1966.0,0.26325656132833425,0.7507629704984741,4825.0,0.30590673575129534,1.0,1476.0,2643.0,0.1853953840332955,0.0,490.0
0.79,0.4,7468.0,0.281869309051955,0.8959537572254336,0.7123365548607163,0.804145156043075,0.6431440814140332,0.7425178147268409,0.1643705463182898,0.8356294536817103,0.79,0.4,2105.0,346.0,1759.0,0.699570759984009,0.21906875073788246,0.6269819482421412,0.13671665773968936,0.2693999362585909,0.5074858577860172,346.0,1759.0,2105.0,0.281869309051955,0.7425178147268409,4825.0,0.3239378238341969,1.0,1563.0,2643.0,0.20506999621642075,0.0,542.0
0.79,0.41,7468.0,0.29914301017675415,0.8959537572254336,0.7044491525423728,0.8002014548839032,0.6431440814140332,0.7341092211280215,0.1548791405550582,0.8451208594449419,0.79,0.41,2234.0,346.0,1888.0,0.699570759984009,0.21906875073788246,0.6269819482421412,0.14006427423674342,0.2820272468574719,0.4966338387422819,346.0,1888.0,2234.0,0.29914301017675415,0.7341092211280215,4825.0,0.3398963730569948,1.0,1640.0,2643.0,0.22474460839954596,0.0,594.0
0.79,0.42,7468.0,0.31668452062131763,0.8959537572254336,0.7003467062902426,0.7981502317578382,0.6431440814140332,0.7289640591966173,0.1463002114164905,0.8536997885835095,0.79,0.42,2365.0,346.0,2019.0,0.699570759984009,0.21906875073788246,0.6269819482421412,0.1450187466523835,0.2929725020961303,0.4949909824806694,346.0,2019.0,2365.0,0.31668452062131763,0.7289640591966173,4825.0,0.3573056994818653,1.0,1724.0,2643.0,0.2425274309496784,0.0,641.0
0.79,0.43,7468.0,0.3355650776647027,0.8959537572254336,0.6888888888888889,0.7924213230571613,0.6431440814140332,0.7174780526735834,0.1380686352753392,0.8619313647246608,0.79,0.43,2506.0,346.0,2160.0,0.699570759984009,0.21906875073788246,0.6269819482421412,0.14595607927155868,0.3079033926356967,0.4740320592837706,346.0,2160.0,2506.0,0.3355650776647027,0.7174780526735834,4825.0,0.3726424870466321,1.0,1798.0,2643.0,0.26787741203178206,0.0,708.0
0.79,0.44,7468.0,0.35765934654525977,0.8959537572254336,0.6843010752688172,0.7901274162471255,0.6431440814140332,0.7117184575065518,0.12953949831523773,0.8704605016847623,0.79,0.44,2671.0,346.0,2325.0,0.699570759984009,0.21906875073788246,0.6269819482421412,0.15144617032672736,0.32110214591196085,0.47164484029406195,346.0,2325.0,2671.0,0.35765934654525977,0.7117184575065518,4825.0,0.39398963730569947,1.0,1901.0,2643.0,0.29133560348089294,0.0,770.0
0.79,0.45,7468.0,0.3820299946438136,0.8959537572254336,0.676505783805345,0.7862297705153893,0.6431440814140332,0.7031195233087978,0.12127584998247459,0.8787241500175255,0.79,0.45,2853.0,346.0,2507.0,0.699570759984009,0.21906875073788246,0.6269819482421412,0.15519550080342798,0.3367747717988876,0.4608287609385015,346.0,2507.0,2853.0,0.3820299946438136,0.7031195233087978,4825.0,0.41575129533678756,1.0,2006.0,2643.0,0.3204691638289822,0.0,847.0
0.79,0.46,7468.0,0.41148901981788966,0.8959537572254336,0.6648331499816649,0.7803934536035493,0.6431440814140332,0.6908558411975269,0.11259355678490075,0.8874064432150992,0.79,0.46,3073.0,346.0,2727.0,0.699570759984009,0.21906875073788246,0.6269819482421412,0.15707016604177826,0.3566643055984937,0.44038655838635066,346.0,2727.0,3073.0,0.41148901981788966,0.6908558411975269,4825.0,0.44,1.0,2123.0,2643.0,0.35944003026863414,0.0,950.0
0.79,0.47,7468.0,0.4406802356722014,0.8959537572254336,0.6560271646859083,0.7759904609556709,0.6431440814140332,0.6812518991188089,0.10513521725919174,0.8948647827408083,0.79,0.47,3291.0,346.0,2945.0,0.699570759984009,0.21906875073788246,0.6269819482421412,0.15974825923942154,0.3747879243203947,0.4262364096417836,346.0,2945.0,3291.0,0.4406802356722014,0.6812518991188089,4825.0,0.4644559585492228,1.0,2241.0,2643.0,0.39727582292849034,0.0009523809523809524,1050.0
0.79,0.48,7468.0,0.46866630958757366,0.8959537572254336,0.6487000634115409,0.7723269103184872,0.6431440814140332,0.6731428571428572,0.09885714285714285,0.9011428571428571,0.79,0.48,3500.0,346.0,3154.0,0.699570759984009,0.21906875073788246,0.6269819482421412,0.16229244777718266,0.39139102047082724,0.41465552168762465,346.0,3154.0,3500.0,0.46866630958757366,0.6731428571428572,4825.0,0.4884974093264249,0.9987271955876114,2357.0,2643.0,0.43246311010215666,0.0017497812773403325,1143.0
0.79,0.49,7468.0,0.4886181039100161,0.8959537572254336,0.641537995761429,0.7687458764934313,0.6431440814140332,0.6656618251575774,0.09482049876678542,0.9051795012332146,0.79,0.49,3649.0,346.0,3303.0,0.699570759984009,0.21906875073788246,0.6269819482421412,0.16189073379753618,0.40418273720712017,0.40053846662574455,346.0,3303.0,3649.0,0.4886181039100161,0.6656618251575774,4825.0,0.5038341968911917,0.995475113122172,2431.0,2643.0,0.4608399545970488,0.007389162561576354,1218.0
0.79,0.5,7468.0,0.5052222817354044,0.8959537572254336,0.6381674934344909,0.7670606253299622,0.6431440814140332,0.6618075801749271,0.09170421415319374,0.9082957858468063,0.79,0.5,3773.0,346.0,3427.0,0.699570759984009,0.21906875073788246,0.6269819482421412,0.16349758971612213,0.4133549878852814,0.3955379625453986,346.0,3427.0,3773.0,0.5052222817354044,0.6618075801749271,4825.0,0.5191709844559586,0.9860279441117764,2505.0,2643.0,0.4797578509269769,0.021293375394321766,1268.0
0.8,0.2,7468.0,0.06280128548473488,0.896551724137931,0.8659217877094972,0.8812367559237142,0.6431440814140332,0.8848614072494669,0.6183368869936035,0.3816631130063966,0.8,0.2,469.0,290.0,179.0,0.699570759984009,0.21906875073788246,0.6269819482421412,0.04833958221746117,0.0850344144075612,0.5684708074283258,290.0,179.0,469.0,0.06280128548473488,0.8848614072494669,4825.0,0.08601036269430051,1.0,415.0,2643.0,0.02043132803632236,0.0,54.0
0.8,0.21,7468.0,0.06869309051955008,0.896551724137931,0.852017937219731,0.874284830678831,0.6431440814140332,0.8771929824561403,0.5653021442495126,0.4346978557504873,0.8,0.21,513.0,290.0,223.0,0.699570759984009,0.21906875073788246,0.6269819482421412,0.05182110337439742,0.09184766503606027,0.5642070852215129,290.0,223.0,513.0,0.06869309051955008,0.8771929824561403,4825.0,0.09326424870466321,1.0,450.0,2643.0,0.02383654937570942,0.0,63.0
0.8,0.22,7468.0,0.07404927691483663,0.896551724137931,0.844106463878327,0.870329094008129,0.6431440814140332,0.8716094032549728,0.5244122965641953,0.4755877034358047,0.8,0.22,553.0,290.0,263.0,0.699570759984009,0.21906875073788246,0.6269819482421412,0.05503481521156935,0.0975050298786357,0.5644305250721021,290.0,263.0,553.0,0.07404927691483663,0.8716094032549728,4825.0,0.09989637305699482,1.0,482.0,2643.0,0.02686341278849792,0.0,71.0
0.8,0.23,7468.0,0.08047670058918051,0.896551724137931,0.8360128617363344,0.8662822929371328,0.6431440814140332,0.8652246256239601,0.4825291181364393,0.5174708818635607,0.8,0.23,601.0,290.0,311.0,0.699570759984009,0.21906875073788246,0.6269819482421412,0.05878414568826996,0.10414546293744761,0.5644426941918458,290.0,311.0,601.0,0.08047670058918051,0.8652246256239601,4825.0,0.1077720207253886,1.0,520.0,2643.0,0.03064699205448354,0.0,81.0
0.8,0.24,7468.0,0.0867702196036422,0.896551724137931,0.8296089385474861,0.8630803313427086,0.6431440814140332,0.8595679012345679,0.44753086419753085,0.5524691358024691,0.8,0.24,648.0,290.0,358.0,0.699570759984009,0.21906875073788246,0.6269819482421412,0.06239957150508838,0.11038715527305208,0.5652792786510142,290.0,358.0,648.0,0.0867702196036422,0.8595679012345679,4825.0,0.11544041450777202,1.0,557.0,2643.0,0.034430571320469165,0.0,91.0
0.8,0.25,7468.0,0.0938671665773969,0.896551724137931,0.8150851581508516,0.8558184411443913,0.6431440814140332,0.8487874465049928,0.4136947218259629,0.5863052781740371,0.8,0.25,701.0,290.0,411.0,0.699570759984009,0.21906875073788246,0.6269819482421412,0.06547937868237814,0.11913812969620338,0.549608919070221,290.0,411.0,701.0,0.0938671665773969,0.8487874465049928,4825.0,0.12331606217616581,1.0,595.0,2643.0,0.0401059402194476,0.0,106.0
0.8,0.26,7468.0,0.10149973219068023,0.896551724137931,0.8012820512820513,0.8489168877099912,0.6431440814140332,0.837730870712401,0.38258575197889183,0.6174142480211082,0.8,0.26,758.0,290.0,468.0,0.699570759984009,0.21906875073788246,0.6269819482421412,0.06855918585966791,0.12833656207607463,0.534213981975205,290.0,468.0,758.0,0.10149973219068023,0.837730870712401,4825.0,0.1316062176165803,1.0,635.0,2643.0,0.046538024971623154,0.0,123.0
0.8,0.27,7468.0,0.11181039100160686,0.896551724137931,0.7944954128440367,0.8455235684909839,0.6431440814140332,0.829940119760479,0.3473053892215569,0.6526946107784432,0.8,0.27,835.0,290.0,545.0,0.699570759984009,0.21906875073788246,0.6269819482421412,0.0737814675950723,0.13789293565396046,0.5350634334178322,290.0,545.0,835.0,0.11181039100160686,0.829940119760479,4825.0,0.14362694300518133,1.0,693.0,2643.0,0.05372682557699584,0.0,142.0
0.8,0.28,7468.0,0.12145152651312266,0.896551724137931,0.7909238249594813,0.8437377745487062,0.6431440814140332,0.824696802646086,0.3197353914002205,0.6802646085997794,0.8,0.28,907.0,290.0,617.0,0.699570759984009,0.21906875073788246,0.6269819482421412,0.07886984467059455,0.14591381333261103,0.5405234971881001,290.0,617.0,907.0,0.12145152651312266,0.824696802646086,4825.0,0.15502590673575128,1.0,748.0,2643.0,0.060158910329171394,0.0,159.0
0.8,0.29,7468.0,0.1324317086234601,0.896551724137931,0.7839771101573677,0.8402644171476494,0.6431440814140332,0.8169868554095046,0.29322548028311424,0.7067745197168858,0.8,0.29,989.0,290.0,699.0,0.699570759984009,0.21906875073788246,0.6269819482421412,0.08395822174611677,0.15568154495209657,0.5392946336185886,290.0,699.0,989.0,0.1324317086234601,0.8169868554095046,4825.0,0.16746113989637307,1.0,808.0,2643.0,0.06848278471433976,0.0,181.0
0.8,0.3,7468.0,0.14528655597214782,0.896551724137931,0.7660377358490567,0.8312947299934939,0.6431440814140332,0.8009216589861751,0.2672811059907834,0.7327188940092166,0.8,0.3,1085.0,290.0,795.0,0.699570759984009,0.21906875073788246,0.6269819482421412,0.08743974290305301,0.1700688288151224,0.5141432648901615,290.0,795.0,1085.0,0.14528655597214782,0.8009216589861751,4825.0,0.1801036269430052,1.0,869.0,2643.0,0.08172531214528944,0.0,216.0
0.8,0.31,7468.0,0.15492769148366364,0.896551724137931,0.76239907727797,0.8294754007079506,0.6431440814140332,0.7960242005185826,0.25064822817631804,0.749351771823682,0.8,0.31,1157.0,290.0,867.0,0.699570759984009,0.21906875073788246,0.6269819482421412,0.0917246920192823,0.17776810662261855,0.5159794620190413,290.0,867.0,1157.0,0.15492769148366364,0.7960242005185826,4825.0,0.19088082901554404,1.0,921.0,2643.0,0.08929247067726069,0.0,236.0
0.8,0.32,7468.0,0.16644349223352972,0.896551724137931,0.7586568730325288,0.8276042985852299,0.6431440814140332,0.7908286403861625,0.2333065164923572,0.7666934835076428,0.8,0.32,1243.0,290.0,953.0,0.699570759984009,0.21906875073788246,0.6269819482421412,0.0968130690948045,0.18658834789279477,0.5188591366403486,290.0,953.0,1243.0,0.16644349223352972,0.7908286403861625,4825.0,0.20373056994818653,1.0,983.0,2643.0,0.09837306091562618,0.0,260.0
0.8,0.33,7468.0,0.1770219603642207,0.896551724137931,0.7548449612403101,0.8256983426891206,0.6431440814140332,0.7859304084720121,0.21936459909228442,0.7806354009077155,0.8,0.33,1322.0,290.0,1032.0,0.699570759984009,0.21906875073788246,0.6269819482421412,0.10123192287091592,0.1946664294290425,0.520027634799845,290.0,1032.0,1322.0,0.1770219603642207,0.7859304084720121,4825.0,0.21533678756476685,1.0,1039.0,2643.0,0.10707529322739312,0.0,283.0
0.8,0.34,7468.0,0.1877343331547938,0.896551724137931,0.7517985611510791,0.8241751426445051,0.6431440814140332,0.7817403708987162,0.20684736091298145,0.7931526390870185,0.8,0.34,1402.0,290.0,1112.0,0.699570759984009,0.21906875073788246,0.6269819482421412,0.1057846813069095,0.20242239481821706,0.5225937643999723,290.0,1112.0,1402.0,0.1877343331547938,0.7817403708987162,4825.0,0.2271502590673575,1.0,1096.0,2643.0,0.11577752553916004,0.0,306.0
0.8,0.35,7468.0,0.20139260846277451,0.896551724137931,0.7438220757825371,0.8201868999602341,0.6431440814140332,0.7732712765957447,0.19281914893617022,0.8071808510638298,0.8,0.35,1504.0,290.0,1214.0,0.699570759984009,0.21906875073788246,0.6269819482421412,0.11006963042313873,0.2136854908968269,0.5151010953583335,290.0,1214.0,1504.0,0.20139260846277451,0.7732712765957447,4825.0,0.24103626943005182,1.0,1163.0,2643.0,0.1290200529701097,0.0,341.0
0.8,0.36,7468.0,0.21344402785216926,0.896551724137931,0.7361963190184049,0.816374021578168,0.6431440814140332,0.7653701380175659,0.18193224592220827,0.8180677540777918,0.8,0.36,1594.0,290.0,1304.0,0.699570759984009,0.21906875073788246,0.6269819482421412,0.11328334226031068,0.22378637759240236,0.5062119664255949,290.0,1304.0,1594.0,0.21344402785216926,0.7653701380175659,4825.0,0.2528497409326425,1.0,1220.0,2643.0,0.14150586454786226,0.0,374.0
0.8,0.37,7468.0,0.22683449384038565,0.896551724137931,0.7321937321937322,0.8143727281658316,0.6431440814140332,0.7603305785123967,0.17119244391971664,0.8288075560802833,0.8,0.37,1694.0,290.0,1404.0,0.699570759984009,0.21906875073788246,0.6269819482421412,0.11810391001606857,0.23316365907267483,0.5065279490199488,290.0,1404.0,1694.0,0.22683449384038565,0.7603305785123967,4825.0,0.26694300518134717,1.0,1288.0,2643.0,0.15361331819901627,0.0,406.0
0.8,0.38,7468.0,0.24196572040707018,0.896551724137931,0.7297297297297297,0.8131407269338304,0.6431440814140332,0.7565024903154399,0.1604869950193691,0.8395130049806309,0.8,0.38,1807.0,290.0,1517.0,0.699570759984009,0.21906875073788246,0.6269819482421412,0.12412961971076593,0.24273040672349255,0.5113888341651763,290.0,1517.0,1807.0,0.24196572040707018,0.7565024903154399,4825.0,0.2833160621761658,1.0,1367.0,2643.0,0.16647748770336737,0.0,440.0
0.8,0.39,7468.0,0.25575790037493307,0.896551724137931,0.7197530864197531,0.808152405278842,0.6431440814140332,0.7465968586387435,0.1518324607329843,0.8481675392670157,0.8,0.39,1910.0,290.0,1620.0,0.699570759984009,0.21906875073788246,0.6269819482421412,0.12613818960899842,0.2545777982915386,0.4954799297327055,290.0,1620.0,1910.0,0.25575790037493307,0.7465968586387435,4825.0,0.29554404145077723,1.0,1426.0,2643.0,0.18312523647370413,0.0,484.0
0.8,0.4,7468.0,0.2743706480985538,0.896551724137931,0.7123365548607163,0.8044441394993237,0.6431440814140332,0.7384089799902391,0.14153245485602733,0.8584675451439727,0.8,0.4,2049.0,290.0,1759.0,0.699570759984009,0.21906875073788246,0.6269819482421412,0.13082485270487412,0.26790464291766175,0.4883261868107379,290.0,1759.0,2049.0,0.2743706480985538,0.7384089799902391,4825.0,0.3135751295336788,1.0,1513.0,2643.0,0.20279984865682937,0.0,536.0
0.8,0.41,7468.0,0.29164434922335297,0.896551724137931,0.7044491525423728,0.8005004383401519,0.6431440814140332,0.7300275482093664,0.13314967860422405,0.8668503213957759,0.8,0.41,2178.0,290.0,1888.0,0.699570759984009,0.21906875073788246,0.6269819482421412,0.13417246920192827,0.28059925162179666,0.4781640308248986,290.0,1888.0,2178.0,0.29164434922335297,0.7300275482093664,4825.0,0.3295336787564767,1.0,1590.0,2643.0,0.2224744608399546,0.0,588.0
0.8,0.42,7468.0,0.30918585966791645,0.896551724137931,0.7003467062902426,0.7984492152140868,0.6431440814140332,0.7249891728020789,0.1255954958856648,0.8744045041143352,0.8,0.42,2309.0,290.0,2019.0,0.699570759984009,0.21906875073788246,0.6269819482421412,0.13912694161756833,0.2915981121769722,0.47711880086909336,290.0,2019.0,2309.0,0.30918585966791645,0.7249891728020789,4825.0,0.34694300518134713,1.0,1674.0,2643.0,0.24025728339008703,0.0,635.0
0.8,0.43,7468.0,0.32806641671130155,0.896551724137931,0.6888888888888889,0.79272030651341,0.6431440814140332,0.713469387755102,0.11836734693877551,0.8816326530612245,0.8,0.43,2450.0,290.0,2160.0,0.699570759984009,0.21906875073788246,0.6269819482421412,0.14006427423674345,0.30659594132551565,0.45683668750212175,290.0,2160.0,2450.0,0.32806641671130155,0.713469387755102,4825.0,0.362279792746114,1.0,1748.0,2643.0,0.2656072644721907,0.0,702.0
0.8,0.44,7468.0,0.3501606855918586,0.896551724137931,0.6843010752688172,0.7904263997033741,0.6431440814140332,0.7078393881453154,0.11089866156787763,0.8891013384321224,0.8,0.44,2615.0,290.0,2325.0,0.699570759984009,0.21906875073788246,0.6269819482421412,0.14555436529191212,0.31984865194334217,0.45507262390368164,290.0,2325.0,2615.0,0.3501606855918586,0.7078393881453154,4825.0,0.38362694300518135,1.0,1851.0,2643.0,0.28906545592130156,0.0,764.0
0.8,0.45,7468.0,0.3745313336904124,0.896551724137931,0.676505783805345,0.786528753971638,0.6431440814140332,0.6993207007508044,0.10368251698248122,0.8963174830175188,0.8,0.45,2797.0,290.0,2507.0,0.699570759984009,0.21906875073788246,0.6269819482421412,0.14930369576861274,0.3355798250206645,0.444912609866874,290.0,2507.0,2797.0,0.3745313336904124,0.6993207007508044,4825.0,0.40538860103626945,1.0,1956.0,2643.0,0.31819901626939084,0.0,841.0
0.8,0.46,7468.0,0.4039903588644885,0.896551724137931,0.6648331499816649,0.780692437059798,0.6431440814140332,0.6871063970831952,0.0961219754723235,0.9038780245276765,0.8,0.46,3017.0,290.0,2727.0,0.699570759984009,0.21906875073788246,0.6269819482421412,0.15117836100696302,0.3555362132452371,0.42521227198503464,290.0,2727.0,3017.0,0.4039903588644885,0.6871063970831952,4825.0,0.4296373056994819,1.0,2073.0,2643.0,0.35716988270904276,0.0,944.0
0.8,0.47,7468.0,0.4331815747188002,0.896551724137931,0.6560271646859083,0.7762894444119197,0.6431440814140332,0.6775888717156106,0.08964451313755796,0.910355486862442,0.8,0.47,3235.0,290.0,2945.0,0.699570759984009,0.21906875073788246,0.6269819482421412,0.15385645420460636,0.37371454381264974,0.41169512065267,290.0,2945.0,3235.0,0.4331815747188002,0.6775888717156106,4825.0,0.45409326424870466,1.0,2191.0,2643.0,0.39500567536889897,0.0009578544061302681,1044.0
0.8,0.48,7468.0,0.4611676486341725,0.896551724137931,0.6487000634115409,0.7726258937747359,0.6431440814140332,0.6695702671312428,0.08420441347270616,0.9157955865272939,0.8,0.48,3444.0,290.0,3154.0,0.699570759984009,0.21906875073788246,0.6269819482421412,0.15640064274236748,0.3903632961049265,0.4006540684099774,290.0,3154.0,3444.0,0.4611676486341725,0.6695702671312428,4825.0,0.4781347150259067,0.9986996098829649,2307.0,2643.0,0.4301929625425653,0.001759014951627089,1137.0
0.8,0.49,7468.0,0.4811194429566149,0.896551724137931,0.641537995761429,0.76904485994968,0.6431440814140332,0.662120790425828,0.08071249652101307,0.9192875034789869,0.8,0.49,3593.0,290.0,3303.0,0.699570759984009,0.21906875073788246,0.6269819482421412,0.155998928762721,0.403187620217867,0.38691398480544914,290.0,3303.0,3593.0,0.4811194429566149,0.662120790425828,4825.0,0.49347150259067357,0.9953800923981521,2381.0,2643.0,0.4585698070374574,0.007425742574257425,1212.0
0.8,0.5,7468.0,0.4977236207820032,0.896551724137931,0.6381674934344909,0.7673596087862109,0.6431440814140332,0.6583266074791498,0.0780199085283831,0.9219800914716169,0.8,0.5,3717.0,290.0,3427.0,0.699570759984009,0.21906875073788246,0.6269819482421412,0.1576057846813069,0.4123820050030653,0.38218395266819505,290.0,3427.0,3717.0,0.4977236207820032,0.6583266074791498,4825.0,0.5088082901554404,0.9857433808553971,2455.0,2643.0,0.47748770336738555,0.021394611727416798,1262.0
