bin_index,limit_price,gc
0,0.01,0.0045045045045045045
0,0.02,0.009009009009009009
0,0.03,0.015765765765765764
0,0.04,0.02252252252252252
0,0.05,0.038288288288288286
0,0.06,0.05855855855855856
0,0.07,0.06531531531531531
0,0.08,0.07207207207207207
0,0.09,0.07882882882882883
0,0.1,0.09684684684684684
0,0.11,0.10810810810810811
0,0.12,0.11711711711711711
0,0.13,0.12612612612612611
0,0.14,0.1373873873873874
0,0.15,0.15315315315315314
0,0.16,0.16216216216216217
0,0.17,0.17117117117117117
0,0.18,0.19594594594594594
0,0.19,0.20495495495495494
0,0.2,0.22072072072072071
0,0.21,0.23423423423423423
0,0.22,0.24324324324324326
0,0.23,0.25900900900900903
0,0.24,0.26576576576576577
0,0.25,0.28153153153153154
0,0.26,0.2927927927927928
0,0.27,0.3130630630630631
0,0.28,0.32432432432432434
0,0.29,0.3400900900900901
0,0.3,0.36036036036036034
0,0.31,0.38963963963963966
0,0.32,0.4009009009009009
0,0.33,0.4189189189189189
0,0.34,0.4346846846846847
0,0.35,0.45045045045045046
0,0.36,0.47297297297297297
0,0.37,0.5067567567567568
0,0.38,0.527027027027027
0,0.39,0.5653153153153153
0,0.4,0.5900900900900901
0,0.41,0.6283783783783784
0,0.42,0.6509009009009009
0,0.43,0.6914414414414415
0,0.44,0.7184684684684685
0,0.45,0.7477477477477478
0,0.46,0.777027027027027
0,0.47,0.8108108108108109
0,0.48,0.8400900900900901
0,0.49,0.8603603603603603
0,0.5,0.8851351351351351
0,0.51,0.9076576576576577
0,0.52,0.9256756756756757
0,0.53,0.9391891891891891
0,0.54,0.9504504504504504
0,0.55,0.9594594594594594
0,0.56,0.9684684684684685
0,0.57,0.9707207207207207
0,0.58,0.9752252252252253
0,0.59,0.9774774774774775
0,0.6,0.9842342342342343
0,0.61,0.9842342342342343
0,0.62,0.9842342342342343
0,0.63,0.9864864864864865
0,0.64,0.9864864864864865
0,0.65,0.990990990990991
0,0.66,0.990990990990991
0,0.67,0.9932432432432432
0,0.68,0.9954954954954955
0,0.69,0.9954954954954955
0,0.7,0.9954954954954955
0,0.71,0.9954954954954955
0,0.72,0.9954954954954955
0,0.73,0.9977477477477478
0,0.74,0.9977477477477478
0,0.75,0.9977477477477478
0,0.76,0.9977477477477478
0,0.77,1.0
0,0.78,1.0
0,0.79,1.0
0,0.8,1.0
0,0.81,1.0
0,0.82,1.0
0,0.83,1.0
0,0.84,1.0
0,0.85,1.0
1,0.01,0.0045045045045045045
1,0.02,0.009009009009009009
1,0.03,0.015765765765765764
1,0.04,0.02252252252252252
1,0.05,0.038288288288288286
1,0.06,0.05855855855855856
1,0.07,0.06531531531531531
1,0.08,0.07207207207207207
1,0.09,0.07882882882882883
1,0.1,0.09684684684684684
1,0.11,0.10810810810810811
1,0.12,0.11711711711711711
1,0.13,0.12612612612612611
1,0.14,0.1373873873873874
1,0.15,0.15315315315315314
1,0.16,0.16216216216216217
1,0.17,0.17117117117117117
1,0.18,0.19594594594594594
1,0.19,0.20495495495495494
1,0.2,0.22072072072072071
1,0.21,0.23423423423423423
1,0.22,0.24324324324324326
1,0.23,0.25900900900900903
1,0.24,0.26576576576576577
1,0.25,0.28153153153153154
1,0.26,0.2927927927927928
1,0.27,0.3130630630630631
1,0.28,0.32432432432432434
1,0.29,0.3400900900900901
1,0.3,0.36036036036036034
1,0.31,0.38963963963963966
1,0.32,0.4009009009009009
1,0.33,0.4189189189189189
1,0.34,0.4346846846846847
1,0.35,0.45045045045045046
1,0.36,0.47297297297297297
1,0.37,0.5067567567567568
1,0.38,0.527027027027027
1,0.39,0.5653153153153153
1,0.4,0.5900900900900901
1,0.41,0.6283783783783784
1,0.42,0.6509009009009009
1,0.43,0.6914414414414415
1,0.44,0.7184684684684685
1,0.45,0.7477477477477478
1,0.46,0.777027027027027
1,0.47,0.8108108108108109
1,0.48,0.8400900900900901
1,0.49,0.8603603603603603
1,0.5,0.8851351351351351
1,0.51,0.9076576576576577
1,0.52,0.9256756756756757
1,0.53,0.9391891891891891
1,0.54,0.9504504504504504
1,0.55,0.9594594594594594
1,0.56,0.9684684684684685
1,0.57,0.9707207207207207
1,0.58,0.9752252252252253
1,0.59,0.9774774774774775
1,0.6,0.9842342342342343
1,0.61,0.9842342342342343
1,0.62,0.9842342342342343
1,0.63,0.9864864864864865
1,0.64,0.9864864864864865
1,0.65,0.990990990990991
1,0.66,0.990990990990991
1,0.67,0.9932432432432432
1,0.68,0.9954954954954955
1,0.69,0.9954954954954955
1,0.7,0.9954954954954955
1,0.71,0.9954954954954955
1,0.72,0.9954954954954955
1,0.73,0.9977477477477478
1,0.74,0.9977477477477478
1,0.75,0.9977477477477478
1,0.76,0.9977477477477478
1,0.77,1.0
1,0.78,1.0
1,0.79,1.0
1,0.8,1.0
1,0.81,1.0
1,0.82,1.0
1,0.83,1.0
1,0.84,1.0
1,0.85,1.0
2,0.01,0.0045045045045045045
2,0.02,0.009009009009009009
2,0.03,0.015765765765765764
2,0.04,0.02252252252252252
2,0.05,0.038288288288288286
2,0.06,0.05855855855855856
2,0.07,0.06531531531531531
2,0.08,0.07207207207207207
2,0.09,0.07882882882882883
2,0.1,0.09684684684684684
2,0.11,0.10810810810810811
2,0.12,0.11711711711711711
2,0.13,0.12612612612612611
2,0.14,0.1373873873873874
2,0.15,0.15315315315315314
2,0.16,0.16216216216216217
2,0.17,0.17117117117117117
2,0.18,0.19594594594594594
2,0.19,0.20495495495495494
2,0.2,0.22072072072072071
2,0.21,0.23423423423423423
2,0.22,0.24324324324324326
2,0.23,0.25900900900900903
2,0.24,0.26576576576576577
2,0.25,0.28153153153153154
2,0.26,0.2927927927927928
2,0.27,0.3130630630630631
2,0.28,0.32432432432432434
2,0.29,0.3400900900900901
2,0.3,0.36036036036036034
2,0.31,0.38963963963963966
2,0.32,0.4009009009009009
2,0.33,0.4189189189189189
2,0.34,0.4346846846846847
2,0.35,0.45045045045045046
2,0.36,0.47297297297297297
2,0.37,0.5067567567567568
2,0.38,0.527027027027027
2,0.39,0.5653153153153153
2,0.4,0.5900900900900901
2,0.41,0.6283783783783784
2,0.42,0.6509009009009009
2,0.43,0.6914414414414415
2,0.44,0.7184684684684685
2,0.45,0.7477477477477478
2,0.46,0.777027027027027
2,0.47,0.8108108108108109
2,0.48,0.8400900900900901
2,0.49,0.8603603603603603
2,0.5,0.8851351351351351
2,0.51,0.9076576576576577
2,0.52,0.9256756756756757
2,0.53,0.9391891891891891
2,0.54,0.9504504504504504
2,0.55,0.9594594594594594
2,0.56,0.9684684684684685
2,0.57,0.9707207207207207
2,0.58,0.9752252252252253
2,0.59,0.9774774774774775
2,0.6,0.9842342342342343
2,0.61,0.9842342342342343
2,0.62,0.9842342342342343
2,0.63,0.9864864864864865
2,0.64,0.9864864864864865
2,0.65,0.990990990990991
2,0.66,0.990990990990991
2,0.67,0.9932432432432432
2,0.68,0.9954954954954955
2,0.69,0.9954954954954955
2,0.7,0.9954954954954955
2,0.71,0.9954954954954955
2,0.72,0.9954954954954955
2,0.73,0.9977477477477478
2,0.74,0.9977477477477478
2,0.75,0.9977477477477478
2,0.76,0.9977477477477478
2,0.77,1.0
2,0.78,1.0
2,0.79,1.0
2,0.8,1.0
2,0.81,1.0
2,0.82,1.0
2,0.83,1.0
2,0.84,1.0
2,0.85,1.0
3,0.01,0.0045045045045045045
3,0.02,0.009009009009009009
3,0.03,0.015765765765765764
3,0.04,0.02252252252252252
3,0.05,0.038288288288288286
3,0.06,0.05855855855855856
3,0.07,0.06531531531531531
3,0.08,0.07207207207207207
3,0.09,0.07882882882882883
3,0.1,0.09684684684684684
3,0.11,0.10810810810810811
3,0.12,0.11711711711711711
3,0.13,0.12612612612612611
3,0.14,0.1373873873873874
3,0.15,0.15315315315315314
3,0.16,0.16216216216216217
3,0.17,0.17117117117117117
3,0.18,0.19594594594594594
3,0.19,0.20495495495495494
3,0.2,0.22072072072072071
3,0.21,0.23423423423423423
3,0.22,0.24324324324324326
3,0.23,0.25900900900900903
3,0.24,0.26576576576576577
3,0.25,0.28153153153153154
3,0.26,0.2927927927927928
3,0.27,0.3130630630630631
3,0.28,0.32432432432432434
3,0.29,0.3400900900900901
3,0.3,0.36036036036036034
3,0.31,0.38963963963963966
3,0.32,0.4009009009009009
3,0.33,0.4189189189189189
3,0.34,0.4346846846846847
3,0.35,0.45045045045045046
3,0.36,0.47297297297297297
3,0.37,0.5067567567567568
3,0.38,0.527027027027027
3,0.39,0.5653153153153153
3,0.4,0.5900900900900901
3,0.41,0.6283783783783784
3,0.42,0.6509009009009009
3,0.43,0.6914414414414415
3,0.44,0.7184684684684685
3,0.45,0.7477477477477478
3,0.46,0.777027027027027
3,0.47,0.8108108108108109
3,0.48,0.8400900900900901
3,0.49,0.8603603603603603
3,0.5,0.8851351351351351
3,0.51,0.9076576576576577
3,0.52,0.9256756756756757
3,0.53,0.9391891891891891
3,0.54,0.9504504504504504
3,0.55,0.9594594594594594
3,0.56,0.9684684684684685
3,0.57,0.9707207207207207
3,0.58,0.9752252252252253
3,0.59,0.9774774774774775
3,0.6,0.9842342342342343
3,0.61,0.9842342342342343
3,0.62,0.9842342342342343
3,0.63,0.9864864864864865
3,0.64,0.9864864864864865
3,0.65,0.990990990990991
3,0.66,0.990990990990991
3,0.67,0.9932432432432432
3,0.68,0.9954954954954955
3,0.69,0.9954954954954955
3,0.7,0.9954954954954955
3,0.71,0.9954954954954955
3,0.72,0.9954954954954955
3,0.73,0.9977477477477478
3,0.74,0.9977477477477478
3,0.75,0.9977477477477478
3,0.76,0.9977477477477478
3,0.77,1.0
3,0.78,1.0
3,0.79,1.0
3,0.8,1.0
3,0.81,1.0
3,0.82,1.0
3,0.83,1.0
3,0.84,1.0
3,0.85,1.0
4,0.01,0.0045045045045045045
4,0.02,0.009009009009009009
4,0.03,0.015765765765765764
4,0.04,0.02252252252252252
4,0.05,0.038288288288288286
4,0.06,0.05855855855855856
4,0.07,0.06531531531531531
4,0.08,0.07207207207207207
4,0.09,0.07882882882882883
4,0.1,0.09684684684684684
4,0.11,0.10810810810810811
4,0.12,0.11711711711711711
4,0.13,0.12612612612612611
4,0.14,0.1373873873873874
4,0.15,0.15315315315315314
4,0.16,0.16216216216216217
4,0.17,0.17117117117117117
4,0.18,0.19594594594594594
4,0.19,0.20495495495495494
4,0.2,0.22072072072072071
4,0.21,0.23423423423423423
4,0.22,0.24324324324324326
4,0.23,0.25900900900900903
4,0.24,0.26576576576576577
4,0.25,0.28153153153153154
4,0.26,0.2927927927927928
4,0.27,0.3130630630630631
4,0.28,0.32432432432432434
4,0.29,0.3400900900900901
4,0.3,0.36036036036036034
4,0.31,0.38963963963963966
4,0.32,0.4009009009009009
4,0.33,0.4189189189189189
4,0.34,0.4346846846846847
4,0.35,0.45045045045045046
4,0.36,0.47297297297297297
4,0.37,0.5067567567567568
4,0.38,0.527027027027027
4,0.39,0.5653153153153153
4,0.4,0.5900900900900901
4,0.41,0.6283783783783784
4,0.42,0.6509009009009009
4,0.43,0.6914414414414415
4,0.44,0.7184684684684685
4,0.45,0.7477477477477478
4,0.46,0.777027027027027
4,0.47,0.8108108108108109
4,0.48,0.8400900900900901
4,0.49,0.8603603603603603
4,0.5,0.8851351351351351
4,0.51,0.9076576576576577
4,0.52,0.9256756756756757
4,0.53,0.9391891891891891
4,0.54,0.9504504504504504
4,0.55,0.9594594594594594
4,0.56,0.9684684684684685
4,0.57,0.9707207207207207
4,0.58,0.9752252252252253
4,0.59,0.9774774774774775
4,0.6,0.9842342342342343
4,0.61,0.9842342342342343
4,0.62,0.9842342342342343
4,0.63,0.9864864864864865
4,0.64,0.9864864864864865
4,0.65,0.990990990990991
4,0.66,0.990990990990991
4,0.67,0.9932432432432432
4,0.68,0.9954954954954955
4,0.69,0.9954954954954955
4,0.7,0.9954954954954955
4,0.71,0.9954954954954955
4,0.72,0.9954954954954955
4,0.73,0.9977477477477478
4,0.74,0.9977477477477478
4,0.75,0.9977477477477478
4,0.76,0.9977477477477478
4,0.77,1.0
4,0.78,1.0
4,0.79,1.0
4,0.8,1.0
4,0.81,1.0
4,0.82,1.0
4,0.83,1.0
4,0.84,1.0
4,0.85,1.0
5,0.01,0.0045045045045045045
5,0.02,0.009009009009009009
5,0.03,0.015765765765765764
5,0.04,0.02252252252252252
5,0.05,0.038288288288288286
5,0.06,0.05855855855855856
5,0.07,0.06531531531531531
5,0.08,0.07207207207207207
5,0.09,0.07882882882882883
5,0.1,0.09684684684684684
5,0.11,0.10810810810810811
5,0.12,0.11711711711711711
5,0.13,0.12612612612612611
5,0.14,0.1373873873873874
5,0.15,0.15315315315315314
5,0.16,0.16216216216216217
5,0.17,0.17117117117117117
5,0.18,0.19594594594594594
5,0.19,0.20495495495495494
5,0.2,0.22072072072072071
5,0.21,0.23423423423423423
5,0.22,0.24324324324324326
5,0.23,0.25900900900900903
5,0.24,0.26576576576576577
5,0.25,0.28153153153153154
5,0.26,0.2927927927927928
5,0.27,0.3130630630630631
5,0.28,0.32432432432432434
5,0.29,0.3400900900900901
5,0.3,0.36036036036036034
5,0.31,0.38963963963963966
5,0.32,0.4009009009009009
5,0.33,0.4189189189189189
5,0.34,0.4346846846846847
5,0.35,0.45045045045045046
5,0.36,0.47297297297297297
5,0.37,0.5067567567567568
5,0.38,0.527027027027027
5,0.39,0.5653153153153153
5,0.4,0.5900900900900901
5,0.41,0.6283783783783784
5,0.42,0.6509009009009009
5,0.43,0.6914414414414415
5,0.44,0.7184684684684685
5,0.45,0.7477477477477478
5,0.46,0.777027027027027
5,0.47,0.8108108108108109
5,0.48,0.8400900900900901
5,0.49,0.8603603603603603
5,0.5,0.8851351351351351
5,0.51,0.9076576576576577
5,0.52,0.9256756756756757
5,0.53,0.9391891891891891
5,0.54,0.9504504504504504
5,0.55,0.9594594594594594
5,0.56,0.9684684684684685
5,0.57,0.9707207207207207
5,0.58,0.9752252252252253
5,0.59,0.9774774774774775
5,0.6,0.9842342342342343
5,0.61,0.9842342342342343
5,0.62,0.9842342342342343
5,0.63,0.9864864864864865
5,0.64,0.9864864864864865
5,0.65,0.990990990990991
5,0.66,0.990990990990991
5,0.67,0.9932432432432432
5,0.68,0.9954954954954955
5,0.69,0.9954954954954955
5,0.7,0.9954954954954955
5,0.71,0.9954954954954955
5,0.72,0.9954954954954955
5,0.73,0.9977477477477478
5,0.74,0.9977477477477478
5,0.75,0.9977477477477478
5,0.76,0.9977477477477478
5,0.77,1.0
5,0.78,1.0
5,0.79,1.0
5,0.8,1.0
5,0.81,1.0
5,0.82,1.0
5,0.83,1.0
5,0.84,1.0
5,0.85,1.0
6,0.01,0.0045045045045045045
6,0.02,0.009009009009009009
6,0.03,0.015765765765765764
6,0.04,0.02252252252252252
6,0.05,0.038288288288288286
6,0.06,0.05855855855855856
6,0.07,0.06531531531531531
6,0.08,0.07207207207207207
6,0.09,0.07882882882882883
6,0.1,0.09684684684684684
6,0.11,0.10810810810810811
6,0.12,0.11711711711711711
6,0.13,0.12612612612612611
6,0.14,0.1373873873873874
6,0.15,0.15315315315315314
6,0.16,0.16216216216216217
6,0.17,0.17117117117117117
6,0.18,0.19594594594594594
6,0.19,0.20495495495495494
6,0.2,0.22072072072072071
6,0.21,0.23423423423423423
6,0.22,0.24324324324324326
6,0.23,0.25900900900900903
6,0.24,0.26576576576576577
6,0.25,0.28153153153153154
6,0.26,0.2927927927927928
6,0.27,0.3130630630630631
6,0.28,0.32432432432432434
6,0.29,0.3400900900900901
6,0.3,0.36036036036036034
6,0.31,0.38963963963963966
6,0.32,0.4009009009009009
6,0.33,0.4189189189189189
6,0.34,0.4346846846846847
6,0.35,0.45045045045045046
6,0.36,0.47297297297297297
6,0.37,0.5067567567567568
6,0.38,0.527027027027027
6,0.39,0.5653153153153153
6,0.4,0.5900900900900901
6,0.41,0.6283783783783784
6,0.42,0.6509009009009009
6,0.43,0.6914414414414415
6,0.44,0.7184684684684685
6,0.45,0.7477477477477478
6,0.46,0.777027027027027
6,0.47,0.8108108108108109
6,0.48,0.8400900900900901
6,0.49,0.8603603603603603
6,0.5,0.8851351351351351
6,0.51,0.9076576576576577
6,0.52,0.9256756756756757
6,0.53,0.9391891891891891
6,0.54,0.9504504504504504
6,0.55,0.9594594594594594
6,0.56,0.9684684684684685
6,0.57,0.9707207207207207
6,0.58,0.9752252252252253
6,0.59,0.9774774774774775
6,0.6,0.9842342342342343
6,0.61,0.9842342342342343
6,0.62,0.9842342342342343
6,0.63,0.9864864864864865
6,0.64,0.9864864864864865
6,0.65,0.990990990990991
6,0.66,0.990990990990991
6,0.67,0.9932432432432432
6,0.68,0.9954954954954955
6,0.69,0.9954954954954955
6,0.7,0.9954954954954955
6,0.71,0.9954954954954955
6,0.72,0.9954954954954955
6,0.73,0.9977477477477478
6,0.74,0.9977477477477478
6,0.75,0.9977477477477478
6,0.76,0.9977477477477478
6,0.77,1.0
6,0.78,1.0
6,0.79,1.0
6,0.8,1.0
6,0.81,1.0
6,0.82,1.0
6,0.83,1.0
6,0.84,1.0
6,0.85,1.0
7,0.01,0.0045045045045045045
7,0.02,0.009009009009009009
7,0.03,0.015765765765765764
7,0.04,0.02252252252252252
7,0.05,0.038288288288288286
7,0.06,0.05855855855855856
7,0.07,0.06531531531531531
7,0.08,0.07207207207207207
7,0.09,0.07882882882882883
7,0.1,0.09684684684684684
7,0.11,0.10810810810810811
7,0.12,0.11711711711711711
7,0.13,0.12612612612612611
7,0.14,0.1373873873873874
7,0.15,0.15315315315315314
7,0.16,0.16216216216216217
7,0.17,0.17117117117117117
7,0.18,0.19594594594594594
7,0.19,0.20495495495495494
7,0.2,0.22072072072072071
7,0.21,0.23423423423423423
7,0.22,0.24324324324324326
7,0.23,0.25900900900900903
7,0.24,0.26576576576576577
7,0.25,0.28153153153153154
7,0.26,0.2927927927927928
7,0.27,0.3130630630630631
7,0.28,0.32432432432432434
7,0.29,0.3400900900900901
7,0.3,0.36036036036036034
7,0.31,0.38963963963963966
7,0.32,0.4009009009009009
7,0.33,0.4189189189189189
7,0.34,0.4346846846846847
7,0.35,0.45045045045045046
7,0.36,0.47297297297297297
7,0.37,0.5067567567567568
7,0.38,0.527027027027027
7,0.39,0.5653153153153153
7,0.4,0.5900900900900901
7,0.41,0.6283783783783784
7,0.42,0.6509009009009009
7,0.43,0.6914414414414415
7,0.44,0.7184684684684685
7,0.45,0.7477477477477478
7,0.46,0.777027027027027
7,0.47,0.8108108108108109
7,0.48,0.8400900900900901
7,0.49,0.8603603603603603
7,0.5,0.8851351351351351
7,0.51,0.9076576576576577
7,0.52,0.9256756756756757
7,0.53,0.9391891891891891
7,0.54,0.9504504504504504
7,0.55,0.9594594594594594
7,0.56,0.9684684684684685
7,0.57,0.9707207207207207
7,0.58,0.9752252252252253
7,0.59,0.9774774774774775
7,0.6,0.9842342342342343
7,0.61,0.9842342342342343
7,0.62,0.9842342342342343
7,0.63,0.9864864864864865
7,0.64,0.9864864864864865
7,0.65,0.990990990990991
7,0.66,0.990990990990991
7,0.67,0.9932432432432432
7,0.68,0.9954954954954955
7,0.69,0.9954954954954955
7,0.7,0.9954954954954955
7,0.71,0.9954954954954955
7,0.72,0.9954954954954955
7,0.73,0.9977477477477478
7,0.74,0.9977477477477478
7,0.75,0.9977477477477478
7,0.76,0.9977477477477478
7,0.77,1.0
7,0.78,1.0
7,0.79,1.0
7,0.8,1.0
7,0.81,1.0
7,0.82,1.0
7,0.83,1.0
7,0.84,1.0
7,0.85,1.0
8,0.01,0.0045045045045045045
8,0.02,0.009009009009009009
8,0.03,0.015765765765765764
8,0.04,0.02252252252252252
8,0.05,0.038288288288288286
8,0.06,0.05855855855855856
8,0.07,0.06531531531531531
8,0.08,0.07207207207207207
8,0.09,0.07882882882882883
8,0.1,0.09684684684684684
8,0.11,0.10810810810810811
8,0.12,0.11711711711711711
8,0.13,0.12612612612612611
8,0.14,0.1373873873873874
8,0.15,0.15315315315315314
8,0.16,0.16216216216216217
8,0.17,0.17117117117117117
8,0.18,0.19594594594594594
8,0.19,0.20495495495495494
8,0.2,0.22072072072072071
8,0.21,0.23423423423423423
8,0.22,0.24324324324324326
8,0.23,0.25900900900900903
8,0.24,0.26576576576576577
8,0.25,0.28153153153153154
8,0.26,0.2927927927927928
8,0.27,0.3130630630630631
8,0.28,0.32432432432432434
8,0.29,0.3400900900900901
8,0.3,0.36036036036036034
8,0.31,0.38963963963963966
8,0.32,0.4009009009009009
8,0.33,0.4189189189189189
8,0.34,0.4346846846846847
8,0.35,0.45045045045045046
8,0.36,0.47297297297297297
8,0.37,0.5067567567567568
8,0.38,0.527027027027027
8,0.39,0.5653153153153153
8,0.4,0.5900900900900901
8,0.41,0.6283783783783784
8,0.42,0.6509009009009009
8,0.43,0.6914414414414415
8,0.44,0.7184684684684685
8,0.45,0.7477477477477478
8,0.46,0.777027027027027
8,0.47,0.8108108108108109
8,0.48,0.8400900900900901
8,0.49,0.8603603603603603
8,0.5,0.8851351351351351
8,0.51,0.9076576576576577
8,0.52,0.9256756756756757
8,0.53,0.9391891891891891
8,0.54,0.9504504504504504
8,0.55,0.9594594594594594
8,0.56,0.9684684684684685
8,0.57,0.9707207207207207
8,0.58,0.9752252252252253
8,0.59,0.9774774774774775
8,0.6,0.9842342342342343
8,0.61,0.9842342342342343
8,0.62,0.9842342342342343
8,0.63,0.9864864864864865
8,0.64,0.9864864864864865
8,0.65,0.990990990990991
8,0.66,0.990990990990991
8,0.67,0.9932432432432432
8,0.68,0.9954954954954955
8,0.69,0.9954954954954955
8,0.7,0.9954954954954955
8,0.71,0.9954954954954955
8,0.72,0.9954954954954955
8,0.73,0.9977477477477478
8,0.74,0.9977477477477478
8,0.75,0.9977477477477478
8,0.76,0.9977477477477478
8,0.77,1.0
8,0.78,1.0
8,0.79,1.0
8,0.8,1.0
8,0.81,1.0
8,0.82,1.0
8,0.83,1.0
8,0.84,1.0
8,0.85,1.0
9,0.01,0.0045045045045045045
9,0.02,0.009009009009009009
9,0.03,0.015765765765765764
9,0.04,0.02252252252252252
9,0.05,0.038288288288288286
9,0.06,0.05855855855855856
9,0.07,0.06531531531531531
9,0.08,0.07207207207207207
9,0.09,0.07882882882882883
9,0.1,0.09684684684684684
9,0.11,0.10810810810810811
9,0.12,0.11711711711711711
9,0.13,0.12612612612612611
9,0.14,0.1373873873873874
9,0.15,0.15315315315315314
9,0.16,0.16216216216216217
9,0.17,0.17117117117117117
9,0.18,0.19594594594594594
9,0.19,0.20495495495495494
9,0.2,0.22072072072072071
9,0.21,0.23423423423423423
9,0.22,0.24324324324324326
9,0.23,0.25900900900900903
9,0.24,0.26576576576576577
9,0.25,0.28153153153153154
9,0.26,0.2927927927927928
9,0.27,0.3130630630630631
9,0.28,0.32432432432432434
9,0.29,0.3400900900900901
9,0.3,0.36036036036036034
9,0.31,0.38963963963963966
9,0.32,0.4009009009009009
9,0.33,0.4189189189189189
9,0.34,0.4346846846846847
9,0.35,0.45045045045045046
9,0.36,0.47297297297297297
9,0.37,0.5067567567567568
9,0.38,0.527027027027027
9,0.39,0.5653153153153153
9,0.4,0.5900900900900901
9,0.41,0.6283783783783784
9,0.42,0.6509009009009009
9,0.43,0.6914414414414415
9,0.44,0.7184684684684685
9,0.45,0.7477477477477478
9,0.46,0.777027027027027
9,0.47,0.8108108108108109
9,0.48,0.8400900900900901
9,0.49,0.8603603603603603
9,0.5,0.8851351351351351
9,0.51,0.9076576576576577
9,0.52,0.9256756756756757
9,0.53,0.9391891891891891
9,0.54,0.9504504504504504
9,0.55,0.9594594594594594
9,0.56,0.9684684684684685
9,0.57,0.9707207207207207
9,0.58,0.9752252252252253
9,0.59,0.9774774774774775
9,0.6,0.9842342342342343
9,0.61,0.9842342342342343
9,0.62,0.9842342342342343
9,0.63,0.9864864864864865
9,0.64,0.9864864864864865
9,0.65,0.990990990990991
9,0.66,0.990990990990991
9,0.67,0.9932432432432432
9,0.68,0.9954954954954955
9,0.69,0.9954954954954955
9,0.7,0.9954954954954955
9,0.71,0.9954954954954955
9,0.72,0.9954954954954955
9,0.73,0.9977477477477478
9,0.74,0.9977477477477478
9,0.75,0.9977477477477478
9,0.76,0.9977477477477478
9,0.77,1.0
9,0.78,1.0
9,0.79,1.0
9,0.8,1.0
9,0.81,1.0
9,0.82,1.0
9,0.83,1.0
9,0.84,1.0
9,0.85,1.0
10,0.01,0.0045045045045045045
10,0.02,0.009009009009009009
10,0.03,0.015765765765765764
10,0.04,0.02252252252252252
10,0.05,0.038288288288288286
10,0.06,0.05855855855855856
10,0.07,0.06531531531531531
10,0.08,0.07207207207207207
10,0.09,0.07882882882882883
10,0.1,0.09684684684684684
10,0.11,0.10810810810810811
10,0.12,0.11711711711711711
10,0.13,0.12612612612612611
10,0.14,0.1373873873873874
10,0.15,0.15315315315315314
10,0.16,0.16216216216216217
10,0.17,0.17117117117117117
10,0.18,0.19594594594594594
10,0.19,0.20495495495495494
10,0.2,0.22072072072072071
10,0.21,0.23423423423423423
10,0.22,0.24324324324324326
10,0.23,0.25900900900900903
10,0.24,0.26576576576576577
10,0.25,0.28153153153153154
10,0.26,0.2927927927927928
10,0.27,0.3130630630630631
10,0.28,0.32432432432432434
10,0.29,0.3400900900900901
10,0.3,0.36036036036036034
10,0.31,0.38963963963963966
10,0.32,0.4009009009009009
10,0.33,0.4189189189189189
10,0.34,0.4346846846846847
10,0.35,0.45045045045045046
10,0.36,0.47297297297297297
10,0.37,0.5067567567567568
10,0.38,0.527027027027027
10,0.39,0.5653153153153153
10,0.4,0.5900900900900901
10,0.41,0.6283783783783784
10,0.42,0.6509009009009009
10,0.43,0.6914414414414415
10,0.44,0.7184684684684685
10,0.45,0.7477477477477478
10,0.46,0.777027027027027
10,0.47,0.8108108108108109
10,0.48,0.8400900900900901
10,0.49,0.8603603603603603
10,0.5,0.8851351351351351
10,0.51,0.9076576576576577
10,0.52,0.9256756756756757
10,0.53,0.9391891891891891
10,0.54,0.9504504504504504
10,0.55,0.9594594594594594
10,0.56,0.9684684684684685
10,0.57,0.9707207207207207
10,0.58,0.9752252252252253
10,0.59,0.9774774774774775
10,0.6,0.9842342342342343
10,0.61,0.9842342342342343
10,0.62,0.9842342342342343
10,0.63,0.9864864864864865
10,0.64,0.9864864864864865
10,0.65,0.990990990990991
10,0.66,0.990990990990991
10,0.67,0.9932432432432432
10,0.68,0.9954954954954955
10,0.69,0.9954954954954955
10,0.7,0.9954954954954955
10,0.71,0.9954954954954955
10,0.72,0.9954954954954955
10,0.73,0.9977477477477478
10,0.74,0.9977477477477478
10,0.75,0.9977477477477478
10,0.76,0.9977477477477478
10,0.77,1.0
10,0.78,1.0
10,0.79,1.0
10,0.8,1.0
10,0.81,1.0
10,0.82,1.0
10,0.83,1.0
10,0.84,1.0
10,0.85,1.0
11,0.01,0.0045045045045045045
11,0.02,0.009009009009009009
11,0.03,0.015765765765765764
11,0.04,0.02252252252252252
11,0.05,0.038288288288288286
11,0.06,0.05855855855855856
11,0.07,0.06531531531531531
11,0.08,0.07207207207207207
11,0.09,0.07882882882882883
11,0.1,0.09684684684684684
11,0.11,0.10810810810810811
11,0.12,0.11711711711711711
11,0.13,0.12612612612612611
11,0.14,0.1373873873873874
11,0.15,0.15315315315315314
11,0.16,0.16216216216216217
11,0.17,0.17117117117117117
11,0.18,0.19594594594594594
11,0.19,0.20495495495495494
11,0.2,0.22072072072072071
11,0.21,0.23423423423423423
11,0.22,0.24324324324324326
11,0.23,0.25900900900900903
11,0.24,0.26576576576576577
11,0.25,0.28153153153153154
11,0.26,0.2927927927927928
11,0.27,0.3130630630630631
11,0.28,0.32432432432432434
11,0.29,0.3400900900900901
11,0.3,0.36036036036036034
11,0.31,0.38963963963963966
11,0.32,0.4009009009009009
11,0.33,0.4189189189189189
11,0.34,0.4346846846846847
11,0.35,0.45045045045045046
11,0.36,0.47297297297297297
11,0.37,0.5067567567567568
11,0.38,0.527027027027027
11,0.39,0.5653153153153153
11,0.4,0.5900900900900901
11,0.41,0.6283783783783784
11,0.42,0.6509009009009009
11,0.43,0.6914414414414415
11,0.44,0.7184684684684685
11,0.45,0.7477477477477478
11,0.46,0.777027027027027
11,0.47,0.8108108108108109
11,0.48,0.8400900900900901
11,0.49,0.8603603603603603
11,0.5,0.8851351351351351
11,0.51,0.9076576576576577
11,0.52,0.9256756756756757
11,0.53,0.9391891891891891
11,0.54,0.9504504504504504
11,0.55,0.9594594594594594
11,0.56,0.9684684684684685
11,0.57,0.9707207207207207
11,0.58,0.9752252252252253
11,0.59,0.9774774774774775
11,0.6,0.9842342342342343
11,0.61,0.9842342342342343
11,0.62,0.9842342342342343
11,0.63,0.9864864864864865
11,0.64,0.9864864864864865
11,0.65,0.990990990990991
11,0.66,0.990990990990991
11,0.67,0.9932432432432432
11,0.68,0.9954954954954955
11,0.69,0.9954954954954955
11,0.7,0.9954954954954955
11,0.71,0.9954954954954955
11,0.72,0.9954954954954955
11,0.73,0.9977477477477478
11,0.74,0.9977477477477478
11,0.75,0.9977477477477478
11,0.76,0.9977477477477478
11,0.77,1.0
11,0.78,1.0
11,0.79,1.0
11,0.8,1.0
11,0.81,1.0
11,0.82,1.0
11,0.83,1.0
11,0.84,1.0
11,0.85,1.0
12,0.01,0.0045045045045045045
12,0.02,0.009009009009009009
12,0.03,0.015765765765765764
12,0.04,0.02252252252252252
12,0.05,0.038288288288288286
12,0.06,0.05855855855855856
12,0.07,0.06531531531531531
12,0.08,0.07207207207207207
12,0.09,0.07882882882882883
12,0.1,0.09684684684684684
12,0.11,0.10810810810810811
12,0.12,0.11711711711711711
12,0.13,0.12612612612612611
12,0.14,0.1373873873873874
12,0.15,0.15315315315315314
12,0.16,0.16216216216216217
12,0.17,0.17117117117117117
12,0.18,0.19594594594594594
12,0.19,0.20495495495495494
12,0.2,0.22072072072072071
12,0.21,0.23423423423423423
12,0.22,0.24324324324324326
12,0.23,0.25900900900900903
12,0.24,0.26576576576576577
12,0.25,0.28153153153153154
12,0.26,0.2927927927927928
12,0.27,0.3130630630630631
12,0.28,0.32432432432432434
12,0.29,0.3400900900900901
12,0.3,0.36036036036036034
12,0.31,0.38963963963963966
12,0.32,0.4009009009009009
12,0.33,0.4189189189189189
12,0.34,0.4346846846846847
12,0.35,0.45045045045045046
12,0.36,0.47297297297297297
12,0.37,0.5067567567567568
12,0.38,0.527027027027027
12,0.39,0.5653153153153153
12,0.4,0.5900900900900901
12,0.41,0.6283783783783784
12,0.42,0.6509009009009009
12,0.43,0.6914414414414415
12,0.44,0.7184684684684685
12,0.45,0.7477477477477478
12,0.46,0.777027027027027
12,0.47,0.8108108108108109
12,0.48,0.8400900900900901
12,0.49,0.8603603603603603
12,0.5,0.8851351351351351
12,0.51,0.9076576576576577
12,0.52,0.9256756756756757
12,0.53,0.9391891891891891
12,0.54,0.9504504504504504
12,0.55,0.9594594594594594
12,0.56,0.9684684684684685
12,0.57,0.9707207207207207
12,0.58,0.9752252252252253
12,0.59,0.9774774774774775
12,0.6,0.9842342342342343
12,0.61,0.9842342342342343
12,0.62,0.9842342342342343
12,0.63,0.9864864864864865
12,0.64,0.9864864864864865
12,0.65,0.990990990990991
12,0.66,0.990990990990991
12,0.67,0.9932432432432432
12,0.68,0.9954954954954955
12,0.69,0.9954954954954955
12,0.7,0.9954954954954955
12,0.71,0.9954954954954955
12,0.72,0.9954954954954955
12,0.73,0.9977477477477478
12,0.74,0.9977477477477478
12,0.75,0.9977477477477478
12,0.76,0.9977477477477478
12,0.77,1.0
12,0.78,1.0
12,0.79,1.0
12,0.8,1.0
12,0.81,1.0
12,0.82,1.0
12,0.83,1.0
12,0.84,1.0
12,0.85,1.0
13,0.01,0.0045045045045045045
13,0.02,0.009009009009009009
13,0.03,0.015765765765765764
13,0.04,0.02252252252252252
13,0.05,0.038288288288288286
13,0.06,0.05855855855855856
13,0.07,0.06531531531531531
13,0.08,0.07207207207207207
13,0.09,0.07882882882882883
13,0.1,0.09684684684684684
13,0.11,0.10810810810810811
13,0.12,0.11711711711711711
13,0.13,0.12612612612612611
13,0.14,0.1373873873873874
13,0.15,0.15315315315315314
13,0.16,0.16216216216216217
13,0.17,0.17117117117117117
13,0.18,0.19594594594594594
13,0.19,0.20495495495495494
13,0.2,0.22072072072072071
13,0.21,0.23423423423423423
13,0.22,0.24324324324324326
13,0.23,0.25900900900900903
13,0.24,0.26576576576576577
13,0.25,0.28153153153153154
13,0.26,0.2927927927927928
13,0.27,0.3130630630630631
13,0.28,0.32432432432432434
13,0.29,0.3400900900900901
13,0.3,0.36036036036036034
13,0.31,0.38963963963963966
13,0.32,0.4009009009009009
13,0.33,0.4189189189189189
13,0.34,0.4346846846846847
13,0.35,0.45045045045045046
13,0.36,0.47297297297297297
13,0.37,0.5067567567567568
13,0.38,0.527027027027027
13,0.39,0.5653153153153153
13,0.4,0.5900900900900901
13,0.41,0.6283783783783784
13,0.42,0.6509009009009009
13,0.43,0.6914414414414415
13,0.44,0.7184684684684685
13,0.45,0.7477477477477478
13,0.46,0.777027027027027
13,0.47,0.8108108108108109
13,0.48,0.8400900900900901
13,0.49,0.8603603603603603
13,0.5,0.8851351351351351
13,0.51,0.9076576576576577
13,0.52,0.9256756756756757
13,0.53,0.9391891891891891
13,0.54,0.9504504504504504
13,0.55,0.9594594594594594
13,0.56,0.9684684684684685
13,0.57,0.9707207207207207
13,0.58,0.9752252252252253
13,0.59,0.9774774774774775
13,0.6,0.9842342342342343
13,0.61,0.9842342342342343
13,0.62,0.9842342342342343
13,0.63,0.9864864864864865
13,0.64,0.9864864864864865
13,0.65,0.990990990990991
13,0.66,0.990990990990991
13,0.67,0.9932432432432432
13,0.68,0.9954954954954955
13,0.69,0.9954954954954955
13,0.7,0.9954954954954955
13,0.71,0.9954954954954955
13,0.72,0.9954954954954955
13,0.73,0.9977477477477478
13,0.74,0.9977477477477478
13,0.75,0.9977477477477478
13,0.76,0.9977477477477478
13,0.77,1.0
13,0.78,1.0
13,0.79,1.0
13,0.8,1.0
13,0.81,1.0
13,0.82,1.0
13,0.83,1.0
13,0.84,1.0
13,0.85,1.0
14,0.01,0.0045045045045045045
14,0.02,0.009009009009009009
14,0.03,0.015765765765765764
14,0.04,0.02252252252252252
14,0.05,0.038288288288288286
14,0.06,0.05855855855855856
14,0.07,0.06531531531531531
14,0.08,0.07207207207207207
14,0.09,0.07882882882882883
14,0.1,0.09684684684684684
14,0.11,0.10810810810810811
14,0.12,0.11711711711711711
14,0.13,0.12612612612612611
14,0.14,0.1373873873873874
14,0.15,0.15315315315315314
14,0.16,0.16216216216216217
14,0.17,0.17117117117117117
14,0.18,0.19594594594594594
14,0.19,0.20495495495495494
14,0.2,0.22072072072072071
14,0.21,0.23423423423423423
14,0.22,0.24324324324324326
14,0.23,0.25900900900900903
14,0.24,0.26576576576576577
14,0.25,0.28153153153153154
14,0.26,0.2927927927927928
14,0.27,0.3130630630630631
14,0.28,0.32432432432432434
14,0.29,0.3400900900900901
14,0.3,0.36036036036036034
14,0.31,0.38963963963963966
14,0.32,0.4009009009009009
14,0.33,0.4189189189189189
14,0.34,0.4346846846846847
14,0.35,0.45045045045045046
14,0.36,0.47297297297297297
14,0.37,0.5067567567567568
14,0.38,0.527027027027027
14,0.39,0.5653153153153153
14,0.4,0.5900900900900901
14,0.41,0.6283783783783784
14,0.42,0.6509009009009009
14,0.43,0.6914414414414415
14,0.44,0.7184684684684685
14,0.45,0.7477477477477478
14,0.46,0.777027027027027
14,0.47,0.8108108108108109
14,0.48,0.8400900900900901
14,0.49,0.8603603603603603
14,0.5,0.8851351351351351
14,0.51,0.9076576576576577
14,0.52,0.9256756756756757
14,0.53,0.9391891891891891
14,0.54,0.9504504504504504
14,0.55,0.9594594594594594
14,0.56,0.9684684684684685
14,0.57,0.9707207207207207
14,0.58,0.9752252252252253
14,0.59,0.9774774774774775
14,0.6,0.9842342342342343
14,0.61,0.9842342342342343
14,0.62,0.9842342342342343
14,0.63,0.9864864864864865
14,0.64,0.9864864864864865
14,0.65,0.990990990990991
14,0.66,0.990990990990991
14,0.67,0.9932432432432432
14,0.68,0.9954954954954955
14,0.69,0.9954954954954955
14,0.7,0.9954954954954955
14,0.71,0.9954954954954955
14,0.72,0.9954954954954955
14,0.73,0.9977477477477478
14,0.74,0.9977477477477478
14,0.75,0.9977477477477478
14,0.76,0.9977477477477478
14,0.77,1.0
14,0.78,1.0
14,0.79,1.0
14,0.8,1.0
14,0.81,1.0
14,0.82,1.0
14,0.83,1.0
14,0.84,1.0
14,0.85,1.0
15,0.01,0.0045045045045045045
15,0.02,0.009009009009009009
15,0.03,0.015765765765765764
15,0.04,0.02252252252252252
15,0.05,0.038288288288288286
15,0.06,0.05855855855855856
15,0.07,0.06531531531531531
15,0.08,0.07207207207207207
15,0.09,0.07882882882882883
15,0.1,0.09684684684684684
15,0.11,0.10810810810810811
15,0.12,0.11711711711711711
15,0.13,0.12612612612612611
15,0.14,0.1373873873873874
15,0.15,0.15315315315315314
15,0.16,0.16216216216216217
15,0.17,0.17117117117117117
15,0.18,0.19594594594594594
15,0.19,0.20495495495495494
15,0.2,0.22072072072072071
15,0.21,0.23423423423423423
15,0.22,0.24324324324324326
15,0.23,0.25900900900900903
15,0.24,0.26576576576576577
15,0.25,0.28153153153153154
15,0.26,0.2927927927927928
15,0.27,0.3130630630630631
15,0.28,0.32432432432432434
15,0.29,0.3400900900900901
15,0.3,0.36036036036036034
15,0.31,0.38963963963963966
15,0.32,0.4009009009009009
15,0.33,0.4189189189189189
15,0.34,0.4346846846846847
15,0.35,0.45045045045045046
15,0.36,0.47297297297297297
15,0.37,0.5067567567567568
15,0.38,0.527027027027027
15,0.39,0.5653153153153153
15,0.4,0.5900900900900901
15,0.41,0.6283783783783784
15,0.42,0.6509009009009009
15,0.43,0.6914414414414415
15,0.44,0.7184684684684685
15,0.45,0.7477477477477478
15,0.46,0.777027027027027
15,0.47,0.8108108108108109
15,0.48,0.8400900900900901
15,0.49,0.8603603603603603
15,0.5,0.8851351351351351
15,0.51,0.9076576576576577
15,0.52,0.9256756756756757
15,0.53,0.9391891891891891
15,0.54,0.9504504504504504
15,0.55,0.9594594594594594
15,0.56,0.9684684684684685
15,0.57,0.9707207207207207
15,0.58,0.9752252252252253
15,0.59,0.9774774774774775
15,0.6,0.9842342342342343
15,0.61,0.9842342342342343
15,0.62,0.9842342342342343
15,0.63,0.9864864864864865
15,0.64,0.9864864864864865
15,0.65,0.990990990990991
15,0.66,0.990990990990991
15,0.67,0.9932432432432432
15,0.68,0.9954954954954955
15,0.69,0.9954954954954955
15,0.7,0.9954954954954955
15,0.71,0.9954954954954955
15,0.72,0.9954954954954955
15,0.73,0.9977477477477478
15,0.74,0.9977477477477478
15,0.75,0.9977477477477478
15,0.76,0.9977477477477478
15,0.77,1.0
15,0.78,1.0
15,0.79,1.0
15,0.8,1.0
15,0.81,1.0
15,0.82,1.0
15,0.83,1.0
15,0.84,1.0
15,0.85,1.0
16,0.01,0.0045045045045045045
16,0.02,0.009009009009009009
16,0.03,0.015765765765765764
16,0.04,0.02252252252252252
16,0.05,0.038288288288288286
16,0.06,0.05855855855855856
16,0.07,0.06531531531531531
16,0.08,0.07207207207207207
16,0.09,0.07882882882882883
16,0.1,0.09684684684684684
16,0.11,0.10810810810810811
16,0.12,0.11711711711711711
16,0.13,0.12612612612612611
16,0.14,0.1373873873873874
16,0.15,0.15315315315315314
16,0.16,0.16216216216216217
16,0.17,0.17117117117117117
16,0.18,0.19594594594594594
16,0.19,0.20495495495495494
16,0.2,0.22072072072072071
16,0.21,0.23423423423423423
16,0.22,0.24324324324324326
16,0.23,0.25900900900900903
16,0.24,0.26576576576576577
16,0.25,0.28153153153153154
16,0.26,0.2927927927927928
16,0.27,0.3130630630630631
16,0.28,0.32432432432432434
16,0.29,0.3400900900900901
16,0.3,0.36036036036036034
16,0.31,0.38963963963963966
16,0.32,0.4009009009009009
16,0.33,0.4189189189189189
16,0.34,0.4346846846846847
16,0.35,0.45045045045045046
16,0.36,0.47297297297297297
16,0.37,0.5067567567567568
16,0.38,0.527027027027027
16,0.39,0.5653153153153153
16,0.4,0.5900900900900901
16,0.41,0.6283783783783784
16,0.42,0.6509009009009009
16,0.43,0.6914414414414415
16,0.44,0.7184684684684685
16,0.45,0.7477477477477478
16,0.46,0.777027027027027
16,0.47,0.8108108108108109
16,0.48,0.8400900900900901
16,0.49,0.8603603603603603
16,0.5,0.8851351351351351
16,0.51,0.9076576576576577
16,0.52,0.9256756756756757
16,0.53,0.9391891891891891
16,0.54,0.9504504504504504
16,0.55,0.9594594594594594
16,0.56,0.9684684684684685
16,0.57,0.9707207207207207
16,0.58,0.9752252252252253
16,0.59,0.9774774774774775
16,0.6,0.9842342342342343
16,0.61,0.9842342342342343
16,0.62,0.9842342342342343
16,0.63,0.9864864864864865
16,0.64,0.9864864864864865
16,0.65,0.990990990990991
16,0.66,0.990990990990991
16,0.67,0.9932432432432432
16,0.68,0.9954954954954955
16,0.69,0.9954954954954955
16,0.7,0.9954954954954955
16,0.71,0.9954954954954955
16,0.72,0.9954954954954955
16,0.73,0.9977477477477478
16,0.74,0.9977477477477478
16,0.75,0.9977477477477478
16,0.76,0.9977477477477478
16,0.77,1.0
16,0.78,1.0
16,0.79,1.0
16,0.8,1.0
16,0.81,1.0
16,0.82,1.0
16,0.83,1.0
16,0.84,1.0
16,0.85,1.0
17,0.01,0.0045045045045045045
17,0.02,0.009009009009009009
17,0.03,0.015765765765765764
17,0.04,0.02252252252252252
17,0.05,0.038288288288288286
17,0.06,0.05855855855855856
17,0.07,0.06531531531531531
17,0.08,0.07207207207207207
17,0.09,0.07882882882882883
17,0.1,0.09684684684684684
17,0.11,0.10810810810810811
17,0.12,0.11711711711711711
17,0.13,0.12612612612612611
17,0.14,0.1373873873873874
17,0.15,0.15315315315315314
17,0.16,0.16216216216216217
17,0.17,0.17117117117117117
17,0.18,0.19594594594594594
17,0.19,0.20495495495495494
17,0.2,0.22072072072072071
17,0.21,0.23423423423423423
17,0.22,0.24324324324324326
17,0.23,0.25900900900900903
17,0.24,0.26576576576576577
17,0.25,0.28153153153153154
17,0.26,0.2927927927927928
17,0.27,0.3130630630630631
17,0.28,0.32432432432432434
17,0.29,0.3400900900900901
17,0.3,0.36036036036036034
17,0.31,0.38963963963963966
17,0.32,0.4009009009009009
17,0.33,0.4189189189189189
17,0.34,0.4346846846846847
17,0.35,0.45045045045045046
17,0.36,0.47297297297297297
17,0.37,0.5067567567567568
17,0.38,0.527027027027027
17,0.39,0.5653153153153153
17,0.4,0.5900900900900901
17,0.41,0.6283783783783784
17,0.42,0.6509009009009009
17,0.43,0.6914414414414415
17,0.44,0.7184684684684685
17,0.45,0.7477477477477478
17,0.46,0.777027027027027
17,0.47,0.8108108108108109
17,0.48,0.8400900900900901
17,0.49,0.8603603603603603
17,0.5,0.8851351351351351
17,0.51,0.9076576576576577
17,0.52,0.9256756756756757
17,0.53,0.9391891891891891
17,0.54,0.9504504504504504
17,0.55,0.9594594594594594
17,0.56,0.9684684684684685
17,0.57,0.9707207207207207
17,0.58,0.9752252252252253
17,0.59,0.9774774774774775
17,0.6,0.9842342342342343
17,0.61,0.9842342342342343
17,0.62,0.9842342342342343
17,0.63,0.9864864864864865
17,0.64,0.9864864864864865
17,0.65,0.990990990990991
17,0.66,0.990990990990991
17,0.67,0.9932432432432432
17,0.68,0.9954954954954955
17,0.69,0.9954954954954955
17,0.7,0.9954954954954955
17,0.71,0.9954954954954955
17,0.72,0.9954954954954955
17,0.73,0.9977477477477478
17,0.74,0.9977477477477478
17,0.75,0.9977477477477478
17,0.76,0.9977477477477478
17,0.77,1.0
17,0.78,1.0
17,0.79,1.0
17,0.8,1.0
17,0.81,1.0
17,0.82,1.0
17,0.83,1.0
17,0.84,1.0
17,0.85,1.0
18,0.01,0.0045045045045045045
18,0.02,0.009009009009009009
18,0.03,0.015765765765765764
18,0.04,0.02252252252252252
18,0.05,0.038288288288288286
18,0.06,0.05855855855855856
18,0.07,0.06531531531531531
18,0.08,0.07207207207207207
18,0.09,0.07882882882882883
18,0.1,0.09684684684684684
18,0.11,0.10810810810810811
18,0.12,0.11711711711711711
18,0.13,0.12612612612612611
18,0.14,0.1373873873873874
18,0.15,0.15315315315315314
18,0.16,0.16216216216216217
18,0.17,0.17117117117117117
18,0.18,0.19594594594594594
18,0.19,0.20495495495495494
18,0.2,0.22072072072072071
18,0.21,0.23423423423423423
18,0.22,0.24324324324324326
18,0.23,0.25900900900900903
18,0.24,0.26576576576576577
18,0.25,0.28153153153153154
18,0.26,0.2927927927927928
18,0.27,0.3130630630630631
18,0.28,0.32432432432432434
18,0.29,0.3400900900900901
18,0.3,0.36036036036036034
18,0.31,0.38963963963963966
18,0.32,0.4009009009009009
18,0.33,0.4189189189189189
18,0.34,0.4346846846846847
18,0.35,0.45045045045045046
18,0.36,0.47297297297297297
18,0.37,0.5067567567567568
18,0.38,0.527027027027027
18,0.39,0.5653153153153153
18,0.4,0.5900900900900901
18,0.41,0.6283783783783784
18,0.42,0.6509009009009009
18,0.43,0.6914414414414415
18,0.44,0.7184684684684685
18,0.45,0.7477477477477478
18,0.46,0.777027027027027
18,0.47,0.8108108108108109
18,0.48,0.8400900900900901
18,0.49,0.8603603603603603
18,0.5,0.8851351351351351
18,0.51,0.9076576576576577
18,0.52,0.9256756756756757
18,0.53,0.9391891891891891
18,0.54,0.9504504504504504
18,0.55,0.9594594594594594
18,0.56,0.9684684684684685
18,0.57,0.9707207207207207
18,0.58,0.9752252252252253
18,0.59,0.9774774774774775
18,0.6,0.9842342342342343
18,0.61,0.9842342342342343
18,0.62,0.9842342342342343
18,0.63,0.9864864864864865
18,0.64,0.9864864864864865
18,0.65,0.990990990990991
18,0.66,0.990990990990991
18,0.67,0.9932432432432432
18,0.68,0.9954954954954955
18,0.69,0.9954954954954955
18,0.7,0.9954954954954955
18,0.71,0.9954954954954955
18,0.72,0.9954954954954955
18,0.73,0.9977477477477478
18,0.74,0.9977477477477478
18,0.75,0.9977477477477478
18,0.76,0.9977477477477478
18,0.77,1.0
18,0.78,1.0
18,0.79,1.0
18,0.8,1.0
18,0.81,1.0
18,0.82,1.0
18,0.83,1.0
18,0.84,1.0
18,0.85,1.0
19,0.01,0.0045045045045045045
19,0.02,0.009009009009009009
19,0.03,0.015765765765765764
19,0.04,0.02252252252252252
19,0.05,0.038288288288288286
19,0.06,0.05855855855855856
19,0.07,0.06531531531531531
19,0.08,0.07207207207207207
19,0.09,0.07882882882882883
19,0.1,0.09684684684684684
19,0.11,0.10810810810810811
19,0.12,0.11711711711711711
19,0.13,0.12612612612612611
19,0.14,0.1373873873873874
19,0.15,0.15315315315315314
19,0.16,0.16216216216216217
19,0.17,0.17117117117117117
19,0.18,0.19594594594594594
19,0.19,0.20495495495495494
19,0.2,0.22072072072072071
19,0.21,0.23423423423423423
19,0.22,0.24324324324324326
19,0.23,0.25900900900900903
19,0.24,0.26576576576576577
19,0.25,0.28153153153153154
19,0.26,0.2927927927927928
19,0.27,0.3130630630630631
19,0.28,0.32432432432432434
19,0.29,0.3400900900900901
19,0.3,0.36036036036036034
19,0.31,0.38963963963963966
19,0.32,0.4009009009009009
19,0.33,0.4189189189189189
19,0.34,0.4346846846846847
19,0.35,0.45045045045045046
19,0.36,0.47297297297297297
19,0.37,0.5067567567567568
19,0.38,0.527027027027027
19,0.39,0.5653153153153153
19,0.4,0.5900900900900901
19,0.41,0.6283783783783784
19,0.42,0.6509009009009009
19,0.43,0.6914414414414415
19,0.44,0.7184684684684685
19,0.45,0.7477477477477478
19,0.46,0.777027027027027
19,0.47,0.8108108108108109
19,0.48,0.8400900900900901
19,0.49,0.8603603603603603
19,0.5,0.8851351351351351
19,0.51,0.9076576576576577
19,0.52,0.9256756756756757
19,0.53,0.9391891891891891
19,0.54,0.9504504504504504
19,0.55,0.9594594594594594
19,0.56,0.9684684684684685
19,0.57,0.9707207207207207
19,0.58,0.9752252252252253
19,0.59,0.9774774774774775
19,0.6,0.9842342342342343
19,0.61,0.9842342342342343
19,0.62,0.9842342342342343
19,0.63,0.9864864864864865
19,0.64,0.9864864864864865
19,0.65,0.990990990990991
19,0.66,0.990990990990991
19,0.67,0.9932432432432432
19,0.68,0.9954954954954955
19,0.69,0.9954954954954955
19,0.7,0.9954954954954955
19,0.71,0.9954954954954955
19,0.72,0.9954954954954955
19,0.73,0.9977477477477478
19,0.74,0.9977477477477478
19,0.75,0.9977477477477478
19,0.76,0.9977477477477478
19,0.77,1.0
19,0.78,1.0
19,0.79,1.0
19,0.8,1.0
19,0.81,1.0
19,0.82,1.0
19,0.83,1.0
19,0.84,1.0
19,0.85,1.0
20,0.01,0.0045045045045045045
20,0.02,0.009009009009009009
20,0.03,0.015765765765765764
20,0.04,0.02252252252252252
20,0.05,0.038288288288288286
20,0.06,0.05855855855855856
20,0.07,0.06531531531531531
20,0.08,0.07207207207207207
20,0.09,0.07882882882882883
20,0.1,0.09684684684684684
20,0.11,0.10810810810810811
20,0.12,0.11711711711711711
20,0.13,0.12612612612612611
20,0.14,0.1373873873873874
20,0.15,0.15315315315315314
20,0.16,0.16216216216216217
20,0.17,0.17117117117117117
20,0.18,0.19594594594594594
20,0.19,0.20495495495495494
20,0.2,0.22072072072072071
20,0.21,0.23423423423423423
20,0.22,0.24324324324324326
20,0.23,0.25900900900900903
20,0.24,0.26576576576576577
20,0.25,0.28153153153153154
20,0.26,0.2927927927927928
20,0.27,0.3130630630630631
20,0.28,0.32432432432432434
20,0.29,0.3400900900900901
20,0.3,0.36036036036036034
20,0.31,0.38963963963963966
20,0.32,0.4009009009009009
20,0.33,0.4189189189189189
20,0.34,0.4346846846846847
20,0.35,0.45045045045045046
20,0.36,0.47297297297297297
20,0.37,0.5067567567567568
20,0.38,0.527027027027027
20,0.39,0.5653153153153153
20,0.4,0.5900900900900901
20,0.41,0.6283783783783784
20,0.42,0.6509009009009009
20,0.43,0.6914414414414415
20,0.44,0.7184684684684685
20,0.45,0.7477477477477478
20,0.46,0.777027027027027
20,0.47,0.8108108108108109
20,0.48,0.8400900900900901
20,0.49,0.8603603603603603
20,0.5,0.8851351351351351
20,0.51,0.9076576576576577
20,0.52,0.9256756756756757
20,0.53,0.9391891891891891
20,0.54,0.9504504504504504
20,0.55,0.9594594594594594
20,0.56,0.9684684684684685
20,0.57,0.9707207207207207
20,0.58,0.9752252252252253
20,0.59,0.9774774774774775
20,0.6,0.9842342342342343
20,0.61,0.9842342342342343
20,0.62,0.9842342342342343
20,0.63,0.9864864864864865
20,0.64,0.9864864864864865
20,0.65,0.990990990990991
20,0.66,0.990990990990991
20,0.67,0.9932432432432432
20,0.68,0.9954954954954955
20,0.69,0.9954954954954955
20,0.7,0.9954954954954955
20,0.71,0.9954954954954955
20,0.72,0.9954954954954955
20,0.73,0.9977477477477478
20,0.74,0.9977477477477478
20,0.75,0.9977477477477478
20,0.76,0.9977477477477478
20,0.77,1.0
20,0.78,1.0
20,0.79,1.0
20,0.8,1.0
20,0.81,1.0
20,0.82,1.0
20,0.83,1.0
20,0.84,1.0
20,0.85,1.0
21,0.01,0.0045045045045045045
21,0.02,0.009009009009009009
21,0.03,0.015765765765765764
21,0.04,0.02252252252252252
21,0.05,0.038288288288288286
21,0.06,0.05855855855855856
21,0.07,0.06531531531531531
21,0.08,0.07207207207207207
21,0.09,0.07882882882882883
21,0.1,0.09684684684684684
21,0.11,0.10810810810810811
21,0.12,0.11711711711711711
21,0.13,0.12612612612612611
21,0.14,0.1373873873873874
21,0.15,0.15315315315315314
21,0.16,0.16216216216216217
21,0.17,0.17117117117117117
21,0.18,0.19594594594594594
21,0.19,0.20495495495495494
21,0.2,0.22072072072072071
21,0.21,0.23423423423423423
21,0.22,0.24324324324324326
21,0.23,0.25900900900900903
21,0.24,0.26576576576576577
21,0.25,0.28153153153153154
21,0.26,0.2927927927927928
21,0.27,0.3130630630630631
21,0.28,0.32432432432432434
21,0.29,0.3400900900900901
21,0.3,0.36036036036036034
21,0.31,0.38963963963963966
21,0.32,0.4009009009009009
21,0.33,0.4189189189189189
21,0.34,0.4346846846846847
21,0.35,0.45045045045045046
21,0.36,0.47297297297297297
21,0.37,0.5067567567567568
21,0.38,0.527027027027027
21,0.39,0.5653153153153153
21,0.4,0.5900900900900901
21,0.41,0.6283783783783784
21,0.42,0.6509009009009009
21,0.43,0.6914414414414415
21,0.44,0.7184684684684685
21,0.45,0.7477477477477478
21,0.46,0.777027027027027
21,0.47,0.8108108108108109
21,0.48,0.8400900900900901
21,0.49,0.8603603603603603
21,0.5,0.8851351351351351
21,0.51,0.9076576576576577
21,0.52,0.9256756756756757
21,0.53,0.9391891891891891
21,0.54,0.9504504504504504
21,0.55,0.9594594594594594
21,0.56,0.9684684684684685
21,0.57,0.9707207207207207
21,0.58,0.9752252252252253
21,0.59,0.9774774774774775
21,0.6,0.9842342342342343
21,0.61,0.9842342342342343
21,0.62,0.9842342342342343
21,0.63,0.9864864864864865
21,0.64,0.9864864864864865
21,0.65,0.990990990990991
21,0.66,0.990990990990991
21,0.67,0.9932432432432432
21,0.68,0.9954954954954955
21,0.69,0.9954954954954955
21,0.7,0.9954954954954955
21,0.71,0.9954954954954955
21,0.72,0.9954954954954955
21,0.73,0.9977477477477478
21,0.74,0.9977477477477478
21,0.75,0.9977477477477478
21,0.76,0.9977477477477478
21,0.77,1.0
21,0.78,1.0
21,0.79,1.0
21,0.8,1.0
21,0.81,1.0
21,0.82,1.0
21,0.83,1.0
21,0.84,1.0
21,0.85,1.0
22,0.01,0.0045045045045045045
22,0.02,0.009009009009009009
22,0.03,0.015765765765765764
22,0.04,0.02252252252252252
22,0.05,0.038288288288288286
22,0.06,0.05855855855855856
22,0.07,0.06531531531531531
22,0.08,0.07207207207207207
22,0.09,0.07882882882882883
22,0.1,0.09684684684684684
22,0.11,0.10810810810810811
22,0.12,0.11711711711711711
22,0.13,0.12612612612612611
22,0.14,0.1373873873873874
22,0.15,0.15315315315315314
22,0.16,0.16216216216216217
22,0.17,0.17117117117117117
22,0.18,0.19594594594594594
22,0.19,0.20495495495495494
22,0.2,0.22072072072072071
22,0.21,0.23423423423423423
22,0.22,0.24324324324324326
22,0.23,0.25900900900900903
22,0.24,0.26576576576576577
22,0.25,0.28153153153153154
22,0.26,0.2927927927927928
22,0.27,0.3130630630630631
22,0.28,0.32432432432432434
22,0.29,0.3400900900900901
22,0.3,0.36036036036036034
22,0.31,0.38963963963963966
22,0.32,0.4009009009009009
22,0.33,0.4189189189189189
22,0.34,0.4346846846846847
22,0.35,0.45045045045045046
22,0.36,0.47297297297297297
22,0.37,0.5067567567567568
22,0.38,0.527027027027027
22,0.39,0.5653153153153153
22,0.4,0.5900900900900901
22,0.41,0.6283783783783784
22,0.42,0.6509009009009009
22,0.43,0.6914414414414415
22,0.44,0.7184684684684685
22,0.45,0.7477477477477478
22,0.46,0.777027027027027
22,0.47,0.8108108108108109
22,0.48,0.8400900900900901
22,0.49,0.8603603603603603
22,0.5,0.8851351351351351
22,0.51,0.9076576576576577
22,0.52,0.9256756756756757
22,0.53,0.9391891891891891
22,0.54,0.9504504504504504
22,0.55,0.9594594594594594
22,0.56,0.9684684684684685
22,0.57,0.9707207207207207
22,0.58,0.9752252252252253
22,0.59,0.9774774774774775
22,0.6,0.9842342342342343
22,0.61,0.9842342342342343
22,0.62,0.9842342342342343
22,0.63,0.9864864864864865
22,0.64,0.9864864864864865
22,0.65,0.990990990990991
22,0.66,0.990990990990991
22,0.67,0.9932432432432432
22,0.68,0.9954954954954955
22,0.69,0.9954954954954955
22,0.7,0.9954954954954955
22,0.71,0.9954954954954955
22,0.72,0.9954954954954955
22,0.73,0.9977477477477478
22,0.74,0.9977477477477478
22,0.75,0.9977477477477478
22,0.76,0.9977477477477478
22,0.77,1.0
22,0.78,1.0
22,0.79,1.0
22,0.8,1.0
22,0.81,1.0
22,0.82,1.0
22,0.83,1.0
22,0.84,1.0
22,0.85,1.0
23,0.01,0.0045045045045045045
23,0.02,0.009009009009009009
23,0.03,0.015765765765765764
23,0.04,0.02252252252252252
23,0.05,0.038288288288288286
23,0.06,0.05855855855855856
23,0.07,0.06531531531531531
23,0.08,0.07207207207207207
23,0.09,0.07882882882882883
23,0.1,0.09684684684684684
23,0.11,0.10810810810810811
23,0.12,0.11711711711711711
23,0.13,0.12612612612612611
23,0.14,0.1373873873873874
23,0.15,0.15315315315315314
23,0.16,0.16216216216216217
23,0.17,0.17117117117117117
23,0.18,0.19594594594594594
23,0.19,0.20495495495495494
23,0.2,0.22072072072072071
23,0.21,0.23423423423423423
23,0.22,0.24324324324324326
23,0.23,0.25900900900900903
23,0.24,0.26576576576576577
23,0.25,0.28153153153153154
23,0.26,0.2927927927927928
23,0.27,0.3130630630630631
23,0.28,0.32432432432432434
23,0.29,0.3400900900900901
23,0.3,0.36036036036036034
23,0.31,0.38963963963963966
23,0.32,0.4009009009009009
23,0.33,0.4189189189189189
23,0.34,0.4346846846846847
23,0.35,0.45045045045045046
23,0.36,0.47297297297297297
23,0.37,0.5067567567567568
23,0.38,0.527027027027027
23,0.39,0.5653153153153153
23,0.4,0.5900900900900901
23,0.41,0.6283783783783784
23,0.42,0.6509009009009009
23,0.43,0.6914414414414415
23,0.44,0.7184684684684685
23,0.45,0.7477477477477478
23,0.46,0.777027027027027
23,0.47,0.8108108108108109
23,0.48,0.8400900900900901
23,0.49,0.8603603603603603
23,0.5,0.8851351351351351
23,0.51,0.9076576576576577
23,0.52,0.9256756756756757
23,0.53,0.9391891891891891
23,0.54,0.9504504504504504
23,0.55,0.9594594594594594
23,0.56,0.9684684684684685
23,0.57,0.9707207207207207
23,0.58,0.9752252252252253
23,0.59,0.9774774774774775
23,0.6,0.9842342342342343
23,0.61,0.9842342342342343
23,0.62,0.9842342342342343
23,0.63,0.9864864864864865
23,0.64,0.9864864864864865
23,0.65,0.990990990990991
23,0.66,0.990990990990991
23,0.67,0.9932432432432432
23,0.68,0.9954954954954955
23,0.69,0.9954954954954955
23,0.7,0.9954954954954955
23,0.71,0.9954954954954955
23,0.72,0.9954954954954955
23,0.73,0.9977477477477478
23,0.74,0.9977477477477478
23,0.75,0.9977477477477478
23,0.76,0.9977477477477478
23,0.77,1.0
23,0.78,1.0
23,0.79,1.0
23,0.8,1.0
23,0.81,1.0
23,0.82,1.0
23,0.83,1.0
23,0.84,1.0
23,0.85,1.0
24,0.01,0.0045045045045045045
24,0.02,0.009009009009009009
24,0.03,0.015765765765765764
24,0.04,0.02252252252252252
24,0.05,0.038288288288288286
24,0.06,0.05855855855855856
24,0.07,0.06531531531531531
24,0.08,0.07207207207207207
24,0.09,0.07882882882882883
24,0.1,0.09684684684684684
24,0.11,0.10810810810810811
24,0.12,0.11711711711711711
24,0.13,0.12612612612612611
24,0.14,0.1373873873873874
24,0.15,0.15315315315315314
24,0.16,0.16216216216216217
24,0.17,0.17117117117117117
24,0.18,0.19594594594594594
24,0.19,0.20495495495495494
24,0.2,0.22072072072072071
24,0.21,0.23423423423423423
24,0.22,0.24324324324324326
24,0.23,0.25900900900900903
24,0.24,0.26576576576576577
24,0.25,0.28153153153153154
24,0.26,0.2927927927927928
24,0.27,0.3130630630630631
24,0.28,0.32432432432432434
24,0.29,0.3400900900900901
24,0.3,0.36036036036036034
24,0.31,0.38963963963963966
24,0.32,0.4009009009009009
24,0.33,0.4189189189189189
24,0.34,0.4346846846846847
24,0.35,0.45045045045045046
24,0.36,0.47297297297297297
24,0.37,0.5067567567567568
24,0.38,0.527027027027027
24,0.39,0.5653153153153153
24,0.4,0.5900900900900901
24,0.41,0.6283783783783784
24,0.42,0.6509009009009009
24,0.43,0.6914414414414415
24,0.44,0.7184684684684685
24,0.45,0.7477477477477478
24,0.46,0.777027027027027
24,0.47,0.8108108108108109
24,0.48,0.8400900900900901
24,0.49,0.8603603603603603
24,0.5,0.8851351351351351
24,0.51,0.9076576576576577
24,0.52,0.9256756756756757
24,0.53,0.9391891891891891
24,0.54,0.9504504504504504
24,0.55,0.9594594594594594
24,0.56,0.9684684684684685
24,0.57,0.9707207207207207
24,0.58,0.9752252252252253
24,0.59,0.9774774774774775
24,0.6,0.9842342342342343
24,0.61,0.9842342342342343
24,0.62,0.9842342342342343
24,0.63,0.9864864864864865
24,0.64,0.9864864864864865
24,0.65,0.990990990990991
24,0.66,0.990990990990991
24,0.67,0.9932432432432432
24,0.68,0.9954954954954955
24,0.69,0.9954954954954955
24,0.7,0.9954954954954955
24,0.71,0.9954954954954955
24,0.72,0.9954954954954955
24,0.73,0.9977477477477478
24,0.74,0.9977477477477478
24,0.75,0.9977477477477478
24,0.76,0.9977477477477478
24,0.77,1.0
24,0.78,1.0
24,0.79,1.0
24,0.8,1.0
24,0.81,1.0
24,0.82,1.0
24,0.83,1.0
24,0.84,1.0
24,0.85,1.0
25,0.01,0.0045045045045045045
25,0.02,0.009009009009009009
25,0.03,0.015765765765765764
25,0.04,0.02252252252252252
25,0.05,0.038288288288288286
25,0.06,0.05855855855855856
25,0.07,0.06531531531531531
25,0.08,0.07207207207207207
25,0.09,0.07882882882882883
25,0.1,0.09684684684684684
25,0.11,0.10810810810810811
25,0.12,0.11711711711711711
25,0.13,0.12612612612612611
25,0.14,0.1373873873873874
25,0.15,0.15315315315315314
25,0.16,0.16216216216216217
25,0.17,0.17117117117117117
25,0.18,0.19594594594594594
25,0.19,0.20495495495495494
25,0.2,0.22072072072072071
25,0.21,0.23423423423423423
25,0.22,0.24324324324324326
25,0.23,0.25900900900900903
25,0.24,0.26576576576576577
25,0.25,0.28153153153153154
25,0.26,0.2927927927927928
25,0.27,0.3130630630630631
25,0.28,0.32432432432432434
25,0.29,0.3400900900900901
25,0.3,0.36036036036036034
25,0.31,0.38963963963963966
25,0.32,0.4009009009009009
25,0.33,0.4189189189189189
25,0.34,0.4346846846846847
25,0.35,0.45045045045045046
25,0.36,0.47297297297297297
25,0.37,0.5067567567567568
25,0.38,0.527027027027027
25,0.39,0.5653153153153153
25,0.4,0.5900900900900901
25,0.41,0.6283783783783784
25,0.42,0.6509009009009009
25,0.43,0.6914414414414415
25,0.44,0.7184684684684685
25,0.45,0.7477477477477478
25,0.46,0.777027027027027
25,0.47,0.8108108108108109
25,0.48,0.8400900900900901
25,0.49,0.8603603603603603
25,0.5,0.8851351351351351
25,0.51,0.9076576576576577
25,0.52,0.9256756756756757
25,0.53,0.9391891891891891
25,0.54,0.9504504504504504
25,0.55,0.9594594594594594
25,0.56,0.9684684684684685
25,0.57,0.9707207207207207
25,0.58,0.9752252252252253
25,0.59,0.9774774774774775
25,0.6,0.9842342342342343
25,0.61,0.9842342342342343
25,0.62,0.9842342342342343
25,0.63,0.9864864864864865
25,0.64,0.9864864864864865
25,0.65,0.990990990990991
25,0.66,0.990990990990991
25,0.67,0.9932432432432432
25,0.68,0.9954954954954955
25,0.69,0.9954954954954955
25,0.7,0.9954954954954955
25,0.71,0.9954954954954955
25,0.72,0.9954954954954955
25,0.73,0.9977477477477478
25,0.74,0.9977477477477478
25,0.75,0.9977477477477478
25,0.76,0.9977477477477478
25,0.77,1.0
25,0.78,1.0
25,0.79,1.0
25,0.8,1.0
25,0.81,1.0
25,0.82,1.0
25,0.83,1.0
25,0.84,1.0
25,0.85,1.0
26,0.01,0.007677543186180422
26,0.02,0.02495201535508637
26,0.03,0.026871401151631478
26,0.04,0.030710172744721688
26,0.05,0.04030710172744722
26,0.06,0.05182341650671785
26,0.07,0.06333973128598848
26,0.08,0.07293666026871401
26,0.09,0.07869481765834933
26,0.1,0.09213051823416507
26,0.11,0.1017274472168906
26,0.12,0.10748560460652591
26,0.13,0.12667946257197696
26,0.14,0.1401151631477927
26,0.15,0.14395393474088292
26,0.16,0.14971209213051823
26,0.17,0.16314779270633398
26,0.18,0.1746641074856046
26,0.19,0.1785028790786948
26,0.2,0.19385796545105566
26,0.21,0.21305182341650672
26,0.22,0.21880998080614203
26,0.23,0.22840690978886757
26,0.24,0.23224568138195778
26,0.25,0.2514395393474088
26,0.26,0.26103646833013433
26,0.27,0.2763915547024952
26,0.28,0.2840690978886756
26,0.29,0.29558541266794625
26,0.3,0.33013435700575816
26,0.31,0.3474088291746641
26,0.32,0.3666026871401152
26,0.33,0.3761996161228407
26,0.34,0.4145873320537428
26,0.35,0.43570057581573896
26,0.36,0.45873320537428025
26,0.37,0.4856046065259117
26,0.38,0.5067178502879078
26,0.39,0.5239923224568138
26,0.4,0.5547024952015355
26,0.41,0.5911708253358925
26,0.42,0.6218809980806143
26,0.43,0.6410748560460653
26,0.44,0.6679462571976967
26,0.45,0.6890595009596929
26,0.46,0.7216890595009597
26,0.47,0.7504798464491362
26,0.48,0.7754318618042226
26,0.49,0.8042226487523992
26,0.5,0.8387715930902111
26,0.51,0.8637236084452975
26,0.52,0.8790786948176583
26,0.53,0.9021113243761996
26,0.54,0.9309021113243762
26,0.55,0.9500959692898272
26,0.56,0.9558541266794626
26,0.57,0.963531669865643
26,0.58,0.9673704414587332
26,0.59,0.980806142034549
26,0.6,0.9846449136276392
26,0.61,0.9884836852207294
26,0.62,0.9884836852207294
26,0.63,0.9904030710172744
26,0.64,0.9904030710172744
26,0.65,0.9923224568138196
26,0.66,0.9923224568138196
26,0.67,0.9942418426103646
26,0.68,0.9942418426103646
26,0.69,0.9961612284069098
26,0.7,0.9961612284069098
26,0.71,0.9961612284069098
26,0.72,0.9961612284069098
26,0.73,0.9961612284069098
26,0.74,0.9961612284069098
26,0.75,0.9961612284069098
26,0.76,0.9961612284069098
26,0.77,0.9961612284069098
26,0.78,0.9980806142034548
26,0.79,0.9980806142034548
26,0.8,0.9980806142034548
26,0.81,0.9980806142034548
26,0.82,0.9980806142034548
26,0.83,0.9980806142034548
26,0.84,0.9980806142034548
26,0.85,0.9980806142034548
27,0.01,0.003355704697986577
27,0.02,0.013422818791946308
27,0.03,0.020134228187919462
27,0.04,0.028523489932885907
27,0.05,0.03355704697986577
27,0.06,0.04697986577181208
27,0.07,0.053691275167785234
27,0.08,0.06711409395973154
27,0.09,0.07550335570469799
27,0.1,0.07885906040268456
27,0.11,0.087248322147651
27,0.12,0.09060402684563758
27,0.13,0.1040268456375839
27,0.14,0.11577181208053691
27,0.15,0.1342281879194631
27,0.16,0.14093959731543623
27,0.17,0.15100671140939598
27,0.18,0.16275167785234898
27,0.19,0.174496644295302
27,0.2,0.18959731543624161
27,0.21,0.2080536912751678
27,0.22,0.2181208053691275
27,0.23,0.22986577181208054
27,0.24,0.24161073825503357
27,0.25,0.2550335570469799
27,0.26,0.2835570469798658
27,0.27,0.30033557046979864
27,0.28,0.31208053691275167
27,0.29,0.32046979865771813
27,0.3,0.34060402684563756
27,0.31,0.3540268456375839
27,0.32,0.37080536912751677
27,0.33,0.38926174496644295
27,0.34,0.40268456375838924
27,0.35,0.4228187919463087
27,0.36,0.4463087248322148
27,0.37,0.46308724832214765
27,0.38,0.4848993288590604
27,0.39,0.5083892617449665
27,0.4,0.5385906040268457
27,0.41,0.5570469798657718
27,0.42,0.5721476510067114
27,0.43,0.6023489932885906
27,0.44,0.6241610738255033
27,0.45,0.6577181208053692
27,0.46,0.6912751677852349
27,0.47,0.7197986577181208
27,0.48,0.7483221476510067
27,0.49,0.7802013422818792
27,0.5,0.8036912751677853
27,0.51,0.8322147651006712
27,0.52,0.8506711409395973
27,0.53,0.8674496644295302
27,0.54,0.8909395973154363
27,0.55,0.9093959731543624
27,0.56,0.9312080536912751
27,0.57,0.9429530201342282
27,0.58,0.9614093959731543
27,0.59,0.9630872483221476
27,0.6,0.9731543624161074
27,0.61,0.9748322147651006
27,0.62,0.9781879194630873
27,0.63,0.9848993288590604
27,0.64,0.9916107382550335
27,0.65,0.9916107382550335
27,0.66,0.9932885906040269
27,0.67,0.9932885906040269
27,0.68,0.9932885906040269
27,0.69,0.9932885906040269
27,0.7,0.9932885906040269
27,0.71,0.9932885906040269
27,0.72,0.9949664429530202
27,0.73,0.9966442953020134
27,0.74,0.9966442953020134
27,0.75,0.9983221476510067
27,0.76,0.9983221476510067
27,0.77,0.9983221476510067
27,0.78,1.0
27,0.79,1.0
27,0.8,1.0
27,0.81,1.0
27,0.82,1.0
27,0.83,1.0
27,0.84,1.0
27,0.85,1.0
28,0.01,0.013235294117647059
28,0.02,0.020588235294117647
28,0.03,0.027941176470588237
28,0.04,0.03235294117647059
28,0.05,0.03676470588235294
28,0.06,0.045588235294117645
28,0.07,0.05
28,0.08,0.052941176470588235
28,0.09,0.06323529411764706
28,0.1,0.07352941176470588
28,0.11,0.08676470588235294
28,0.12,0.10441176470588236
28,0.13,0.11323529411764706
28,0.14,0.1264705882352941
28,0.15,0.1411764705882353
28,0.16,0.15735294117647058
28,0.17,0.16470588235294117
28,0.18,0.175
28,0.19,0.18235294117647058
28,0.2,0.19411764705882353
28,0.21,0.20588235294117646
28,0.22,0.21176470588235294
28,0.23,0.22647058823529412
28,0.24,0.2426470588235294
28,0.25,0.25882352941176473
28,0.26,0.2691176470588235
28,0.27,0.28088235294117647
28,0.28,0.28823529411764703
28,0.29,0.2985294117647059
28,0.3,0.3161764705882353
28,0.31,0.3264705882352941
28,0.32,0.3426470588235294
28,0.33,0.3573529411764706
28,0.34,0.38235294117647056
28,0.35,0.4088235294117647
28,0.36,0.425
28,0.37,0.4441176470588235
28,0.38,0.4661764705882353
28,0.39,0.47941176470588237
28,0.4,0.5117647058823529
28,0.41,0.5338235294117647
28,0.42,0.5558823529411765
28,0.43,0.5808823529411765
28,0.44,0.6029411764705882
28,0.45,0.6338235294117647
28,0.46,0.6676470588235294
28,0.47,0.6897058823529412
28,0.48,0.7147058823529412
28,0.49,0.7411764705882353
28,0.5,0.7779411764705882
28,0.51,0.7970588235294118
28,0.52,0.8235294117647058
28,0.53,0.8426470588235294
28,0.54,0.8647058823529412
28,0.55,0.8838235294117647
28,0.56,0.9044117647058824
28,0.57,0.9161764705882353
28,0.58,0.9367647058823529
28,0.59,0.9514705882352941
28,0.6,0.9647058823529412
28,0.61,0.9735294117647059
28,0.62,0.9808823529411764
28,0.63,0.9823529411764705
28,0.64,0.986764705882353
28,0.65,0.986764705882353
28,0.66,0.9926470588235294
28,0.67,0.9941176470588236
28,0.68,0.9941176470588236
28,0.69,0.9955882352941177
28,0.7,0.9970588235294118
28,0.71,0.9970588235294118
28,0.72,0.9970588235294118
28,0.73,0.9985294117647059
28,0.74,0.9985294117647059
28,0.75,0.9985294117647059
28,0.76,0.9985294117647059
28,0.77,0.9985294117647059
28,0.78,0.9985294117647059
28,0.79,0.9985294117647059
28,0.8,0.9985294117647059
28,0.81,0.9985294117647059
28,0.82,0.9985294117647059
28,0.83,0.9985294117647059
28,0.84,0.9985294117647059
28,0.85,0.9985294117647059
29,0.01,0.00727802037845706
29,0.02,0.01455604075691412
29,0.03,0.020378457059679767
29,0.04,0.021834061135371178
29,0.05,0.027656477438136828
29,0.06,0.033478893740902474
29,0.07,0.039301310043668124
29,0.08,0.049490538573508006
29,0.09,0.055312954876273655
29,0.1,0.06404657933042213
29,0.11,0.07569141193595343
29,0.12,0.0858806404657933
29,0.13,0.09170305676855896
29,0.14,0.10771470160116449
29,0.15,0.11499272197962154
29,0.16,0.1222707423580786
29,0.17,0.13100436681222707
29,0.18,0.13973799126637554
29,0.19,0.14410480349344978
29,0.2,0.15574963609898107
29,0.21,0.16448326055312956
29,0.22,0.17467248908296942
29,0.23,0.1848617176128093
29,0.24,0.19213973799126638
29,0.25,0.21251819505094613
29,0.26,0.22416302765647744
29,0.27,0.22998544395924309
29,0.28,0.23580786026200873
29,0.29,0.25036390101892286
29,0.3,0.2678311499272198
29,0.31,0.27365356622998543
29,0.32,0.2852983988355167
29,0.33,0.2940320232896652
29,0.34,0.29985443959243085
29,0.35,0.32023289665211063
29,0.36,0.34497816593886466
29,0.37,0.35953420669577874
29,0.38,0.38282387190684136
29,0.39,0.3988355167394469
29,0.4,0.42212518195050946
29,0.41,0.4410480349344978
29,0.42,0.4657933042212518
29,0.43,0.4847161572052402
29,0.44,0.50509461426492
29,0.45,0.5312954876273653
29,0.46,0.5502183406113537
29,0.47,0.5662299854439592
29,0.48,0.5953420669577875
29,0.49,0.611353711790393
29,0.5,0.6506550218340611
29,0.51,0.6812227074235808
29,0.52,0.710334788937409
29,0.53,0.7365356622998545
29,0.54,0.7802037845705968
29,0.55,0.8165938864628821
29,0.56,0.8442503639010189
29,0.57,0.8704512372634643
29,0.58,0.8995633187772926
29,0.59,0.925764192139738
29,0.6,0.9403202328966521
29,0.61,0.9446870451237264
29,0.62,0.9636098981077147
29,0.63,0.9767103347889374
29,0.64,0.9781659388646288
29,0.65,0.9854439592430859
29,0.66,0.9898107714701602
29,0.67,0.9912663755458515
29,0.68,0.9912663755458515
29,0.69,0.9956331877729258
29,0.7,0.9970887918486172
29,0.71,0.9970887918486172
29,0.72,0.9970887918486172
29,0.73,0.9985443959243085
29,0.74,0.9985443959243085
29,0.75,0.9985443959243085
29,0.76,0.9985443959243085
29,0.77,0.9985443959243085
29,0.78,0.9985443959243085
29,0.79,0.9985443959243085
29,0.8,0.9985443959243085
29,0.81,0.9985443959243085
29,0.82,0.9985443959243085
29,0.83,0.9985443959243085
29,0.84,0.9985443959243085
29,0.85,0.9985443959243085
30,0.01,0.0062402496099844
30,0.02,0.0109204368174727
30,0.03,0.0171606864274571
30,0.04,0.0234009360374415
30,0.05,0.031201248049921998
30,0.06,0.0405616224648986
30,0.07,0.0436817472698908
30,0.08,0.0514820592823713
30,0.09,0.054602184087363496
30,0.1,0.062402496099843996
30,0.11,0.0717628705148206
30,0.12,0.08268330733229329
30,0.13,0.0842433697347894
30,0.14,0.0842433697347894
30,0.15,0.093603744149766
30,0.16,0.10140405616224649
30,0.17,0.10920436817472699
30,0.18,0.11544461778471139
30,0.19,0.11544461778471139
30,0.2,0.13260530421216848
30,0.21,0.1435257410296412
30,0.22,0.15132605304212168
30,0.23,0.15756630265210608
30,0.24,0.1684867394695788
30,0.25,0.1794071762870515
30,0.26,0.1981279251170047
30,0.27,0.21060842433697347
30,0.28,0.22464898595943839
30,0.29,0.23244929797191888
30,0.3,0.24648985959438377
30,0.31,0.2542901716068643
30,0.32,0.2667706708268331
30,0.33,0.2823712948517941
30,0.34,0.2917316692667707
30,0.35,0.3042121684867395
30,0.36,0.31981279251170047
30,0.37,0.3369734789391576
30,0.38,0.35101404056162244
30,0.39,0.36349453978159124
30,0.4,0.3915756630265211
30,0.41,0.40561622464898595
30,0.42,0.41809672386895474
30,0.43,0.43681747269890797
30,0.44,0.45241809672386896
30,0.45,0.47581903276131043
30,0.46,0.49297971918876754
30,0.47,0.5195007800312013
30,0.48,0.5429017160686428
30,0.49,0.5647425897035881
30,0.5,0.6037441497659907
30,0.51,0.6209048361934477
30,0.52,0.6583463338533542
30,0.53,0.6864274570982839
30,0.54,0.7160686427457098
30,0.55,0.750390015600624
30,0.56,0.7862714508580343
30,0.57,0.8190327613104524
30,0.58,0.8455538221528861
30,0.59,0.875195007800312
30,0.6,0.906396255850234
30,0.61,0.9282371294851794
30,0.62,0.9422776911076443
30,0.63,0.9469578783151326
30,0.64,0.9625585023400937
30,0.65,0.9781591263650546
30,0.66,0.9812792511700468
30,0.67,0.9875195007800313
30,0.68,0.9906396255850234
30,0.69,0.9953198127925117
30,0.7,0.9968798751950078
30,0.71,0.9968798751950078
30,0.72,0.9984399375975039
30,0.73,1.0
30,0.74,1.0
30,0.75,1.0
30,0.76,1.0
30,0.77,1.0
30,0.78,1.0
30,0.79,1.0
30,0.8,1.0
30,0.81,1.0
30,0.82,1.0
30,0.83,1.0
30,0.84,1.0
30,0.85,1.0
31,0.01,0.006837606837606838
31,0.02,0.013675213675213675
31,0.03,0.020512820512820513
31,0.04,0.022222222222222223
31,0.05,0.023931623931623933
31,0.06,0.03418803418803419
31,0.07,0.041025641025641026
31,0.08,0.042735042735042736
31,0.09,0.046153846153846156
31,0.1,0.05128205128205128
31,0.11,0.07179487179487179
31,0.12,0.07521367521367521
31,0.13,0.08034188034188035
31,0.14,0.08547008547008547
31,0.15,0.09572649572649573
31,0.16,0.1094017094017094
31,0.17,0.11623931623931624
31,0.18,0.12478632478632479
31,0.19,0.12991452991452992
31,0.2,0.13675213675213677
31,0.21,0.14358974358974358
31,0.22,0.15213675213675212
31,0.23,0.15897435897435896
31,0.24,0.1658119658119658
31,0.25,0.1829059829059829
31,0.26,0.19487179487179487
31,0.27,0.19829059829059828
31,0.28,0.20854700854700856
31,0.29,0.2153846153846154
31,0.3,0.2341880341880342
31,0.31,0.24615384615384617
31,0.32,0.2564102564102564
31,0.33,0.26153846153846155
31,0.34,0.2717948717948718
31,0.35,0.28376068376068375
31,0.36,0.29743589743589743
31,0.37,0.305982905982906
31,0.38,0.3230769230769231
31,0.39,0.3367521367521368
31,0.4,0.35384615384615387
31,0.41,0.36923076923076925
31,0.42,0.37606837606837606
31,0.43,0.38803418803418804
31,0.44,0.4153846153846154
31,0.45,0.4358974358974359
31,0.46,0.4478632478632479
31,0.47,0.4683760683760684
31,0.48,0.48547008547008547
31,0.49,0.505982905982906
31,0.5,0.5316239316239316
31,0.51,0.5555555555555556
31,0.52,0.5794871794871795
31,0.53,0.6170940170940171
31,0.54,0.6683760683760683
31,0.55,0.7008547008547008
31,0.56,0.7350427350427351
31,0.57,0.7623931623931623
31,0.58,0.7846153846153846
31,0.59,0.811965811965812
31,0.6,0.8444444444444444
31,0.61,0.8717948717948718
31,0.62,0.8905982905982905
31,0.63,0.9179487179487179
31,0.64,0.9384615384615385
31,0.65,0.9521367521367521
31,0.66,0.9606837606837607
31,0.67,0.9675213675213675
31,0.68,0.9794871794871794
31,0.69,0.9846153846153847
31,0.7,0.9880341880341881
31,0.71,0.9948717948717949
31,0.72,0.9965811965811966
31,0.73,0.9982905982905983
31,0.74,0.9982905982905983
31,0.75,0.9982905982905983
31,0.76,0.9982905982905983
31,0.77,0.9982905982905983
31,0.78,0.9982905982905983
31,0.79,0.9982905982905983
31,0.8,0.9982905982905983
31,0.81,0.9982905982905983
31,0.82,0.9982905982905983
31,0.83,0.9982905982905983
31,0.84,0.9982905982905983
31,0.85,0.9982905982905983
32,0.01,0.0017793594306049821
32,0.02,0.0035587188612099642
32,0.03,0.0071174377224199285
32,0.04,0.010676156583629894
32,0.05,0.021352313167259787
32,0.06,0.028469750889679714
32,0.07,0.03202846975088968
32,0.08,0.037366548042704624
32,0.09,0.04092526690391459
32,0.1,0.04804270462633452
32,0.11,0.060498220640569395
32,0.12,0.06761565836298933
32,0.13,0.0693950177935943
32,0.14,0.07651245551601424
32,0.15,0.09252669039145907
32,0.16,0.09786476868327403
32,0.17,0.10498220640569395
32,0.18,0.10676156583629894
32,0.19,0.11387900355871886
32,0.2,0.12633451957295375
32,0.21,0.13345195729537365
32,0.22,0.14590747330960854
32,0.23,0.14768683274021352
32,0.24,0.1583629893238434
32,0.25,0.17437722419928825
32,0.26,0.18327402135231316
32,0.27,0.1903914590747331
32,0.28,0.19750889679715303
32,0.29,0.20106761565836298
32,0.3,0.21352313167259787
32,0.31,0.22241992882562278
32,0.32,0.23487544483985764
32,0.33,0.24555160142348753
32,0.34,0.2491103202846975
32,0.35,0.2722419928825623
32,0.36,0.28825622775800713
32,0.37,0.298932384341637
32,0.38,0.304270462633452
32,0.39,0.30604982206405695
32,0.4,0.3469750889679715
32,0.41,0.3683274021352313
32,0.42,0.37722419928825623
32,0.43,0.3879003558718861
32,0.44,0.40213523131672596
32,0.45,0.4288256227758007
32,0.46,0.45373665480427045
32,0.47,0.47153024911032027
32,0.48,0.4875444839857651
32,0.49,0.5124555160142349
32,0.5,0.5444839857651246
32,0.51,0.5693950177935944
32,0.52,0.5871886120996441
32,0.53,0.597864768683274
32,0.54,0.6209964412811388
32,0.55,0.6654804270462633
32,0.56,0.7099644128113879
32,0.57,0.7295373665480427
32,0.58,0.7722419928825622
32,0.59,0.806049822064057
32,0.6,0.8309608540925267
32,0.61,0.8558718861209964
32,0.62,0.8843416370106761
32,0.63,0.896797153024911
32,0.64,0.9128113879003559
32,0.65,0.9359430604982206
32,0.66,0.9519572953736655
32,0.67,0.9626334519572953
32,0.68,0.9750889679715302
32,0.69,0.9822064056939501
32,0.7,0.9857651245551602
32,0.71,0.9911032028469751
32,0.72,0.9928825622775801
32,0.73,0.9928825622775801
32,0.74,0.994661921708185
32,0.75,0.99644128113879
32,0.76,0.99644128113879
32,0.77,0.99644128113879
32,0.78,0.99644128113879
32,0.79,0.99644128113879
32,0.8,0.99644128113879
32,0.81,0.99644128113879
32,0.82,0.99644128113879
32,0.83,0.99644128113879
32,0.84,0.998220640569395
32,0.85,0.998220640569395
33,0.01,0.0018484288354898336
33,0.02,0.005545286506469501
33,0.03,0.005545286506469501
33,0.04,0.0073937153419593345
33,0.05,0.014787430683918669
33,0.06,0.018484288354898338
33,0.07,0.02033271719038817
33,0.08,0.031423290203327174
33,0.09,0.03512014787430684
33,0.1,0.04251386321626617
33,0.11,0.04621072088724584
33,0.12,0.05730129390018484
33,0.13,0.06284658040665435
33,0.14,0.07024029574861368
33,0.15,0.07763401109057301
33,0.16,0.08687615526802218
33,0.17,0.09057301293900184
33,0.18,0.09981515711645102
33,0.19,0.10905730129390019
33,0.2,0.11460258780036968
33,0.21,0.12014787430683918
33,0.22,0.12384473197781885
33,0.23,0.13123844731977818
33,0.24,0.13493530499075784
33,0.25,0.14417744916820702
33,0.26,0.1534195933456562
33,0.27,0.16081330868761554
33,0.28,0.1645101663585952
33,0.29,0.18114602587800369
33,0.3,0.19408502772643252
33,0.31,0.20517560073937152
33,0.32,0.2144177449168207
33,0.33,0.22920517560073936
33,0.34,0.24029574861367836
33,0.35,0.24584103512014788
33,0.36,0.25693160813308685
33,0.37,0.2680221811460259
33,0.38,0.2735674676524954
33,0.39,0.27726432532347506
33,0.4,0.3031423290203327
33,0.41,0.31053604436229204
33,0.42,0.32532347504621073
33,0.43,0.34750462107208874
33,0.44,0.3567467652495379
33,0.45,0.38817005545286504
33,0.46,0.40850277264325324
33,0.47,0.42513863216266173
33,0.48,0.43807763401109057
33,0.49,0.46395563770794823
33,0.5,0.4898336414048059
33,0.51,0.5083179297597042
33,0.52,0.5231053604436229
33,0.53,0.5415896487985212
33,0.54,0.5693160813308688
33,0.55,0.609981515711645
33,0.56,0.6284658040665434
33,0.57,0.6524953789279113
33,0.58,0.6820702402957486
33,0.59,0.7190388170055453
33,0.6,0.7375231053604436
33,0.61,0.7763401109057301
33,0.62,0.8096118299445472
33,0.63,0.8410351201478743
33,0.64,0.8687615526802218
33,0.65,0.9001848428835489
33,0.66,0.933456561922366
33,0.67,0.9593345656192237
33,0.68,0.9704251386321626
33,0.69,0.977818853974122
33,0.7,0.9852125693160814
33,0.71,0.9870609981515711
33,0.72,0.9926062846580407
33,0.73,0.9963031423290203
33,0.74,0.9981515711645101
33,0.75,0.9981515711645101
33,0.76,0.9981515711645101
33,0.77,1.0
33,0.78,1.0
33,0.79,1.0
33,0.8,1.0
33,0.81,1.0
33,0.82,1.0
33,0.83,1.0
33,0.84,1.0
33,0.85,1.0
34,0.01,0.0040650406504065045
34,0.02,0.008130081300813009
34,0.03,0.014227642276422764
34,0.04,0.016260162601626018
34,0.05,0.016260162601626018
34,0.06,0.016260162601626018
34,0.07,0.018292682926829267
34,0.08,0.018292682926829267
34,0.09,0.022357723577235773
34,0.1,0.036585365853658534
34,0.11,0.044715447154471545
34,0.12,0.052845528455284556
34,0.13,0.052845528455284556
34,0.14,0.06097560975609756
34,0.15,0.07317073170731707
34,0.16,0.07926829268292683
34,0.17,0.09146341463414634
34,0.18,0.09959349593495935
34,0.19,0.11178861788617886
34,0.2,0.11585365853658537
34,0.21,0.12195121951219512
34,0.22,0.12601626016260162
34,0.23,0.13414634146341464
34,0.24,0.13617886178861788
34,0.25,0.1524390243902439
34,0.26,0.16056910569105692
34,0.27,0.17073170731707318
34,0.28,0.17479674796747968
34,0.29,0.18699186991869918
34,0.3,0.1951219512195122
34,0.31,0.20121951219512196
34,0.32,0.21138211382113822
34,0.33,0.21951219512195122
34,0.34,0.23577235772357724
34,0.35,0.2601626016260163
34,0.36,0.2682926829268293
34,0.37,0.27235772357723576
34,0.38,0.28252032520325204
34,0.39,0.2926829268292683
34,0.4,0.3170731707317073
34,0.41,0.32723577235772355
34,0.42,0.33739837398373984
34,0.43,0.3434959349593496
34,0.44,0.37601626016260165
34,0.45,0.3902439024390244
34,0.46,0.4166666666666667
34,0.47,0.4329268292682927
34,0.48,0.45528455284552843
34,0.49,0.46747967479674796
34,0.5,0.49390243902439024
34,0.51,0.5040650406504065
34,0.52,0.5121951219512195
34,0.53,0.5426829268292683
34,0.54,0.5589430894308943
34,0.55,0.5853658536585366
34,0.56,0.6077235772357723
34,0.57,0.6382113821138211
34,0.58,0.6707317073170732
34,0.59,0.6951219512195121
34,0.6,0.7195121951219512
34,0.61,0.758130081300813
34,0.62,0.7886178861788617
34,0.63,0.8109756097560976
34,0.64,0.8333333333333334
34,0.65,0.8617886178861789
34,0.66,0.9004065040650406
34,0.67,0.9207317073170732
34,0.68,0.9308943089430894
34,0.69,0.9491869918699187
34,0.7,0.9613821138211383
34,0.71,0.967479674796748
34,0.72,0.9857723577235772
34,0.73,0.9939024390243902
34,0.74,0.9959349593495935
34,0.75,0.9979674796747967
34,0.76,0.9979674796747967
34,0.77,0.9979674796747967
34,0.78,0.9979674796747967
34,0.79,1.0
34,0.8,1.0
34,0.81,1.0
34,0.82,1.0
34,0.83,1.0
34,0.84,1.0
34,0.85,1.0
35,0.01,0.004081632653061225
35,0.02,0.00816326530612245
35,0.03,0.0163265306122449
35,0.04,0.018367346938775512
35,0.05,0.026530612244897958
35,0.06,0.036734693877551024
35,0.07,0.03877551020408163
35,0.08,0.03877551020408163
35,0.09,0.044897959183673466
35,0.1,0.05510204081632653
35,0.11,0.0653061224489796
35,0.12,0.07142857142857142
35,0.13,0.07959183673469387
35,0.14,0.08775510204081632
35,0.15,0.09387755102040816
35,0.16,0.09795918367346938
35,0.17,0.1
35,0.18,0.10408163265306122
35,0.19,0.10816326530612246
35,0.2,0.12040816326530612
35,0.21,0.1306122448979592
35,0.22,0.14285714285714285
35,0.23,0.14489795918367346
35,0.24,0.15306122448979592
35,0.25,0.16122448979591836
35,0.26,0.16326530612244897
35,0.27,0.17346938775510204
35,0.28,0.17959183673469387
35,0.29,0.18775510204081633
35,0.3,0.19591836734693877
35,0.31,0.19795918367346937
35,0.32,0.20612244897959184
35,0.33,0.2163265306122449
35,0.34,0.22448979591836735
35,0.35,0.23469387755102042
35,0.36,0.23469387755102042
35,0.37,0.24285714285714285
35,0.38,0.24693877551020407
35,0.39,0.24897959183673468
35,0.4,0.2612244897959184
35,0.41,0.2653061224489796
35,0.42,0.27755102040816326
35,0.43,0.2795918367346939
35,0.44,0.2857142857142857
35,0.45,0.30612244897959184
35,0.46,0.32040816326530613
35,0.47,0.3469387755102041
35,0.48,0.36122448979591837
35,0.49,0.3795918367346939
35,0.5,0.3979591836734694
35,0.51,0.40816326530612246
35,0.52,0.4142857142857143
35,0.53,0.4346938775510204
35,0.54,0.4489795918367347
35,0.55,0.46122448979591835
35,0.56,0.4816326530612245
35,0.57,0.5204081632653061
35,0.58,0.5530612244897959
35,0.59,0.5857142857142857
35,0.6,0.6122448979591837
35,0.61,0.6448979591836734
35,0.62,0.6795918367346939
35,0.63,0.7122448979591837
35,0.64,0.7448979591836735
35,0.65,0.7836734693877551
35,0.66,0.826530612244898
35,0.67,0.8571428571428571
35,0.68,0.8816326530612245
35,0.69,0.9040816326530612
35,0.7,0.9163265306122449
35,0.71,0.9387755102040817
35,0.72,0.9448979591836735
35,0.73,0.9673469387755103
35,0.74,0.9734693877551021
35,0.75,0.9836734693877551
35,0.76,0.9877551020408163
35,0.77,0.9897959183673469
35,0.78,0.9938775510204082
35,0.79,0.9979591836734694
35,0.8,0.9979591836734694
35,0.81,0.9979591836734694
35,0.82,0.9979591836734694
35,0.83,0.9979591836734694
35,0.84,0.9979591836734694
35,0.85,0.9979591836734694
36,0.01,0.001984126984126984
36,0.02,0.005952380952380952
36,0.03,0.005952380952380952
36,0.04,0.007936507936507936
36,0.05,0.00992063492063492
36,0.06,0.013888888888888888
36,0.07,0.013888888888888888
36,0.08,0.013888888888888888
36,0.09,0.013888888888888888
36,0.1,0.021825396825396824
36,0.11,0.021825396825396824
36,0.12,0.025793650793650792
36,0.13,0.02976190476190476
36,0.14,0.037698412698412696
36,0.15,0.041666666666666664
36,0.16,0.0496031746031746
36,0.17,0.057539682539682536
36,0.18,0.061507936507936505
36,0.19,0.061507936507936505
36,0.2,0.07539682539682539
36,0.21,0.07738095238095238
36,0.22,0.08134920634920635
36,0.23,0.08333333333333333
36,0.24,0.09126984126984126
36,0.25,0.09523809523809523
36,0.26,0.0992063492063492
36,0.27,0.10317460317460317
36,0.28,0.11507936507936507
36,0.29,0.11706349206349206
36,0.3,0.12301587301587301
36,0.31,0.13095238095238096
36,0.32,0.1388888888888889
36,0.33,0.14682539682539683
36,0.34,0.1527777777777778
36,0.35,0.1626984126984127
36,0.36,0.1746031746031746
36,0.37,0.18452380952380953
36,0.38,0.1884920634920635
36,0.39,0.20436507936507936
36,0.4,0.21626984126984128
36,0.41,0.22817460317460317
36,0.42,0.23809523809523808
36,0.43,0.2400793650793651
36,0.44,0.24206349206349206
36,0.45,0.25595238095238093
36,0.46,0.2619047619047619
36,0.47,0.2698412698412698
36,0.48,0.29365079365079366
36,0.49,0.3115079365079365
36,0.5,0.34523809523809523
36,0.51,0.3630952380952381
36,0.52,0.38293650793650796
36,0.53,0.4007936507936508
36,0.54,0.4226190476190476
36,0.55,0.44841269841269843
36,0.56,0.4642857142857143
36,0.57,0.49007936507936506
36,0.58,0.5198412698412699
36,0.59,0.5515873015873016
36,0.6,0.5833333333333334
36,0.61,0.6130952380952381
36,0.62,0.6468253968253969
36,0.63,0.6765873015873016
36,0.64,0.7202380952380952
36,0.65,0.75
36,0.66,0.7817460317460317
36,0.67,0.8194444444444444
36,0.68,0.8373015873015873
36,0.69,0.8591269841269841
36,0.7,0.8869047619047619
36,0.71,0.9107142857142857
36,0.72,0.9285714285714286
36,0.73,0.9424603174603174
36,0.74,0.9603174603174603
36,0.75,0.9742063492063492
36,0.76,0.9821428571428571
36,0.77,0.9861111111111112
36,0.78,0.9880952380952381
36,0.79,0.9900793650793651
36,0.8,0.9900793650793651
36,0.81,0.9900793650793651
36,0.82,0.998015873015873
36,0.83,0.998015873015873
36,0.84,0.998015873015873
36,0.85,0.998015873015873
37,0.01,0.006085192697768763
37,0.02,0.012170385395537525
37,0.03,0.012170385395537525
37,0.04,0.014198782961460446
37,0.05,0.02231237322515213
37,0.06,0.02231237322515213
37,0.07,0.02636916835699797
37,0.08,0.030425963488843813
37,0.09,0.030425963488843813
37,0.1,0.032454361054766734
37,0.11,0.04259634888438134
37,0.12,0.04462474645030426
37,0.13,0.05273833671399594
37,0.14,0.058823529411764705
37,0.15,0.06288032454361055
37,0.16,0.06693711967545639
37,0.17,0.07505070993914807
37,0.18,0.07707910750507099
37,0.19,0.08316430020283976
37,0.2,0.08924949290060852
37,0.21,0.0973630831643002
37,0.22,0.1075050709939148
37,0.23,0.11156186612576065
37,0.24,0.11156186612576065
37,0.25,0.11967545638945233
37,0.26,0.12778904665314403
37,0.27,0.12981744421906694
37,0.28,0.13387423935091278
37,0.29,0.13995943204868155
37,0.3,0.14198782961460446
37,0.31,0.1440162271805274
37,0.32,0.1460446247464503
37,0.33,0.15415821501014199
37,0.34,0.1643002028397566
37,0.35,0.17849898580121704
37,0.36,0.1845841784989858
37,0.37,0.19675456389452334
37,0.38,0.20689655172413793
37,0.39,0.20689655172413793
37,0.4,0.21906693711967545
37,0.41,0.22920892494929007
37,0.42,0.23732251521298176
37,0.43,0.24949290060851928
37,0.44,0.25557809330628806
37,0.45,0.26369168356997974
37,0.46,0.27586206896551724
37,0.47,0.28600405679513186
37,0.48,0.2920892494929006
37,0.49,0.30425963488843816
37,0.5,0.31643002028397565
37,0.51,0.3286004056795132
37,0.52,0.34279918864097364
37,0.53,0.359026369168357
37,0.54,0.385395537525355
37,0.55,0.4077079107505071
37,0.56,0.4300202839756592
37,0.57,0.460446247464503
37,0.58,0.4766734279918864
37,0.59,0.5010141987829615
37,0.6,0.5253549695740365
37,0.61,0.5476673427991886
37,0.62,0.5720081135902637
37,0.63,0.6024340770791075
37,0.64,0.6328600405679513
37,0.65,0.6592292089249493
37,0.66,0.6876267748478702
37,0.67,0.7302231237322515
37,0.68,0.7728194726166329
37,0.69,0.8093306288032455
37,0.7,0.8255578093306288
37,0.71,0.8620689655172413
37,0.72,0.8864097363083164
37,0.73,0.9168356997971603
37,0.74,0.9330628803245437
37,0.75,0.9553752535496958
37,0.76,0.9695740365111561
37,0.77,0.973630831643002
37,0.78,0.9797160243407708
37,0.79,0.9837728194726166
37,0.8,0.9878296146044625
37,0.81,0.9918864097363083
37,0.82,0.9959432048681541
37,0.83,0.9959432048681541
37,0.84,0.9959432048681541
37,0.85,0.9959432048681541
38,0.01,0.004750593824228029
38,0.02,0.004750593824228029
38,0.03,0.009501187648456057
38,0.04,0.011876484560570071
38,0.05,0.014251781472684086
38,0.06,0.014251781472684086
38,0.07,0.023752969121140142
38,0.08,0.023752969121140142
38,0.09,0.023752969121140142
38,0.1,0.028503562945368172
38,0.11,0.035629453681710214
38,0.12,0.03800475059382423
38,0.13,0.03800475059382423
38,0.14,0.03800475059382423
38,0.15,0.03800475059382423
38,0.16,0.047505938242280284
38,0.17,0.047505938242280284
38,0.18,0.0498812351543943
38,0.19,0.0498812351543943
38,0.2,0.05463182897862233
38,0.21,0.05938242280285035
38,0.22,0.05938242280285035
38,0.23,0.06175771971496437
38,0.24,0.06413301662707839
38,0.25,0.0665083135391924
38,0.26,0.07600950118764846
38,0.27,0.07838479809976247
38,0.28,0.08076009501187649
38,0.29,0.0855106888361045
38,0.3,0.09501187648456057
38,0.31,0.09501187648456057
38,0.32,0.09501187648456057
38,0.33,0.09501187648456057
38,0.34,0.0997624703087886
38,0.35,0.10926365795724466
38,0.36,0.11401425178147269
38,0.37,0.12114014251781473
38,0.38,0.12589073634204276
38,0.39,0.14014251781472684
38,0.4,0.1496437054631829
38,0.41,0.15201900237529692
38,0.42,0.16389548693586697
38,0.43,0.171021377672209
38,0.44,0.1828978622327791
38,0.45,0.19477434679334918
38,0.46,0.1995249406175772
38,0.47,0.20902612826603326
38,0.48,0.2161520190023753
38,0.49,0.22565320665083136
38,0.5,0.24228028503562946
38,0.51,0.25653206650831356
38,0.52,0.27078384798099764
38,0.53,0.28978622327790976
38,0.54,0.31116389548693585
38,0.55,0.332541567695962
38,0.56,0.36342042755344417
38,0.57,0.37767220902612825
38,0.58,0.3990498812351544
38,0.59,0.4180522565320665
38,0.6,0.4346793349168646
38,0.61,0.44655581947743467
38,0.62,0.4679334916864608
38,0.63,0.4821852731591449
38,0.64,0.5225653206650831
38,0.65,0.5653206650831354
38,0.66,0.6175771971496437
38,0.67,0.6508313539192399
38,0.68,0.684085510688836
38,0.69,0.7363420427553444
38,0.7,0.7814726840855107
38,0.71,0.8266033254156769
38,0.72,0.8551068883610451
38,0.73,0.8836104513064132
38,0.74,0.9002375296912114
38,0.75,0.9263657957244655
38,0.76,0.9382422802850356
38,0.77,0.9524940617577197
38,0.78,0.9714964370546318
38,0.79,0.9809976247030879
38,0.8,0.9833729216152018
38,0.81,0.9857482185273159
38,0.82,0.9904988123515439
38,0.83,0.995249406175772
38,0.84,0.995249406175772
38,0.85,0.997624703087886
39,0.01,0.0
39,0.02,0.0
39,0.03,0.005319148936170213
39,0.04,0.007978723404255319
39,0.05,0.010638297872340425
39,0.06,0.013297872340425532
39,0.07,0.015957446808510637
39,0.08,0.015957446808510637
39,0.09,0.02127659574468085
39,0.1,0.02127659574468085
39,0.11,0.026595744680851064
39,0.12,0.026595744680851064
39,0.13,0.02925531914893617
39,0.14,0.031914893617021274
39,0.15,0.03723404255319149
39,0.16,0.03723404255319149
39,0.17,0.0425531914893617
39,0.18,0.04521276595744681
39,0.19,0.04521276595744681
39,0.2,0.05851063829787234
39,0.21,0.061170212765957445
39,0.22,0.06382978723404255
39,0.23,0.06382978723404255
39,0.24,0.06914893617021277
39,0.25,0.06914893617021277
39,0.26,0.07446808510638298
39,0.27,0.0797872340425532
39,0.28,0.0797872340425532
39,0.29,0.08244680851063829
39,0.3,0.08244680851063829
39,0.31,0.0851063829787234
39,0.32,0.08776595744680851
39,0.33,0.09042553191489362
39,0.34,0.09574468085106383
39,0.35,0.10638297872340426
39,0.36,0.10638297872340426
39,0.37,0.11436170212765957
39,0.38,0.1196808510638298
39,0.39,0.125
39,0.4,0.1356382978723404
39,0.41,0.1356382978723404
39,0.42,0.13829787234042554
39,0.43,0.14893617021276595
39,0.44,0.1622340425531915
39,0.45,0.17553191489361702
39,0.46,0.18085106382978725
39,0.47,0.19414893617021275
39,0.48,0.21010638297872342
39,0.49,0.21808510638297873
39,0.5,0.22340425531914893
39,0.51,0.22872340425531915
39,0.52,0.23670212765957446
39,0.53,0.2579787234042553
39,0.54,0.26861702127659576
39,0.55,0.2925531914893617
39,0.56,0.3058510638297872
39,0.57,0.31648936170212766
39,0.58,0.3377659574468085
39,0.59,0.3617021276595745
39,0.6,0.3962765957446808
39,0.61,0.4308510638297872
39,0.62,0.4521276595744681
39,0.63,0.46808510638297873
39,0.64,0.5
39,0.65,0.5292553191489362
39,0.66,0.5664893617021277
39,0.67,0.5930851063829787
39,0.68,0.6090425531914894
39,0.69,0.6462765957446809
39,0.7,0.6914893617021277
39,0.71,0.75
39,0.72,0.7712765957446809
39,0.73,0.8324468085106383
39,0.74,0.8670212765957447
39,0.75,0.9122340425531915
39,0.76,0.9281914893617021
39,0.77,0.9468085106382979
39,0.78,0.9627659574468085
39,0.79,0.9707446808510638
39,0.8,0.9787234042553191
39,0.81,0.9840425531914894
39,0.82,0.9920212765957447
39,0.83,0.9946808510638298
39,0.84,0.9973404255319149
39,0.85,1.0
40,0.01,0.0
40,0.02,0.0
40,0.03,0.0033003300330033004
40,0.04,0.006600660066006601
40,0.05,0.006600660066006601
40,0.06,0.006600660066006601
40,0.07,0.006600660066006601
40,0.08,0.009900990099009901
40,0.09,0.009900990099009901
40,0.1,0.009900990099009901
40,0.11,0.013201320132013201
40,0.12,0.013201320132013201
40,0.13,0.0231023102310231
40,0.14,0.0231023102310231
40,0.15,0.0231023102310231
40,0.16,0.026402640264026403
40,0.17,0.026402640264026403
40,0.18,0.0297029702970297
40,0.19,0.0297029702970297
40,0.2,0.033003300330033
40,0.21,0.039603960396039604
40,0.22,0.039603960396039604
40,0.23,0.039603960396039604
40,0.24,0.0462046204620462
40,0.25,0.056105610561056105
40,0.26,0.0594059405940594
40,0.27,0.0627062706270627
40,0.28,0.0627062706270627
40,0.29,0.066006600660066
40,0.3,0.07260726072607261
40,0.31,0.07920792079207921
40,0.32,0.0858085808580858
40,0.33,0.09900990099009901
40,0.34,0.09900990099009901
40,0.35,0.10561056105610561
40,0.36,0.11221122112211221
40,0.37,0.11221122112211221
40,0.38,0.1188118811881188
40,0.39,0.1188118811881188
40,0.4,0.1254125412541254
40,0.41,0.132013201320132
40,0.42,0.132013201320132
40,0.43,0.13861386138613863
40,0.44,0.15841584158415842
40,0.45,0.16501650165016502
40,0.46,0.1782178217821782
40,0.47,0.19141914191419143
40,0.48,0.19801980198019803
40,0.49,0.21122112211221122
40,0.5,0.22442244224422442
40,0.51,0.23102310231023102
40,0.52,0.23102310231023102
40,0.53,0.24422442244224424
40,0.54,0.2508250825082508
40,0.55,0.25412541254125415
40,0.56,0.2838283828382838
40,0.57,0.2871287128712871
40,0.58,0.30363036303630364
40,0.59,0.3069306930693069
40,0.6,0.3201320132013201
40,0.61,0.33993399339933994
40,0.62,0.3465346534653465
40,0.63,0.36303630363036304
40,0.64,0.39933993399339934
40,0.65,0.44554455445544555
40,0.66,0.47854785478547857
40,0.67,0.5148514851485149
40,0.68,0.5313531353135313
40,0.69,0.570957095709571
40,0.7,0.6105610561056105
40,0.71,0.6303630363036303
40,0.72,0.6765676567656765
40,0.73,0.7062706270627063
40,0.74,0.7458745874587459
40,0.75,0.7755775577557755
40,0.76,0.8052805280528053
40,0.77,0.834983498349835
40,0.78,0.8646864686468647
40,0.79,0.8877887788778878
40,0.8,0.9141914191419142
40,0.81,0.9438943894389439
40,0.82,0.966996699669967
40,0.83,0.9834983498349835
40,0.84,0.9834983498349835
40,0.85,0.9900990099009901
41,0.01,0.003663003663003663
41,0.02,0.003663003663003663
41,0.03,0.007326007326007326
41,0.04,0.01098901098901099
41,0.05,0.014652014652014652
41,0.06,0.018315018315018316
41,0.07,0.018315018315018316
41,0.08,0.018315018315018316
41,0.09,0.02197802197802198
41,0.1,0.02197802197802198
41,0.11,0.02564102564102564
41,0.12,0.02564102564102564
41,0.13,0.02564102564102564
41,0.14,0.029304029304029304
41,0.15,0.040293040293040296
41,0.16,0.04395604395604396
41,0.17,0.04395604395604396
41,0.18,0.047619047619047616
41,0.19,0.054945054945054944
41,0.2,0.05860805860805861
41,0.21,0.06593406593406594
41,0.22,0.06593406593406594
41,0.23,0.06593406593406594
41,0.24,0.06593406593406594
41,0.25,0.07326007326007326
41,0.26,0.07326007326007326
41,0.27,0.07692307692307693
41,0.28,0.07692307692307693
41,0.29,0.08791208791208792
41,0.3,0.08791208791208792
41,0.31,0.08791208791208792
41,0.32,0.09157509157509157
41,0.33,0.09157509157509157
41,0.34,0.09523809523809523
41,0.35,0.09523809523809523
41,0.36,0.10622710622710622
41,0.37,0.10622710622710622
41,0.38,0.10622710622710622
41,0.39,0.10622710622710622
41,0.4,0.10989010989010989
41,0.41,0.10989010989010989
41,0.42,0.11721611721611722
41,0.43,0.12087912087912088
41,0.44,0.1282051282051282
41,0.45,0.13186813186813187
41,0.46,0.1391941391941392
41,0.47,0.14652014652014653
41,0.48,0.14652014652014653
41,0.49,0.14652014652014653
41,0.5,0.1575091575091575
41,0.51,0.16117216117216118
41,0.52,0.16117216117216118
41,0.53,0.1684981684981685
41,0.54,0.19413919413919414
41,0.55,0.21245421245421245
41,0.56,0.22344322344322345
41,0.57,0.2271062271062271
41,0.58,0.24175824175824176
41,0.59,0.25274725274725274
41,0.6,0.27106227106227104
41,0.61,0.28205128205128205
41,0.62,0.315018315018315
41,0.63,0.32967032967032966
41,0.64,0.34798534798534797
41,0.65,0.3553113553113553
41,0.66,0.3663003663003663
41,0.67,0.3992673992673993
41,0.68,0.43223443223443225
41,0.69,0.4652014652014652
41,0.7,0.5018315018315018
41,0.71,0.5311355311355311
41,0.72,0.5677655677655677
41,0.73,0.5897435897435898
41,0.74,0.6190476190476191
41,0.75,0.652014652014652
41,0.76,0.6996336996336996
41,0.77,0.7545787545787546
41,0.78,0.7985347985347986
41,0.79,0.8205128205128205
41,0.8,0.8901098901098901
41,0.81,0.9047619047619048
41,0.82,0.9267399267399268
41,0.83,0.9487179487179487
41,0.84,0.967032967032967
41,0.85,0.9816849816849816
42,0.01,0.0
42,0.02,0.0
42,0.03,0.0
42,0.04,0.0
42,0.05,0.004629629629629629
42,0.06,0.004629629629629629
42,0.07,0.004629629629629629
42,0.08,0.004629629629629629
42,0.09,0.004629629629629629
42,0.1,0.004629629629629629
42,0.11,0.004629629629629629
42,0.12,0.004629629629629629
42,0.13,0.004629629629629629
42,0.14,0.009259259259259259
42,0.15,0.009259259259259259
42,0.16,0.013888888888888888
42,0.17,0.013888888888888888
42,0.18,0.013888888888888888
42,0.19,0.023148148148148147
42,0.2,0.023148148148148147
42,0.21,0.023148148148148147
42,0.22,0.023148148148148147
42,0.23,0.023148148148148147
42,0.24,0.023148148148148147
42,0.25,0.023148148148148147
42,0.26,0.023148148148148147
42,0.27,0.023148148148148147
42,0.28,0.027777777777777776
42,0.29,0.027777777777777776
42,0.3,0.027777777777777776
42,0.31,0.027777777777777776
42,0.32,0.032407407407407406
42,0.33,0.032407407407407406
42,0.34,0.041666666666666664
42,0.35,0.046296296296296294
42,0.36,0.046296296296296294
42,0.37,0.046296296296296294
42,0.38,0.05092592592592592
42,0.39,0.05092592592592592
42,0.4,0.06481481481481481
42,0.41,0.07407407407407407
42,0.42,0.0787037037037037
42,0.43,0.08796296296296297
42,0.44,0.09259259259259259
42,0.45,0.09259259259259259
42,0.46,0.09722222222222222
42,0.47,0.09722222222222222
42,0.48,0.09722222222222222
42,0.49,0.09722222222222222
42,0.5,0.09722222222222222
42,0.51,0.10648148148148148
42,0.52,0.11574074074074074
42,0.53,0.125
42,0.54,0.125
42,0.55,0.13425925925925927
42,0.56,0.13425925925925927
42,0.57,0.13425925925925927
42,0.58,0.1527777777777778
42,0.59,0.16666666666666666
42,0.6,0.18518518518518517
42,0.61,0.19444444444444445
42,0.62,0.2175925925925926
42,0.63,0.2222222222222222
42,0.64,0.2361111111111111
42,0.65,0.25
42,0.66,0.2638888888888889
42,0.67,0.2777777777777778
42,0.68,0.28703703703703703
42,0.69,0.3148148148148148
42,0.7,0.3425925925925926
42,0.71,0.375
42,0.72,0.4212962962962963
42,0.73,0.4444444444444444
42,0.74,0.4583333333333333
42,0.75,0.5138888888888888
42,0.76,0.5694444444444444
42,0.77,0.5925925925925926
42,0.78,0.625
42,0.79,0.6666666666666666
42,0.8,0.7175925925925926
42,0.81,0.7638888888888888
42,0.82,0.8287037037037037
42,0.83,0.8703703703703703
42,0.84,0.8981481481481481
42,0.85,0.9259259259259259
43,0.01,0.0
43,0.02,0.0
43,0.03,0.0
43,0.04,0.0
43,0.05,0.0
43,0.06,0.006493506493506494
43,0.07,0.006493506493506494
43,0.08,0.006493506493506494
43,0.09,0.006493506493506494
43,0.1,0.006493506493506494
43,0.11,0.006493506493506494
43,0.12,0.006493506493506494
43,0.13,0.006493506493506494
43,0.14,0.006493506493506494
43,0.15,0.012987012987012988
43,0.16,0.012987012987012988
43,0.17,0.012987012987012988
43,0.18,0.012987012987012988
43,0.19,0.012987012987012988
43,0.2,0.01948051948051948
43,0.21,0.01948051948051948
43,0.22,0.032467532467532464
43,0.23,0.032467532467532464
43,0.24,0.032467532467532464
43,0.25,0.032467532467532464
43,0.26,0.032467532467532464
43,0.27,0.032467532467532464
43,0.28,0.03896103896103896
43,0.29,0.045454545454545456
43,0.3,0.045454545454545456
43,0.31,0.05194805194805195
43,0.32,0.05194805194805195
43,0.33,0.05194805194805195
43,0.34,0.05194805194805195
43,0.35,0.05194805194805195
43,0.36,0.05194805194805195
43,0.37,0.05844155844155844
43,0.38,0.05844155844155844
43,0.39,0.06493506493506493
43,0.4,0.06493506493506493
43,0.41,0.06493506493506493
43,0.42,0.06493506493506493
43,0.43,0.06493506493506493
43,0.44,0.06493506493506493
43,0.45,0.07142857142857142
43,0.46,0.09740259740259741
43,0.47,0.09740259740259741
43,0.48,0.1038961038961039
43,0.49,0.12337662337662338
43,0.5,0.12987012987012986
43,0.51,0.12987012987012986
43,0.52,0.13636363636363635
43,0.53,0.13636363636363635
43,0.54,0.13636363636363635
43,0.55,0.14285714285714285
43,0.56,0.14935064935064934
43,0.57,0.16233766233766234
43,0.58,0.17532467532467533
43,0.59,0.18831168831168832
43,0.6,0.2077922077922078
43,0.61,0.21428571428571427
43,0.62,0.24025974025974026
43,0.63,0.24675324675324675
43,0.64,0.2597402597402597
43,0.65,0.2727272727272727
43,0.66,0.3116883116883117
43,0.67,0.33116883116883117
43,0.68,0.34415584415584416
43,0.69,0.35714285714285715
43,0.7,0.37662337662337664
43,0.71,0.38961038961038963
43,0.72,0.4025974025974026
43,0.73,0.4155844155844156
43,0.74,0.42857142857142855
43,0.75,0.4675324675324675
43,0.76,0.512987012987013
43,0.77,0.551948051948052
43,0.78,0.5974025974025974
43,0.79,0.6493506493506493
43,0.8,0.7012987012987013
43,0.81,0.7467532467532467
43,0.82,0.8181818181818182
43,0.83,0.8701298701298701
43,0.84,0.9025974025974026
43,0.85,0.9090909090909091
44,0.01,0.0
44,0.02,0.0
44,0.03,0.0
44,0.04,0.0
44,0.05,0.0
44,0.06,0.0
44,0.07,0.0
44,0.08,0.0
44,0.09,0.0
44,0.1,0.0
44,0.11,0.0
44,0.12,0.0
44,0.13,0.0
44,0.14,0.0
44,0.15,0.0
44,0.16,0.0
44,0.17,0.0
44,0.18,0.0
44,0.19,0.009009009009009009
44,0.2,0.009009009009009009
44,0.21,0.009009009009009009
44,0.22,0.009009009009009009
44,0.23,0.009009009009009009
44,0.24,0.009009009009009009
44,0.25,0.009009009009009009
44,0.26,0.009009009009009009
44,0.27,0.009009009009009009
44,0.28,0.009009009009009009
44,0.29,0.009009009009009009
44,0.3,0.009009009009009009
44,0.31,0.009009009009009009
44,0.32,0.009009009009009009
44,0.33,0.009009009009009009
44,0.34,0.018018018018018018
44,0.35,0.02702702702702703
44,0.36,0.02702702702702703
44,0.37,0.02702702702702703
44,0.38,0.02702702702702703
44,0.39,0.02702702702702703
44,0.4,0.02702702702702703
44,0.41,0.02702702702702703
44,0.42,0.02702702702702703
44,0.43,0.02702702702702703
44,0.44,0.02702702702702703
44,0.45,0.02702702702702703
44,0.46,0.02702702702702703
44,0.47,0.02702702702702703
44,0.48,0.02702702702702703
44,0.49,0.02702702702702703
44,0.5,0.036036036036036036
44,0.51,0.036036036036036036
44,0.52,0.036036036036036036
44,0.53,0.036036036036036036
44,0.54,0.036036036036036036
44,0.55,0.036036036036036036
44,0.56,0.04504504504504504
44,0.57,0.05405405405405406
44,0.58,0.08108108108108109
44,0.59,0.09009009009009009
44,0.6,0.09009009009009009
44,0.61,0.0990990990990991
44,0.62,0.11711711711711711
44,0.63,0.13513513513513514
44,0.64,0.13513513513513514
44,0.65,0.14414414414414414
44,0.66,0.14414414414414414
44,0.67,0.15315315315315314
44,0.68,0.17117117117117117
44,0.69,0.1891891891891892
44,0.7,0.2072072072072072
44,0.71,0.21621621621621623
44,0.72,0.21621621621621623
44,0.73,0.21621621621621623
44,0.74,0.22522522522522523
44,0.75,0.26126126126126126
44,0.76,0.27927927927927926
44,0.77,0.3063063063063063
44,0.78,0.36036036036036034
44,0.79,0.40540540540540543
44,0.8,0.42342342342342343
44,0.81,0.4954954954954955
44,0.82,0.5765765765765766
44,0.83,0.6216216216216216
44,0.84,0.6396396396396397
44,0.85,0.6846846846846847
45,0.01,0.0
45,0.02,0.0
45,0.03,0.0
45,0.04,0.0
45,0.05,0.0
45,0.06,0.0
45,0.07,0.0
45,0.08,0.0
45,0.09,0.0
45,0.1,0.0
45,0.11,0.0
45,0.12,0.0
45,0.13,0.0
45,0.14,0.0
45,0.15,0.0
45,0.16,0.0
45,0.17,0.0
45,0.18,0.0
45,0.19,0.0
45,0.2,0.0
45,0.21,0.0
45,0.22,0.0
45,0.23,0.0
45,0.24,0.0
45,0.25,0.0
45,0.26,0.0
45,0.27,0.0
45,0.28,0.0
45,0.29,0.0
45,0.3,0.0
45,0.31,0.0
45,0.32,0.0
45,0.33,0.0
45,0.34,0.0
45,0.35,0.0
45,0.36,0.0
45,0.37,0.0
45,0.38,0.0
45,0.39,0.0
45,0.4,0.0
45,0.41,0.0
45,0.42,0.0
45,0.43,0.0
45,0.44,0.0
45,0.45,0.0
45,0.46,0.0
45,0.47,0.037037037037037035
45,0.48,0.037037037037037035
45,0.49,0.037037037037037035
45,0.5,0.037037037037037035
45,0.51,0.037037037037037035
45,0.52,0.037037037037037035
45,0.53,0.037037037037037035
45,0.54,0.037037037037037035
45,0.55,0.037037037037037035
45,0.56,0.037037037037037035
45,0.57,0.037037037037037035
45,0.58,0.037037037037037035
45,0.59,0.037037037037037035
45,0.6,0.037037037037037035
45,0.61,0.037037037037037035
45,0.62,0.07407407407407407
45,0.63,0.07407407407407407
45,0.64,0.07407407407407407
45,0.65,0.07407407407407407
45,0.66,0.1111111111111111
45,0.67,0.14814814814814814
45,0.68,0.18518518518518517
45,0.69,0.18518518518518517
45,0.7,0.18518518518518517
45,0.71,0.18518518518518517
45,0.72,0.2222222222222222
45,0.73,0.2962962962962963
45,0.74,0.3333333333333333
45,0.75,0.3333333333333333
45,0.76,0.3333333333333333
45,0.77,0.3333333333333333
45,0.78,0.3333333333333333
45,0.79,0.3333333333333333
45,0.8,0.4074074074074074
45,0.81,0.4074074074074074
45,0.82,0.4074074074074074
45,0.83,0.48148148148148145
45,0.84,0.5185185185185185
45,0.85,0.5555555555555556
46,0.01,0.0
46,0.02,0.0
46,0.03,0.0
46,0.04,0.0
46,0.05,0.0
46,0.06,0.0
46,0.07,0.0
46,0.08,0.0
46,0.09,0.0
46,0.1,0.0
46,0.11,0.0
46,0.12,0.0
46,0.13,0.0
46,0.14,0.0
46,0.15,0.0
46,0.16,0.0
46,0.17,0.0
46,0.18,0.0
46,0.19,0.0
46,0.2,0.0
46,0.21,0.0
46,0.22,0.0
46,0.23,0.0
46,0.24,0.0
46,0.25,0.0
46,0.26,0.0
46,0.27,0.0
46,0.28,0.0
46,0.29,0.0
46,0.3,0.0
46,0.31,0.0
46,0.32,0.0
46,0.33,0.0
46,0.34,0.0
46,0.35,0.0
46,0.36,0.0
46,0.37,0.0
46,0.38,0.0
46,0.39,0.0
46,0.4,0.0
46,0.41,0.0
46,0.42,0.0
46,0.43,0.0
46,0.44,0.0
46,0.45,0.0
46,0.46,0.0
46,0.47,0.0
46,0.48,0.0
46,0.49,0.0
46,0.5,0.0
46,0.51,0.0
46,0.52,0.0
46,0.53,0.0
46,0.54,0.0
46,0.55,0.0
46,0.56,0.0
46,0.57,0.0
46,0.58,0.0
46,0.59,0.0
46,0.6,0.0
46,0.61,0.0
46,0.62,0.0
46,0.63,0.0
46,0.64,0.0
46,0.65,0.0
46,0.66,0.0
46,0.67,0.0
46,0.68,0.0
46,0.69,0.0
46,0.7,0.0
46,0.71,0.0
46,0.72,0.0
46,0.73,0.0
46,0.74,0.0
46,0.75,0.0
46,0.76,0.0
46,0.77,0.0
46,0.78,0.0
46,0.79,0.0
46,0.8,0.0
46,0.81,0.0
46,0.82,0.0
46,0.83,0.0
46,0.84,0.0
46,0.85,0.5
47,0.01,0.0
47,0.02,0.0
47,0.03,0.0
47,0.04,0.0
47,0.05,0.0
47,0.06,0.0
47,0.07,0.0
47,0.08,0.0
47,0.09,0.0
47,0.1,0.0
47,0.11,0.0
47,0.12,0.0
47,0.13,0.0
47,0.14,0.0
47,0.15,0.0
47,0.16,0.0
47,0.17,0.0
47,0.18,0.0
47,0.19,0.0
47,0.2,0.0
47,0.21,0.0
47,0.22,0.0
47,0.23,0.0
47,0.24,0.0
47,0.25,0.0
47,0.26,0.0
47,0.27,0.0
47,0.28,0.0
47,0.29,0.0
47,0.3,0.0
47,0.31,0.0
47,0.32,0.0
47,0.33,0.0
47,0.34,0.0
47,0.35,0.0
47,0.36,0.0
47,0.37,0.0
47,0.38,0.0
47,0.39,0.0
47,0.4,0.0
47,0.41,0.0
47,0.42,0.0
47,0.43,0.0
47,0.44,0.0
47,0.45,0.0
47,0.46,0.0
47,0.47,0.0
47,0.48,0.0
47,0.49,0.0
47,0.5,0.0
47,0.51,0.0
47,0.52,0.0
47,0.53,0.0
47,0.54,0.0
47,0.55,0.0
47,0.56,0.0
47,0.57,0.0
47,0.58,0.0
47,0.59,0.0
47,0.6,0.0
47,0.61,0.0
47,0.62,0.0
47,0.63,0.0
47,0.64,0.0
47,0.65,0.0
47,0.66,0.0
47,0.67,0.0
47,0.68,0.0
47,0.69,0.0
47,0.7,0.0
47,0.71,0.0
47,0.72,0.0
47,0.73,0.0
47,0.74,0.0
47,0.75,0.0
47,0.76,0.0
47,0.77,0.0
47,0.78,0.0
47,0.79,0.0
47,0.8,0.0
47,0.81,0.0
47,0.82,0.0
47,0.83,0.0
47,0.84,0.0
47,0.85,0.5
48,0.01,0.0
48,0.02,0.0
48,0.03,0.0
48,0.04,0.0
48,0.05,0.0
48,0.06,0.0
48,0.07,0.0
48,0.08,0.0
48,0.09,0.0
48,0.1,0.0
48,0.11,0.0
48,0.12,0.0
48,0.13,0.0
48,0.14,0.0
48,0.15,0.0
48,0.16,0.0
48,0.17,0.0
48,0.18,0.0
48,0.19,0.0
48,0.2,0.0
48,0.21,0.0
48,0.22,0.0
48,0.23,0.0
48,0.24,0.0
48,0.25,0.0
48,0.26,0.0
48,0.27,0.0
48,0.28,0.0
48,0.29,0.0
48,0.3,0.0
48,0.31,0.0
48,0.32,0.0
48,0.33,0.0
48,0.34,0.0
48,0.35,0.0
48,0.36,0.0
48,0.37,0.0
48,0.38,0.0
48,0.39,0.0
48,0.4,0.0
48,0.41,0.0
48,0.42,0.0
48,0.43,0.0
48,0.44,0.0
48,0.45,0.0
48,0.46,0.0
48,0.47,0.0
48,0.48,0.0
48,0.49,0.0
48,0.5,0.0
48,0.51,0.0
48,0.52,0.0
48,0.53,0.0
48,0.54,0.0
48,0.55,0.0
48,0.56,0.0
48,0.57,0.0
48,0.58,0.0
48,0.59,0.0
48,0.6,0.0
48,0.61,0.0
48,0.62,0.0
48,0.63,0.0
48,0.64,0.0
48,0.65,0.0
48,0.66,0.0
48,0.67,0.0
48,0.68,0.0
48,0.69,0.0
48,0.7,0.0
48,0.71,0.0
48,0.72,0.0
48,0.73,0.0
48,0.74,0.0
48,0.75,0.0
48,0.76,0.0
48,0.77,0.0
48,0.78,0.0
48,0.79,0.0
48,0.8,0.0
48,0.81,0.0
48,0.82,0.0
48,0.83,0.0
48,0.84,0.0
48,0.85,0.5
49,0.01,0.0
49,0.02,0.0
49,0.03,0.0
49,0.04,0.0
49,0.05,0.0
49,0.06,0.0
49,0.07,0.0
49,0.08,0.0
49,0.09,0.0
49,0.1,0.0
49,0.11,0.0
49,0.12,0.0
49,0.13,0.0
49,0.14,0.0
49,0.15,0.0
49,0.16,0.0
49,0.17,0.0
49,0.18,0.0
49,0.19,0.0
49,0.2,0.0
49,0.21,0.0
49,0.22,0.0
49,0.23,0.0
49,0.24,0.0
49,0.25,0.0
49,0.26,0.0
49,0.27,0.0
49,0.28,0.0
49,0.29,0.0
49,0.3,0.0
49,0.31,0.0
49,0.32,0.0
49,0.33,0.0
49,0.34,0.0
49,0.35,0.0
49,0.36,0.0
49,0.37,0.0
49,0.38,0.0
49,0.39,0.0
49,0.4,0.0
49,0.41,0.0
49,0.42,0.0
49,0.43,0.0
49,0.44,0.0
49,0.45,0.0
49,0.46,0.0
49,0.47,0.0
49,0.48,0.0
49,0.49,0.0
49,0.5,0.0
49,0.51,0.0
49,0.52,0.0
49,0.53,0.0
49,0.54,0.0
49,0.55,0.0
49,0.56,0.0
49,0.57,0.0
49,0.58,0.0
49,0.59,0.0
49,0.6,0.0
49,0.61,0.0
49,0.62,0.0
49,0.63,0.0
49,0.64,0.0
49,0.65,0.0
49,0.66,0.0
49,0.67,0.0
49,0.68,0.0
49,0.69,0.0
49,0.7,0.0
49,0.71,0.0
49,0.72,0.0
49,0.73,0.0
49,0.74,0.0
49,0.75,0.0
49,0.76,0.0
49,0.77,0.0
49,0.78,0.0
49,0.79,0.0
49,0.8,0.0
49,0.81,0.0
49,0.82,0.0
49,0.83,0.0
49,0.84,0.0
49,0.85,0.5
