bin_index,limit_price,empirical_gc,mean_h2_gc,upper_0.8,upper_0.9,upper_0.95
0,0.01,0.0,0.008993743918836117,0.01612551760757035,0.02299004270077471,0.029806673773350886
0,0.02,0.0,0.018637698143720627,0.01612551760757035,0.02299004270077471,0.029806673773350886
0,0.03,0.0,0.028049875050783157,0.01612551760757035,0.02299004270077471,0.029806673773350886
0,0.04,0.01020408163265306,0.034273743629455566,0.029942423559697215,0.03872111896922205,0.047021239728140644
0,0.05,0.01020408163265306,0.04428580775856972,0.029942423559697215,0.03872111896922205,0.047021239728140644
0,0.06,0.01020408163265306,0.05614957958459854,0.029942423559697215,0.03872111896922205,0.047021239728140644
0,0.07,0.02040816326530612,0.062434177845716476,0.04272704329366381,0.05286513659686045,0.0622280956867187
0,0.08,0.02040816326530612,0.07065854966640472,0.04272704329366381,0.05286513659686045,0.0622280956867187
0,0.09,0.030612244897959183,0.07990862429141998,0.05500193021831546,0.06623584074530633,0.0764570956032081
0,0.1,0.05102040816326531,0.09479875862598419,0.0786863305246063,0.09166826886340322,0.10325709754800565
0,0.11,0.061224489795918366,0.10866769403219223,0.09024421744536533,0.10395467590566797,0.1161118434387964
0,0.12,0.07142857142857142,0.12088747322559357,0.10166567714182573,0.11603482550523113,0.12870460304827244
0,0.13,0.09183673469387756,0.1309157907962799,0.12418870556816415,0.13971137752690063,0.15327514365732645
0,0.14,0.10204081632653061,0.14492253959178925,0.1353206398785102,0.15135364543579527,0.16531105635555593
0,0.15,0.10204081632653061,0.15729787945747375,0.1353206398785102,0.15135364543579527,0.16531105635555593
0,0.16,0.10204081632653061,0.16876037418842316,0.1353206398785102,0.15135364543579527,0.16531105635555593
0,0.17,0.12244897959183673,0.18101388216018677,0.15737654859903333,0.17432350931216048,0.1889822835344356
0,0.18,0.14285714285714285,0.19587792456150055,0.1792010954316656,0.19694319219570927,0.2122074714860211
0,0.19,0.15306122448979592,0.20586428046226501,0.19003940712748243,0.20814105921353937,0.22367737538144403
0,0.2,0.15306122448979592,0.2197435200214386,0.19003940712748243,0.20814105921353937,0.22367737538144403
0,0.21,0.16326530612244897,0.232627272605896,0.2008336119068674,0.21927213865380574,0.23506214608566636
0,0.22,0.17346938775510204,0.24248839914798737,0.21158688858815497,0.23034123668946171,0.24636789505786097
0,0.23,0.20408163265306123,0.2537226974964142,0.24362675007767406,0.26321535509380045,0.279860255674997
0,0.24,0.22448979591836735,0.2639271020889282,0.2648236042071358,0.284884421437408,0.3018734057488959
0,0.25,0.23469387755102042,0.2801048457622528,0.2753779808024401,0.2956522114790731,0.3127948231916118
0,0.26,0.25510204081632654,0.29637643694877625,0.296405020522038,0.31706397015394255,0.334479649518096
0,0.27,0.2653061224489796,0.3082989752292633,0.30687984575850064,0.32771121070362424,0.34524722553895343
0,0.28,0.2653061224489796,0.3194759786128998,0.30687984575850064,0.32771121070362424,0.34524722553895343
0,0.29,0.2755102040816326,0.3332464396953583,0.3173301361211222,0.3383212680102421,0.35596734219177417
0,0.3,0.2857142857142857,0.3509760797023773,0.3277567222120373,0.348895399273573,0.3666416011452142
0,0.31,0.29591836734693877,0.3622583746910095,0.33816035483833384,0.35943474099998407,0.37727145046159916
0,0.32,0.3163265306122449,0.3766506612300873,0.3589014147124997,0.38041307512977207,0.39840304193994847
0,0.33,0.32653061224489793,0.3940030336380005,0.36924001648231225,0.3908538457362322,0.40890705032889224
0,0.34,0.336734693877551,0.41615426540374756,0.3795580256060673,0.4012634010135088,0.41937120417250695
0,0.35,0.37755102040816324,0.4426157772541046,0.42063269537697934,0.4426024310811339,0.4608457986299014
0,0.36,0.40816326530612246,0.46111059188842773,0.4512410446116137,0.4733070658140197,0.49156912738063696
0,0.37,0.4387755102040816,0.48146501183509827,0.4816875988112744,0.5037664153906907,0.5219792264734808
0,0.38,0.4489795918367347,0.4982675313949585,0.4918013272796981,0.5138662844211347,0.5320479277232164
0,0.39,0.47959183673469385,0.5147221684455872,0.5220387973780742,0.5440086570974816,0.5620532385982524
0,0.4,0.5102040816326531,0.5472429990768433,0.5521220168170886,0.5739171880428169,0.591759931227139
0,0.41,0.5102040816326531,0.5717597007751465,0.5521220168170886,0.5739171880428169,0.591759931227139
0,0.42,0.5204081632653061,0.5897794961929321,0.5621155752064073,0.5838348815926755,0.6015959934415591
0,0.43,0.5306122448979592,0.6092724800109863,0.5720920077561438,0.5937266143666955,0.6113989054194002
0,0.44,0.5306122448979592,0.6348137259483337,0.5720920077561438,0.5937266143666955,0.6113989054194002
0,0.45,0.5408163265306123,0.6609411239624023,0.5820512618961499,0.6035923072987115,0.6211685669556994
0,0.46,0.5816326530612245,0.6860610842704773,0.6217146837286701,0.6427919513861908,0.6599112430462184
0,0.47,0.6530612244897959,0.7120159864425659,0.6904314538329045,0.7103392346744002,0.7263678024581901
0,0.48,0.673469387755102,0.7340758442878723,0.7098922048187333,0.7293769261788017,0.7450215964457696
0,0.49,0.6836734693877551,0.7552146911621094,0.7195919038439986,0.7388493037504515,0.7542892008877362
0,0.5,0.7448979591836735,0.7816507816314697,0.7773249739118354,0.794979227666558,0.8089963970321276
0,0.51,0.7857142857142857,0.8047488331794739,0.81531275951254,0.8316410091067177,0.8445012993721136
0,0.52,0.8061224489795918,0.8285295367240906,0.8341296430766311,0.8497041888413913,0.8619127209391412
0,0.53,0.8163265306122449,0.8490714430809021,0.8434882856915153,0.8586605061692666,0.8705226037875372
0,0.54,0.8469387755102041,0.8661223649978638,0.8713389570726819,0.8851892158279665,0.8959194160174054
0,0.55,0.8571428571428571,0.889854371547699,0.8805381756258985,0.8939048204320146,0.9042232015117885
0,0.56,0.8775510204081632,0.9074550271034241,0.8987882130304263,0.9111122860404275,0.9205466862678426
0,0.57,0.9183673469387755,0.9202756881713867,0.9345321213134741,0.9443895833709584,0.9517524581932632
0,0.58,0.9591836734693877,0.9342209696769714,0.9686460049818211,0.9752299349946225,0.9798912444324113
0,0.59,0.9591836734693877,0.9495678544044495,0.9686460049818211,0.9752299349946225,0.9798912444324113
0,0.6,0.9693877551020408,0.9597691297531128,0.9767162994731423,0.9822625343280028,0.986083053360333
0,0.61,0.9693877551020408,0.9680681228637695,0.9767162994731423,0.9822625343280028,0.986083053360333
0,0.62,0.9795918367346939,0.9744665026664734,0.9844575809760863,0.9888169381115095,0.9916905766060132
0,0.63,0.9897959183673469,0.9797501564025879,0.9916653653539127,0.9946153648841087,0.996398717169247
0,0.64,1.0,0.9849189519882202,0.9977485630290066,0.9989363184777597,0.9994820201132021
0,0.65,1.0,0.9887956976890564,0.9977485630290066,0.9989363184777597,0.9994820201132021
0,0.66,1.0,0.9920448064804077,0.9977485630290066,0.9989363184777597,0.9994820201132021
0,0.67,1.0,0.9940422773361206,0.9977485630290066,0.9989363184777597,0.9994820201132021
0,0.68,1.0,0.9948832988739014,0.9977485630290066,0.9989363184777597,0.9994820201132021
0,0.69,1.0,0.996082067489624,0.9977485630290066,0.9989363184777597,0.9994820201132021
0,0.7,1.0,0.9972414374351501,0.9977485630290066,0.9989363184777597,0.9994820201132021
0,0.71,1.0,0.9978118538856506,0.9977485630290066,0.9989363184777597,0.9994820201132021
0,0.72,1.0,0.9981386065483093,0.9977485630290066,0.9989363184777597,0.9994820201132021
0,0.73,1.0,0.9987244009971619,0.9977485630290066,0.9989363184777597,0.9994820201132021
0,0.74,1.0,0.9989929795265198,0.9977485630290066,0.9989363184777597,0.9994820201132021
0,0.75,1.0,0.9993177056312561,0.9977485630290066,0.9989363184777597,0.9994820201132021
0,0.76,1.0,0.9994564652442932,0.9977485630290066,0.9989363184777597,0.9994820201132021
0,0.77,1.0,0.9995928406715393,0.9977485630290066,0.9989363184777597,0.9994820201132021
0,0.78,1.0,0.9997341632843018,0.9977485630290066,0.9989363184777597,0.9994820201132021
0,0.79,1.0,0.9998306035995483,0.9977485630290066,0.9989363184777597,0.9994820201132021
0,0.8,1.0,0.9998847842216492,0.9977485630290066,0.9989363184777597,0.9994820201132021
0,0.81,1.0,0.9999253153800964,0.9977485630290066,0.9989363184777597,0.9994820201132021
0,0.82,1.0,0.9999673962593079,0.9977485630290066,0.9989363184777597,0.9994820201132021
0,0.83,1.0,0.999980628490448,0.9977485630290066,0.9989363184777597,0.9994820201132021
0,0.84,1.0,0.9999887347221375,0.9977485630290066,0.9989363184777597,0.9994820201132021
0,0.85,1.0,0.9999921917915344,0.9977485630290066,0.9989363184777597,0.9994820201132021
1,0.01,0.0,0.008993743918836117,0.01612551760757035,0.02299004270077471,0.029806673773350886
1,0.02,0.0,0.018637698143720627,0.01612551760757035,0.02299004270077471,0.029806673773350886
1,0.03,0.0,0.028049875050783157,0.01612551760757035,0.02299004270077471,0.029806673773350886
1,0.04,0.01020408163265306,0.034273743629455566,0.029942423559697215,0.03872111896922205,0.047021239728140644
1,0.05,0.01020408163265306,0.04428580775856972,0.029942423559697215,0.03872111896922205,0.047021239728140644
1,0.06,0.01020408163265306,0.05614957958459854,0.029942423559697215,0.03872111896922205,0.047021239728140644
1,0.07,0.02040816326530612,0.062434177845716476,0.04272704329366381,0.05286513659686045,0.0622280956867187
1,0.08,0.02040816326530612,0.07065854966640472,0.04272704329366381,0.05286513659686045,0.0622280956867187
1,0.09,0.030612244897959183,0.07990862429141998,0.05500193021831546,0.06623584074530633,0.0764570956032081
1,0.1,0.05102040816326531,0.09479875862598419,0.0786863305246063,0.09166826886340322,0.10325709754800565
1,0.11,0.061224489795918366,0.10866769403219223,0.09024421744536533,0.10395467590566797,0.1161118434387964
1,0.12,0.07142857142857142,0.12088747322559357,0.10166567714182573,0.11603482550523113,0.12870460304827244
1,0.13,0.09183673469387756,0.1309157907962799,0.12418870556816415,0.13971137752690063,0.15327514365732645
1,0.14,0.10204081632653061,0.14492253959178925,0.1353206398785102,0.15135364543579527,0.16531105635555593
1,0.15,0.10204081632653061,0.15729787945747375,0.1353206398785102,0.15135364543579527,0.16531105635555593
1,0.16,0.10204081632653061,0.16876037418842316,0.1353206398785102,0.15135364543579527,0.16531105635555593
1,0.17,0.12244897959183673,0.18101388216018677,0.15737654859903333,0.17432350931216048,0.1889822835344356
1,0.18,0.14285714285714285,0.19587792456150055,0.1792010954316656,0.19694319219570927,0.2122074714860211
1,0.19,0.15306122448979592,0.20586428046226501,0.19003940712748243,0.20814105921353937,0.22367737538144403
1,0.2,0.15306122448979592,0.2197435200214386,0.19003940712748243,0.20814105921353937,0.22367737538144403
1,0.21,0.16326530612244897,0.232627272605896,0.2008336119068674,0.21927213865380574,0.23506214608566636
1,0.22,0.17346938775510204,0.24248839914798737,0.21158688858815497,0.23034123668946171,0.24636789505786097
1,0.23,0.20408163265306123,0.2537226974964142,0.24362675007767406,0.26321535509380045,0.279860255674997
1,0.24,0.22448979591836735,0.2639271020889282,0.2648236042071358,0.284884421437408,0.3018734057488959
1,0.25,0.23469387755102042,0.2801048457622528,0.2753779808024401,0.2956522114790731,0.3127948231916118
1,0.26,0.25510204081632654,0.29637643694877625,0.296405020522038,0.31706397015394255,0.334479649518096
1,0.27,0.2653061224489796,0.3082989752292633,0.30687984575850064,0.32771121070362424,0.34524722553895343
1,0.28,0.2653061224489796,0.3194759786128998,0.30687984575850064,0.32771121070362424,0.34524722553895343
1,0.29,0.2755102040816326,0.3332464396953583,0.3173301361211222,0.3383212680102421,0.35596734219177417
1,0.3,0.2857142857142857,0.3509760797023773,0.3277567222120373,0.348895399273573,0.3666416011452142
1,0.31,0.29591836734693877,0.3622583746910095,0.33816035483833384,0.35943474099998407,0.37727145046159916
1,0.32,0.3163265306122449,0.3766506612300873,0.3589014147124997,0.38041307512977207,0.39840304193994847
1,0.33,0.32653061224489793,0.3940030336380005,0.36924001648231225,0.3908538457362322,0.40890705032889224
1,0.34,0.336734693877551,0.41615426540374756,0.3795580256060673,0.4012634010135088,0.41937120417250695
1,0.35,0.37755102040816324,0.4426157772541046,0.42063269537697934,0.4426024310811339,0.4608457986299014
1,0.36,0.40816326530612246,0.46111059188842773,0.4512410446116137,0.4733070658140197,0.49156912738063696
1,0.37,0.4387755102040816,0.48146501183509827,0.4816875988112744,0.5037664153906907,0.5219792264734808
1,0.38,0.4489795918367347,0.4982675313949585,0.4918013272796981,0.5138662844211347,0.5320479277232164
1,0.39,0.47959183673469385,0.5147221684455872,0.5220387973780742,0.5440086570974816,0.5620532385982524
1,0.4,0.5102040816326531,0.5472429990768433,0.5521220168170886,0.5739171880428169,0.591759931227139
1,0.41,0.5102040816326531,0.5717597007751465,0.5521220168170886,0.5739171880428169,0.591759931227139
1,0.42,0.5204081632653061,0.5897794961929321,0.5621155752064073,0.5838348815926755,0.6015959934415591
1,0.43,0.5306122448979592,0.6092724800109863,0.5720920077561438,0.5937266143666955,0.6113989054194002
1,0.44,0.5306122448979592,0.6348137259483337,0.5720920077561438,0.5937266143666955,0.6113989054194002
1,0.45,0.5408163265306123,0.6609411239624023,0.5820512618961499,0.6035923072987115,0.6211685669556994
1,0.46,0.5816326530612245,0.6860610842704773,0.6217146837286701,0.6427919513861908,0.6599112430462184
1,0.47,0.6530612244897959,0.7120159864425659,0.6904314538329045,0.7103392346744002,0.7263678024581901
1,0.48,0.673469387755102,0.7340758442878723,0.7098922048187333,0.7293769261788017,0.7450215964457696
1,0.49,0.6836734693877551,0.7552146911621094,0.7195919038439986,0.7388493037504515,0.7542892008877362
1,0.5,0.7448979591836735,0.7816507816314697,0.7773249739118354,0.794979227666558,0.8089963970321276
1,0.51,0.7857142857142857,0.8047488331794739,0.81531275951254,0.8316410091067177,0.8445012993721136
1,0.52,0.8061224489795918,0.8285295367240906,0.8341296430766311,0.8497041888413913,0.8619127209391412
1,0.53,0.8163265306122449,0.8490714430809021,0.8434882856915153,0.8586605061692666,0.8705226037875372
1,0.54,0.8469387755102041,0.8661223649978638,0.8713389570726819,0.8851892158279665,0.8959194160174054
1,0.55,0.8571428571428571,0.889854371547699,0.8805381756258985,0.8939048204320146,0.9042232015117885
1,0.56,0.8775510204081632,0.9074550271034241,0.8987882130304263,0.9111122860404275,0.9205466862678426
1,0.57,0.9183673469387755,0.9202756881713867,0.9345321213134741,0.9443895833709584,0.9517524581932632
1,0.58,0.9591836734693877,0.9342209696769714,0.9686460049818211,0.9752299349946225,0.9798912444324113
1,0.59,0.9591836734693877,0.9495678544044495,0.9686460049818211,0.9752299349946225,0.9798912444324113
1,0.6,0.9693877551020408,0.9597691297531128,0.9767162994731423,0.9822625343280028,0.986083053360333
1,0.61,0.9693877551020408,0.9680681228637695,0.9767162994731423,0.9822625343280028,0.986083053360333
1,0.62,0.9795918367346939,0.9744665026664734,0.9844575809760863,0.9888169381115095,0.9916905766060132
1,0.63,0.9897959183673469,0.9797501564025879,0.9916653653539127,0.9946153648841087,0.996398717169247
1,0.64,1.0,0.9849189519882202,0.9977485630290066,0.9989363184777597,0.9994820201132021
1,0.65,1.0,0.9887956976890564,0.9977485630290066,0.9989363184777597,0.9994820201132021
1,0.66,1.0,0.9920448064804077,0.9977485630290066,0.9989363184777597,0.9994820201132021
1,0.67,1.0,0.9940422773361206,0.9977485630290066,0.9989363184777597,0.9994820201132021
1,0.68,1.0,0.9948832988739014,0.9977485630290066,0.9989363184777597,0.9994820201132021
1,0.69,1.0,0.996082067489624,0.9977485630290066,0.9989363184777597,0.9994820201132021
1,0.7,1.0,0.9972414374351501,0.9977485630290066,0.9989363184777597,0.9994820201132021
1,0.71,1.0,0.9978118538856506,0.9977485630290066,0.9989363184777597,0.9994820201132021
1,0.72,1.0,0.9981386065483093,0.9977485630290066,0.9989363184777597,0.9994820201132021
1,0.73,1.0,0.9987244009971619,0.9977485630290066,0.9989363184777597,0.9994820201132021
1,0.74,1.0,0.9989929795265198,0.9977485630290066,0.9989363184777597,0.9994820201132021
1,0.75,1.0,0.9993177056312561,0.9977485630290066,0.9989363184777597,0.9994820201132021
1,0.76,1.0,0.9994564652442932,0.9977485630290066,0.9989363184777597,0.9994820201132021
1,0.77,1.0,0.9995928406715393,0.9977485630290066,0.9989363184777597,0.9994820201132021
1,0.78,1.0,0.9997341632843018,0.9977485630290066,0.9989363184777597,0.9994820201132021
1,0.79,1.0,0.9998306035995483,0.9977485630290066,0.9989363184777597,0.9994820201132021
1,0.8,1.0,0.9998847842216492,0.9977485630290066,0.9989363184777597,0.9994820201132021
1,0.81,1.0,0.9999253153800964,0.9977485630290066,0.9989363184777597,0.9994820201132021
1,0.82,1.0,0.9999673962593079,0.9977485630290066,0.9989363184777597,0.9994820201132021
1,0.83,1.0,0.999980628490448,0.9977485630290066,0.9989363184777597,0.9994820201132021
1,0.84,1.0,0.9999887347221375,0.9977485630290066,0.9989363184777597,0.9994820201132021
1,0.85,1.0,0.9999921917915344,0.9977485630290066,0.9989363184777597,0.9994820201132021
2,0.01,0.0,0.008993743918836117,0.01612551760757035,0.02299004270077471,0.029806673773350886
2,0.02,0.0,0.018637698143720627,0.01612551760757035,0.02299004270077471,0.029806673773350886
2,0.03,0.0,0.028049875050783157,0.01612551760757035,0.02299004270077471,0.029806673773350886
2,0.04,0.01020408163265306,0.034273743629455566,0.029942423559697215,0.03872111896922205,0.047021239728140644
2,0.05,0.01020408163265306,0.04428580775856972,0.029942423559697215,0.03872111896922205,0.047021239728140644
2,0.06,0.01020408163265306,0.05614957958459854,0.029942423559697215,0.03872111896922205,0.047021239728140644
2,0.07,0.02040816326530612,0.062434177845716476,0.04272704329366381,0.05286513659686045,0.0622280956867187
2,0.08,0.02040816326530612,0.07065854966640472,0.04272704329366381,0.05286513659686045,0.0622280956867187
2,0.09,0.030612244897959183,0.07990862429141998,0.05500193021831546,0.06623584074530633,0.0764570956032081
2,0.1,0.05102040816326531,0.09479875862598419,0.0786863305246063,0.09166826886340322,0.10325709754800565
2,0.11,0.061224489795918366,0.10866769403219223,0.09024421744536533,0.10395467590566797,0.1161118434387964
2,0.12,0.07142857142857142,0.12088747322559357,0.10166567714182573,0.11603482550523113,0.12870460304827244
2,0.13,0.09183673469387756,0.1309157907962799,0.12418870556816415,0.13971137752690063,0.15327514365732645
2,0.14,0.10204081632653061,0.14492253959178925,0.1353206398785102,0.15135364543579527,0.16531105635555593
2,0.15,0.10204081632653061,0.15729787945747375,0.1353206398785102,0.15135364543579527,0.16531105635555593
2,0.16,0.10204081632653061,0.16876037418842316,0.1353206398785102,0.15135364543579527,0.16531105635555593
2,0.17,0.12244897959183673,0.18101388216018677,0.15737654859903333,0.17432350931216048,0.1889822835344356
2,0.18,0.14285714285714285,0.19587792456150055,0.1792010954316656,0.19694319219570927,0.2122074714860211
2,0.19,0.15306122448979592,0.20586428046226501,0.19003940712748243,0.20814105921353937,0.22367737538144403
2,0.2,0.15306122448979592,0.2197435200214386,0.19003940712748243,0.20814105921353937,0.22367737538144403
2,0.21,0.16326530612244897,0.232627272605896,0.2008336119068674,0.21927213865380574,0.23506214608566636
2,0.22,0.17346938775510204,0.24248839914798737,0.21158688858815497,0.23034123668946171,0.24636789505786097
2,0.23,0.20408163265306123,0.2537226974964142,0.24362675007767406,0.26321535509380045,0.279860255674997
2,0.24,0.22448979591836735,0.2639271020889282,0.2648236042071358,0.284884421437408,0.3018734057488959
2,0.25,0.23469387755102042,0.2801048457622528,0.2753779808024401,0.2956522114790731,0.3127948231916118
2,0.26,0.25510204081632654,0.29637643694877625,0.296405020522038,0.31706397015394255,0.334479649518096
2,0.27,0.2653061224489796,0.3082989752292633,0.30687984575850064,0.32771121070362424,0.34524722553895343
2,0.28,0.2653061224489796,0.3194759786128998,0.30687984575850064,0.32771121070362424,0.34524722553895343
2,0.29,0.2755102040816326,0.3332464396953583,0.3173301361211222,0.3383212680102421,0.35596734219177417
2,0.3,0.2857142857142857,0.3509760797023773,0.3277567222120373,0.348895399273573,0.3666416011452142
2,0.31,0.29591836734693877,0.3622583746910095,0.33816035483833384,0.35943474099998407,0.37727145046159916
2,0.32,0.3163265306122449,0.3766506612300873,0.3589014147124997,0.38041307512977207,0.39840304193994847
2,0.33,0.32653061224489793,0.3940030336380005,0.36924001648231225,0.3908538457362322,0.40890705032889224
2,0.34,0.336734693877551,0.41615426540374756,0.3795580256060673,0.4012634010135088,0.41937120417250695
2,0.35,0.37755102040816324,0.4426157772541046,0.42063269537697934,0.4426024310811339,0.4608457986299014
2,0.36,0.40816326530612246,0.46111059188842773,0.4512410446116137,0.4733070658140197,0.49156912738063696
2,0.37,0.4387755102040816,0.48146501183509827,0.4816875988112744,0.5037664153906907,0.5219792264734808
2,0.38,0.4489795918367347,0.4982675313949585,0.4918013272796981,0.5138662844211347,0.5320479277232164
2,0.39,0.47959183673469385,0.5147221684455872,0.5220387973780742,0.5440086570974816,0.5620532385982524
2,0.4,0.5102040816326531,0.5472429990768433,0.5521220168170886,0.5739171880428169,0.591759931227139
2,0.41,0.5102040816326531,0.5717597007751465,0.5521220168170886,0.5739171880428169,0.591759931227139
2,0.42,0.5204081632653061,0.5897794961929321,0.5621155752064073,0.5838348815926755,0.6015959934415591
2,0.43,0.5306122448979592,0.6092724800109863,0.5720920077561438,0.5937266143666955,0.6113989054194002
2,0.44,0.5306122448979592,0.6348137259483337,0.5720920077561438,0.5937266143666955,0.6113989054194002
2,0.45,0.5408163265306123,0.6609411239624023,0.5820512618961499,0.6035923072987115,0.6211685669556994
2,0.46,0.5816326530612245,0.6860610842704773,0.6217146837286701,0.6427919513861908,0.6599112430462184
2,0.47,0.6530612244897959,0.7120159864425659,0.6904314538329045,0.7103392346744002,0.7263678024581901
2,0.48,0.673469387755102,0.7340758442878723,0.7098922048187333,0.7293769261788017,0.7450215964457696
2,0.49,0.6836734693877551,0.7552146911621094,0.7195919038439986,0.7388493037504515,0.7542892008877362
2,0.5,0.7448979591836735,0.7816507816314697,0.7773249739118354,0.794979227666558,0.8089963970321276
2,0.51,0.7857142857142857,0.8047488331794739,0.81531275951254,0.8316410091067177,0.8445012993721136
2,0.52,0.8061224489795918,0.8285295367240906,0.8341296430766311,0.8497041888413913,0.8619127209391412
2,0.53,0.8163265306122449,0.8490714430809021,0.8434882856915153,0.8586605061692666,0.8705226037875372
2,0.54,0.8469387755102041,0.8661223649978638,0.8713389570726819,0.8851892158279665,0.8959194160174054
2,0.55,0.8571428571428571,0.889854371547699,0.8805381756258985,0.8939048204320146,0.9042232015117885
2,0.56,0.8775510204081632,0.9074550271034241,0.8987882130304263,0.9111122860404275,0.9205466862678426
2,0.57,0.9183673469387755,0.9202756881713867,0.9345321213134741,0.9443895833709584,0.9517524581932632
2,0.58,0.9591836734693877,0.9342209696769714,0.9686460049818211,0.9752299349946225,0.9798912444324113
2,0.59,0.9591836734693877,0.9495678544044495,0.9686460049818211,0.9752299349946225,0.9798912444324113
2,0.6,0.9693877551020408,0.9597691297531128,0.9767162994731423,0.9822625343280028,0.986083053360333
2,0.61,0.9693877551020408,0.9680681228637695,0.9767162994731423,0.9822625343280028,0.986083053360333
2,0.62,0.9795918367346939,0.9744665026664734,0.9844575809760863,0.9888169381115095,0.9916905766060132
2,0.63,0.9897959183673469,0.9797501564025879,0.9916653653539127,0.9946153648841087,0.996398717169247
2,0.64,1.0,0.9849189519882202,0.9977485630290066,0.9989363184777597,0.9994820201132021
2,0.65,1.0,0.9887956976890564,0.9977485630290066,0.9989363184777597,0.9994820201132021
2,0.66,1.0,0.9920448064804077,0.9977485630290066,0.9989363184777597,0.9994820201132021
2,0.67,1.0,0.9940422773361206,0.9977485630290066,0.9989363184777597,0.9994820201132021
2,0.68,1.0,0.9948832988739014,0.9977485630290066,0.9989363184777597,0.9994820201132021
2,0.69,1.0,0.996082067489624,0.9977485630290066,0.9989363184777597,0.9994820201132021
2,0.7,1.0,0.9972414374351501,0.9977485630290066,0.9989363184777597,0.9994820201132021
2,0.71,1.0,0.9978118538856506,0.9977485630290066,0.9989363184777597,0.9994820201132021
2,0.72,1.0,0.9981386065483093,0.9977485630290066,0.9989363184777597,0.9994820201132021
2,0.73,1.0,0.9987244009971619,0.9977485630290066,0.9989363184777597,0.9994820201132021
2,0.74,1.0,0.9989929795265198,0.9977485630290066,0.9989363184777597,0.9994820201132021
2,0.75,1.0,0.9993177056312561,0.9977485630290066,0.9989363184777597,0.9994820201132021
2,0.76,1.0,0.9994564652442932,0.9977485630290066,0.9989363184777597,0.9994820201132021
2,0.77,1.0,0.9995928406715393,0.9977485630290066,0.9989363184777597,0.9994820201132021
2,0.78,1.0,0.9997341632843018,0.9977485630290066,0.9989363184777597,0.9994820201132021
2,0.79,1.0,0.9998306035995483,0.9977485630290066,0.9989363184777597,0.9994820201132021
2,0.8,1.0,0.9998847842216492,0.9977485630290066,0.9989363184777597,0.9994820201132021
2,0.81,1.0,0.9999253153800964,0.9977485630290066,0.9989363184777597,0.9994820201132021
2,0.82,1.0,0.9999673962593079,0.9977485630290066,0.9989363184777597,0.9994820201132021
2,0.83,1.0,0.999980628490448,0.9977485630290066,0.9989363184777597,0.9994820201132021
2,0.84,1.0,0.9999887347221375,0.9977485630290066,0.9989363184777597,0.9994820201132021
2,0.85,1.0,0.9999921917915344,0.9977485630290066,0.9989363184777597,0.9994820201132021
3,0.01,0.0,0.008993743918836117,0.01612551760757035,0.02299004270077471,0.029806673773350886
3,0.02,0.0,0.018637698143720627,0.01612551760757035,0.02299004270077471,0.029806673773350886
3,0.03,0.0,0.028049875050783157,0.01612551760757035,0.02299004270077471,0.029806673773350886
3,0.04,0.01020408163265306,0.034273743629455566,0.029942423559697215,0.03872111896922205,0.047021239728140644
3,0.05,0.01020408163265306,0.04428580775856972,0.029942423559697215,0.03872111896922205,0.047021239728140644
3,0.06,0.01020408163265306,0.05614957958459854,0.029942423559697215,0.03872111896922205,0.047021239728140644
3,0.07,0.02040816326530612,0.062434177845716476,0.04272704329366381,0.05286513659686045,0.0622280956867187
3,0.08,0.02040816326530612,0.07065854966640472,0.04272704329366381,0.05286513659686045,0.0622280956867187
3,0.09,0.030612244897959183,0.07990862429141998,0.05500193021831546,0.06623584074530633,0.0764570956032081
3,0.1,0.05102040816326531,0.09479875862598419,0.0786863305246063,0.09166826886340322,0.10325709754800565
3,0.11,0.061224489795918366,0.10866769403219223,0.09024421744536533,0.10395467590566797,0.1161118434387964
3,0.12,0.07142857142857142,0.12088747322559357,0.10166567714182573,0.11603482550523113,0.12870460304827244
3,0.13,0.09183673469387756,0.1309157907962799,0.12418870556816415,0.13971137752690063,0.15327514365732645
3,0.14,0.10204081632653061,0.14492253959178925,0.1353206398785102,0.15135364543579527,0.16531105635555593
3,0.15,0.10204081632653061,0.15729787945747375,0.1353206398785102,0.15135364543579527,0.16531105635555593
3,0.16,0.10204081632653061,0.16876037418842316,0.1353206398785102,0.15135364543579527,0.16531105635555593
3,0.17,0.12244897959183673,0.18101388216018677,0.15737654859903333,0.17432350931216048,0.1889822835344356
3,0.18,0.14285714285714285,0.19587792456150055,0.1792010954316656,0.19694319219570927,0.2122074714860211
3,0.19,0.15306122448979592,0.20586428046226501,0.19003940712748243,0.20814105921353937,0.22367737538144403
3,0.2,0.15306122448979592,0.2197435200214386,0.19003940712748243,0.20814105921353937,0.22367737538144403
3,0.21,0.16326530612244897,0.232627272605896,0.2008336119068674,0.21927213865380574,0.23506214608566636
3,0.22,0.17346938775510204,0.24248839914798737,0.21158688858815497,0.23034123668946171,0.24636789505786097
3,0.23,0.20408163265306123,0.2537226974964142,0.24362675007767406,0.26321535509380045,0.279860255674997
3,0.24,0.22448979591836735,0.2639271020889282,0.2648236042071358,0.284884421437408,0.3018734057488959
3,0.25,0.23469387755102042,0.2801048457622528,0.2753779808024401,0.2956522114790731,0.3127948231916118
3,0.26,0.25510204081632654,0.29637643694877625,0.296405020522038,0.31706397015394255,0.334479649518096
3,0.27,0.2653061224489796,0.3082989752292633,0.30687984575850064,0.32771121070362424,0.34524722553895343
3,0.28,0.2653061224489796,0.3194759786128998,0.30687984575850064,0.32771121070362424,0.34524722553895343
3,0.29,0.2755102040816326,0.3332464396953583,0.3173301361211222,0.3383212680102421,0.35596734219177417
3,0.3,0.2857142857142857,0.3509760797023773,0.3277567222120373,0.348895399273573,0.3666416011452142
3,0.31,0.29591836734693877,0.3622583746910095,0.33816035483833384,0.35943474099998407,0.37727145046159916
3,0.32,0.3163265306122449,0.3766506612300873,0.3589014147124997,0.38041307512977207,0.39840304193994847
3,0.33,0.32653061224489793,0.3940030336380005,0.36924001648231225,0.3908538457362322,0.40890705032889224
3,0.34,0.336734693877551,0.41615426540374756,0.3795580256060673,0.4012634010135088,0.41937120417250695
3,0.35,0.37755102040816324,0.4426157772541046,0.42063269537697934,0.4426024310811339,0.4608457986299014
3,0.36,0.40816326530612246,0.46111059188842773,0.4512410446116137,0.4733070658140197,0.49156912738063696
3,0.37,0.4387755102040816,0.48146501183509827,0.4816875988112744,0.5037664153906907,0.5219792264734808
3,0.38,0.4489795918367347,0.4982675313949585,0.4918013272796981,0.5138662844211347,0.5320479277232164
3,0.39,0.47959183673469385,0.5147221684455872,0.5220387973780742,0.5440086570974816,0.5620532385982524
3,0.4,0.5102040816326531,0.5472429990768433,0.5521220168170886,0.5739171880428169,0.591759931227139
3,0.41,0.5102040816326531,0.5717597007751465,0.5521220168170886,0.5739171880428169,0.591759931227139
3,0.42,0.5204081632653061,0.5897794961929321,0.5621155752064073,0.5838348815926755,0.6015959934415591
3,0.43,0.5306122448979592,0.6092724800109863,0.5720920077561438,0.5937266143666955,0.6113989054194002
3,0.44,0.5306122448979592,0.6348137259483337,0.5720920077561438,0.5937266143666955,0.6113989054194002
3,0.45,0.5408163265306123,0.6609411239624023,0.5820512618961499,0.6035923072987115,0.6211685669556994
3,0.46,0.5816326530612245,0.6860610842704773,0.6217146837286701,0.6427919513861908,0.6599112430462184
3,0.47,0.6530612244897959,0.7120159864425659,0.6904314538329045,0.7103392346744002,0.7263678024581901
3,0.48,0.673469387755102,0.7340758442878723,0.7098922048187333,0.7293769261788017,0.7450215964457696
3,0.49,0.6836734693877551,0.7552146911621094,0.7195919038439986,0.7388493037504515,0.7542892008877362
3,0.5,0.7448979591836735,0.7816507816314697,0.7773249739118354,0.794979227666558,0.8089963970321276
3,0.51,0.7857142857142857,0.8047488331794739,0.81531275951254,0.8316410091067177,0.8445012993721136
3,0.52,0.8061224489795918,0.8285295367240906,0.8341296430766311,0.8497041888413913,0.8619127209391412
3,0.53,0.8163265306122449,0.8490714430809021,0.8434882856915153,0.8586605061692666,0.8705226037875372
3,0.54,0.8469387755102041,0.8661223649978638,0.8713389570726819,0.8851892158279665,0.8959194160174054
3,0.55,0.8571428571428571,0.889854371547699,0.8805381756258985,0.8939048204320146,0.9042232015117885
3,0.56,0.8775510204081632,0.9074550271034241,0.8987882130304263,0.9111122860404275,0.9205466862678426
3,0.57,0.9183673469387755,0.9202756881713867,0.9345321213134741,0.9443895833709584,0.9517524581932632
3,0.58,0.9591836734693877,0.9342209696769714,0.9686460049818211,0.9752299349946225,0.9798912444324113
3,0.59,0.9591836734693877,0.9495678544044495,0.9686460049818211,0.9752299349946225,0.9798912444324113
3,0.6,0.9693877551020408,0.9597691297531128,0.9767162994731423,0.9822625343280028,0.986083053360333
3,0.61,0.9693877551020408,0.9680681228637695,0.9767162994731423,0.9822625343280028,0.986083053360333
3,0.62,0.9795918367346939,0.9744665026664734,0.9844575809760863,0.9888169381115095,0.9916905766060132
3,0.63,0.9897959183673469,0.9797501564025879,0.9916653653539127,0.9946153648841087,0.996398717169247
3,0.64,1.0,0.9849189519882202,0.9977485630290066,0.9989363184777597,0.9994820201132021
3,0.65,1.0,0.9887956976890564,0.9977485630290066,0.9989363184777597,0.9994820201132021
3,0.66,1.0,0.9920448064804077,0.9977485630290066,0.9989363184777597,0.9994820201132021
3,0.67,1.0,0.9940422773361206,0.9977485630290066,0.9989363184777597,0.9994820201132021
3,0.68,1.0,0.9948832988739014,0.9977485630290066,0.9989363184777597,0.9994820201132021
3,0.69,1.0,0.996082067489624,0.9977485630290066,0.9989363184777597,0.9994820201132021
3,0.7,1.0,0.9972414374351501,0.9977485630290066,0.9989363184777597,0.9994820201132021
3,0.71,1.0,0.9978118538856506,0.9977485630290066,0.9989363184777597,0.9994820201132021
3,0.72,1.0,0.9981386065483093,0.9977485630290066,0.9989363184777597,0.9994820201132021
3,0.73,1.0,0.9987244009971619,0.9977485630290066,0.9989363184777597,0.9994820201132021
3,0.74,1.0,0.9989929795265198,0.9977485630290066,0.9989363184777597,0.9994820201132021
3,0.75,1.0,0.9993177056312561,0.9977485630290066,0.9989363184777597,0.9994820201132021
3,0.76,1.0,0.9994564652442932,0.9977485630290066,0.9989363184777597,0.9994820201132021
3,0.77,1.0,0.9995928406715393,0.9977485630290066,0.9989363184777597,0.9994820201132021
3,0.78,1.0,0.9997341632843018,0.9977485630290066,0.9989363184777597,0.9994820201132021
3,0.79,1.0,0.9998306035995483,0.9977485630290066,0.9989363184777597,0.9994820201132021
3,0.8,1.0,0.9998847842216492,0.9977485630290066,0.9989363184777597,0.9994820201132021
3,0.81,1.0,0.9999253153800964,0.9977485630290066,0.9989363184777597,0.9994820201132021
3,0.82,1.0,0.9999673962593079,0.9977485630290066,0.9989363184777597,0.9994820201132021
3,0.83,1.0,0.999980628490448,0.9977485630290066,0.9989363184777597,0.9994820201132021
3,0.84,1.0,0.9999887347221375,0.9977485630290066,0.9989363184777597,0.9994820201132021
3,0.85,1.0,0.9999921917915344,0.9977485630290066,0.9989363184777597,0.9994820201132021
4,0.01,0.0,0.008993743918836117,0.01612551760757035,0.02299004270077471,0.029806673773350886
4,0.02,0.0,0.018637698143720627,0.01612551760757035,0.02299004270077471,0.029806673773350886
4,0.03,0.0,0.028049875050783157,0.01612551760757035,0.02299004270077471,0.029806673773350886
4,0.04,0.01020408163265306,0.034273743629455566,0.029942423559697215,0.03872111896922205,0.047021239728140644
4,0.05,0.01020408163265306,0.04428580775856972,0.029942423559697215,0.03872111896922205,0.047021239728140644
4,0.06,0.01020408163265306,0.05614957958459854,0.029942423559697215,0.03872111896922205,0.047021239728140644
4,0.07,0.02040816326530612,0.062434177845716476,0.04272704329366381,0.05286513659686045,0.0622280956867187
4,0.08,0.02040816326530612,0.07065854966640472,0.04272704329366381,0.05286513659686045,0.0622280956867187
4,0.09,0.030612244897959183,0.07990862429141998,0.05500193021831546,0.06623584074530633,0.0764570956032081
4,0.1,0.05102040816326531,0.09479875862598419,0.0786863305246063,0.09166826886340322,0.10325709754800565
4,0.11,0.061224489795918366,0.10866769403219223,0.09024421744536533,0.10395467590566797,0.1161118434387964
4,0.12,0.07142857142857142,0.12088747322559357,0.10166567714182573,0.11603482550523113,0.12870460304827244
4,0.13,0.09183673469387756,0.1309157907962799,0.12418870556816415,0.13971137752690063,0.15327514365732645
4,0.14,0.10204081632653061,0.14492253959178925,0.1353206398785102,0.15135364543579527,0.16531105635555593
4,0.15,0.10204081632653061,0.15729787945747375,0.1353206398785102,0.15135364543579527,0.16531105635555593
4,0.16,0.10204081632653061,0.16876037418842316,0.1353206398785102,0.15135364543579527,0.16531105635555593
4,0.17,0.12244897959183673,0.18101388216018677,0.15737654859903333,0.17432350931216048,0.1889822835344356
4,0.18,0.14285714285714285,0.19587792456150055,0.1792010954316656,0.19694319219570927,0.2122074714860211
4,0.19,0.15306122448979592,0.20586428046226501,0.19003940712748243,0.20814105921353937,0.22367737538144403
4,0.2,0.15306122448979592,0.2197435200214386,0.19003940712748243,0.20814105921353937,0.22367737538144403
4,0.21,0.16326530612244897,0.232627272605896,0.2008336119068674,0.21927213865380574,0.23506214608566636
4,0.22,0.17346938775510204,0.24248839914798737,0.21158688858815497,0.23034123668946171,0.24636789505786097
4,0.23,0.20408163265306123,0.2537226974964142,0.24362675007767406,0.26321535509380045,0.279860255674997
4,0.24,0.22448979591836735,0.2639271020889282,0.2648236042071358,0.284884421437408,0.3018734057488959
4,0.25,0.23469387755102042,0.2801048457622528,0.2753779808024401,0.2956522114790731,0.3127948231916118
4,0.26,0.25510204081632654,0.29637643694877625,0.296405020522038,0.31706397015394255,0.334479649518096
4,0.27,0.2653061224489796,0.3082989752292633,0.30687984575850064,0.32771121070362424,0.34524722553895343
4,0.28,0.2653061224489796,0.3194759786128998,0.30687984575850064,0.32771121070362424,0.34524722553895343
4,0.29,0.2755102040816326,0.3332464396953583,0.3173301361211222,0.3383212680102421,0.35596734219177417
4,0.3,0.2857142857142857,0.3509760797023773,0.3277567222120373,0.348895399273573,0.3666416011452142
4,0.31,0.29591836734693877,0.3622583746910095,0.33816035483833384,0.35943474099998407,0.37727145046159916
4,0.32,0.3163265306122449,0.3766506612300873,0.3589014147124997,0.38041307512977207,0.39840304193994847
4,0.33,0.32653061224489793,0.3940030336380005,0.36924001648231225,0.3908538457362322,0.40890705032889224
4,0.34,0.336734693877551,0.41615426540374756,0.3795580256060673,0.4012634010135088,0.41937120417250695
4,0.35,0.37755102040816324,0.4426157772541046,0.42063269537697934,0.4426024310811339,0.4608457986299014
4,0.36,0.40816326530612246,0.46111059188842773,0.4512410446116137,0.4733070658140197,0.49156912738063696
4,0.37,0.4387755102040816,0.48146501183509827,0.4816875988112744,0.5037664153906907,0.5219792264734808
4,0.38,0.4489795918367347,0.4982675313949585,0.4918013272796981,0.5138662844211347,0.5320479277232164
4,0.39,0.47959183673469385,0.5147221684455872,0.5220387973780742,0.5440086570974816,0.5620532385982524
4,0.4,0.5102040816326531,0.5472429990768433,0.5521220168170886,0.5739171880428169,0.591759931227139
4,0.41,0.5102040816326531,0.5717597007751465,0.5521220168170886,0.5739171880428169,0.591759931227139
4,0.42,0.5204081632653061,0.5897794961929321,0.5621155752064073,0.5838348815926755,0.6015959934415591
4,0.43,0.5306122448979592,0.6092724800109863,0.5720920077561438,0.5937266143666955,0.6113989054194002
4,0.44,0.5306122448979592,0.6348137259483337,0.5720920077561438,0.5937266143666955,0.6113989054194002
4,0.45,0.5408163265306123,0.6609411239624023,0.5820512618961499,0.6035923072987115,0.6211685669556994
4,0.46,0.5816326530612245,0.6860610842704773,0.6217146837286701,0.6427919513861908,0.6599112430462184
4,0.47,0.6530612244897959,0.7120159864425659,0.6904314538329045,0.7103392346744002,0.7263678024581901
4,0.48,0.673469387755102,0.7340758442878723,0.7098922048187333,0.7293769261788017,0.7450215964457696
4,0.49,0.6836734693877551,0.7552146911621094,0.7195919038439986,0.7388493037504515,0.7542892008877362
4,0.5,0.7448979591836735,0.7816507816314697,0.7773249739118354,0.794979227666558,0.8089963970321276
4,0.51,0.7857142857142857,0.8047488331794739,0.81531275951254,0.8316410091067177,0.8445012993721136
4,0.52,0.8061224489795918,0.8285295367240906,0.8341296430766311,0.8497041888413913,0.8619127209391412
4,0.53,0.8163265306122449,0.8490714430809021,0.8434882856915153,0.8586605061692666,0.8705226037875372
4,0.54,0.8469387755102041,0.8661223649978638,0.8713389570726819,0.8851892158279665,0.8959194160174054
4,0.55,0.8571428571428571,0.889854371547699,0.8805381756258985,0.8939048204320146,0.9042232015117885
4,0.56,0.8775510204081632,0.9074550271034241,0.8987882130304263,0.9111122860404275,0.9205466862678426
4,0.57,0.9183673469387755,0.9202756881713867,0.9345321213134741,0.9443895833709584,0.9517524581932632
4,0.58,0.9591836734693877,0.9342209696769714,0.9686460049818211,0.9752299349946225,0.9798912444324113
4,0.59,0.9591836734693877,0.9495678544044495,0.9686460049818211,0.9752299349946225,0.9798912444324113
4,0.6,0.9693877551020408,0.9597691297531128,0.9767162994731423,0.9822625343280028,0.986083053360333
4,0.61,0.9693877551020408,0.9680681228637695,0.9767162994731423,0.9822625343280028,0.986083053360333
4,0.62,0.9795918367346939,0.9744665026664734,0.9844575809760863,0.9888169381115095,0.9916905766060132
4,0.63,0.9897959183673469,0.9797501564025879,0.9916653653539127,0.9946153648841087,0.996398717169247
4,0.64,1.0,0.9849189519882202,0.9977485630290066,0.9989363184777597,0.9994820201132021
4,0.65,1.0,0.9887956976890564,0.9977485630290066,0.9989363184777597,0.9994820201132021
4,0.66,1.0,0.9920448064804077,0.9977485630290066,0.9989363184777597,0.9994820201132021
4,0.67,1.0,0.9940422773361206,0.9977485630290066,0.9989363184777597,0.9994820201132021
4,0.68,1.0,0.9948832988739014,0.9977485630290066,0.9989363184777597,0.9994820201132021
4,0.69,1.0,0.996082067489624,0.9977485630290066,0.9989363184777597,0.9994820201132021
4,0.7,1.0,0.9972414374351501,0.9977485630290066,0.9989363184777597,0.9994820201132021
4,0.71,1.0,0.9978118538856506,0.9977485630290066,0.9989363184777597,0.9994820201132021
4,0.72,1.0,0.9981386065483093,0.9977485630290066,0.9989363184777597,0.9994820201132021
4,0.73,1.0,0.9987244009971619,0.9977485630290066,0.9989363184777597,0.9994820201132021
4,0.74,1.0,0.9989929795265198,0.9977485630290066,0.9989363184777597,0.9994820201132021
4,0.75,1.0,0.9993177056312561,0.9977485630290066,0.9989363184777597,0.9994820201132021
4,0.76,1.0,0.9994564652442932,0.9977485630290066,0.9989363184777597,0.9994820201132021
4,0.77,1.0,0.9995928406715393,0.9977485630290066,0.9989363184777597,0.9994820201132021
4,0.78,1.0,0.9997341632843018,0.9977485630290066,0.9989363184777597,0.9994820201132021
4,0.79,1.0,0.9998306035995483,0.9977485630290066,0.9989363184777597,0.9994820201132021
4,0.8,1.0,0.9998847842216492,0.9977485630290066,0.9989363184777597,0.9994820201132021
4,0.81,1.0,0.9999253153800964,0.9977485630290066,0.9989363184777597,0.9994820201132021
4,0.82,1.0,0.9999673962593079,0.9977485630290066,0.9989363184777597,0.9994820201132021
4,0.83,1.0,0.999980628490448,0.9977485630290066,0.9989363184777597,0.9994820201132021
4,0.84,1.0,0.9999887347221375,0.9977485630290066,0.9989363184777597,0.9994820201132021
4,0.85,1.0,0.9999921917915344,0.9977485630290066,0.9989363184777597,0.9994820201132021
5,0.01,0.0,0.008993743918836117,0.01612551760757035,0.02299004270077471,0.029806673773350886
5,0.02,0.0,0.018637698143720627,0.01612551760757035,0.02299004270077471,0.029806673773350886
5,0.03,0.0,0.028049875050783157,0.01612551760757035,0.02299004270077471,0.029806673773350886
5,0.04,0.01020408163265306,0.034273743629455566,0.029942423559697215,0.03872111896922205,0.047021239728140644
5,0.05,0.01020408163265306,0.04428580775856972,0.029942423559697215,0.03872111896922205,0.047021239728140644
5,0.06,0.01020408163265306,0.05614957958459854,0.029942423559697215,0.03872111896922205,0.047021239728140644
5,0.07,0.02040816326530612,0.062434177845716476,0.04272704329366381,0.05286513659686045,0.0622280956867187
5,0.08,0.02040816326530612,0.07065854966640472,0.04272704329366381,0.05286513659686045,0.0622280956867187
5,0.09,0.030612244897959183,0.07990862429141998,0.05500193021831546,0.06623584074530633,0.0764570956032081
5,0.1,0.05102040816326531,0.09479875862598419,0.0786863305246063,0.09166826886340322,0.10325709754800565
5,0.11,0.061224489795918366,0.10866769403219223,0.09024421744536533,0.10395467590566797,0.1161118434387964
5,0.12,0.07142857142857142,0.12088747322559357,0.10166567714182573,0.11603482550523113,0.12870460304827244
5,0.13,0.09183673469387756,0.1309157907962799,0.12418870556816415,0.13971137752690063,0.15327514365732645
5,0.14,0.10204081632653061,0.14492253959178925,0.1353206398785102,0.15135364543579527,0.16531105635555593
5,0.15,0.10204081632653061,0.15729787945747375,0.1353206398785102,0.15135364543579527,0.16531105635555593
5,0.16,0.10204081632653061,0.16876037418842316,0.1353206398785102,0.15135364543579527,0.16531105635555593
5,0.17,0.12244897959183673,0.18101388216018677,0.15737654859903333,0.17432350931216048,0.1889822835344356
5,0.18,0.14285714285714285,0.19587792456150055,0.1792010954316656,0.19694319219570927,0.2122074714860211
5,0.19,0.15306122448979592,0.20586428046226501,0.19003940712748243,0.20814105921353937,0.22367737538144403
5,0.2,0.15306122448979592,0.2197435200214386,0.19003940712748243,0.20814105921353937,0.22367737538144403
5,0.21,0.16326530612244897,0.232627272605896,0.2008336119068674,0.21927213865380574,0.23506214608566636
5,0.22,0.17346938775510204,0.24248839914798737,0.21158688858815497,0.23034123668946171,0.24636789505786097
5,0.23,0.20408163265306123,0.2537226974964142,0.24362675007767406,0.26321535509380045,0.279860255674997
5,0.24,0.22448979591836735,0.2639271020889282,0.2648236042071358,0.284884421437408,0.3018734057488959
5,0.25,0.23469387755102042,0.2801048457622528,0.2753779808024401,0.2956522114790731,0.3127948231916118
5,0.26,0.25510204081632654,0.29637643694877625,0.296405020522038,0.31706397015394255,0.334479649518096
5,0.27,0.2653061224489796,0.3082989752292633,0.30687984575850064,0.32771121070362424,0.34524722553895343
5,0.28,0.2653061224489796,0.3194759786128998,0.30687984575850064,0.32771121070362424,0.34524722553895343
5,0.29,0.2755102040816326,0.3332464396953583,0.3173301361211222,0.3383212680102421,0.35596734219177417
5,0.3,0.2857142857142857,0.3509760797023773,0.3277567222120373,0.348895399273573,0.3666416011452142
5,0.31,0.29591836734693877,0.3622583746910095,0.33816035483833384,0.35943474099998407,0.37727145046159916
5,0.32,0.3163265306122449,0.3766506612300873,0.3589014147124997,0.38041307512977207,0.39840304193994847
5,0.33,0.32653061224489793,0.3940030336380005,0.36924001648231225,0.3908538457362322,0.40890705032889224
5,0.34,0.336734693877551,0.41615426540374756,0.3795580256060673,0.4012634010135088,0.41937120417250695
5,0.35,0.37755102040816324,0.4426157772541046,0.42063269537697934,0.4426024310811339,0.4608457986299014
5,0.36,0.40816326530612246,0.46111059188842773,0.4512410446116137,0.4733070658140197,0.49156912738063696
5,0.37,0.4387755102040816,0.48146501183509827,0.4816875988112744,0.5037664153906907,0.5219792264734808
5,0.38,0.4489795918367347,0.4982675313949585,0.4918013272796981,0.5138662844211347,0.5320479277232164
5,0.39,0.47959183673469385,0.5147221684455872,0.5220387973780742,0.5440086570974816,0.5620532385982524
5,0.4,0.5102040816326531,0.5472429990768433,0.5521220168170886,0.5739171880428169,0.591759931227139
5,0.41,0.5102040816326531,0.5717597007751465,0.5521220168170886,0.5739171880428169,0.591759931227139
5,0.42,0.5204081632653061,0.5897794961929321,0.5621155752064073,0.5838348815926755,0.6015959934415591
5,0.43,0.5306122448979592,0.6092724800109863,0.5720920077561438,0.5937266143666955,0.6113989054194002
5,0.44,0.5306122448979592,0.6348137259483337,0.5720920077561438,0.5937266143666955,0.6113989054194002
5,0.45,0.5408163265306123,0.6609411239624023,0.5820512618961499,0.6035923072987115,0.6211685669556994
5,0.46,0.5816326530612245,0.6860610842704773,0.6217146837286701,0.6427919513861908,0.6599112430462184
5,0.47,0.6530612244897959,0.7120159864425659,0.6904314538329045,0.7103392346744002,0.7263678024581901
5,0.48,0.673469387755102,0.7340758442878723,0.7098922048187333,0.7293769261788017,0.7450215964457696
5,0.49,0.6836734693877551,0.7552146911621094,0.7195919038439986,0.7388493037504515,0.7542892008877362
5,0.5,0.7448979591836735,0.7816507816314697,0.7773249739118354,0.794979227666558,0.8089963970321276
5,0.51,0.7857142857142857,0.8047488331794739,0.81531275951254,0.8316410091067177,0.8445012993721136
5,0.52,0.8061224489795918,0.8285295367240906,0.8341296430766311,0.8497041888413913,0.8619127209391412
5,0.53,0.8163265306122449,0.8490714430809021,0.8434882856915153,0.8586605061692666,0.8705226037875372
5,0.54,0.8469387755102041,0.8661223649978638,0.8713389570726819,0.8851892158279665,0.8959194160174054
5,0.55,0.8571428571428571,0.889854371547699,0.8805381756258985,0.8939048204320146,0.9042232015117885
5,0.56,0.8775510204081632,0.9074550271034241,0.8987882130304263,0.9111122860404275,0.9205466862678426
5,0.57,0.9183673469387755,0.9202756881713867,0.9345321213134741,0.9443895833709584,0.9517524581932632
5,0.58,0.9591836734693877,0.9342209696769714,0.9686460049818211,0.9752299349946225,0.9798912444324113
5,0.59,0.9591836734693877,0.9495678544044495,0.9686460049818211,0.9752299349946225,0.9798912444324113
5,0.6,0.9693877551020408,0.9597691297531128,0.9767162994731423,0.9822625343280028,0.986083053360333
5,0.61,0.9693877551020408,0.9680681228637695,0.9767162994731423,0.9822625343280028,0.986083053360333
5,0.62,0.9795918367346939,0.9744665026664734,0.9844575809760863,0.9888169381115095,0.9916905766060132
5,0.63,0.9897959183673469,0.9797501564025879,0.9916653653539127,0.9946153648841087,0.996398717169247
5,0.64,1.0,0.9849189519882202,0.9977485630290066,0.9989363184777597,0.9994820201132021
5,0.65,1.0,0.9887956976890564,0.9977485630290066,0.9989363184777597,0.9994820201132021
5,0.66,1.0,0.9920448064804077,0.9977485630290066,0.9989363184777597,0.9994820201132021
5,0.67,1.0,0.9940422773361206,0.9977485630290066,0.9989363184777597,0.9994820201132021
5,0.68,1.0,0.9948832988739014,0.9977485630290066,0.9989363184777597,0.9994820201132021
5,0.69,1.0,0.996082067489624,0.9977485630290066,0.9989363184777597,0.9994820201132021
5,0.7,1.0,0.9972414374351501,0.9977485630290066,0.9989363184777597,0.9994820201132021
5,0.71,1.0,0.9978118538856506,0.9977485630290066,0.9989363184777597,0.9994820201132021
5,0.72,1.0,0.9981386065483093,0.9977485630290066,0.9989363184777597,0.9994820201132021
5,0.73,1.0,0.9987244009971619,0.9977485630290066,0.9989363184777597,0.9994820201132021
5,0.74,1.0,0.9989929795265198,0.9977485630290066,0.9989363184777597,0.9994820201132021
5,0.75,1.0,0.9993177056312561,0.9977485630290066,0.9989363184777597,0.9994820201132021
5,0.76,1.0,0.9994564652442932,0.9977485630290066,0.9989363184777597,0.9994820201132021
5,0.77,1.0,0.9995928406715393,0.9977485630290066,0.9989363184777597,0.9994820201132021
5,0.78,1.0,0.9997341632843018,0.9977485630290066,0.9989363184777597,0.9994820201132021
5,0.79,1.0,0.9998306035995483,0.9977485630290066,0.9989363184777597,0.9994820201132021
5,0.8,1.0,0.9998847842216492,0.9977485630290066,0.9989363184777597,0.9994820201132021
5,0.81,1.0,0.9999253153800964,0.9977485630290066,0.9989363184777597,0.9994820201132021
5,0.82,1.0,0.9999673962593079,0.9977485630290066,0.9989363184777597,0.9994820201132021
5,0.83,1.0,0.999980628490448,0.9977485630290066,0.9989363184777597,0.9994820201132021
5,0.84,1.0,0.9999887347221375,0.9977485630290066,0.9989363184777597,0.9994820201132021
5,0.85,1.0,0.9999921917915344,0.9977485630290066,0.9989363184777597,0.9994820201132021
6,0.01,0.0,0.008993743918836117,0.01612551760757035,0.02299004270077471,0.029806673773350886
6,0.02,0.0,0.018637698143720627,0.01612551760757035,0.02299004270077471,0.029806673773350886
6,0.03,0.0,0.028049875050783157,0.01612551760757035,0.02299004270077471,0.029806673773350886
6,0.04,0.01020408163265306,0.034273743629455566,0.029942423559697215,0.03872111896922205,0.047021239728140644
6,0.05,0.01020408163265306,0.04428580775856972,0.029942423559697215,0.03872111896922205,0.047021239728140644
6,0.06,0.01020408163265306,0.05614957958459854,0.029942423559697215,0.03872111896922205,0.047021239728140644
6,0.07,0.02040816326530612,0.062434177845716476,0.04272704329366381,0.05286513659686045,0.0622280956867187
6,0.08,0.02040816326530612,0.07065854966640472,0.04272704329366381,0.05286513659686045,0.0622280956867187
6,0.09,0.030612244897959183,0.07990862429141998,0.05500193021831546,0.06623584074530633,0.0764570956032081
6,0.1,0.05102040816326531,0.09479875862598419,0.0786863305246063,0.09166826886340322,0.10325709754800565
6,0.11,0.061224489795918366,0.10866769403219223,0.09024421744536533,0.10395467590566797,0.1161118434387964
6,0.12,0.07142857142857142,0.12088747322559357,0.10166567714182573,0.11603482550523113,0.12870460304827244
6,0.13,0.09183673469387756,0.1309157907962799,0.12418870556816415,0.13971137752690063,0.15327514365732645
6,0.14,0.10204081632653061,0.14492253959178925,0.1353206398785102,0.15135364543579527,0.16531105635555593
6,0.15,0.10204081632653061,0.15729787945747375,0.1353206398785102,0.15135364543579527,0.16531105635555593
6,0.16,0.10204081632653061,0.16876037418842316,0.1353206398785102,0.15135364543579527,0.16531105635555593
6,0.17,0.12244897959183673,0.18101388216018677,0.15737654859903333,0.17432350931216048,0.1889822835344356
6,0.18,0.14285714285714285,0.19587792456150055,0.1792010954316656,0.19694319219570927,0.2122074714860211
6,0.19,0.15306122448979592,0.20586428046226501,0.19003940712748243,0.20814105921353937,0.22367737538144403
6,0.2,0.15306122448979592,0.2197435200214386,0.19003940712748243,0.20814105921353937,0.22367737538144403
6,0.21,0.16326530612244897,0.232627272605896,0.2008336119068674,0.21927213865380574,0.23506214608566636
6,0.22,0.17346938775510204,0.24248839914798737,0.21158688858815497,0.23034123668946171,0.24636789505786097
6,0.23,0.20408163265306123,0.2537226974964142,0.24362675007767406,0.26321535509380045,0.279860255674997
6,0.24,0.22448979591836735,0.2639271020889282,0.2648236042071358,0.284884421437408,0.3018734057488959
6,0.25,0.23469387755102042,0.2801048457622528,0.2753779808024401,0.2956522114790731,0.3127948231916118
6,0.26,0.25510204081632654,0.29637643694877625,0.296405020522038,0.31706397015394255,0.334479649518096
6,0.27,0.2653061224489796,0.3082989752292633,0.30687984575850064,0.32771121070362424,0.34524722553895343
6,0.28,0.2653061224489796,0.3194759786128998,0.30687984575850064,0.32771121070362424,0.34524722553895343
6,0.29,0.2755102040816326,0.3332464396953583,0.3173301361211222,0.3383212680102421,0.35596734219177417
6,0.3,0.2857142857142857,0.3509760797023773,0.3277567222120373,0.348895399273573,0.3666416011452142
6,0.31,0.29591836734693877,0.3622583746910095,0.33816035483833384,0.35943474099998407,0.37727145046159916
6,0.32,0.3163265306122449,0.3766506612300873,0.3589014147124997,0.38041307512977207,0.39840304193994847
6,0.33,0.32653061224489793,0.3940030336380005,0.36924001648231225,0.3908538457362322,0.40890705032889224
6,0.34,0.336734693877551,0.41615426540374756,0.3795580256060673,0.4012634010135088,0.41937120417250695
6,0.35,0.37755102040816324,0.4426157772541046,0.42063269537697934,0.4426024310811339,0.4608457986299014
6,0.36,0.40816326530612246,0.46111059188842773,0.4512410446116137,0.4733070658140197,0.49156912738063696
6,0.37,0.4387755102040816,0.48146501183509827,0.4816875988112744,0.5037664153906907,0.5219792264734808
6,0.38,0.4489795918367347,0.4982675313949585,0.4918013272796981,0.5138662844211347,0.5320479277232164
6,0.39,0.47959183673469385,0.5147221684455872,0.5220387973780742,0.5440086570974816,0.5620532385982524
6,0.4,0.5102040816326531,0.5472429990768433,0.5521220168170886,0.5739171880428169,0.591759931227139
6,0.41,0.5102040816326531,0.5717597007751465,0.5521220168170886,0.5739171880428169,0.591759931227139
6,0.42,0.5204081632653061,0.5897794961929321,0.5621155752064073,0.5838348815926755,0.6015959934415591
6,0.43,0.5306122448979592,0.6092724800109863,0.5720920077561438,0.5937266143666955,0.6113989054194002
6,0.44,0.5306122448979592,0.6348137259483337,0.5720920077561438,0.5937266143666955,0.6113989054194002
6,0.45,0.5408163265306123,0.6609411239624023,0.5820512618961499,0.6035923072987115,0.6211685669556994
6,0.46,0.5816326530612245,0.6860610842704773,0.6217146837286701,0.6427919513861908,0.6599112430462184
6,0.47,0.6530612244897959,0.7120159864425659,0.6904314538329045,0.7103392346744002,0.7263678024581901
6,0.48,0.673469387755102,0.7340758442878723,0.7098922048187333,0.7293769261788017,0.7450215964457696
6,0.49,0.6836734693877551,0.7552146911621094,0.7195919038439986,0.7388493037504515,0.7542892008877362
6,0.5,0.7448979591836735,0.7816507816314697,0.7773249739118354,0.794979227666558,0.8089963970321276
6,0.51,0.7857142857142857,0.8047488331794739,0.81531275951254,0.8316410091067177,0.8445012993721136
6,0.52,0.8061224489795918,0.8285295367240906,0.8341296430766311,0.8497041888413913,0.8619127209391412
6,0.53,0.8163265306122449,0.8490714430809021,0.8434882856915153,0.8586605061692666,0.8705226037875372
6,0.54,0.8469387755102041,0.8661223649978638,0.8713389570726819,0.8851892158279665,0.8959194160174054
6,0.55,0.8571428571428571,0.889854371547699,0.8805381756258985,0.8939048204320146,0.9042232015117885
6,0.56,0.8775510204081632,0.9074550271034241,0.8987882130304263,0.9111122860404275,0.9205466862678426
6,0.57,0.9183673469387755,0.9202756881713867,0.9345321213134741,0.9443895833709584,0.9517524581932632
6,0.58,0.9591836734693877,0.9342209696769714,0.9686460049818211,0.9752299349946225,0.9798912444324113
6,0.59,0.9591836734693877,0.9495678544044495,0.9686460049818211,0.9752299349946225,0.9798912444324113
6,0.6,0.9693877551020408,0.9597691297531128,0.9767162994731423,0.9822625343280028,0.986083053360333
6,0.61,0.9693877551020408,0.9680681228637695,0.9767162994731423,0.9822625343280028,0.986083053360333
6,0.62,0.9795918367346939,0.9744665026664734,0.9844575809760863,0.9888169381115095,0.9916905766060132
6,0.63,0.9897959183673469,0.9797501564025879,0.9916653653539127,0.9946153648841087,0.996398717169247
6,0.64,1.0,0.9849189519882202,0.9977485630290066,0.9989363184777597,0.9994820201132021
6,0.65,1.0,0.9887956976890564,0.9977485630290066,0.9989363184777597,0.9994820201132021
6,0.66,1.0,0.9920448064804077,0.9977485630290066,0.9989363184777597,0.9994820201132021
6,0.67,1.0,0.9940422773361206,0.9977485630290066,0.9989363184777597,0.9994820201132021
6,0.68,1.0,0.9948832988739014,0.9977485630290066,0.9989363184777597,0.9994820201132021
6,0.69,1.0,0.996082067489624,0.9977485630290066,0.9989363184777597,0.9994820201132021
6,0.7,1.0,0.9972414374351501,0.9977485630290066,0.9989363184777597,0.9994820201132021
6,0.71,1.0,0.9978118538856506,0.9977485630290066,0.9989363184777597,0.9994820201132021
6,0.72,1.0,0.9981386065483093,0.9977485630290066,0.9989363184777597,0.9994820201132021
6,0.73,1.0,0.9987244009971619,0.9977485630290066,0.9989363184777597,0.9994820201132021
6,0.74,1.0,0.9989929795265198,0.9977485630290066,0.9989363184777597,0.9994820201132021
6,0.75,1.0,0.9993177056312561,0.9977485630290066,0.9989363184777597,0.9994820201132021
6,0.76,1.0,0.9994564652442932,0.9977485630290066,0.9989363184777597,0.9994820201132021
6,0.77,1.0,0.9995928406715393,0.9977485630290066,0.9989363184777597,0.9994820201132021
6,0.78,1.0,0.9997341632843018,0.9977485630290066,0.9989363184777597,0.9994820201132021
6,0.79,1.0,0.9998306035995483,0.9977485630290066,0.9989363184777597,0.9994820201132021
6,0.8,1.0,0.9998847842216492,0.9977485630290066,0.9989363184777597,0.9994820201132021
6,0.81,1.0,0.9999253153800964,0.9977485630290066,0.9989363184777597,0.9994820201132021
6,0.82,1.0,0.9999673962593079,0.9977485630290066,0.9989363184777597,0.9994820201132021
6,0.83,1.0,0.999980628490448,0.9977485630290066,0.9989363184777597,0.9994820201132021
6,0.84,1.0,0.9999887347221375,0.9977485630290066,0.9989363184777597,0.9994820201132021
6,0.85,1.0,0.9999921917915344,0.9977485630290066,0.9989363184777597,0.9994820201132021
7,0.01,0.0,0.008993743918836117,0.01612551760757035,0.02299004270077471,0.029806673773350886
7,0.02,0.0,0.018637698143720627,0.01612551760757035,0.02299004270077471,0.029806673773350886
7,0.03,0.0,0.028049875050783157,0.01612551760757035,0.02299004270077471,0.029806673773350886
7,0.04,0.01020408163265306,0.034273743629455566,0.029942423559697215,0.03872111896922205,0.047021239728140644
7,0.05,0.01020408163265306,0.04428580775856972,0.029942423559697215,0.03872111896922205,0.047021239728140644
7,0.06,0.01020408163265306,0.05614957958459854,0.029942423559697215,0.03872111896922205,0.047021239728140644
7,0.07,0.02040816326530612,0.062434177845716476,0.04272704329366381,0.05286513659686045,0.0622280956867187
7,0.08,0.02040816326530612,0.07065854966640472,0.04272704329366381,0.05286513659686045,0.0622280956867187
7,0.09,0.030612244897959183,0.07990862429141998,0.05500193021831546,0.06623584074530633,0.0764570956032081
7,0.1,0.05102040816326531,0.09479875862598419,0.0786863305246063,0.09166826886340322,0.10325709754800565
7,0.11,0.061224489795918366,0.10866769403219223,0.09024421744536533,0.10395467590566797,0.1161118434387964
7,0.12,0.07142857142857142,0.12088747322559357,0.10166567714182573,0.11603482550523113,0.12870460304827244
7,0.13,0.09183673469387756,0.1309157907962799,0.12418870556816415,0.13971137752690063,0.15327514365732645
7,0.14,0.10204081632653061,0.14492253959178925,0.1353206398785102,0.15135364543579527,0.16531105635555593
7,0.15,0.10204081632653061,0.15729787945747375,0.1353206398785102,0.15135364543579527,0.16531105635555593
7,0.16,0.10204081632653061,0.16876037418842316,0.1353206398785102,0.15135364543579527,0.16531105635555593
7,0.17,0.12244897959183673,0.18101388216018677,0.15737654859903333,0.17432350931216048,0.1889822835344356
7,0.18,0.14285714285714285,0.19587792456150055,0.1792010954316656,0.19694319219570927,0.2122074714860211
7,0.19,0.15306122448979592,0.20586428046226501,0.19003940712748243,0.20814105921353937,0.22367737538144403
7,0.2,0.15306122448979592,0.2197435200214386,0.19003940712748243,0.20814105921353937,0.22367737538144403
7,0.21,0.16326530612244897,0.232627272605896,0.2008336119068674,0.21927213865380574,0.23506214608566636
7,0.22,0.17346938775510204,0.24248839914798737,0.21158688858815497,0.23034123668946171,0.24636789505786097
7,0.23,0.20408163265306123,0.2537226974964142,0.24362675007767406,0.26321535509380045,0.279860255674997
7,0.24,0.22448979591836735,0.2639271020889282,0.2648236042071358,0.284884421437408,0.3018734057488959
7,0.25,0.23469387755102042,0.2801048457622528,0.2753779808024401,0.2956522114790731,0.3127948231916118
7,0.26,0.25510204081632654,0.29637643694877625,0.296405020522038,0.31706397015394255,0.334479649518096
7,0.27,0.2653061224489796,0.3082989752292633,0.30687984575850064,0.32771121070362424,0.34524722553895343
7,0.28,0.2653061224489796,0.3194759786128998,0.30687984575850064,0.32771121070362424,0.34524722553895343
7,0.29,0.2755102040816326,0.3332464396953583,0.3173301361211222,0.3383212680102421,0.35596734219177417
7,0.3,0.2857142857142857,0.3509760797023773,0.3277567222120373,0.348895399273573,0.3666416011452142
7,0.31,0.29591836734693877,0.3622583746910095,0.33816035483833384,0.35943474099998407,0.37727145046159916
7,0.32,0.3163265306122449,0.3766506612300873,0.3589014147124997,0.38041307512977207,0.39840304193994847
7,0.33,0.32653061224489793,0.3940030336380005,0.36924001648231225,0.3908538457362322,0.40890705032889224
7,0.34,0.336734693877551,0.41615426540374756,0.3795580256060673,0.4012634010135088,0.41937120417250695
7,0.35,0.37755102040816324,0.4426157772541046,0.42063269537697934,0.4426024310811339,0.4608457986299014
7,0.36,0.40816326530612246,0.46111059188842773,0.4512410446116137,0.4733070658140197,0.49156912738063696
7,0.37,0.4387755102040816,0.48146501183509827,0.4816875988112744,0.5037664153906907,0.5219792264734808
7,0.38,0.4489795918367347,0.4982675313949585,0.4918013272796981,0.5138662844211347,0.5320479277232164
7,0.39,0.47959183673469385,0.5147221684455872,0.5220387973780742,0.5440086570974816,0.5620532385982524
7,0.4,0.5102040816326531,0.5472429990768433,0.5521220168170886,0.5739171880428169,0.591759931227139
7,0.41,0.5102040816326531,0.5717597007751465,0.5521220168170886,0.5739171880428169,0.591759931227139
7,0.42,0.5204081632653061,0.5897794961929321,0.5621155752064073,0.5838348815926755,0.6015959934415591
7,0.43,0.5306122448979592,0.6092724800109863,0.5720920077561438,0.5937266143666955,0.6113989054194002
7,0.44,0.5306122448979592,0.6348137259483337,0.5720920077561438,0.5937266143666955,0.6113989054194002
7,0.45,0.5408163265306123,0.6609411239624023,0.5820512618961499,0.6035923072987115,0.6211685669556994
7,0.46,0.5816326530612245,0.6860610842704773,0.6217146837286701,0.6427919513861908,0.6599112430462184
7,0.47,0.6530612244897959,0.7120159864425659,0.6904314538329045,0.7103392346744002,0.7263678024581901
7,0.48,0.673469387755102,0.7340758442878723,0.7098922048187333,0.7293769261788017,0.7450215964457696
7,0.49,0.6836734693877551,0.7552146911621094,0.7195919038439986,0.7388493037504515,0.7542892008877362
7,0.5,0.7448979591836735,0.7816507816314697,0.7773249739118354,0.794979227666558,0.8089963970321276
7,0.51,0.7857142857142857,0.8047488331794739,0.81531275951254,0.8316410091067177,0.8445012993721136
7,0.52,0.8061224489795918,0.8285295367240906,0.8341296430766311,0.8497041888413913,0.8619127209391412
7,0.53,0.8163265306122449,0.8490714430809021,0.8434882856915153,0.8586605061692666,0.8705226037875372
7,0.54,0.8469387755102041,0.8661223649978638,0.8713389570726819,0.8851892158279665,0.8959194160174054
7,0.55,0.8571428571428571,0.889854371547699,0.8805381756258985,0.8939048204320146,0.9042232015117885
7,0.56,0.8775510204081632,0.9074550271034241,0.8987882130304263,0.9111122860404275,0.9205466862678426
7,0.57,0.9183673469387755,0.9202756881713867,0.9345321213134741,0.9443895833709584,0.9517524581932632
7,0.58,0.9591836734693877,0.9342209696769714,0.9686460049818211,0.9752299349946225,0.9798912444324113
7,0.59,0.9591836734693877,0.9495678544044495,0.9686460049818211,0.9752299349946225,0.9798912444324113
7,0.6,0.9693877551020408,0.9597691297531128,0.9767162994731423,0.9822625343280028,0.986083053360333
7,0.61,0.9693877551020408,0.9680681228637695,0.9767162994731423,0.9822625343280028,0.986083053360333
7,0.62,0.9795918367346939,0.9744665026664734,0.9844575809760863,0.9888169381115095,0.9916905766060132
7,0.63,0.9897959183673469,0.9797501564025879,0.9916653653539127,0.9946153648841087,0.996398717169247
7,0.64,1.0,0.9849189519882202,0.9977485630290066,0.9989363184777597,0.9994820201132021
7,0.65,1.0,0.9887956976890564,0.9977485630290066,0.9989363184777597,0.9994820201132021
7,0.66,1.0,0.9920448064804077,0.9977485630290066,0.9989363184777597,0.9994820201132021
7,0.67,1.0,0.9940422773361206,0.9977485630290066,0.9989363184777597,0.9994820201132021
7,0.68,1.0,0.9948832988739014,0.9977485630290066,0.9989363184777597,0.9994820201132021
7,0.69,1.0,0.996082067489624,0.9977485630290066,0.9989363184777597,0.9994820201132021
7,0.7,1.0,0.9972414374351501,0.9977485630290066,0.9989363184777597,0.9994820201132021
7,0.71,1.0,0.9978118538856506,0.9977485630290066,0.9989363184777597,0.9994820201132021
7,0.72,1.0,0.9981386065483093,0.9977485630290066,0.9989363184777597,0.9994820201132021
7,0.73,1.0,0.9987244009971619,0.9977485630290066,0.9989363184777597,0.9994820201132021
7,0.74,1.0,0.9989929795265198,0.9977485630290066,0.9989363184777597,0.9994820201132021
7,0.75,1.0,0.9993177056312561,0.9977485630290066,0.9989363184777597,0.9994820201132021
7,0.76,1.0,0.9994564652442932,0.9977485630290066,0.9989363184777597,0.9994820201132021
7,0.77,1.0,0.9995928406715393,0.9977485630290066,0.9989363184777597,0.9994820201132021
7,0.78,1.0,0.9997341632843018,0.9977485630290066,0.9989363184777597,0.9994820201132021
7,0.79,1.0,0.9998306035995483,0.9977485630290066,0.9989363184777597,0.9994820201132021
7,0.8,1.0,0.9998847842216492,0.9977485630290066,0.9989363184777597,0.9994820201132021
7,0.81,1.0,0.9999253153800964,0.9977485630290066,0.9989363184777597,0.9994820201132021
7,0.82,1.0,0.9999673962593079,0.9977485630290066,0.9989363184777597,0.9994820201132021
7,0.83,1.0,0.999980628490448,0.9977485630290066,0.9989363184777597,0.9994820201132021
7,0.84,1.0,0.9999887347221375,0.9977485630290066,0.9989363184777597,0.9994820201132021
7,0.85,1.0,0.9999921917915344,0.9977485630290066,0.9989363184777597,0.9994820201132021
8,0.01,0.0,0.008993743918836117,0.01612551760757035,0.02299004270077471,0.029806673773350886
8,0.02,0.0,0.018637698143720627,0.01612551760757035,0.02299004270077471,0.029806673773350886
8,0.03,0.0,0.028049875050783157,0.01612551760757035,0.02299004270077471,0.029806673773350886
8,0.04,0.01020408163265306,0.034273743629455566,0.029942423559697215,0.03872111896922205,0.047021239728140644
8,0.05,0.01020408163265306,0.04428580775856972,0.029942423559697215,0.03872111896922205,0.047021239728140644
8,0.06,0.01020408163265306,0.05614957958459854,0.029942423559697215,0.03872111896922205,0.047021239728140644
8,0.07,0.02040816326530612,0.062434177845716476,0.04272704329366381,0.05286513659686045,0.0622280956867187
8,0.08,0.02040816326530612,0.07065854966640472,0.04272704329366381,0.05286513659686045,0.0622280956867187
8,0.09,0.030612244897959183,0.07990862429141998,0.05500193021831546,0.06623584074530633,0.0764570956032081
8,0.1,0.05102040816326531,0.09479875862598419,0.0786863305246063,0.09166826886340322,0.10325709754800565
8,0.11,0.061224489795918366,0.10866769403219223,0.09024421744536533,0.10395467590566797,0.1161118434387964
8,0.12,0.07142857142857142,0.12088747322559357,0.10166567714182573,0.11603482550523113,0.12870460304827244
8,0.13,0.09183673469387756,0.1309157907962799,0.12418870556816415,0.13971137752690063,0.15327514365732645
8,0.14,0.10204081632653061,0.14492253959178925,0.1353206398785102,0.15135364543579527,0.16531105635555593
8,0.15,0.10204081632653061,0.15729787945747375,0.1353206398785102,0.15135364543579527,0.16531105635555593
8,0.16,0.10204081632653061,0.16876037418842316,0.1353206398785102,0.15135364543579527,0.16531105635555593
8,0.17,0.12244897959183673,0.18101388216018677,0.15737654859903333,0.17432350931216048,0.1889822835344356
8,0.18,0.14285714285714285,0.19587792456150055,0.1792010954316656,0.19694319219570927,0.2122074714860211
8,0.19,0.15306122448979592,0.20586428046226501,0.19003940712748243,0.20814105921353937,0.22367737538144403
8,0.2,0.15306122448979592,0.2197435200214386,0.19003940712748243,0.20814105921353937,0.22367737538144403
8,0.21,0.16326530612244897,0.232627272605896,0.2008336119068674,0.21927213865380574,0.23506214608566636
8,0.22,0.17346938775510204,0.24248839914798737,0.21158688858815497,0.23034123668946171,0.24636789505786097
8,0.23,0.20408163265306123,0.2537226974964142,0.24362675007767406,0.26321535509380045,0.279860255674997
8,0.24,0.22448979591836735,0.2639271020889282,0.2648236042071358,0.284884421437408,0.3018734057488959
8,0.25,0.23469387755102042,0.2801048457622528,0.2753779808024401,0.2956522114790731,0.3127948231916118
8,0.26,0.25510204081632654,0.29637643694877625,0.296405020522038,0.31706397015394255,0.334479649518096
8,0.27,0.2653061224489796,0.3082989752292633,0.30687984575850064,0.32771121070362424,0.34524722553895343
8,0.28,0.2653061224489796,0.3194759786128998,0.30687984575850064,0.32771121070362424,0.34524722553895343
8,0.29,0.2755102040816326,0.3332464396953583,0.3173301361211222,0.3383212680102421,0.35596734219177417
8,0.3,0.2857142857142857,0.3509760797023773,0.3277567222120373,0.348895399273573,0.3666416011452142
8,0.31,0.29591836734693877,0.3622583746910095,0.33816035483833384,0.35943474099998407,0.37727145046159916
8,0.32,0.3163265306122449,0.3766506612300873,0.3589014147124997,0.38041307512977207,0.39840304193994847
8,0.33,0.32653061224489793,0.3940030336380005,0.36924001648231225,0.3908538457362322,0.40890705032889224
8,0.34,0.336734693877551,0.41615426540374756,0.3795580256060673,0.4012634010135088,0.41937120417250695
8,0.35,0.37755102040816324,0.4426157772541046,0.42063269537697934,0.4426024310811339,0.4608457986299014
8,0.36,0.40816326530612246,0.46111059188842773,0.4512410446116137,0.4733070658140197,0.49156912738063696
8,0.37,0.4387755102040816,0.48146501183509827,0.4816875988112744,0.5037664153906907,0.5219792264734808
8,0.38,0.4489795918367347,0.4982675313949585,0.4918013272796981,0.5138662844211347,0.5320479277232164
8,0.39,0.47959183673469385,0.5147221684455872,0.5220387973780742,0.5440086570974816,0.5620532385982524
8,0.4,0.5102040816326531,0.5472429990768433,0.5521220168170886,0.5739171880428169,0.591759931227139
8,0.41,0.5102040816326531,0.5717597007751465,0.5521220168170886,0.5739171880428169,0.591759931227139
8,0.42,0.5204081632653061,0.5897794961929321,0.5621155752064073,0.5838348815926755,0.6015959934415591
8,0.43,0.5306122448979592,0.6092724800109863,0.5720920077561438,0.5937266143666955,0.6113989054194002
8,0.44,0.5306122448979592,0.6348137259483337,0.5720920077561438,0.5937266143666955,0.6113989054194002
8,0.45,0.5408163265306123,0.6609411239624023,0.5820512618961499,0.6035923072987115,0.6211685669556994
8,0.46,0.5816326530612245,0.6860610842704773,0.6217146837286701,0.6427919513861908,0.6599112430462184
8,0.47,0.6530612244897959,0.7120159864425659,0.6904314538329045,0.7103392346744002,0.7263678024581901
8,0.48,0.673469387755102,0.7340758442878723,0.7098922048187333,0.7293769261788017,0.7450215964457696
8,0.49,0.6836734693877551,0.7552146911621094,0.7195919038439986,0.7388493037504515,0.7542892008877362
8,0.5,0.7448979591836735,0.7816507816314697,0.7773249739118354,0.794979227666558,0.8089963970321276
8,0.51,0.7857142857142857,0.8047488331794739,0.81531275951254,0.8316410091067177,0.8445012993721136
8,0.52,0.8061224489795918,0.8285295367240906,0.8341296430766311,0.8497041888413913,0.8619127209391412
8,0.53,0.8163265306122449,0.8490714430809021,0.8434882856915153,0.8586605061692666,0.8705226037875372
8,0.54,0.8469387755102041,0.8661223649978638,0.8713389570726819,0.8851892158279665,0.8959194160174054
8,0.55,0.8571428571428571,0.889854371547699,0.8805381756258985,0.8939048204320146,0.9042232015117885
8,0.56,0.8775510204081632,0.9074550271034241,0.8987882130304263,0.9111122860404275,0.9205466862678426
8,0.57,0.9183673469387755,0.9202756881713867,0.9345321213134741,0.9443895833709584,0.9517524581932632
8,0.58,0.9591836734693877,0.9342209696769714,0.9686460049818211,0.9752299349946225,0.9798912444324113
8,0.59,0.9591836734693877,0.9495678544044495,0.9686460049818211,0.9752299349946225,0.9798912444324113
8,0.6,0.9693877551020408,0.9597691297531128,0.9767162994731423,0.9822625343280028,0.986083053360333
8,0.61,0.9693877551020408,0.9680681228637695,0.9767162994731423,0.9822625343280028,0.986083053360333
8,0.62,0.9795918367346939,0.9744665026664734,0.9844575809760863,0.9888169381115095,0.9916905766060132
8,0.63,0.9897959183673469,0.9797501564025879,0.9916653653539127,0.9946153648841087,0.996398717169247
8,0.64,1.0,0.9849189519882202,0.9977485630290066,0.9989363184777597,0.9994820201132021
8,0.65,1.0,0.9887956976890564,0.9977485630290066,0.9989363184777597,0.9994820201132021
8,0.66,1.0,0.9920448064804077,0.9977485630290066,0.9989363184777597,0.9994820201132021
8,0.67,1.0,0.9940422773361206,0.9977485630290066,0.9989363184777597,0.9994820201132021
8,0.68,1.0,0.9948832988739014,0.9977485630290066,0.9989363184777597,0.9994820201132021
8,0.69,1.0,0.996082067489624,0.9977485630290066,0.9989363184777597,0.9994820201132021
8,0.7,1.0,0.9972414374351501,0.9977485630290066,0.9989363184777597,0.9994820201132021
8,0.71,1.0,0.9978118538856506,0.9977485630290066,0.9989363184777597,0.9994820201132021
8,0.72,1.0,0.9981386065483093,0.9977485630290066,0.9989363184777597,0.9994820201132021
8,0.73,1.0,0.9987244009971619,0.9977485630290066,0.9989363184777597,0.9994820201132021
8,0.74,1.0,0.9989929795265198,0.9977485630290066,0.9989363184777597,0.9994820201132021
8,0.75,1.0,0.9993177056312561,0.9977485630290066,0.9989363184777597,0.9994820201132021
8,0.76,1.0,0.9994564652442932,0.9977485630290066,0.9989363184777597,0.9994820201132021
8,0.77,1.0,0.9995928406715393,0.9977485630290066,0.9989363184777597,0.9994820201132021
8,0.78,1.0,0.9997341632843018,0.9977485630290066,0.9989363184777597,0.9994820201132021
8,0.79,1.0,0.9998306035995483,0.9977485630290066,0.9989363184777597,0.9994820201132021
8,0.8,1.0,0.9998847842216492,0.9977485630290066,0.9989363184777597,0.9994820201132021
8,0.81,1.0,0.9999253153800964,0.9977485630290066,0.9989363184777597,0.9994820201132021
8,0.82,1.0,0.9999673962593079,0.9977485630290066,0.9989363184777597,0.9994820201132021
8,0.83,1.0,0.999980628490448,0.9977485630290066,0.9989363184777597,0.9994820201132021
8,0.84,1.0,0.9999887347221375,0.9977485630290066,0.9989363184777597,0.9994820201132021
8,0.85,1.0,0.9999921917915344,0.9977485630290066,0.9989363184777597,0.9994820201132021
9,0.01,0.0,0.008993743918836117,0.01612551760757035,0.02299004270077471,0.029806673773350886
9,0.02,0.0,0.018637698143720627,0.01612551760757035,0.02299004270077471,0.029806673773350886
9,0.03,0.0,0.028049875050783157,0.01612551760757035,0.02299004270077471,0.029806673773350886
9,0.04,0.01020408163265306,0.034273743629455566,0.029942423559697215,0.03872111896922205,0.047021239728140644
9,0.05,0.01020408163265306,0.04428580775856972,0.029942423559697215,0.03872111896922205,0.047021239728140644
9,0.06,0.01020408163265306,0.05614957958459854,0.029942423559697215,0.03872111896922205,0.047021239728140644
9,0.07,0.02040816326530612,0.062434177845716476,0.04272704329366381,0.05286513659686045,0.0622280956867187
9,0.08,0.02040816326530612,0.07065854966640472,0.04272704329366381,0.05286513659686045,0.0622280956867187
9,0.09,0.030612244897959183,0.07990862429141998,0.05500193021831546,0.06623584074530633,0.0764570956032081
9,0.1,0.05102040816326531,0.09479875862598419,0.0786863305246063,0.09166826886340322,0.10325709754800565
9,0.11,0.061224489795918366,0.10866769403219223,0.09024421744536533,0.10395467590566797,0.1161118434387964
9,0.12,0.07142857142857142,0.12088747322559357,0.10166567714182573,0.11603482550523113,0.12870460304827244
9,0.13,0.09183673469387756,0.1309157907962799,0.12418870556816415,0.13971137752690063,0.15327514365732645
9,0.14,0.10204081632653061,0.14492253959178925,0.1353206398785102,0.15135364543579527,0.16531105635555593
9,0.15,0.10204081632653061,0.15729787945747375,0.1353206398785102,0.15135364543579527,0.16531105635555593
9,0.16,0.10204081632653061,0.16876037418842316,0.1353206398785102,0.15135364543579527,0.16531105635555593
9,0.17,0.12244897959183673,0.18101388216018677,0.15737654859903333,0.17432350931216048,0.1889822835344356
9,0.18,0.14285714285714285,0.19587792456150055,0.1792010954316656,0.19694319219570927,0.2122074714860211
9,0.19,0.15306122448979592,0.20586428046226501,0.19003940712748243,0.20814105921353937,0.22367737538144403
9,0.2,0.15306122448979592,0.2197435200214386,0.19003940712748243,0.20814105921353937,0.22367737538144403
9,0.21,0.16326530612244897,0.232627272605896,0.2008336119068674,0.21927213865380574,0.23506214608566636
9,0.22,0.17346938775510204,0.24248839914798737,0.21158688858815497,0.23034123668946171,0.24636789505786097
9,0.23,0.20408163265306123,0.2537226974964142,0.24362675007767406,0.26321535509380045,0.279860255674997
9,0.24,0.22448979591836735,0.2639271020889282,0.2648236042071358,0.284884421437408,0.3018734057488959
9,0.25,0.23469387755102042,0.2801048457622528,0.2753779808024401,0.2956522114790731,0.3127948231916118
9,0.26,0.25510204081632654,0.29637643694877625,0.296405020522038,0.31706397015394255,0.334479649518096
9,0.27,0.2653061224489796,0.3082989752292633,0.30687984575850064,0.32771121070362424,0.34524722553895343
9,0.28,0.2653061224489796,0.3194759786128998,0.30687984575850064,0.32771121070362424,0.34524722553895343
9,0.29,0.2755102040816326,0.3332464396953583,0.3173301361211222,0.3383212680102421,0.35596734219177417
9,0.3,0.2857142857142857,0.3509760797023773,0.3277567222120373,0.348895399273573,0.3666416011452142
9,0.31,0.29591836734693877,0.3622583746910095,0.33816035483833384,0.35943474099998407,0.37727145046159916
9,0.32,0.3163265306122449,0.3766506612300873,0.3589014147124997,0.38041307512977207,0.39840304193994847
9,0.33,0.32653061224489793,0.3940030336380005,0.36924001648231225,0.3908538457362322,0.40890705032889224
9,0.34,0.336734693877551,0.41615426540374756,0.3795580256060673,0.4012634010135088,0.41937120417250695
9,0.35,0.37755102040816324,0.4426157772541046,0.42063269537697934,0.4426024310811339,0.4608457986299014
9,0.36,0.40816326530612246,0.46111059188842773,0.4512410446116137,0.4733070658140197,0.49156912738063696
9,0.37,0.4387755102040816,0.48146501183509827,0.4816875988112744,0.5037664153906907,0.5219792264734808
9,0.38,0.4489795918367347,0.4982675313949585,0.4918013272796981,0.5138662844211347,0.5320479277232164
9,0.39,0.47959183673469385,0.5147221684455872,0.5220387973780742,0.5440086570974816,0.5620532385982524
9,0.4,0.5102040816326531,0.5472429990768433,0.5521220168170886,0.5739171880428169,0.591759931227139
9,0.41,0.5102040816326531,0.5717597007751465,0.5521220168170886,0.5739171880428169,0.591759931227139
9,0.42,0.5204081632653061,0.5897794961929321,0.5621155752064073,0.5838348815926755,0.6015959934415591
9,0.43,0.5306122448979592,0.6092724800109863,0.5720920077561438,0.5937266143666955,0.6113989054194002
9,0.44,0.5306122448979592,0.6348137259483337,0.5720920077561438,0.5937266143666955,0.6113989054194002
9,0.45,0.5408163265306123,0.6609411239624023,0.5820512618961499,0.6035923072987115,0.6211685669556994
9,0.46,0.5816326530612245,0.6860610842704773,0.6217146837286701,0.6427919513861908,0.6599112430462184
9,0.47,0.6530612244897959,0.7120159864425659,0.6904314538329045,0.7103392346744002,0.7263678024581901
9,0.48,0.673469387755102,0.7340758442878723,0.7098922048187333,0.7293769261788017,0.7450215964457696
9,0.49,0.6836734693877551,0.7552146911621094,0.7195919038439986,0.7388493037504515,0.7542892008877362
9,0.5,0.7448979591836735,0.7816507816314697,0.7773249739118354,0.794979227666558,0.8089963970321276
9,0.51,0.7857142857142857,0.8047488331794739,0.81531275951254,0.8316410091067177,0.8445012993721136
9,0.52,0.8061224489795918,0.8285295367240906,0.8341296430766311,0.8497041888413913,0.8619127209391412
9,0.53,0.8163265306122449,0.8490714430809021,0.8434882856915153,0.8586605061692666,0.8705226037875372
9,0.54,0.8469387755102041,0.8661223649978638,0.8713389570726819,0.8851892158279665,0.8959194160174054
9,0.55,0.8571428571428571,0.889854371547699,0.8805381756258985,0.8939048204320146,0.9042232015117885
9,0.56,0.8775510204081632,0.9074550271034241,0.8987882130304263,0.9111122860404275,0.9205466862678426
9,0.57,0.9183673469387755,0.9202756881713867,0.9345321213134741,0.9443895833709584,0.9517524581932632
9,0.58,0.9591836734693877,0.9342209696769714,0.9686460049818211,0.9752299349946225,0.9798912444324113
9,0.59,0.9591836734693877,0.9495678544044495,0.9686460049818211,0.9752299349946225,0.9798912444324113
9,0.6,0.9693877551020408,0.9597691297531128,0.9767162994731423,0.9822625343280028,0.986083053360333
9,0.61,0.9693877551020408,0.9680681228637695,0.9767162994731423,0.9822625343280028,0.986083053360333
9,0.62,0.9795918367346939,0.9744665026664734,0.9844575809760863,0.9888169381115095,0.9916905766060132
9,0.63,0.9897959183673469,0.9797501564025879,0.9916653653539127,0.9946153648841087,0.996398717169247
9,0.64,1.0,0.9849189519882202,0.9977485630290066,0.9989363184777597,0.9994820201132021
9,0.65,1.0,0.9887956976890564,0.9977485630290066,0.9989363184777597,0.9994820201132021
9,0.66,1.0,0.9920448064804077,0.9977485630290066,0.9989363184777597,0.9994820201132021
9,0.67,1.0,0.9940422773361206,0.9977485630290066,0.9989363184777597,0.9994820201132021
9,0.68,1.0,0.9948832988739014,0.9977485630290066,0.9989363184777597,0.9994820201132021
9,0.69,1.0,0.996082067489624,0.9977485630290066,0.9989363184777597,0.9994820201132021
9,0.7,1.0,0.9972414374351501,0.9977485630290066,0.9989363184777597,0.9994820201132021
9,0.71,1.0,0.9978118538856506,0.9977485630290066,0.9989363184777597,0.9994820201132021
9,0.72,1.0,0.9981386065483093,0.9977485630290066,0.9989363184777597,0.9994820201132021
9,0.73,1.0,0.9987244009971619,0.9977485630290066,0.9989363184777597,0.9994820201132021
9,0.74,1.0,0.9989929795265198,0.9977485630290066,0.9989363184777597,0.9994820201132021
9,0.75,1.0,0.9993177056312561,0.9977485630290066,0.9989363184777597,0.9994820201132021
9,0.76,1.0,0.9994564652442932,0.9977485630290066,0.9989363184777597,0.9994820201132021
9,0.77,1.0,0.9995928406715393,0.9977485630290066,0.9989363184777597,0.9994820201132021
9,0.78,1.0,0.9997341632843018,0.9977485630290066,0.9989363184777597,0.9994820201132021
9,0.79,1.0,0.9998306035995483,0.9977485630290066,0.9989363184777597,0.9994820201132021
9,0.8,1.0,0.9998847842216492,0.9977485630290066,0.9989363184777597,0.9994820201132021
9,0.81,1.0,0.9999253153800964,0.9977485630290066,0.9989363184777597,0.9994820201132021
9,0.82,1.0,0.9999673962593079,0.9977485630290066,0.9989363184777597,0.9994820201132021
9,0.83,1.0,0.999980628490448,0.9977485630290066,0.9989363184777597,0.9994820201132021
9,0.84,1.0,0.9999887347221375,0.9977485630290066,0.9989363184777597,0.9994820201132021
9,0.85,1.0,0.9999921917915344,0.9977485630290066,0.9989363184777597,0.9994820201132021
10,0.01,0.0,0.008993743918836117,0.01612551760757035,0.02299004270077471,0.029806673773350886
10,0.02,0.0,0.018637698143720627,0.01612551760757035,0.02299004270077471,0.029806673773350886
10,0.03,0.0,0.028049875050783157,0.01612551760757035,0.02299004270077471,0.029806673773350886
10,0.04,0.01020408163265306,0.034273743629455566,0.029942423559697215,0.03872111896922205,0.047021239728140644
10,0.05,0.01020408163265306,0.04428580775856972,0.029942423559697215,0.03872111896922205,0.047021239728140644
10,0.06,0.01020408163265306,0.05614957958459854,0.029942423559697215,0.03872111896922205,0.047021239728140644
10,0.07,0.02040816326530612,0.062434177845716476,0.04272704329366381,0.05286513659686045,0.0622280956867187
10,0.08,0.02040816326530612,0.07065854966640472,0.04272704329366381,0.05286513659686045,0.0622280956867187
10,0.09,0.030612244897959183,0.07990862429141998,0.05500193021831546,0.06623584074530633,0.0764570956032081
10,0.1,0.05102040816326531,0.09479875862598419,0.0786863305246063,0.09166826886340322,0.10325709754800565
10,0.11,0.061224489795918366,0.10866769403219223,0.09024421744536533,0.10395467590566797,0.1161118434387964
10,0.12,0.07142857142857142,0.12088747322559357,0.10166567714182573,0.11603482550523113,0.12870460304827244
10,0.13,0.09183673469387756,0.1309157907962799,0.12418870556816415,0.13971137752690063,0.15327514365732645
10,0.14,0.10204081632653061,0.14492253959178925,0.1353206398785102,0.15135364543579527,0.16531105635555593
10,0.15,0.10204081632653061,0.15729787945747375,0.1353206398785102,0.15135364543579527,0.16531105635555593
10,0.16,0.10204081632653061,0.16876037418842316,0.1353206398785102,0.15135364543579527,0.16531105635555593
10,0.17,0.12244897959183673,0.18101388216018677,0.15737654859903333,0.17432350931216048,0.1889822835344356
10,0.18,0.14285714285714285,0.19587792456150055,0.1792010954316656,0.19694319219570927,0.2122074714860211
10,0.19,0.15306122448979592,0.20586428046226501,0.19003940712748243,0.20814105921353937,0.22367737538144403
10,0.2,0.15306122448979592,0.2197435200214386,0.19003940712748243,0.20814105921353937,0.22367737538144403
10,0.21,0.16326530612244897,0.232627272605896,0.2008336119068674,0.21927213865380574,0.23506214608566636
10,0.22,0.17346938775510204,0.24248839914798737,0.21158688858815497,0.23034123668946171,0.24636789505786097
10,0.23,0.20408163265306123,0.2537226974964142,0.24362675007767406,0.26321535509380045,0.279860255674997
10,0.24,0.22448979591836735,0.2639271020889282,0.2648236042071358,0.284884421437408,0.3018734057488959
10,0.25,0.23469387755102042,0.2801048457622528,0.2753779808024401,0.2956522114790731,0.3127948231916118
10,0.26,0.25510204081632654,0.29637643694877625,0.296405020522038,0.31706397015394255,0.334479649518096
10,0.27,0.2653061224489796,0.3082989752292633,0.30687984575850064,0.32771121070362424,0.34524722553895343
10,0.28,0.2653061224489796,0.3194759786128998,0.30687984575850064,0.32771121070362424,0.34524722553895343
10,0.29,0.2755102040816326,0.3332464396953583,0.3173301361211222,0.3383212680102421,0.35596734219177417
10,0.3,0.2857142857142857,0.3509760797023773,0.3277567222120373,0.348895399273573,0.3666416011452142
10,0.31,0.29591836734693877,0.3622583746910095,0.33816035483833384,0.35943474099998407,0.37727145046159916
10,0.32,0.3163265306122449,0.3766506612300873,0.3589014147124997,0.38041307512977207,0.39840304193994847
10,0.33,0.32653061224489793,0.3940030336380005,0.36924001648231225,0.3908538457362322,0.40890705032889224
10,0.34,0.336734693877551,0.41615426540374756,0.3795580256060673,0.4012634010135088,0.41937120417250695
10,0.35,0.37755102040816324,0.4426157772541046,0.42063269537697934,0.4426024310811339,0.4608457986299014
10,0.36,0.40816326530612246,0.46111059188842773,0.4512410446116137,0.4733070658140197,0.49156912738063696
10,0.37,0.4387755102040816,0.48146501183509827,0.4816875988112744,0.5037664153906907,0.5219792264734808
10,0.38,0.4489795918367347,0.4982675313949585,0.4918013272796981,0.5138662844211347,0.5320479277232164
10,0.39,0.47959183673469385,0.5147221684455872,0.5220387973780742,0.5440086570974816,0.5620532385982524
10,0.4,0.5102040816326531,0.5472429990768433,0.5521220168170886,0.5739171880428169,0.591759931227139
10,0.41,0.5102040816326531,0.5717597007751465,0.5521220168170886,0.5739171880428169,0.591759931227139
10,0.42,0.5204081632653061,0.5897794961929321,0.5621155752064073,0.5838348815926755,0.6015959934415591
10,0.43,0.5306122448979592,0.6092724800109863,0.5720920077561438,0.5937266143666955,0.6113989054194002
10,0.44,0.5306122448979592,0.6348137259483337,0.5720920077561438,0.5937266143666955,0.6113989054194002
10,0.45,0.5408163265306123,0.6609411239624023,0.5820512618961499,0.6035923072987115,0.6211685669556994
10,0.46,0.5816326530612245,0.6860610842704773,0.6217146837286701,0.6427919513861908,0.6599112430462184
10,0.47,0.6530612244897959,0.7120159864425659,0.6904314538329045,0.7103392346744002,0.7263678024581901
10,0.48,0.673469387755102,0.7340758442878723,0.7098922048187333,0.7293769261788017,0.7450215964457696
10,0.49,0.6836734693877551,0.7552146911621094,0.7195919038439986,0.7388493037504515,0.7542892008877362
10,0.5,0.7448979591836735,0.7816507816314697,0.7773249739118354,0.794979227666558,0.8089963970321276
10,0.51,0.7857142857142857,0.8047488331794739,0.81531275951254,0.8316410091067177,0.8445012993721136
10,0.52,0.8061224489795918,0.8285295367240906,0.8341296430766311,0.8497041888413913,0.8619127209391412
10,0.53,0.8163265306122449,0.8490714430809021,0.8434882856915153,0.8586605061692666,0.8705226037875372
10,0.54,0.8469387755102041,0.8661223649978638,0.8713389570726819,0.8851892158279665,0.8959194160174054
10,0.55,0.8571428571428571,0.889854371547699,0.8805381756258985,0.8939048204320146,0.9042232015117885
10,0.56,0.8775510204081632,0.9074550271034241,0.8987882130304263,0.9111122860404275,0.9205466862678426
10,0.57,0.9183673469387755,0.9202756881713867,0.9345321213134741,0.9443895833709584,0.9517524581932632
10,0.58,0.9591836734693877,0.9342209696769714,0.9686460049818211,0.9752299349946225,0.9798912444324113
10,0.59,0.9591836734693877,0.9495678544044495,0.9686460049818211,0.9752299349946225,0.9798912444324113
10,0.6,0.9693877551020408,0.9597691297531128,0.9767162994731423,0.9822625343280028,0.986083053360333
10,0.61,0.9693877551020408,0.9680681228637695,0.9767162994731423,0.9822625343280028,0.986083053360333
10,0.62,0.9795918367346939,0.9744665026664734,0.9844575809760863,0.9888169381115095,0.9916905766060132
10,0.63,0.9897959183673469,0.9797501564025879,0.9916653653539127,0.9946153648841087,0.996398717169247
10,0.64,1.0,0.9849189519882202,0.9977485630290066,0.9989363184777597,0.9994820201132021
10,0.65,1.0,0.9887956976890564,0.9977485630290066,0.9989363184777597,0.9994820201132021
10,0.66,1.0,0.9920448064804077,0.9977485630290066,0.9989363184777597,0.9994820201132021
10,0.67,1.0,0.9940422773361206,0.9977485630290066,0.9989363184777597,0.9994820201132021
10,0.68,1.0,0.9948832988739014,0.9977485630290066,0.9989363184777597,0.9994820201132021
10,0.69,1.0,0.996082067489624,0.9977485630290066,0.9989363184777597,0.9994820201132021
10,0.7,1.0,0.9972414374351501,0.9977485630290066,0.9989363184777597,0.9994820201132021
10,0.71,1.0,0.9978118538856506,0.9977485630290066,0.9989363184777597,0.9994820201132021
10,0.72,1.0,0.9981386065483093,0.9977485630290066,0.9989363184777597,0.9994820201132021
10,0.73,1.0,0.9987244009971619,0.9977485630290066,0.9989363184777597,0.9994820201132021
10,0.74,1.0,0.9989929795265198,0.9977485630290066,0.9989363184777597,0.9994820201132021
10,0.75,1.0,0.9993177056312561,0.9977485630290066,0.9989363184777597,0.9994820201132021
10,0.76,1.0,0.9994564652442932,0.9977485630290066,0.9989363184777597,0.9994820201132021
10,0.77,1.0,0.9995928406715393,0.9977485630290066,0.9989363184777597,0.9994820201132021
10,0.78,1.0,0.9997341632843018,0.9977485630290066,0.9989363184777597,0.9994820201132021
10,0.79,1.0,0.9998306035995483,0.9977485630290066,0.9989363184777597,0.9994820201132021
10,0.8,1.0,0.9998847842216492,0.9977485630290066,0.9989363184777597,0.9994820201132021
10,0.81,1.0,0.9999253153800964,0.9977485630290066,0.9989363184777597,0.9994820201132021
10,0.82,1.0,0.9999673962593079,0.9977485630290066,0.9989363184777597,0.9994820201132021
10,0.83,1.0,0.999980628490448,0.9977485630290066,0.9989363184777597,0.9994820201132021
10,0.84,1.0,0.9999887347221375,0.9977485630290066,0.9989363184777597,0.9994820201132021
10,0.85,1.0,0.9999921917915344,0.9977485630290066,0.9989363184777597,0.9994820201132021
11,0.01,0.0,0.007264621555805206,0.01289546964006673,0.018397888610960682,0.02386963543559245
11,0.02,0.0,0.014767656102776527,0.01289546964006673,0.018397888610960682,0.02386963543559245
11,0.03,0.016260162601626018,0.021761517971754074,0.03419221723551902,0.04235019813815836,0.04990017122831203
11,0.04,0.024390243902439025,0.02653033472597599,0.04402615511957476,0.05308155784706987,0.06133993235554628
11,0.05,0.032520325203252036,0.034925490617752075,0.05360745089635915,0.06343045150506908,0.07229508753871734
11,0.06,0.032520325203252036,0.04430524259805679,0.05360745089635915,0.06343045150506908,0.07229508753871734
11,0.07,0.032520325203252036,0.049364570528268814,0.05360745089635915,0.06343045150506908,0.07229508753871734
11,0.08,0.04065040650406504,0.05599580332636833,0.06301086767740516,0.07351025647575841,0.0829088671029237
11,0.09,0.056910569105691054,0.06286492198705673,0.08144194359710294,0.09310148109055891,0.10341444260940258
11,0.1,0.056910569105691054,0.07451970130205154,0.08144194359710294,0.09310148109055891,0.10341444260940258
11,0.11,0.07317073170731707,0.08746948838233948,0.09951719221717084,0.11215433747370565,0.12323534711101171
11,0.12,0.08943089430894309,0.09800072759389877,0.117336080957053,0.13081916489064235,0.14256223842714313
11,0.13,0.08943089430894309,0.10610790550708771,0.117336080957053,0.13081916489064235,0.14256223842714313
11,0.14,0.08943089430894309,0.11714896559715271,0.117336080957053,0.13081916489064235,0.14256223842714313
11,0.15,0.10569105691056911,0.12837132811546326,0.1349570775770176,0.14918434779866266,0.1615073430572912
11,0.16,0.12195121951219512,0.13787825405597687,0.15241803934633175,0.16730713044365872,0.18014341537430395
11,0.17,0.12195121951219512,0.14752067625522614,0.15241803934633175,0.16730713044365872,0.18014341537430395
11,0.18,0.13821138211382114,0.15869972109794617,0.16974515351002634,0.18522712249345977,0.19852083410437818
11,0.19,0.16260162601626016,0.16703541576862335,0.19552510653946467,0.2117877710621745,0.22567948455881717
11,0.2,0.18699186991869918,0.17957469820976257,0.22109144273427395,0.23802460816741883,0.2524247970449551
11,0.21,0.18699186991869918,0.1910359114408493,0.22109144273427395,0.23802460816741883,0.2524247970449551
11,0.22,0.21138211382113822,0.200470432639122,0.2464758474988182,0.2639856021833127,0.2788178852519442
11,0.23,0.21138211382113822,0.21013903617858887,0.2464758474988182,0.2639856021833127,0.2788178852519442
11,0.24,0.21951219512195122,0.21894213557243347,0.25490103161210775,0.272584245061464,0.2875453091160854
11,0.25,0.21951219512195122,0.2335340827703476,0.25490103161210775,0.272584245061464,0.2875453091160854
11,0.26,0.22764227642276422,0.2476142942905426,0.2633092790880392,0.28115720267517613,0.2962399243310741
11,0.27,0.23577235772357724,0.25824350118637085,0.27170121604210734,0.2897054233835643,0.30490294014380287
11,0.28,0.24390243902439024,0.26827242970466614,0.2800774141396732,0.29822977312950866,0.31353546082435324
11,0.29,0.24390243902439024,0.27988749742507935,0.2800774141396732,0.29822977312950866,0.31353546082435324
11,0.3,0.25203252032520324,0.2947652041912079,0.28843839653371917,0.30673104442106164,0.3221384970930439
11,0.31,0.2601626016260163,0.3053434491157532,0.2967846429672302,0.31520996404992196,0.33071297594215593
11,0.32,0.2764227642276423,0.3187612295150757,0.3134346557219071,0.3321033660079579,0.3477796004777577
11,0.33,0.2764227642276423,0.33401304483413696,0.3134346557219071,0.3321033660079579,0.3477796004777577
11,0.34,0.3089430894308943,0.3536820411682129,0.3465750598807452,0.36564802617716646,0.38160342596775676
11,0.35,0.3170731707317073,0.3769789934158325,0.3548287359756247,0.3739865169933825,0.38999845653231807
11,0.36,0.34146341463414637,0.3933286964893341,0.3795184670486774,0.3988938194326303,0.4150452998919723
11,0.37,0.3983739837398374,0.4109138548374176,0.43673670245960633,0.4564174034602745,0.4727293987490874
11,0.38,0.4065040650406504,0.4265928864479065,0.44486825576237776,0.4645706021239323,0.48088759328556874
11,0.39,0.43089430894308944,0.44112083315849304,0.46920163274606447,0.48893721013279207,0.5052433103917493
11,0.4,0.4634146341463415,0.4699516296386719,0.5015059145852969,0.521213254980409,0.5374456177154219
11,0.41,0.4796747967479675,0.4922626316547394,0.5175989116851336,0.5372615351143988,0.5534320518146183
11,0.42,0.5203252032520326,0.5082762241363525,0.5576604960003029,0.5771229116798757,0.5930666422685185
11,0.43,0.5365853658536586,0.5269457697868347,0.5736167647585928,0.5929637334357789,0.6087878847667804
11,0.44,0.5447154471544715,0.5506947040557861,0.5815801729202953,0.6008618012901494,0.6166199465097493
11,0.45,0.5528455284552846,0.5755171179771423,0.5895337147961883,0.6087449000718025,0.6244328747577095
11,0.46,0.5772357723577236,0.5998585820198059,0.6133346352795894,0.6323036150153587,0.6477558819064391
11,0.47,0.6097560975609756,0.6250795125961304,0.6449272694972565,0.66349992516274,0.6785780415459752
11,0.48,0.6260162601626016,0.6487439870834351,0.6606610840000731,0.67900326841948,0.6938679546398823
11,0.49,0.6504065040650406,0.670910120010376,0.6841808826041382,0.702135541463062,0.7166459805710893
11,0.5,0.6585365853658537,0.6995996832847595,0.691998621155052,0.7098126381709855,0.7241956463797377
11,0.51,0.6666666666666666,0.7237412333488464,0.6998049673556099,0.7174724579869115,0.7317232387994301
11,0.52,0.6910569105691057,0.7490690350532532,0.7231535757665185,0.740345116883357,0.7541695775052373
11,0.53,0.6991869918699187,0.7714858055114746,0.7309121898970592,0.7479325591525847,0.7616047117741981
11,0.54,0.7317073170731707,0.792838454246521,0.7618179237113608,0.7780871862994869,0.7910960259678897
11,0.55,0.7723577235772358,0.821967601776123,0.8001331838642041,0.8153001816214569,0.8273469621572418
11,0.56,0.7886178861788617,0.8440126180648804,0.8153486836245603,0.8300178182812105,0.841633491137944
11,0.57,0.8211382113821138,0.8618113398551941,0.845561335605606,0.85912247736546,0.8697848481197311
11,0.58,0.8455284552845529,0.8806288242340088,0.8680007506817219,0.8806179428605627,0.8904738543999695
11,0.59,0.8617886178861789,0.9019424319267273,0.8828368292476844,0.8947614623143056,0.9040286175020185
11,0.6,0.8943089430894309,0.9179812073707581,0.9121445184673945,0.9224980364583848,0.9304379039792312
11,0.61,0.9024390243902439,0.9311914443969727,0.9193796816455982,0.9292937648029849,0.9368643778286299
11,0.62,0.9105691056910569,0.942305862903595,0.9265706151230896,0.9360228661468875,0.9432063287745276
11,0.63,0.926829268292683,0.9518603086471558,0.9407978609963498,0.9492484713359086,0.9555955851028094
11,0.64,0.9349593495934959,0.9618717432022095,0.9478196621675101,0.955723388626111,0.9616158671312004
11,0.65,0.943089430894309,0.9698843955993652,0.9547670469719877,0.9620868134853267,0.9674955128242346
11,0.66,0.9512195121951219,0.9768946766853333,0.9616259785098314,0.9683180364852016,0.973208821790478
11,0.67,0.959349593495935,0.9818654656410217,0.9683769407935956,0.9743884210931621,0.9787204608718888
11,0.68,0.959349593495935,0.9840649962425232,0.9683769407935956,0.9743884210931621,0.9787204608718888
11,0.69,0.959349593495935,0.9871683716773987,0.9683769407935956,0.9743884210931621,0.9787204608718888
11,0.7,0.959349593495935,0.9903621673583984,0.9683769407935956,0.9743884210931621,0.9787204608718888
11,0.71,0.967479674796748,0.992164671421051,0.9749913563238628,0.9802563559509587,0.9839795069318293
11,0.72,0.975609756097561,0.9932470917701721,0.9814242757658643,0.9858571460885651,0.9889077664536878
11,0.73,0.991869918699187,0.9951286911964417,0.9933469514602868,0.995703050003674,0.9971266883692984
11,0.74,0.991869918699187,0.9960662722587585,0.9933469514602868,0.995703050003674,0.9971266883692984
11,0.75,0.991869918699187,0.9971408843994141,0.9933469514602868,0.995703050003674,0.9971266883692984
11,0.76,1.0,0.9976797699928284,0.9982020734411983,0.9991506792992887,0.9995864299437824
11,0.77,1.0,0.998217761516571,0.9982020734411983,0.9991506792992887,0.9995864299437824
11,0.78,1.0,0.9987685084342957,0.9982020734411983,0.9991506792992887,0.9995864299437824
11,0.79,1.0,0.9991388916969299,0.9982020734411983,0.9991506792992887,0.9995864299437824
11,0.8,1.0,0.9993922114372253,0.9982020734411983,0.9991506792992887,0.9995864299437824
11,0.81,1.0,0.9995833039283752,0.9982020734411983,0.9991506792992887,0.9995864299437824
11,0.82,1.0,0.9997955560684204,0.9982020734411983,0.9991506792992887,0.9995864299437824
11,0.83,1.0,0.9998741745948792,0.9982020734411983,0.9991506792992887,0.9995864299437824
11,0.84,1.0,0.9999206066131592,0.9982020734411983,0.9991506792992887,0.9995864299437824
11,0.85,1.0,0.9999438524246216,0.9982020734411983,0.9991506792992887,0.9995864299437824
12,0.01,0.019230769230769232,0.004593449644744396,0.040312091429571005,0.04989220574902345,0.05874508650952868
12,0.02,0.019230769230769232,0.008969388902187347,0.040312091429571005,0.04989220574902345,0.05874508650952868
12,0.03,0.028846153846153848,0.0129257682710886,0.05189687897076545,0.06251772556522142,0.07218758634871095
12,0.04,0.038461538461538464,0.01578674092888832,0.06318107569024309,0.07468839964945444,0.08505404470843665
12,0.05,0.04807692307692308,0.02150900475680828,0.07425313882568196,0.0865383081518784,0.09751375714586456
12,0.06,0.04807692307692308,0.027419546619057655,0.07425313882568196,0.0865383081518784,0.09751375714586456
12,0.07,0.057692307692307696,0.030690938234329224,0.08516439610616519,0.09814508809927934,0.10966485304502402
12,0.08,0.057692307692307696,0.034940384328365326,0.08516439610616519,0.09814508809927934,0.10966485304502402
12,0.09,0.057692307692307696,0.03866414725780487,0.08516439610616519,0.09814508809927934,0.10966485304502402
12,0.1,0.057692307692307696,0.04605492576956749,0.08516439610616519,0.09814508809927934,0.10966485304502402
12,0.11,0.057692307692307696,0.055501800030469894,0.08516439610616519,0.09814508809927934,0.10966485304502402
12,0.12,0.057692307692307696,0.06247512623667717,0.08516439610616519,0.09814508809927934,0.10966485304502402
12,0.13,0.0673076923076923,0.06783635169267654,0.09594776788629603,0.1095584916969774,0.12157028001035133
12,0.14,0.0673076923076923,0.074887216091156,0.09594776788629603,0.1095584916969774,0.12157028001035133
12,0.15,0.0673076923076923,0.08275138586759567,0.09594776788629603,0.1095584916969774,0.12157028001035133
12,0.16,0.07692307692307693,0.08967028558254242,0.10662586980021298,0.1208126867214786,0.1332733064453324
12,0.17,0.07692307692307693,0.09614714980125427,0.10662586980021298,0.1208126867214786,0.1332733064453324
12,0.18,0.09615384615384616,0.10328621417284012,0.1277275280605754,0.1429360027343279,0.15618946712738507
12,0.19,0.11538461538461539,0.1088903620839119,0.14855843418125478,0.16464959516739675,0.17858400678118602
12,0.2,0.1346153846153846,0.11857954412698746,0.16917381467687823,0.18603692212427853,0.2005628954093085
12,0.21,0.15384615384615385,0.12737832963466644,0.1896107198687316,0.20715399053620326,0.22219730585633155
12,0.22,0.16346153846153846,0.13517938554286957,0.1997707546640729,0.2176240458895201,0.23290169407680267
12,0.23,0.17307692307692307,0.14185816049575806,0.2098954231259564,0.22804052784988035,0.2435377561283515
12,0.24,0.18269230769230768,0.1481073498725891,0.21998696415486316,0.23840682296344679,0.25410980129663396
12,0.25,0.18269230769230768,0.1597755253314972,0.21998696415486316,0.23840682296344679,0.25410980129663396
12,0.26,0.20192307692307693,0.17046286165714264,0.24007825539462713,0.2590003370930001,0.27507645836922534
12,0.27,0.22115384615384615,0.1784289926290512,0.2600576675756642,0.27942431652726596,0.29582678089653064
12,0.28,0.23076923076923078,0.1856968104839325,0.2700087195349225,0.2895777252864898,0.30612717707706993
12,0.29,0.23076923076923078,0.19419677555561066,0.2700087195349225,0.2895777252864898,0.30612717707706993
12,0.3,0.23076923076923078,0.205062597990036,0.2700087195349225,0.2895777252864898,0.30612717707706993
12,0.31,0.2403846153846154,0.21387934684753418,0.2799354870177416,0.2996943274994402,0.31638059253007006
12,0.32,0.27884615384615385,0.22459842264652252,0.31941781537406577,0.3398200739521073,0.3569593604563881
12,0.33,0.27884615384615385,0.23592440783977509,0.31941781537406577,0.3398200739521073,0.3569593604563881
12,0.34,0.27884615384615385,0.25096946954727173,0.31941781537406577,0.3398200739521073,0.3569593604563881
12,0.35,0.28846153846153844,0.2698257565498352,0.32923601430774024,0.34977210121264896,0.3670026642586332
12,0.36,0.2980769230769231,0.2821110785007477,0.3390345420172979,0.3596943058642735,0.37700788686220993
12,0.37,0.3076923076923077,0.29578253626823425,0.3488139399415812,0.3695875077985254,0.38697607344137136
12,0.38,0.3076923076923077,0.30846625566482544,0.3488139399415812,0.3695875077985254,0.38697607344137136
12,0.39,0.3076923076923077,0.3194288909435272,0.3488139399415812,0.3695875077985254,0.38697607344137136
12,0.4,0.3269230769230769,0.34330490231513977,0.3683172770168564,0.38928982719326544,0.4068050659461877
12,0.41,0.34615384615384615,0.36140263080596924,0.3877494748585114,0.40888428345902006,0.4264963026307654
12,0.42,0.34615384615384615,0.37447676062583923,0.3877494748585114,0.40888428345902006,0.4264963026307654
12,0.43,0.36538461538461536,0.3906182050704956,0.40711339996192636,0.42837521851242133,0.4460553204818566
12,0.44,0.38461538461538464,0.40954285860061646,0.4264114250578154,0.44776622685377804,0.46548670409121895
12,0.45,0.38461538461538464,0.43206754326820374,0.4264114250578154,0.44776622685377804,0.46548670409121895
12,0.46,0.40384615384615385,0.45357805490493774,0.44564549721037233,0.4670602585972673,0.4847942168185191
12,0.47,0.41346153846153844,0.47704553604125977,0.455239056099402,0.47667167378271785,0.4944024983416362
12,0.48,0.4326923076923077,0.5016123056411743,0.4743800436818088,0.4958245520299954,0.5135297059476815
12,0.49,0.46153846153846156,0.5242605805397034,0.5029780925373922,0.5243818594130399,0.5420007929848842
12,0.5,0.49038461538461536,0.5553642511367798,0.5314420907513506,0.5527358934487835,0.5702122202136606
12,0.51,0.5096153846153846,0.5801400542259216,0.550344207039302,0.5715265506234162,0.5888767317030583
12,0.52,0.5576923076923077,0.6058368682861328,0.5973404286304419,0.6181103735992058,0.6350362575754497
12,0.53,0.5769230769230769,0.6305263042449951,0.6160340906139732,0.6365849677915465,0.653297072264752
12,0.54,0.6057692307692307,0.6569451093673706,0.6439595484813929,0.6641224643193878,0.6804655761556624
12,0.55,0.6826923076923077,0.6923129558563232,0.7177144590550772,0.7364751238865768,0.7515351004709808
12,0.56,0.7019230769230769,0.7217384576797485,0.7359783525745733,0.7542983626322454,0.768964312474465
12,0.57,0.7115384615384616,0.7464009523391724,0.7450818328295401,0.7631668591979327,0.7776238905028365
12,0.58,0.7211538461538461,0.7724946737289429,0.7541656275948356,0.7720055389888854,0.7862454254770761
12,0.59,0.7692307692307693,0.802220344543457,0.7992662197918847,0.8157168406987126,0.8287381867116823
12,0.6,0.7884615384615384,0.8278985619544983,0.8171424442492436,0.832953112848327,0.8454187872692005
12,0.61,0.8076923076923077,0.8499228358268738,0.8349120758602666,0.8500281376309834,0.8618939287441734
12,0.62,0.8557692307692307,0.8691734671592712,0.8787853080588758,0.891883131824576,0.9020219060216575
12,0.63,0.8846153846153846,0.8862322568893433,0.9046344240037157,0.9162794662324096,0.9251877082587203
12,0.64,0.8942307692307693,0.9053738117218018,0.9131495764512536,0.9242590678703373,0.9327161311351289
12,0.65,0.9230769230769231,0.9215113520622253,0.9383028776956895,0.9476083813012577,0.954555258595954
12,0.66,0.9326923076923077,0.9367651343345642,0.9465237445504999,0.9551462261309723,0.961525346906693
12,0.67,0.9326923076923077,0.94845050573349,0.9465237445504999,0.9551462261309723,0.961525346906693
12,0.68,0.9615384615384616,0.953913688659668,0.9704457133330113,0.9766562628084752,0.9810517571031959
12,0.69,0.9615384615384616,0.9616489410400391,0.9704457133330113,0.9766562628084752,0.9810517571031959
12,0.7,0.9711538461538461,0.970042884349823,0.9780513877283405,0.9832823138364025,0.9868846410444665
12,0.71,0.9711538461538461,0.9752390384674072,0.9780513877283405,0.9832823138364025,0.9868846410444665
12,0.72,0.9807692307692307,0.9782567620277405,0.985347734751439,0.9894587539013986,0.9921681206225971
12,0.73,0.9807692307692307,0.9838533401489258,0.985347734751439,0.9894587539013986,0.9921681206225971
12,0.74,1.0,0.9866098761558533,0.9978770799099427,0.9989970697885743,0.999511611734798
12,0.75,1.0,0.9898733496665955,0.9978770799099427,0.9989970697885743,0.999511611734798
12,0.76,1.0,0.9916250705718994,0.9978770799099427,0.9989970697885743,0.999511611734798
12,0.77,1.0,0.9934403300285339,0.9978770799099427,0.9989970697885743,0.999511611734798
12,0.78,1.0,0.9953447580337524,0.9978770799099427,0.9989970697885743,0.999511611734798
12,0.79,1.0,0.9966204762458801,0.9978770799099427,0.9989970697885743,0.999511611734798
12,0.8,1.0,0.997563898563385,0.9978770799099427,0.9989970697885743,0.999511611734798
12,0.81,1.0,0.9982640743255615,0.9978770799099427,0.9989970697885743,0.999511611734798
12,0.82,1.0,0.9991130828857422,0.9978770799099427,0.9989970697885743,0.999511611734798
12,0.83,1.0,0.9994463324546814,0.9978770799099427,0.9989970697885743,0.999511611734798
12,0.84,1.0,0.9996381402015686,0.9978770799099427,0.9989970697885743,0.999511611734798
12,0.85,1.0,0.9997405409812927,0.9978770799099427,0.9989970697885743,0.999511611734798
13,0.01,0.0,0.004187905229628086,0.01492891787230341,0.02128959469994447,0.027609200166909383
13,0.02,0.018867924528301886,0.007879898883402348,0.039566645236235036,0.048974155931803175,0.05766912172738772
13,0.03,0.018867924528301886,0.010995610617101192,0.039566645236235036,0.048974155931803175,0.05766912172738772
13,0.04,0.018867924528301886,0.013365456834435463,0.039566645236235036,0.048974155931803175,0.05766912172738772
13,0.05,0.018867924528301886,0.01886790245771408,0.039566645236235036,0.048974155931803175,0.05766912172738772
13,0.06,0.018867924528301886,0.023845842108130455,0.039566645236235036,0.048974155931803175,0.05766912172738772
13,0.07,0.02830188679245283,0.02703108638525009,0.050938321401507315,0.061369392855612916,0.07086841031295558
13,0.08,0.02830188679245283,0.030683644115924835,0.050938321401507315,0.061369392855612916,0.07086841031295558
13,0.09,0.02830188679245283,0.03361034765839577,0.050938321401507315,0.061369392855612916,0.07086841031295558
13,0.1,0.02830188679245283,0.039522673934698105,0.050938321401507315,0.061369392855612916,0.07086841031295558
13,0.11,0.03773584905660377,0.049148235470056534,0.062015293972772126,0.07331866752923843,0.08350287521143117
13,0.12,0.03773584905660377,0.05533432587981224,0.062015293972772126,0.07331866752923843,0.08350287521143117
13,0.13,0.04716981132075472,0.0599023662507534,0.07288434728529232,0.0849535320594949,0.09573863058152823
13,0.14,0.04716981132075472,0.06542136520147324,0.07288434728529232,0.0849535320594949,0.09573863058152823
13,0.15,0.0660377358490566,0.07270027697086334,0.09418205284332665,0.10755734581524631,0.11936460962881086
13,0.16,0.07547169811320754,0.07880682498216629,0.10466518407239643,0.11860862244744366,0.130859040154494
13,0.17,0.08490566037735849,0.08402152359485626,0.11506125257247596,0.129528192842798,0.14218592880598216
13,0.18,0.08490566037735849,0.08932721614837646,0.11506125257247596,0.129528192842798,0.14218592880598216
13,0.19,0.08490566037735849,0.09412311762571335,0.11506125257247596,0.129528192842798,0.14218592880598216
13,0.2,0.09433962264150944,0.10351481288671494,0.12538228263091142,0.1403342237785404,0.15336831578240015
13,0.21,0.09433962264150944,0.11184129863977432,0.12538228263091142,0.1403342237785404,0.15336831578240015
13,0.22,0.09433962264150944,0.11990285664796829,0.12538228263091142,0.1403342237785404,0.15336831578240015
13,0.23,0.10377358490566038,0.12546388804912567,0.13563757330789897,0.15104076612452957,0.1644240316199741
13,0.24,0.10377358490566038,0.1309056431055069,0.13563757330789897,0.15104076612452957,0.1644240316199741
13,0.25,0.10377358490566038,0.14185093343257904,0.13563757330789897,0.15104076612452957,0.1644240316199741
13,0.26,0.11320754716981132,0.15065997838974,0.14583449309066374,0.16165895515079617,0.17536721415616388
13,0.27,0.12264150943396226,0.15806126594543457,0.1559789988318523,0.17219779418188907,0.18620929953454698
13,0.28,0.12264150943396226,0.16434961557388306,0.1559789988318523,0.17219779418188907,0.18620929953454698
13,0.29,0.14150943396226415,0.17203441262245178,0.17612954303480197,0.19306580415116814,0.20762624694227944
13,0.3,0.1509433962264151,0.18112067878246307,0.18614311204059056,0.20340636105670523,0.2182155845175936
13,0.31,0.16037735849056603,0.189988374710083,0.19611963518168649,0.21369080358646245,0.22873336342714723
13,0.32,0.16037735849056603,0.2007262259721756,0.19611963518168649,0.21369080358646245,0.22873336342714723
13,0.33,0.16037735849056603,0.2104538381099701,0.19611963518168649,0.21369080358646245,0.22873336342714723
13,0.34,0.16037735849056603,0.22361260652542114,0.19611963518168649,0.21369080358646245,0.22873336342714723
13,0.35,0.16037735849056603,0.2400640845298767,0.19611963518168649,0.21369080358646245,0.22873336342714723
13,0.36,0.1792452830188679,0.2494100034236908,0.21597133645498906,0.2341061571348287,0.24957309041369055
13,0.37,0.1792452830188679,0.2607634961605072,0.21597133645498906,0.2341061571348287,0.24957309041369055
13,0.38,0.18867924528301888,0.27181875705718994,0.22585063295194058,0.24424329825150848,0.2599029674131986
13,0.39,0.19811320754716982,0.2802567481994629,0.23570122353259956,0.2543369410940045,0.2701773413914057
13,0.4,0.2169811320754717,0.29943785071372986,0.25532210093945323,0.2744025297509248,0.2905707829410559
13,0.41,0.2169811320754717,0.3135645091533661,0.25532210093945323,0.2744025297509248,0.2905707829410559
13,0.42,0.2169811320754717,0.3235381245613098,0.25532210093945323,0.2744025297509248,0.2905707829410559
13,0.43,0.2358490566037736,0.3374967873096466,0.274844076147748,0.29431821954968646,0.31077289641035144
13,0.44,0.27358490566037735,0.35139816999435425,0.3136222737305013,0.3337467572039859,0.3506628327428117
13,0.45,0.2830188679245283,0.3704323172569275,0.32326594618405,0.34352676122275233,0.3605368322460615
13,0.46,0.3113207547169811,0.3876495957374573,0.3520845421953002,0.37269632304176137,0.3899411581426382
13,0.47,0.3113207547169811,0.40775710344314575,0.3520845421953002,0.37269632304176137,0.3899411581426382
13,0.48,0.330188679245283,0.430192232131958,0.3712080483157854,0.39200791494999065,0.4093719035999278
13,0.49,0.3490566037735849,0.4514193534851074,0.39026417665357765,0.4112173382866314,0.4286721526906037
13,0.5,0.3867924528301887,0.47884008288383484,0.428184278609161,0.4493447960439923,0.466900442576049
13,0.51,0.42452830188679247,0.5005372762680054,0.4658607146089478,0.48710273684040145,0.5046566961242658
13,0.52,0.4716981132075472,0.5212106704711914,0.512628954970817,0.533803798390575,0.5512179085892966
13,0.53,0.49056603773584906,0.5444886684417725,0.5312367738766808,0.5523333649950575,0.5696496718054664
13,0.54,0.5,0.5722243189811707,0.5405195445202555,0.561566091825809,0.57882460172731
13,0.55,0.5283018867924528,0.6053687334060669,0.5682833434088821,0.5891361139167561,0.6061856748237171
13,0.56,0.5754716981132075,0.6354580521583557,0.6142723934883032,0.6346555877847282,0.651237469013503
13,0.57,0.5849056603773585,0.6616002321243286,0.6234269302245168,0.6436938703963474,0.6601640222482354
13,0.58,0.6132075471698113,0.6876828074455261,0.6508017428517825,0.6706740943200045,0.6867717460068263
13,0.59,0.6509433962264151,0.7170195579528809,0.6870873539996931,0.7063231131576987,0.7218341793168226
13,0.6,0.6792452830188679,0.746164083480835,0.7141322917471218,0.7328033266555557,0.747803450527744
13,0.61,0.7075471698113207,0.7705973386764526,0.7410220555188415,0.759048409206699,0.7734725889818603
13,0.62,0.7075471698113207,0.7927099466323853,0.7410220555188415,0.759048409206699,0.7734725889818603
13,0.63,0.7452830188679245,0.8140660524368286,0.7766121096488552,0.793643512457609,0.8071898110384466
13,0.64,0.7830188679245284,0.8385716080665588,0.8118639463744745,0.8277265144240991,0.8402538885562134
13,0.65,0.839622641509434,0.8601776957511902,0.8639678826452128,0.877680396298285,0.8883583628267134
13,0.66,0.8584905660377359,0.8829630613327026,0.8810794024942632,0.893944152256496,0.9038999515859991
13,0.67,0.8867924528301887,0.9023376107215881,0.9064358541343536,0.9178708279996521,0.9266164600323973
13,0.68,0.8962264150943396,0.9119402170181274,0.9147890650934485,0.9256973074267296,0.9339994642404782
13,0.69,0.9150943396226415,0.9247425198554993,0.9313121090651881,0.9410744669744824,0.9484161899630854
13,0.7,0.9433962264150944,0.9391771554946899,0.955491507133553,0.9632329632182208,0.9688961761509666
13,0.71,0.9528301886792453,0.9488911032676697,0.9633259909484092,0.9702829515919877,0.9753006337822049
13,0.72,0.9716981132075472,0.9545954465866089,0.9784630298235839,0.9835966711193992,0.9871317024029401
13,0.73,0.9716981132075472,0.9654629826545715,0.9784630298235839,0.9835966711193992,0.9871317024029401
13,0.74,0.9811320754716981,0.9707022905349731,0.9856222182278804,0.9896566282535818,0.9923153332924542
13,0.75,0.9811320754716981,0.9767348170280457,0.9856222182278804,0.9896566282535818,0.9923153332924542
13,0.76,0.9811320754716981,0.9808197021484375,0.9856222182278804,0.9896566282535818,0.9923153332924542
13,0.77,0.9811320754716981,0.9847290515899658,0.9856222182278804,0.9896566282535818,0.9923153332924542
13,0.78,0.9811320754716981,0.988644003868103,0.9856222182278804,0.9896566282535818,0.9923153332924542
13,0.79,0.9905660377358491,0.9912790060043335,0.9922890391272605,0.9950188462796884,0.9966687918967998
13,0.8,1.0,0.9935548305511475,0.9979167192972135,0.9990158069195911,0.9995207382995349
13,0.81,1.0,0.9951961636543274,0.9979167192972135,0.9990158069195911,0.9995207382995349
13,0.82,1.0,0.9973036646842957,0.9979167192972135,0.9990158069195911,0.9995207382995349
13,0.83,1.0,0.9982500672340393,0.9979167192972135,0.9990158069195911,0.9995207382995349
13,0.84,1.0,0.998782753944397,0.9979167192972135,0.9990158069195911,0.9995207382995349
13,0.85,1.0,0.999109148979187,0.9979167192972135,0.9990158069195911,0.9995207382995349
14,0.01,0.0,0.0025876390282064676,0.019916957737971253,0.028372048422893828,0.036754197779982296
14,0.02,0.012658227848101266,0.0046045114286243916,0.03696521314344483,0.04775175835878866,0.057928682117781696
14,0.03,0.012658227848101266,0.0061623346991837025,0.03696521314344483,0.04775175835878866,0.057928682117781696
14,0.04,0.02531645569620253,0.007502339314669371,0.052729818209186735,0.06515966699162977,0.07661087675377173
14,0.05,0.02531645569620253,0.011208536103367805,0.052729818209186735,0.06515966699162977,0.07661087675377173
14,0.06,0.02531645569620253,0.0140548599883914,0.052729818209186735,0.06515966699162977,0.07661087675377173
14,0.07,0.02531645569620253,0.016096865758299828,0.052729818209186735,0.06515966699162977,0.07661087675377173
14,0.08,0.02531645569620253,0.018279384821653366,0.052729818209186735,0.06515966699162977,0.07661087675377173
14,0.09,0.02531645569620253,0.019684666767716408,0.052729818209186735,0.06515966699162977,0.07661087675377173
14,0.1,0.02531645569620253,0.02308640070259571,0.052729818209186735,0.06515966699162977,0.07661087675377173
14,0.11,0.02531645569620253,0.030180858448147774,0.052729818209186735,0.06515966699162977,0.07661087675377173
14,0.12,0.05063291139240506,0.03400232642889023,0.08258600264360176,0.09744100943802544,0.11077195194253935
14,0.13,0.05063291139240506,0.03668242692947388,0.08258600264360176,0.09744100943802544,0.11077195194253935
14,0.14,0.06329113924050633,0.03981349617242813,0.09702968842539546,0.11284966975672235,0.12692563640459445
14,0.15,0.0759493670886076,0.044631268829107285,0.11125694291416127,0.12793138983671568,0.14266470647077978
14,0.16,0.0759493670886076,0.048800528049468994,0.11125694291416127,0.12793138983671568,0.14266470647077978
14,0.17,0.08860759493670886,0.05191453546285629,0.12531119553996858,0.14275174187002762,0.1580720382083767
14,0.18,0.08860759493670886,0.054751619696617126,0.12531119553996858,0.14275174187002762,0.1580720382083767
14,0.19,0.08860759493670886,0.0577784925699234,0.12531119553996858,0.14275174187002762,0.1580720382083767
14,0.2,0.10126582278481013,0.06486404687166214,0.13922229570511482,0.1573557799550484,0.17320462604366646
14,0.21,0.11392405063291139,0.07088687270879745,0.15301180894226143,0.17177605234682755,0.1881036761551355
14,0.22,0.11392405063291139,0.07757512480020523,0.15301180894226143,0.17177605234682755,0.1881036761551355
14,0.23,0.12658227848101267,0.08094804733991623,0.16669591869925673,0.18603698543223868,0.20280013312109185
14,0.24,0.1518987341772152,0.08456121385097504,0.19379537197446742,0.21415245295338659,0.23167606079016959
14,0.25,0.1518987341772152,0.09274128079414368,0.19379537197446742,0.21415245295338659,0.23167606079016959
14,0.26,0.1518987341772152,0.09853759407997131,0.19379537197446742,0.21415245295338659,0.23167606079016959
14,0.27,0.16455696202531644,0.10371209681034088,0.20722862563207753,0.22803402824833896,0.24588983226552466
14,0.28,0.16455696202531644,0.10775057971477509,0.20722862563207753,0.22803402824833896,0.24588983226552466
14,0.29,0.16455696202531644,0.1129915863275528,0.20722862563207753,0.22803402824833896,0.24588983226552466
14,0.3,0.16455696202531644,0.11902651935815811,0.20722862563207753,0.22803402824833896,0.24588983226552466
14,0.31,0.16455696202531644,0.12580537796020508,0.20722862563207753,0.22803402824833896,0.24588983226552466
14,0.32,0.17721518987341772,0.13367994129657745,0.22059346682586017,0.24181211204338232,0.2599718435412601
14,0.33,0.189873417721519,0.13995103538036346,0.2338953625989373,0.25549496163532076,0.27393257916643443
14,0.34,0.20253164556962025,0.14879952371120453,0.2471389162810404,0.2690895307773083,0.28778087129013913
14,0.35,0.20253164556962025,0.1606989949941635,0.2471389162810404,0.2690895307773083,0.28778087129013913
14,0.36,0.20253164556962025,0.16684696078300476,0.2471389162810404,0.2690895307773083,0.28778087129013913
14,0.37,0.21518987341772153,0.17463189363479614,0.26032804262604764,0.2826017338714571,0.30152423405602136
14,0.38,0.21518987341772153,0.18252205848693848,0.26032804262604764,0.2826017338714571,0.30152423405602136
14,0.39,0.22784810126582278,0.18761275708675385,0.2734660992033635,0.29603664418591746,0.3151691145910045
14,0.4,0.24050632911392406,0.20078350603580475,0.28655598669117555,0.30939864517087834,0.3287210846772597
14,0.41,0.24050632911392406,0.21036626398563385,0.28655598669117555,0.30939864517087834,0.3287210846772597
14,0.42,0.25316455696202533,0.2170461267232895,0.29960022660617197,0.32269154774369163,0.342184989367925
14,0.43,0.26582278481012656,0.2270825058221817,0.3126010223615571,0.33591868242789064,0.35556506377619157
14,0.44,0.27848101265822783,0.23590341210365295,0.3255603078040702,0.3490829726053235,0.3688650259518033
14,0.45,0.2911392405063291,0.2501947581768036,0.3384797862075336,0.36218699337163013,0.38208815152427933
14,0.46,0.2911392405063291,0.2623526155948639,0.3384797862075336,0.36218699337163013,0.38208815152427933
14,0.47,0.31645569620253167,0.27759429812431335,0.3642051660876848,0.3882230633190323,0.40831513556552373
14,0.48,0.31645569620253167,0.29732227325439453,0.3642051660876848,0.3882230633190323,0.40831513556552373
14,0.49,0.3291139240506329,0.3154755234718323,0.377013578208793,0.4011589091707395,0.421323825336865
14,0.5,0.3670886075949367,0.33790886402130127,0.41523392968467354,0.4396561826112308,0.459954222920243
14,0.51,0.379746835443038,0.355471134185791,0.4279084909135689,0.45238932932073317,0.4727044068349129
14,0.52,0.43037974683544306,0.37027862668037415,0.47829542161704675,0.5028504437889258,0.5231037983319347
14,0.53,0.4430379746835443,0.3901694118976593,0.490816549475775,0.5153512209617381,0.5355575997128299
14,0.54,0.45569620253164556,0.4184266924858093,0.5033080914372463,0.5278071913535374,0.5479542494251484
14,0.55,0.46835443037974683,0.4485381841659546,0.5157702685203731,0.540218690160202,0.5602941752263371
14,0.56,0.4936708860759494,0.47822368144989014,0.5406071275831403,0.5649091838395144,0.5848050192029325
14,0.57,0.5189873417721519,0.5051212906837463,0.5653277746526837,0.5894236910915072,0.6090914009785728
14,0.58,0.5189873417721519,0.5311404466629028,0.5653277746526837,0.5894236910915072,0.6090914009785728
14,0.59,0.5569620253164557,0.5586497783660889,0.6021901216282286,0.6258644034341085,0.6450987668939665
14,0.6,0.5569620253164557,0.5924724340438843,0.6021901216282286,0.6258644034341085,0.6450987668939665
14,0.61,0.5822784810126582,0.6222867965698242,0.6266173320409131,0.6499346010612865,0.6688185223495735
14,0.62,0.5949367088607594,0.6497877836227417,0.6387857820112973,0.6619013391656023,0.6805912344141616
14,0.63,0.6075949367088608,0.6755449771881104,0.6509236039866648,0.6738217137167166,0.6923048346212131
14,0.64,0.6075949367088608,0.7066986560821533,0.6509236039866648,0.6738217137167166,0.6923048346212131
14,0.65,0.620253164556962,0.7365628480911255,0.6630303182601259,0.6856950022918968,0.7039584068011026
14,0.66,0.6329113924050633,0.7695125341415405,0.6751053700924048,0.6975203694317245,0.7155508914098179
14,0.67,0.6455696202531646,0.799846351146698,0.6871481235747686,0.7092968574434217,0.7270810739276563
14,0.68,0.6582278481012658,0.8162765502929688,0.6991578543078222,0.7210233754321091,0.7385475710260319
14,0.69,0.6835443037974683,0.8381112217903137,0.7230748535113465,0.7443213909312983,0.7612830297229265
14,0.7,0.7341772151898734,0.8623562455177307,0.7704684542262079,0.7902513609905337,0.8059055363527433
14,0.71,0.7848101265822784,0.8828502893447876,0.8171923268058142,0.8351691398712111,0.849239693032084
14,0.72,0.8481012658227848,0.8953259587287903,0.8744031084403083,0.8895143903767766,0.9011173438196267
14,0.73,0.8734177215189873,0.9168515801429749,0.8967993720190925,0.9105174656655657,0.9209362921520741
14,0.74,0.8860759493670886,0.9281488656997681,0.9078624690499643,0.9208160962965535,0.9305890660191061
14,0.75,0.8987341772151899,0.9414884448051453,0.9188195290951859,0.9309556768176155,0.940040999570298
14,0.76,0.9113924050632911,0.950918972492218,0.9296541235863212,0.9409118999909455,0.949261840748996
14,0.77,0.9620253164556962,0.959786593914032,0.9711612462100839,0.9780158470354877,0.9827430583833244
14,0.78,0.9746835443037974,0.968989908695221,0.9807552159865016,0.9861457217176973,0.9897021986399224
14,0.79,0.9873417721518988,0.9754141569137573,0.9896836565857284,0.9933327156756809,0.9955399208361181
14,0.8,0.9873417721518988,0.9817313551902771,0.9896836565857284,0.9933327156756809,0.9955399208361181
14,0.81,0.9873417721518988,0.9858635067939758,0.9896836565857284,0.9933327156756809,0.9955399208361181
14,0.82,0.9873417721518988,0.991675853729248,0.9896836565857284,0.9933327156756809,0.9955399208361181
14,0.83,1.0,0.9944059252738953,0.9972145920758332,0.9986838604266656,0.9993590393232679
14,0.84,1.0,0.9959277510643005,0.9972145920758332,0.9986838604266656,0.9993590393232679
14,0.85,1.0,0.9969713091850281,0.9972145920758332,0.9986838604266656,0.9993590393232679
15,0.01,0.022222222222222223,0.001468283124268055,0.06369772864773568,0.08194705087319462,0.099024316819898
15,0.02,0.022222222222222223,0.002470226027071476,0.06369772864773568,0.08194705087319462,0.099024316819898
15,0.03,0.022222222222222223,0.0031922755297273397,0.06369772864773568,0.08194705087319462,0.099024316819898
15,0.04,0.022222222222222223,0.003801438258960843,0.06369772864773568,0.08194705087319462,0.099024316819898
15,0.05,0.022222222222222223,0.005931675899773836,0.06369772864773568,0.08194705087319462,0.099024316819898
15,0.06,0.022222222222222223,0.007450573146343231,0.06369772864773568,0.08194705087319462,0.099024316819898
15,0.07,0.022222222222222223,0.00858287699520588,0.06369772864773568,0.08194705087319462,0.099024316819898
15,0.08,0.022222222222222223,0.00967630185186863,0.06369772864773568,0.08194705087319462,0.099024316819898
15,0.09,0.022222222222222223,0.010298999026417732,0.06369772864773568,0.08194705087319462,0.099024316819898
15,0.1,0.022222222222222223,0.01199744176119566,0.06369772864773568,0.08194705087319462,0.099024316819898
15,0.11,0.022222222222222223,0.01683943346142769,0.06369772864773568,0.08194705087319462,0.099024316819898
15,0.12,0.022222222222222223,0.01896306499838829,0.06369772864773568,0.08194705087319462,0.099024316819898
15,0.13,0.022222222222222223,0.020457807928323746,0.06369772864773568,0.08194705087319462,0.099024316819898
15,0.14,0.022222222222222223,0.022094279527664185,0.06369772864773568,0.08194705087319462,0.099024316819898
15,0.15,0.044444444444444446,0.02496207319200039,0.09073797119497998,0.11158755909317332,0.1306120628081752
15,0.16,0.044444444444444446,0.027355017140507698,0.09073797119497998,0.11158755909317332,0.1306120628081752
15,0.17,0.044444444444444446,0.02897990308701992,0.09073797119497998,0.11158755909317332,0.1306120628081752
15,0.18,0.044444444444444446,0.03047003410756588,0.09073797119497998,0.11158755909317332,0.1306120628081752
15,0.19,0.044444444444444446,0.03226692974567413,0.09073797119497998,0.11158755909317332,0.1306120628081752
15,0.2,0.044444444444444446,0.036700282245874405,0.09073797119497998,0.11158755909317332,0.1306120628081752
15,0.21,0.044444444444444446,0.04056863114237785,0.09073797119497998,0.11158755909317332,0.1306120628081752
15,0.22,0.044444444444444446,0.044766128063201904,0.09073797119497998,0.11158755909317332,0.1306120628081752
15,0.23,0.044444444444444446,0.04659048840403557,0.09073797119497998,0.11158755909317332,0.1306120628081752
15,0.24,0.044444444444444446,0.04875851795077324,0.09073797119497998,0.11158755909317332,0.1306120628081752
15,0.25,0.044444444444444446,0.05425124615430832,0.09073797119497998,0.11158755909317332,0.1306120628081752
15,0.26,0.044444444444444446,0.057623859494924545,0.09073797119497998,0.11158755909317332,0.1306120628081752
15,0.27,0.044444444444444446,0.06074998527765274,0.09073797119497998,0.11158755909317332,0.1306120628081752
15,0.28,0.044444444444444446,0.06296457350254059,0.09073797119497998,0.11158755909317332,0.1306120628081752
15,0.29,0.044444444444444446,0.06622634828090668,0.09073797119497998,0.11158755909317332,0.1306120628081752
15,0.3,0.044444444444444446,0.07010633498430252,0.09073797119497998,0.11158755909317332,0.1306120628081752
15,0.31,0.044444444444444446,0.07473598420619965,0.09073797119497998,0.11158755909317332,0.1306120628081752
15,0.32,0.044444444444444446,0.08010686933994293,0.09073797119497998,0.11158755909317332,0.1306120628081752
15,0.33,0.044444444444444446,0.08387231826782227,0.09073797119497998,0.11158755909317332,0.1306120628081752
15,0.34,0.044444444444444446,0.089178167283535,0.09073797119497998,0.11158755909317332,0.1306120628081752
15,0.35,0.044444444444444446,0.09717410057783127,0.09073797119497998,0.11158755909317332,0.1306120628081752
15,0.36,0.044444444444444446,0.10059738159179688,0.09073797119497998,0.11158755909317332,0.1306120628081752
15,0.37,0.044444444444444446,0.10569118708372116,0.09073797119497998,0.11158755909317332,0.1306120628081752
15,0.38,0.044444444444444446,0.11076341569423676,0.09073797119497998,0.11158755909317332,0.1306120628081752
15,0.39,0.044444444444444446,0.11368335038423538,0.09073797119497998,0.11158755909317332,0.1306120628081752
15,0.4,0.044444444444444446,0.12247936427593231,0.09073797119497998,0.11158755909317332,0.1306120628081752
15,0.41,0.06666666666666667,0.12875299155712128,0.11663425656010797,0.1394992363353731,0.16002227798237126
15,0.42,0.08888888888888889,0.13299132883548737,0.1417991352406037,0.16630843039212093,0.18804182938649253
15,0.43,0.08888888888888889,0.13947737216949463,0.1417991352406037,0.16630843039212093,0.18804182938649253
15,0.44,0.08888888888888889,0.14486226439476013,0.1417991352406037,0.16630843039212093,0.18804182938649253
15,0.45,0.08888888888888889,0.1546582579612732,0.1417991352406037,0.16630843039212093,0.18804182938649253
15,0.46,0.1111111111111111,0.16279862821102142,0.16643705180581425,0.1923237960937636,0.21505872596224138
15,0.47,0.1111111111111111,0.17327573895454407,0.16643705180581425,0.1923237960937636,0.21505872596224138
15,0.48,0.1111111111111111,0.18807452917099,0.16643705180581425,0.1923237960937636,0.21505872596224138
15,0.49,0.13333333333333333,0.20154954493045807,0.19066685672839928,0.21772439824892895,0.24129830990976356
15,0.5,0.13333333333333333,0.21825911104679108,0.19066685672839928,0.21772439824892895,0.24129830990976356
15,0.51,0.13333333333333333,0.2313806116580963,0.19066685672839928,0.21772439824892895,0.24129830990976356
15,0.52,0.13333333333333333,0.24125872552394867,0.19066685672839928,0.21772439824892895,0.24129830990976356
15,0.53,0.13333333333333333,0.25727277994155884,0.19066685672839928,0.21772439824892895,0.24129830990976356
15,0.54,0.13333333333333333,0.2809329628944397,0.19066685672839928,0.21772439824892895,0.24129830990976356
15,0.55,0.15555555555555556,0.3050262928009033,0.214564813207608,0.24262504488785802,0.2669052077457125
15,0.56,0.17777777777777778,0.33007970452308655,0.2381832482007914,0.2671044867141265,0.29197871258266095
15,0.57,0.17777777777777778,0.35521742701530457,0.2381832482007914,0.2671044867141265,0.29197871258266095
15,0.58,0.17777777777777778,0.3784220814704895,0.2381832482007914,0.2671044867141265,0.29197871258266095
15,0.59,0.17777777777777778,0.4028485119342804,0.2381832482007914,0.2671044867141265,0.29197871258266095
15,0.6,0.2,0.43499401211738586,0.26155983343458333,0.291219415504657,0.31659035958706583
15,0.61,0.2,0.4643552899360657,0.26155983343458333,0.291219415504657,0.31659035958706583
15,0.62,0.2,0.49153149127960205,0.26155983343458333,0.291219415504657,0.31659035958706583
15,0.63,0.2,0.5171804428100586,0.26155983343458333,0.291219415504657,0.31659035958706583
15,0.64,0.26666666666666666,0.5514943599700928,0.3304886325306385,0.36175360226692727,0.38812962491644026
15,0.65,0.28888888888888886,0.585903525352478,0.3531220021181508,0.3847479068709464,0.411320077827072
15,0.66,0.28888888888888886,0.6248230934143066,0.3531220021181508,0.3847479068709464,0.411320077827072
15,0.67,0.3333333333333333,0.664110541343689,0.39794390879672076,0.4300655567780323,0.4568494369364265
15,0.68,0.35555555555555557,0.6861147284507751,0.4201482060613412,0.4524126449429311,0.47921839794506826
15,0.69,0.4444444444444444,0.7157542705535889,0.5077093753392418,0.5399061931278579,0.5662885123432727
15,0.7,0.4666666666666667,0.7498217821121216,0.5293018110297614,0.5613302522180901,0.5874855247952915
15,0.71,0.6,0.7837756872177124,0.6564314853731263,0.6862175953846096,0.7100252843500765
15,0.72,0.6444444444444445,0.8029700517654419,0.6978554362387097,0.7264108543852859,0.749050074298204
15,0.73,0.6666666666666666,0.8387902975082397,0.718374891327411,0.7462175315910586,0.7681948779970015
15,0.74,0.6888888888888889,0.8567295670509338,0.7387587044421167,0.7658200287961016,0.787080971556005
15,0.75,0.7333333333333333,0.879310667514801,0.7790892760152885,0.8043675927881089,0.8240207570895383
15,0.76,0.8,0.8963938355445862,0.8383257603309665,0.8602974313574323,0.8770393129005187
15,0.77,0.8,0.9122344255447388,0.8383257603309665,0.8602974313574323,0.8770393129005187
15,0.78,0.8,0.9291267991065979,0.8383257603309665,0.8602974313574323,0.8770393129005187
15,0.79,0.8222222222222222,0.941705048084259,0.8576691347024876,0.8783380237341023,0.8939519689625401
15,0.8,0.8888888888888888,0.9556575417518616,0.9140706904836672,0.9300298613603136,0.9416392769015665
15,0.81,0.9333333333333333,0.9641456604003906,0.9496735552470442,0.9615343288709596,0.9697508148169521
15,0.82,0.9777777777777777,0.9775721430778503,0.9820433577387992,0.9883790528044221,0.992219753452068
15,0.83,0.9777777777777777,0.9845492243766785,0.9820433577387992,0.9883790528044221,0.992219753452068
15,0.84,0.9777777777777777,0.9881495833396912,0.9820433577387992,0.9883790528044221,0.992219753452068
15,0.85,1.0,0.9909588098526001,0.9951608000724633,0.9977121750773394,0.9988855498442222
16,0.01,0.0,0.0007294514798559248,0.05786698696021646,0.08174571643437148,0.10501923017634426
16,0.02,0.0,0.0011788782430812716,0.05786698696021646,0.08174571643437148,0.10501923017634426
16,0.03,0.0,0.001484773471020162,0.05786698696021646,0.08174571643437148,0.10501923017634426
16,0.04,0.0,0.0017817404586821795,0.05786698696021646,0.08174571643437148,0.10501923017634426
16,0.05,0.0,0.002981507917866111,0.05786698696021646,0.08174571643437148,0.10501923017634426
16,0.06,0.0,0.003699341556057334,0.05786698696021646,0.08174571643437148,0.10501923017634426
16,0.07,0.0,0.004315418191254139,0.05786698696021646,0.08174571643437148,0.10501923017634426
16,0.08,0.0,0.004868617281317711,0.05786698696021646,0.08174571643437148,0.10501923017634426
16,0.09,0.0,0.005133151542395353,0.05786698696021646,0.08174571643437148,0.10501923017634426
16,0.1,0.0,0.006032969336956739,0.05786698696021646,0.08174571643437148,0.10501923017634426
16,0.11,0.0,0.009156213141977787,0.05786698696021646,0.08174571643437148,0.10501923017634426
16,0.12,0.0,0.010318548418581486,0.05786698696021646,0.08174571643437148,0.10501923017634426
16,0.13,0.0,0.011020206846296787,0.05786698696021646,0.08174571643437148,0.10501923017634426
16,0.14,0.0,0.011725649237632751,0.05786698696021646,0.08174571643437148,0.10501923017634426
16,0.15,0.0,0.0133900111541152,0.05786698696021646,0.08174571643437148,0.10501923017634426
16,0.16,0.0,0.014663133770227432,0.05786698696021646,0.08174571643437148,0.10501923017634426
16,0.17,0.0,0.01549120619893074,0.05786698696021646,0.08174571643437148,0.10501923017634426
16,0.18,0.0,0.016091812402009964,0.05786698696021646,0.08174571643437148,0.10501923017634426
16,0.19,0.0,0.01696975715458393,0.05786698696021646,0.08174571643437148,0.10501923017634426
16,0.2,0.0,0.01985902339220047,0.05786698696021646,0.08174571643437148,0.10501923017634426
16,0.21,0.0,0.02216470241546631,0.05786698696021646,0.08174571643437148,0.10501923017634426
16,0.22,0.0,0.025232264772057533,0.05786698696021646,0.08174571643437148,0.10501923017634426
16,0.23,0.0,0.026174824684858322,0.05786698696021646,0.08174571643437148,0.10501923017634426
16,0.24,0.0,0.027357839047908783,0.05786698696021646,0.08174571643437148,0.10501923017634426
16,0.25,0.0,0.03070097230374813,0.05786698696021646,0.08174571643437148,0.10501923017634426
16,0.26,0.0,0.0324811190366745,0.05786698696021646,0.08174571643437148,0.10501923017634426
16,0.27,0.0,0.03428955003619194,0.05786698696021646,0.08174571643437148,0.10501923017634426
16,0.28,0.0,0.03543895110487938,0.05786698696021646,0.08174571643437148,0.10501923017634426
16,0.29,0.0,0.03716937452554703,0.05786698696021646,0.08174571643437148,0.10501923017634426
16,0.3,0.0,0.03908399119973183,0.05786698696021646,0.08174571643437148,0.10501923017634426
16,0.31,0.0,0.04208516329526901,0.05786698696021646,0.08174571643437148,0.10501923017634426
16,0.32,0.0,0.045456912368535995,0.05786698696021646,0.08174571643437148,0.10501923017634426
16,0.33,0.0,0.047465577721595764,0.05786698696021646,0.08174571643437148,0.10501923017634426
16,0.34,0.0,0.050641193985939026,0.05786698696021646,0.08174571643437148,0.10501923017634426
16,0.35,0.0,0.05547574907541275,0.05786698696021646,0.08174571643437148,0.10501923017634426
16,0.36,0.038461538461538464,0.057110194116830826,0.10687878716294417,0.13656954205718017,0.16397439474530717
16,0.37,0.038461538461538464,0.05984591692686081,0.10687878716294417,0.13656954205718017,0.16397439474530717
16,0.38,0.038461538461538464,0.06284632533788681,0.10687878716294417,0.13656954205718017,0.16397439474530717
16,0.39,0.038461538461538464,0.06429605931043625,0.10687878716294417,0.13656954205718017,0.16397439474530717
16,0.4,0.038461538461538464,0.06892147660255432,0.10687878716294417,0.13656954205718017,0.16397439474530717
16,0.41,0.038461538461538464,0.07208789885044098,0.10687878716294417,0.13656954205718017,0.16397439474530717
16,0.42,0.038461538461538464,0.07426577061414719,0.10687878716294417,0.13656954205718017,0.16397439474530717
16,0.43,0.038461538461538464,0.07839507609605789,0.10687878716294417,0.13656954205718017,0.16397439474530717
16,0.44,0.038461538461538464,0.0809544026851654,0.10687878716294417,0.13656954205718017,0.16397439474530717
16,0.45,0.038461538461538464,0.08651605993509293,0.10687878716294417,0.13656954205718017,0.16397439474530717
16,0.46,0.038461538461538464,0.09091383963823318,0.10687878716294417,0.13656954205718017,0.16397439474530717
16,0.47,0.038461538461538464,0.09722920507192612,0.10687878716294417,0.13656954205718017,0.16397439474530717
16,0.48,0.038461538461538464,0.10810697823762894,0.10687878716294417,0.13656954205718017,0.16397439474530717
16,0.49,0.038461538461538464,0.11657266318798065,0.10687878716294417,0.13656954205718017,0.16397439474530717
16,0.5,0.038461538461538464,0.12678208947181702,0.10687878716294417,0.13656954205718017,0.16397439474530717
16,0.51,0.038461538461538464,0.13471393287181854,0.10687878716294417,0.13656954205718017,0.16397439474530717
16,0.52,0.07692307692307693,0.1398872435092926,0.1518911509652577,0.1853040073396039,0.21529996114245392
16,0.53,0.07692307692307693,0.14961977303028107,0.1518911509652577,0.1853040073396039,0.21529996114245392
16,0.54,0.07692307692307693,0.16712480783462524,0.1518911509652577,0.1853040073396039,0.21529996114245392
16,0.55,0.07692307692307693,0.18259947001934052,0.1518911509652577,0.1853040073396039,0.21529996114245392
16,0.56,0.07692307692307693,0.20071953535079956,0.1518911509652577,0.1853040073396039,0.21529996114245392
16,0.57,0.07692307692307693,0.21758601069450378,0.1518911509652577,0.1853040073396039,0.21529996114245392
16,0.58,0.07692307692307693,0.23240980505943298,0.1518911509652577,0.1853040073396039,0.21529996114245392
16,0.59,0.07692307692307693,0.2478649914264679,0.1518911509652577,0.1853040073396039,0.21529996114245392
16,0.6,0.07692307692307693,0.2725715935230255,0.1518911509652577,0.1853040073396039,0.21529996114245392
16,0.61,0.07692307692307693,0.2935795485973358,0.1518911509652577,0.1853040073396039,0.21529996114245392
16,0.62,0.07692307692307693,0.314481258392334,0.1518911509652577,0.1853040073396039,0.21529996114245392
16,0.63,0.07692307692307693,0.33459556102752686,0.1518911509652577,0.1853040073396039,0.21529996114245392
16,0.64,0.07692307692307693,0.36116185784339905,0.1518911509652577,0.1853040073396039,0.21529996114245392
16,0.65,0.07692307692307693,0.3901277184486389,0.1518911509652577,0.1853040073396039,0.21529996114245392
16,0.66,0.07692307692307693,0.4274614453315735,0.1518911509652577,0.1853040073396039,0.21529996114245392
16,0.67,0.07692307692307693,0.46987268328666687,0.1518911509652577,0.1853040073396039,0.21529996114245392
16,0.68,0.07692307692307693,0.4958621859550476,0.1518911509652577,0.1853040073396039,0.21529996114245392
16,0.69,0.07692307692307693,0.5274749398231506,0.1518911509652577,0.1853040073396039,0.21529996114245392
16,0.7,0.15384615384615385,0.5688430070877075,0.23643439270794098,0.27453599810685464,0.30762634422755497
16,0.71,0.15384615384615385,0.6145188808441162,0.23643439270794098,0.27453599810685464,0.30762634422755497
16,0.72,0.19230769230769232,0.6418225765228271,0.2770228229952477,0.316628172213555,0.35061979069466703
16,0.73,0.23076923076923078,0.6925380229949951,0.3168078374009449,0.35751602098571866,0.39209835006807464
16,0.74,0.2692307692307692,0.7179837822914124,0.35591726409431146,0.39739108056811157,0.4323019950354535
16,0.75,0.34615384615384615,0.7495945692062378,0.4324252574806273,0.4745761449860548,0.509478241204014
16,0.76,0.38461538461538464,0.7818692922592163,0.46992440151755016,0.5120369126371555,0.5466401836901325
16,0.77,0.4230769230769231,0.809506356716156,0.5069626927656523,0.5488067761235861,0.5829313488292404
16,0.78,0.5,0.839249312877655,0.5797234379289071,0.6203743223045459,0.6530283003096503
16,0.79,0.5384615384615384,0.8589811325073242,0.6154598030323819,0.6551932701629146,0.686861281781955
16,0.8,0.5384615384615384,0.888788640499115,0.6154598030323819,0.6551932701629146,0.686861281781955
16,0.81,0.6153846153846154,0.9050671458244324,0.6856260783108115,0.7228755959327786,0.7520655824405087
16,0.82,0.6923076923076923,0.9349909424781799,0.7539349215327448,0.7877816391190327,0.8137801443256657
16,0.83,0.8076923076923077,0.952351987361908,0.852194523212459,0.8788814580933122,0.8985150469964673
16,0.84,0.8076923076923077,0.9613823294639587,0.852194523212459,0.8788814580933122,0.8985150469964673
16,0.85,0.8076923076923077,0.9692720174789429,0.852194523212459,0.8788814580933122,0.8985150469964673
17,0.01,0.0,0.0002293821598868817,0.07377667396743222,0.10384949805339538,0.13294591102652337
17,0.02,0.0,0.00037673511542379856,0.07377667396743222,0.10384949805339538,0.13294591102652337
17,0.03,0.0,0.00046711610048078,0.07377667396743222,0.10384949805339538,0.13294591102652337
17,0.04,0.0,0.000594138284213841,0.07377667396743222,0.10384949805339538,0.13294591102652337
17,0.05,0.0,0.0010490433778613806,0.07377667396743222,0.10384949805339538,0.13294591102652337
17,0.06,0.0,0.0012913297396153212,0.07377667396743222,0.10384949805339538,0.13294591102652337
17,0.07,0.0,0.0015400724951177835,0.07377667396743222,0.10384949805339538,0.13294591102652337
17,0.08,0.0,0.0017275719437748194,0.07377667396743222,0.10384949805339538,0.13294591102652337
17,0.09,0.0,0.0018096668645739555,0.07377667396743222,0.10384949805339538,0.13294591102652337
17,0.1,0.0,0.00214039976708591,0.07377667396743222,0.10384949805339538,0.13294591102652337
17,0.11,0.0,0.003567611798644066,0.07377667396743222,0.10384949805339538,0.13294591102652337
17,0.12,0.0,0.004045145586133003,0.07377667396743222,0.10384949805339538,0.13294591102652337
17,0.13,0.0,0.0042905015870928764,0.07377667396743222,0.10384949805339538,0.13294591102652337
17,0.14,0.05,0.004531248472630978,0.13597250454174112,0.17293512908887046,0.20672537900807
17,0.15,0.05,0.005239479709416628,0.13597250454174112,0.17293512908887046,0.20672537900807
17,0.16,0.05,0.005728463176637888,0.13597250454174112,0.17293512908887046,0.20672537900807
17,0.17,0.05,0.006034041754901409,0.13597250454174112,0.17293512908887046,0.20672537900807
17,0.18,0.05,0.0062010702677071095,0.13597250454174112,0.17293512908887046,0.20672537900807
17,0.19,0.05,0.006551624741405249,0.13597250454174112,0.17293512908887046,0.20672537900807
17,0.2,0.05,0.007801814470440149,0.13597250454174112,0.17293512908887046,0.20672537900807
17,0.21,0.05,0.008757303468883038,0.13597250454174112,0.17293512908887046,0.20672537900807
17,0.22,0.05,0.010327504016458988,0.13597250454174112,0.17293512908887046,0.20672537900807
17,0.23,0.05,0.01065397635102272,0.13597250454174112,0.17293512908887046,0.20672537900807
17,0.24,0.05,0.011141118593513966,0.13597250454174112,0.17293512908887046,0.20672537900807
17,0.25,0.05,0.012607571668922901,0.13597250454174112,0.17293512908887046,0.20672537900807
17,0.26,0.05,0.01324891485273838,0.13597250454174112,0.17293512908887046,0.20672537900807
17,0.27,0.05,0.013956747949123383,0.13597250454174112,0.17293512908887046,0.20672537900807
17,0.28,0.05,0.014356901869177818,0.13597250454174112,0.17293512908887046,0.20672537900807
17,0.29,0.05,0.01506445836275816,0.13597250454174112,0.17293512908887046,0.20672537900807
17,0.3,0.05,0.01587318815290928,0.13597250454174112,0.17293512908887046,0.20672537900807
17,0.31,0.05,0.01733889803290367,0.13597250454174112,0.17293512908887046,0.20672537900807
17,0.32,0.1,0.018793834373354912,0.19291110171454331,0.2340468316519054,0.2705516993045314
17,0.33,0.1,0.019570572301745415,0.19291110171454331,0.2340468316519054,0.2705516993045314
17,0.34,0.1,0.020948845893144608,0.19291110171454331,0.2340468316519054,0.2705516993045314
17,0.35,0.1,0.02301950752735138,0.19291110171454331,0.2340468316519054,0.2705516993045314
17,0.36,0.1,0.023667115718126297,0.19291110171454331,0.2340468316519054,0.2705516993045314
17,0.37,0.1,0.02480143867433071,0.19291110171454331,0.2340468316519054,0.2705516993045314
17,0.38,0.1,0.026292407885193825,0.19291110171454331,0.2340468316519054,0.2705516993045314
17,0.39,0.15,0.026836663484573364,0.24708720374865767,0.2910196824286248,0.32921101946255127
17,0.4,0.15,0.028633881360292435,0.24708720374865767,0.2910196824286248,0.32921101946255127
17,0.41,0.15,0.029893159866333008,0.24708720374865767,0.2910196824286248,0.32921101946255127
17,0.42,0.15,0.030802065506577492,0.24708720374865767,0.2910196824286248,0.32921101946255127
17,0.43,0.15,0.032695069909095764,0.24708720374865767,0.2910196824286248,0.32921101946255127
17,0.44,0.15,0.03369665890932083,0.24708720374865767,0.2910196824286248,0.32921101946255127
17,0.45,0.15,0.03624679893255234,0.24708720374865767,0.2910196824286248,0.32921101946255127
17,0.46,0.15,0.03827474266290665,0.24708720374865767,0.2910196824286248,0.32921101946255127
17,0.47,0.15,0.041132960468530655,0.24708720374865767,0.2910196824286248,0.32921101946255127
17,0.48,0.15,0.04785257577896118,0.24708720374865767,0.2910196824286248,0.32921101946255127
17,0.49,0.15,0.05179159715771675,0.24708720374865767,0.2910196824286248,0.32921101946255127
17,0.5,0.15,0.05635879561305046,0.24708720374865767,0.2910196824286248,0.32921101946255127
17,0.51,0.15,0.059870071709156036,0.24708720374865767,0.2910196824286248,0.32921101946255127
17,0.52,0.15,0.062226105481386185,0.24708720374865767,0.2910196824286248,0.32921101946255127
17,0.53,0.15,0.06771986931562424,0.24708720374865767,0.2910196824286248,0.32921101946255127
17,0.54,0.15,0.07764296233654022,0.24708720374865767,0.2910196824286248,0.32921101946255127
17,0.55,0.15,0.08498705178499222,0.24708720374865767,0.2910196824286248,0.32921101946255127
17,0.56,0.15,0.09389203041791916,0.24708720374865767,0.2910196824286248,0.32921101946255127
17,0.57,0.15,0.10288220643997192,0.24708720374865767,0.2910196824286248,0.32921101946255127
17,0.58,0.15,0.10967632383108139,0.24708720374865767,0.2910196824286248,0.32921101946255127
17,0.59,0.15,0.11725747585296631,0.24708720374865767,0.2910196824286248,0.32921101946255127
17,0.6,0.2,0.13128381967544556,0.29941070569564804,0.34522352231076564,0.38440810762765826
17,0.61,0.2,0.1438598781824112,0.29941070569564804,0.34522352231076564,0.38440810762765826
17,0.62,0.2,0.15757562220096588,0.29941070569564804,0.34522352231076564,0.38440810762765826
17,0.63,0.25,0.16835591197013855,0.3503284300153504,0.397327457307703,0.43697631603126574
17,0.64,0.25,0.18341736495494843,0.3503284300153504,0.397327457307703,0.43697631603126574
17,0.65,0.3,0.202769473195076,0.4000941914309536,0.44771091534909746,0.4873887916988694
17,0.66,0.3,0.23051734268665314,0.4000941914309536,0.44771091534909746,0.4873887916988694
17,0.67,0.3,0.26058250665664673,0.4000941914309536,0.44771091534909746,0.4873887916988694
17,0.68,0.3,0.28127729892730713,0.4000941914309536,0.44771091534909746,0.4873887916988694
17,0.69,0.3,0.3044286370277405,0.4000941914309536,0.44771091534909746,0.4873887916988694
17,0.7,0.3,0.3394733965396881,0.4000941914309536,0.44771091534909746,0.4873887916988694
17,0.71,0.3,0.3886168599128723,0.4000941914309536,0.44771091534909746,0.4873887916988694
17,0.72,0.35,0.416726678609848,0.4488635900197106,0.4966064390284585,0.5359359076092924
17,0.73,0.35,0.4662777781486511,0.4488635900197106,0.4966064390284585,0.5359359076092924
17,0.74,0.35,0.4910089373588562,0.4488635900197106,0.4966064390284585,0.5359359076092924
17,0.75,0.35,0.5265863537788391,0.4488635900197106,0.4966064390284585,0.5359359076092924
17,0.76,0.35,0.5768940448760986,0.4488635900197106,0.4966064390284585,0.5359359076092924
17,0.77,0.35,0.6127638220787048,0.4488635900197106,0.4966064390284585,0.5359359076092924
17,0.78,0.35,0.6550465822219849,0.4488635900197106,0.4966064390284585,0.5359359076092924
17,0.79,0.35,0.6805554628372192,0.4488635900197106,0.4966064390284585,0.5359359076092924
17,0.8,0.45,0.7311084866523743,0.5437683618457217,0.5904649466219459,0.6280988629187549
17,0.81,0.5,0.7558954954147339,0.5899971965670565,0.6355683980925522,0.6718912848986434
17,0.82,0.65,0.8125938177108765,0.7238487862894507,0.7636755543102494,0.7942501012493469
17,0.83,0.65,0.8504689931869507,0.7238487862894507,0.7636755543102494,0.7942501012493469
17,0.84,0.65,0.8720455169677734,0.7238487862894507,0.7636755543102494,0.7942501012493469
17,0.85,0.7,0.8922885060310364,0.7667355015876396,0.8038061116670614,0.8318241766085034
18,0.01,0.0,0.0002293821598868817,0.07377667396743222,0.10384949805339538,0.13294591102652337
18,0.02,0.0,0.00037673511542379856,0.07377667396743222,0.10384949805339538,0.13294591102652337
18,0.03,0.0,0.00046711610048078,0.07377667396743222,0.10384949805339538,0.13294591102652337
18,0.04,0.0,0.000594138284213841,0.07377667396743222,0.10384949805339538,0.13294591102652337
18,0.05,0.0,0.0010490433778613806,0.07377667396743222,0.10384949805339538,0.13294591102652337
18,0.06,0.0,0.0012913297396153212,0.07377667396743222,0.10384949805339538,0.13294591102652337
18,0.07,0.0,0.0015400724951177835,0.07377667396743222,0.10384949805339538,0.13294591102652337
18,0.08,0.0,0.0017275719437748194,0.07377667396743222,0.10384949805339538,0.13294591102652337
18,0.09,0.0,0.0018096668645739555,0.07377667396743222,0.10384949805339538,0.13294591102652337
18,0.1,0.0,0.00214039976708591,0.07377667396743222,0.10384949805339538,0.13294591102652337
18,0.11,0.0,0.003567611798644066,0.07377667396743222,0.10384949805339538,0.13294591102652337
18,0.12,0.0,0.004045145586133003,0.07377667396743222,0.10384949805339538,0.13294591102652337
18,0.13,0.0,0.0042905015870928764,0.07377667396743222,0.10384949805339538,0.13294591102652337
18,0.14,0.05,0.004531248472630978,0.13597250454174112,0.17293512908887046,0.20672537900807
18,0.15,0.05,0.005239479709416628,0.13597250454174112,0.17293512908887046,0.20672537900807
18,0.16,0.05,0.005728463176637888,0.13597250454174112,0.17293512908887046,0.20672537900807
18,0.17,0.05,0.006034041754901409,0.13597250454174112,0.17293512908887046,0.20672537900807
18,0.18,0.05,0.0062010702677071095,0.13597250454174112,0.17293512908887046,0.20672537900807
18,0.19,0.05,0.006551624741405249,0.13597250454174112,0.17293512908887046,0.20672537900807
18,0.2,0.05,0.007801814470440149,0.13597250454174112,0.17293512908887046,0.20672537900807
18,0.21,0.05,0.008757303468883038,0.13597250454174112,0.17293512908887046,0.20672537900807
18,0.22,0.05,0.010327504016458988,0.13597250454174112,0.17293512908887046,0.20672537900807
18,0.23,0.05,0.01065397635102272,0.13597250454174112,0.17293512908887046,0.20672537900807
18,0.24,0.05,0.011141118593513966,0.13597250454174112,0.17293512908887046,0.20672537900807
18,0.25,0.05,0.012607571668922901,0.13597250454174112,0.17293512908887046,0.20672537900807
18,0.26,0.05,0.01324891485273838,0.13597250454174112,0.17293512908887046,0.20672537900807
18,0.27,0.05,0.013956747949123383,0.13597250454174112,0.17293512908887046,0.20672537900807
18,0.28,0.05,0.014356901869177818,0.13597250454174112,0.17293512908887046,0.20672537900807
18,0.29,0.05,0.01506445836275816,0.13597250454174112,0.17293512908887046,0.20672537900807
18,0.3,0.05,0.01587318815290928,0.13597250454174112,0.17293512908887046,0.20672537900807
18,0.31,0.05,0.01733889803290367,0.13597250454174112,0.17293512908887046,0.20672537900807
18,0.32,0.1,0.018793834373354912,0.19291110171454331,0.2340468316519054,0.2705516993045314
18,0.33,0.1,0.019570572301745415,0.19291110171454331,0.2340468316519054,0.2705516993045314
18,0.34,0.1,0.020948845893144608,0.19291110171454331,0.2340468316519054,0.2705516993045314
18,0.35,0.1,0.02301950752735138,0.19291110171454331,0.2340468316519054,0.2705516993045314
18,0.36,0.1,0.023667115718126297,0.19291110171454331,0.2340468316519054,0.2705516993045314
18,0.37,0.1,0.02480143867433071,0.19291110171454331,0.2340468316519054,0.2705516993045314
18,0.38,0.1,0.026292407885193825,0.19291110171454331,0.2340468316519054,0.2705516993045314
18,0.39,0.15,0.026836663484573364,0.24708720374865767,0.2910196824286248,0.32921101946255127
18,0.4,0.15,0.028633881360292435,0.24708720374865767,0.2910196824286248,0.32921101946255127
18,0.41,0.15,0.029893159866333008,0.24708720374865767,0.2910196824286248,0.32921101946255127
18,0.42,0.15,0.030802065506577492,0.24708720374865767,0.2910196824286248,0.32921101946255127
18,0.43,0.15,0.032695069909095764,0.24708720374865767,0.2910196824286248,0.32921101946255127
18,0.44,0.15,0.03369665890932083,0.24708720374865767,0.2910196824286248,0.32921101946255127
18,0.45,0.15,0.03624679893255234,0.24708720374865767,0.2910196824286248,0.32921101946255127
18,0.46,0.15,0.03827474266290665,0.24708720374865767,0.2910196824286248,0.32921101946255127
18,0.47,0.15,0.041132960468530655,0.24708720374865767,0.2910196824286248,0.32921101946255127
18,0.48,0.15,0.04785257577896118,0.24708720374865767,0.2910196824286248,0.32921101946255127
18,0.49,0.15,0.05179159715771675,0.24708720374865767,0.2910196824286248,0.32921101946255127
18,0.5,0.15,0.05635879561305046,0.24708720374865767,0.2910196824286248,0.32921101946255127
18,0.51,0.15,0.059870071709156036,0.24708720374865767,0.2910196824286248,0.32921101946255127
18,0.52,0.15,0.062226105481386185,0.24708720374865767,0.2910196824286248,0.32921101946255127
18,0.53,0.15,0.06771986931562424,0.24708720374865767,0.2910196824286248,0.32921101946255127
18,0.54,0.15,0.07764296233654022,0.24708720374865767,0.2910196824286248,0.32921101946255127
18,0.55,0.15,0.08498705178499222,0.24708720374865767,0.2910196824286248,0.32921101946255127
18,0.56,0.15,0.09389203041791916,0.24708720374865767,0.2910196824286248,0.32921101946255127
18,0.57,0.15,0.10288220643997192,0.24708720374865767,0.2910196824286248,0.32921101946255127
18,0.58,0.15,0.10967632383108139,0.24708720374865767,0.2910196824286248,0.32921101946255127
18,0.59,0.15,0.11725747585296631,0.24708720374865767,0.2910196824286248,0.32921101946255127
18,0.6,0.2,0.13128381967544556,0.29941070569564804,0.34522352231076564,0.38440810762765826
18,0.61,0.2,0.1438598781824112,0.29941070569564804,0.34522352231076564,0.38440810762765826
18,0.62,0.2,0.15757562220096588,0.29941070569564804,0.34522352231076564,0.38440810762765826
18,0.63,0.25,0.16835591197013855,0.3503284300153504,0.397327457307703,0.43697631603126574
18,0.64,0.25,0.18341736495494843,0.3503284300153504,0.397327457307703,0.43697631603126574
18,0.65,0.3,0.202769473195076,0.4000941914309536,0.44771091534909746,0.4873887916988694
18,0.66,0.3,0.23051734268665314,0.4000941914309536,0.44771091534909746,0.4873887916988694
18,0.67,0.3,0.26058250665664673,0.4000941914309536,0.44771091534909746,0.4873887916988694
18,0.68,0.3,0.28127729892730713,0.4000941914309536,0.44771091534909746,0.4873887916988694
18,0.69,0.3,0.3044286370277405,0.4000941914309536,0.44771091534909746,0.4873887916988694
18,0.7,0.3,0.3394733965396881,0.4000941914309536,0.44771091534909746,0.4873887916988694
18,0.71,0.3,0.3886168599128723,0.4000941914309536,0.44771091534909746,0.4873887916988694
18,0.72,0.35,0.416726678609848,0.4488635900197106,0.4966064390284585,0.5359359076092924
18,0.73,0.35,0.4662777781486511,0.4488635900197106,0.4966064390284585,0.5359359076092924
18,0.74,0.35,0.4910089373588562,0.4488635900197106,0.4966064390284585,0.5359359076092924
18,0.75,0.35,0.5265863537788391,0.4488635900197106,0.4966064390284585,0.5359359076092924
18,0.76,0.35,0.5768940448760986,0.4488635900197106,0.4966064390284585,0.5359359076092924
18,0.77,0.35,0.6127638220787048,0.4488635900197106,0.4966064390284585,0.5359359076092924
18,0.78,0.35,0.6550465822219849,0.4488635900197106,0.4966064390284585,0.5359359076092924
18,0.79,0.35,0.6805554628372192,0.4488635900197106,0.4966064390284585,0.5359359076092924
18,0.8,0.45,0.7311084866523743,0.5437683618457217,0.5904649466219459,0.6280988629187549
18,0.81,0.5,0.7558954954147339,0.5899971965670565,0.6355683980925522,0.6718912848986434
18,0.82,0.65,0.8125938177108765,0.7238487862894507,0.7636755543102494,0.7942501012493469
18,0.83,0.65,0.8504689931869507,0.7238487862894507,0.7636755543102494,0.7942501012493469
18,0.84,0.65,0.8720455169677734,0.7238487862894507,0.7636755543102494,0.7942501012493469
18,0.85,0.7,0.8922885060310364,0.7667355015876396,0.8038061116670614,0.8318241766085034
19,0.01,0.0,0.0002293821598868817,0.07377667396743222,0.10384949805339538,0.13294591102652337
19,0.02,0.0,0.00037673511542379856,0.07377667396743222,0.10384949805339538,0.13294591102652337
19,0.03,0.0,0.00046711610048078,0.07377667396743222,0.10384949805339538,0.13294591102652337
19,0.04,0.0,0.000594138284213841,0.07377667396743222,0.10384949805339538,0.13294591102652337
19,0.05,0.0,0.0010490433778613806,0.07377667396743222,0.10384949805339538,0.13294591102652337
19,0.06,0.0,0.0012913297396153212,0.07377667396743222,0.10384949805339538,0.13294591102652337
19,0.07,0.0,0.0015400724951177835,0.07377667396743222,0.10384949805339538,0.13294591102652337
19,0.08,0.0,0.0017275719437748194,0.07377667396743222,0.10384949805339538,0.13294591102652337
19,0.09,0.0,0.0018096668645739555,0.07377667396743222,0.10384949805339538,0.13294591102652337
19,0.1,0.0,0.00214039976708591,0.07377667396743222,0.10384949805339538,0.13294591102652337
19,0.11,0.0,0.003567611798644066,0.07377667396743222,0.10384949805339538,0.13294591102652337
19,0.12,0.0,0.004045145586133003,0.07377667396743222,0.10384949805339538,0.13294591102652337
19,0.13,0.0,0.0042905015870928764,0.07377667396743222,0.10384949805339538,0.13294591102652337
19,0.14,0.05,0.004531248472630978,0.13597250454174112,0.17293512908887046,0.20672537900807
19,0.15,0.05,0.005239479709416628,0.13597250454174112,0.17293512908887046,0.20672537900807
19,0.16,0.05,0.005728463176637888,0.13597250454174112,0.17293512908887046,0.20672537900807
19,0.17,0.05,0.006034041754901409,0.13597250454174112,0.17293512908887046,0.20672537900807
19,0.18,0.05,0.0062010702677071095,0.13597250454174112,0.17293512908887046,0.20672537900807
19,0.19,0.05,0.006551624741405249,0.13597250454174112,0.17293512908887046,0.20672537900807
19,0.2,0.05,0.007801814470440149,0.13597250454174112,0.17293512908887046,0.20672537900807
19,0.21,0.05,0.008757303468883038,0.13597250454174112,0.17293512908887046,0.20672537900807
19,0.22,0.05,0.010327504016458988,0.13597250454174112,0.17293512908887046,0.20672537900807
19,0.23,0.05,0.01065397635102272,0.13597250454174112,0.17293512908887046,0.20672537900807
19,0.24,0.05,0.011141118593513966,0.13597250454174112,0.17293512908887046,0.20672537900807
19,0.25,0.05,0.012607571668922901,0.13597250454174112,0.17293512908887046,0.20672537900807
19,0.26,0.05,0.01324891485273838,0.13597250454174112,0.17293512908887046,0.20672537900807
19,0.27,0.05,0.013956747949123383,0.13597250454174112,0.17293512908887046,0.20672537900807
19,0.28,0.05,0.014356901869177818,0.13597250454174112,0.17293512908887046,0.20672537900807
19,0.29,0.05,0.01506445836275816,0.13597250454174112,0.17293512908887046,0.20672537900807
19,0.3,0.05,0.01587318815290928,0.13597250454174112,0.17293512908887046,0.20672537900807
19,0.31,0.05,0.01733889803290367,0.13597250454174112,0.17293512908887046,0.20672537900807
19,0.32,0.1,0.018793834373354912,0.19291110171454331,0.2340468316519054,0.2705516993045314
19,0.33,0.1,0.019570572301745415,0.19291110171454331,0.2340468316519054,0.2705516993045314
19,0.34,0.1,0.020948845893144608,0.19291110171454331,0.2340468316519054,0.2705516993045314
19,0.35,0.1,0.02301950752735138,0.19291110171454331,0.2340468316519054,0.2705516993045314
19,0.36,0.1,0.023667115718126297,0.19291110171454331,0.2340468316519054,0.2705516993045314
19,0.37,0.1,0.02480143867433071,0.19291110171454331,0.2340468316519054,0.2705516993045314
19,0.38,0.1,0.026292407885193825,0.19291110171454331,0.2340468316519054,0.2705516993045314
19,0.39,0.15,0.026836663484573364,0.24708720374865767,0.2910196824286248,0.32921101946255127
19,0.4,0.15,0.028633881360292435,0.24708720374865767,0.2910196824286248,0.32921101946255127
19,0.41,0.15,0.029893159866333008,0.24708720374865767,0.2910196824286248,0.32921101946255127
19,0.42,0.15,0.030802065506577492,0.24708720374865767,0.2910196824286248,0.32921101946255127
19,0.43,0.15,0.032695069909095764,0.24708720374865767,0.2910196824286248,0.32921101946255127
19,0.44,0.15,0.03369665890932083,0.24708720374865767,0.2910196824286248,0.32921101946255127
19,0.45,0.15,0.03624679893255234,0.24708720374865767,0.2910196824286248,0.32921101946255127
19,0.46,0.15,0.03827474266290665,0.24708720374865767,0.2910196824286248,0.32921101946255127
19,0.47,0.15,0.041132960468530655,0.24708720374865767,0.2910196824286248,0.32921101946255127
19,0.48,0.15,0.04785257577896118,0.24708720374865767,0.2910196824286248,0.32921101946255127
19,0.49,0.15,0.05179159715771675,0.24708720374865767,0.2910196824286248,0.32921101946255127
19,0.5,0.15,0.05635879561305046,0.24708720374865767,0.2910196824286248,0.32921101946255127
19,0.51,0.15,0.059870071709156036,0.24708720374865767,0.2910196824286248,0.32921101946255127
19,0.52,0.15,0.062226105481386185,0.24708720374865767,0.2910196824286248,0.32921101946255127
19,0.53,0.15,0.06771986931562424,0.24708720374865767,0.2910196824286248,0.32921101946255127
19,0.54,0.15,0.07764296233654022,0.24708720374865767,0.2910196824286248,0.32921101946255127
19,0.55,0.15,0.08498705178499222,0.24708720374865767,0.2910196824286248,0.32921101946255127
19,0.56,0.15,0.09389203041791916,0.24708720374865767,0.2910196824286248,0.32921101946255127
19,0.57,0.15,0.10288220643997192,0.24708720374865767,0.2910196824286248,0.32921101946255127
19,0.58,0.15,0.10967632383108139,0.24708720374865767,0.2910196824286248,0.32921101946255127
19,0.59,0.15,0.11725747585296631,0.24708720374865767,0.2910196824286248,0.32921101946255127
19,0.6,0.2,0.13128381967544556,0.29941070569564804,0.34522352231076564,0.38440810762765826
19,0.61,0.2,0.1438598781824112,0.29941070569564804,0.34522352231076564,0.38440810762765826
19,0.62,0.2,0.15757562220096588,0.29941070569564804,0.34522352231076564,0.38440810762765826
19,0.63,0.25,0.16835591197013855,0.3503284300153504,0.397327457307703,0.43697631603126574
19,0.64,0.25,0.18341736495494843,0.3503284300153504,0.397327457307703,0.43697631603126574
19,0.65,0.3,0.202769473195076,0.4000941914309536,0.44771091534909746,0.4873887916988694
19,0.66,0.3,0.23051734268665314,0.4000941914309536,0.44771091534909746,0.4873887916988694
19,0.67,0.3,0.26058250665664673,0.4000941914309536,0.44771091534909746,0.4873887916988694
19,0.68,0.3,0.28127729892730713,0.4000941914309536,0.44771091534909746,0.4873887916988694
19,0.69,0.3,0.3044286370277405,0.4000941914309536,0.44771091534909746,0.4873887916988694
19,0.7,0.3,0.3394733965396881,0.4000941914309536,0.44771091534909746,0.4873887916988694
19,0.71,0.3,0.3886168599128723,0.4000941914309536,0.44771091534909746,0.4873887916988694
19,0.72,0.35,0.416726678609848,0.4488635900197106,0.4966064390284585,0.5359359076092924
19,0.73,0.35,0.4662777781486511,0.4488635900197106,0.4966064390284585,0.5359359076092924
19,0.74,0.35,0.4910089373588562,0.4488635900197106,0.4966064390284585,0.5359359076092924
19,0.75,0.35,0.5265863537788391,0.4488635900197106,0.4966064390284585,0.5359359076092924
19,0.76,0.35,0.5768940448760986,0.4488635900197106,0.4966064390284585,0.5359359076092924
19,0.77,0.35,0.6127638220787048,0.4488635900197106,0.4966064390284585,0.5359359076092924
19,0.78,0.35,0.6550465822219849,0.4488635900197106,0.4966064390284585,0.5359359076092924
19,0.79,0.35,0.6805554628372192,0.4488635900197106,0.4966064390284585,0.5359359076092924
19,0.8,0.45,0.7311084866523743,0.5437683618457217,0.5904649466219459,0.6280988629187549
19,0.81,0.5,0.7558954954147339,0.5899971965670565,0.6355683980925522,0.6718912848986434
19,0.82,0.65,0.8125938177108765,0.7238487862894507,0.7636755543102494,0.7942501012493469
19,0.83,0.65,0.8504689931869507,0.7238487862894507,0.7636755543102494,0.7942501012493469
19,0.84,0.65,0.8720455169677734,0.7238487862894507,0.7636755543102494,0.7942501012493469
19,0.85,0.7,0.8922885060310364,0.7667355015876396,0.8038061116670614,0.8318241766085034
