t_up,t_down,sample_count,coverage,precision_up,precision_down,balanced_precision,all_sample_accuracy,accepted_sample_accuracy,share_up_predictions,share_down_predictions,selected_t_up,selected_t_down,accepted_count,up_prediction_count,down_prediction_count,roc_auc,brier_score,log_loss,utility,downside_risk,selection_score,up_signal_count,down_signal_count,total_signal_count,signal_coverage,overall_signal_accuracy,continuation_sample_count,continuation_coverage,continuation_accepted_accuracy,continuation_accepted_count,reversal_sample_count,reversal_coverage,reversal_accepted_accuracy,reversal_accepted_count,constraint_satisfied,objective,hard_constraint
0.5,0.05,7433.0,0.5441948069420154,0.5597033374536465,0.0,0.27985166872682327,0.548903538275259,0.5597033374536465,1.0,0.0,0.5,0.05,4045.0,4045.0,0.0,0.5710453662723802,0.24523751849858738,0.6834452102990449,0.06498049239876234,0.4894968409209875,0.13274956438227806,4045.0,0.0,4045.0,0.5441948069420154,0.5597033374536465,4801.0,0.5473859612580713,0.6095890410958904,2628.0,2632.0,0.5383738601823708,0.4671841919548342,1417.0,,,
0.5,0.07,7433.0,0.5441948069420154,0.5597033374536465,0.0,0.27985166872682327,0.548903538275259,0.5597033374536465,1.0,0.0,0.5,0.07,4045.0,4045.0,0.0,0.5710453662723802,0.24523751849858738,0.6834452102990449,0.06498049239876234,0.4894968409209875,0.13274956438227806,4045.0,0.0,4045.0,0.5441948069420154,0.5597033374536465,4801.0,0.5473859612580713,0.6095890410958904,2628.0,2632.0,0.5383738601823708,0.4671841919548342,1417.0,,,
0.5,0.09,7433.0,0.5441948069420154,0.5597033374536465,0.0,0.27985166872682327,0.548903538275259,0.5597033374536465,1.0,0.0,0.5,0.09,4045.0,4045.0,0.0,0.5710453662723802,0.24523751849858738,0.6834452102990449,0.06498049239876234,0.4894968409209875,0.13274956438227806,4045.0,0.0,4045.0,0.5441948069420154,0.5597033374536465,4801.0,0.5473859612580713,0.6095890410958904,2628.0,2632.0,0.5383738601823708,0.4671841919548342,1417.0,,,
0.5,0.11,7433.0,0.5441948069420154,0.5597033374536465,0.0,0.27985166872682327,0.548903538275259,0.5597033374536465,1.0,0.0,0.5,0.11,4045.0,4045.0,0.0,0.5710453662723802,0.24523751849858738,0.6834452102990449,0.06498049239876234,0.4894968409209875,0.13274956438227806,4045.0,0.0,4045.0,0.5441948069420154,0.5597033374536465,4801.0,0.5473859612580713,0.6095890410958904,2628.0,2632.0,0.5383738601823708,0.4671841919548342,1417.0,,,
0.5,0.13,7433.0,0.5441948069420154,0.5597033374536465,0.0,0.27985166872682327,0.548903538275259,0.5597033374536465,1.0,0.0,0.5,0.13,4045.0,4045.0,0.0,0.5710453662723802,0.24523751849858738,0.6834452102990449,0.06498049239876234,0.4894968409209875,0.13274956438227806,4045.0,0.0,4045.0,0.5441948069420154,0.5597033374536465,4801.0,0.5473859612580713,0.6095890410958904,2628.0,2632.0,0.5383738601823708,0.4671841919548342,1417.0,,,
0.5,0.15,7433.0,0.5441948069420154,0.5597033374536465,0.0,0.27985166872682327,0.548903538275259,0.5597033374536465,1.0,0.0,0.5,0.15,4045.0,4045.0,0.0,0.5710453662723802,0.24523751849858738,0.6834452102990449,0.06498049239876234,0.4894968409209875,0.13274956438227806,4045.0,0.0,4045.0,0.5441948069420154,0.5597033374536465,4801.0,0.5473859612580713,0.6095890410958904,2628.0,2632.0,0.5383738601823708,0.4671841919548342,1417.0,,,
0.5,0.17,7433.0,0.5441948069420154,0.5597033374536465,0.0,0.27985166872682327,0.548903538275259,0.5597033374536465,1.0,0.0,0.5,0.17,4045.0,4045.0,0.0,0.5710453662723802,0.24523751849858738,0.6834452102990449,0.06498049239876234,0.4894968409209875,0.13274956438227806,4045.0,0.0,4045.0,0.5441948069420154,0.5597033374536465,4801.0,0.5473859612580713,0.6095890410958904,2628.0,2632.0,0.5383738601823708,0.4671841919548342,1417.0,,,
0.5,0.19,7433.0,0.5443293421229651,0.5597033374536465,1.0,0.7798516687268233,0.548903538275259,0.5598121601581809,0.9997528423133959,0.00024715768660405336,0.5,0.19,4046.0,4045.0,1.0,0.5710453662723802,0.24523751849858738,0.6834452102990449,0.06511502757971209,0.4894968409209875,0.13302440820087474,4045.0,1.0,4046.0,0.5443293421229651,0.5598121601581809,4801.0,0.5473859612580713,0.6095890410958904,2628.0,2632.0,0.5387537993920972,0.4675599435825106,1418.0,,,
0.5,0.21,7433.0,0.5443293421229651,0.5597033374536465,1.0,0.7798516687268233,0.548903538275259,0.5598121601581809,0.9997528423133959,0.00024715768660405336,0.5,0.21,4046.0,4045.0,1.0,0.5710453662723802,0.24523751849858738,0.6834452102990449,0.06511502757971209,0.4894968409209875,0.13302440820087474,4045.0,1.0,4046.0,0.5443293421229651,0.5598121601581809,4801.0,0.5473859612580713,0.6095890410958904,2628.0,2632.0,0.5387537993920972,0.4675599435825106,1418.0,,,
0.5,0.23,7433.0,0.544463877303915,0.5597033374536465,1.0,0.7798516687268233,0.548903538275259,0.5599209290832715,0.9995058067704472,0.0004941932295527551,0.5,0.23,4047.0,4045.0,2.0,0.5710453662723802,0.24523751849858738,0.6834452102990449,0.06524956276066186,0.48949684092098755,0.1332992520194715,4045.0,2.0,4047.0,0.544463877303915,0.5599209290832715,4801.0,0.5475942511976671,0.6097375427919361,2629.0,2632.0,0.5387537993920972,0.4675599435825106,1418.0,,,
0.5,0.25,7433.0,0.5448674828467645,0.5597033374536465,0.8,0.6798516687268232,0.548903538275259,0.56,0.9987654320987654,0.0012345679012345679,0.5,0.25,4050.0,4045.0,5.0,0.5710453662723802,0.24523751849858738,0.6834452102990449,0.06538409794161179,0.4896342435457066,0.13353661187610194,4045.0,5.0,4050.0,0.5448674828467645,0.56,4801.0,0.548010831076859,0.6100342075256556,2631.0,2632.0,0.5391337386018237,0.46723044397463004,1419.0,,,
0.5,0.27,7433.0,0.5458092291134131,0.5597033374536465,0.6666666666666666,0.6131850020601566,0.548903538275259,0.5600197190041903,0.9970421493714567,0.0029578506285432584,0.5,0.27,4057.0,4045.0,12.0,0.5710453662723802,0.24523751849858738,0.6834452102990449,0.0655186331225616,0.4900462202644009,0.13369888474440533,4045.0,12.0,4057.0,0.5458092291134131,0.5600197190041903,4801.0,0.5486357008956467,0.6104783599088838,2634.0,2632.0,0.5406534954407295,0.46661981728742097,1423.0,,,
0.5,0.29,7433.0,0.5470200457419615,0.5597033374536465,0.7142857142857143,0.6369945258696804,0.548903538275259,0.5605017215937039,0.9948352188883424,0.005164781111657649,0.5,0.29,4066.0,4045.0,21.0,0.5710453662723802,0.24523751849858738,0.6834452102990449,0.06619130902731069,0.4903206791043239,0.13499595641820233,4045.0,21.0,4066.0,0.5470200457419615,0.5605017215937039,4801.0,0.5498854405332222,0.6113636363636363,2640.0,2632.0,0.5417933130699089,0.46633941093969145,1426.0,,,
0.5,0.31,7433.0,0.5493071438181084,0.5597033374536465,0.7105263157894737,0.63511482662156,0.548903538275259,0.5611070291452364,0.9906931178055352,0.009306882194464855,0.5,0.31,4083.0,4045.0,38.0,0.5710453662723802,0.24523751849858738,0.6834452102990449,0.06713305529395938,0.49100615501445044,0.13672548624565337,4045.0,38.0,4083.0,0.5493071438181084,0.5611070291452364,4801.0,0.5523849198083732,0.6127450980392157,2652.0,2632.0,0.543693009118541,0.46540880503144655,1431.0,,,
0.5,0.33,7433.0,0.5528050585228037,0.5597033374536465,0.765625,0.6626641687268233,0.548903538275259,0.5629106838646872,0.9844244341688976,0.015575565831102457,0.5,0.33,4109.0,4045.0,64.0,0.5710453662723802,0.24523751849858738,0.6834452102990449,0.06955468855105605,0.4915538474937144,0.1414996320457963,4045.0,64.0,4109.0,0.5528050585228037,0.5629106838646872,4801.0,0.5573838783586753,0.6150971599402093,2676.0,2632.0,0.5444528875379939,0.46545708304256805,1433.0,,,
0.5,0.35,7433.0,0.5615498452845419,0.5597033374536465,0.751937984496124,0.6558206609748853,0.548903538275259,0.565644465740297,0.9690943938667944,0.03090560613320556,0.5,0.35,4174.0,4045.0,129.0,0.5710453662723802,0.24523751849858738,0.6834452102990449,0.07372527916050041,0.4938747645527363,0.14927930004131232,4045.0,129.0,4174.0,0.5615498452845419,0.565644465740297,4801.0,0.5673817954592794,0.617474302496329,2724.0,2632.0,0.5509118541033434,0.46827586206896554,1450.0,,,
0.5,0.37,7433.0,0.5705637024081798,0.5597033374536465,0.6989795918367347,0.6293414646451907,0.548903538275259,0.5661400613062957,0.9537844847913228,0.0462155152086772,0.5,0.37,4241.0,4045.0,196.0,0.5710453662723802,0.24523751849858738,0.6834452102990449,0.07547423651284811,0.4975386748260539,0.1516952155312045,4045.0,196.0,4241.0,0.5705637024081798,0.5661400613062957,4801.0,0.5765465528014997,0.618135838150289,2768.0,2632.0,0.5596504559270516,0.4684317718940937,1473.0,,,
0.5,0.39,7433.0,0.5837481501412619,0.5597033374536465,0.6938775510204082,0.6267904442370273,0.548903538275259,0.5687946531458862,0.9322424521779212,0.06775754782207882,0.5,0.39,4339.0,4045.0,294.0,0.5710453662723802,0.24523751849858738,0.6834452102990449,0.0803175030270416,0.5017123912732375,0.16008674376810417,4045.0,294.0,4339.0,0.5837481501412619,0.5687946531458862,4801.0,0.5900853988752344,0.6201906106600776,2833.0,2632.0,0.5721884498480243,0.4721115537848606,1506.0,,,
0.5,0.41,7433.0,0.602179469931387,0.5597033374536465,0.665893271461717,0.6127983044576817,0.548903538275259,0.569928507596068,0.9037086684539768,0.09629133154602323,0.5,0.41,4476.0,4045.0,431.0,0.5710453662723802,0.24523751849858738,0.6834452102990449,0.08421902327458633,0.508900995605629,0.16549196012941497,4045.0,431.0,4476.0,0.602179469931387,0.569928507596068,4801.0,0.608414913559675,0.6199931530297843,2921.0,2632.0,0.59080547112462,0.4758842443729904,1555.0,,,
0.5,0.43,7433.0,0.6337952374545944,0.5597033374536465,0.6396396396396397,0.5996714885466431,0.548903538275259,0.5710040331139885,0.8586287412438972,0.14137125875610274,0.5,0.43,4711.0,4045.0,666.0,0.5710453662723802,0.24523751849858738,0.6834452102990449,0.09000403605542846,0.5214360945500254,0.17260798973476832,4045.0,666.0,4711.0,0.6337952374545944,0.5710040331139885,4801.0,0.6390335346802749,0.621903520208605,3068.0,2632.0,0.6242401215805471,0.4759586122945831,1643.0,,,
0.5,0.45,7433.0,0.6776537064442352,0.5597033374536465,0.6108870967741935,0.5852952171139201,0.548903538275259,0.5697836013500099,0.803057375421878,0.1969426245781219,0.5,0.45,5037.0,4045.0,992.0,0.5710453662723802,0.24523751849858738,0.6834452102990449,0.09457823220772234,0.5399423461058194,0.17516357605555657,4045.0,992.0,5037.0,0.6776537064442352,0.5697836013500099,4801.0,0.6802749427202666,0.617881200244948,3266.0,2632.0,0.6728723404255319,0.4810841332580463,1771.0,,,
0.5,0.47,7433.0,0.7743845015471545,0.5597033374536465,0.5797779076563413,0.5697406225549939,0.548903538275259,0.5656706045865184,0.7027449617790132,0.2972550382209868,0.5,0.47,5756.0,4045.0,1711.0,0.5710453662723802,0.24523751849858738,0.6834452102990449,0.10170859679806268,0.5799465082010116,0.17537582407998586,4045.0,1711.0,5756.0,0.7743845015471545,0.5656706045865184,4801.0,0.7748385752968132,0.6069892473118279,3720.0,2632.0,0.7735562310030395,0.4901768172888016,2036.0,True,accepted_sample_accuracy,coverage_only
0.5,0.49,7433.0,0.9176644692587111,0.5597033374536465,0.5471902017291066,0.5534467695913765,0.548903538275259,0.5546107608855007,0.5930215510922152,0.4069784489077848,0.5,0.49,6821.0,4045.0,2776.0,0.5710453662723802,0.24523751849858738,0.6834452102990449,0.10022870980761468,0.6393104720912588,0.15677626784331397,4045.0,2776.0,6821.0,0.9176644692587111,0.5546107608855007,4801.0,0.9179337637992085,0.5856591785795325,4407.0,2632.0,0.9171732522796353,0.4979287489643745,2414.0,,,
0.52,0.05,7433.0,0.335530741288847,0.5761828388131516,0.0,0.2880914194065758,0.548903538275259,0.5761828388131516,1.0,0.0,0.52,0.05,2494.0,2494.0,0.0,0.5710453662723802,0.24523751849858738,0.6834452102990449,0.05112336876093099,0.37709904039119224,0.1355701375105516,2494.0,0.0,2494.0,0.335530741288847,0.5761828388131516,4801.0,0.34326182045407205,0.6438106796116505,1648.0,2632.0,0.32142857142857145,0.4444444444444444,846.0,,,
0.52,0.07,7433.0,0.335530741288847,0.5761828388131516,0.0,0.2880914194065758,0.548903538275259,0.5761828388131516,1.0,0.0,0.52,0.07,2494.0,2494.0,0.0,0.5710453662723802,0.24523751849858738,0.6834452102990449,0.05112336876093099,0.37709904039119224,0.1355701375105516,2494.0,0.0,2494.0,0.335530741288847,0.5761828388131516,4801.0,0.34326182045407205,0.6438106796116505,1648.0,2632.0,0.32142857142857145,0.4444444444444444,846.0,,,
0.52,0.09,7433.0,0.335530741288847,0.5761828388131516,0.0,0.2880914194065758,0.548903538275259,0.5761828388131516,1.0,0.0,0.52,0.09,2494.0,2494.0,0.0,0.5710453662723802,0.24523751849858738,0.6834452102990449,0.05112336876093099,0.37709904039119224,0.1355701375105516,2494.0,0.0,2494.0,0.335530741288847,0.5761828388131516,4801.0,0.34326182045407205,0.6438106796116505,1648.0,2632.0,0.32142857142857145,0.4444444444444444,846.0,,,
0.52,0.11,7433.0,0.335530741288847,0.5761828388131516,0.0,0.2880914194065758,0.548903538275259,0.5761828388131516,1.0,0.0,0.52,0.11,2494.0,2494.0,0.0,0.5710453662723802,0.24523751849858738,0.6834452102990449,0.05112336876093099,0.37709904039119224,0.1355701375105516,2494.0,0.0,2494.0,0.335530741288847,0.5761828388131516,4801.0,0.34326182045407205,0.6438106796116505,1648.0,2632.0,0.32142857142857145,0.4444444444444444,846.0,,,
0.52,0.13,7433.0,0.335530741288847,0.5761828388131516,0.0,0.2880914194065758,0.548903538275259,0.5761828388131516,1.0,0.0,0.52,0.13,2494.0,2494.0,0.0,0.5710453662723802,0.24523751849858738,0.6834452102990449,0.05112336876093099,0.37709904039119224,0.1355701375105516,2494.0,0.0,2494.0,0.335530741288847,0.5761828388131516,4801.0,0.34326182045407205,0.6438106796116505,1648.0,2632.0,0.32142857142857145,0.4444444444444444,846.0,,,
0.52,0.15,7433.0,0.335530741288847,0.5761828388131516,0.0,0.2880914194065758,0.548903538275259,0.5761828388131516,1.0,0.0,0.52,0.15,2494.0,2494.0,0.0,0.5710453662723802,0.24523751849858738,0.6834452102990449,0.05112336876093099,0.37709904039119224,0.1355701375105516,2494.0,0.0,2494.0,0.335530741288847,0.5761828388131516,4801.0,0.34326182045407205,0.6438106796116505,1648.0,2632.0,0.32142857142857145,0.4444444444444444,846.0,,,
0.52,0.17,7433.0,0.335530741288847,0.5761828388131516,0.0,0.2880914194065758,0.548903538275259,0.5761828388131516,1.0,0.0,0.52,0.17,2494.0,2494.0,0.0,0.5710453662723802,0.24523751849858738,0.6834452102990449,0.05112336876093099,0.37709904039119224,0.1355701375105516,2494.0,0.0,2494.0,0.335530741288847,0.5761828388131516,4801.0,0.34326182045407205,0.6438106796116505,1648.0,2632.0,0.32142857142857145,0.4444444444444444,846.0,,,
0.52,0.19,7433.0,0.3356652764697968,0.5761828388131516,1.0,0.7880914194065758,0.548903538275259,0.5763527054108216,0.9995991983967936,0.0004008016032064128,0.52,0.19,2495.0,2494.0,1.0,0.5710453662723802,0.24523751849858738,0.6834452102990449,0.05125790394188078,0.37709904039119224,0.13592690103031616,2494.0,1.0,2495.0,0.3356652764697968,0.5763527054108216,4801.0,0.34326182045407205,0.6438106796116505,1648.0,2632.0,0.32180851063829785,0.44510035419126326,847.0,,,
0.52,0.21,7433.0,0.3356652764697968,0.5761828388131516,1.0,0.7880914194065758,0.548903538275259,0.5763527054108216,0.9995991983967936,0.0004008016032064128,0.52,0.21,2495.0,2494.0,1.0,0.5710453662723802,0.24523751849858738,0.6834452102990449,0.05125790394188078,0.37709904039119224,0.13592690103031616,2494.0,1.0,2495.0,0.3356652764697968,0.5763527054108216,4801.0,0.34326182045407205,0.6438106796116505,1648.0,2632.0,0.32180851063829785,0.44510035419126326,847.0,,,
0.52,0.23,7433.0,0.3357998116507467,0.5761828388131516,1.0,0.7880914194065758,0.548903538275259,0.5765224358974359,0.999198717948718,0.0008012820512820513,0.52,0.23,2496.0,2494.0,2.0,0.5710453662723802,0.24523751849858738,0.6834452102990449,0.051392439122830626,0.37709904039119224,0.13628366455008084,2494.0,2.0,2496.0,0.3357998116507467,0.5765224358974359,4801.0,0.343470110393668,0.6440266828380837,1649.0,2632.0,0.32180851063829785,0.44510035419126326,847.0,,,
0.52,0.25,7433.0,0.33620341719359614,0.5761828388131516,0.8,0.6880914194065758,0.548903538275259,0.5766306522609044,0.9979991996798719,0.0020008003201280513,0.52,0.25,2499.0,2494.0,5.0,0.5710453662723802,0.24523751849858738,0.6834452102990449,0.05152697430378045,0.37727737998044336,0.13657583793242895,2494.0,5.0,2499.0,0.33620341719359614,0.5766306522609044,4801.0,0.34388669027285984,0.6444579043004239,1651.0,2632.0,0.3221884498480243,0.44457547169811323,848.0,,,
0.52,0.27,7433.0,0.33714516346024487,0.5761828388131516,0.6666666666666666,0.621424752739909,0.548903538275259,0.5766161213088588,0.9952114924181963,0.004788507581803671,0.52,0.27,2506.0,2494.0,12.0,0.5710453662723802,0.24523751849858738,0.6834452102990449,0.05166150948473027,0.37781189365576795,0.13673870609219124,2494.0,12.0,2506.0,0.33714516346024487,0.5766161213088588,4801.0,0.3445115600916476,0.6451027811366384,1654.0,2632.0,0.32370820668693007,0.44366197183098594,852.0,,,
0.52,0.29,7433.0,0.3383559800887932,0.5761828388131516,0.7142857142857143,0.645234276549433,0.548903538275259,0.5773359840954274,0.9916500994035785,0.008349900596421472,0.52,0.29,2515.0,2494.0,21.0,0.5710453662723802,0.24523751849858738,0.6834452102990449,0.05233418538947933,0.3781678163853409,0.1383887869933185,2494.0,21.0,2515.0,0.3383559800887932,0.5773359840954274,4801.0,0.3457612997292231,0.6463855421686747,1660.0,2632.0,0.32484802431610943,0.4432748538011696,855.0,,,
0.52,0.31,7433.0,0.3406430781649401,0.5761828388131516,0.7105263157894737,0.6433545773013126,0.548903538275259,0.5781990521327014,0.9849921011058452,0.015007898894154818,0.52,0.31,2532.0,2494.0,38.0,0.5710453662723802,0.24523751849858738,0.6834452102990449,0.05327593165612805,0.37905616108224127,0.14054891365970737,2494.0,38.0,2532.0,0.3406430781649401,0.5781990521327014,4801.0,0.3482607790043741,0.6483253588516746,1672.0,2632.0,0.32674772036474165,0.4418604651162791,860.0,,,
0.52,0.33,7433.0,0.3441409928696354,0.5761828388131516,0.765625,0.6709039194065758,0.548903538275259,0.5809225957779516,0.9749804534792806,0.02501954652071931,0.52,0.33,2558.0,2494.0,64.0,0.5710453662723802,0.24523751849858738,0.6834452102990449,0.05569756491322484,0.37976534067527185,0.14666310731302487,2494.0,64.0,2558.0,0.3441409928696354,0.5809225957779516,4801.0,0.3532597375546761,0.6515330188679245,1696.0,2632.0,0.32750759878419455,0.4419953596287703,862.0,,,
0.52,0.35,7433.0,0.35288577963137363,0.5761828388131516,0.751937984496124,0.6640604116546378,0.548903538275259,0.5848265345024781,0.9508196721311475,0.04918032786885246,0.52,0.35,2623.0,2494.0,129.0,0.5710453662723802,0.24523751849858738,0.6834452102990449,0.05986815552266921,0.3827646954126676,0.1564098158481517,2494.0,129.0,2623.0,0.35288577963137363,0.5848265345024781,4801.0,0.36325765465528015,0.654243119266055,1744.0,2632.0,0.33396656534954405,0.447098976109215,879.0,,,
0.52,0.37,7433.0,0.3618996367550114,0.5761828388131516,0.6989795918367347,0.6375812153249432,0.548903538275259,0.5851301115241636,0.9271375464684015,0.07286245353159851,0.52,0.37,2690.0,2494.0,196.0,0.5710453662723802,0.24523751849858738,0.6834452102990449,0.061617112875016845,0.38748066008511606,0.15901984078761944,2494.0,196.0,2690.0,0.3618996367550114,0.5851301115241636,4801.0,0.37242241199750054,0.6543624161073825,1788.0,2632.0,0.3427051671732523,0.44789356984478934,902.0,,,
0.52,0.39,7433.0,0.37508408448809366,0.5761828388131516,0.6938775510204082,0.6350301949167798,0.548903538275259,0.5885939741750359,0.8945480631276901,0.1054519368723099,0.52,0.39,2788.0,2494.0,294.0,0.5710453662723802,0.24523751849858738,0.6834452102990449,0.0664603793892103,0.39282547339682755,0.16918551338974097,2494.0,294.0,2788.0,0.37508408448809366,0.5885939741750359,4801.0,0.38596125807123516,0.6562331354560172,1853.0,2632.0,0.35524316109422494,0.45454545454545453,935.0,,,
0.52,0.41,7433.0,0.39351540427821874,0.5761828388131516,0.665893271461717,0.6210380551374343,0.548903538275259,0.5894017094017094,0.8526495726495726,0.14735042735042736,0.52,0.41,2925.0,2494.0,431.0,0.5710453662723802,0.24523751849858738,0.6834452102990449,0.07036189963675504,0.40196610842300107,0.17504435862217294,2494.0,431.0,2925.0,0.39351540427821874,0.5894017094017094,4801.0,0.4042907727556759,0.6543019062339,1941.0,2632.0,0.3738601823708207,0.4613821138211382,984.0,,,
0.52,0.43,7433.0,0.42513117180142607,0.5761828388131516,0.6396396396396397,0.6079112392263957,0.548903538275259,0.5895569620253165,0.7892405063291139,0.2107594936708861,0.52,0.43,3160.0,2494.0,666.0,0.5710453662723802,0.24523751849858738,0.6834452102990449,0.07614691241759723,0.4177225510933237,0.1822906429597697,2494.0,666.0,3160.0,0.42513117180142607,0.5895569620253165,4801.0,0.43490939387627575,0.6546934865900383,2088.0,2632.0,0.4072948328267477,0.4626865671641791,1072.0,,,
0.52,0.45,7433.0,0.46898964079106686,0.5761828388131516,0.6108870967741935,0.5935349677936725,0.548903538275259,0.5860585197934596,0.7154331612162937,0.28456683878370626,0.52,0.45,3486.0,2494.0,992.0,0.5710453662723802,0.24523751849858738,0.6834452102990449,0.08072110856989105,0.44060670229875976,0.18320445002027438,2494.0,992.0,3486.0,0.46898964079106686,0.5860585197934596,4801.0,0.47615080191626746,0.6461067366579177,2286.0,2632.0,0.45592705167173253,0.4716666666666667,1200.0,,,
0.52,0.47,7433.0,0.5657204358939862,0.5761828388131516,0.5797779076563413,0.5779803732347464,0.548903538275259,0.5776456599286564,0.593103448275862,0.4068965517241379,0.52,0.47,4205.0,2494.0,1711.0,0.5710453662723802,0.24523751849858738,0.6834452102990449,0.08785147316023138,0.4888092484465463,0.17972547254256457,2494.0,1711.0,4205.0,0.5657204358939862,0.5776456599286564,4801.0,0.570714434492814,0.6266423357664234,2740.0,2632.0,0.5566109422492401,0.48600682593856653,1465.0,,,
0.52,0.49,7433.0,0.7090004036055428,0.5761828388131516,0.5471902017291066,0.5616865202711291,0.548903538275259,0.5609108159392789,0.47324478178368123,0.5267552182163188,0.52,0.49,5270.0,2494.0,2776.0,0.5710453662723802,0.24523751849858738,0.6834452102990449,0.0863715861697834,0.5579555615977672,0.15480011691692588,2494.0,2776.0,5270.0,0.7090004036055428,0.5609108159392789,4801.0,0.7138096229952093,0.5952728333819667,3427.0,2632.0,0.7002279635258358,0.49701573521432446,1843.0,,,
0.54,0.05,7433.0,0.19426880129153773,0.5934903047091413,0.0,0.29674515235457066,0.548903538275259,0.5934903047091413,1.0,0.0,0.54,0.05,1444.0,1444.0,0.0,0.5710453662723802,0.24523751849858738,0.6834452102990449,0.03632449885645098,0.28101984132360364,0.12925955222721133,1444.0,0.0,1444.0,0.19426880129153773,0.5934903047091413,4801.0,0.20183295146844407,0.672858617131063,969.0,2632.0,0.1804711246200608,0.43157894736842106,475.0,,,
0.54,0.07,7433.0,0.19426880129153773,0.5934903047091413,0.0,0.29674515235457066,0.548903538275259,0.5934903047091413,1.0,0.0,0.54,0.07,1444.0,1444.0,0.0,0.5710453662723802,0.24523751849858738,0.6834452102990449,0.03632449885645098,0.28101984132360364,0.12925955222721133,1444.0,0.0,1444.0,0.19426880129153773,0.5934903047091413,4801.0,0.20183295146844407,0.672858617131063,969.0,2632.0,0.1804711246200608,0.43157894736842106,475.0,,,
0.54,0.09,7433.0,0.19426880129153773,0.5934903047091413,0.0,0.29674515235457066,0.548903538275259,0.5934903047091413,1.0,0.0,0.54,0.09,1444.0,1444.0,0.0,0.5710453662723802,0.24523751849858738,0.6834452102990449,0.03632449885645098,0.28101984132360364,0.12925955222721133,1444.0,0.0,1444.0,0.19426880129153773,0.5934903047091413,4801.0,0.20183295146844407,0.672858617131063,969.0,2632.0,0.1804711246200608,0.43157894736842106,475.0,,,
0.54,0.11,7433.0,0.19426880129153773,0.5934903047091413,0.0,0.29674515235457066,0.548903538275259,0.5934903047091413,1.0,0.0,0.54,0.11,1444.0,1444.0,0.0,0.5710453662723802,0.24523751849858738,0.6834452102990449,0.03632449885645098,0.28101984132360364,0.12925955222721133,1444.0,0.0,1444.0,0.19426880129153773,0.5934903047091413,4801.0,0.20183295146844407,0.672858617131063,969.0,2632.0,0.1804711246200608,0.43157894736842106,475.0,,,
0.54,0.13,7433.0,0.19426880129153773,0.5934903047091413,0.0,0.29674515235457066,0.548903538275259,0.5934903047091413,1.0,0.0,0.54,0.13,1444.0,1444.0,0.0,0.5710453662723802,0.24523751849858738,0.6834452102990449,0.03632449885645098,0.28101984132360364,0.12925955222721133,1444.0,0.0,1444.0,0.19426880129153773,0.5934903047091413,4801.0,0.20183295146844407,0.672858617131063,969.0,2632.0,0.1804711246200608,0.43157894736842106,475.0,,,
0.54,0.15,7433.0,0.19426880129153773,0.5934903047091413,0.0,0.29674515235457066,0.548903538275259,0.5934903047091413,1.0,0.0,0.54,0.15,1444.0,1444.0,0.0,0.5710453662723802,0.24523751849858738,0.6834452102990449,0.03632449885645098,0.28101984132360364,0.12925955222721133,1444.0,0.0,1444.0,0.19426880129153773,0.5934903047091413,4801.0,0.20183295146844407,0.672858617131063,969.0,2632.0,0.1804711246200608,0.43157894736842106,475.0,,,
0.54,0.17,7433.0,0.19426880129153773,0.5934903047091413,0.0,0.29674515235457066,0.548903538275259,0.5934903047091413,1.0,0.0,0.54,0.17,1444.0,1444.0,0.0,0.5710453662723802,0.24523751849858738,0.6834452102990449,0.03632449885645098,0.28101984132360364,0.12925955222721133,1444.0,0.0,1444.0,0.19426880129153773,0.5934903047091413,4801.0,0.20183295146844407,0.672858617131063,969.0,2632.0,0.1804711246200608,0.43157894736842106,475.0,,,
0.54,0.19,7433.0,0.19440333647248756,0.5934903047091413,1.0,0.7967451523545707,0.548903538275259,0.5937716262975778,0.9993079584775086,0.0006920415224913495,0.54,0.19,1445.0,1444.0,1.0,0.5710453662723802,0.24523751849858738,0.6834452102990449,0.03645903403740078,0.2810198413236037,0.1297382913095342,1444.0,1.0,1445.0,0.19440333647248756,0.5937716262975778,4801.0,0.20183295146844407,0.672858617131063,969.0,2632.0,0.18085106382978725,0.4327731092436975,476.0,,,
0.54,0.21,7433.0,0.19440333647248756,0.5934903047091413,1.0,0.7967451523545707,0.548903538275259,0.5937716262975778,0.9993079584775086,0.0006920415224913495,0.54,0.21,1445.0,1444.0,1.0,0.5710453662723802,0.24523751849858738,0.6834452102990449,0.03645903403740078,0.2810198413236037,0.1297382913095342,1444.0,1.0,1445.0,0.19440333647248756,0.5937716262975778,4801.0,0.20183295146844407,0.672858617131063,969.0,2632.0,0.18085106382978725,0.4327731092436975,476.0,,,
0.54,0.23,7433.0,0.19453787165343736,0.5934903047091413,1.0,0.7967451523545707,0.548903538275259,0.5940525587828492,0.9986168741355463,0.0013831258644536654,0.54,0.23,1446.0,1444.0,2.0,0.5710453662723802,0.24523751849858738,0.6834452102990449,0.036593569218350594,0.28101984132360364,0.13021703039185725,1444.0,2.0,1446.0,0.19453787165343736,0.5940525587828492,4801.0,0.20204124140804,0.6731958762886598,970.0,2632.0,0.18085106382978725,0.4327731092436975,476.0,,,
0.54,0.25,7433.0,0.19494147719628682,0.5934903047091413,0.8,0.6967451523545707,0.548903538275259,0.5942028985507246,0.9965493443754313,0.003450655624568668,0.54,0.25,1449.0,1444.0,5.0,0.5710453662723802,0.24523751849858738,0.6834452102990449,0.0367281043993004,0.2812591090053675,0.1305845863239206,1444.0,5.0,1449.0,0.19494147719628682,0.5942028985507246,4801.0,0.20245782128723183,0.6738683127572016,972.0,2632.0,0.18123100303951367,0.43186582809224316,477.0,,,
0.54,0.27,7433.0,0.19588322346293555,0.5934903047091413,0.6666666666666666,0.630078485687904,0.548903538275259,0.5940934065934066,0.9917582417582418,0.008241758241758242,0.54,0.27,1456.0,1444.0,12.0,0.5710453662723802,0.24523751849858738,0.6834452102990449,0.03686263958025023,0.28197569388396343,0.13072984792589845,1444.0,12.0,1456.0,0.19588322346293555,0.5940934065934066,4801.0,0.2030826911060196,0.6748717948717948,975.0,2632.0,0.18275075987841946,0.4303534303534304,481.0,,,
0.54,0.29,7433.0,0.19709404009148393,0.5934903047091413,0.7142857142857143,0.6538880094974278,0.548903538275259,0.595221843003413,0.985665529010239,0.014334470989761093,0.54,0.29,1465.0,1444.0,21.0,0.5710453662723802,0.24523751849858738,0.6834452102990449,0.037535315484999325,0.28245240714719055,0.1328907615414269,1444.0,21.0,1465.0,0.19709404009148393,0.595221843003413,4801.0,0.20433243074359508,0.6768603465851172,981.0,2632.0,0.1838905775075988,0.4297520661157025,484.0,,,
0.54,0.31,7433.0,0.19938113816763084,0.5934903047091413,0.7105263157894737,0.6520083102493075,0.548903538275259,0.5964912280701754,0.9743589743589743,0.02564102564102564,0.54,0.31,1482.0,1444.0,38.0,0.5710453662723802,0.24523751849858738,0.6834452102990449,0.03847706175164804,0.2836406850365289,0.1356542406696442,1444.0,38.0,1482.0,0.19938113816763084,0.5964912280701754,4801.0,0.2068319100187461,0.6797583081570997,993.0,2632.0,0.185790273556231,0.4274028629856851,489.0,,,
0.54,0.33,7433.0,0.2028790528723261,0.5934903047091413,0.765625,0.6795576523545707,0.548903538275259,0.6007957559681698,0.9575596816976127,0.042440318302387266,0.54,0.33,1508.0,1444.0,64.0,0.5710453662723802,0.24523751849858738,0.6834452102990449,0.0408986950087448,0.28458773503401485,0.14371207882116374,1444.0,64.0,1508.0,0.2028790528723261,0.6007957559681698,4801.0,0.21183086856904812,0.6843657817109144,1017.0,2632.0,0.1865501519756839,0.42769857433808556,491.0,,,
0.54,0.35,7433.0,0.2116238396340643,0.5934903047091413,0.751937984496124,0.6727141446026327,0.548903538275259,0.6064844246662429,0.9179910998092816,0.08200890019071837,0.54,0.35,1573.0,1444.0,129.0,0.5710453662723802,0.24523751849858738,0.6834452102990449,0.04506928561818916,0.2885780258577177,0.15617712223317518,1444.0,129.0,1573.0,0.2116238396340643,0.6064844246662429,4801.0,0.22182878566965217,0.6873239436619718,1065.0,2632.0,0.19300911854103345,0.43700787401574803,508.0,,,
0.54,0.37,7433.0,0.22063769675770215,0.5934903047091413,0.6989795918367347,0.646234948272938,0.548903538275259,0.6060975609756097,0.8804878048780488,0.11951219512195121,0.54,0.37,1640.0,1444.0,196.0,0.5710453662723802,0.24523751849858738,0.6834452102990449,0.046818242970536786,0.294804557111288,0.1588111236450901,1444.0,196.0,1640.0,0.22063769675770215,0.6060975609756097,4801.0,0.23099354301187253,0.6862037871956718,1109.0,2632.0,0.20174772036474165,0.4387947269303202,531.0,,,
0.54,0.39,7433.0,0.23382214449078434,0.5934903047091413,0.6938775510204082,0.6436839278647748,0.548903538275259,0.6104718066743383,0.8308400460299195,0.16915995397008055,0.54,0.39,1738.0,1444.0,294.0,0.5710453662723802,0.24523751849858738,0.6834452102990449,0.05166150948473025,0.3017951581835385,0.17118071010705876,1444.0,294.0,1738.0,0.23382214449078434,0.6104718066743383,4801.0,0.24453238908560718,0.6873935264054515,1174.0,2632.0,0.21428571428571427,0.450354609929078,564.0,,,
0.54,0.41,7433.0,0.25225346428090945,0.5934903047091413,0.665893271461717,0.6296917880854291,0.548903538275259,0.6101333333333333,0.7701333333333333,0.22986666666666666,0.54,0.41,1875.0,1444.0,431.0,0.5710453662723802,0.24523751849858738,0.6834452102990449,0.05556302973227497,0.3136004101947528,0.17717779673109832,1444.0,431.0,1875.0,0.25225346428090945,0.6101333333333333,4801.0,0.2628619037700479,0.6822503961965135,1262.0,2632.0,0.23290273556231003,0.46166394779771613,613.0,,,
0.54,0.43,7433.0,0.2838692318041168,0.5934903047091413,0.6396396396396397,0.6165649721743904,0.548903538275259,0.6080568720379147,0.6843601895734597,0.31563981042654027,0.54,0.43,2110.0,1444.0,666.0,0.5710453662723802,0.24523751849858738,0.6834452102990449,0.06134804251311718,0.33355748327012513,0.18392045026744502,1444.0,666.0,2110.0,0.2838692318041168,0.6080568720379147,4801.0,0.2934805248906478,0.6799148332150461,1409.0,2632.0,0.2663373860182371,0.463623395149786,701.0,,,
0.54,0.45,7433.0,0.32772770079375757,0.5934903047091413,0.6108870967741935,0.6021887007416674,0.548903538275259,0.6005747126436781,0.5927750410509032,0.4072249589490969,0.54,0.45,2436.0,1444.0,992.0,0.5710453662723802,0.24523751849858738,0.6834452102990449,0.06592223866541098,0.36180482454518664,0.1822038684759932,1444.0,992.0,2436.0,0.32772770079375757,0.6005747126436781,4801.0,0.33472193293063945,0.6645924082140635,1607.0,2632.0,0.3149696048632219,0.4764776839565742,829.0,,,
0.54,0.47,7433.0,0.424458495896677,0.5934903047091413,0.5797779076563413,0.5866341061827414,0.548903538275259,0.586053882725832,0.4576862123613312,0.5423137876386688,0.54,0.47,3155.0,1444.0,1711.0,0.5710453662723802,0.24523751849858738,0.6834452102990449,0.0730526032557514,0.4191693527924755,0.17427944760054692,1444.0,1711.0,3155.0,0.424458495896677,0.586053882725832,4801.0,0.429285565507186,0.6346433770014556,2061.0,2632.0,0.4156534954407295,0.4945155393053016,1094.0,,,
0.54,0.49,7433.0,0.5677384636082335,0.5934903047091413,0.5471902017291066,0.570340253219124,0.548903538275259,0.5630331753554503,0.34218009478672984,0.6578199052132702,0.54,0.49,4220.0,1444.0,2776.0,0.5710453662723802,0.24523751849858738,0.6834452102990449,0.07157271626530343,0.49807918413788893,0.14369746527188565,1444.0,2776.0,4220.0,0.5677384636082335,0.5630331753554503,4801.0,0.5723807540095813,0.5935225618631732,2748.0,2632.0,0.5592705167173252,0.5061141304347826,1472.0,,,
0.56,0.05,7433.0,0.12175433875958563,0.6265193370165746,0.0,0.3132596685082873,0.548903538275259,0.6265193370165746,1.0,0.0,0.56,0.05,905.0,905.0,0.0,0.5710453662723802,0.24523751849858738,0.6834452102990449,0.03080855643750841,0.21324373651068537,0.144475785979133,905.0,0.0,905.0,0.12175433875958563,0.6265193370165746,4801.0,0.1272651530931056,0.7168576104746317,611.0,2632.0,0.11170212765957446,0.4387755102040816,294.0,,,
0.56,0.07,7433.0,0.12175433875958563,0.6265193370165746,0.0,0.3132596685082873,0.548903538275259,0.6265193370165746,1.0,0.0,0.56,0.07,905.0,905.0,0.0,0.5710453662723802,0.24523751849858738,0.6834452102990449,0.03080855643750841,0.21324373651068537,0.144475785979133,905.0,0.0,905.0,0.12175433875958563,0.6265193370165746,4801.0,0.1272651530931056,0.7168576104746317,611.0,2632.0,0.11170212765957446,0.4387755102040816,294.0,,,
0.56,0.09,7433.0,0.12175433875958563,0.6265193370165746,0.0,0.3132596685082873,0.548903538275259,0.6265193370165746,1.0,0.0,0.56,0.09,905.0,905.0,0.0,0.5710453662723802,0.24523751849858738,0.6834452102990449,0.03080855643750841,0.21324373651068537,0.144475785979133,905.0,0.0,905.0,0.12175433875958563,0.6265193370165746,4801.0,0.1272651530931056,0.7168576104746317,611.0,2632.0,0.11170212765957446,0.4387755102040816,294.0,,,
0.56,0.11,7433.0,0.12175433875958563,0.6265193370165746,0.0,0.3132596685082873,0.548903538275259,0.6265193370165746,1.0,0.0,0.56,0.11,905.0,905.0,0.0,0.5710453662723802,0.24523751849858738,0.6834452102990449,0.03080855643750841,0.21324373651068537,0.144475785979133,905.0,0.0,905.0,0.12175433875958563,0.6265193370165746,4801.0,0.1272651530931056,0.7168576104746317,611.0,2632.0,0.11170212765957446,0.4387755102040816,294.0,,,
0.56,0.13,7433.0,0.12175433875958563,0.6265193370165746,0.0,0.3132596685082873,0.548903538275259,0.6265193370165746,1.0,0.0,0.56,0.13,905.0,905.0,0.0,0.5710453662723802,0.24523751849858738,0.6834452102990449,0.03080855643750841,0.21324373651068537,0.144475785979133,905.0,0.0,905.0,0.12175433875958563,0.6265193370165746,4801.0,0.1272651530931056,0.7168576104746317,611.0,2632.0,0.11170212765957446,0.4387755102040816,294.0,,,
0.56,0.15,7433.0,0.12175433875958563,0.6265193370165746,0.0,0.3132596685082873,0.548903538275259,0.6265193370165746,1.0,0.0,0.56,0.15,905.0,905.0,0.0,0.5710453662723802,0.24523751849858738,0.6834452102990449,0.03080855643750841,0.21324373651068537,0.144475785979133,905.0,0.0,905.0,0.12175433875958563,0.6265193370165746,4801.0,0.1272651530931056,0.7168576104746317,611.0,2632.0,0.11170212765957446,0.4387755102040816,294.0,,,
0.56,0.17,7433.0,0.12175433875958563,0.6265193370165746,0.0,0.3132596685082873,0.548903538275259,0.6265193370165746,1.0,0.0,0.56,0.17,905.0,905.0,0.0,0.5710453662723802,0.24523751849858738,0.6834452102990449,0.03080855643750841,0.21324373651068537,0.144475785979133,905.0,0.0,905.0,0.12175433875958563,0.6265193370165746,4801.0,0.1272651530931056,0.7168576104746317,611.0,2632.0,0.11170212765957446,0.4387755102040816,294.0,,,
0.56,0.19,7433.0,0.12188887394053545,0.6265193370165746,1.0,0.8132596685082873,0.548903538275259,0.6269315673289183,0.9988962472406181,0.0011037527593818985,0.56,0.19,906.0,905.0,1.0,0.5710453662723802,0.24523751849858738,0.6834452102990449,0.03094309161845822,0.21324373651068537,0.1451066846078628,905.0,1.0,906.0,0.12188887394053545,0.6269315673289183,4801.0,0.1272651530931056,0.7168576104746317,611.0,2632.0,0.11208206686930092,0.4406779661016949,295.0,,,
0.56,0.21,7433.0,0.12188887394053545,0.6265193370165746,1.0,0.8132596685082873,0.548903538275259,0.6269315673289183,0.9988962472406181,0.0011037527593818985,0.56,0.21,906.0,905.0,1.0,0.5710453662723802,0.24523751849858738,0.6834452102990449,0.03094309161845822,0.21324373651068537,0.1451066846078628,905.0,1.0,906.0,0.12188887394053545,0.6269315673289183,4801.0,0.1272651530931056,0.7168576104746317,611.0,2632.0,0.11208206686930092,0.4406779661016949,295.0,,,
0.56,0.23,7433.0,0.12202340912148527,0.6265193370165746,1.0,0.8132596685082873,0.548903538275259,0.6273428886438809,0.9977949283351709,0.002205071664829107,0.56,0.23,907.0,905.0,2.0,0.5710453662723802,0.24523751849858738,0.6834452102990449,0.031077626799408033,0.21324373651068537,0.1457375832365926,905.0,2.0,907.0,0.12202340912148527,0.6273428886438809,4801.0,0.12747344303270153,0.7173202614379085,612.0,2632.0,0.11208206686930092,0.4406779661016949,295.0,,,
0.56,0.25,7433.0,0.12242701466433473,0.6265193370165746,0.8,0.7132596685082873,0.548903538275259,0.6274725274725275,0.9945054945054945,0.005494505494505495,0.56,0.25,910.0,905.0,5.0,0.5710453662723802,0.24523751849858738,0.6834452102990449,0.031212161980357863,0.21355895284906326,0.1461524397079135,905.0,5.0,910.0,0.12242701466433473,0.6274725274725275,4801.0,0.12789002291189336,0.7182410423452769,614.0,2632.0,0.11246200607902736,0.4391891891891892,296.0,,,
0.56,0.27,7433.0,0.12336876093098345,0.6265193370165746,0.6666666666666666,0.6465930018416206,0.548903538275259,0.6270447110141767,0.9869138495092693,0.013086150490730643,0.56,0.27,917.0,905.0,12.0,0.5710453662723802,0.24523751849858738,0.6834452102990449,0.03134669716130769,0.21450182256763667,0.14613720660309754,905.0,12.0,917.0,0.12336876093098345,0.6270447110141767,4801.0,0.12851489273068112,0.7196110210696921,617.0,2632.0,0.11398176291793313,0.43666666666666665,300.0,,,
0.56,0.29,7433.0,0.12457957755953182,0.6265193370165746,0.7142857142857143,0.6704025256511444,0.548903538275259,0.6285097192224622,0.9773218142548596,0.02267818574514039,0.56,0.29,926.0,905.0,21.0,0.5710453662723802,0.24523751849858738,0.6834452102990449,0.03201937306605678,0.21512810659404205,0.14883863188773844,905.0,21.0,926.0,0.12457957755953182,0.6285097192224622,4801.0,0.1297646323682566,0.7223113964686998,623.0,2632.0,0.11512158054711247,0.43564356435643564,303.0,,,
0.56,0.31,7433.0,0.12686667563567872,0.6265193370165746,0.7105263157894737,0.6685228264030241,0.548903538275259,0.6299045599151644,0.9597030752916225,0.04029692470837752,0.56,0.31,943.0,905.0,38.0,0.5710453662723802,0.24523751849858738,0.6834452102990449,0.0329611193327055,0.21668589744486513,0.15211474175928927,905.0,38.0,943.0,0.12686667563567872,0.6299045599151644,4801.0,0.13226411164340762,0.7259842519685039,635.0,2632.0,0.11702127659574468,0.4318181818181818,308.0,,,
0.56,0.33,7433.0,0.130364590340374,0.6265193370165746,0.765625,0.6960721685082873,0.548903538275259,0.6357069143446853,0.9339525283797729,0.06604747162022703,0.56,0.33,969.0,905.0,64.0,0.5710453662723802,0.24523751849858738,0.6834452102990449,0.035382752589802245,0.21792411265228517,0.16236272415736835,905.0,64.0,969.0,0.130364590340374,0.6357069143446853,4801.0,0.13726307019370965,0.7314112291350531,659.0,2632.0,0.11778115501519756,0.432258064516129,310.0,,,
0.56,0.35,7433.0,0.1391093771021122,0.6265193370165746,0.751937984496124,0.6892286607563494,0.548903538275259,0.6421663442940039,0.8752417794970987,0.12475822050290135,0.56,0.35,1034.0,905.0,129.0,0.5710453662723802,0.24523751849858738,0.6834452102990449,0.03955334319924661,0.22310987640943375,0.17728190179560413,905.0,129.0,1034.0,0.1391093771021122,0.6421663442940039,4801.0,0.1472609872943137,0.7326732673267327,707.0,2632.0,0.12424012158054712,0.44648318042813456,327.0,,,
0.56,0.37,7433.0,0.14812323422575002,0.6265193370165746,0.6989795918367347,0.6627494644266547,0.548903538275259,0.6394187102633969,0.8219800181653043,0.17801998183469572,0.56,0.37,1101.0,905.0,196.0,0.5710453662723802,0.24523751849858738,0.6834452102990449,0.04130230055159424,0.23110704627310238,0.17871502066962833,905.0,196.0,1101.0,0.14812323422575002,0.6394187102633969,4801.0,0.15642574463653405,0.7283621837549934,751.0,2632.0,0.13297872340425532,0.44857142857142857,350.0,,,
0.56,0.39,7433.0,0.16130768195883224,0.6265193370165746,0.6938775510204082,0.6601984440184914,0.548903538275259,0.6430358632193495,0.7547956630525438,0.24520433694745622,0.56,0.39,1199.0,905.0,294.0,0.5710453662723802,0.24523751849858738,0.6834452102990449,0.04614556706578771,0.23996053310184629,0.19230481975218056,905.0,294.0,1199.0,0.16130768195883224,0.6430358632193495,4801.0,0.1699645907102687,0.7267156862745098,816.0,2632.0,0.14551671732522797,0.46475195822454307,383.0,,,
0.56,0.41,7433.0,0.17973900174895735,0.6265193370165746,0.665893271461717,0.6462063042391457,0.548903538275259,0.6392215568862275,0.6773952095808383,0.3226047904191617,0.56,0.41,1336.0,905.0,431.0,0.5710453662723802,0.24523751849858738,0.6834452102990449,0.05004708731333242,0.2546486937288555,0.19653384661231166,905.0,431.0,1336.0,0.17973900174895735,0.6392215568862275,4801.0,0.18829410539470945,0.7157079646017699,904.0,2632.0,0.1641337386018237,0.4791666666666667,432.0,,,
0.56,0.43,7433.0,0.21135476927216468,0.6265193370165746,0.6396396396396397,0.6330794883281071,0.548903538275259,0.6320814767663908,0.5760661998726926,0.42393380012730747,0.56,0.43,1571.0,905.0,666.0,0.5710453662723802,0.24523751849858738,0.6834452102990449,0.05583210009417462,0.2788571938985886,0.20021753541161633,905.0,666.0,1571.0,0.21135476927216468,0.6320814767663908,4801.0,0.2189127265153093,0.7078972407231209,1051.0,2632.0,0.19756838905775076,0.47884615384615387,520.0,,,
0.56,0.45,7433.0,0.2552132382618055,0.6265193370165746,0.6108870967741935,0.6187032168953841,0.548903538275259,0.6183447548761202,0.47706905640484976,0.5229309435951502,0.56,0.45,1897.0,905.0,992.0,0.5710453662723802,0.24523751849858738,0.6834452102990449,0.06040629624646845,0.3120952915499824,0.19355080926235094,905.0,992.0,1897.0,0.2552132382618055,0.6183447548761202,4801.0,0.26015413455530095,0.6837469975980784,1249.0,2632.0,0.24620060790273557,0.49228395061728397,648.0,,,
0.56,0.47,7433.0,0.35194403336472485,0.6265193370165746,0.5797779076563413,0.6031486223364579,0.548903538275259,0.5959480122324159,0.3459480122324159,0.6540519877675841,0.56,0.47,2616.0,905.0,1711.0,0.5710453662723802,0.24523751849858738,0.6834452102990449,0.06753666083680882,0.37709904039119224,0.17909528692183393,905.0,1711.0,2616.0,0.35194403336472485,0.5959480122324159,4801.0,0.35471776713184755,0.6423957721667646,1703.0,2632.0,0.34688449848024316,0.5093099671412924,913.0,,,
0.56,0.49,7433.0,0.49522400107628145,0.6265193370165746,0.5471902017291066,0.5868547693728405,0.548903538275259,0.5666938331975007,0.2458571040478131,0.7541428959521869,0.56,0.49,3681.0,905.0,2776.0,0.5710453662723802,0.24523751849858738,0.6834452102990449,0.06605677384636081,0.46323170618488574,0.14259985438042563,905.0,2776.0,3681.0,0.49522400107628145,0.5666938331975007,4801.0,0.4978129556342429,0.592887029288703,2390.0,2632.0,0.4905015197568389,0.5182029434546863,1291.0,,,
0.58,0.05,7433.0,0.08650612135073321,0.656298600311042,0.0,0.328149300155521,0.548903538275259,0.656298600311042,1.0,0.0,0.58,0.05,643.0,643.0,0.0,0.5710453662723802,0.24523751849858738,0.6834452102990449,0.0270415713709135,0.17243049321367104,0.15682592369207193,643.0,0.0,643.0,0.08650612135073321,0.656298600311042,4801.0,0.09227244324099146,0.7584650112866818,443.0,2632.0,0.07598784194528875,0.43,200.0,,,
0.58,0.07,7433.0,0.08650612135073321,0.656298600311042,0.0,0.328149300155521,0.548903538275259,0.656298600311042,1.0,0.0,0.58,0.07,643.0,643.0,0.0,0.5710453662723802,0.24523751849858738,0.6834452102990449,0.0270415713709135,0.17243049321367104,0.15682592369207193,643.0,0.0,643.0,0.08650612135073321,0.656298600311042,4801.0,0.09227244324099146,0.7584650112866818,443.0,2632.0,0.07598784194528875,0.43,200.0,,,
0.58,0.09,7433.0,0.08650612135073321,0.656298600311042,0.0,0.328149300155521,0.548903538275259,0.656298600311042,1.0,0.0,0.58,0.09,643.0,643.0,0.0,0.5710453662723802,0.24523751849858738,0.6834452102990449,0.0270415713709135,0.17243049321367104,0.15682592369207193,643.0,0.0,643.0,0.08650612135073321,0.656298600311042,4801.0,0.09227244324099146,0.7584650112866818,443.0,2632.0,0.07598784194528875,0.43,200.0,,,
0.58,0.11,7433.0,0.08650612135073321,0.656298600311042,0.0,0.328149300155521,0.548903538275259,0.656298600311042,1.0,0.0,0.58,0.11,643.0,643.0,0.0,0.5710453662723802,0.24523751849858738,0.6834452102990449,0.0270415713709135,0.17243049321367104,0.15682592369207193,643.0,0.0,643.0,0.08650612135073321,0.656298600311042,4801.0,0.09227244324099146,0.7584650112866818,443.0,2632.0,0.07598784194528875,0.43,200.0,,,
0.58,0.13,7433.0,0.08650612135073321,0.656298600311042,0.0,0.328149300155521,0.548903538275259,0.656298600311042,1.0,0.0,0.58,0.13,643.0,643.0,0.0,0.5710453662723802,0.24523751849858738,0.6834452102990449,0.0270415713709135,0.17243049321367104,0.15682592369207193,643.0,0.0,643.0,0.08650612135073321,0.656298600311042,4801.0,0.09227244324099146,0.7584650112866818,443.0,2632.0,0.07598784194528875,0.43,200.0,,,
0.58,0.15,7433.0,0.08650612135073321,0.656298600311042,0.0,0.328149300155521,0.548903538275259,0.656298600311042,1.0,0.0,0.58,0.15,643.0,643.0,0.0,0.5710453662723802,0.24523751849858738,0.6834452102990449,0.0270415713709135,0.17243049321367104,0.15682592369207193,643.0,0.0,643.0,0.08650612135073321,0.656298600311042,4801.0,0.09227244324099146,0.7584650112866818,443.0,2632.0,0.07598784194528875,0.43,200.0,,,
0.58,0.17,7433.0,0.08650612135073321,0.656298600311042,0.0,0.328149300155521,0.548903538275259,0.656298600311042,1.0,0.0,0.58,0.17,643.0,643.0,0.0,0.5710453662723802,0.24523751849858738,0.6834452102990449,0.0270415713709135,0.17243049321367104,0.15682592369207193,643.0,0.0,643.0,0.08650612135073321,0.656298600311042,4801.0,0.09227244324099146,0.7584650112866818,443.0,2632.0,0.07598784194528875,0.43,200.0,,,
0.58,0.19,7433.0,0.08664065653168304,0.656298600311042,1.0,0.828149300155521,0.548903538275259,0.656832298136646,0.9984472049689441,0.0015527950310559005,0.58,0.19,644.0,643.0,1.0,0.5710453662723802,0.24523751849858738,0.6834452102990449,0.02717610655186332,0.17243049321367104,0.15760615216815188,643.0,1.0,644.0,0.08664065653168304,0.656832298136646,4801.0,0.09227244324099146,0.7584650112866818,443.0,2632.0,0.07636778115501519,0.43283582089552236,201.0,,,
0.58,0.21,7433.0,0.08664065653168304,0.656298600311042,1.0,0.828149300155521,0.548903538275259,0.656832298136646,0.9984472049689441,0.0015527950310559005,0.58,0.21,644.0,643.0,1.0,0.5710453662723802,0.24523751849858738,0.6834452102990449,0.02717610655186332,0.17243049321367104,0.15760615216815188,643.0,1.0,644.0,0.08664065653168304,0.656832298136646,4801.0,0.09227244324099146,0.7584650112866818,443.0,2632.0,0.07636778115501519,0.43283582089552236,201.0,,,
0.58,0.23,7433.0,0.08677519171263286,0.656298600311042,1.0,0.828149300155521,0.548903538275259,0.6573643410852713,0.9968992248062015,0.0031007751937984496,0.58,0.23,645.0,643.0,2.0,0.5710453662723802,0.24523751849858738,0.6834452102990449,0.02731064173281313,0.17243049321367107,0.15838638064423177,643.0,2.0,645.0,0.08677519171263286,0.6573643410852713,4801.0,0.09248073318058737,0.759009009009009,444.0,2632.0,0.07636778115501519,0.43283582089552236,201.0,,,
0.58,0.25,7433.0,0.0871787972554823,0.656298600311042,0.8,0.728149300155521,0.548903538275259,0.6574074074074074,0.9922839506172839,0.007716049382716049,0.58,0.25,648.0,643.0,5.0,0.5710453662723802,0.24523751849858738,0.6834452102990449,0.027445176913762952,0.17282016714162637,0.1588077211571702,643.0,5.0,648.0,0.0871787972554823,0.6574074074074074,4801.0,0.09289731305977922,0.7600896860986547,446.0,2632.0,0.07674772036474165,0.4306930693069307,202.0,,,
0.58,0.27,7433.0,0.08812054352213104,0.656298600311042,0.6666666666666666,0.6614826334888544,0.548903538275259,0.6564885496183206,0.981679389312977,0.0183206106870229,0.58,0.27,655.0,643.0,12.0,0.5710453662723802,0.24523751849858738,0.6834452102990449,0.027579712094712765,0.17398395246030346,0.1585187122416098,643.0,12.0,655.0,0.08812054352213104,0.6564885496183206,4801.0,0.09352218287856696,0.7616926503340757,449.0,2632.0,0.07826747720364742,0.42718446601941745,206.0,,,
0.58,0.29,7433.0,0.0893313601506794,0.656298600311042,0.7142857142857143,0.6852921572983781,0.548903538275259,0.6581325301204819,0.9683734939759037,0.03162650602409638,0.58,0.29,664.0,643.0,21.0,0.5710453662723802,0.24523751849858738,0.6834452102990449,0.02825238799946185,0.17475550370620313,0.16166808712908654,643.0,21.0,664.0,0.0893313601506794,0.6581325301204819,4801.0,0.09477192251614247,0.7648351648351648,455.0,2632.0,0.07940729483282674,0.4258373205741627,209.0,,,
0.58,0.31,7433.0,0.09161845822682632,0.656298600311042,0.7105263157894737,0.6834124580502579,0.548903538275259,0.6593245227606461,0.9441997063142438,0.055800293685756244,0.58,0.31,681.0,643.0,38.0,0.5710453662723802,0.24523751849858738,0.6834452102990449,0.029194134266110592,0.17666964079987785,0.16524703471367888,643.0,38.0,681.0,0.09161845822682632,0.6593245227606461,4801.0,0.09727140179129348,0.7687366167023555,467.0,2632.0,0.08130699088145897,0.4205607476635514,214.0,,,
0.58,0.33,7433.0,0.09511637293152159,0.656298600311042,0.765625,0.710961800155521,0.548903538275259,0.6661951909476662,0.9094766619519095,0.09052333804809053,0.58,0.33,707.0,643.0,64.0,0.5710453662723802,0.24523751849858738,0.6834452102990449,0.03161576752320732,0.17818614621837786,0.17743112017507967,643.0,64.0,707.0,0.09511637293152159,0.6661951909476662,4801.0,0.1022703603415955,0.7739307535641547,491.0,2632.0,0.08206686930091185,0.4212962962962963,216.0,,,
0.58,0.35,7433.0,0.10386115969325979,0.656298600311042,0.751937984496124,0.704118292403583,0.548903538275259,0.6722797927461139,0.832901554404145,0.16709844559585493,0.58,0.35,772.0,643.0,129.0,0.5710453662723802,0.24523751849858738,0.6834452102990449,0.03578635813265168,0.18449227837582813,0.19397211876668086,643.0,129.0,772.0,0.10386115969325979,0.6722797927461139,4801.0,0.11226827744219954,0.7717996289424861,539.0,2632.0,0.0885258358662614,0.44206008583690987,233.0,,,
0.58,0.37,7433.0,0.11287501681689761,0.656298600311042,0.6989795918367347,0.6776390960738884,0.548903538275259,0.66626936829559,0.766388557806913,0.23361144219308702,0.58,0.37,839.0,643.0,196.0,0.5710453662723802,0.24523751849858738,0.6834452102990449,0.03753531548499933,0.1940872243759211,0.1933940557174357,643.0,196.0,839.0,0.11287501681689761,0.66626936829559,4801.0,0.12143303478441991,0.7632933104631218,583.0,2632.0,0.0972644376899696,0.4453125,256.0,,,
0.58,0.39,7433.0,0.12605946454997982,0.656298600311042,0.6938775510204082,0.6750880756657252,0.548903538275259,0.6680896478121665,0.6862326574172892,0.3137673425827108,0.58,0.39,937.0,643.0,294.0,0.5710453662723802,0.24523751849858738,0.6834452102990449,0.042378581999192796,0.20454936146415495,0.20718022141867787,643.0,294.0,937.0,0.12605946454997982,0.6680896478121665,4801.0,0.13497188085815456,0.7577160493827161,648.0,2632.0,0.10980243161094225,0.4671280276816609,289.0,,,
0.58,0.41,7433.0,0.14449078434010493,0.656298600311042,0.665893271461717,0.6610959358863795,0.548903538275259,0.660148975791434,0.5986964618249534,0.40130353817504655,0.58,0.41,1074.0,643.0,431.0,0.5710453662723802,0.24523751849858738,0.6834452102990449,0.04628010224673754,0.2215972496370018,0.20884781883596892,643.0,431.0,1074.0,0.14449078434010493,0.660148975791434,4801.0,0.15330139554259528,0.7404891304347826,736.0,2632.0,0.128419452887538,0.48520710059171596,338.0,,,
0.58,0.43,7433.0,0.17610655186331226,0.656298600311042,0.6396396396396397,0.6479691199753408,0.548903538275259,0.6478227654698243,0.4912146676852559,0.5087853323147441,0.58,0.43,1309.0,643.0,666.0,0.5710453662723802,0.24523751849858738,0.6834452102990449,0.05206511502757972,0.24903959206894447,0.20906360548954778,643.0,666.0,1309.0,0.17610655186331226,0.6478227654698243,4801.0,0.18392001666319516,0.7270668176670442,883.0,2632.0,0.16185410334346503,0.4835680751173709,426.0,,,
0.58,0.45,7433.0,0.21996502085295305,0.656298600311042,0.6108870967741935,0.6335928485426178,0.548903538275259,0.6287461773700306,0.39327217125382263,0.6067278287461774,0.58,0.45,1635.0,643.0,992.0,0.5710453662723802,0.24523751849858738,0.6834452102990449,0.05663931117987354,0.2857671339334525,0.19820092814824294,643.0,992.0,1635.0,0.21996502085295305,0.6287461773700306,4801.0,0.22516142470318684,0.6956521739130435,1081.0,2632.0,0.21048632218844984,0.4981949458483754,554.0,,,
0.58,0.47,7433.0,0.3166958159558725,0.656298600311042,0.5797779076563413,0.6180382539836917,0.548903538275259,0.6006796941376381,0.2731520815632965,0.7268479184367035,0.58,0.47,2354.0,643.0,1711.0,0.5710453662723802,0.24523751849858738,0.6834452102990449,0.06376967577021395,0.3556164648787079,0.17932149399202937,643.0,1711.0,2354.0,0.3166958159558725,0.6006796941376381,4801.0,0.3197250572797334,0.6462540716612378,1535.0,2632.0,0.31117021276595747,0.5152625152625152,819.0,,,
0.58,0.49,7433.0,0.45997578366742903,0.656298600311042,0.5471902017291066,0.6017444010200743,0.548903538275259,0.5677098566832407,0.18806668616554548,0.8119333138344546,0.58,0.49,3419.0,643.0,2776.0,0.5710453662723802,0.24523751849858738,0.6834452102990449,0.062289788779765896,0.4459181510589489,0.13968883893118628,643.0,2776.0,3419.0,0.45997578366742903,0.5677098566832407,4801.0,0.4628202457821287,0.5918091809180918,2222.0,2632.0,0.45478723404255317,0.5229741019214703,1197.0,,,
0.6,0.05,7433.0,0.05583210009417463,0.6506024096385542,0.0,0.3253012048192771,0.548903538275259,0.6506024096385542,1.0,0.0,0.6,0.05,415.0,415.0,0.0,0.5710453662723802,0.24523751849858738,0.6834452102990449,0.016816897618727296,0.13966961458285646,0.12040484015763485,415.0,0.0,415.0,0.05583210009417463,0.6506024096385542,4801.0,0.06019579254322016,0.7750865051903114,289.0,2632.0,0.047872340425531915,0.36507936507936506,126.0,,,
0.6,0.07,7433.0,0.05583210009417463,0.6506024096385542,0.0,0.3253012048192771,0.548903538275259,0.6506024096385542,1.0,0.0,0.6,0.07,415.0,415.0,0.0,0.5710453662723802,0.24523751849858738,0.6834452102990449,0.016816897618727296,0.13966961458285646,0.12040484015763485,415.0,0.0,415.0,0.05583210009417463,0.6506024096385542,4801.0,0.06019579254322016,0.7750865051903114,289.0,2632.0,0.047872340425531915,0.36507936507936506,126.0,,,
0.6,0.09,7433.0,0.05583210009417463,0.6506024096385542,0.0,0.3253012048192771,0.548903538275259,0.6506024096385542,1.0,0.0,0.6,0.09,415.0,415.0,0.0,0.5710453662723802,0.24523751849858738,0.6834452102990449,0.016816897618727296,0.13966961458285646,0.12040484015763485,415.0,0.0,415.0,0.05583210009417463,0.6506024096385542,4801.0,0.06019579254322016,0.7750865051903114,289.0,2632.0,0.047872340425531915,0.36507936507936506,126.0,,,
0.6,0.11,7433.0,0.05583210009417463,0.6506024096385542,0.0,0.3253012048192771,0.548903538275259,0.6506024096385542,1.0,0.0,0.6,0.11,415.0,415.0,0.0,0.5710453662723802,0.24523751849858738,0.6834452102990449,0.016816897618727296,0.13966961458285646,0.12040484015763485,415.0,0.0,415.0,0.05583210009417463,0.6506024096385542,4801.0,0.06019579254322016,0.7750865051903114,289.0,2632.0,0.047872340425531915,0.36507936507936506,126.0,,,
0.6,0.13,7433.0,0.05583210009417463,0.6506024096385542,0.0,0.3253012048192771,0.548903538275259,0.6506024096385542,1.0,0.0,0.6,0.13,415.0,415.0,0.0,0.5710453662723802,0.24523751849858738,0.6834452102990449,0.016816897618727296,0.13966961458285646,0.12040484015763485,415.0,0.0,415.0,0.05583210009417463,0.6506024096385542,4801.0,0.06019579254322016,0.7750865051903114,289.0,2632.0,0.047872340425531915,0.36507936507936506,126.0,,,
0.6,0.15,7433.0,0.05583210009417463,0.6506024096385542,0.0,0.3253012048192771,0.548903538275259,0.6506024096385542,1.0,0.0,0.6,0.15,415.0,415.0,0.0,0.5710453662723802,0.24523751849858738,0.6834452102990449,0.016816897618727296,0.13966961458285646,0.12040484015763485,415.0,0.0,415.0,0.05583210009417463,0.6506024096385542,4801.0,0.06019579254322016,0.7750865051903114,289.0,2632.0,0.047872340425531915,0.36507936507936506,126.0,,,
0.6,0.17,7433.0,0.05583210009417463,0.6506024096385542,0.0,0.3253012048192771,0.548903538275259,0.6506024096385542,1.0,0.0,0.6,0.17,415.0,415.0,0.0,0.5710453662723802,0.24523751849858738,0.6834452102990449,0.016816897618727296,0.13966961458285646,0.12040484015763485,415.0,0.0,415.0,0.05583210009417463,0.6506024096385542,4801.0,0.06019579254322016,0.7750865051903114,289.0,2632.0,0.047872340425531915,0.36507936507936506,126.0,,,
0.6,0.19,7433.0,0.055966635275124445,0.6506024096385542,1.0,0.8253012048192772,0.548903538275259,0.6514423076923077,0.9975961538461539,0.002403846153846154,0.6,0.19,416.0,415.0,1.0,0.5710453662723802,0.24523751849858738,0.6834452102990449,0.01695143279967712,0.13966961458285643,0.12136807887889597,415.0,1.0,416.0,0.055966635275124445,0.6514423076923077,4801.0,0.06019579254322016,0.7750865051903114,289.0,2632.0,0.04825227963525836,0.3700787401574803,127.0,,,
0.6,0.21,7433.0,0.055966635275124445,0.6506024096385542,1.0,0.8253012048192772,0.548903538275259,0.6514423076923077,0.9975961538461539,0.002403846153846154,0.6,0.21,416.0,415.0,1.0,0.5710453662723802,0.24523751849858738,0.6834452102990449,0.01695143279967712,0.13966961458285643,0.12136807887889597,415.0,1.0,416.0,0.055966635275124445,0.6514423076923077,4801.0,0.06019579254322016,0.7750865051903114,289.0,2632.0,0.04825227963525836,0.3700787401574803,127.0,,,
0.6,0.23,7433.0,0.05610117045607426,0.6506024096385542,1.0,0.8253012048192772,0.548903538275259,0.6522781774580336,0.9952038369304557,0.004796163069544364,0.6,0.23,417.0,415.0,2.0,0.5710453662723802,0.24523751849858738,0.6834452102990449,0.017085967980626938,0.13966961458285643,0.12233131760015706,415.0,2.0,417.0,0.05610117045607426,0.6522781774580336,4801.0,0.06040408248281608,0.7758620689655172,290.0,2632.0,0.04825227963525836,0.3700787401574803,127.0,,,
0.6,0.25,7433.0,0.05650477599892372,0.6506024096385542,0.8,0.7253012048192771,0.548903538275259,0.6523809523809524,0.9880952380952381,0.011904761904761904,0.6,0.25,420.0,415.0,5.0,0.5710453662723802,0.24523751849858738,0.6834452102990449,0.017220503161576754,0.14015040641636928,0.1228715891869539,415.0,5.0,420.0,0.05650477599892372,0.6523809523809524,4801.0,0.060820662362007914,0.7773972602739726,292.0,2632.0,0.0486322188449848,0.3671875,128.0,,,
0.6,0.27,7433.0,0.057446522265572446,0.6506024096385542,0.6666666666666666,0.6586345381526104,0.548903538275259,0.6510538641686182,0.9718969555035128,0.02810304449648712,0.6,0.27,427.0,415.0,12.0,0.5710453662723802,0.24523751849858738,0.6834452102990449,0.017355038342526562,0.14158298613012418,0.12257855846165108,415.0,12.0,427.0,0.057446522265572446,0.6510538641686182,4801.0,0.06144553218079567,0.7796610169491526,295.0,2632.0,0.05015197568389058,0.36363636363636365,132.0,,,
0.6,0.29,7433.0,0.058657338894120815,0.6506024096385542,0.7142857142857143,0.6824440619621343,0.548903538275259,0.6536697247706422,0.9518348623853211,0.0481651376146789,0.6,0.29,436.0,415.0,21.0,0.5710453662723802,0.24523751849858738,0.6834452102990449,0.018027714247275665,0.14253004007374226,0.1264836117210693,415.0,21.0,436.0,0.058657338894120815,0.6536697247706422,4801.0,0.06269527181837117,0.7840531561461794,301.0,2632.0,0.051291793313069906,0.362962962962963,135.0,,,
0.6,0.31,7433.0,0.060944436970267725,0.6506024096385542,0.7105263157894737,0.6805643627140139,0.548903538275259,0.6556291390728477,0.9161147902869757,0.08388520971302428,0.6,0.31,453.0,415.0,38.0,0.5710453662723802,0.24523751849858738,0.6834452102990449,0.018969460513924393,0.1448705913157383,0.1309407267661481,415.0,38.0,453.0,0.060944436970267725,0.6556291390728477,4801.0,0.06519475109352219,0.7891373801916933,313.0,2632.0,0.05319148936170213,0.35714285714285715,140.0,,,
0.6,0.33,7433.0,0.064442351674963,0.6506024096385542,0.765625,0.7081137048192772,0.548903538275259,0.6659707724425887,0.8663883089770354,0.1336116910229645,0.6,0.33,479.0,415.0,64.0,0.5710453662723802,0.24523751849858738,0.6834452102990449,0.021391093771021122,0.1467161509581373,0.14579917501464898,415.0,64.0,479.0,0.064442351674963,0.6659707724425887,4801.0,0.07019370964382421,0.7952522255192879,337.0,2632.0,0.053951367781155016,0.3591549295774648,142.0,,,
0.6,0.35,7433.0,0.0731871384367012,0.6506024096385542,0.751937984496124,0.7012701970673392,0.548903538275259,0.6746323529411765,0.7628676470588235,0.23713235294117646,0.6,0.35,544.0,415.0,129.0,0.5710453662723802,0.24523751849858738,0.6834452102990449,0.0255616843804655,0.1543137292275637,0.1656475059504922,415.0,129.0,544.0,0.0731871384367012,0.6746323529411765,4801.0,0.08019162674442824,0.7896103896103897,385.0,2632.0,0.06041033434650456,0.39622641509433965,159.0,,,
0.6,0.37,7433.0,0.08220099556033902,0.6506024096385542,0.6989795918367347,0.6747910007376445,0.548903538275259,0.6661211129296236,0.679214402618658,0.32078559738134205,0.6,0.37,611.0,415.0,196.0,0.5710453662723802,0.24523751849858738,0.6834452102990449,0.027310641732813137,0.1656658592280345,0.1648537716827991,415.0,196.0,611.0,0.08220099556033902,0.6661211129296236,4801.0,0.08935638408664862,0.7762237762237763,429.0,2632.0,0.06914893617021277,0.4065934065934066,182.0,,,
0.6,0.39,7433.0,0.09538544329342123,0.6506024096385542,0.6938775510204082,0.6722399803294812,0.548903538275259,0.6685472496473907,0.5853314527503526,0.4146685472496474,0.6,0.39,709.0,415.0,294.0,0.5710453662723802,0.24523751849858738,0.6834452102990449,0.032153908247006584,0.17780823243935395,0.18083475554470457,415.0,294.0,709.0,0.09538544329342123,0.6685472496473907,4801.0,0.10289523016038325,0.7672064777327935,494.0,2632.0,0.08168693009118541,0.4418604651162791,215.0,,,
0.6,0.41,7433.0,0.11381676308354635,0.6506024096385542,0.665893271461717,0.6582478405501355,0.548903538275259,0.6583924349881797,0.4905437352245863,0.5094562647754137,0.6,0.41,846.0,415.0,431.0,0.5710453662723802,0.24523751849858738,0.6834452102990449,0.03605542849455133,0.19718181278834393,0.1828537225857307,415.0,431.0,846.0,0.11381676308354635,0.6583924349881797,4801.0,0.121224744844824,0.7439862542955327,582.0,2632.0,0.10030395136778116,0.4696969696969697,264.0,,,
0.6,0.43,7433.0,0.14543253060675368,0.6506024096385542,0.6396396396396397,0.6451210246390969,0.548903538275259,0.6438482886216467,0.38390379278445885,0.6160962072155411,0.6,0.43,1081.0,415.0,666.0,0.5710453662723802,0.24523751849858738,0.6834452102990449,0.04184044127539353,0.2275874439983016,0.1838433638531736,415.0,666.0,1081.0,0.14543253060675368,0.6438482886216467,4801.0,0.15184336596542386,0.7270233196159122,729.0,2632.0,0.1337386018237082,0.4715909090909091,352.0,,,
0.6,0.45,7433.0,0.18929099959639445,0.6506024096385542,0.6108870967741935,0.6307447532063739,0.548903538275259,0.6226012793176973,0.294953802416489,0.7050461975835111,0.6,0.45,1407.0,415.0,992.0,0.5710453662723802,0.24523751849858738,0.6834452102990449,0.04641463742768735,0.2672792193275668,0.17365598995858864,415.0,992.0,1407.0,0.18929099959639445,0.6226012793176973,4801.0,0.19308477400541554,0.6903991370010788,927.0,2632.0,0.182370820668693,0.49166666666666664,480.0,,,
0.6,0.47,7433.0,0.2860217946993139,0.6506024096385542,0.5797779076563413,0.6151901586474477,0.548903538275259,0.5936030103480715,0.19520225776105363,0.8047977422389464,0.6,0.47,2126.0,415.0,1711.0,0.5710453662723802,0.24523751849858738,0.6834452102990449,0.05354500201802772,0.34093752556831153,0.15705223978725463,415.0,1711.0,2126.0,0.2860217946993139,0.5936030103480715,4801.0,0.2876484065819621,0.6372194062273715,1381.0,2632.0,0.28305471124620063,0.512751677852349,745.0,,,
0.6,0.49,7433.0,0.4293017624108704,0.6506024096385542,0.5471902017291066,0.5988963056838303,0.548903538275259,0.5606392980256972,0.13005327483547477,0.8699467251645252,0.6,0.49,3191.0,415.0,2776.0,0.5710453662723802,0.24523751849858738,0.6834452102990449,0.05206511502757967,0.43430211108356975,0.11988225177556446,415.0,2776.0,3191.0,0.4293017624108704,0.5606392980256972,4801.0,0.43074359508435744,0.5817214700193424,2068.0,2632.0,0.42667173252279633,0.5218165627782725,1123.0,,,
0.62,0.05,7433.0,0.03793892102784878,0.6773049645390071,0.0,0.33865248226950356,0.548903538275259,0.6773049645390071,1.0,0.0,0.62,0.05,282.0,282.0,0.0,0.5710453662723802,0.24523751849858738,0.6834452102990449,0.01345351809498184,0.11064674177956381,0.12158982613138883,282.0,0.0,282.0,0.03793892102784878,0.6773049645390071,4801.0,0.042491147677567176,0.803921568627451,204.0,2632.0,0.029635258358662615,0.34615384615384615,78.0,,,
0.62,0.07,7433.0,0.03793892102784878,0.6773049645390071,0.0,0.33865248226950356,0.548903538275259,0.6773049645390071,1.0,0.0,0.62,0.07,282.0,282.0,0.0,0.5710453662723802,0.24523751849858738,0.6834452102990449,0.01345351809498184,0.11064674177956381,0.12158982613138883,282.0,0.0,282.0,0.03793892102784878,0.6773049645390071,4801.0,0.042491147677567176,0.803921568627451,204.0,2632.0,0.029635258358662615,0.34615384615384615,78.0,,,
0.62,0.09,7433.0,0.03793892102784878,0.6773049645390071,0.0,0.33865248226950356,0.548903538275259,0.6773049645390071,1.0,0.0,0.62,0.09,282.0,282.0,0.0,0.5710453662723802,0.24523751849858738,0.6834452102990449,0.01345351809498184,0.11064674177956381,0.12158982613138883,282.0,0.0,282.0,0.03793892102784878,0.6773049645390071,4801.0,0.042491147677567176,0.803921568627451,204.0,2632.0,0.029635258358662615,0.34615384615384615,78.0,,,
0.62,0.11,7433.0,0.03793892102784878,0.6773049645390071,0.0,0.33865248226950356,0.548903538275259,0.6773049645390071,1.0,0.0,0.62,0.11,282.0,282.0,0.0,0.5710453662723802,0.24523751849858738,0.6834452102990449,0.01345351809498184,0.11064674177956381,0.12158982613138883,282.0,0.0,282.0,0.03793892102784878,0.6773049645390071,4801.0,0.042491147677567176,0.803921568627451,204.0,2632.0,0.029635258358662615,0.34615384615384615,78.0,,,
0.62,0.13,7433.0,0.03793892102784878,0.6773049645390071,0.0,0.33865248226950356,0.548903538275259,0.6773049645390071,1.0,0.0,0.62,0.13,282.0,282.0,0.0,0.5710453662723802,0.24523751849858738,0.6834452102990449,0.01345351809498184,0.11064674177956381,0.12158982613138883,282.0,0.0,282.0,0.03793892102784878,0.6773049645390071,4801.0,0.042491147677567176,0.803921568627451,204.0,2632.0,0.029635258358662615,0.34615384615384615,78.0,,,
0.62,0.15,7433.0,0.03793892102784878,0.6773049645390071,0.0,0.33865248226950356,0.548903538275259,0.6773049645390071,1.0,0.0,0.62,0.15,282.0,282.0,0.0,0.5710453662723802,0.24523751849858738,0.6834452102990449,0.01345351809498184,0.11064674177956381,0.12158982613138883,282.0,0.0,282.0,0.03793892102784878,0.6773049645390071,4801.0,0.042491147677567176,0.803921568627451,204.0,2632.0,0.029635258358662615,0.34615384615384615,78.0,,,
0.62,0.17,7433.0,0.03793892102784878,0.6773049645390071,0.0,0.33865248226950356,0.548903538275259,0.6773049645390071,1.0,0.0,0.62,0.17,282.0,282.0,0.0,0.5710453662723802,0.24523751849858738,0.6834452102990449,0.01345351809498184,0.11064674177956381,0.12158982613138883,282.0,0.0,282.0,0.03793892102784878,0.6773049645390071,4801.0,0.042491147677567176,0.803921568627451,204.0,2632.0,0.029635258358662615,0.34615384615384615,78.0,,,
0.62,0.19,7433.0,0.0380734562087986,0.6773049645390071,1.0,0.8386524822695036,0.548903538275259,0.6784452296819788,0.9964664310954063,0.0035335689045936395,0.62,0.19,283.0,282.0,1.0,0.5710453662723802,0.24523751849858738,0.6834452102990449,0.01358805327593166,0.11064674177956381,0.12280572439270274,282.0,1.0,283.0,0.0380734562087986,0.6784452296819788,4801.0,0.042491147677567176,0.803921568627451,204.0,2632.0,0.03001519756838906,0.35443037974683544,79.0,,,
0.62,0.21,7433.0,0.0380734562087986,0.6773049645390071,1.0,0.8386524822695036,0.548903538275259,0.6784452296819788,0.9964664310954063,0.0035335689045936395,0.62,0.21,283.0,282.0,1.0,0.5710453662723802,0.24523751849858738,0.6834452102990449,0.01358805327593166,0.11064674177956381,0.12280572439270274,282.0,1.0,283.0,0.0380734562087986,0.6784452296819788,4801.0,0.042491147677567176,0.803921568627451,204.0,2632.0,0.03001519756838906,0.35443037974683544,79.0,,,
0.62,0.23,7433.0,0.03820799138974842,0.6773049645390071,1.0,0.8386524822695036,0.548903538275259,0.6795774647887324,0.9929577464788732,0.007042253521126761,0.62,0.23,284.0,282.0,2.0,0.5710453662723802,0.24523751849858738,0.6834452102990449,0.013722588456881473,0.11064674177956382,0.12402162265401656,282.0,2.0,284.0,0.03820799138974842,0.6795774647887324,4801.0,0.04269943761716309,0.8048780487804879,205.0,2632.0,0.03001519756838906,0.35443037974683544,79.0,,,
0.62,0.25,7433.0,0.03861159693259787,0.6773049645390071,0.8,0.7386524822695035,0.548903538275259,0.6794425087108014,0.9825783972125436,0.017421602787456445,0.62,0.25,287.0,282.0,5.0,0.5710453662723802,0.24523751849858738,0.6834452102990449,0.01385712363783129,0.11125302983462199,0.12455502253223982,282.0,5.0,287.0,0.03861159693259787,0.6794425087108014,4801.0,0.04311601749635493,0.8067632850241546,207.0,2632.0,0.030395136778115502,0.35,80.0,,,
0.62,0.27,7433.0,0.0395533431992466,0.6773049645390071,0.6666666666666666,0.6719858156028369,0.548903538275259,0.6768707482993197,0.9591836734693877,0.04081632653061224,0.62,0.27,294.0,282.0,12.0,0.5710453662723802,0.24523751849858738,0.6834452102990449,0.01399165881878111,0.1130523869285065,0.12376261305857551,282.0,12.0,294.0,0.0395533431992466,0.6768707482993197,4801.0,0.04374088731514268,0.8095238095238095,210.0,2632.0,0.031914893617021274,0.34523809523809523,84.0,,,
0.62,0.29,7433.0,0.040764159827794966,0.6773049645390071,0.7142857142857143,0.6957953394123607,0.548903538275259,0.6798679867986799,0.9306930693069307,0.06930693069306931,0.62,0.29,303.0,282.0,21.0,0.5710453662723802,0.24523751849858738,0.6834452102990449,0.014664334723530204,0.11423621383839883,0.12836852895242754,282.0,21.0,303.0,0.040764159827794966,0.6798679867986799,4801.0,0.04499062695271818,0.8148148148148148,216.0,2632.0,0.03305471124620061,0.3448275862068966,87.0,,,
0.62,0.31,7433.0,0.04305125790394188,0.6773049645390071,0.7105263157894737,0.6939156401642403,0.548903538275259,0.68125,0.88125,0.11875,0.62,0.31,320.0,282.0,38.0,0.5710453662723802,0.24523751849858738,0.6834452102990449,0.015606080990178935,0.11714345247123918,0.13322196555552696,282.0,38.0,320.0,0.04305125790394188,0.68125,4801.0,0.04749010622786919,0.8201754385964912,228.0,2632.0,0.034954407294832825,0.33695652173913043,92.0,,,
0.62,0.33,7433.0,0.04654917260863716,0.6773049645390071,0.765625,0.7214649822695036,0.548903538275259,0.6936416184971098,0.815028901734104,0.18497109826589594,0.62,0.33,346.0,282.0,64.0,0.5710453662723802,0.24523751849858738,0.6834452102990449,0.018027714247275662,0.11941829499988998,0.15096275028287978,282.0,64.0,346.0,0.04654917260863716,0.6936416184971098,4801.0,0.05248906477817122,0.8253968253968254,252.0,2632.0,0.03571428571428571,0.3404255319148936,94.0,,,
0.62,0.35,7433.0,0.05529395937037535,0.6773049645390071,0.751937984496124,0.7146214745175656,0.548903538275259,0.7007299270072993,0.6861313868613139,0.31386861313868614,0.62,0.35,411.0,282.0,129.0,0.5710453662723802,0.24523751849858738,0.6834452102990449,0.022198304856720034,0.12863835841935972,0.17256365153816552,282.0,129.0,411.0,0.05529395937037535,0.7007299270072993,4801.0,0.06248698187877526,0.8133333333333334,300.0,2632.0,0.04217325227963526,0.3963963963963964,111.0,,,
0.62,0.37,7433.0,0.06430781649401318,0.6773049645390071,0.6989795918367347,0.688142278187871,0.548903538275259,0.6861924686192469,0.5899581589958159,0.4100418410041841,0.62,0.37,478.0,282.0,196.0,0.5710453662723802,0.24523751849858738,0.6834452102990449,0.023947262209067673,0.1420573023201298,0.1685746654198874,282.0,196.0,478.0,0.06430781649401318,0.6861924686192469,4801.0,0.07165173922099563,0.7936046511627907,344.0,2632.0,0.050911854103343465,0.41044776119402987,134.0,,,
0.62,0.39,7433.0,0.07749226422709539,0.6773049645390071,0.6938775510204082,0.6855912577797076,0.548903538275259,0.6857638888888888,0.4895833333333333,0.5104166666666666,0.62,0.39,576.0,282.0,294.0,0.5710453662723802,0.24523751849858738,0.6834452102990449,0.028790528723261127,0.1560476457749912,0.1844983215240227,282.0,294.0,576.0,0.07749226422709539,0.6857638888888888,4801.0,0.08519058529473027,0.7799511002444988,409.0,2632.0,0.06344984802431611,0.4550898203592814,167.0,,,
0.62,0.41,7433.0,0.09592358401722051,0.6773049645390071,0.665893271461717,0.671599118000362,0.548903538275259,0.6704067321178121,0.3955119214586255,0.6044880785413744,0.62,0.41,713.0,282.0,431.0,0.5710453662723802,0.24523751849858738,0.6834452102990449,0.032692048970805875,0.17780823243935392,0.18386127865005542,282.0,431.0,713.0,0.09592358401722051,0.6704067321178121,4801.0,0.10352009997917101,0.7505030181086519,497.0,2632.0,0.08206686930091185,0.4861111111111111,216.0,,,
0.62,0.43,7433.0,0.1275393515404278,0.6773049645390071,0.6396396396396397,0.6584723020893234,0.548903538275259,0.6508438818565401,0.2974683544303797,0.7025316455696202,0.62,0.43,948.0,282.0,666.0,0.5710453662723802,0.24523751849858738,0.6834452102990449,0.03847706175164805,0.2110240386647689,0.18233496996412055,282.0,666.0,948.0,0.1275393515404278,0.6508438818565401,4801.0,0.13413872109977087,0.7298136645962733,644.0,2632.0,0.11550151975683891,0.48355263157894735,304.0,,,
0.62,0.45,7433.0,0.1713978205300686,0.6773049645390071,0.6108870967741935,0.6440960306566004,0.548903538275259,0.6255886970172685,0.22135007849293564,0.7786499215070644,0.62,0.45,1274.0,282.0,992.0,0.5710453662723802,0.24523751849858738,0.6834452102990449,0.043051257903941896,0.25332445857647334,0.1699451294433365,282.0,992.0,1274.0,0.1713978205300686,0.6255886970172685,4801.0,0.17538012913976256,0.6888361045130641,842.0,2632.0,0.1641337386018237,0.5023148148148148,432.0,,,
0.62,0.47,7433.0,0.268128615632988,0.6773049645390071,0.5797779076563413,0.6285414360976742,0.548903538275259,0.5935775213246363,0.14149523331660813,0.8585047666833918,0.62,0.47,1993.0,282.0,1711.0,0.5710453662723802,0.24523751849858738,0.6834452102990449,0.05018162249428227,0.33011133965580897,0.15201423418718124,282.0,1711.0,1993.0,0.268128615632988,0.5935775213246363,4801.0,0.2699437617163091,0.6327160493827161,1296.0,2632.0,0.2648176291793313,0.5208034433285509,697.0,,,
0.62,0.49,7433.0,0.4114085833445446,0.6773049645390071,0.5471902017291066,0.6122475831340568,0.548903538275259,0.5591890124264225,0.09221713538260301,0.907782864617397,0.62,0.49,3058.0,282.0,2776.0,0.5710453662723802,0.24523751849858738,0.6834452102990449,0.04870173550383425,0.4258561070600669,0.11436195159921678,282.0,2776.0,3058.0,0.4114085833445446,0.5591890124264225,4801.0,0.41303895021870446,0.5763993948562783,1983.0,2632.0,0.40843465045592703,0.5274418604651163,1075.0,,,
0.64,0.05,7433.0,0.02408179739001749,0.6871508379888268,0.0,0.3435754189944134,0.548903538275259,0.6871508379888268,1.0,0.0,0.64,0.05,179.0,179.0,0.0,0.5710453662723802,0.24523751849858738,0.6834452102990449,0.009013857123637831,0.08679844545376277,0.10384814009646615,179.0,0.0,179.0,0.02408179739001749,0.6871508379888268,4801.0,0.02770256196625703,0.8270676691729323,133.0,2632.0,0.017477203647416412,0.2826086956521739,46.0,,,
0.64,0.07,7433.0,0.02408179739001749,0.6871508379888268,0.0,0.3435754189944134,0.548903538275259,0.6871508379888268,1.0,0.0,0.64,0.07,179.0,179.0,0.0,0.5710453662723802,0.24523751849858738,0.6834452102990449,0.009013857123637831,0.08679844545376277,0.10384814009646615,179.0,0.0,179.0,0.02408179739001749,0.6871508379888268,4801.0,0.02770256196625703,0.8270676691729323,133.0,2632.0,0.017477203647416412,0.2826086956521739,46.0,,,
0.64,0.09,7433.0,0.02408179739001749,0.6871508379888268,0.0,0.3435754189944134,0.548903538275259,0.6871508379888268,1.0,0.0,0.64,0.09,179.0,179.0,0.0,0.5710453662723802,0.24523751849858738,0.6834452102990449,0.009013857123637831,0.08679844545376277,0.10384814009646615,179.0,0.0,179.0,0.02408179739001749,0.6871508379888268,4801.0,0.02770256196625703,0.8270676691729323,133.0,2632.0,0.017477203647416412,0.2826086956521739,46.0,,,
0.64,0.11,7433.0,0.02408179739001749,0.6871508379888268,0.0,0.3435754189944134,0.548903538275259,0.6871508379888268,1.0,0.0,0.64,0.11,179.0,179.0,0.0,0.5710453662723802,0.24523751849858738,0.6834452102990449,0.009013857123637831,0.08679844545376277,0.10384814009646615,179.0,0.0,179.0,0.02408179739001749,0.6871508379888268,4801.0,0.02770256196625703,0.8270676691729323,133.0,2632.0,0.017477203647416412,0.2826086956521739,46.0,,,
0.64,0.13,7433.0,0.02408179739001749,0.6871508379888268,0.0,0.3435754189944134,0.548903538275259,0.6871508379888268,1.0,0.0,0.64,0.13,179.0,179.0,0.0,0.5710453662723802,0.24523751849858738,0.6834452102990449,0.009013857123637831,0.08679844545376277,0.10384814009646615,179.0,0.0,179.0,0.02408179739001749,0.6871508379888268,4801.0,0.02770256196625703,0.8270676691729323,133.0,2632.0,0.017477203647416412,0.2826086956521739,46.0,,,
0.64,0.15,7433.0,0.02408179739001749,0.6871508379888268,0.0,0.3435754189944134,0.548903538275259,0.6871508379888268,1.0,0.0,0.64,0.15,179.0,179.0,0.0,0.5710453662723802,0.24523751849858738,0.6834452102990449,0.009013857123637831,0.08679844545376277,0.10384814009646615,179.0,0.0,179.0,0.02408179739001749,0.6871508379888268,4801.0,0.02770256196625703,0.8270676691729323,133.0,2632.0,0.017477203647416412,0.2826086956521739,46.0,,,
0.64,0.17,7433.0,0.02408179739001749,0.6871508379888268,0.0,0.3435754189944134,0.548903538275259,0.6871508379888268,1.0,0.0,0.64,0.17,179.0,179.0,0.0,0.5710453662723802,0.24523751849858738,0.6834452102990449,0.009013857123637831,0.08679844545376277,0.10384814009646615,179.0,0.0,179.0,0.02408179739001749,0.6871508379888268,4801.0,0.02770256196625703,0.8270676691729323,133.0,2632.0,0.017477203647416412,0.2826086956521739,46.0,,,
0.64,0.19,7433.0,0.02421633257096731,0.6871508379888268,1.0,0.8435754189944134,0.548903538275259,0.6888888888888889,0.9944444444444445,0.005555555555555556,0.64,0.19,180.0,179.0,1.0,0.5710453662723802,0.24523751849858738,0.6834452102990449,0.00914839230458765,0.08679844545376277,0.10539811233671192,179.0,1.0,180.0,0.02421633257096731,0.6888888888888889,4801.0,0.02770256196625703,0.8270676691729323,133.0,2632.0,0.017857142857142856,0.2978723404255319,47.0,,,
0.64,0.21,7433.0,0.02421633257096731,0.6871508379888268,1.0,0.8435754189944134,0.548903538275259,0.6888888888888889,0.9944444444444445,0.005555555555555556,0.64,0.21,180.0,179.0,1.0,0.5710453662723802,0.24523751849858738,0.6834452102990449,0.00914839230458765,0.08679844545376277,0.10539811233671192,179.0,1.0,180.0,0.02421633257096731,0.6888888888888889,4801.0,0.02770256196625703,0.8270676691729323,133.0,2632.0,0.017857142857142856,0.2978723404255319,47.0,,,
0.64,0.23,7433.0,0.024350867751917128,0.6871508379888268,1.0,0.8435754189944134,0.548903538275259,0.6906077348066298,0.988950276243094,0.011049723756906077,0.64,0.23,181.0,179.0,2.0,0.5710453662723802,0.24523751849858738,0.6834452102990449,0.00928292748553747,0.08679844545376277,0.1069480845769577,179.0,2.0,181.0,0.024350867751917128,0.6906077348066298,4801.0,0.02791085190585295,0.8283582089552238,134.0,2632.0,0.017857142857142856,0.2978723404255319,47.0,,,
0.64,0.25,7433.0,0.02475447329476658,0.6871508379888268,0.8,0.7435754189944135,0.548903538275259,0.6902173913043478,0.9728260869565217,0.02717391304347826,0.64,0.25,184.0,179.0,5.0,0.5710453662723802,0.24523751849858738,0.6834452102990449,0.009417462666487285,0.08757000236462055,0.10754210816707784,179.0,5.0,184.0,0.02475447329476658,0.6902173913043478,4801.0,0.028327431785044783,0.8308823529411765,136.0,2632.0,0.0182370820668693,0.2916666666666667,48.0,,,
0.64,0.27,7433.0,0.02569621956141531,0.6871508379888268,0.6666666666666666,0.6769087523277467,0.548903538275259,0.6858638743455497,0.93717277486911,0.06282722513089005,0.64,0.27,191.0,179.0,12.0,0.5710453662723802,0.24523751849858738,0.6834452102990449,0.009551997847437104,0.08984492671814642,0.10631649661647329,179.0,12.0,191.0,0.02569621956141531,0.6858638743455497,4801.0,0.028952301603832536,0.8345323741007195,139.0,2632.0,0.019756838905775075,0.28846153846153844,52.0,,,
0.64,0.29,7433.0,0.026907036189963675,0.6871508379888268,0.7142857142857143,0.7007182761372706,0.548903538275259,0.69,0.895,0.105,0.64,0.29,200.0,179.0,21.0,0.5710453662723802,0.24523751849858738,0.6834452102990449,0.010224673752186194,0.0913300674416084,0.1119529858961651,179.0,21.0,200.0,0.026907036189963675,0.69,4801.0,0.03020204124140804,0.8413793103448276,145.0,2632.0,0.020896656534954407,0.2909090909090909,55.0,,,
0.64,0.31,7433.0,0.02919413426611059,0.6871508379888268,0.7105263157894737,0.6988385768891503,0.548903538275259,0.6912442396313364,0.8248847926267281,0.17511520737327188,0.64,0.31,217.0,179.0,38.0,0.5710453662723802,0.24523751849858738,0.6834452102990449,0.011166420018834926,0.09494133516881796,0.11761389282107303,179.0,38.0,217.0,0.02919413426611059,0.6912442396313364,4801.0,0.03270152051655905,0.8471337579617835,157.0,2632.0,0.022796352583586626,0.2833333333333333,60.0,,,
0.64,0.33,7433.0,0.03269204897080587,0.6871508379888268,0.765625,0.7263879189944134,0.548903538275259,0.7078189300411523,0.7366255144032922,0.26337448559670784,0.64,0.33,243.0,179.0,64.0,0.5710453662723802,0.24523751849858738,0.6834452102990449,0.013588053275931657,0.0977343227706475,0.13903051549063938,179.0,64.0,243.0,0.03269204897080587,0.7078189300411523,4801.0,0.03770047906686107,0.850828729281768,181.0,2632.0,0.023556231003039513,0.2903225806451613,62.0,,,
0.64,0.35,7433.0,0.04143683573254406,0.6871508379888268,0.751937984496124,0.7195444112424754,0.548903538275259,0.7142857142857143,0.5811688311688312,0.41883116883116883,0.64,0.35,308.0,179.0,129.0,0.5710453662723802,0.24523751849858738,0.6834452102990449,0.017758643885376027,0.1088076096768237,0.16321141451523555,179.0,129.0,308.0,0.04143683573254406,0.7142857142857143,4801.0,0.04769839616746511,0.8296943231441049,229.0,2632.0,0.03001519756838906,0.379746835443038,79.0,,,
0.64,0.37,7433.0,0.050450692856181895,0.6871508379888268,0.6989795918367347,0.6930652149127807,0.548903538275259,0.6933333333333334,0.47733333333333333,0.5226666666666666,0.64,0.37,375.0,179.0,196.0,0.5710453662723802,0.24523751849858738,0.6834452102990449,0.01950760123772367,0.12438466870651348,0.15683284315169096,179.0,196.0,375.0,0.050450692856181895,0.6933333333333334,4801.0,0.05686315350968548,0.8021978021978022,273.0,2632.0,0.03875379939209726,0.4019607843137255,102.0,,,
0.64,0.39,7433.0,0.06363514058926409,0.6871508379888268,0.6938775510204082,0.6905141945046175,0.548903538275259,0.6913319238900634,0.3784355179704017,0.6215644820295984,0.64,0.39,473.0,179.0,294.0,0.5710453662723802,0.24523751849858738,0.6834452102990449,0.024350867751917117,0.14015040641636928,0.17374810658467693,179.0,294.0,473.0,0.06363514058926409,0.6913319238900634,4801.0,0.07040199958342012,0.7840236686390533,338.0,2632.0,0.051291793313069906,0.45925925925925926,135.0,,,
0.64,0.41,7433.0,0.08206646037938921,0.6871508379888268,0.665893271461717,0.6765220547252719,0.548903538275259,0.6721311475409836,0.2934426229508197,0.7065573770491803,0.64,0.41,610.0,179.0,431.0,0.5710453662723802,0.24523751849858738,0.6834452102990449,0.028252387999461854,0.164033643469758,0.17223532564324584,179.0,431.0,610.0,0.08206646037938921,0.6721311475409836,4801.0,0.08873151426786086,0.7488262910798122,426.0,2632.0,0.06990881458966565,0.4945652173913043,184.0,,,
0.64,0.43,7433.0,0.11368222790259652,0.6871508379888268,0.6396396396396397,0.6633952388142332,0.548903538275259,0.6497041420118344,0.2118343195266272,0.7881656804733728,0.64,0.43,845.0,179.0,666.0,0.5710453662723802,0.24523751849858738,0.6834452102990449,0.03403740078030405,0.19955554004122822,0.17056605280550927,179.0,666.0,845.0,0.11368222790259652,0.6497041420118344,4801.0,0.11935013538846073,0.7260034904013961,573.0,2632.0,0.1033434650455927,0.4889705882352941,272.0,,,
0.64,0.45,7433.0,0.15754069689223732,0.6871508379888268,0.6108870967741935,0.6490189673815101,0.548903538275259,0.6225448334756618,0.15286080273270708,0.8471391972672929,0.64,0.45,1171.0,179.0,992.0,0.5710453662723802,0.24523751849858738,0.6834452102990449,0.038611596932597865,0.24385354206945553,0.15833929089125276,179.0,992.0,1171.0,0.15754069689223732,0.6225448334756618,4801.0,0.16059154342845242,0.682230869001297,771.0,2632.0,0.1519756838905775,0.5075,400.0,,,
0.64,0.47,7433.0,0.25427149199515675,0.6871508379888268,0.5797779076563413,0.633464372822584,0.548903538275259,0.58994708994709,0.09470899470899471,0.9052910052910053,0.64,0.47,1890.0,179.0,1711.0,0.5710453662723802,0.24523751849858738,0.6834452102990449,0.04574196152293828,0.3229005500709301,0.1416595961601501,179.0,1711.0,1890.0,0.25427149199515675,0.58994708994709,4801.0,0.255155176004999,0.6253061224489795,1225.0,2632.0,0.2526595744680851,0.524812030075188,665.0,,,
0.64,0.49,7433.0,0.3975514597067133,0.6871508379888268,0.5471902017291066,0.6171705198589668,0.548903538275259,0.555668358714044,0.06057529610829103,0.939424703891709,0.64,0.49,2955.0,179.0,2776.0,0.5710453662723802,0.24523751849858738,0.6834452102990449,0.044262074532490224,0.42029119974978246,0.10531287488018153,179.0,2776.0,2955.0,0.3975514597067133,0.555668358714044,4801.0,0.3982503645073943,0.569560669456067,1912.0,2632.0,0.3962765957446808,0.5302013422818792,1043.0,,,
0.66,0.05,7433.0,0.016009686533028387,0.7058823529411765,0.0,0.35294117647058826,0.548903538275259,0.7058823529411765,1.0,0.0,0.66,0.05,119.0,119.0,0.0,0.5710453662723802,0.24523751849858738,0.6834452102990449,0.006592223866541102,0.0686201962489444,0.09606827474852218,119.0,0.0,119.0,0.016009686533028387,0.7058823529411765,4801.0,0.018954384503228495,0.8461538461538461,91.0,2632.0,0.010638297872340425,0.25,28.0,,,
0.66,0.07,7433.0,0.016009686533028387,0.7058823529411765,0.0,0.35294117647058826,0.548903538275259,0.7058823529411765,1.0,0.0,0.66,0.07,119.0,119.0,0.0,0.5710453662723802,0.24523751849858738,0.6834452102990449,0.006592223866541102,0.0686201962489444,0.09606827474852218,119.0,0.0,119.0,0.016009686533028387,0.7058823529411765,4801.0,0.018954384503228495,0.8461538461538461,91.0,2632.0,0.010638297872340425,0.25,28.0,,,
0.66,0.09,7433.0,0.016009686533028387,0.7058823529411765,0.0,0.35294117647058826,0.548903538275259,0.7058823529411765,1.0,0.0,0.66,0.09,119.0,119.0,0.0,0.5710453662723802,0.24523751849858738,0.6834452102990449,0.006592223866541102,0.0686201962489444,0.09606827474852218,119.0,0.0,119.0,0.016009686533028387,0.7058823529411765,4801.0,0.018954384503228495,0.8461538461538461,91.0,2632.0,0.010638297872340425,0.25,28.0,,,
0.66,0.11,7433.0,0.016009686533028387,0.7058823529411765,0.0,0.35294117647058826,0.548903538275259,0.7058823529411765,1.0,0.0,0.66,0.11,119.0,119.0,0.0,0.5710453662723802,0.24523751849858738,0.6834452102990449,0.006592223866541102,0.0686201962489444,0.09606827474852218,119.0,0.0,119.0,0.016009686533028387,0.7058823529411765,4801.0,0.018954384503228495,0.8461538461538461,91.0,2632.0,0.010638297872340425,0.25,28.0,,,
0.66,0.13,7433.0,0.016009686533028387,0.7058823529411765,0.0,0.35294117647058826,0.548903538275259,0.7058823529411765,1.0,0.0,0.66,0.13,119.0,119.0,0.0,0.5710453662723802,0.24523751849858738,0.6834452102990449,0.006592223866541102,0.0686201962489444,0.09606827474852218,119.0,0.0,119.0,0.016009686533028387,0.7058823529411765,4801.0,0.018954384503228495,0.8461538461538461,91.0,2632.0,0.010638297872340425,0.25,28.0,,,
0.66,0.15,7433.0,0.016009686533028387,0.7058823529411765,0.0,0.35294117647058826,0.548903538275259,0.7058823529411765,1.0,0.0,0.66,0.15,119.0,119.0,0.0,0.5710453662723802,0.24523751849858738,0.6834452102990449,0.006592223866541102,0.0686201962489444,0.09606827474852218,119.0,0.0,119.0,0.016009686533028387,0.7058823529411765,4801.0,0.018954384503228495,0.8461538461538461,91.0,2632.0,0.010638297872340425,0.25,28.0,,,
0.66,0.17,7433.0,0.016009686533028387,0.7058823529411765,0.0,0.35294117647058826,0.548903538275259,0.7058823529411765,1.0,0.0,0.66,0.17,119.0,119.0,0.0,0.5710453662723802,0.24523751849858738,0.6834452102990449,0.006592223866541102,0.0686201962489444,0.09606827474852218,119.0,0.0,119.0,0.016009686533028387,0.7058823529411765,4801.0,0.018954384503228495,0.8461538461538461,91.0,2632.0,0.010638297872340425,0.25,28.0,,,
0.66,0.19,7433.0,0.016144221713978207,0.7058823529411765,1.0,0.8529411764705883,0.548903538275259,0.7083333333333334,0.9916666666666667,0.008333333333333333,0.66,0.19,120.0,119.0,1.0,0.5710453662723802,0.24523751849858738,0.6834452102990449,0.006726759047490921,0.0686201962489444,0.09802885178420631,119.0,1.0,120.0,0.016144221713978207,0.7083333333333334,4801.0,0.018954384503228495,0.8461538461538461,91.0,2632.0,0.011018237082066869,0.27586206896551724,29.0,,,
0.66,0.21,7433.0,0.016144221713978207,0.7058823529411765,1.0,0.8529411764705883,0.548903538275259,0.7083333333333334,0.9916666666666667,0.008333333333333333,0.66,0.21,120.0,119.0,1.0,0.5710453662723802,0.24523751849858738,0.6834452102990449,0.006726759047490921,0.0686201962489444,0.09802885178420631,119.0,1.0,120.0,0.016144221713978207,0.7083333333333334,4801.0,0.018954384503228495,0.8461538461538461,91.0,2632.0,0.011018237082066869,0.27586206896551724,29.0,,,
0.66,0.23,7433.0,0.016278756894928022,0.7058823529411765,1.0,0.8529411764705883,0.548903538275259,0.7107438016528925,0.9834710743801653,0.01652892561983471,0.66,0.23,121.0,119.0,2.0,0.5710453662723802,0.24523751849858738,0.6834452102990449,0.0068612942284407355,0.0686201962489444,0.09998942881989038,119.0,2.0,121.0,0.016278756894928022,0.7107438016528925,4801.0,0.01916267444282441,0.8478260869565217,92.0,2632.0,0.011018237082066869,0.27586206896551724,29.0,,,
0.66,0.25,7433.0,0.01668236243777748,0.7058823529411765,0.8,0.7529411764705882,0.548903538275259,0.7096774193548387,0.9596774193548387,0.04032258064516129,0.66,0.25,124.0,119.0,5.0,0.5710453662723802,0.24523751849858738,0.6834452102990449,0.006995829409390557,0.06959358098412138,0.10052406142150869,119.0,5.0,124.0,0.01668236243777748,0.7096774193548387,4801.0,0.019579254322016248,0.851063829787234,94.0,2632.0,0.011398176291793313,0.26666666666666666,30.0,,,
0.66,0.27,7433.0,0.017624108704426208,0.7058823529411765,0.6666666666666666,0.6862745098039216,0.548903538275259,0.7022900763358778,0.9083969465648855,0.0916030534351145,0.66,0.27,131.0,119.0,12.0,0.5710453662723802,0.24523751849858738,0.6834452102990449,0.007130364590340372,0.07243529565786916,0.09843770948377085,119.0,12.0,131.0,0.017624108704426208,0.7022900763358778,4801.0,0.020204124140804,0.8556701030927835,97.0,2632.0,0.012917933130699088,0.2647058823529412,34.0,,,
0.66,0.29,7433.0,0.018834925332974574,0.7058823529411765,0.7142857142857143,0.7100840336134454,0.548903538275259,0.7071428571428572,0.85,0.15,0.66,0.29,140.0,119.0,21.0,0.5710453662723802,0.24523751849858738,0.6834452102990449,0.0078030404950894675,0.07426939086152891,0.10506401634069945,119.0,21.0,140.0,0.018834925332974574,0.7071428571428572,4801.0,0.021453863778379503,0.8640776699029126,103.0,2632.0,0.01405775075987842,0.2702702702702703,37.0,,,
0.66,0.31,7433.0,0.021122023409121487,0.7058823529411765,0.7105263157894737,0.708204334365325,0.548903538275259,0.7070063694267515,0.7579617834394905,0.24203821656050956,0.66,0.31,157.0,119.0,38.0,0.5710453662723802,0.24523751849858738,0.6834452102990449,0.008744786761738193,0.07866777182361051,0.11116098192466696,119.0,38.0,157.0,0.021122023409121487,0.7070063694267515,4801.0,0.023953343053530515,0.8695652173913043,115.0,2632.0,0.015957446808510637,0.2619047619047619,42.0,,,
0.66,0.33,7433.0,0.024619938113816763,0.7058823529411765,0.765625,0.7357536764705883,0.548903538275259,0.726775956284153,0.6502732240437158,0.34972677595628415,0.66,0.33,183.0,119.0,64.0,0.5710453662723802,0.24523751849858738,0.6834452102990449,0.011166420018834926,0.08201682173487898,0.13614792407989915,119.0,64.0,183.0,0.024619938113816763,0.726775956284153,4801.0,0.028952301603832536,0.8705035971223022,139.0,2632.0,0.016717325227963525,0.2727272727272727,44.0,,,
0.66,0.35,7433.0,0.03336472487555496,0.7058823529411765,0.751937984496124,0.7289101687186503,0.548903538275259,0.7298387096774194,0.4798387096774194,0.5201612903225806,0.66,0.35,248.0,119.0,129.0,0.5710453662723802,0.24523751849858738,0.6834452102990449,0.015337010628279298,0.09494133516881796,0.16154197327231717,119.0,129.0,248.0,0.03336472487555496,0.7298387096774194,4801.0,0.03895021870443657,0.839572192513369,187.0,2632.0,0.02317629179331307,0.39344262295081966,61.0,,,
0.66,0.37,7433.0,0.04237858199919279,0.7058823529411765,0.6989795918367347,0.7024309723889557,0.548903538275259,0.7015873015873015,0.37777777777777777,0.6222222222222222,0.66,0.37,315.0,119.0,196.0,0.5710453662723802,0.24523751849858738,0.6834452102990449,0.01708596798062693,0.11245580024739911,0.15193496416403918,119.0,196.0,315.0,0.04237858199919279,0.7015873015873015,4801.0,0.048114976046656946,0.8051948051948052,231.0,2632.0,0.031914893617021274,0.4166666666666667,84.0,,,
0.66,0.39,7433.0,0.05556302973227499,0.7058823529411765,0.6938775510204082,0.6998799519807923,0.548903538275259,0.6973365617433414,0.288135593220339,0.711864406779661,0.66,0.39,413.0,119.0,294.0,0.5710453662723802,0.24523751849858738,0.6834452102990449,0.021929234494820392,0.12967998156511013,0.16910269596090352,119.0,294.0,413.0,0.05556302973227499,0.6973365617433414,4801.0,0.06165382212039158,0.7837837837837838,296.0,2632.0,0.044452887537993924,0.47863247863247865,117.0,,,
0.66,0.41,7433.0,0.07399434952240011,0.7058823529411765,0.665893271461717,0.6858878122014467,0.548903538275259,0.6745454545454546,0.21636363636363637,0.7836363636363637,0.66,0.41,550.0,119.0,431.0,0.5710453662723802,0.24523751849858738,0.6834452102990449,0.025830754742365132,0.15518310922912162,0.16645339090497963,119.0,431.0,550.0,0.07399434952240011,0.6745454545454546,4801.0,0.07998333680483233,0.7447916666666666,384.0,2632.0,0.06306990881458967,0.5120481927710844,166.0,,,
0.66,0.43,7433.0,0.10561011704560742,0.7058823529411765,0.6396396396396397,0.6727609962904081,0.548903538275259,0.6496815286624203,0.15159235668789808,0.8484076433121019,0.66,0.43,785.0,119.0,666.0,0.5710453662723802,0.24523751849858738,0.6834452102990449,0.031615767523207314,0.1923464966179526,0.16436882438261402,119.0,666.0,785.0,0.10561011704560742,0.6496815286624203,4801.0,0.1106019579254322,0.7212806026365348,531.0,2632.0,0.09650455927051672,0.5,254.0,,,
0.66,0.45,7433.0,0.1494685860352482,0.7058823529411765,0.6108870967741935,0.6583847248576851,0.548903538275259,0.6210621062106211,0.10711071107110712,0.8928892889288929,0.66,0.45,1111.0,119.0,992.0,0.5710453662723802,0.24523751849858738,0.6834452102990449,0.03618996367550115,0.23799014933369309,0.15206496477616022,119.0,992.0,1111.0,0.1494685860352482,0.6210621062106211,4801.0,0.15184336596542386,0.6762688614540466,729.0,2632.0,0.14513677811550152,0.5157068062827225,382.0,,,
0.66,0.47,7433.0,0.24619938113816764,0.7058823529411765,0.5797779076563413,0.6428301302987589,0.548903538275259,0.5879781420765028,0.06502732240437159,0.9349726775956284,0.66,0.47,1830.0,119.0,1711.0,0.5710453662723802,0.24523751849858738,0.6834452102990449,0.04332032826584155,0.3184957243608822,0.13601541544324158,119.0,1711.0,1830.0,0.24619938113816764,0.5879781420765028,4801.0,0.24640699854197043,0.6196111580726965,1183.0,2632.0,0.24582066869300911,0.5301391035548686,647.0,,,
0.66,0.49,7433.0,0.3894793488497242,0.7058823529411765,0.5471902017291066,0.6265362773351415,0.548903538275259,0.553713298791019,0.041105354058721934,0.958894645941278,0.66,0.49,2895.0,119.0,2776.0,0.5710453662723802,0.24523751849858738,0.6834452102990449,0.041840441275393554,0.41691660291617716,0.10035686029948236,119.0,2776.0,2895.0,0.3894793488497242,0.553713298791019,4801.0,0.38950218704436573,0.5647058823529412,1870.0,2632.0,0.38943768996960487,0.5336585365853659,1025.0,,,
0.68,0.05,7433.0,0.00995560339028656,0.7162162162162162,0.0,0.3581081081081081,0.548903538275259,0.7162162162162162,1.0,0.0,0.68,0.05,74.0,74.0,0.0,0.5710453662723802,0.24523751849858738,0.6834452102990449,0.004305125790394188,0.05315297545712926,0.08099501022038746,74.0,0.0,74.0,0.00995560339028656,0.7162162162162162,4801.0,0.011247656738179545,0.8888888888888888,54.0,2632.0,0.007598784194528876,0.25,20.0,,,
0.68,0.07,7433.0,0.00995560339028656,0.7162162162162162,0.0,0.3581081081081081,0.548903538275259,0.7162162162162162,1.0,0.0,0.68,0.07,74.0,74.0,0.0,0.5710453662723802,0.24523751849858738,0.6834452102990449,0.004305125790394188,0.05315297545712926,0.08099501022038746,74.0,0.0,74.0,0.00995560339028656,0.7162162162162162,4801.0,0.011247656738179545,0.8888888888888888,54.0,2632.0,0.007598784194528876,0.25,20.0,,,
0.68,0.09,7433.0,0.00995560339028656,0.7162162162162162,0.0,0.3581081081081081,0.548903538275259,0.7162162162162162,1.0,0.0,0.68,0.09,74.0,74.0,0.0,0.5710453662723802,0.24523751849858738,0.6834452102990449,0.004305125790394188,0.05315297545712926,0.08099501022038746,74.0,0.0,74.0,0.00995560339028656,0.7162162162162162,4801.0,0.011247656738179545,0.8888888888888888,54.0,2632.0,0.007598784194528876,0.25,20.0,,,
0.68,0.11,7433.0,0.00995560339028656,0.7162162162162162,0.0,0.3581081081081081,0.548903538275259,0.7162162162162162,1.0,0.0,0.68,0.11,74.0,74.0,0.0,0.5710453662723802,0.24523751849858738,0.6834452102990449,0.004305125790394188,0.05315297545712926,0.08099501022038746,74.0,0.0,74.0,0.00995560339028656,0.7162162162162162,4801.0,0.011247656738179545,0.8888888888888888,54.0,2632.0,0.007598784194528876,0.25,20.0,,,
0.68,0.13,7433.0,0.00995560339028656,0.7162162162162162,0.0,0.3581081081081081,0.548903538275259,0.7162162162162162,1.0,0.0,0.68,0.13,74.0,74.0,0.0,0.5710453662723802,0.24523751849858738,0.6834452102990449,0.004305125790394188,0.05315297545712926,0.08099501022038746,74.0,0.0,74.0,0.00995560339028656,0.7162162162162162,4801.0,0.011247656738179545,0.8888888888888888,54.0,2632.0,0.007598784194528876,0.25,20.0,,,
0.68,0.15,7433.0,0.00995560339028656,0.7162162162162162,0.0,0.3581081081081081,0.548903538275259,0.7162162162162162,1.0,0.0,0.68,0.15,74.0,74.0,0.0,0.5710453662723802,0.24523751849858738,0.6834452102990449,0.004305125790394188,0.05315297545712926,0.08099501022038746,74.0,0.0,74.0,0.00995560339028656,0.7162162162162162,4801.0,0.011247656738179545,0.8888888888888888,54.0,2632.0,0.007598784194528876,0.25,20.0,,,
0.68,0.17,7433.0,0.00995560339028656,0.7162162162162162,0.0,0.3581081081081081,0.548903538275259,0.7162162162162162,1.0,0.0,0.68,0.17,74.0,74.0,0.0,0.5710453662723802,0.24523751849858738,0.6834452102990449,0.004305125790394188,0.05315297545712926,0.08099501022038746,74.0,0.0,74.0,0.00995560339028656,0.7162162162162162,4801.0,0.011247656738179545,0.8888888888888888,54.0,2632.0,0.007598784194528876,0.25,20.0,,,
0.68,0.19,7433.0,0.010090138571236378,0.7162162162162162,1.0,0.8581081081081081,0.548903538275259,0.72,0.9866666666666667,0.013333333333333334,0.68,0.19,75.0,74.0,1.0,0.5710453662723802,0.24523751849858738,0.6834452102990449,0.004439660971344006,0.05315297545712926,0.08352610428977456,74.0,1.0,75.0,0.010090138571236378,0.72,4801.0,0.011247656738179545,0.8888888888888888,54.0,2632.0,0.007978723404255319,0.2857142857142857,21.0,,,
0.68,0.21,7433.0,0.010090138571236378,0.7162162162162162,1.0,0.8581081081081081,0.548903538275259,0.72,0.9866666666666667,0.013333333333333334,0.68,0.21,75.0,74.0,1.0,0.5710453662723802,0.24523751849858738,0.6834452102990449,0.004439660971344006,0.05315297545712926,0.08352610428977456,74.0,1.0,75.0,0.010090138571236378,0.72,4801.0,0.011247656738179545,0.8888888888888888,54.0,2632.0,0.007978723404255319,0.2857142857142857,21.0,,,
0.68,0.23,7433.0,0.010224673752186197,0.7162162162162162,1.0,0.8581081081081081,0.548903538275259,0.7236842105263158,0.9736842105263158,0.02631578947368421,0.68,0.23,76.0,74.0,2.0,0.5710453662723802,0.24523751849858738,0.6834452102990449,0.004574196152293826,0.05315297545712926,0.08605719835916169,74.0,2.0,76.0,0.010224673752186197,0.7236842105263158,4801.0,0.011455946677775464,0.8909090909090909,55.0,2632.0,0.007978723404255319,0.2857142857142857,21.0,,,
0.68,0.25,7433.0,0.010628279295035651,0.7162162162162162,0.8,0.7581081081081081,0.548903538275259,0.7215189873417721,0.9367088607594937,0.06329113924050633,0.68,0.25,79.0,74.0,5.0,0.5710453662723802,0.24523751849858738,0.6834452102990449,0.004708731333243642,0.054403804838411854,0.08655150769747336,74.0,5.0,79.0,0.010628279295035651,0.7215189873417721,4801.0,0.011872526556967298,0.8947368421052632,57.0,2632.0,0.008358662613981762,0.2727272727272727,22.0,,,
0.68,0.27,7433.0,0.01157002556168438,0.7162162162162162,0.6666666666666666,0.6914414414414414,0.548903538275259,0.7093023255813954,0.8604651162790697,0.13953488372093023,0.68,0.27,86.0,74.0,12.0,0.5710453662723802,0.24523751849858738,0.6834452102990449,0.004843266514193463,0.05799465082010115,0.08351229718094569,74.0,12.0,86.0,0.01157002556168438,0.7093023255813954,4801.0,0.012497396375755051,0.9,60.0,2632.0,0.009878419452887538,0.2692307692307692,26.0,,,
0.68,0.29,7433.0,0.012780842190232745,0.7162162162162162,0.7142857142857143,0.7152509652509653,0.548903538275259,0.7157894736842105,0.7789473684210526,0.22105263157894736,0.68,0.29,95.0,74.0,21.0,0.5710453662723802,0.24523751849858738,0.6834452102990449,0.005515942418942554,0.06026980907257875,0.09152082118428627,74.0,21.0,95.0,0.012780842190232745,0.7157894736842105,4801.0,0.013747136013330555,0.9090909090909091,66.0,2632.0,0.011018237082066869,0.27586206896551724,29.0,,,
0.68,0.31,7433.0,0.015067940266379658,0.7162162162162162,0.7105263157894737,0.713371266002845,0.548903538275259,0.7142857142857143,0.6607142857142857,0.3392857142857143,0.68,0.31,112.0,74.0,38.0,0.5710453662723802,0.24523751849858738,0.6834452102990449,0.006457688685591282,0.06561345738790318,0.09842018608185481,74.0,38.0,112.0,0.015067940266379658,0.7142857142857143,4801.0,0.016246615288481567,0.9102564102564102,78.0,2632.0,0.012917933130699088,0.2647058823529412,34.0,,,
0.68,0.33,7433.0,0.018565854971074935,0.7162162162162162,0.765625,0.7409206081081081,0.548903538275259,0.7391304347826086,0.5362318840579711,0.463768115942029,0.68,0.33,138.0,74.0,64.0,0.5710453662723802,0.24523751849858738,0.6834452102990449,0.00887932194268801,0.0695935809841214,0.12758823180422246,74.0,64.0,138.0,0.018565854971074935,0.7391304347826086,4801.0,0.021245573838783588,0.9019607843137255,102.0,2632.0,0.013677811550151976,0.2777777777777778,36.0,,,
0.68,0.35,7433.0,0.02731064173281313,0.7162162162162162,0.751937984496124,0.7340771003561701,0.548903538275259,0.7389162561576355,0.3645320197044335,0.6354679802955665,0.68,0.35,203.0,74.0,129.0,0.5710453662723802,0.24523751849858738,0.6834452102990449,0.013049912552132382,0.08444148619215779,0.15454385208753404,74.0,129.0,203.0,0.02731064173281313,0.7389162561576355,4801.0,0.03124349093938763,0.8533333333333334,150.0,2632.0,0.02013677811550152,0.41509433962264153,53.0,,,
0.68,0.37,7433.0,0.03632449885645096,0.7162162162162162,0.6989795918367347,0.7075979040264755,0.548903538275259,0.7037037037037037,0.2740740740740741,0.725925925925926,0.68,0.37,270.0,74.0,196.0,0.5710453662723802,0.24523751849858738,0.6834452102990449,0.014798869904480023,0.10374398525208808,0.14264797972162113,74.0,196.0,270.0,0.03632449885645096,0.7037037037037037,4801.0,0.040408248281608,0.8092783505154639,194.0,2632.0,0.028875379939209727,0.4342105263157895,76.0,,,
0.68,0.39,7433.0,0.04950894658953316,0.7162162162162162,0.6938775510204082,0.7050468836183121,0.548903538275259,0.6983695652173914,0.20108695652173914,0.7989130434782609,0.68,0.39,368.0,74.0,294.0,0.5710453662723802,0.24523751849858738,0.6834452102990449,0.01964213641867349,0.12220231211163657,0.1607345726873779,74.0,294.0,368.0,0.04950894658953316,0.6983695652173914,4801.0,0.05394709435534264,0.7837837837837838,259.0,2632.0,0.04141337386018237,0.4954128440366973,109.0,,,
0.68,0.41,7433.0,0.06794026637965828,0.7162162162162162,0.665893271461717,0.6910547438389666,0.548903538275259,0.6732673267326733,0.14653465346534653,0.8534653465346534,0.68,0.41,505.0,74.0,431.0,0.5710453662723802,0.24523751849858738,0.6834452102990449,0.02354365666621822,0.14899095562053433,0.15802071050662736,74.0,431.0,505.0,0.06794026637965828,0.6732673267326733,4801.0,0.07227660903978338,0.7406340057636888,347.0,2632.0,0.06003039513677812,0.5253164556962026,158.0,,,
0.68,0.43,7433.0,0.0995560339028656,0.7162162162162162,0.6396396396396397,0.677927927927928,0.548903538275259,0.6472972972972973,0.1,0.9,0.68,0.43,740.0,74.0,666.0,0.5710453662723802,0.24523751849858738,0.6834452102990449,0.029328669447060418,0.18738645155907777,0.1565143541757815,74.0,666.0,740.0,0.0995560339028656,0.6472972972972973,4801.0,0.10289523016038325,0.7165991902834008,494.0,2632.0,0.09346504559270517,0.508130081300813,246.0,,,
0.68,0.45,7433.0,0.1434145028925064,0.7162162162162162,0.6108870967741935,0.6635516564952049,0.548903538275259,0.6181988742964353,0.06941838649155722,0.9305816135084428,0.68,0.45,1066.0,74.0,992.0,0.5710453662723802,0.24523751849858738,0.6834452102990449,0.03390286559935424,0.2339996124923631,0.14488428095350245,74.0,992.0,1066.0,0.1434145028925064,0.6181988742964353,4801.0,0.14413663820037492,0.6705202312138728,692.0,2632.0,0.14209726443768997,0.5213903743315508,374.0,,,
0.68,0.47,7433.0,0.2401452979954258,0.7162162162162162,0.5797779076563413,0.6479970619362787,0.548903538275259,0.5854341736694678,0.04145658263305322,0.9585434173669468,0.68,0.47,1785.0,74.0,1711.0,0.5710453662723802,0.24523751849858738,0.6834452102990449,0.04103323018969462,0.3155250131176062,0.13004747162279723,74.0,1711.0,1785.0,0.2401452979954258,0.5854341736694678,4801.0,0.23870027077692146,0.6143106457242583,1146.0,2632.0,0.24278115501519756,0.5336463223787168,639.0,,,
0.68,0.49,7433.0,0.3834252657069824,0.7162162162162162,0.5471902017291066,0.6317032089726614,0.548903538275259,0.5515789473684211,0.025964912280701753,0.9740350877192983,0.68,0.49,2850.0,74.0,2776.0,0.5710453662723802,0.24523751849858738,0.6834452102990449,0.03955334319924661,0.41465161431479786,0.0953893385043432,74.0,2776.0,2850.0,0.3834252657069824,0.5515789473684211,4801.0,0.3817954592793168,0.5602836879432624,1833.0,2632.0,0.3863981762917933,0.5358898721730581,1017.0,,,
0.7,0.05,7433.0,0.006726759047490919,0.74,0.0,0.37,0.548903538275259,0.74,1.0,0.0,0.7,0.05,50.0,50.0,0.0,0.5710453662723802,0.24523751849858738,0.6834452102990449,0.003228844342795641,0.04182053744690088,0.07720714605581701,50.0,0.0,50.0,0.006726759047490919,0.74,4801.0,0.007706727765048948,0.918918918918919,37.0,2632.0,0.004939209726443769,0.23076923076923078,13.0,,,
0.7,0.07,7433.0,0.006726759047490919,0.74,0.0,0.37,0.548903538275259,0.74,1.0,0.0,0.7,0.07,50.0,50.0,0.0,0.5710453662723802,0.24523751849858738,0.6834452102990449,0.003228844342795641,0.04182053744690088,0.07720714605581701,50.0,0.0,50.0,0.006726759047490919,0.74,4801.0,0.007706727765048948,0.918918918918919,37.0,2632.0,0.004939209726443769,0.23076923076923078,13.0,,,
0.7,0.09,7433.0,0.006726759047490919,0.74,0.0,0.37,0.548903538275259,0.74,1.0,0.0,0.7,0.09,50.0,50.0,0.0,0.5710453662723802,0.24523751849858738,0.6834452102990449,0.003228844342795641,0.04182053744690088,0.07720714605581701,50.0,0.0,50.0,0.006726759047490919,0.74,4801.0,0.007706727765048948,0.918918918918919,37.0,2632.0,0.004939209726443769,0.23076923076923078,13.0,,,
0.7,0.11,7433.0,0.006726759047490919,0.74,0.0,0.37,0.548903538275259,0.74,1.0,0.0,0.7,0.11,50.0,50.0,0.0,0.5710453662723802,0.24523751849858738,0.6834452102990449,0.003228844342795641,0.04182053744690088,0.07720714605581701,50.0,0.0,50.0,0.006726759047490919,0.74,4801.0,0.007706727765048948,0.918918918918919,37.0,2632.0,0.004939209726443769,0.23076923076923078,13.0,,,
0.7,0.13,7433.0,0.006726759047490919,0.74,0.0,0.37,0.548903538275259,0.74,1.0,0.0,0.7,0.13,50.0,50.0,0.0,0.5710453662723802,0.24523751849858738,0.6834452102990449,0.003228844342795641,0.04182053744690088,0.07720714605581701,50.0,0.0,50.0,0.006726759047490919,0.74,4801.0,0.007706727765048948,0.918918918918919,37.0,2632.0,0.004939209726443769,0.23076923076923078,13.0,,,
0.7,0.15,7433.0,0.006726759047490919,0.74,0.0,0.37,0.548903538275259,0.74,1.0,0.0,0.7,0.15,50.0,50.0,0.0,0.5710453662723802,0.24523751849858738,0.6834452102990449,0.003228844342795641,0.04182053744690088,0.07720714605581701,50.0,0.0,50.0,0.006726759047490919,0.74,4801.0,0.007706727765048948,0.918918918918919,37.0,2632.0,0.004939209726443769,0.23076923076923078,13.0,,,
0.7,0.17,7433.0,0.006726759047490919,0.74,0.0,0.37,0.548903538275259,0.74,1.0,0.0,0.7,0.17,50.0,50.0,0.0,0.5710453662723802,0.24523751849858738,0.6834452102990449,0.003228844342795641,0.04182053744690088,0.07720714605581701,50.0,0.0,50.0,0.006726759047490919,0.74,4801.0,0.007706727765048948,0.918918918918919,37.0,2632.0,0.004939209726443769,0.23076923076923078,13.0,,,
0.7,0.19,7433.0,0.006861294228440737,0.74,1.0,0.87,0.548903538275259,0.7450980392156863,0.9803921568627451,0.0196078431372549,0.7,0.19,51.0,50.0,1.0,0.5710453662723802,0.24523751849858738,0.6834452102990449,0.00336337952374546,0.04182053744690088,0.0804241104748094,50.0,1.0,51.0,0.006861294228440737,0.7450980392156863,4801.0,0.007706727765048948,0.918918918918919,37.0,2632.0,0.005319148936170213,0.2857142857142857,14.0,,,
0.7,0.21,7433.0,0.006861294228440737,0.74,1.0,0.87,0.548903538275259,0.7450980392156863,0.9803921568627451,0.0196078431372549,0.7,0.21,51.0,50.0,1.0,0.5710453662723802,0.24523751849858738,0.6834452102990449,0.00336337952374546,0.04182053744690088,0.0804241104748094,50.0,1.0,51.0,0.006861294228440737,0.7450980392156863,4801.0,0.007706727765048948,0.918918918918919,37.0,2632.0,0.005319148936170213,0.2857142857142857,14.0,,,
0.7,0.23,7433.0,0.006995829409390556,0.74,1.0,0.87,0.548903538275259,0.75,0.9615384615384616,0.038461538461538464,0.7,0.23,52.0,50.0,2.0,0.5710453662723802,0.24523751849858738,0.6834452102990449,0.003497914704695278,0.04182053744690088,0.08364107489380176,50.0,2.0,52.0,0.006995829409390556,0.75,4801.0,0.007915017704644865,0.9210526315789473,38.0,2632.0,0.005319148936170213,0.2857142857142857,14.0,,,
0.7,0.25,7433.0,0.007399434952240011,0.74,0.8,0.77,0.548903538275259,0.7454545454545455,0.9090909090909091,0.09090909090909091,0.7,0.25,55.0,50.0,5.0,0.5710453662723802,0.24523751849858738,0.6834452102990449,0.0036324498856450966,0.043399222726881376,0.08369850097327125,50.0,5.0,55.0,0.007399434952240011,0.7454545454545455,4801.0,0.0083315975838367,0.925,40.0,2632.0,0.0056990881458966565,0.26666666666666666,15.0,,,
0.7,0.27,7433.0,0.00834118121888874,0.74,0.6666666666666666,0.7033333333333334,0.548903538275259,0.7258064516129032,0.8064516129032258,0.1935483870967742,0.7,0.27,62.0,50.0,12.0,0.5710453662723802,0.24523751849858738,0.6834452102990449,0.0037669850665949154,0.04782361421041819,0.07876830575833585,50.0,12.0,62.0,0.00834118121888874,0.7258064516129032,4801.0,0.008956467402624454,0.9302325581395349,43.0,2632.0,0.007218844984802432,0.2631578947368421,19.0,,,
0.7,0.29,7433.0,0.009551997847437104,0.74,0.7142857142857143,0.7271428571428571,0.548903538275259,0.7323943661971831,0.704225352112676,0.29577464788732394,0.7,0.29,71.0,50.0,21.0,0.5710453662723802,0.24523751849858738,0.6834452102990449,0.004439660971344007,0.05055856443814983,0.0878122434978392,50.0,21.0,71.0,0.009551997847437104,0.7323943661971831,4801.0,0.010206207040199958,0.9387755102040817,49.0,2632.0,0.008358662613981762,0.2727272727272727,22.0,,,
0.7,0.31,7433.0,0.011839095923584017,0.74,0.7105263157894737,0.7252631578947368,0.548903538275259,0.7272727272727273,0.5681818181818182,0.4318181818181818,0.7,0.31,88.0,50.0,38.0,0.5710453662723802,0.24523751849858738,0.6834452102990449,0.005381407237992735,0.05682292092805192,0.09470486821341988,50.0,38.0,88.0,0.011839095923584017,0.7272727272727273,4801.0,0.012705686315350968,0.9344262295081968,61.0,2632.0,0.010258358662613981,0.25925925925925924,27.0,,,
0.7,0.33,7433.0,0.015337010628279295,0.74,0.765625,0.7528125,0.548903538275259,0.7543859649122807,0.43859649122807015,0.5614035087719298,0.7,0.33,114.0,50.0,64.0,0.5710453662723802,0.24523751849858738,0.6834452102990449,0.007803040495089466,0.061375769376806305,0.12713552228052735,50.0,64.0,114.0,0.015337010628279295,0.7543859649122807,4801.0,0.01770464486565299,0.9176470588235294,85.0,2632.0,0.011018237082066869,0.27586206896551724,29.0,,,
0.7,0.35,7433.0,0.02408179739001749,0.74,0.751937984496124,0.745968992248062,0.548903538275259,0.7486033519553073,0.27932960893854747,0.7206703910614525,0.7,0.35,179.0,50.0,129.0,0.5710453662723802,0.24523751849858738,0.6834452102990449,0.011973631104533835,0.07780798893906607,0.15388691145726396,50.0,129.0,179.0,0.02408179739001749,0.7486033519553073,4801.0,0.02770256196625703,0.8571428571428571,133.0,2632.0,0.017477203647416412,0.43478260869565216,46.0,,,
0.7,0.37,7433.0,0.03309565451365532,0.74,0.6989795918367347,0.7194897959183674,0.548903538275259,0.7073170731707317,0.2032520325203252,0.7967479674796748,0.7,0.37,246.0,50.0,196.0,0.5710453662723802,0.24523751849858738,0.6834452102990449,0.013722588456881473,0.09842018608185481,0.13942859694929424,50.0,196.0,246.0,0.03309565451365532,0.7073170731707317,4801.0,0.0368673193084774,0.807909604519774,177.0,2632.0,0.02621580547112462,0.4492753623188406,69.0,,,
0.7,0.39,7433.0,0.04628010224673752,0.74,0.6938775510204082,0.7169387755102041,0.548903538275259,0.7005813953488372,0.14534883720930233,0.8546511627906976,0.7,0.39,344.0,50.0,294.0,0.5710453662723802,0.24523751849858738,0.6834452102990449,0.01856585497107494,0.11771628450571862,0.15771696370669103,50.0,294.0,344.0,0.04628010224673752,0.7005813953488372,4801.0,0.05040616538221204,0.78099173553719,242.0,2632.0,0.03875379939209726,0.5098039215686274,102.0,,,
0.7,0.41,7433.0,0.06471142203686264,0.74,0.665893271461717,0.7029466357308585,0.548903538275259,0.6735966735966736,0.10395010395010396,0.896049896049896,0.7,0.41,481.0,50.0,431.0,0.5710453662723802,0.24523751849858738,0.6834452102990449,0.022467375218619676,0.14533417839283877,0.15459113243059927,50.0,431.0,481.0,0.06471142203686264,0.6735966735966736,4801.0,0.06873568006665277,0.7363636363636363,330.0,2632.0,0.05737082066869301,0.5364238410596026,151.0,,,
0.7,0.43,7433.0,0.09632718956006996,0.74,0.6396396396396397,0.6898198198198198,0.548903538275259,0.6466480446927374,0.06983240223463687,0.9301675977653632,0.7,0.43,716.0,50.0,666.0,0.5710453662723802,0.24523751849858738,0.6834452102990449,0.028252387999461854,0.1844922783758281,0.15313588323685334,50.0,666.0,716.0,0.09632718956006996,0.6466480446927374,4801.0,0.09935430118725265,0.7127882599580713,477.0,2632.0,0.09080547112462006,0.5146443514644351,239.0,,,
0.7,0.45,7433.0,0.14018565854971074,0.74,0.6108870967741935,0.6754435483870967,0.548903538275259,0.6170825335892515,0.04798464491362764,0.9520153550863724,0.7,0.45,1042.0,50.0,992.0,0.5710453662723802,0.24523751849858738,0.6834452102990449,0.03282658415175569,0.23168844856612408,0.1416841640354243,50.0,992.0,1042.0,0.14018565854971074,0.6170825335892515,4801.0,0.14059570922724432,0.6666666666666666,675.0,2632.0,0.13943768996960487,0.5258855585831063,367.0,,,
0.7,0.47,7433.0,0.23691645365263017,0.74,0.5797779076563413,0.6598889538281707,0.548903538275259,0.5843270868824532,0.028392958546280524,0.9716070414537195,0.7,0.47,1761.0,50.0,1711.0,0.5710453662723802,0.24523751849858738,0.6834452102990449,0.039956948742096064,0.3138148378507094,0.1273265120787715,50.0,1711.0,1761.0,0.23691645365263017,0.5843270868824532,4801.0,0.2351593418037909,0.6111603188662533,1129.0,2632.0,0.24012158054711247,0.5363924050632911,632.0,,,
0.7,0.49,7433.0,0.38019642136418674,0.74,0.5471902017291066,0.6435951008645533,0.548903538275259,0.5506015569709837,0.017692852087756547,0.9823071479122435,0.7,0.49,2826.0,50.0,2776.0,0.5710453662723802,0.24523751849858738,0.6834452102990449,0.03847706175164802,0.41335176279564767,0.09308551508626386,50.0,2776.0,2826.0,0.38019642136418674,0.5506015569709837,4801.0,0.3782545303061862,0.5578193832599119,1816.0,2632.0,0.3837386018237082,0.5376237623762377,1010.0,,,
0.72,0.05,7433.0,0.004036055428494552,0.8,0.0,0.4,0.548903538275259,0.8,1.0,0.0,0.72,0.05,30.0,30.0,0.0,0.5710453662723802,0.24523751849858738,0.6834452102990449,0.0024216332570967313,0.02841146046402596,0.08523438139207791,30.0,0.0,30.0,0.004036055428494552,0.8,4801.0,0.0045823786711101855,1.0,22.0,2632.0,0.00303951367781155,0.25,8.0,,,
0.72,0.07,7433.0,0.004036055428494552,0.8,0.0,0.4,0.548903538275259,0.8,1.0,0.0,0.72,0.07,30.0,30.0,0.0,0.5710453662723802,0.24523751849858738,0.6834452102990449,0.0024216332570967313,0.02841146046402596,0.08523438139207791,30.0,0.0,30.0,0.004036055428494552,0.8,4801.0,0.0045823786711101855,1.0,22.0,2632.0,0.00303951367781155,0.25,8.0,,,
0.72,0.09,7433.0,0.004036055428494552,0.8,0.0,0.4,0.548903538275259,0.8,1.0,0.0,0.72,0.09,30.0,30.0,0.0,0.5710453662723802,0.24523751849858738,0.6834452102990449,0.0024216332570967313,0.02841146046402596,0.08523438139207791,30.0,0.0,30.0,0.004036055428494552,0.8,4801.0,0.0045823786711101855,1.0,22.0,2632.0,0.00303951367781155,0.25,8.0,,,
0.72,0.11,7433.0,0.004036055428494552,0.8,0.0,0.4,0.548903538275259,0.8,1.0,0.0,0.72,0.11,30.0,30.0,0.0,0.5710453662723802,0.24523751849858738,0.6834452102990449,0.0024216332570967313,0.02841146046402596,0.08523438139207791,30.0,0.0,30.0,0.004036055428494552,0.8,4801.0,0.0045823786711101855,1.0,22.0,2632.0,0.00303951367781155,0.25,8.0,,,
0.72,0.13,7433.0,0.004036055428494552,0.8,0.0,0.4,0.548903538275259,0.8,1.0,0.0,0.72,0.13,30.0,30.0,0.0,0.5710453662723802,0.24523751849858738,0.6834452102990449,0.0024216332570967313,0.02841146046402596,0.08523438139207791,30.0,0.0,30.0,0.004036055428494552,0.8,4801.0,0.0045823786711101855,1.0,22.0,2632.0,0.00303951367781155,0.25,8.0,,,
0.72,0.15,7433.0,0.004036055428494552,0.8,0.0,0.4,0.548903538275259,0.8,1.0,0.0,0.72,0.15,30.0,30.0,0.0,0.5710453662723802,0.24523751849858738,0.6834452102990449,0.0024216332570967313,0.02841146046402596,0.08523438139207791,30.0,0.0,30.0,0.004036055428494552,0.8,4801.0,0.0045823786711101855,1.0,22.0,2632.0,0.00303951367781155,0.25,8.0,,,
0.72,0.17,7433.0,0.004036055428494552,0.8,0.0,0.4,0.548903538275259,0.8,1.0,0.0,0.72,0.17,30.0,30.0,0.0,0.5710453662723802,0.24523751849858738,0.6834452102990449,0.0024216332570967313,0.02841146046402596,0.08523438139207791,30.0,0.0,30.0,0.004036055428494552,0.8,4801.0,0.0045823786711101855,1.0,22.0,2632.0,0.00303951367781155,0.25,8.0,,,
0.72,0.19,7433.0,0.00417059060944437,0.8,1.0,0.9,0.548903538275259,0.8064516129032258,0.967741935483871,0.03225806451612903,0.72,0.19,31.0,30.0,1.0,0.5710453662723802,0.24523751849858738,0.6834452102990449,0.002556168438046549,0.028411460464025963,0.08996962480274885,30.0,1.0,31.0,0.00417059060944437,0.8064516129032258,4801.0,0.0045823786711101855,1.0,22.0,2632.0,0.003419452887537994,0.3333333333333333,9.0,,,
0.72,0.21,7433.0,0.00417059060944437,0.8,1.0,0.9,0.548903538275259,0.8064516129032258,0.967741935483871,0.03225806451612903,0.72,0.21,31.0,30.0,1.0,0.5710453662723802,0.24523751849858738,0.6834452102990449,0.002556168438046549,0.028411460464025963,0.08996962480274885,30.0,1.0,31.0,0.00417059060944437,0.8064516129032258,4801.0,0.0045823786711101855,1.0,22.0,2632.0,0.003419452887537994,0.3333333333333333,9.0,,,
0.72,0.23,7433.0,0.004305125790394188,0.8,1.0,0.9,0.548903538275259,0.8125,0.9375,0.0625,0.72,0.23,32.0,30.0,2.0,0.5710453662723802,0.24523751849858738,0.6834452102990449,0.0026907036189963676,0.028411460464025963,0.09470486821341986,30.0,2.0,32.0,0.004305125790394188,0.8125,4801.0,0.0047906686107061025,1.0,23.0,2632.0,0.003419452887537994,0.3333333333333333,9.0,,,
0.72,0.25,7433.0,0.0047087313332436435,0.8,0.8,0.8,0.548903538275259,0.8,0.8571428571428571,0.14285714285714285,0.72,0.25,35.0,30.0,5.0,0.5710453662723802,0.24523751849858738,0.6834452102990449,0.0028252387999461864,0.03068788468840315,0.09206365406520949,30.0,5.0,35.0,0.0047087313332436435,0.8,4801.0,0.005207248489897938,1.0,25.0,2632.0,0.003799392097264438,0.3,10.0,,,
0.72,0.27,7433.0,0.005650477599892372,0.8,0.6666666666666666,0.7333333333333334,0.548903538275259,0.7619047619047619,0.7142857142857143,0.2857142857142857,0.72,0.27,42.0,30.0,12.0,0.5710453662723802,0.24523751849858738,0.6834452102990449,0.002959773980896004,0.036679037739534334,0.08069388302697551,30.0,12.0,42.0,0.005650477599892372,0.7619047619047619,4801.0,0.005832118308685691,1.0,28.0,2632.0,0.005319148936170213,0.2857142857142857,14.0,,,
0.72,0.29,7433.0,0.006861294228440737,0.8,0.7142857142857143,0.7571428571428571,0.548903538275259,0.7647058823529411,0.5882352941176471,0.4117647058823529,0.72,0.29,51.0,30.0,21.0,0.5710453662723802,0.24523751849858738,0.6834452102990449,0.0036324498856450953,0.04017987271505251,0.09040471360886809,30.0,21.0,51.0,0.006861294228440737,0.7647058823529411,4801.0,0.007081857946261196,1.0,34.0,2632.0,0.006458966565349544,0.29411764705882354,17.0,,,
0.72,0.31,7433.0,0.00914839230458765,0.8,0.7105263157894737,0.7552631578947369,0.548903538275259,0.75,0.4411764705882353,0.5588235294117647,0.72,0.31,68.0,30.0,38.0,0.5710453662723802,0.24523751849858738,0.6834452102990449,0.004574196152293825,0.04782361421041819,0.09564722842083638,30.0,38.0,68.0,0.00914839230458765,0.75,4801.0,0.009581337221412205,0.9782608695652174,46.0,2632.0,0.008358662613981762,0.2727272727272727,22.0,,,
0.72,0.33,7433.0,0.012646307009282928,0.8,0.765625,0.7828125,0.548903538275259,0.776595744680851,0.3191489361702128,0.6808510638297872,0.72,0.33,94.0,30.0,64.0,0.5710453662723802,0.24523751849858738,0.6834452102990449,0.006995829409390555,0.05315297545712927,0.1316168916081296,30.0,64.0,94.0,0.012646307009282928,0.776595744680851,4801.0,0.014580295771714226,0.9428571428571428,70.0,2632.0,0.00911854103343465,0.2916666666666667,24.0,,,
0.72,0.35,7433.0,0.021391093771021122,0.8,0.751937984496124,0.775968992248062,0.548903538275259,0.7610062893081762,0.18867924528301888,0.8113207547169812,0.72,0.35,159.0,30.0,129.0,0.5710453662723802,0.24523751849858738,0.6834452102990449,0.011166420018834928,0.07150060752254554,0.156172379588718,30.0,129.0,159.0,0.021391093771021122,0.7610062893081762,4801.0,0.02457821287231827,0.864406779661017,118.0,2632.0,0.015577507598784195,0.4634146341463415,41.0,,,
0.72,0.37,7433.0,0.030404950894658955,0.8,0.6989795918367347,0.7494897959183674,0.548903538275259,0.7123893805309734,0.13274336283185842,0.8672566371681416,0.72,0.37,226.0,30.0,196.0,0.5710453662723802,0.24523751849858738,0.6834452102990449,0.012915377371182564,0.09351356458684587,0.1381123415436493,30.0,196.0,226.0,0.030404950894658955,0.7123893805309734,4801.0,0.03374297021453864,0.808641975308642,162.0,2632.0,0.0243161094224924,0.46875,64.0,,,
0.72,0.39,7433.0,0.04358939862774115,0.8,0.6938775510204082,0.7469387755102042,0.548903538275259,0.7037037037037037,0.09259259259259259,0.9074074074074074,0.72,0.39,324.0,30.0,294.0,0.5710453662723802,0.24523751849858738,0.6834452102990449,0.017758643885376027,0.11364584185610384,0.1562630325521428,30.0,294.0,324.0,0.04358939862774115,0.7037037037037037,4801.0,0.04728181628827328,0.7797356828193832,227.0,2632.0,0.03685410334346505,0.5257731958762887,97.0,,,
0.72,0.41,7433.0,0.06202071841786627,0.8,0.665893271461717,0.7329466357308585,0.548903538275259,0.6746203904555315,0.0650759219088937,0.9349240780911063,0.72,0.41,461.0,30.0,431.0,0.5710453662723802,0.24523751849858738,0.6834452102990449,0.02166016413292076,0.1420573023201298,0.152474837823606,30.0,431.0,461.0,0.06202071841786627,0.6746203904555315,4801.0,0.06561133097271402,0.7333333333333333,315.0,2632.0,0.05547112462006079,0.547945205479452,146.0,,,
0.72,0.43,7433.0,0.09363648594107359,0.8,0.6396396396396397,0.7198198198198198,0.548903538275259,0.646551724137931,0.04310344827586207,0.9568965517241379,0.72,0.43,696.0,30.0,666.0,0.5710453662723802,0.24523751849858738,0.6834452102990449,0.02744517691376295,0.18192211111806975,0.15086223848815541,30.0,666.0,696.0,0.09363648594107359,0.646551724137931,4801.0,0.09622995209331389,0.70995670995671,462.0,2632.0,0.08890577507598785,0.5213675213675214,234.0,,,
0.72,0.45,7433.0,0.13749495493071437,0.8,0.6108870967741935,0.7054435483870968,0.548903538275259,0.6164383561643836,0.029354207436399216,0.9706457925636007,0.72,0.45,1022.0,30.0,992.0,0.5710453662723802,0.24523751849858738,0.6834452102990449,0.032019373066056775,0.22964710085766116,0.1394285969492943,30.0,992.0,1022.0,0.13749495493071437,0.6164383561643836,4801.0,0.13747136013330555,0.6636363636363637,660.0,2632.0,0.13753799392097266,0.5303867403314917,362.0,,,
0.72,0.47,7433.0,0.2342257500336338,0.8,0.5797779076563413,0.6898889538281707,0.548903538275259,0.5835726593911545,0.01723147616312464,0.9827685238368754,0.72,0.47,1741.0,30.0,1711.0,0.5710453662723802,0.24523751849858738,0.6834452102990449,0.03914973765639717,0.3123107525984629,0.1253550744912452,30.0,1711.0,1741.0,0.2342257500336338,0.5835726593911545,4801.0,0.23203499270985212,0.6086175942549371,1114.0,2632.0,0.23822188449848025,0.5390749601275917,627.0,,,
0.72,0.49,7433.0,0.3775057177451904,0.8,0.5471902017291066,0.6735951008645533,0.548903538275259,0.5498930862437633,0.010691375623663579,0.9893086243763364,0.72,0.49,2806.0,30.0,2776.0,0.5710453662723802,0.24523751849858738,0.6834452102990449,0.03766985066594911,0.41221103034686085,0.09138486816874182,30.0,2776.0,2806.0,0.3775057177451904,0.5498930862437633,4801.0,0.37513018121224745,0.5558023320377568,1801.0,2632.0,0.381838905775076,0.5393034825870647,1005.0,,,
0.74,0.05,7433.0,0.0022870980761469126,0.7647058823529411,0.0,0.38235294117647056,0.548903538275259,0.7647058823529411,1.0,0.0,0.74,0.05,17.0,17.0,0.0,0.5710453662723802,0.24523751849858738,0.6834452102990449,0.0012108166285483652,0.023197860328040464,0.052195185738091024,17.0,0.0,17.0,0.0022870980761469126,0.7647058823529411,4801.0,0.0022911893355550927,1.0,11.0,2632.0,0.0022796352583586625,0.3333333333333333,6.0,,,
0.74,0.07,7433.0,0.0022870980761469126,0.7647058823529411,0.0,0.38235294117647056,0.548903538275259,0.7647058823529411,1.0,0.0,0.74,0.07,17.0,17.0,0.0,0.5710453662723802,0.24523751849858738,0.6834452102990449,0.0012108166285483652,0.023197860328040464,0.052195185738091024,17.0,0.0,17.0,0.0022870980761469126,0.7647058823529411,4801.0,0.0022911893355550927,1.0,11.0,2632.0,0.0022796352583586625,0.3333333333333333,6.0,,,
0.74,0.09,7433.0,0.0022870980761469126,0.7647058823529411,0.0,0.38235294117647056,0.548903538275259,0.7647058823529411,1.0,0.0,0.74,0.09,17.0,17.0,0.0,0.5710453662723802,0.24523751849858738,0.6834452102990449,0.0012108166285483652,0.023197860328040464,0.052195185738091024,17.0,0.0,17.0,0.0022870980761469126,0.7647058823529411,4801.0,0.0022911893355550927,1.0,11.0,2632.0,0.0022796352583586625,0.3333333333333333,6.0,,,
0.74,0.11,7433.0,0.0022870980761469126,0.7647058823529411,0.0,0.38235294117647056,0.548903538275259,0.7647058823529411,1.0,0.0,0.74,0.11,17.0,17.0,0.0,0.5710453662723802,0.24523751849858738,0.6834452102990449,0.0012108166285483652,0.023197860328040464,0.052195185738091024,17.0,0.0,17.0,0.0022870980761469126,0.7647058823529411,4801.0,0.0022911893355550927,1.0,11.0,2632.0,0.0022796352583586625,0.3333333333333333,6.0,,,
0.74,0.13,7433.0,0.0022870980761469126,0.7647058823529411,0.0,0.38235294117647056,0.548903538275259,0.7647058823529411,1.0,0.0,0.74,0.13,17.0,17.0,0.0,0.5710453662723802,0.24523751849858738,0.6834452102990449,0.0012108166285483652,0.023197860328040464,0.052195185738091024,17.0,0.0,17.0,0.0022870980761469126,0.7647058823529411,4801.0,0.0022911893355550927,1.0,11.0,2632.0,0.0022796352583586625,0.3333333333333333,6.0,,,
0.74,0.15,7433.0,0.0022870980761469126,0.7647058823529411,0.0,0.38235294117647056,0.548903538275259,0.7647058823529411,1.0,0.0,0.74,0.15,17.0,17.0,0.0,0.5710453662723802,0.24523751849858738,0.6834452102990449,0.0012108166285483652,0.023197860328040464,0.052195185738091024,17.0,0.0,17.0,0.0022870980761469126,0.7647058823529411,4801.0,0.0022911893355550927,1.0,11.0,2632.0,0.0022796352583586625,0.3333333333333333,6.0,,,
0.74,0.17,7433.0,0.0022870980761469126,0.7647058823529411,0.0,0.38235294117647056,0.548903538275259,0.7647058823529411,1.0,0.0,0.74,0.17,17.0,17.0,0.0,0.5710453662723802,0.24523751849858738,0.6834452102990449,0.0012108166285483652,0.023197860328040464,0.052195185738091024,17.0,0.0,17.0,0.0022870980761469126,0.7647058823529411,4801.0,0.0022911893355550927,1.0,11.0,2632.0,0.0022796352583586625,0.3333333333333333,6.0,,,
0.74,0.19,7433.0,0.002421633257096731,0.7647058823529411,1.0,0.8823529411764706,0.548903538275259,0.7777777777777778,0.9444444444444444,0.05555555555555555,0.74,0.19,18.0,17.0,1.0,0.5710453662723802,0.24523751849858738,0.6834452102990449,0.0013453518094981838,0.023197860328040464,0.05799465082010115,17.0,1.0,18.0,0.002421633257096731,0.7777777777777778,4801.0,0.0022911893355550927,1.0,11.0,2632.0,0.0026595744680851063,0.42857142857142855,7.0,,,
0.74,0.21,7433.0,0.002421633257096731,0.7647058823529411,1.0,0.8823529411764706,0.548903538275259,0.7777777777777778,0.9444444444444444,0.05555555555555555,0.74,0.21,18.0,17.0,1.0,0.5710453662723802,0.24523751849858738,0.6834452102990449,0.0013453518094981838,0.023197860328040464,0.05799465082010115,17.0,1.0,18.0,0.002421633257096731,0.7777777777777778,4801.0,0.0022911893355550927,1.0,11.0,2632.0,0.0026595744680851063,0.42857142857142855,7.0,,,
0.74,0.23,7433.0,0.0025561684380465493,0.7647058823529411,1.0,0.8823529411764706,0.548903538275259,0.7894736842105263,0.8947368421052632,0.10526315789473684,0.74,0.23,19.0,17.0,2.0,0.5710453662723802,0.24523751849858738,0.6834452102990449,0.0014798869904480022,0.023197860328040464,0.06379411590211126,17.0,2.0,19.0,0.0025561684380465493,0.7894736842105263,4801.0,0.0024994792751510102,1.0,12.0,2632.0,0.0026595744680851063,0.42857142857142855,7.0,,,
0.74,0.25,7433.0,0.0029597739808960044,0.7647058823529411,0.8,0.7823529411764706,0.548903538275259,0.7727272727272727,0.7727272727272727,0.22727272727272727,0.74,0.25,22.0,17.0,5.0,0.5710453662723802,0.24523751849858738,0.6834452102990449,0.0016144221713978205,0.02593599631302202,0.062246391151252856,17.0,5.0,22.0,0.0029597739808960044,0.7727272727272727,4801.0,0.0029160591543428453,1.0,14.0,2632.0,0.00303951367781155,0.375,8.0,,,
0.74,0.27,7433.0,0.003901520247544733,0.7647058823529411,0.6666666666666666,0.7156862745098038,0.548903538275259,0.7241379310344828,0.5862068965517241,0.41379310344827586,0.74,0.27,29.0,17.0,12.0,0.5710453662723802,0.24523751849858738,0.6834452102990449,0.001748957352347639,0.03280672869395159,0.05331093412767135,17.0,12.0,29.0,0.003901520247544733,0.7241379310344828,4801.0,0.003540928973130598,1.0,17.0,2632.0,0.004559270516717325,0.3333333333333333,12.0,,,
0.74,0.29,7433.0,0.0051123368760930986,0.7647058823529411,0.7142857142857143,0.7394957983193278,0.548903538275259,0.7368421052631579,0.4473684210526316,0.5526315789473685,0.74,0.29,38.0,17.0,21.0,0.5710453662723802,0.24523751849858738,0.6834452102990449,0.0024216332570967305,0.036679037739534334,0.06602226793116178,17.0,21.0,38.0,0.0051123368760930986,0.7368421052631579,4801.0,0.0047906686107061025,1.0,23.0,2632.0,0.0056990881458966565,0.3333333333333333,15.0,,,
0.74,0.31,7433.0,0.007399434952240011,0.7647058823529411,0.7105263157894737,0.7376160990712074,0.548903538275259,0.7272727272727273,0.3090909090909091,0.6909090909090909,0.74,0.31,55.0,17.0,38.0,0.5710453662723802,0.24523751849858738,0.6834452102990449,0.00336337952374546,0.04492246335907321,0.07487077226512204,17.0,38.0,55.0,0.007399434952240011,0.7272727272727273,4801.0,0.007290147885857113,0.9714285714285714,35.0,2632.0,0.007598784194528876,0.3,20.0,,,
0.74,0.33,7433.0,0.010897349656935288,0.7647058823529411,0.765625,0.7651654411764706,0.548903538275259,0.7654320987654321,0.20987654320987653,0.7901234567901234,0.74,0.33,81.0,17.0,64.0,0.5710453662723802,0.24523751849858738,0.6834452102990449,0.005785012780842189,0.05055856443814984,0.1144220142547601,17.0,64.0,81.0,0.010897349656935288,0.7654320987654321,4801.0,0.012289106436159134,0.9322033898305084,59.0,2632.0,0.008358662613981762,0.3181818181818182,22.0,,,
0.74,0.35,7433.0,0.019642136418673482,0.7647058823529411,0.751937984496124,0.7583219334245326,0.548903538275259,0.7534246575342466,0.11643835616438356,0.8835616438356164,0.74,0.35,146.0,17.0,129.0,0.5710453662723802,0.24523751849858738,0.6834452102990449,0.00995560339028656,0.06959358098412138,0.14305347202291618,17.0,129.0,146.0,0.019642136418673482,0.7534246575342466,4801.0,0.022287023536763175,0.8504672897196262,107.0,2632.0,0.014817629179331307,0.48717948717948717,39.0,,,
0.74,0.37,7433.0,0.028655993542311315,0.7647058823529411,0.6989795918367347,0.7318427370948379,0.548903538275259,0.704225352112676,0.07981220657276995,0.92018779342723,0.74,0.37,213.0,17.0,196.0,0.5710453662723802,0.24523751849858738,0.6834452102990449,0.011704560742634196,0.09206365406520947,0.1271355222805273,17.0,196.0,213.0,0.028655993542311315,0.704225352112676,4801.0,0.031451780878983544,0.7947019867549668,151.0,2632.0,0.023556231003039513,0.4838709677419355,62.0,,,
0.74,0.39,7433.0,0.04184044127539351,0.7647058823529411,0.6938775510204082,0.7292917166866746,0.548903538275259,0.6977491961414791,0.05466237942122187,0.9453376205787781,0.74,0.39,311.0,17.0,294.0,0.5710453662723802,0.24523751849858738,0.6834452102990449,0.01654782725682766,0.1124558002473991,0.14714961096202223,17.0,294.0,311.0,0.04184044127539351,0.6977491961414791,4801.0,0.04499062695271818,0.7685185185185185,216.0,2632.0,0.03609422492401216,0.5368421052631579,95.0,,,
0.74,0.41,7433.0,0.06027176106551863,0.7647058823529411,0.665893271461717,0.715299576907329,0.548903538275259,0.6696428571428571,0.03794642857142857,0.9620535714285714,0.74,0.41,448.0,17.0,431.0,0.5710453662723802,0.24523751849858738,0.6834452102990449,0.020449347504372387,0.1411070755864961,0.144920780332077,17.0,431.0,448.0,0.06027176106551863,0.6696428571428571,4801.0,0.06332014163715892,0.7236842105263158,304.0,2632.0,0.0547112462006079,0.5555555555555556,144.0,,,
0.74,0.43,7433.0,0.09188752858872595,0.7647058823529411,0.6396396396396397,0.7021727609962904,0.548903538275259,0.6427525622254758,0.024890190336749635,0.9751098096632503,0.74,0.43,683.0,17.0,666.0,0.5710453662723802,0.24523751849858738,0.6834452102990449,0.026234360285214583,0.18118108110880585,0.1447963558041686,17.0,666.0,683.0,0.09188752858872595,0.6427525622254758,4801.0,0.0939387627577588,0.7028824833702882,451.0,2632.0,0.08814589665653495,0.5258620689655172,232.0,,,
0.74,0.45,7433.0,0.13574599757836675,0.7647058823529411,0.6108870967741935,0.6877964895635673,0.548903538275259,0.6134786917740337,0.01684836471754212,0.9831516352824579,0.74,0.45,1009.0,17.0,992.0,0.5710453662723802,0.24523751849858738,0.6834452102990449,0.03080855643750841,0.22906051726657123,0.13449963706165335,17.0,992.0,1009.0,0.13574599757836675,0.6134786917740337,4801.0,0.13518017079775047,0.6579352850539292,649.0,2632.0,0.13677811550151975,0.5333333333333333,360.0,,,
0.74,0.47,7433.0,0.23247679268128615,0.7647058823529411,0.5797779076563413,0.6722418950046412,0.548903538275259,0.5815972222222222,0.009837962962962963,0.9901620370370371,0.74,0.47,1728.0,17.0,1711.0,0.5710453662723802,0.24523751849858738,0.6834452102990449,0.03793892102784878,0.3118796816509833,0.12164601690951216,17.0,1711.0,1728.0,0.23247679268128615,0.5815972222222222,4801.0,0.22974380337429703,0.6047144152311876,1103.0,2632.0,0.23746200607902734,0.5408,625.0,,,
0.74,0.49,7433.0,0.3757567603928427,0.7647058823529411,0.5471902017291066,0.6559480420410239,0.548903538275259,0.5485141424991049,0.006086645184389545,0.9939133548156105,0.74,0.49,2793.0,17.0,2776.0,0.5710453662723802,0.24523751849858738,0.6834452102990449,0.03645903403740078,0.41188452650921586,0.08851761037589018,17.0,2776.0,2793.0,0.3757567603928427,0.5485141424991049,4801.0,0.37283899187669234,0.553072625698324,1790.0,2632.0,0.3810790273556231,0.5403788634097707,1003.0,,,
0.76,0.05,7433.0,0.0009417462666487286,0.8571428571428571,0.0,0.42857142857142855,0.548903538275259,0.8571428571428571,1.0,0.0,0.76,0.05,7.0,7.0,0.0,0.5710453662723802,0.24523751849858738,0.6834452102990449,0.0006726759047490918,0.011598930164020232,0.05799465082010114,7.0,0.0,7.0,0.0009417462666487286,0.8571428571428571,4801.0,0.0010414496979795876,1.0,5.0,2632.0,0.0007598784194528875,0.5,2.0,,,
0.76,0.07,7433.0,0.0009417462666487286,0.8571428571428571,0.0,0.42857142857142855,0.548903538275259,0.8571428571428571,1.0,0.0,0.76,0.07,7.0,7.0,0.0,0.5710453662723802,0.24523751849858738,0.6834452102990449,0.0006726759047490918,0.011598930164020232,0.05799465082010114,7.0,0.0,7.0,0.0009417462666487286,0.8571428571428571,4801.0,0.0010414496979795876,1.0,5.0,2632.0,0.0007598784194528875,0.5,2.0,,,
0.76,0.09,7433.0,0.0009417462666487286,0.8571428571428571,0.0,0.42857142857142855,0.548903538275259,0.8571428571428571,1.0,0.0,0.76,0.09,7.0,7.0,0.0,0.5710453662723802,0.24523751849858738,0.6834452102990449,0.0006726759047490918,0.011598930164020232,0.05799465082010114,7.0,0.0,7.0,0.0009417462666487286,0.8571428571428571,4801.0,0.0010414496979795876,1.0,5.0,2632.0,0.0007598784194528875,0.5,2.0,,,
0.76,0.11,7433.0,0.0009417462666487286,0.8571428571428571,0.0,0.42857142857142855,0.548903538275259,0.8571428571428571,1.0,0.0,0.76,0.11,7.0,7.0,0.0,0.5710453662723802,0.24523751849858738,0.6834452102990449,0.0006726759047490918,0.011598930164020232,0.05799465082010114,7.0,0.0,7.0,0.0009417462666487286,0.8571428571428571,4801.0,0.0010414496979795876,1.0,5.0,2632.0,0.0007598784194528875,0.5,2.0,,,
0.76,0.13,7433.0,0.0009417462666487286,0.8571428571428571,0.0,0.42857142857142855,0.548903538275259,0.8571428571428571,1.0,0.0,0.76,0.13,7.0,7.0,0.0,0.5710453662723802,0.24523751849858738,0.6834452102990449,0.0006726759047490918,0.011598930164020232,0.05799465082010114,7.0,0.0,7.0,0.0009417462666487286,0.8571428571428571,4801.0,0.0010414496979795876,1.0,5.0,2632.0,0.0007598784194528875,0.5,2.0,,,
0.76,0.15,7433.0,0.0009417462666487286,0.8571428571428571,0.0,0.42857142857142855,0.548903538275259,0.8571428571428571,1.0,0.0,0.76,0.15,7.0,7.0,0.0,0.5710453662723802,0.24523751849858738,0.6834452102990449,0.0006726759047490918,0.011598930164020232,0.05799465082010114,7.0,0.0,7.0,0.0009417462666487286,0.8571428571428571,4801.0,0.0010414496979795876,1.0,5.0,2632.0,0.0007598784194528875,0.5,2.0,,,
0.76,0.17,7433.0,0.0009417462666487286,0.8571428571428571,0.0,0.42857142857142855,0.548903538275259,0.8571428571428571,1.0,0.0,0.76,0.17,7.0,7.0,0.0,0.5710453662723802,0.24523751849858738,0.6834452102990449,0.0006726759047490918,0.011598930164020232,0.05799465082010114,7.0,0.0,7.0,0.0009417462666487286,0.8571428571428571,4801.0,0.0010414496979795876,1.0,5.0,2632.0,0.0007598784194528875,0.5,2.0,,,
0.76,0.19,7433.0,0.001076281447598547,0.8571428571428571,1.0,0.9285714285714286,0.548903538275259,0.875,0.875,0.125,0.76,0.19,8.0,7.0,1.0,0.5710453662723802,0.24523751849858738,0.6834452102990449,0.0008072110856989104,0.011598930164020232,0.06959358098412138,7.0,1.0,8.0,0.001076281447598547,0.875,4801.0,0.0010414496979795876,1.0,5.0,2632.0,0.0011398176291793312,0.6666666666666666,3.0,,,
0.76,0.21,7433.0,0.001076281447598547,0.8571428571428571,1.0,0.9285714285714286,0.548903538275259,0.875,0.875,0.125,0.76,0.21,8.0,7.0,1.0,0.5710453662723802,0.24523751849858738,0.6834452102990449,0.0008072110856989104,0.011598930164020232,0.06959358098412138,7.0,1.0,8.0,0.001076281447598547,0.875,4801.0,0.0010414496979795876,1.0,5.0,2632.0,0.0011398176291793312,0.6666666666666666,3.0,,,
0.76,0.23,7433.0,0.0012108166285483655,0.8571428571428571,1.0,0.9285714285714286,0.548903538275259,0.8888888888888888,0.7777777777777778,0.2222222222222222,0.76,0.23,9.0,7.0,2.0,0.5710453662723802,0.24523751849858738,0.6834452102990449,0.0009417462666487285,0.011598930164020234,0.08119251114814159,7.0,2.0,9.0,0.0012108166285483655,0.8888888888888888,4801.0,0.0012497396375755051,1.0,6.0,2632.0,0.0011398176291793312,0.6666666666666666,3.0,,,
0.76,0.25,7433.0,0.0016144221713978205,0.8571428571428571,0.8,0.8285714285714285,0.548903538275259,0.8333333333333334,0.5833333333333334,0.4166666666666667,0.76,0.25,12.0,7.0,5.0,0.5710453662723802,0.24523751849858738,0.6834452102990449,0.001076281447598547,0.016403364346975795,0.06561345738790321,7.0,5.0,12.0,0.0016144221713978205,0.8333333333333334,4801.0,0.0016663195167673402,1.0,8.0,2632.0,0.001519756838905775,0.5,4.0,,,
0.76,0.27,7433.0,0.0025561684380465493,0.8571428571428571,0.6666666666666666,0.7619047619047619,0.548903538275259,0.7368421052631579,0.3684210526315789,0.631578947368421,0.76,0.27,19.0,7.0,12.0,0.5710453662723802,0.24523751849858738,0.6834452102990449,0.0012108166285483652,0.025935996313022024,0.04668479336343963,7.0,12.0,19.0,0.0025561684380465493,0.7368421052631579,4801.0,0.0022911893355550927,1.0,11.0,2632.0,0.00303951367781155,0.375,8.0,,,
0.76,0.29,7433.0,0.0037669850665949145,0.8571428571428571,0.7142857142857143,0.7857142857142857,0.548903538275259,0.75,0.25,0.75,0.76,0.29,28.0,7.0,21.0,0.5710453662723802,0.24523751849858738,0.6834452102990449,0.0018834925332974573,0.030687884688403153,0.061375769376806305,7.0,21.0,28.0,0.0037669850665949145,0.75,4801.0,0.003540928973130598,1.0,17.0,2632.0,0.004179331306990881,0.36363636363636365,11.0,,,
0.76,0.31,7433.0,0.006054083142741827,0.8571428571428571,0.7105263157894737,0.7838345864661653,0.548903538275259,0.7333333333333333,0.15555555555555556,0.8444444444444444,0.76,0.31,45.0,7.0,38.0,0.5710453662723802,0.24523751849858738,0.6834452102990449,0.002825238799946185,0.04017987271505251,0.07031477725134185,7.0,38.0,45.0,0.006054083142741827,0.7333333333333333,4801.0,0.006040408248281608,0.9655172413793104,29.0,2632.0,0.0060790273556231,0.3125,16.0,,,
0.76,0.33,7433.0,0.009551997847437104,0.8571428571428571,0.765625,0.8113839285714286,0.548903538275259,0.7746478873239436,0.09859154929577464,0.9014084507042254,0.76,0.33,71.0,7.0,64.0,0.5710453662723802,0.24523751849858738,0.6834452102990449,0.005246872057042916,0.04639572065608093,0.11308956909919722,7.0,64.0,71.0,0.009551997847437104,0.7746478873239436,4801.0,0.011039366798583628,0.9245283018867925,53.0,2632.0,0.006838905775075988,0.3333333333333333,18.0,,,
0.76,0.35,7433.0,0.0182967846091753,0.8571428571428571,0.751937984496124,0.8045404208194906,0.548903538275259,0.7573529411764706,0.051470588235294115,0.9485294117647058,0.76,0.35,136.0,7.0,129.0,0.5710453662723802,0.24523751849858738,0.6834452102990449,0.009417462666487285,0.06663078096003383,0.14133802021825356,7.0,129.0,136.0,0.0182967846091753,0.7573529411764706,4801.0,0.02103728389918767,0.8415841584158416,101.0,2632.0,0.013297872340425532,0.5142857142857142,35.0,,,
0.76,0.37,7433.0,0.02731064173281313,0.8571428571428571,0.6989795918367347,0.778061224489796,0.548903538275259,0.7044334975369458,0.034482758620689655,0.9655172413793104,0.76,0.37,203.0,7.0,196.0,0.5710453662723802,0.24523751849858738,0.6834452102990449,0.011166420018834926,0.08984492671814642,0.12428548196010258,7.0,196.0,203.0,0.02731064173281313,0.7044334975369458,4801.0,0.03020204124140804,0.7862068965517242,145.0,2632.0,0.022036474164133738,0.5,58.0,,,
0.76,0.39,7433.0,0.040495089465895334,0.8571428571428571,0.6938775510204082,0.7755102040816326,0.548903538275259,0.6976744186046512,0.023255813953488372,0.9767441860465116,0.76,0.39,301.0,7.0,294.0,0.5710453662723802,0.24523751849858738,0.6834452102990449,0.01600968653302839,0.11064674177956381,0.14469189309635272,7.0,294.0,301.0,0.040495089465895334,0.6976744186046512,4801.0,0.04374088731514268,0.7619047619047619,210.0,2632.0,0.034574468085106384,0.5494505494505495,91.0,,,
0.76,0.41,7433.0,0.05892640925602045,0.8571428571428571,0.665893271461717,0.761518064302287,0.548903538275259,0.6689497716894978,0.01598173515981735,0.9840182648401826,0.76,0.41,438.0,7.0,431.0,0.5710453662723802,0.24523751849858738,0.6834452102990449,0.019911206780573124,0.13966961458285643,0.14255933074663973,7.0,431.0,438.0,0.05892640925602045,0.6689497716894978,4801.0,0.06207040199958342,0.7181208053691275,298.0,2632.0,0.05319148936170213,0.5642857142857143,140.0,,,
0.76,0.43,7433.0,0.09054217677922777,0.8571428571428571,0.6396396396396397,0.7483912483912484,0.548903538275259,0.6419019316493314,0.010401188707280832,0.9895988112927192,0.76,0.43,673.0,7.0,666.0,0.5710453662723802,0.24523751849858738,0.6834452102990449,0.02569621956141532,0.18006381815596997,0.1427061795343995,7.0,666.0,673.0,0.09054217677922777,0.6419019316493314,4801.0,0.09268902312018329,0.698876404494382,445.0,2632.0,0.08662613981762918,0.5307017543859649,228.0,,,
0.76,0.45,7433.0,0.13440064576886857,0.8571428571428571,0.6108870967741935,0.7340149769585254,0.548903538275259,0.6126126126126126,0.007007007007007007,0.992992992992993,0.76,0.45,999.0,7.0,992.0,0.5710453662723802,0.24523751849858738,0.6834452102990449,0.030270415713709125,0.22817781449470437,0.13266152005506063,7.0,992.0,999.0,0.13440064576886857,0.6126126126126126,4801.0,0.13393043116017497,0.6547433903576982,643.0,2632.0,0.135258358662614,0.5365168539325843,356.0,,,
0.76,0.47,7433.0,0.23113144087178797,0.8571428571428571,0.5797779076563413,0.7184603823995992,0.548903538275259,0.580908032596042,0.004074505238649592,0.9959254947613504,0.76,0.47,1718.0,7.0,1711.0,0.5710453662723802,0.24523751849858738,0.6834452102990449,0.03740078030404953,0.3112319557562642,0.12017011625033544,7.0,1711.0,1718.0,0.23113144087178797,0.580908032596042,4801.0,0.22849406373672151,0.6025524156791249,1097.0,2632.0,0.23594224924012158,0.5426731078904992,621.0,,,
0.76,0.49,7433.0,0.37441140858334454,0.8571428571428571,0.5471902017291066,0.7021665294359818,0.548903538275259,0.5479698167445203,0.0025152712899748474,0.9974847287100251,0.76,0.49,2783.0,7.0,2776.0,0.5710453662723802,0.24523751849858738,0.6834452102990449,0.03592089331360149,0.4113942848835792,0.08731500323045754,7.0,2776.0,2783.0,0.37441140858334454,0.5479698167445203,4801.0,0.3715892522391169,0.5515695067264574,1784.0,2632.0,0.37955927051671734,0.5415415415415415,999.0,,,
0.78,0.05,7433.0,0.0005381407237992735,0.75,0.0,0.375,0.548903538275259,0.75,1.0,0.0,0.78,0.05,4.0,4.0,0.0,0.5710453662723802,0.24523751849858738,0.6834452102990449,0.0002690703618996368,0.011598930164020232,0.02319786032804046,4.0,0.0,4.0,0.0005381407237992735,0.75,4801.0,0.00041657987919183504,1.0,2.0,2632.0,0.0007598784194528875,0.5,2.0,,,
0.78,0.07,7433.0,0.0005381407237992735,0.75,0.0,0.375,0.548903538275259,0.75,1.0,0.0,0.78,0.07,4.0,4.0,0.0,0.5710453662723802,0.24523751849858738,0.6834452102990449,0.0002690703618996368,0.011598930164020232,0.02319786032804046,4.0,0.0,4.0,0.0005381407237992735,0.75,4801.0,0.00041657987919183504,1.0,2.0,2632.0,0.0007598784194528875,0.5,2.0,,,
0.78,0.09,7433.0,0.0005381407237992735,0.75,0.0,0.375,0.548903538275259,0.75,1.0,0.0,0.78,0.09,4.0,4.0,0.0,0.5710453662723802,0.24523751849858738,0.6834452102990449,0.0002690703618996368,0.011598930164020232,0.02319786032804046,4.0,0.0,4.0,0.0005381407237992735,0.75,4801.0,0.00041657987919183504,1.0,2.0,2632.0,0.0007598784194528875,0.5,2.0,,,
0.78,0.11,7433.0,0.0005381407237992735,0.75,0.0,0.375,0.548903538275259,0.75,1.0,0.0,0.78,0.11,4.0,4.0,0.0,0.5710453662723802,0.24523751849858738,0.6834452102990449,0.0002690703618996368,0.011598930164020232,0.02319786032804046,4.0,0.0,4.0,0.0005381407237992735,0.75,4801.0,0.00041657987919183504,1.0,2.0,2632.0,0.0007598784194528875,0.5,2.0,,,
0.78,0.13,7433.0,0.0005381407237992735,0.75,0.0,0.375,0.548903538275259,0.75,1.0,0.0,0.78,0.13,4.0,4.0,0.0,0.5710453662723802,0.24523751849858738,0.6834452102990449,0.0002690703618996368,0.011598930164020232,0.02319786032804046,4.0,0.0,4.0,0.0005381407237992735,0.75,4801.0,0.00041657987919183504,1.0,2.0,2632.0,0.0007598784194528875,0.5,2.0,,,
0.78,0.15,7433.0,0.0005381407237992735,0.75,0.0,0.375,0.548903538275259,0.75,1.0,0.0,0.78,0.15,4.0,4.0,0.0,0.5710453662723802,0.24523751849858738,0.6834452102990449,0.0002690703618996368,0.011598930164020232,0.02319786032804046,4.0,0.0,4.0,0.0005381407237992735,0.75,4801.0,0.00041657987919183504,1.0,2.0,2632.0,0.0007598784194528875,0.5,2.0,,,
0.78,0.17,7433.0,0.0005381407237992735,0.75,0.0,0.375,0.548903538275259,0.75,1.0,0.0,0.78,0.17,4.0,4.0,0.0,0.5710453662723802,0.24523751849858738,0.6834452102990449,0.0002690703618996368,0.011598930164020232,0.02319786032804046,4.0,0.0,4.0,0.0005381407237992735,0.75,4801.0,0.00041657987919183504,1.0,2.0,2632.0,0.0007598784194528875,0.5,2.0,,,
0.78,0.19,7433.0,0.0006726759047490919,0.75,1.0,0.875,0.548903538275259,0.8,0.8,0.2,0.78,0.19,5.0,4.0,1.0,0.5710453662723802,0.24523751849858738,0.6834452102990449,0.0004036055428494552,0.01159893016402023,0.0347967904920607,4.0,1.0,5.0,0.0006726759047490919,0.8,4801.0,0.00041657987919183504,1.0,2.0,2632.0,0.0011398176291793312,0.6666666666666666,3.0,,,
0.78,0.21,7433.0,0.0006726759047490919,0.75,1.0,0.875,0.548903538275259,0.8,0.8,0.2,0.78,0.21,5.0,4.0,1.0,0.5710453662723802,0.24523751849858738,0.6834452102990449,0.0004036055428494552,0.01159893016402023,0.0347967904920607,4.0,1.0,5.0,0.0006726759047490919,0.8,4801.0,0.00041657987919183504,1.0,2.0,2632.0,0.0011398176291793312,0.6666666666666666,3.0,,,
0.78,0.23,7433.0,0.0008072110856989103,0.75,1.0,0.875,0.548903538275259,0.8333333333333334,0.6666666666666666,0.3333333333333333,0.78,0.23,6.0,4.0,2.0,0.5710453662723802,0.24523751849858738,0.6834452102990449,0.0005381407237992735,0.01159893016402023,0.04639572065608093,4.0,2.0,6.0,0.0008072110856989103,0.8333333333333334,4801.0,0.0006248698187877526,1.0,3.0,2632.0,0.0011398176291793312,0.6666666666666666,3.0,,,
0.78,0.25,7433.0,0.0012108166285483655,0.75,0.8,0.775,0.548903538275259,0.7777777777777778,0.4444444444444444,0.5555555555555556,0.78,0.25,9.0,4.0,5.0,0.5710453662723802,0.24523751849858738,0.6834452102990449,0.0006726759047490919,0.0164033643469758,0.0410084108674395,4.0,5.0,9.0,0.0012108166285483655,0.7777777777777778,4801.0,0.0010414496979795876,1.0,5.0,2632.0,0.001519756838905775,0.5,4.0,,,
0.78,0.27,7433.0,0.002152562895197094,0.75,0.6666666666666666,0.7083333333333333,0.548903538275259,0.6875,0.25,0.75,0.78,0.27,16.0,4.0,12.0,0.5710453662723802,0.24523751849858738,0.6834452102990449,0.0008072110856989104,0.02593599631302202,0.03112319557562643,4.0,12.0,16.0,0.002152562895197094,0.6875,4801.0,0.0016663195167673402,1.0,8.0,2632.0,0.00303951367781155,0.375,8.0,,,
0.78,0.29,7433.0,0.0033633795237454594,0.75,0.7142857142857143,0.7321428571428572,0.548903538275259,0.72,0.16,0.84,0.78,0.29,25.0,4.0,21.0,0.5710453662723802,0.24523751849858738,0.6834452102990449,0.001479886990448002,0.030687884688403153,0.04822381879606209,4.0,21.0,25.0,0.0033633795237454594,0.72,4801.0,0.0029160591543428453,1.0,14.0,2632.0,0.004179331306990881,0.36363636363636365,11.0,,,
0.78,0.31,7433.0,0.005650477599892372,0.75,0.7105263157894737,0.7302631578947368,0.548903538275259,0.7142857142857143,0.09523809523809523,0.9047619047619048,0.78,0.31,42.0,4.0,38.0,0.5710453662723802,0.24523751849858738,0.6834452102990449,0.002421633257096731,0.0401798727150525,0.060269809072578756,4.0,38.0,42.0,0.005650477599892372,0.7142857142857143,4801.0,0.0054155384294938555,0.9615384615384616,26.0,2632.0,0.0060790273556231,0.3125,16.0,,,
0.78,0.33,7433.0,0.00914839230458765,0.75,0.765625,0.7578125,0.548903538275259,0.7647058823529411,0.058823529411764705,0.9411764705882353,0.78,0.33,68.0,4.0,64.0,0.5710453662723802,0.24523751849858738,0.6834452102990449,0.004843266514193461,0.04639572065608093,0.10439037147618205,4.0,64.0,68.0,0.00914839230458765,0.7647058823529411,4801.0,0.010414496979795875,0.92,50.0,2632.0,0.006838905775075988,0.3333333333333333,18.0,,,
0.78,0.35,7433.0,0.017893179066325843,0.75,0.751937984496124,0.750968992248062,0.548903538275259,0.7518796992481203,0.03007518796992481,0.9699248120300752,0.78,0.35,133.0,4.0,129.0,0.5710453662723802,0.24523751849858738,0.6834452102990449,0.00901385712363783,0.06663078096003383,0.1352806764946141,4.0,129.0,133.0,0.017893179066325843,0.7518796992481203,4801.0,0.020412414080399916,0.8367346938775511,98.0,2632.0,0.013297872340425532,0.5142857142857142,35.0,,,
0.78,0.37,7433.0,0.026907036189963675,0.75,0.6989795918367347,0.7244897959183674,0.548903538275259,0.7,0.02,0.98,0.78,0.37,200.0,4.0,196.0,0.5710453662723802,0.24523751849858738,0.6834452102990449,0.010762814475985467,0.08984492671814644,0.11979323562419521,4.0,196.0,200.0,0.026907036189963675,0.7,4801.0,0.02957717142262029,0.7816901408450704,142.0,2632.0,0.022036474164133738,0.5,58.0,,,
0.78,0.39,7433.0,0.04009148392304587,0.75,0.6938775510204082,0.721938775510204,0.548903538275259,0.6946308724832215,0.013422818791946308,0.9865771812080537,0.78,0.39,298.0,4.0,294.0,0.5710453662723802,0.24523751849858738,0.6834452102990449,0.015606080990178935,0.11064674177956381,0.14104419831241105,4.0,294.0,298.0,0.04009148392304587,0.6946308724832215,4801.0,0.04311601749635493,0.7584541062801933,207.0,2632.0,0.034574468085106384,0.5494505494505495,91.0,,,
0.78,0.41,7433.0,0.05852280371317099,0.75,0.665893271461717,0.7079466357308585,0.548903538275259,0.6666666666666666,0.009195402298850575,0.9908045977011494,0.78,0.41,435.0,4.0,431.0,0.5710453662723802,0.24523751849858738,0.6834452102990449,0.01950760123772366,0.13966961458285646,0.1396696145828564,4.0,431.0,435.0,0.05852280371317099,0.6666666666666666,4801.0,0.06144553218079567,0.7152542372881356,295.0,2632.0,0.05319148936170213,0.5642857142857143,140.0,,,
0.78,0.43,7433.0,0.0901385712363783,0.75,0.6396396396396397,0.6948198198198199,0.548903538275259,0.6402985074626866,0.005970149253731343,0.9940298507462687,0.78,0.43,670.0,4.0,666.0,0.5710453662723802,0.24523751849858738,0.6834452102990449,0.025292614018565855,0.18006381815597,0.1404647212171052,4.0,666.0,670.0,0.0901385712363783,0.6402985074626866,4801.0,0.09206415330139554,0.6968325791855203,442.0,2632.0,0.08662613981762918,0.5307017543859649,228.0,,,
0.78,0.45,7433.0,0.1339970402260191,0.75,0.6108870967741935,0.6804435483870968,0.548903538275259,0.6114457831325302,0.004016064257028112,0.9959839357429718,0.78,0.45,996.0,4.0,992.0,0.5710453662723802,0.24523751849858738,0.6834452102990449,0.029866810170859695,0.22817781449470434,0.13089269978765994,4.0,992.0,996.0,0.1339970402260191,0.6114457831325302,4801.0,0.1333055613413872,0.653125,640.0,2632.0,0.135258358662614,0.5365168539325843,356.0,,,
0.78,0.47,7433.0,0.2307278353289385,0.75,0.5797779076563413,0.6648889538281706,0.548903538275259,0.5801749271137027,0.0023323615160349854,0.997667638483965,0.78,0.47,1715.0,4.0,1711.0,0.5710453662723802,0.24523751849858738,0.6834452102990449,0.03699717476120007,0.3112319557562642,0.11887331643468432,4.0,1711.0,1715.0,0.2307278353289385,0.5801749271137027,4801.0,0.22786919391793375,0.6014625228519196,1094.0,2632.0,0.23594224924012158,0.5426731078904992,621.0,,,
0.78,0.49,7433.0,0.3740078030404951,0.75,0.5471902017291066,0.6485951008645533,0.548903538275259,0.5474820143884892,0.0014388489208633094,0.9985611510791367,0.78,0.49,2780.0,4.0,2776.0,0.5710453662723802,0.24523751849858738,0.6834452102990449,0.03551728777075205,0.4113942848835792,0.08633393577842996,4.0,2776.0,2780.0,0.3740078030404951,0.5474820143884892,4801.0,0.3709643824203291,0.5508141493542953,1781.0,2632.0,0.37955927051671734,0.5415415415415415,999.0,,,
0.8,0.05,7433.0,0.0002690703618996368,1.0,0.0,0.5,0.548903538275259,1.0,1.0,0.0,0.8,0.05,2.0,2.0,0.0,0.5710453662723802,0.24523751849858738,0.6834452102990449,0.0002690703618996368,0.0,inf,2.0,0.0,2.0,0.0002690703618996368,1.0,4801.0,0.00020828993959591752,1.0,1.0,2632.0,0.00037993920972644377,1.0,1.0,,,
0.8,0.07,7433.0,0.0002690703618996368,1.0,0.0,0.5,0.548903538275259,1.0,1.0,0.0,0.8,0.07,2.0,2.0,0.0,0.5710453662723802,0.24523751849858738,0.6834452102990449,0.0002690703618996368,0.0,inf,2.0,0.0,2.0,0.0002690703618996368,1.0,4801.0,0.00020828993959591752,1.0,1.0,2632.0,0.00037993920972644377,1.0,1.0,,,
0.8,0.09,7433.0,0.0002690703618996368,1.0,0.0,0.5,0.548903538275259,1.0,1.0,0.0,0.8,0.09,2.0,2.0,0.0,0.5710453662723802,0.24523751849858738,0.6834452102990449,0.0002690703618996368,0.0,inf,2.0,0.0,2.0,0.0002690703618996368,1.0,4801.0,0.00020828993959591752,1.0,1.0,2632.0,0.00037993920972644377,1.0,1.0,,,
0.8,0.11,7433.0,0.0002690703618996368,1.0,0.0,0.5,0.548903538275259,1.0,1.0,0.0,0.8,0.11,2.0,2.0,0.0,0.5710453662723802,0.24523751849858738,0.6834452102990449,0.0002690703618996368,0.0,inf,2.0,0.0,2.0,0.0002690703618996368,1.0,4801.0,0.00020828993959591752,1.0,1.0,2632.0,0.00037993920972644377,1.0,1.0,,,
0.8,0.13,7433.0,0.0002690703618996368,1.0,0.0,0.5,0.548903538275259,1.0,1.0,0.0,0.8,0.13,2.0,2.0,0.0,0.5710453662723802,0.24523751849858738,0.6834452102990449,0.0002690703618996368,0.0,inf,2.0,0.0,2.0,0.0002690703618996368,1.0,4801.0,0.00020828993959591752,1.0,1.0,2632.0,0.00037993920972644377,1.0,1.0,,,
0.8,0.15,7433.0,0.0002690703618996368,1.0,0.0,0.5,0.548903538275259,1.0,1.0,0.0,0.8,0.15,2.0,2.0,0.0,0.5710453662723802,0.24523751849858738,0.6834452102990449,0.0002690703618996368,0.0,inf,2.0,0.0,2.0,0.0002690703618996368,1.0,4801.0,0.00020828993959591752,1.0,1.0,2632.0,0.00037993920972644377,1.0,1.0,,,
0.8,0.17,7433.0,0.0002690703618996368,1.0,0.0,0.5,0.548903538275259,1.0,1.0,0.0,0.8,0.17,2.0,2.0,0.0,0.5710453662723802,0.24523751849858738,0.6834452102990449,0.0002690703618996368,0.0,inf,2.0,0.0,2.0,0.0002690703618996368,1.0,4801.0,0.00020828993959591752,1.0,1.0,2632.0,0.00037993920972644377,1.0,1.0,,,
0.8,0.19,7433.0,0.00040360554284945513,1.0,1.0,1.0,0.548903538275259,1.0,0.6666666666666666,0.3333333333333333,0.8,0.19,3.0,2.0,1.0,0.5710453662723802,0.24523751849858738,0.6834452102990449,0.00040360554284945513,0.0,inf,2.0,1.0,3.0,0.00040360554284945513,1.0,4801.0,0.00020828993959591752,1.0,1.0,2632.0,0.0007598784194528875,1.0,2.0,,,
0.8,0.21,7433.0,0.00040360554284945513,1.0,1.0,1.0,0.548903538275259,1.0,0.6666666666666666,0.3333333333333333,0.8,0.21,3.0,2.0,1.0,0.5710453662723802,0.24523751849858738,0.6834452102990449,0.00040360554284945513,0.0,inf,2.0,1.0,3.0,0.00040360554284945513,1.0,4801.0,0.00020828993959591752,1.0,1.0,2632.0,0.0007598784194528875,1.0,2.0,,,
0.8,0.23,7433.0,0.0005381407237992735,1.0,1.0,1.0,0.548903538275259,1.0,0.5,0.5,0.8,0.23,4.0,2.0,2.0,0.5710453662723802,0.24523751849858738,0.6834452102990449,0.0005381407237992735,0.0,inf,2.0,2.0,4.0,0.0005381407237992735,1.0,4801.0,0.00041657987919183504,1.0,2.0,2632.0,0.0007598784194528875,1.0,2.0,,,
0.8,0.25,7433.0,0.0009417462666487286,1.0,0.8,0.9,0.548903538275259,0.8571428571428571,0.2857142857142857,0.7142857142857143,0.8,0.25,7.0,2.0,5.0,0.5710453662723802,0.24523751849858738,0.6834452102990449,0.0006726759047490918,0.011598930164020232,0.05799465082010114,2.0,5.0,7.0,0.0009417462666487286,0.8571428571428571,4801.0,0.0008331597583836701,1.0,4.0,2632.0,0.0011398176291793312,0.6666666666666666,3.0,,,
0.8,0.27,7433.0,0.0018834925332974573,1.0,0.6666666666666666,0.8333333333333333,0.548903538275259,0.7142857142857143,0.14285714285714285,0.8571428571428571,0.8,0.27,14.0,2.0,12.0,0.5710453662723802,0.24523751849858738,0.6834452102990449,0.0008072110856989103,0.02319786032804046,0.03479679049206069,2.0,12.0,14.0,0.0018834925332974573,0.7142857142857143,4801.0,0.0014580295771714226,1.0,7.0,2632.0,0.0026595744680851063,0.42857142857142855,7.0,,,
0.8,0.29,7433.0,0.0030943091618458227,1.0,0.7142857142857143,0.8571428571428572,0.548903538275259,0.7391304347826086,0.08695652173913043,0.9130434782608695,0.8,0.29,23.0,2.0,21.0,0.5710453662723802,0.24523751849858738,0.6834452102990449,0.001479886990448002,0.028411460464025963,0.052087677517380915,2.0,21.0,23.0,0.0030943091618458227,0.7391304347826086,4801.0,0.0027077692147469278,1.0,13.0,2632.0,0.003799392097264438,0.4,10.0,,,
0.8,0.31,7433.0,0.005381407237992735,1.0,0.7105263157894737,0.8552631578947368,0.548903538275259,0.725,0.05,0.95,0.8,0.31,40.0,2.0,38.0,0.5710453662723802,0.24523751849858738,0.6834452102990449,0.0024216332570967305,0.03846929932359053,0.06294976252951175,2.0,38.0,40.0,0.005381407237992735,0.725,4801.0,0.005207248489897938,0.96,25.0,2632.0,0.0056990881458966565,0.3333333333333333,15.0,,,
0.8,0.33,7433.0,0.008879321942688014,1.0,0.765625,0.8828125,0.548903538275259,0.7727272727272727,0.030303030303030304,0.9696969696969697,0.8,0.33,66.0,2.0,64.0,0.5710453662723802,0.24523751849858738,0.6834452102990449,0.004843266514193462,0.04492246335907322,0.10781391206177572,2.0,64.0,66.0,0.008879321942688014,0.7727272727272727,4801.0,0.010206207040199958,0.9183673469387755,49.0,2632.0,0.006458966565349544,0.35294117647058826,17.0,,,
0.8,0.35,7433.0,0.017624108704426208,1.0,0.751937984496124,0.875968992248062,0.548903538275259,0.7557251908396947,0.015267175572519083,0.9847328244274809,0.8,0.35,131.0,2.0,129.0,0.5710453662723802,0.24523751849858738,0.6834452102990449,0.009013857123637833,0.06561345738790318,0.13737817640592234,2.0,129.0,131.0,0.017624108704426208,0.7557251908396947,4801.0,0.020204124140804,0.8350515463917526,97.0,2632.0,0.012917933130699088,0.5294117647058824,34.0,,,
0.8,0.37,7433.0,0.026637965828064037,1.0,0.6989795918367347,0.8494897959183674,0.548903538275259,0.702020202020202,0.010101010101010102,0.98989898989899,0.8,0.37,198.0,2.0,196.0,0.5710453662723802,0.24523751849858738,0.6834452102990449,0.010762814475985467,0.08909307310918893,0.12080416692771377,2.0,196.0,198.0,0.026637965828064037,0.702020202020202,4801.0,0.02936888148302437,0.7801418439716312,141.0,2632.0,0.021656534954407294,0.5087719298245614,57.0,,,
0.8,0.39,7433.0,0.03982241356114624,1.0,0.6938775510204082,0.846938775510204,0.548903538275259,0.6959459459459459,0.006756756756756757,0.9932432432432432,0.8,0.39,296.0,2.0,294.0,0.5710453662723802,0.24523751849858738,0.6834452102990449,0.015606080990178932,0.110037113218603,0.14182561259286608,2.0,294.0,296.0,0.03982241356114624,0.6959459459459459,4801.0,0.04290772755675901,0.7572815533980582,206.0,2632.0,0.03419452887537994,0.5555555555555556,90.0,,,
0.8,0.41,7433.0,0.058253733351271354,1.0,0.665893271461717,0.8329466357308585,0.548903538275259,0.6674364896073903,0.004618937644341801,0.9953810623556582,0.8,0.41,433.0,2.0,431.0,0.5710453662723802,0.24523751849858738,0.6834452102990449,0.019507601237723667,0.13918716196824277,0.14015373948191115,2.0,431.0,433.0,0.058253733351271354,0.6674364896073903,4801.0,0.06123724224119975,0.7142857142857143,294.0,2632.0,0.05281155015197568,0.5683453237410072,139.0,,,
0.8,0.43,7433.0,0.08986950087447867,1.0,0.6396396396396397,0.8198198198198199,0.548903538275259,0.6407185628742516,0.0029940119760479044,0.9970059880239521,0.8,0.43,668.0,2.0,666.0,0.5710453662723802,0.24523751849858738,0.6834452102990449,0.025292614018565866,0.17968985343629285,0.1407570518584295,2.0,666.0,668.0,0.08986950087447867,0.6407185628742516,4801.0,0.09185586336179963,0.6961451247165533,441.0,2632.0,0.08624620060790274,0.5330396475770925,227.0,,,
0.8,0.45,7433.0,0.13372796986411947,1.0,0.6108870967741935,0.8054435483870968,0.548903538275259,0.6116700201207244,0.002012072434607646,0.9979879275653923,0.8,0.45,994.0,2.0,992.0,0.5710453662723802,0.24523751849858738,0.6834452102990449,0.029866810170859685,0.22788282042889915,0.1310621402466726,2.0,992.0,994.0,0.13372796986411947,0.6116700201207244,4801.0,0.13309727140179128,0.6525821596244131,639.0,2632.0,0.13487841945288753,0.5380281690140845,355.0,,,
0.8,0.47,7433.0,0.23045876496703888,1.0,0.5797779076563413,0.7898889538281706,0.548903538275259,0.5802685347343841,0.0011675423234092236,0.9988324576765908,0.8,0.47,1713.0,2.0,1711.0,0.5710453662723802,0.24523751849858738,0.6834452102990449,0.03699717476120005,0.31101574735520937,0.1189559534390578,2.0,1711.0,1713.0,0.23045876496703888,0.5802685347343841,4801.0,0.22766090397833785,0.6010978956999085,1093.0,2632.0,0.23556231003039513,0.5435483870967742,620.0,,,
0.8,0.49,7433.0,0.3737387326785955,1.0,0.5471902017291066,0.7735951008645533,0.548903538275259,0.5475161987041036,0.0007199424046076314,0.9992800575953924,0.8,0.49,2778.0,2.0,2776.0,0.5710453662723802,0.24523751849858738,0.6834452102990449,0.03551728777075201,0.4112307411343682,0.08636827021437793,2.0,2776.0,2778.0,0.3737387326785955,0.5475161987041036,4801.0,0.37075609248073316,0.550561797752809,1780.0,2632.0,0.3791793313069909,0.5420841683366734,998.0,,,
0.82,0.05,7433.0,0.0002690703618996368,1.0,0.0,0.5,0.548903538275259,1.0,1.0,0.0,0.82,0.05,2.0,2.0,0.0,0.5710453662723802,0.24523751849858738,0.6834452102990449,0.0002690703618996368,0.0,inf,2.0,0.0,2.0,0.0002690703618996368,1.0,4801.0,0.00020828993959591752,1.0,1.0,2632.0,0.00037993920972644377,1.0,1.0,,,
0.82,0.07,7433.0,0.0002690703618996368,1.0,0.0,0.5,0.548903538275259,1.0,1.0,0.0,0.82,0.07,2.0,2.0,0.0,0.5710453662723802,0.24523751849858738,0.6834452102990449,0.0002690703618996368,0.0,inf,2.0,0.0,2.0,0.0002690703618996368,1.0,4801.0,0.00020828993959591752,1.0,1.0,2632.0,0.00037993920972644377,1.0,1.0,,,
0.82,0.09,7433.0,0.0002690703618996368,1.0,0.0,0.5,0.548903538275259,1.0,1.0,0.0,0.82,0.09,2.0,2.0,0.0,0.5710453662723802,0.24523751849858738,0.6834452102990449,0.0002690703618996368,0.0,inf,2.0,0.0,2.0,0.0002690703618996368,1.0,4801.0,0.00020828993959591752,1.0,1.0,2632.0,0.00037993920972644377,1.0,1.0,,,
0.82,0.11,7433.0,0.0002690703618996368,1.0,0.0,0.5,0.548903538275259,1.0,1.0,0.0,0.82,0.11,2.0,2.0,0.0,0.5710453662723802,0.24523751849858738,0.6834452102990449,0.0002690703618996368,0.0,inf,2.0,0.0,2.0,0.0002690703618996368,1.0,4801.0,0.00020828993959591752,1.0,1.0,2632.0,0.00037993920972644377,1.0,1.0,,,
0.82,0.13,7433.0,0.0002690703618996368,1.0,0.0,0.5,0.548903538275259,1.0,1.0,0.0,0.82,0.13,2.0,2.0,0.0,0.5710453662723802,0.24523751849858738,0.6834452102990449,0.0002690703618996368,0.0,inf,2.0,0.0,2.0,0.0002690703618996368,1.0,4801.0,0.00020828993959591752,1.0,1.0,2632.0,0.00037993920972644377,1.0,1.0,,,
0.82,0.15,7433.0,0.0002690703618996368,1.0,0.0,0.5,0.548903538275259,1.0,1.0,0.0,0.82,0.15,2.0,2.0,0.0,0.5710453662723802,0.24523751849858738,0.6834452102990449,0.0002690703618996368,0.0,inf,2.0,0.0,2.0,0.0002690703618996368,1.0,4801.0,0.00020828993959591752,1.0,1.0,2632.0,0.00037993920972644377,1.0,1.0,,,
0.82,0.17,7433.0,0.0002690703618996368,1.0,0.0,0.5,0.548903538275259,1.0,1.0,0.0,0.82,0.17,2.0,2.0,0.0,0.5710453662723802,0.24523751849858738,0.6834452102990449,0.0002690703618996368,0.0,inf,2.0,0.0,2.0,0.0002690703618996368,1.0,4801.0,0.00020828993959591752,1.0,1.0,2632.0,0.00037993920972644377,1.0,1.0,,,
0.82,0.19,7433.0,0.00040360554284945513,1.0,1.0,1.0,0.548903538275259,1.0,0.6666666666666666,0.3333333333333333,0.82,0.19,3.0,2.0,1.0,0.5710453662723802,0.24523751849858738,0.6834452102990449,0.00040360554284945513,0.0,inf,2.0,1.0,3.0,0.00040360554284945513,1.0,4801.0,0.00020828993959591752,1.0,1.0,2632.0,0.0007598784194528875,1.0,2.0,,,
0.82,0.21,7433.0,0.00040360554284945513,1.0,1.0,1.0,0.548903538275259,1.0,0.6666666666666666,0.3333333333333333,0.82,0.21,3.0,2.0,1.0,0.5710453662723802,0.24523751849858738,0.6834452102990449,0.00040360554284945513,0.0,inf,2.0,1.0,3.0,0.00040360554284945513,1.0,4801.0,0.00020828993959591752,1.0,1.0,2632.0,0.0007598784194528875,1.0,2.0,,,
0.82,0.23,7433.0,0.0005381407237992735,1.0,1.0,1.0,0.548903538275259,1.0,0.5,0.5,0.82,0.23,4.0,2.0,2.0,0.5710453662723802,0.24523751849858738,0.6834452102990449,0.0005381407237992735,0.0,inf,2.0,2.0,4.0,0.0005381407237992735,1.0,4801.0,0.00041657987919183504,1.0,2.0,2632.0,0.0007598784194528875,1.0,2.0,,,
0.82,0.25,7433.0,0.0009417462666487286,1.0,0.8,0.9,0.548903538275259,0.8571428571428571,0.2857142857142857,0.7142857142857143,0.82,0.25,7.0,2.0,5.0,0.5710453662723802,0.24523751849858738,0.6834452102990449,0.0006726759047490918,0.011598930164020232,0.05799465082010114,2.0,5.0,7.0,0.0009417462666487286,0.8571428571428571,4801.0,0.0008331597583836701,1.0,4.0,2632.0,0.0011398176291793312,0.6666666666666666,3.0,,,
0.82,0.27,7433.0,0.0018834925332974573,1.0,0.6666666666666666,0.8333333333333333,0.548903538275259,0.7142857142857143,0.14285714285714285,0.8571428571428571,0.82,0.27,14.0,2.0,12.0,0.5710453662723802,0.24523751849858738,0.6834452102990449,0.0008072110856989103,0.02319786032804046,0.03479679049206069,2.0,12.0,14.0,0.0018834925332974573,0.7142857142857143,4801.0,0.0014580295771714226,1.0,7.0,2632.0,0.0026595744680851063,0.42857142857142855,7.0,,,
0.82,0.29,7433.0,0.0030943091618458227,1.0,0.7142857142857143,0.8571428571428572,0.548903538275259,0.7391304347826086,0.08695652173913043,0.9130434782608695,0.82,0.29,23.0,2.0,21.0,0.5710453662723802,0.24523751849858738,0.6834452102990449,0.001479886990448002,0.028411460464025963,0.052087677517380915,2.0,21.0,23.0,0.0030943091618458227,0.7391304347826086,4801.0,0.0027077692147469278,1.0,13.0,2632.0,0.003799392097264438,0.4,10.0,,,
0.82,0.31,7433.0,0.005381407237992735,1.0,0.7105263157894737,0.8552631578947368,0.548903538275259,0.725,0.05,0.95,0.82,0.31,40.0,2.0,38.0,0.5710453662723802,0.24523751849858738,0.6834452102990449,0.0024216332570967305,0.03846929932359053,0.06294976252951175,2.0,38.0,40.0,0.005381407237992735,0.725,4801.0,0.005207248489897938,0.96,25.0,2632.0,0.0056990881458966565,0.3333333333333333,15.0,,,
0.82,0.33,7433.0,0.008879321942688014,1.0,0.765625,0.8828125,0.548903538275259,0.7727272727272727,0.030303030303030304,0.9696969696969697,0.82,0.33,66.0,2.0,64.0,0.5710453662723802,0.24523751849858738,0.6834452102990449,0.004843266514193462,0.04492246335907322,0.10781391206177572,2.0,64.0,66.0,0.008879321942688014,0.7727272727272727,4801.0,0.010206207040199958,0.9183673469387755,49.0,2632.0,0.006458966565349544,0.35294117647058826,17.0,,,
0.82,0.35,7433.0,0.017624108704426208,1.0,0.751937984496124,0.875968992248062,0.548903538275259,0.7557251908396947,0.015267175572519083,0.9847328244274809,0.82,0.35,131.0,2.0,129.0,0.5710453662723802,0.24523751849858738,0.6834452102990449,0.009013857123637833,0.06561345738790318,0.13737817640592234,2.0,129.0,131.0,0.017624108704426208,0.7557251908396947,4801.0,0.020204124140804,0.8350515463917526,97.0,2632.0,0.012917933130699088,0.5294117647058824,34.0,,,
0.82,0.37,7433.0,0.026637965828064037,1.0,0.6989795918367347,0.8494897959183674,0.548903538275259,0.702020202020202,0.010101010101010102,0.98989898989899,0.82,0.37,198.0,2.0,196.0,0.5710453662723802,0.24523751849858738,0.6834452102990449,0.010762814475985467,0.08909307310918893,0.12080416692771377,2.0,196.0,198.0,0.026637965828064037,0.702020202020202,4801.0,0.02936888148302437,0.7801418439716312,141.0,2632.0,0.021656534954407294,0.5087719298245614,57.0,,,
0.82,0.39,7433.0,0.03982241356114624,1.0,0.6938775510204082,0.846938775510204,0.548903538275259,0.6959459459459459,0.006756756756756757,0.9932432432432432,0.82,0.39,296.0,2.0,294.0,0.5710453662723802,0.24523751849858738,0.6834452102990449,0.015606080990178932,0.110037113218603,0.14182561259286608,2.0,294.0,296.0,0.03982241356114624,0.6959459459459459,4801.0,0.04290772755675901,0.7572815533980582,206.0,2632.0,0.03419452887537994,0.5555555555555556,90.0,,,
0.82,0.41,7433.0,0.058253733351271354,1.0,0.665893271461717,0.8329466357308585,0.548903538275259,0.6674364896073903,0.004618937644341801,0.9953810623556582,0.82,0.41,433.0,2.0,431.0,0.5710453662723802,0.24523751849858738,0.6834452102990449,0.019507601237723667,0.13918716196824277,0.14015373948191115,2.0,431.0,433.0,0.058253733351271354,0.6674364896073903,4801.0,0.06123724224119975,0.7142857142857143,294.0,2632.0,0.05281155015197568,0.5683453237410072,139.0,,,
0.82,0.43,7433.0,0.08986950087447867,1.0,0.6396396396396397,0.8198198198198199,0.548903538275259,0.6407185628742516,0.0029940119760479044,0.9970059880239521,0.82,0.43,668.0,2.0,666.0,0.5710453662723802,0.24523751849858738,0.6834452102990449,0.025292614018565866,0.17968985343629285,0.1407570518584295,2.0,666.0,668.0,0.08986950087447867,0.6407185628742516,4801.0,0.09185586336179963,0.6961451247165533,441.0,2632.0,0.08624620060790274,0.5330396475770925,227.0,,,
0.82,0.45,7433.0,0.13372796986411947,1.0,0.6108870967741935,0.8054435483870968,0.548903538275259,0.6116700201207244,0.002012072434607646,0.9979879275653923,0.82,0.45,994.0,2.0,992.0,0.5710453662723802,0.24523751849858738,0.6834452102990449,0.029866810170859685,0.22788282042889915,0.1310621402466726,2.0,992.0,994.0,0.13372796986411947,0.6116700201207244,4801.0,0.13309727140179128,0.6525821596244131,639.0,2632.0,0.13487841945288753,0.5380281690140845,355.0,,,
0.82,0.47,7433.0,0.23045876496703888,1.0,0.5797779076563413,0.7898889538281706,0.548903538275259,0.5802685347343841,0.0011675423234092236,0.9988324576765908,0.82,0.47,1713.0,2.0,1711.0,0.5710453662723802,0.24523751849858738,0.6834452102990449,0.03699717476120005,0.31101574735520937,0.1189559534390578,2.0,1711.0,1713.0,0.23045876496703888,0.5802685347343841,4801.0,0.22766090397833785,0.6010978956999085,1093.0,2632.0,0.23556231003039513,0.5435483870967742,620.0,,,
0.82,0.49,7433.0,0.3737387326785955,1.0,0.5471902017291066,0.7735951008645533,0.548903538275259,0.5475161987041036,0.0007199424046076314,0.9992800575953924,0.82,0.49,2778.0,2.0,2776.0,0.5710453662723802,0.24523751849858738,0.6834452102990449,0.03551728777075201,0.4112307411343682,0.08636827021437793,2.0,2776.0,2778.0,0.3737387326785955,0.5475161987041036,4801.0,0.37075609248073316,0.550561797752809,1780.0,2632.0,0.3791793313069909,0.5420841683366734,998.0,,,
0.84,0.05,7433.0,0.0001345351809498184,1.0,0.0,0.5,0.548903538275259,1.0,1.0,0.0,0.84,0.05,1.0,1.0,0.0,0.5710453662723802,0.24523751849858738,0.6834452102990449,0.0001345351809498184,0.0,inf,1.0,0.0,1.0,0.0001345351809498184,1.0,4801.0,0.00020828993959591752,1.0,1.0,2632.0,0.0,0.0,0.0,,,
0.84,0.07,7433.0,0.0001345351809498184,1.0,0.0,0.5,0.548903538275259,1.0,1.0,0.0,0.84,0.07,1.0,1.0,0.0,0.5710453662723802,0.24523751849858738,0.6834452102990449,0.0001345351809498184,0.0,inf,1.0,0.0,1.0,0.0001345351809498184,1.0,4801.0,0.00020828993959591752,1.0,1.0,2632.0,0.0,0.0,0.0,,,
0.84,0.09,7433.0,0.0001345351809498184,1.0,0.0,0.5,0.548903538275259,1.0,1.0,0.0,0.84,0.09,1.0,1.0,0.0,0.5710453662723802,0.24523751849858738,0.6834452102990449,0.0001345351809498184,0.0,inf,1.0,0.0,1.0,0.0001345351809498184,1.0,4801.0,0.00020828993959591752,1.0,1.0,2632.0,0.0,0.0,0.0,,,
0.84,0.11,7433.0,0.0001345351809498184,1.0,0.0,0.5,0.548903538275259,1.0,1.0,0.0,0.84,0.11,1.0,1.0,0.0,0.5710453662723802,0.24523751849858738,0.6834452102990449,0.0001345351809498184,0.0,inf,1.0,0.0,1.0,0.0001345351809498184,1.0,4801.0,0.00020828993959591752,1.0,1.0,2632.0,0.0,0.0,0.0,,,
0.84,0.13,7433.0,0.0001345351809498184,1.0,0.0,0.5,0.548903538275259,1.0,1.0,0.0,0.84,0.13,1.0,1.0,0.0,0.5710453662723802,0.24523751849858738,0.6834452102990449,0.0001345351809498184,0.0,inf,1.0,0.0,1.0,0.0001345351809498184,1.0,4801.0,0.00020828993959591752,1.0,1.0,2632.0,0.0,0.0,0.0,,,
0.84,0.15,7433.0,0.0001345351809498184,1.0,0.0,0.5,0.548903538275259,1.0,1.0,0.0,0.84,0.15,1.0,1.0,0.0,0.5710453662723802,0.24523751849858738,0.6834452102990449,0.0001345351809498184,0.0,inf,1.0,0.0,1.0,0.0001345351809498184,1.0,4801.0,0.00020828993959591752,1.0,1.0,2632.0,0.0,0.0,0.0,,,
0.84,0.17,7433.0,0.0001345351809498184,1.0,0.0,0.5,0.548903538275259,1.0,1.0,0.0,0.84,0.17,1.0,1.0,0.0,0.5710453662723802,0.24523751849858738,0.6834452102990449,0.0001345351809498184,0.0,inf,1.0,0.0,1.0,0.0001345351809498184,1.0,4801.0,0.00020828993959591752,1.0,1.0,2632.0,0.0,0.0,0.0,,,
0.84,0.19,7433.0,0.0002690703618996368,1.0,1.0,1.0,0.548903538275259,1.0,0.5,0.5,0.84,0.19,2.0,1.0,1.0,0.5710453662723802,0.24523751849858738,0.6834452102990449,0.0002690703618996368,0.0,inf,1.0,1.0,2.0,0.0002690703618996368,1.0,4801.0,0.00020828993959591752,1.0,1.0,2632.0,0.00037993920972644377,1.0,1.0,,,
0.84,0.21,7433.0,0.0002690703618996368,1.0,1.0,1.0,0.548903538275259,1.0,0.5,0.5,0.84,0.21,2.0,1.0,1.0,0.5710453662723802,0.24523751849858738,0.6834452102990449,0.0002690703618996368,0.0,inf,1.0,1.0,2.0,0.0002690703618996368,1.0,4801.0,0.00020828993959591752,1.0,1.0,2632.0,0.00037993920972644377,1.0,1.0,,,
0.84,0.23,7433.0,0.00040360554284945513,1.0,1.0,1.0,0.548903538275259,1.0,0.3333333333333333,0.6666666666666666,0.84,0.23,3.0,1.0,2.0,0.5710453662723802,0.24523751849858738,0.6834452102990449,0.00040360554284945513,0.0,inf,1.0,2.0,3.0,0.00040360554284945513,1.0,4801.0,0.00041657987919183504,1.0,2.0,2632.0,0.00037993920972644377,1.0,1.0,,,
0.84,0.25,7433.0,0.0008072110856989103,1.0,0.8,0.9,0.548903538275259,0.8333333333333334,0.16666666666666666,0.8333333333333334,0.84,0.25,6.0,1.0,5.0,0.5710453662723802,0.24523751849858738,0.6834452102990449,0.0005381407237992735,0.01159893016402023,0.04639572065608093,1.0,5.0,6.0,0.0008072110856989103,0.8333333333333334,4801.0,0.0008331597583836701,1.0,4.0,2632.0,0.0007598784194528875,0.5,2.0,,,
0.84,0.27,7433.0,0.001748957352347639,1.0,0.6666666666666666,0.8333333333333333,0.548903538275259,0.6923076923076923,0.07692307692307693,0.9230769230769231,0.84,0.27,13.0,1.0,12.0,0.5710453662723802,0.24523751849858738,0.6834452102990449,0.0006726759047490918,0.023197860328040464,0.02899732541005057,1.0,12.0,13.0,0.001748957352347639,0.6923076923076923,4801.0,0.0014580295771714226,1.0,7.0,2632.0,0.0022796352583586625,0.3333333333333333,6.0,,,
0.84,0.29,7433.0,0.0029597739808960044,1.0,0.7142857142857143,0.8571428571428572,0.548903538275259,0.7272727272727273,0.045454545454545456,0.9545454545454546,0.84,0.29,22.0,1.0,21.0,0.5710453662723802,0.24523751849858738,0.6834452102990449,0.0013453518094981838,0.02841146046402596,0.04735243410670994,1.0,21.0,22.0,0.0029597739808960044,0.7272727272727273,4801.0,0.0027077692147469278,1.0,13.0,2632.0,0.003419452887537994,0.3333333333333333,9.0,,,
0.84,0.31,7433.0,0.005246872057042917,1.0,0.7105263157894737,0.8552631578947368,0.548903538275259,0.717948717948718,0.02564102564102564,0.9743589743589743,0.84,0.31,39.0,1.0,38.0,0.5710453662723802,0.24523751849858738,0.6834452102990449,0.0022870980761469126,0.03846929932359052,0.05945255350009444,1.0,38.0,39.0,0.005246872057042917,0.717948717948718,4801.0,0.005207248489897938,0.96,25.0,2632.0,0.005319148936170213,0.2857142857142857,14.0,,,
0.84,0.33,7433.0,0.008744786761738194,1.0,0.765625,0.8828125,0.548903538275259,0.7692307692307693,0.015384615384615385,0.9846153846153847,0.84,0.33,65.0,1.0,64.0,0.5710453662723802,0.24523751849858738,0.6834452102990449,0.0047087313332436435,0.04492246335907321,0.10481908117117085,1.0,64.0,65.0,0.008744786761738194,0.7692307692307693,4801.0,0.010206207040199958,0.9183673469387755,49.0,2632.0,0.0060790273556231,0.3125,16.0,,,
0.84,0.35,7433.0,0.01748957352347639,1.0,0.751937984496124,0.875968992248062,0.548903538275259,0.7538461538461538,0.007692307692307693,0.9923076923076923,0.84,0.35,130.0,1.0,129.0,0.5710453662723802,0.24523751849858738,0.6834452102990449,0.008879321942688012,0.0656134573879032,0.1353277558625503,1.0,129.0,130.0,0.01748957352347639,0.7538461538461538,4801.0,0.020204124140804,0.8350515463917526,97.0,2632.0,0.012537993920972644,0.5151515151515151,33.0,,,
0.84,0.37,7433.0,0.02650343064711422,1.0,0.6989795918367347,0.8494897959183674,0.548903538275259,0.700507614213198,0.005076142131979695,0.9949238578680203,0.84,0.37,197.0,1.0,196.0,0.5710453662723802,0.24523751849858738,0.6834452102990449,0.010628279295035651,0.08909307310918893,0.11929411484111739,1.0,196.0,197.0,0.02650343064711422,0.700507614213198,4801.0,0.02936888148302437,0.7801418439716312,141.0,2632.0,0.02127659574468085,0.5,56.0,,,
0.84,0.39,7433.0,0.03968787838019642,1.0,0.6938775510204082,0.846938775510204,0.548903538275259,0.6949152542372882,0.003389830508474576,0.9966101694915255,0.84,0.39,295.0,1.0,294.0,0.5710453662723802,0.24523751849858738,0.6834452102990449,0.015471545809229116,0.11003711321860299,0.1406029780015483,1.0,294.0,295.0,0.03968787838019642,0.6949152542372882,4801.0,0.04290772755675901,0.7572815533980582,206.0,2632.0,0.0338145896656535,0.550561797752809,89.0,,,
0.84,0.41,7433.0,0.05811919817032154,1.0,0.665893271461717,0.8329466357308585,0.548903538275259,0.6666666666666666,0.0023148148148148147,0.9976851851851852,0.84,0.41,432.0,1.0,431.0,0.5710453662723802,0.24523751849858738,0.6834452102990449,0.01937306605677384,0.13918716196824277,0.13918716196824274,1.0,431.0,432.0,0.05811919817032154,0.6666666666666666,4801.0,0.06123724224119975,0.7142857142857143,294.0,2632.0,0.05243161094224924,0.5652173913043478,138.0,,,
0.84,0.43,7433.0,0.08973496569352886,1.0,0.6396396396396397,0.8198198198198199,0.548903538275259,0.6401799100449775,0.0014992503748125937,0.9985007496251874,0.84,0.43,667.0,1.0,666.0,0.5710453662723802,0.24523751849858738,0.6834452102990449,0.025158078837616043,0.17968985343629285,0.14000834413577823,1.0,666.0,667.0,0.08973496569352886,0.6401799100449775,4801.0,0.09185586336179963,0.6961451247165533,441.0,2632.0,0.0858662613981763,0.5309734513274337,226.0,,,
0.84,0.45,7433.0,0.13359343468316964,1.0,0.6108870967741935,0.8054435483870968,0.548903538275259,0.6112789526686808,0.0010070493454179255,0.998992950654582,0.84,0.45,993.0,1.0,992.0,0.5710453662723802,0.24523751849858738,0.6834452102990449,0.029732274989909876,0.22788282042889912,0.1304717702455615,1.0,992.0,993.0,0.13359343468316964,0.6112789526686808,4801.0,0.13309727140179128,0.6525821596244131,639.0,2632.0,0.1344984802431611,0.536723163841808,354.0,,,
0.84,0.47,7433.0,0.23032422978608907,1.0,0.5797779076563413,0.7898889538281706,0.548903538275259,0.5800233644859814,0.0005841121495327102,0.9994158878504673,0.84,0.47,1712.0,1.0,1711.0,0.5710453662723802,0.24523751849858738,0.6834452102990449,0.03686263958025026,0.3110157473552093,0.11852338633564316,1.0,1711.0,1712.0,0.23032422978608907,0.5800233644859814,4801.0,0.22766090397833785,0.6010978956999085,1093.0,2632.0,0.2351823708206687,0.5428109854604201,619.0,,,
0.84,0.49,7433.0,0.3736041974976456,1.0,0.5471902017291066,0.7735951008645533,0.548903538275259,0.5473532589124955,0.00036010082823190496,0.9996398991717681,0.84,0.49,2777.0,1.0,2776.0,0.5710453662723802,0.24523751849858738,0.6834452102990449,0.03538275258980226,0.4112307411343681,0.08604111767568728,1.0,2776.0,2777.0,0.3736041974976456,0.5473532589124955,4801.0,0.37075609248073316,0.550561797752809,1780.0,2632.0,0.37879939209726443,0.5416248746238717,997.0,,,
0.86,0.05,7433.0,0.0,0.0,0.0,0.0,0.548903538275259,0.0,0.0,0.0,0.86,0.05,0.0,0.0,0.0,0.5710453662723802,0.24523751849858738,0.6834452102990449,-0.0,0.0,0.0,0.0,0.0,0.0,0.0,0.0,4801.0,0.0,0.0,0.0,2632.0,0.0,0.0,0.0,,,
0.86,0.07,7433.0,0.0,0.0,0.0,0.0,0.548903538275259,0.0,0.0,0.0,0.86,0.07,0.0,0.0,0.0,0.5710453662723802,0.24523751849858738,0.6834452102990449,-0.0,0.0,0.0,0.0,0.0,0.0,0.0,0.0,4801.0,0.0,0.0,0.0,2632.0,0.0,0.0,0.0,,,
0.86,0.09,7433.0,0.0,0.0,0.0,0.0,0.548903538275259,0.0,0.0,0.0,0.86,0.09,0.0,0.0,0.0,0.5710453662723802,0.24523751849858738,0.6834452102990449,-0.0,0.0,0.0,0.0,0.0,0.0,0.0,0.0,4801.0,0.0,0.0,0.0,2632.0,0.0,0.0,0.0,,,
0.86,0.11,7433.0,0.0,0.0,0.0,0.0,0.548903538275259,0.0,0.0,0.0,0.86,0.11,0.0,0.0,0.0,0.5710453662723802,0.24523751849858738,0.6834452102990449,-0.0,0.0,0.0,0.0,0.0,0.0,0.0,0.0,4801.0,0.0,0.0,0.0,2632.0,0.0,0.0,0.0,,,
0.86,0.13,7433.0,0.0,0.0,0.0,0.0,0.548903538275259,0.0,0.0,0.0,0.86,0.13,0.0,0.0,0.0,0.5710453662723802,0.24523751849858738,0.6834452102990449,-0.0,0.0,0.0,0.0,0.0,0.0,0.0,0.0,4801.0,0.0,0.0,0.0,2632.0,0.0,0.0,0.0,,,
0.86,0.15,7433.0,0.0,0.0,0.0,0.0,0.548903538275259,0.0,0.0,0.0,0.86,0.15,0.0,0.0,0.0,0.5710453662723802,0.24523751849858738,0.6834452102990449,-0.0,0.0,0.0,0.0,0.0,0.0,0.0,0.0,4801.0,0.0,0.0,0.0,2632.0,0.0,0.0,0.0,,,
0.86,0.17,7433.0,0.0,0.0,0.0,0.0,0.548903538275259,0.0,0.0,0.0,0.86,0.17,0.0,0.0,0.0,0.5710453662723802,0.24523751849858738,0.6834452102990449,-0.0,0.0,0.0,0.0,0.0,0.0,0.0,0.0,4801.0,0.0,0.0,0.0,2632.0,0.0,0.0,0.0,,,
0.86,0.19,7433.0,0.0001345351809498184,0.0,1.0,0.5,0.548903538275259,1.0,0.0,1.0,0.86,0.19,1.0,0.0,1.0,0.5710453662723802,0.24523751849858738,0.6834452102990449,0.0001345351809498184,0.0,inf,0.0,1.0,1.0,0.0001345351809498184,1.0,4801.0,0.0,0.0,0.0,2632.0,0.00037993920972644377,1.0,1.0,,,
0.86,0.21,7433.0,0.0001345351809498184,0.0,1.0,0.5,0.548903538275259,1.0,0.0,1.0,0.86,0.21,1.0,0.0,1.0,0.5710453662723802,0.24523751849858738,0.6834452102990449,0.0001345351809498184,0.0,inf,0.0,1.0,1.0,0.0001345351809498184,1.0,4801.0,0.0,0.0,0.0,2632.0,0.00037993920972644377,1.0,1.0,,,
0.86,0.23,7433.0,0.0002690703618996368,0.0,1.0,0.5,0.548903538275259,1.0,0.0,1.0,0.86,0.23,2.0,0.0,2.0,0.5710453662723802,0.24523751849858738,0.6834452102990449,0.0002690703618996368,0.0,inf,0.0,2.0,2.0,0.0002690703618996368,1.0,4801.0,0.00020828993959591752,1.0,1.0,2632.0,0.00037993920972644377,1.0,1.0,,,
0.86,0.25,7433.0,0.0006726759047490919,0.0,0.8,0.4,0.548903538275259,0.8,0.0,1.0,0.86,0.25,5.0,0.0,5.0,0.5710453662723802,0.24523751849858738,0.6834452102990449,0.0004036055428494552,0.01159893016402023,0.0347967904920607,0.0,5.0,5.0,0.0006726759047490919,0.8,4801.0,0.0006248698187877526,1.0,3.0,2632.0,0.0007598784194528875,0.5,2.0,,,
0.86,0.27,7433.0,0.0016144221713978205,0.0,0.6666666666666666,0.3333333333333333,0.548903538275259,0.6666666666666666,0.0,1.0,0.86,0.27,12.0,0.0,12.0,0.5710453662723802,0.24523751849858738,0.6834452102990449,0.0005381407237992734,0.023197860328040464,0.023197860328040457,0.0,12.0,12.0,0.0016144221713978205,0.6666666666666666,4801.0,0.0012497396375755051,1.0,6.0,2632.0,0.0022796352583586625,0.3333333333333333,6.0,,,
0.86,0.29,7433.0,0.002825238799946186,0.0,0.7142857142857143,0.35714285714285715,0.548903538275259,0.7142857142857143,0.0,1.0,0.86,0.29,21.0,0.0,21.0,0.5710453662723802,0.24523751849858738,0.6834452102990449,0.0012108166285483655,0.02841146046402596,0.04261719069603895,0.0,21.0,21.0,0.002825238799946186,0.7142857142857143,4801.0,0.0024994792751510102,1.0,12.0,2632.0,0.003419452887537994,0.3333333333333333,9.0,,,
0.86,0.31,7433.0,0.0051123368760930986,0.0,0.7105263157894737,0.35526315789473684,0.548903538275259,0.7105263157894737,0.0,1.0,0.86,0.31,38.0,0.0,38.0,0.5710453662723802,0.24523751849858738,0.6834452102990449,0.002152562895197094,0.03846929932359052,0.055955344470677126,0.0,38.0,38.0,0.0051123368760930986,0.7105263157894737,4801.0,0.0049989585503020205,0.9583333333333334,24.0,2632.0,0.005319148936170213,0.2857142857142857,14.0,,,
0.86,0.33,7433.0,0.008610251580788377,0.0,0.765625,0.3828125,0.548903538275259,0.765625,0.0,1.0,0.86,0.33,64.0,0.0,64.0,0.5710453662723802,0.24523751849858738,0.6834452102990449,0.004574196152293825,0.04492246335907322,0.10182425028056596,0.0,64.0,64.0,0.008610251580788377,0.765625,4801.0,0.009997917100604041,0.9166666666666666,48.0,2632.0,0.0060790273556231,0.3125,16.0,,,
0.86,0.35,7433.0,0.01735503834252657,0.0,0.751937984496124,0.375968992248062,0.548903538275259,0.751937984496124,0.0,1.0,0.86,0.35,129.0,0.0,129.0,0.5710453662723802,0.24523751849858738,0.6834452102990449,0.008744786761738194,0.06561345738790318,0.13327733531917837,0.0,129.0,129.0,0.01735503834252657,0.751937984496124,4801.0,0.019995834201208082,0.8333333333333334,96.0,2632.0,0.012537993920972644,0.5151515151515151,33.0,,,
0.86,0.37,7433.0,0.026368895466164402,0.0,0.6989795918367347,0.3494897959183674,0.548903538275259,0.6989795918367347,0.0,1.0,0.86,0.37,196.0,0.0,196.0,0.5710453662723802,0.24523751849858738,0.6834452102990449,0.010493744114085836,0.08909307310918892,0.11778406275452101,0.0,196.0,196.0,0.026368895466164402,0.6989795918367347,4801.0,0.02916059154342845,0.7785714285714286,140.0,2632.0,0.02127659574468085,0.5,56.0,,,
0.86,0.39,7433.0,0.0395533431992466,0.0,0.6938775510204082,0.3469387755102041,0.548903538275259,0.6938775510204082,0.0,1.0,0.86,0.39,294.0,0.0,294.0,0.5710453662723802,0.24523751849858738,0.6834452102990449,0.015337010628279295,0.110037113218603,0.13938034341023045,0.0,294.0,294.0,0.0395533431992466,0.6938775510204082,4801.0,0.04269943761716309,0.7560975609756098,205.0,2632.0,0.0338145896656535,0.550561797752809,89.0,,,
0.86,0.41,7433.0,0.05798466298937172,0.0,0.665893271461717,0.3329466357308585,0.548903538275259,0.665893271461717,0.0,1.0,0.86,0.41,431.0,0.0,431.0,0.5710453662723802,0.24523751849858738,0.6834452102990449,0.01923853087582403,0.13918716196824277,0.13822058445457444,0.0,431.0,431.0,0.05798466298937172,0.665893271461717,4801.0,0.06102895230160383,0.7133105802047781,293.0,2632.0,0.05243161094224924,0.5652173913043478,138.0,,,
0.86,0.43,7433.0,0.08960043051257904,0.0,0.6396396396396397,0.31981981981981983,0.548903538275259,0.6396396396396397,0.0,1.0,0.86,0.43,666.0,0.0,666.0,0.5710453662723802,0.24523751849858738,0.6834452102990449,0.025023543656666224,0.17968985343629287,0.139259636413127,0.0,666.0,666.0,0.08960043051257904,0.6396396396396397,4801.0,0.09164757342220371,0.6954545454545454,440.0,2632.0,0.0858662613981763,0.5309734513274337,226.0,,,
0.86,0.45,7433.0,0.13345889950221984,0.0,0.6108870967741935,0.30544354838709675,0.548903538275259,0.6108870967741935,0.0,1.0,0.86,0.45,992.0,0.0,992.0,0.5710453662723802,0.24523751849858738,0.6834452102990449,0.029597739808960032,0.22788282042889915,0.12988140024445025,0.0,992.0,992.0,0.13345889950221984,0.6108870967741935,4801.0,0.13288898146219538,0.6520376175548589,638.0,2632.0,0.1344984802431611,0.536723163841808,354.0,,,
0.86,0.47,7433.0,0.23018969460513924,0.0,0.5797779076563413,0.28988895382817065,0.548903538275259,0.5797779076563413,0.0,1.0,0.86,0.47,1711.0,0.0,1711.0,0.5710453662723802,0.24523751849858738,0.6834452102990449,0.0367281043993004,0.31101574735520937,0.11809081923222825,0.0,1711.0,1711.0,0.23018969460513924,0.5797779076563413,4801.0,0.22745261403874192,0.6007326007326007,1092.0,2632.0,0.2351823708206687,0.5428109854604201,619.0,,,
0.86,0.49,7433.0,0.3734696623166958,0.0,0.5471902017291066,0.2735951008645533,0.548903538275259,0.5471902017291066,0.0,1.0,0.86,0.49,2776.0,0.0,2776.0,0.5710453662723802,0.24523751849858738,0.6834452102990449,0.03524821740885239,0.4112307411343682,0.0857139651369963,0.0,2776.0,2776.0,0.3734696623166958,0.5471902017291066,4801.0,0.3705478025411373,0.5503091624508151,1779.0,2632.0,0.37879939209726443,0.5416248746238717,997.0,,,
0.88,0.05,7433.0,0.0,0.0,0.0,0.0,0.548903538275259,0.0,0.0,0.0,0.88,0.05,0.0,0.0,0.0,0.5710453662723802,0.24523751849858738,0.6834452102990449,-0.0,0.0,0.0,0.0,0.0,0.0,0.0,0.0,4801.0,0.0,0.0,0.0,2632.0,0.0,0.0,0.0,,,
0.88,0.07,7433.0,0.0,0.0,0.0,0.0,0.548903538275259,0.0,0.0,0.0,0.88,0.07,0.0,0.0,0.0,0.5710453662723802,0.24523751849858738,0.6834452102990449,-0.0,0.0,0.0,0.0,0.0,0.0,0.0,0.0,4801.0,0.0,0.0,0.0,2632.0,0.0,0.0,0.0,,,
0.88,0.09,7433.0,0.0,0.0,0.0,0.0,0.548903538275259,0.0,0.0,0.0,0.88,0.09,0.0,0.0,0.0,0.5710453662723802,0.24523751849858738,0.6834452102990449,-0.0,0.0,0.0,0.0,0.0,0.0,0.0,0.0,4801.0,0.0,0.0,0.0,2632.0,0.0,0.0,0.0,,,
0.88,0.11,7433.0,0.0,0.0,0.0,0.0,0.548903538275259,0.0,0.0,0.0,0.88,0.11,0.0,0.0,0.0,0.5710453662723802,0.24523751849858738,0.6834452102990449,-0.0,0.0,0.0,0.0,0.0,0.0,0.0,0.0,4801.0,0.0,0.0,0.0,2632.0,0.0,0.0,0.0,,,
0.88,0.13,7433.0,0.0,0.0,0.0,0.0,0.548903538275259,0.0,0.0,0.0,0.88,0.13,0.0,0.0,0.0,0.5710453662723802,0.24523751849858738,0.6834452102990449,-0.0,0.0,0.0,0.0,0.0,0.0,0.0,0.0,4801.0,0.0,0.0,0.0,2632.0,0.0,0.0,0.0,,,
0.88,0.15,7433.0,0.0,0.0,0.0,0.0,0.548903538275259,0.0,0.0,0.0,0.88,0.15,0.0,0.0,0.0,0.5710453662723802,0.24523751849858738,0.6834452102990449,-0.0,0.0,0.0,0.0,0.0,0.0,0.0,0.0,4801.0,0.0,0.0,0.0,2632.0,0.0,0.0,0.0,,,
0.88,0.17,7433.0,0.0,0.0,0.0,0.0,0.548903538275259,0.0,0.0,0.0,0.88,0.17,0.0,0.0,0.0,0.5710453662723802,0.24523751849858738,0.6834452102990449,-0.0,0.0,0.0,0.0,0.0,0.0,0.0,0.0,4801.0,0.0,0.0,0.0,2632.0,0.0,0.0,0.0,,,
0.88,0.19,7433.0,0.0001345351809498184,0.0,1.0,0.5,0.548903538275259,1.0,0.0,1.0,0.88,0.19,1.0,0.0,1.0,0.5710453662723802,0.24523751849858738,0.6834452102990449,0.0001345351809498184,0.0,inf,0.0,1.0,1.0,0.0001345351809498184,1.0,4801.0,0.0,0.0,0.0,2632.0,0.00037993920972644377,1.0,1.0,,,
0.88,0.21,7433.0,0.0001345351809498184,0.0,1.0,0.5,0.548903538275259,1.0,0.0,1.0,0.88,0.21,1.0,0.0,1.0,0.5710453662723802,0.24523751849858738,0.6834452102990449,0.0001345351809498184,0.0,inf,0.0,1.0,1.0,0.0001345351809498184,1.0,4801.0,0.0,0.0,0.0,2632.0,0.00037993920972644377,1.0,1.0,,,
0.88,0.23,7433.0,0.0002690703618996368,0.0,1.0,0.5,0.548903538275259,1.0,0.0,1.0,0.88,0.23,2.0,0.0,2.0,0.5710453662723802,0.24523751849858738,0.6834452102990449,0.0002690703618996368,0.0,inf,0.0,2.0,2.0,0.0002690703618996368,1.0,4801.0,0.00020828993959591752,1.0,1.0,2632.0,0.00037993920972644377,1.0,1.0,,,
0.88,0.25,7433.0,0.0006726759047490919,0.0,0.8,0.4,0.548903538275259,0.8,0.0,1.0,0.88,0.25,5.0,0.0,5.0,0.5710453662723802,0.24523751849858738,0.6834452102990449,0.0004036055428494552,0.01159893016402023,0.0347967904920607,0.0,5.0,5.0,0.0006726759047490919,0.8,4801.0,0.0006248698187877526,1.0,3.0,2632.0,0.0007598784194528875,0.5,2.0,,,
0.88,0.27,7433.0,0.0016144221713978205,0.0,0.6666666666666666,0.3333333333333333,0.548903538275259,0.6666666666666666,0.0,1.0,0.88,0.27,12.0,0.0,12.0,0.5710453662723802,0.24523751849858738,0.6834452102990449,0.0005381407237992734,0.023197860328040464,0.023197860328040457,0.0,12.0,12.0,0.0016144221713978205,0.6666666666666666,4801.0,0.0012497396375755051,1.0,6.0,2632.0,0.0022796352583586625,0.3333333333333333,6.0,,,
0.88,0.29,7433.0,0.002825238799946186,0.0,0.7142857142857143,0.35714285714285715,0.548903538275259,0.7142857142857143,0.0,1.0,0.88,0.29,21.0,0.0,21.0,0.5710453662723802,0.24523751849858738,0.6834452102990449,0.0012108166285483655,0.02841146046402596,0.04261719069603895,0.0,21.0,21.0,0.002825238799946186,0.7142857142857143,4801.0,0.0024994792751510102,1.0,12.0,2632.0,0.003419452887537994,0.3333333333333333,9.0,,,
0.88,0.31,7433.0,0.0051123368760930986,0.0,0.7105263157894737,0.35526315789473684,0.548903538275259,0.7105263157894737,0.0,1.0,0.88,0.31,38.0,0.0,38.0,0.5710453662723802,0.24523751849858738,0.6834452102990449,0.002152562895197094,0.03846929932359052,0.055955344470677126,0.0,38.0,38.0,0.0051123368760930986,0.7105263157894737,4801.0,0.0049989585503020205,0.9583333333333334,24.0,2632.0,0.005319148936170213,0.2857142857142857,14.0,,,
0.88,0.33,7433.0,0.008610251580788377,0.0,0.765625,0.3828125,0.548903538275259,0.765625,0.0,1.0,0.88,0.33,64.0,0.0,64.0,0.5710453662723802,0.24523751849858738,0.6834452102990449,0.004574196152293825,0.04492246335907322,0.10182425028056596,0.0,64.0,64.0,0.008610251580788377,0.765625,4801.0,0.009997917100604041,0.9166666666666666,48.0,2632.0,0.0060790273556231,0.3125,16.0,,,
0.88,0.35,7433.0,0.01735503834252657,0.0,0.751937984496124,0.375968992248062,0.548903538275259,0.751937984496124,0.0,1.0,0.88,0.35,129.0,0.0,129.0,0.5710453662723802,0.24523751849858738,0.6834452102990449,0.008744786761738194,0.06561345738790318,0.13327733531917837,0.0,129.0,129.0,0.01735503834252657,0.751937984496124,4801.0,0.019995834201208082,0.8333333333333334,96.0,2632.0,0.012537993920972644,0.5151515151515151,33.0,,,
0.88,0.37,7433.0,0.026368895466164402,0.0,0.6989795918367347,0.3494897959183674,0.548903538275259,0.6989795918367347,0.0,1.0,0.88,0.37,196.0,0.0,196.0,0.5710453662723802,0.24523751849858738,0.6834452102990449,0.010493744114085836,0.08909307310918892,0.11778406275452101,0.0,196.0,196.0,0.026368895466164402,0.6989795918367347,4801.0,0.02916059154342845,0.7785714285714286,140.0,2632.0,0.02127659574468085,0.5,56.0,,,
0.88,0.39,7433.0,0.0395533431992466,0.0,0.6938775510204082,0.3469387755102041,0.548903538275259,0.6938775510204082,0.0,1.0,0.88,0.39,294.0,0.0,294.0,0.5710453662723802,0.24523751849858738,0.6834452102990449,0.015337010628279295,0.110037113218603,0.13938034341023045,0.0,294.0,294.0,0.0395533431992466,0.6938775510204082,4801.0,0.04269943761716309,0.7560975609756098,205.0,2632.0,0.0338145896656535,0.550561797752809,89.0,,,
0.88,0.41,7433.0,0.05798466298937172,0.0,0.665893271461717,0.3329466357308585,0.548903538275259,0.665893271461717,0.0,1.0,0.88,0.41,431.0,0.0,431.0,0.5710453662723802,0.24523751849858738,0.6834452102990449,0.01923853087582403,0.13918716196824277,0.13822058445457444,0.0,431.0,431.0,0.05798466298937172,0.665893271461717,4801.0,0.06102895230160383,0.7133105802047781,293.0,2632.0,0.05243161094224924,0.5652173913043478,138.0,,,
0.88,0.43,7433.0,0.08960043051257904,0.0,0.6396396396396397,0.31981981981981983,0.548903538275259,0.6396396396396397,0.0,1.0,0.88,0.43,666.0,0.0,666.0,0.5710453662723802,0.24523751849858738,0.6834452102990449,0.025023543656666224,0.17968985343629287,0.139259636413127,0.0,666.0,666.0,0.08960043051257904,0.6396396396396397,4801.0,0.09164757342220371,0.6954545454545454,440.0,2632.0,0.0858662613981763,0.5309734513274337,226.0,,,
0.88,0.45,7433.0,0.13345889950221984,0.0,0.6108870967741935,0.30544354838709675,0.548903538275259,0.6108870967741935,0.0,1.0,0.88,0.45,992.0,0.0,992.0,0.5710453662723802,0.24523751849858738,0.6834452102990449,0.029597739808960032,0.22788282042889915,0.12988140024445025,0.0,992.0,992.0,0.13345889950221984,0.6108870967741935,4801.0,0.13288898146219538,0.6520376175548589,638.0,2632.0,0.1344984802431611,0.536723163841808,354.0,,,
0.88,0.47,7433.0,0.23018969460513924,0.0,0.5797779076563413,0.28988895382817065,0.548903538275259,0.5797779076563413,0.0,1.0,0.88,0.47,1711.0,0.0,1711.0,0.5710453662723802,0.24523751849858738,0.6834452102990449,0.0367281043993004,0.31101574735520937,0.11809081923222825,0.0,1711.0,1711.0,0.23018969460513924,0.5797779076563413,4801.0,0.22745261403874192,0.6007326007326007,1092.0,2632.0,0.2351823708206687,0.5428109854604201,619.0,,,
0.88,0.49,7433.0,0.3734696623166958,0.0,0.5471902017291066,0.2735951008645533,0.548903538275259,0.5471902017291066,0.0,1.0,0.88,0.49,2776.0,0.0,2776.0,0.5710453662723802,0.24523751849858738,0.6834452102990449,0.03524821740885239,0.4112307411343682,0.0857139651369963,0.0,2776.0,2776.0,0.3734696623166958,0.5471902017291066,4801.0,0.3705478025411373,0.5503091624508151,1779.0,2632.0,0.37879939209726443,0.5416248746238717,997.0,,,
0.9,0.05,7433.0,0.0,0.0,0.0,0.0,0.548903538275259,0.0,0.0,0.0,0.9,0.05,0.0,0.0,0.0,0.5710453662723802,0.24523751849858738,0.6834452102990449,-0.0,0.0,0.0,0.0,0.0,0.0,0.0,0.0,4801.0,0.0,0.0,0.0,2632.0,0.0,0.0,0.0,,,
0.9,0.07,7433.0,0.0,0.0,0.0,0.0,0.548903538275259,0.0,0.0,0.0,0.9,0.07,0.0,0.0,0.0,0.5710453662723802,0.24523751849858738,0.6834452102990449,-0.0,0.0,0.0,0.0,0.0,0.0,0.0,0.0,4801.0,0.0,0.0,0.0,2632.0,0.0,0.0,0.0,,,
0.9,0.09,7433.0,0.0,0.0,0.0,0.0,0.548903538275259,0.0,0.0,0.0,0.9,0.09,0.0,0.0,0.0,0.5710453662723802,0.24523751849858738,0.6834452102990449,-0.0,0.0,0.0,0.0,0.0,0.0,0.0,0.0,4801.0,0.0,0.0,0.0,2632.0,0.0,0.0,0.0,,,
0.9,0.11,7433.0,0.0,0.0,0.0,0.0,0.548903538275259,0.0,0.0,0.0,0.9,0.11,0.0,0.0,0.0,0.5710453662723802,0.24523751849858738,0.6834452102990449,-0.0,0.0,0.0,0.0,0.0,0.0,0.0,0.0,4801.0,0.0,0.0,0.0,2632.0,0.0,0.0,0.0,,,
0.9,0.13,7433.0,0.0,0.0,0.0,0.0,0.548903538275259,0.0,0.0,0.0,0.9,0.13,0.0,0.0,0.0,0.5710453662723802,0.24523751849858738,0.6834452102990449,-0.0,0.0,0.0,0.0,0.0,0.0,0.0,0.0,4801.0,0.0,0.0,0.0,2632.0,0.0,0.0,0.0,,,
0.9,0.15,7433.0,0.0,0.0,0.0,0.0,0.548903538275259,0.0,0.0,0.0,0.9,0.15,0.0,0.0,0.0,0.5710453662723802,0.24523751849858738,0.6834452102990449,-0.0,0.0,0.0,0.0,0.0,0.0,0.0,0.0,4801.0,0.0,0.0,0.0,2632.0,0.0,0.0,0.0,,,
0.9,0.17,7433.0,0.0,0.0,0.0,0.0,0.548903538275259,0.0,0.0,0.0,0.9,0.17,0.0,0.0,0.0,0.5710453662723802,0.24523751849858738,0.6834452102990449,-0.0,0.0,0.0,0.0,0.0,0.0,0.0,0.0,4801.0,0.0,0.0,0.0,2632.0,0.0,0.0,0.0,,,
0.9,0.19,7433.0,0.0001345351809498184,0.0,1.0,0.5,0.548903538275259,1.0,0.0,1.0,0.9,0.19,1.0,0.0,1.0,0.5710453662723802,0.24523751849858738,0.6834452102990449,0.0001345351809498184,0.0,inf,0.0,1.0,1.0,0.0001345351809498184,1.0,4801.0,0.0,0.0,0.0,2632.0,0.00037993920972644377,1.0,1.0,,,
0.9,0.21,7433.0,0.0001345351809498184,0.0,1.0,0.5,0.548903538275259,1.0,0.0,1.0,0.9,0.21,1.0,0.0,1.0,0.5710453662723802,0.24523751849858738,0.6834452102990449,0.0001345351809498184,0.0,inf,0.0,1.0,1.0,0.0001345351809498184,1.0,4801.0,0.0,0.0,0.0,2632.0,0.00037993920972644377,1.0,1.0,,,
0.9,0.23,7433.0,0.0002690703618996368,0.0,1.0,0.5,0.548903538275259,1.0,0.0,1.0,0.9,0.23,2.0,0.0,2.0,0.5710453662723802,0.24523751849858738,0.6834452102990449,0.0002690703618996368,0.0,inf,0.0,2.0,2.0,0.0002690703618996368,1.0,4801.0,0.00020828993959591752,1.0,1.0,2632.0,0.00037993920972644377,1.0,1.0,,,
0.9,0.25,7433.0,0.0006726759047490919,0.0,0.8,0.4,0.548903538275259,0.8,0.0,1.0,0.9,0.25,5.0,0.0,5.0,0.5710453662723802,0.24523751849858738,0.6834452102990449,0.0004036055428494552,0.01159893016402023,0.0347967904920607,0.0,5.0,5.0,0.0006726759047490919,0.8,4801.0,0.0006248698187877526,1.0,3.0,2632.0,0.0007598784194528875,0.5,2.0,,,
0.9,0.27,7433.0,0.0016144221713978205,0.0,0.6666666666666666,0.3333333333333333,0.548903538275259,0.6666666666666666,0.0,1.0,0.9,0.27,12.0,0.0,12.0,0.5710453662723802,0.24523751849858738,0.6834452102990449,0.0005381407237992734,0.023197860328040464,0.023197860328040457,0.0,12.0,12.0,0.0016144221713978205,0.6666666666666666,4801.0,0.0012497396375755051,1.0,6.0,2632.0,0.0022796352583586625,0.3333333333333333,6.0,,,
0.9,0.29,7433.0,0.002825238799946186,0.0,0.7142857142857143,0.35714285714285715,0.548903538275259,0.7142857142857143,0.0,1.0,0.9,0.29,21.0,0.0,21.0,0.5710453662723802,0.24523751849858738,0.6834452102990449,0.0012108166285483655,0.02841146046402596,0.04261719069603895,0.0,21.0,21.0,0.002825238799946186,0.7142857142857143,4801.0,0.0024994792751510102,1.0,12.0,2632.0,0.003419452887537994,0.3333333333333333,9.0,,,
0.9,0.31,7433.0,0.0051123368760930986,0.0,0.7105263157894737,0.35526315789473684,0.548903538275259,0.7105263157894737,0.0,1.0,0.9,0.31,38.0,0.0,38.0,0.5710453662723802,0.24523751849858738,0.6834452102990449,0.002152562895197094,0.03846929932359052,0.055955344470677126,0.0,38.0,38.0,0.0051123368760930986,0.7105263157894737,4801.0,0.0049989585503020205,0.9583333333333334,24.0,2632.0,0.005319148936170213,0.2857142857142857,14.0,,,
0.9,0.33,7433.0,0.008610251580788377,0.0,0.765625,0.3828125,0.548903538275259,0.765625,0.0,1.0,0.9,0.33,64.0,0.0,64.0,0.5710453662723802,0.24523751849858738,0.6834452102990449,0.004574196152293825,0.04492246335907322,0.10182425028056596,0.0,64.0,64.0,0.008610251580788377,0.765625,4801.0,0.009997917100604041,0.9166666666666666,48.0,2632.0,0.0060790273556231,0.3125,16.0,,,
0.9,0.35,7433.0,0.01735503834252657,0.0,0.751937984496124,0.375968992248062,0.548903538275259,0.751937984496124,0.0,1.0,0.9,0.35,129.0,0.0,129.0,0.5710453662723802,0.24523751849858738,0.6834452102990449,0.008744786761738194,0.06561345738790318,0.13327733531917837,0.0,129.0,129.0,0.01735503834252657,0.751937984496124,4801.0,0.019995834201208082,0.8333333333333334,96.0,2632.0,0.012537993920972644,0.5151515151515151,33.0,,,
0.9,0.37,7433.0,0.026368895466164402,0.0,0.6989795918367347,0.3494897959183674,0.548903538275259,0.6989795918367347,0.0,1.0,0.9,0.37,196.0,0.0,196.0,0.5710453662723802,0.24523751849858738,0.6834452102990449,0.010493744114085836,0.08909307310918892,0.11778406275452101,0.0,196.0,196.0,0.026368895466164402,0.6989795918367347,4801.0,0.02916059154342845,0.7785714285714286,140.0,2632.0,0.02127659574468085,0.5,56.0,,,
0.9,0.39,7433.0,0.0395533431992466,0.0,0.6938775510204082,0.3469387755102041,0.548903538275259,0.6938775510204082,0.0,1.0,0.9,0.39,294.0,0.0,294.0,0.5710453662723802,0.24523751849858738,0.6834452102990449,0.015337010628279295,0.110037113218603,0.13938034341023045,0.0,294.0,294.0,0.0395533431992466,0.6938775510204082,4801.0,0.04269943761716309,0.7560975609756098,205.0,2632.0,0.0338145896656535,0.550561797752809,89.0,,,
0.9,0.41,7433.0,0.05798466298937172,0.0,0.665893271461717,0.3329466357308585,0.548903538275259,0.665893271461717,0.0,1.0,0.9,0.41,431.0,0.0,431.0,0.5710453662723802,0.24523751849858738,0.6834452102990449,0.01923853087582403,0.13918716196824277,0.13822058445457444,0.0,431.0,431.0,0.05798466298937172,0.665893271461717,4801.0,0.06102895230160383,0.7133105802047781,293.0,2632.0,0.05243161094224924,0.5652173913043478,138.0,,,
0.9,0.43,7433.0,0.08960043051257904,0.0,0.6396396396396397,0.31981981981981983,0.548903538275259,0.6396396396396397,0.0,1.0,0.9,0.43,666.0,0.0,666.0,0.5710453662723802,0.24523751849858738,0.6834452102990449,0.025023543656666224,0.17968985343629287,0.139259636413127,0.0,666.0,666.0,0.08960043051257904,0.6396396396396397,4801.0,0.09164757342220371,0.6954545454545454,440.0,2632.0,0.0858662613981763,0.5309734513274337,226.0,,,
0.9,0.45,7433.0,0.13345889950221984,0.0,0.6108870967741935,0.30544354838709675,0.548903538275259,0.6108870967741935,0.0,1.0,0.9,0.45,992.0,0.0,992.0,0.5710453662723802,0.24523751849858738,0.6834452102990449,0.029597739808960032,0.22788282042889915,0.12988140024445025,0.0,992.0,992.0,0.13345889950221984,0.6108870967741935,4801.0,0.13288898146219538,0.6520376175548589,638.0,2632.0,0.1344984802431611,0.536723163841808,354.0,,,
0.9,0.47,7433.0,0.23018969460513924,0.0,0.5797779076563413,0.28988895382817065,0.548903538275259,0.5797779076563413,0.0,1.0,0.9,0.47,1711.0,0.0,1711.0,0.5710453662723802,0.24523751849858738,0.6834452102990449,0.0367281043993004,0.31101574735520937,0.11809081923222825,0.0,1711.0,1711.0,0.23018969460513924,0.5797779076563413,4801.0,0.22745261403874192,0.6007326007326007,1092.0,2632.0,0.2351823708206687,0.5428109854604201,619.0,,,
0.9,0.49,7433.0,0.3734696623166958,0.0,0.5471902017291066,0.2735951008645533,0.548903538275259,0.5471902017291066,0.0,1.0,0.9,0.49,2776.0,0.0,2776.0,0.5710453662723802,0.24523751849858738,0.6834452102990449,0.03524821740885239,0.4112307411343682,0.0857139651369963,0.0,2776.0,2776.0,0.3734696623166958,0.5471902017291066,4801.0,0.3705478025411373,0.5503091624508151,1779.0,2632.0,0.37879939209726443,0.5416248746238717,997.0,,,
0.92,0.05,7433.0,0.0,0.0,0.0,0.0,0.548903538275259,0.0,0.0,0.0,0.92,0.05,0.0,0.0,0.0,0.5710453662723802,0.24523751849858738,0.6834452102990449,-0.0,0.0,0.0,0.0,0.0,0.0,0.0,0.0,4801.0,0.0,0.0,0.0,2632.0,0.0,0.0,0.0,,,
0.92,0.07,7433.0,0.0,0.0,0.0,0.0,0.548903538275259,0.0,0.0,0.0,0.92,0.07,0.0,0.0,0.0,0.5710453662723802,0.24523751849858738,0.6834452102990449,-0.0,0.0,0.0,0.0,0.0,0.0,0.0,0.0,4801.0,0.0,0.0,0.0,2632.0,0.0,0.0,0.0,,,
0.92,0.09,7433.0,0.0,0.0,0.0,0.0,0.548903538275259,0.0,0.0,0.0,0.92,0.09,0.0,0.0,0.0,0.5710453662723802,0.24523751849858738,0.6834452102990449,-0.0,0.0,0.0,0.0,0.0,0.0,0.0,0.0,4801.0,0.0,0.0,0.0,2632.0,0.0,0.0,0.0,,,
0.92,0.11,7433.0,0.0,0.0,0.0,0.0,0.548903538275259,0.0,0.0,0.0,0.92,0.11,0.0,0.0,0.0,0.5710453662723802,0.24523751849858738,0.6834452102990449,-0.0,0.0,0.0,0.0,0.0,0.0,0.0,0.0,4801.0,0.0,0.0,0.0,2632.0,0.0,0.0,0.0,,,
0.92,0.13,7433.0,0.0,0.0,0.0,0.0,0.548903538275259,0.0,0.0,0.0,0.92,0.13,0.0,0.0,0.0,0.5710453662723802,0.24523751849858738,0.6834452102990449,-0.0,0.0,0.0,0.0,0.0,0.0,0.0,0.0,4801.0,0.0,0.0,0.0,2632.0,0.0,0.0,0.0,,,
0.92,0.15,7433.0,0.0,0.0,0.0,0.0,0.548903538275259,0.0,0.0,0.0,0.92,0.15,0.0,0.0,0.0,0.5710453662723802,0.24523751849858738,0.6834452102990449,-0.0,0.0,0.0,0.0,0.0,0.0,0.0,0.0,4801.0,0.0,0.0,0.0,2632.0,0.0,0.0,0.0,,,
0.92,0.17,7433.0,0.0,0.0,0.0,0.0,0.548903538275259,0.0,0.0,0.0,0.92,0.17,0.0,0.0,0.0,0.5710453662723802,0.24523751849858738,0.6834452102990449,-0.0,0.0,0.0,0.0,0.0,0.0,0.0,0.0,4801.0,0.0,0.0,0.0,2632.0,0.0,0.0,0.0,,,
0.92,0.19,7433.0,0.0001345351809498184,0.0,1.0,0.5,0.548903538275259,1.0,0.0,1.0,0.92,0.19,1.0,0.0,1.0,0.5710453662723802,0.24523751849858738,0.6834452102990449,0.0001345351809498184,0.0,inf,0.0,1.0,1.0,0.0001345351809498184,1.0,4801.0,0.0,0.0,0.0,2632.0,0.00037993920972644377,1.0,1.0,,,
0.92,0.21,7433.0,0.0001345351809498184,0.0,1.0,0.5,0.548903538275259,1.0,0.0,1.0,0.92,0.21,1.0,0.0,1.0,0.5710453662723802,0.24523751849858738,0.6834452102990449,0.0001345351809498184,0.0,inf,0.0,1.0,1.0,0.0001345351809498184,1.0,4801.0,0.0,0.0,0.0,2632.0,0.00037993920972644377,1.0,1.0,,,
0.92,0.23,7433.0,0.0002690703618996368,0.0,1.0,0.5,0.548903538275259,1.0,0.0,1.0,0.92,0.23,2.0,0.0,2.0,0.5710453662723802,0.24523751849858738,0.6834452102990449,0.0002690703618996368,0.0,inf,0.0,2.0,2.0,0.0002690703618996368,1.0,4801.0,0.00020828993959591752,1.0,1.0,2632.0,0.00037993920972644377,1.0,1.0,,,
0.92,0.25,7433.0,0.0006726759047490919,0.0,0.8,0.4,0.548903538275259,0.8,0.0,1.0,0.92,0.25,5.0,0.0,5.0,0.5710453662723802,0.24523751849858738,0.6834452102990449,0.0004036055428494552,0.01159893016402023,0.0347967904920607,0.0,5.0,5.0,0.0006726759047490919,0.8,4801.0,0.0006248698187877526,1.0,3.0,2632.0,0.0007598784194528875,0.5,2.0,,,
0.92,0.27,7433.0,0.0016144221713978205,0.0,0.6666666666666666,0.3333333333333333,0.548903538275259,0.6666666666666666,0.0,1.0,0.92,0.27,12.0,0.0,12.0,0.5710453662723802,0.24523751849858738,0.6834452102990449,0.0005381407237992734,0.023197860328040464,0.023197860328040457,0.0,12.0,12.0,0.0016144221713978205,0.6666666666666666,4801.0,0.0012497396375755051,1.0,6.0,2632.0,0.0022796352583586625,0.3333333333333333,6.0,,,
0.92,0.29,7433.0,0.002825238799946186,0.0,0.7142857142857143,0.35714285714285715,0.548903538275259,0.7142857142857143,0.0,1.0,0.92,0.29,21.0,0.0,21.0,0.5710453662723802,0.24523751849858738,0.6834452102990449,0.0012108166285483655,0.02841146046402596,0.04261719069603895,0.0,21.0,21.0,0.002825238799946186,0.7142857142857143,4801.0,0.0024994792751510102,1.0,12.0,2632.0,0.003419452887537994,0.3333333333333333,9.0,,,
0.92,0.31,7433.0,0.0051123368760930986,0.0,0.7105263157894737,0.35526315789473684,0.548903538275259,0.7105263157894737,0.0,1.0,0.92,0.31,38.0,0.0,38.0,0.5710453662723802,0.24523751849858738,0.6834452102990449,0.002152562895197094,0.03846929932359052,0.055955344470677126,0.0,38.0,38.0,0.0051123368760930986,0.7105263157894737,4801.0,0.0049989585503020205,0.9583333333333334,24.0,2632.0,0.005319148936170213,0.2857142857142857,14.0,,,
0.92,0.33,7433.0,0.008610251580788377,0.0,0.765625,0.3828125,0.548903538275259,0.765625,0.0,1.0,0.92,0.33,64.0,0.0,64.0,0.5710453662723802,0.24523751849858738,0.6834452102990449,0.004574196152293825,0.04492246335907322,0.10182425028056596,0.0,64.0,64.0,0.008610251580788377,0.765625,4801.0,0.009997917100604041,0.9166666666666666,48.0,2632.0,0.0060790273556231,0.3125,16.0,,,
0.92,0.35,7433.0,0.01735503834252657,0.0,0.751937984496124,0.375968992248062,0.548903538275259,0.751937984496124,0.0,1.0,0.92,0.35,129.0,0.0,129.0,0.5710453662723802,0.24523751849858738,0.6834452102990449,0.008744786761738194,0.06561345738790318,0.13327733531917837,0.0,129.0,129.0,0.01735503834252657,0.751937984496124,4801.0,0.019995834201208082,0.8333333333333334,96.0,2632.0,0.012537993920972644,0.5151515151515151,33.0,,,
0.92,0.37,7433.0,0.026368895466164402,0.0,0.6989795918367347,0.3494897959183674,0.548903538275259,0.6989795918367347,0.0,1.0,0.92,0.37,196.0,0.0,196.0,0.5710453662723802,0.24523751849858738,0.6834452102990449,0.010493744114085836,0.08909307310918892,0.11778406275452101,0.0,196.0,196.0,0.026368895466164402,0.6989795918367347,4801.0,0.02916059154342845,0.7785714285714286,140.0,2632.0,0.02127659574468085,0.5,56.0,,,
0.92,0.39,7433.0,0.0395533431992466,0.0,0.6938775510204082,0.3469387755102041,0.548903538275259,0.6938775510204082,0.0,1.0,0.92,0.39,294.0,0.0,294.0,0.5710453662723802,0.24523751849858738,0.6834452102990449,0.015337010628279295,0.110037113218603,0.13938034341023045,0.0,294.0,294.0,0.0395533431992466,0.6938775510204082,4801.0,0.04269943761716309,0.7560975609756098,205.0,2632.0,0.0338145896656535,0.550561797752809,89.0,,,
0.92,0.41,7433.0,0.05798466298937172,0.0,0.665893271461717,0.3329466357308585,0.548903538275259,0.665893271461717,0.0,1.0,0.92,0.41,431.0,0.0,431.0,0.5710453662723802,0.24523751849858738,0.6834452102990449,0.01923853087582403,0.13918716196824277,0.13822058445457444,0.0,431.0,431.0,0.05798466298937172,0.665893271461717,4801.0,0.06102895230160383,0.7133105802047781,293.0,2632.0,0.05243161094224924,0.5652173913043478,138.0,,,
0.92,0.43,7433.0,0.08960043051257904,0.0,0.6396396396396397,0.31981981981981983,0.548903538275259,0.6396396396396397,0.0,1.0,0.92,0.43,666.0,0.0,666.0,0.5710453662723802,0.24523751849858738,0.6834452102990449,0.025023543656666224,0.17968985343629287,0.139259636413127,0.0,666.0,666.0,0.08960043051257904,0.6396396396396397,4801.0,0.09164757342220371,0.6954545454545454,440.0,2632.0,0.0858662613981763,0.5309734513274337,226.0,,,
0.92,0.45,7433.0,0.13345889950221984,0.0,0.6108870967741935,0.30544354838709675,0.548903538275259,0.6108870967741935,0.0,1.0,0.92,0.45,992.0,0.0,992.0,0.5710453662723802,0.24523751849858738,0.6834452102990449,0.029597739808960032,0.22788282042889915,0.12988140024445025,0.0,992.0,992.0,0.13345889950221984,0.6108870967741935,4801.0,0.13288898146219538,0.6520376175548589,638.0,2632.0,0.1344984802431611,0.536723163841808,354.0,,,
0.92,0.47,7433.0,0.23018969460513924,0.0,0.5797779076563413,0.28988895382817065,0.548903538275259,0.5797779076563413,0.0,1.0,0.92,0.47,1711.0,0.0,1711.0,0.5710453662723802,0.24523751849858738,0.6834452102990449,0.0367281043993004,0.31101574735520937,0.11809081923222825,0.0,1711.0,1711.0,0.23018969460513924,0.5797779076563413,4801.0,0.22745261403874192,0.6007326007326007,1092.0,2632.0,0.2351823708206687,0.5428109854604201,619.0,,,
0.92,0.49,7433.0,0.3734696623166958,0.0,0.5471902017291066,0.2735951008645533,0.548903538275259,0.5471902017291066,0.0,1.0,0.92,0.49,2776.0,0.0,2776.0,0.5710453662723802,0.24523751849858738,0.6834452102990449,0.03524821740885239,0.4112307411343682,0.0857139651369963,0.0,2776.0,2776.0,0.3734696623166958,0.5471902017291066,4801.0,0.3705478025411373,0.5503091624508151,1779.0,2632.0,0.37879939209726443,0.5416248746238717,997.0,,,
0.94,0.05,7433.0,0.0,0.0,0.0,0.0,0.548903538275259,0.0,0.0,0.0,0.94,0.05,0.0,0.0,0.0,0.5710453662723802,0.24523751849858738,0.6834452102990449,-0.0,0.0,0.0,0.0,0.0,0.0,0.0,0.0,4801.0,0.0,0.0,0.0,2632.0,0.0,0.0,0.0,,,
0.94,0.07,7433.0,0.0,0.0,0.0,0.0,0.548903538275259,0.0,0.0,0.0,0.94,0.07,0.0,0.0,0.0,0.5710453662723802,0.24523751849858738,0.6834452102990449,-0.0,0.0,0.0,0.0,0.0,0.0,0.0,0.0,4801.0,0.0,0.0,0.0,2632.0,0.0,0.0,0.0,,,
0.94,0.09,7433.0,0.0,0.0,0.0,0.0,0.548903538275259,0.0,0.0,0.0,0.94,0.09,0.0,0.0,0.0,0.5710453662723802,0.24523751849858738,0.6834452102990449,-0.0,0.0,0.0,0.0,0.0,0.0,0.0,0.0,4801.0,0.0,0.0,0.0,2632.0,0.0,0.0,0.0,,,
0.94,0.11,7433.0,0.0,0.0,0.0,0.0,0.548903538275259,0.0,0.0,0.0,0.94,0.11,0.0,0.0,0.0,0.5710453662723802,0.24523751849858738,0.6834452102990449,-0.0,0.0,0.0,0.0,0.0,0.0,0.0,0.0,4801.0,0.0,0.0,0.0,2632.0,0.0,0.0,0.0,,,
0.94,0.13,7433.0,0.0,0.0,0.0,0.0,0.548903538275259,0.0,0.0,0.0,0.94,0.13,0.0,0.0,0.0,0.5710453662723802,0.24523751849858738,0.6834452102990449,-0.0,0.0,0.0,0.0,0.0,0.0,0.0,0.0,4801.0,0.0,0.0,0.0,2632.0,0.0,0.0,0.0,,,
0.94,0.15,7433.0,0.0,0.0,0.0,0.0,0.548903538275259,0.0,0.0,0.0,0.94,0.15,0.0,0.0,0.0,0.5710453662723802,0.24523751849858738,0.6834452102990449,-0.0,0.0,0.0,0.0,0.0,0.0,0.0,0.0,4801.0,0.0,0.0,0.0,2632.0,0.0,0.0,0.0,,,
0.94,0.17,7433.0,0.0,0.0,0.0,0.0,0.548903538275259,0.0,0.0,0.0,0.94,0.17,0.0,0.0,0.0,0.5710453662723802,0.24523751849858738,0.6834452102990449,-0.0,0.0,0.0,0.0,0.0,0.0,0.0,0.0,4801.0,0.0,0.0,0.0,2632.0,0.0,0.0,0.0,,,
0.94,0.19,7433.0,0.0001345351809498184,0.0,1.0,0.5,0.548903538275259,1.0,0.0,1.0,0.94,0.19,1.0,0.0,1.0,0.5710453662723802,0.24523751849858738,0.6834452102990449,0.0001345351809498184,0.0,inf,0.0,1.0,1.0,0.0001345351809498184,1.0,4801.0,0.0,0.0,0.0,2632.0,0.00037993920972644377,1.0,1.0,,,
0.94,0.21,7433.0,0.0001345351809498184,0.0,1.0,0.5,0.548903538275259,1.0,0.0,1.0,0.94,0.21,1.0,0.0,1.0,0.5710453662723802,0.24523751849858738,0.6834452102990449,0.0001345351809498184,0.0,inf,0.0,1.0,1.0,0.0001345351809498184,1.0,4801.0,0.0,0.0,0.0,2632.0,0.00037993920972644377,1.0,1.0,,,
0.94,0.23,7433.0,0.0002690703618996368,0.0,1.0,0.5,0.548903538275259,1.0,0.0,1.0,0.94,0.23,2.0,0.0,2.0,0.5710453662723802,0.24523751849858738,0.6834452102990449,0.0002690703618996368,0.0,inf,0.0,2.0,2.0,0.0002690703618996368,1.0,4801.0,0.00020828993959591752,1.0,1.0,2632.0,0.00037993920972644377,1.0,1.0,,,
0.94,0.25,7433.0,0.0006726759047490919,0.0,0.8,0.4,0.548903538275259,0.8,0.0,1.0,0.94,0.25,5.0,0.0,5.0,0.5710453662723802,0.24523751849858738,0.6834452102990449,0.0004036055428494552,0.01159893016402023,0.0347967904920607,0.0,5.0,5.0,0.0006726759047490919,0.8,4801.0,0.0006248698187877526,1.0,3.0,2632.0,0.0007598784194528875,0.5,2.0,,,
0.94,0.27,7433.0,0.0016144221713978205,0.0,0.6666666666666666,0.3333333333333333,0.548903538275259,0.6666666666666666,0.0,1.0,0.94,0.27,12.0,0.0,12.0,0.5710453662723802,0.24523751849858738,0.6834452102990449,0.0005381407237992734,0.023197860328040464,0.023197860328040457,0.0,12.0,12.0,0.0016144221713978205,0.6666666666666666,4801.0,0.0012497396375755051,1.0,6.0,2632.0,0.0022796352583586625,0.3333333333333333,6.0,,,
0.94,0.29,7433.0,0.002825238799946186,0.0,0.7142857142857143,0.35714285714285715,0.548903538275259,0.7142857142857143,0.0,1.0,0.94,0.29,21.0,0.0,21.0,0.5710453662723802,0.24523751849858738,0.6834452102990449,0.0012108166285483655,0.02841146046402596,0.04261719069603895,0.0,21.0,21.0,0.002825238799946186,0.7142857142857143,4801.0,0.0024994792751510102,1.0,12.0,2632.0,0.003419452887537994,0.3333333333333333,9.0,,,
0.94,0.31,7433.0,0.0051123368760930986,0.0,0.7105263157894737,0.35526315789473684,0.548903538275259,0.7105263157894737,0.0,1.0,0.94,0.31,38.0,0.0,38.0,0.5710453662723802,0.24523751849858738,0.6834452102990449,0.002152562895197094,0.03846929932359052,0.055955344470677126,0.0,38.0,38.0,0.0051123368760930986,0.7105263157894737,4801.0,0.0049989585503020205,0.9583333333333334,24.0,2632.0,0.005319148936170213,0.2857142857142857,14.0,,,
0.94,0.33,7433.0,0.008610251580788377,0.0,0.765625,0.3828125,0.548903538275259,0.765625,0.0,1.0,0.94,0.33,64.0,0.0,64.0,0.5710453662723802,0.24523751849858738,0.6834452102990449,0.004574196152293825,0.04492246335907322,0.10182425028056596,0.0,64.0,64.0,0.008610251580788377,0.765625,4801.0,0.009997917100604041,0.9166666666666666,48.0,2632.0,0.0060790273556231,0.3125,16.0,,,
0.94,0.35,7433.0,0.01735503834252657,0.0,0.751937984496124,0.375968992248062,0.548903538275259,0.751937984496124,0.0,1.0,0.94,0.35,129.0,0.0,129.0,0.5710453662723802,0.24523751849858738,0.6834452102990449,0.008744786761738194,0.06561345738790318,0.13327733531917837,0.0,129.0,129.0,0.01735503834252657,0.751937984496124,4801.0,0.019995834201208082,0.8333333333333334,96.0,2632.0,0.012537993920972644,0.5151515151515151,33.0,,,
0.94,0.37,7433.0,0.026368895466164402,0.0,0.6989795918367347,0.3494897959183674,0.548903538275259,0.6989795918367347,0.0,1.0,0.94,0.37,196.0,0.0,196.0,0.5710453662723802,0.24523751849858738,0.6834452102990449,0.010493744114085836,0.08909307310918892,0.11778406275452101,0.0,196.0,196.0,0.026368895466164402,0.6989795918367347,4801.0,0.02916059154342845,0.7785714285714286,140.0,2632.0,0.02127659574468085,0.5,56.0,,,
0.94,0.39,7433.0,0.0395533431992466,0.0,0.6938775510204082,0.3469387755102041,0.548903538275259,0.6938775510204082,0.0,1.0,0.94,0.39,294.0,0.0,294.0,0.5710453662723802,0.24523751849858738,0.6834452102990449,0.015337010628279295,0.110037113218603,0.13938034341023045,0.0,294.0,294.0,0.0395533431992466,0.6938775510204082,4801.0,0.04269943761716309,0.7560975609756098,205.0,2632.0,0.0338145896656535,0.550561797752809,89.0,,,
0.94,0.41,7433.0,0.05798466298937172,0.0,0.665893271461717,0.3329466357308585,0.548903538275259,0.665893271461717,0.0,1.0,0.94,0.41,431.0,0.0,431.0,0.5710453662723802,0.24523751849858738,0.6834452102990449,0.01923853087582403,0.13918716196824277,0.13822058445457444,0.0,431.0,431.0,0.05798466298937172,0.665893271461717,4801.0,0.06102895230160383,0.7133105802047781,293.0,2632.0,0.05243161094224924,0.5652173913043478,138.0,,,
0.94,0.43,7433.0,0.08960043051257904,0.0,0.6396396396396397,0.31981981981981983,0.548903538275259,0.6396396396396397,0.0,1.0,0.94,0.43,666.0,0.0,666.0,0.5710453662723802,0.24523751849858738,0.6834452102990449,0.025023543656666224,0.17968985343629287,0.139259636413127,0.0,666.0,666.0,0.08960043051257904,0.6396396396396397,4801.0,0.09164757342220371,0.6954545454545454,440.0,2632.0,0.0858662613981763,0.5309734513274337,226.0,,,
0.94,0.45,7433.0,0.13345889950221984,0.0,0.6108870967741935,0.30544354838709675,0.548903538275259,0.6108870967741935,0.0,1.0,0.94,0.45,992.0,0.0,992.0,0.5710453662723802,0.24523751849858738,0.6834452102990449,0.029597739808960032,0.22788282042889915,0.12988140024445025,0.0,992.0,992.0,0.13345889950221984,0.6108870967741935,4801.0,0.13288898146219538,0.6520376175548589,638.0,2632.0,0.1344984802431611,0.536723163841808,354.0,,,
0.94,0.47,7433.0,0.23018969460513924,0.0,0.5797779076563413,0.28988895382817065,0.548903538275259,0.5797779076563413,0.0,1.0,0.94,0.47,1711.0,0.0,1711.0,0.5710453662723802,0.24523751849858738,0.6834452102990449,0.0367281043993004,0.31101574735520937,0.11809081923222825,0.0,1711.0,1711.0,0.23018969460513924,0.5797779076563413,4801.0,0.22745261403874192,0.6007326007326007,1092.0,2632.0,0.2351823708206687,0.5428109854604201,619.0,,,
0.94,0.49,7433.0,0.3734696623166958,0.0,0.5471902017291066,0.2735951008645533,0.548903538275259,0.5471902017291066,0.0,1.0,0.94,0.49,2776.0,0.0,2776.0,0.5710453662723802,0.24523751849858738,0.6834452102990449,0.03524821740885239,0.4112307411343682,0.0857139651369963,0.0,2776.0,2776.0,0.3734696623166958,0.5471902017291066,4801.0,0.3705478025411373,0.5503091624508151,1779.0,2632.0,0.37879939209726443,0.5416248746238717,997.0,,,
