{
  "train": {
    "sample_count": 7860.0,
    "coverage": 0.6535623409669211,
    "precision_up": 0.6931122448979592,
    "precision_down": 0.8496302382908792,
    "balanced_precision": 0.7713712415944192,
    "all_sample_accuracy": 0.6910941475826972,
    "accepted_sample_accuracy": 0.7301927194860813,
    "share_up_predictions": 0.7630912984232042,
    "share_down_predictions": 0.2369087015767958,
    "selected_t_up": 0.5,
    "selected_t_down": 0.46,
    "accepted_count": 5137.0,
    "up_prediction_count": 3920.0,
    "down_prediction_count": 1217.0,
    "roc_auc": 0.7630254566663275,
    "brier_score": 0.2338233098994304,
    "log_loss": 0.6606361472372007
  },
  "validation": {
    "sample_count": 8220.0,
    "coverage": 0.6221411192214112,
    "precision_up": 0.5229826353421859,
    "precision_down": 0.5701168614357263,
    "balanced_precision": 0.5465497483889561,
    "all_sample_accuracy": 0.5232360097323601,
    "accepted_sample_accuracy": 0.534024247164646,
    "share_up_predictions": 0.765741102854908,
    "share_down_predictions": 0.2342588971450919,
    "selected_t_up": 0.5,
    "selected_t_down": 0.46,
    "accepted_count": 5114.0,
    "up_prediction_count": 3916.0,
    "down_prediction_count": 1198.0,
    "roc_auc": 0.5345679153401742,
    "brier_score": 0.2490640395809133,
    "log_loss": 0.6912720397432376
  },
  "thresholds": {
    "t_up": 0.5,
    "t_down": 0.46
  },
  "threshold_search": {
    "constraint_satisfied": true,
    "fallback_reason": null,
    "t_up": 0.5,
    "t_down": 0.46,
    "balanced_precision": 0.5465497483889561,
    "coverage": 0.6221411192214112,
    "precision_up": 0.5229826353421859,
    "precision_down": 0.5701168614357263
  }
}