abstain_low_conf_count,abstain_low_conf_share,active_count,active_covered_gap_norm_mean,active_covered_gap_norm_median,active_share,alpha,bucket_miss_threshold,clamp_over_pside_count,clamp_over_pside_share,coverage_feasible,coverage_overall,covered_count,covered_feasible_count,covered_gap_norm_mean,covered_gap_norm_median,covered_gap_norm_q25,covered_gap_norm_q75,delta_mode,delta_norm,delta_quantile,feasible_count,feasible_covered_gap_norm_mean,infeasible_count,local_delta_fallback_bucket_count,max_possible_coverage,mean_p_pred,mean_p_side,non_active_share,sample_count,side_violation_count,side_violation_rate
1760.0,1.0,0.0,nan,nan,0.0,0.01,0.0,0.0,0.0,1.0,0.7176136363636364,1263.0,1263.0,1.0,1.0,1.0,1.0,global,0.2637511315461343,0.5,1263.0,1.0,497.0,0.0,0.7176136363636364,0.5682228514151557,0.5682228514151557,1.0,1760.0,0.0,0.0
1760.0,1.0,0.0,nan,nan,0.0,0.01,0.025,0.0,0.0,1.0,0.7176136363636364,1263.0,1263.0,1.0,1.0,1.0,1.0,global,0.2637511315461343,0.5,1263.0,1.0,497.0,0.0,0.7176136363636364,0.5682228514151557,0.5682228514151557,1.0,1760.0,0.0,0.0
1760.0,1.0,0.0,nan,nan,0.0,0.01,0.05,0.0,0.0,1.0,0.7176136363636364,1263.0,1263.0,1.0,1.0,1.0,1.0,global,0.2637511315461343,0.5,1263.0,1.0,497.0,0.0,0.7176136363636364,0.5682228514151557,0.5682228514151557,1.0,1760.0,0.0,0.0
1760.0,1.0,0.0,nan,nan,0.0,0.01,0.075,0.0,0.0,1.0,0.7176136363636364,1263.0,1263.0,1.0,1.0,1.0,1.0,global,0.2637511315461343,0.5,1263.0,1.0,497.0,0.0,0.7176136363636364,0.5682228514151557,0.5682228514151557,1.0,1760.0,0.0,0.0
1760.0,1.0,0.0,nan,nan,0.0,0.01,0.1,0.0,0.0,1.0,0.7176136363636364,1263.0,1263.0,1.0,1.0,1.0,1.0,global,0.2637511315461343,0.5,1263.0,1.0,497.0,0.0,0.7176136363636364,0.5682228514151557,0.5682228514151557,1.0,1760.0,0.0,0.0
1760.0,1.0,0.0,nan,nan,0.0,0.01,0.15,0.0,0.0,1.0,0.7176136363636364,1263.0,1263.0,1.0,1.0,1.0,1.0,global,0.2637511315461343,0.5,1263.0,1.0,497.0,0.0,0.7176136363636364,0.5682228514151557,0.5682228514151557,1.0,1760.0,0.0,0.0
1760.0,1.0,0.0,nan,nan,0.0,0.01,0.2,0.0,0.0,1.0,0.7176136363636364,1263.0,1263.0,1.0,1.0,1.0,1.0,global,0.2637511315461343,0.5,1263.0,1.0,497.0,0.0,0.7176136363636364,0.5682228514151557,0.5682228514151557,1.0,1760.0,0.0,0.0
1760.0,1.0,0.0,nan,nan,0.0,0.01,0.3,0.0,0.0,1.0,0.7176136363636364,1263.0,1263.0,1.0,1.0,1.0,1.0,global,0.2637511315461343,0.5,1263.0,1.0,497.0,0.0,0.7176136363636364,0.5682228514151557,0.5682228514151557,1.0,1760.0,0.0,0.0
538.0,0.30568181818181817,1216.0,0.3574427781841659,0.3651253090912841,0.6909090909090909,0.01,0.5,6.0,0.003409090909090909,0.730799683293745,0.5244318181818182,923.0,923.0,0.6700193682115868,0.7165892284009375,0.3596033655389188,1.0,global,0.2637511315461343,0.5,1263.0,0.6700193686694331,497.0,0.0,0.7176136363636364,0.43693705106407577,0.5682228514151557,0.3090909090909091,1760.0,0.0,0.0
0.0,0.0,1754.0,0.3527918761321837,0.3621405378082715,0.9965909090909091,0.01,1.0,6.0,0.003409090909090909,0.5217735550277118,0.3744318181818182,659.0,659.0,0.3547560889512059,0.36320004037423276,0.20012161999029143,0.5007994824230766,global,0.2637511315461343,0.5,1263.0,0.35475608962610394,497.0,0.0,0.7176136363636364,0.36087449389617016,0.5682228514151557,0.003409090909090909,1760.0,0.0,0.0
1760.0,1.0,0.0,nan,nan,0.0,0.01,0.0,0.0,0.0,1.0,0.7176136363636364,1263.0,1263.0,1.0,1.0,1.0,1.0,global,0.40124400579276587,0.6,1263.0,1.0,497.0,0.0,0.7176136363636364,0.5682228514151557,0.5682228514151557,1.0,1760.0,0.0,0.0
1760.0,1.0,0.0,nan,nan,0.0,0.01,0.025,0.0,0.0,1.0,0.7176136363636364,1263.0,1263.0,1.0,1.0,1.0,1.0,global,0.40124400579276587,0.6,1263.0,1.0,497.0,0.0,0.7176136363636364,0.5682228514151557,0.5682228514151557,1.0,1760.0,0.0,0.0
1760.0,1.0,0.0,nan,nan,0.0,0.01,0.05,0.0,0.0,1.0,0.7176136363636364,1263.0,1263.0,1.0,1.0,1.0,1.0,global,0.40124400579276587,0.6,1263.0,1.0,497.0,0.0,0.7176136363636364,0.5682228514151557,0.5682228514151557,1.0,1760.0,0.0,0.0
1760.0,1.0,0.0,nan,nan,0.0,0.01,0.075,0.0,0.0,1.0,0.7176136363636364,1263.0,1263.0,1.0,1.0,1.0,1.0,global,0.40124400579276587,0.6,1263.0,1.0,497.0,0.0,0.7176136363636364,0.5682228514151557,0.5682228514151557,1.0,1760.0,0.0,0.0
1760.0,1.0,0.0,nan,nan,0.0,0.01,0.1,0.0,0.0,1.0,0.7176136363636364,1263.0,1263.0,1.0,1.0,1.0,1.0,global,0.40124400579276587,0.6,1263.0,1.0,497.0,0.0,0.7176136363636364,0.5682228514151557,0.5682228514151557,1.0,1760.0,0.0,0.0
1760.0,1.0,0.0,nan,nan,0.0,0.01,0.15,0.0,0.0,1.0,0.7176136363636364,1263.0,1263.0,1.0,1.0,1.0,1.0,global,0.40124400579276587,0.6,1263.0,1.0,497.0,0.0,0.7176136363636364,0.5682228514151557,0.5682228514151557,1.0,1760.0,0.0,0.0
1760.0,1.0,0.0,nan,nan,0.0,0.01,0.2,0.0,0.0,1.0,0.7176136363636364,1263.0,1263.0,1.0,1.0,1.0,1.0,global,0.40124400579276587,0.6,1263.0,1.0,497.0,0.0,0.7176136363636364,0.5682228514151557,0.5682228514151557,1.0,1760.0,0.0,0.0
1552.0,0.8818181818181818,207.0,0.46859886424635766,0.48364556945236714,0.11761363636363636,0.01,0.3,1.0,0.0005681818181818182,0.9809976247030879,0.7039772727272727,1239.0,1239.0,0.9682617562181038,1.0,1.0,1.0,global,0.40124400579276587,0.6,1263.0,0.9682617563320912,497.0,0.0,0.7176136363636364,0.5559259464057558,0.5682228514151557,0.8823863636363637,1760.0,0.0,0.0
142.0,0.08068181818181819,1612.0,0.41441642498582953,0.4349910536830731,0.9159090909090909,0.01,0.5,6.0,0.003409090909090909,0.6801266825019794,0.48806818181818185,859.0,859.0,0.5044013282476112,0.492585010202507,0.30175902010342875,0.6571116794029346,global,0.40124400579276587,0.6,1263.0,0.5044013300855421,497.0,0.0,0.7176136363636364,0.41944115545355265,0.5682228514151557,0.08409090909090909,1760.0,0.0,0.0
0.0,0.0,1754.0,0.4115635940653338,0.43197112823238654,0.9965909090909091,0.01,1.0,6.0,0.003409090909090909,0.6215360253365004,0.4460227272727273,785.0,785.0,0.41306279509956234,0.4325550475761264,0.24502287151110974,0.5732514878593837,global,0.40124400579276587,0.6,1263.0,0.41306279711075033,497.0,0.0,0.7176136363636364,0.4004824484416247,0.5682228514151557,0.003409090909090909,1760.0,0.0,0.0
1760.0,1.0,0.0,nan,nan,0.0,0.01,0.0,0.0,0.0,1.0,0.7176136363636364,1263.0,1263.0,1.0,1.0,1.0,1.0,global,0.47930304541672697,0.65,1263.0,1.0,497.0,0.0,0.7176136363636364,0.5682228514151557,0.5682228514151557,1.0,1760.0,0.0,0.0
1760.0,1.0,0.0,nan,nan,0.0,0.01,0.025,0.0,0.0,1.0,0.7176136363636364,1263.0,1263.0,1.0,1.0,1.0,1.0,global,0.47930304541672697,0.65,1263.0,1.0,497.0,0.0,0.7176136363636364,0.5682228514151557,0.5682228514151557,1.0,1760.0,0.0,0.0
1760.0,1.0,0.0,nan,nan,0.0,0.01,0.05,0.0,0.0,1.0,0.7176136363636364,1263.0,1263.0,1.0,1.0,1.0,1.0,global,0.47930304541672697,0.65,1263.0,1.0,497.0,0.0,0.7176136363636364,0.5682228514151557,0.5682228514151557,1.0,1760.0,0.0,0.0
1760.0,1.0,0.0,nan,nan,0.0,0.01,0.075,0.0,0.0,1.0,0.7176136363636364,1263.0,1263.0,1.0,1.0,1.0,1.0,global,0.47930304541672697,0.65,1263.0,1.0,497.0,0.0,0.7176136363636364,0.5682228514151557,0.5682228514151557,1.0,1760.0,0.0,0.0
1760.0,1.0,0.0,nan,nan,0.0,0.01,0.1,0.0,0.0,1.0,0.7176136363636364,1263.0,1263.0,1.0,1.0,1.0,1.0,global,0.47930304541672697,0.65,1263.0,1.0,497.0,0.0,0.7176136363636364,0.5682228514151557,0.5682228514151557,1.0,1760.0,0.0,0.0
1760.0,1.0,0.0,nan,nan,0.0,0.01,0.15,0.0,0.0,1.0,0.7176136363636364,1263.0,1263.0,1.0,1.0,1.0,1.0,global,0.47930304541672697,0.65,1263.0,1.0,497.0,0.0,0.7176136363636364,0.5682228514151557,0.5682228514151557,1.0,1760.0,0.0,0.0
1665.0,0.9460227272727273,95.0,0.5174076366706144,0.5564301923384696,0.05397727272727273,0.01,0.2,0.0,0.0,0.9928741092636579,0.7125,1254.0,1254.0,0.9853759889900187,1.0,1.0,1.0,global,0.47930304541672697,0.65,1263.0,0.985375989014412,497.0,0.0,0.7176136363636364,0.5632574297369822,0.5682228514151557,0.9460227272727273,1760.0,0.0,0.0
1366.0,0.7761363636363636,391.0,0.46531110263550285,0.5124762165329432,0.22215909090909092,0.01,0.3,3.0,0.0017045454545454545,0.9580364212193191,0.6875,1210.0,1210.0,0.9244365277278273,1.0,1.0,1.0,global,0.47930304541672697,0.65,1263.0,0.9244365281330049,497.0,0.0,0.7176136363636364,0.5428548807793712,0.5682228514151557,0.7778409090909091,1760.0,0.0,0.0
83.0,0.04715909090909091,1671.0,0.4566555336942174,0.48918171114477477,0.9494318181818182,0.01,0.5,6.0,0.003409090909090909,0.7102137767220903,0.5096590909090909,897.0,897.0,0.5039028785903725,0.5188215292032655,0.330507366099929,0.6588124696049065,global,0.47930304541672697,0.65,1263.0,0.5039028801150381,497.0,0.0,0.7176136363636364,0.43244021996181586,0.5682228514151557,0.05056818181818182,1760.0,0.0,0.0
0.0,0.0,1754.0,0.4553819209946114,0.4879278129200394,0.9965909090909091,0.01,1.0,6.0,0.003409090909090909,0.6753760886777513,0.48465909090909093,853.0,853.0,0.45665886842487025,0.48851173110196644,0.3121782777922724,0.6227737667534359,global,0.47930304541672697,0.65,1263.0,0.4566588701215765,497.0,0.0,0.7176136363636364,0.4230392666234429,0.5682228514151557,0.003409090909090909,1760.0,0.0,0.0
1760.0,1.0,0.0,nan,nan,0.0,0.01,0.0,0.0,0.0,1.0,0.7176136363636364,1263.0,1263.0,1.0,1.0,1.0,1.0,global,0.5200467312007683,0.68,1263.0,1.0,497.0,0.0,0.7176136363636364,0.5682228514151557,0.5682228514151557,1.0,1760.0,0.0,0.0
1760.0,1.0,0.0,nan,nan,0.0,0.01,0.025,0.0,0.0,1.0,0.7176136363636364,1263.0,1263.0,1.0,1.0,1.0,1.0,global,0.5200467312007683,0.68,1263.0,1.0,497.0,0.0,0.7176136363636364,0.5682228514151557,0.5682228514151557,1.0,1760.0,0.0,0.0
1760.0,1.0,0.0,nan,nan,0.0,0.01,0.05,0.0,0.0,1.0,0.7176136363636364,1263.0,1263.0,1.0,1.0,1.0,1.0,global,0.5200467312007683,0.68,1263.0,1.0,497.0,0.0,0.7176136363636364,0.5682228514151557,0.5682228514151557,1.0,1760.0,0.0,0.0
1760.0,1.0,0.0,nan,nan,0.0,0.01,0.075,0.0,0.0,1.0,0.7176136363636364,1263.0,1263.0,1.0,1.0,1.0,1.0,global,0.5200467312007683,0.68,1263.0,1.0,497.0,0.0,0.7176136363636364,0.5682228514151557,0.5682228514151557,1.0,1760.0,0.0,0.0
1760.0,1.0,0.0,nan,nan,0.0,0.01,0.1,0.0,0.0,1.0,0.7176136363636364,1263.0,1263.0,1.0,1.0,1.0,1.0,global,0.5200467312007683,0.68,1263.0,1.0,497.0,0.0,0.7176136363636364,0.5682228514151557,0.5682228514151557,1.0,1760.0,0.0,0.0
1760.0,1.0,0.0,nan,nan,0.0,0.01,0.15,0.0,0.0,1.0,0.7176136363636364,1263.0,1263.0,1.0,1.0,1.0,1.0,global,0.5200467312007683,0.68,1263.0,1.0,497.0,0.0,0.7176136363636364,0.5682228514151557,0.5682228514151557,1.0,1760.0,0.0,0.0
1617.0,0.91875,143.0,0.4908444504806937,0.5082435716412044,0.08125,0.01,0.2,0.0,0.0,0.9865399841646872,0.7079545454545455,1246.0,1246.0,0.9709871235827683,1.0,1.0,1.0,global,0.5200467312007683,0.68,1263.0,0.9709871237275557,497.0,0.0,0.7176136363636364,0.5588241597504128,0.5682228514151557,0.91875,1760.0,0.0,0.0
774.0,0.43977272727272726,983.0,0.4815288593878788,0.5244755275335274,0.5585227272727272,0.01,0.3,3.0,0.0017045454545454545,0.889944576405384,0.6386363636363637,1124.0,1124.0,0.7476835285455246,1.0,0.5303636213914352,1.0,global,0.5200467312007683,0.68,1263.0,0.7476835291903893,497.0,0.0,0.7176136363636364,0.49598944445067883,0.5682228514151557,0.4414772727272727,1760.0,0.0,0.0
83.0,0.04715909090909091,1671.0,0.4807330713006951,0.5194280305051335,0.9494318181818182,0.01,0.5,6.0,0.003409090909090909,0.7379255740300871,0.5295454545454545,932.0,932.0,0.5241910331446282,0.5446160246602996,0.35488301949216167,0.6829383535958736,global,0.5200467312007683,0.68,1263.0,0.5241910341921464,497.0,0.0,0.7176136363636364,0.44331521996181583,0.5682228514151557,0.05056818181818182,1760.0,0.0,0.0
0.0,0.0,1754.0,0.4792383676838904,0.517499285032905,0.9965909090909091,0.01,1.0,6.0,0.003409090909090909,0.7046714172604909,0.5056818181818182,890.0,890.0,0.4804086185430277,0.5180122465712919,0.32865948568813375,0.6512617249218706,global,0.5200467312007683,0.68,1263.0,0.4804086196399793,497.0,0.0,0.7176136363636364,0.4346585848052611,0.5682228514151557,0.003409090909090909,1760.0,0.0,0.0
1760.0,1.0,0.0,nan,nan,0.0,0.01,0.0,0.0,0.0,1.0,0.7176136363636364,1263.0,1263.0,1.0,1.0,1.0,1.0,global,0.548754431943873,0.7,1263.0,1.0,497.0,0.0,0.7176136363636364,0.5682228514151557,0.5682228514151557,1.0,1760.0,0.0,0.0
1760.0,1.0,0.0,nan,nan,0.0,0.01,0.025,0.0,0.0,1.0,0.7176136363636364,1263.0,1263.0,1.0,1.0,1.0,1.0,global,0.548754431943873,0.7,1263.0,1.0,497.0,0.0,0.7176136363636364,0.5682228514151557,0.5682228514151557,1.0,1760.0,0.0,0.0
1760.0,1.0,0.0,nan,nan,0.0,0.01,0.05,0.0,0.0,1.0,0.7176136363636364,1263.0,1263.0,1.0,1.0,1.0,1.0,global,0.548754431943873,0.7,1263.0,1.0,497.0,0.0,0.7176136363636364,0.5682228514151557,0.5682228514151557,1.0,1760.0,0.0,0.0
1760.0,1.0,0.0,nan,nan,0.0,0.01,0.075,0.0,0.0,1.0,0.7176136363636364,1263.0,1263.0,1.0,1.0,1.0,1.0,global,0.548754431943873,0.7,1263.0,1.0,497.0,0.0,0.7176136363636364,0.5682228514151557,0.5682228514151557,1.0,1760.0,0.0,0.0
1760.0,1.0,0.0,nan,nan,0.0,0.01,0.1,0.0,0.0,1.0,0.7176136363636364,1263.0,1263.0,1.0,1.0,1.0,1.0,global,0.548754431943873,0.7,1263.0,1.0,497.0,0.0,0.7176136363636364,0.5682228514151557,0.5682228514151557,1.0,1760.0,0.0,0.0
1760.0,1.0,0.0,nan,nan,0.0,0.01,0.15,0.0,0.0,1.0,0.7176136363636364,1263.0,1263.0,1.0,1.0,1.0,1.0,global,0.548754431943873,0.7,1263.0,1.0,497.0,0.0,0.7176136363636364,0.5682228514151557,0.5682228514151557,1.0,1760.0,0.0,0.0
1429.0,0.8119318181818181,330.0,0.5107092378445127,0.570445739806565,0.1875,0.01,0.2,1.0,0.0005681818181818182,0.9707046714172605,0.696590909090909,1226.0,1226.0,0.9337501904422424,1.0,1.0,1.0,global,0.548754431943873,0.7,1263.0,0.9337501905184283,497.0,0.0,0.7176136363636364,0.5482048520014514,0.5682228514151557,0.8125,1760.0,0.0,0.0
774.0,0.43977272727272726,983.0,0.5017462217669969,0.5488273161516062,0.5585227272727272,0.01,0.3,3.0,0.0017045454545454545,0.9002375296912114,0.6460227272727272,1137.0,1137.0,0.7545979632273688,1.0,0.5513492944948527,1.0,global,0.548754431943873,0.7,1263.0,0.7545979637328255,497.0,0.0,0.7176136363636364,0.5005235353597698,0.5682228514151557,0.4414772727272727,1760.0,0.0,0.0
83.0,0.04715909090909091,1671.0,0.501960101605315,0.5480314670611945,0.9494318181818182,0.01,0.5,6.0,0.003409090909090909,0.7521773555027712,0.5397727272727273,950.0,950.0,0.5428517985261418,0.5680698339434915,0.37793296122228537,0.7004289153972553,global,0.548754431943873,0.7,1263.0,0.5428517993793227,497.0,0.0,0.7176136363636364,0.45112771996181583,0.5682228514151557,0.05056818181818182,1760.0,0.0,0.0
0.0,0.0,1754.0,0.500807678151292,0.5454479513759727,0.9965909090909091,0.01,1.0,6.0,0.003409090909090909,0.718923198733175,0.5159090909090909,908.0,908.0,0.5019072207104301,0.546099466878067,0.3543718123426615,0.6691123315676413,global,0.548754431943873,0.7,1263.0,0.5019072216030754,497.0,0.0,0.7176136363636364,0.44301085753253383,0.5682228514151557,0.003409090909090909,1760.0,0.0,0.0
1760.0,1.0,0.0,nan,nan,0.0,0.01,0.0,0.0,0.0,1.0,0.7176136363636364,1263.0,1263.0,1.0,1.0,1.0,1.0,global,0.7083181969737922,0.8,1263.0,1.0,497.0,0.0,0.7176136363636364,0.5682228514151557,0.5682228514151557,1.0,1760.0,0.0,0.0
1760.0,1.0,0.0,nan,nan,0.0,0.01,0.025,0.0,0.0,1.0,0.7176136363636364,1263.0,1263.0,1.0,1.0,1.0,1.0,global,0.7083181969737922,0.8,1263.0,1.0,497.0,0.0,0.7176136363636364,0.5682228514151557,0.5682228514151557,1.0,1760.0,0.0,0.0
1760.0,1.0,0.0,nan,nan,0.0,0.01,0.05,0.0,0.0,1.0,0.7176136363636364,1263.0,1263.0,1.0,1.0,1.0,1.0,global,0.7083181969737922,0.8,1263.0,1.0,497.0,0.0,0.7176136363636364,0.5682228514151557,0.5682228514151557,1.0,1760.0,0.0,0.0
1760.0,1.0,0.0,nan,nan,0.0,0.01,0.075,0.0,0.0,1.0,0.7176136363636364,1263.0,1263.0,1.0,1.0,1.0,1.0,global,0.7083181969737922,0.8,1263.0,1.0,497.0,0.0,0.7176136363636364,0.5682228514151557,0.5682228514151557,1.0,1760.0,0.0,0.0
1524.0,0.865909090909091,235.0,0.6307088674823065,0.682600456354028,0.13352272727272727,0.01,0.1,1.0,0.0005681818181818182,0.9881235154394299,0.7090909090909091,1248.0,1248.0,0.9582772037780491,1.0,1.0,1.0,global,0.7083181969737922,0.8,1263.0,0.9582772038238709,497.0,0.0,0.7176136363636364,0.5583464100432612,0.5682228514151557,0.8664772727272727,1760.0,0.0,0.0
1327.0,0.7539772727272728,429.0,0.6466345985101144,0.6842333980744816,0.24375,0.01,0.15,4.0,0.0022727272727272726,0.9770387965162312,0.7011363636363637,1234.0,1234.0,0.9355695175565445,1.0,1.0,1.0,global,0.7083181969737922,0.8,1263.0,0.9355695176028861,497.0,0.0,0.7176136363636364,0.5528710355722403,0.5682228514151557,0.75625,1760.0,0.0,0.0
548.0,0.31136363636363634,1205.0,0.6353470068759973,0.6915653162753794,0.6846590909090909,0.01,0.2,7.0,0.003977272727272727,0.9263657957244655,0.6647727272727273,1170.0,1170.0,0.7793381887762445,0.8091857454607856,0.6486383970541847,1.0,global,0.7083181969737922,0.8,1263.0,0.7793381899643557,497.0,0.0,0.7176136363636364,0.5193499203801709,0.5682228514151557,0.3153409090909091,1760.0,0.0,0.0
150.0,0.08522727272727272,1603.0,0.6223058845276084,0.682600456354028,0.9107954545454545,0.01,0.3,7.0,0.003977272727272727,0.8653998416468726,0.6210227272727272,1093.0,1093.0,0.6713750193831247,0.7158784174286581,0.5578883971499166,0.8193966515212935,global,0.7083181969737922,0.8,1263.0,0.6713750213863197,497.0,0.0,0.7176136363636364,0.4987249719550008,0.5682228514151557,0.08920454545454545,1760.0,0.0,0.0
0.0,0.0,1753.0,0.6197637154877477,0.6811461020050547,0.9960227272727272,0.01,0.5,7.0,0.003977272727272727,0.8218527315914489,0.5897727272727272,1038.0,1038.0,0.6204963480205266,0.6814310633330534,0.5230527263429213,0.779616187245502,global,0.7083181969737922,0.8,1263.0,0.620496350492776,497.0,0.0,0.7176136363636364,0.48908270946823956,0.5682228514151557,0.003977272727272727,1760.0,0.0,0.0
0.0,0.0,1753.0,0.6197637154877477,0.6811461020050547,0.9960227272727272,0.01,1.0,7.0,0.003977272727272727,0.8218527315914489,0.5897727272727272,1038.0,1038.0,0.6204963480205266,0.6814310633330534,0.5230527263429213,0.779616187245502,global,0.7083181969737922,0.8,1263.0,0.620496350492776,497.0,0.0,0.7176136363636364,0.48908270946823956,0.5682228514151557,0.003977272727272727,1760.0,0.0,0.0
1760.0,1.0,0.0,nan,nan,0.0,0.01,0.0,0.0,0.0,1.0,0.7176136363636364,1263.0,1263.0,1.0,1.0,1.0,1.0,global,0.7848929174290469,0.85,1263.0,1.0,497.0,0.0,0.7176136363636364,0.5682228514151557,0.5682228514151557,1.0,1760.0,0.0,0.0
1760.0,1.0,0.0,nan,nan,0.0,0.01,0.025,0.0,0.0,1.0,0.7176136363636364,1263.0,1263.0,1.0,1.0,1.0,1.0,global,0.7848929174290469,0.85,1263.0,1.0,497.0,0.0,0.7176136363636364,0.5682228514151557,0.5682228514151557,1.0,1760.0,0.0,0.0
1721.0,0.977840909090909,39.0,0.6594381736497736,0.7243903702761699,0.02215909090909091,0.01,0.05,0.0,0.0,0.9992082343626286,0.7170454545454545,1262.0,1262.0,0.9921740943231723,1.0,1.0,1.0,global,0.7848929174290469,0.85,1263.0,0.9921740943231723,497.0,0.0,0.7176136363636364,0.5669890062080248,0.5682228514151557,0.977840909090909,1760.0,0.0,0.0
1685.0,0.9573863636363636,75.0,0.6869426018441691,0.7526966258297448,0.04261363636363636,0.01,0.075,0.0,0.0,0.997624703087886,0.7159090909090909,1260.0,1260.0,0.9848440465972178,1.0,1.0,1.0,global,0.7848929174290469,0.85,1263.0,0.9848440465972176,497.0,0.0,0.7176136363636364,0.5653043451792389,0.5682228514151557,0.9573863636363636,1760.0,0.0,0.0
1405.0,0.7982954545454546,353.0,0.7044261235394361,0.7659577251859515,0.2005681818181818,0.01,0.1,2.0,0.0011363636363636363,0.9857482185273159,0.7073863636363636,1245.0,1245.0,0.9525182527774194,1.0,1.0,1.0,global,0.7848929174290469,0.85,1263.0,0.9525182528504778,497.0,0.0,0.7176136363636364,0.5587852413977208,0.5682228514151557,0.7994318181818182,1760.0,0.0,0.0
298.0,0.1693181818181818,1455.0,0.7045923016992893,0.7679544572869407,0.8267045454545454,0.01,0.15,7.0,0.003977272727272727,0.9255740300870943,0.6642045454545454,1169.0,1169.0,0.774843234229313,0.8172000870366393,0.6947304215834011,0.9370417384705233,global,0.7848929174290469,0.85,1263.0,0.7748432358504934,497.0,0.0,0.7176136363636364,0.5246334735576562,0.5682228514151557,0.17329545454545456,1760.0,0.0,0.0
150.0,0.08522727272727272,1603.0,0.696115864825628,0.7644798543227995,0.9107954545454545,0.01,0.2,7.0,0.003977272727272727,0.9057798891528107,0.65,1144.0,1144.0,0.7338357487371323,0.7899558004259983,0.6540274223805495,0.8672209218016862,global,0.7848929174290469,0.85,1263.0,0.7338357512922928,497.0,0.0,0.7176136363636364,0.5181327024662477,0.5682228514151557,0.08920454545454545,1760.0,0.0,0.0
83.0,0.04715909090909091,1670.0,0.6946093874455543,0.7632181163156023,0.9488636363636364,0.01,0.3,7.0,0.003977272727272727,0.8931116389548693,0.6409090909090909,1128.0,1128.0,0.7157268234200639,0.7755406479797913,0.6376112570752255,0.8550485496815882,global,0.7848929174290469,0.85,1263.0,0.7157268263195709,497.0,0.0,0.7176136363636364,0.5148970751360411,0.5682228514151557,0.05113636363636364,1760.0,0.0,0.0
0.0,0.0,1753.0,0.6900273231636255,0.7620319854450338,0.9960227272727272,0.01,0.5,7.0,0.003977272727272727,0.8717339667458432,0.6255681818181819,1101.0,1101.0,0.6905903979626016,0.7621457061488168,0.6196227836231747,0.8393168144280058,global,0.7848929174290469,0.85,1263.0,0.6905904010730503,497.0,0.0,0.7176136363636364,0.5111324854340319,0.5682228514151557,0.003977272727272727,1760.0,0.0,0.0
0.0,0.0,1753.0,0.6900273231636255,0.7620319854450338,0.9960227272727272,0.01,1.0,7.0,0.003977272727272727,0.8717339667458432,0.6255681818181819,1101.0,1101.0,0.6905903979626016,0.7621457061488168,0.6196227836231747,0.8393168144280058,global,0.7848929174290469,0.85,1263.0,0.6905904010730503,497.0,0.0,0.7176136363636364,0.5111324854340319,0.5682228514151557,0.003977272727272727,1760.0,0.0,0.0
1760.0,1.0,0.0,nan,nan,0.0,0.01,0.0,0.0,0.0,1.0,0.7176136363636364,1263.0,1263.0,1.0,1.0,1.0,1.0,global,0.8286372122330976,0.88,1263.0,1.0,497.0,0.0,0.7176136363636364,0.5682228514151557,0.5682228514151557,1.0,1760.0,0.0,0.0
1760.0,1.0,0.0,nan,nan,0.0,0.01,0.025,0.0,0.0,1.0,0.7176136363636364,1263.0,1263.0,1.0,1.0,1.0,1.0,global,0.8286372122330976,0.88,1263.0,1.0,497.0,0.0,0.7176136363636364,0.5682228514151557,0.5682228514151557,1.0,1760.0,0.0,0.0
1721.0,0.977840909090909,39.0,0.7456308384606154,0.772683063163098,0.02215909090909091,0.01,0.05,0.0,0.0,0.9992082343626286,0.7170454545454545,1262.0,1262.0,0.9941547498536908,1.0,1.0,1.0,global,0.8286372122330976,0.88,1263.0,0.9941547498536908,497.0,0.0,0.7176136363636364,0.5672446880262066,0.5682228514151557,0.977840909090909,1760.0,0.0,0.0
1572.0,0.8931818181818182,187.0,0.7684514067356906,0.8324773997357219,0.10625,0.01,0.075,1.0,0.0005681818181818182,0.995249406175772,0.7142045454545455,1257.0,1257.0,0.9799214028116073,1.0,1.0,1.0,global,0.8286372122330976,0.88,1263.0,0.9799214036994267,497.0,0.0,0.7176136363636364,0.5642583948711826,0.5682228514151557,0.89375,1760.0,0.0,0.0
1177.0,0.66875,581.0,0.7505264436308051,0.8229037089907498,0.3301136363636364,0.01,0.1,2.0,0.0011363636363636363,0.9802058590657166,0.7034090909090909,1238.0,1238.0,0.9363217739800761,1.0,0.9570807857653171,1.0,global,0.8286372122330976,0.88,1263.0,0.9363217761441791,497.0,0.0,0.7176136363636364,0.5572874250923023,0.5682228514151557,0.6698863636363637,1760.0,0.0,0.0
150.0,0.08522727272727272,1603.0,0.747939683271438,0.8127777083171279,0.9107954545454545,0.01,0.15,7.0,0.003977272727272727,0.9231987331749802,0.6625,1166.0,1166.0,0.7786365657546761,0.8342780270062852,0.7199015622792866,0.8946919883128529,global,0.8286372122330976,0.88,1263.0,0.7786365682211605,497.0,0.0,0.7176136363636364,0.5291265326788067,0.5682228514151557,0.08920454545454545,1760.0,0.0,0.0
83.0,0.04715909090909091,1670.0,0.7452363274612993,0.8120745784197878,0.9488636363636364,0.01,0.2,7.0,0.003977272727272727,0.9136975455265242,0.6556818181818181,1154.0,1154.0,0.7624560557611422,0.8214597262059089,0.7071978582049754,0.8846700100414464,global,0.8286372122330976,0.88,1263.0,0.7624560582532744,497.0,0.0,0.7176136363636364,0.5266011326213274,0.5682228514151557,0.05113636363636364,1760.0,0.0,0.0
83.0,0.04715909090909091,1670.0,0.7452363274612993,0.8120745784197878,0.9488636363636364,0.01,0.3,7.0,0.003977272727272727,0.9136975455265242,0.6556818181818181,1154.0,1154.0,0.7624560557611422,0.8214597262059089,0.7071978582049754,0.8846700100414464,global,0.8286372122330976,0.88,1263.0,0.7624560582532744,497.0,0.0,0.7176136363636364,0.5266011326213274,0.5682228514151557,0.05113636363636364,1760.0,0.0,0.0
0.0,0.0,1753.0,0.739942232620171,0.8101952108464668,0.9960227272727272,0.01,0.5,7.0,0.003977272727272727,0.8954869358669834,0.6426136363636363,1131.0,1131.0,0.7404021048878631,0.8106951137097063,0.6845258683422273,0.8727585405845517,global,0.8286372122330976,0.88,1263.0,0.7404021074801651,497.0,0.0,0.7176136363636364,0.5236774520102272,0.5682228514151557,0.003977272727272727,1760.0,0.0,0.0
0.0,0.0,1753.0,0.739942232620171,0.8101952108464668,0.9960227272727272,0.01,1.0,7.0,0.003977272727272727,0.8954869358669834,0.6426136363636363,1131.0,1131.0,0.7404021048878631,0.8106951137097063,0.6845258683422273,0.8727585405845517,global,0.8286372122330976,0.88,1263.0,0.7404021074801651,497.0,0.0,0.7176136363636364,0.5236774520102272,0.5682228514151557,0.003977272727272727,1760.0,0.0,0.0
1760.0,1.0,0.0,nan,nan,0.0,0.01,0.0,0.0,0.0,1.0,0.7176136363636364,1263.0,1263.0,1.0,1.0,1.0,1.0,global,0.8688112805374735,0.9,1263.0,1.0,497.0,0.0,0.7176136363636364,0.5682228514151557,0.5682228514151557,1.0,1760.0,0.0,0.0
1647.0,0.9357954545454545,112.0,0.7992486388958083,0.8883929689164609,0.06363636363636363,0.01,0.025,1.0,0.0005681818181818182,0.9992082343626286,0.7170454545454545,1262.0,1262.0,0.9920463010656027,1.0,1.0,1.0,global,0.8688112805374735,0.9,1263.0,0.9920463019499044,497.0,0.0,0.7176136363636364,0.5670266500687918,0.5682228514151557,0.9363636363636364,1760.0,0.0,0.0
1320.0,0.75,438.0,0.7815333891912879,0.8616417397727894,0.24886363636363637,0.01,0.05,2.0,0.0011363636363636363,0.9928741092636579,0.7125,1254.0,1254.0,0.9574913452652904,1.0,1.0,1.0,global,0.8688112805374735,0.9,1263.0,0.9574913475897513,497.0,0.0,0.7176136363636364,0.5625374545271253,0.5682228514151557,0.7511363636363636,1760.0,0.0,0.0
1225.0,0.6960227272727273,533.0,0.790359175326874,0.8697307979539823,0.3028409090909091,0.01,0.075,2.0,0.0011363636363636363,0.9904988123515439,0.7107954545454546,1251.0,1251.0,0.9517373641040286,1.0,1.0,1.0,global,0.8688112805374735,0.9,1263.0,0.951737366735567,497.0,0.0,0.7176136363636364,0.5615066676497859,0.5682228514151557,0.6971590909090909,1760.0,0.0,0.0
522.0,0.29659090909090907,1233.0,0.8120223049401456,0.8658385533967337,0.7005681818181818,0.01,0.1,5.0,0.002840909090909091,0.9659540775930324,0.6931818181818182,1220.0,1220.0,0.8796634591461095,0.9170908157774182,0.8350457079556981,1.0,global,0.8688112805374735,0.9,1263.0,0.8796634618445147,497.0,0.0,0.7176136363636364,0.547810082912279,0.5682228514151557,0.2994318181818182,1760.0,0.0,0.0
83.0,0.04715909090909091,1670.0,0.7957508927966588,0.8589681062673418,0.9488636363636364,0.01,0.15,7.0,0.003977272727272727,0.9326999208234362,0.6693181818181818,1178.0,1178.0,0.8092750272294776,0.8673965685940721,0.7784620554403705,0.9156025271711425,global,0.8688112805374735,0.9,1263.0,0.8092750309847225,497.0,0.0,0.7176136363636364,0.537633127598108,0.5682228514151557,0.05113636363636364,1760.0,0.0,0.0
83.0,0.04715909090909091,1670.0,0.7957508927966588,0.8589681062673418,0.9488636363636364,0.01,0.2,7.0,0.003977272727272727,0.9326999208234362,0.6693181818181818,1178.0,1178.0,0.8092750272294776,0.8673965685940721,0.7784620554403705,0.9156025271711425,global,0.8688112805374735,0.9,1263.0,0.8092750309847225,497.0,0.0,0.7176136363636364,0.537633127598108,0.5682228514151557,0.05113636363636364,1760.0,0.0,0.0
0.0,0.0,1753.0,0.7885661427268414,0.8575529298436068,0.9960227272727272,0.01,0.3,7.0,0.003977272727272727,0.9192399049881235,0.6596590909090909,1161.0,1161.0,0.7889303698711534,0.8576419127159977,0.7595746254074343,0.9056586557879334,global,0.8688112805374735,0.9,1263.0,0.7889303742293913,497.0,0.0,0.7176136363636364,0.5354480833506442,0.5682228514151557,0.003977272727272727,1760.0,0.0,0.0
0.0,0.0,1753.0,0.7885661427268414,0.8575529298436068,0.9960227272727272,0.01,0.5,7.0,0.003977272727272727,0.9192399049881235,0.6596590909090909,1161.0,1161.0,0.7889303698711534,0.8576419127159977,0.7595746254074343,0.9056586557879334,global,0.8688112805374735,0.9,1263.0,0.7889303742293913,497.0,0.0,0.7176136363636364,0.5354480833506442,0.5682228514151557,0.003977272727272727,1760.0,0.0,0.0
0.0,0.0,1753.0,0.7885661427268414,0.8575529298436068,0.9960227272727272,0.01,1.0,7.0,0.003977272727272727,0.9192399049881235,0.6596590909090909,1161.0,1161.0,0.7889303698711534,0.8576419127159977,0.7595746254074343,0.9056586557879334,global,0.8688112805374735,0.9,1263.0,0.7889303742293913,497.0,0.0,0.7176136363636364,0.5354480833506442,0.5682228514151557,0.003977272727272727,1760.0,0.0,0.0
1611.0,0.915340909090909,148.0,0.8471149511120328,0.9120035018895759,0.08409090909090909,0.01,0.0,1.0,0.0005681818181818182,1.0,0.7176136363636364,1263.0,1263.0,0.989710824104927,1.0,1.0,1.0,global,0.8964118177528421,0.92,1263.0,0.9897108246576015,497.0,0.0,0.7176136363636364,0.5666178836007569,0.5682228514151557,0.9159090909090909,1760.0,0.0,0.0
1611.0,0.915340909090909,148.0,0.8471149511120328,0.9120035018895759,0.08409090909090909,0.01,0.025,1.0,0.0005681818181818182,1.0,0.7176136363636364,1263.0,1263.0,0.989710824104927,1.0,1.0,1.0,global,0.8964118177528421,0.92,1263.0,0.9897108246576015,497.0,0.0,0.7176136363636364,0.5666178836007569,0.5682228514151557,0.9159090909090909,1760.0,0.0,0.0
1154.0,0.6556818181818181,604.0,0.8193761597075082,0.8972881026679215,0.3431818181818182,0.01,0.05,2.0,0.0011363636363636363,0.9920823436262867,0.7119318181818182,1253.0,1253.0,0.948537341592642,1.0,0.9586064598594443,1.0,global,0.8964118177528421,0.92,1263.0,0.948537344141102,497.0,0.0,0.7176136363636364,0.5618149184214414,0.5682228514151557,0.6568181818181819,1760.0,0.0,0.0
392.0,0.22272727272727272,1363.0,0.8309867309834127,0.8959231381637148,0.7744318181818182,0.01,0.075,5.0,0.002840909090909091,0.9754552652414885,0.7,1232.0,1232.0,0.8746119091873694,0.9220605604403636,0.8527462483391389,1.0,global,0.8964118177528421,0.92,1263.0,0.8746119269286384,497.0,0.0,0.7176136363636364,0.5501398389811919,0.5682228514151557,0.2255681818181818,1760.0,0.0,0.0
315.0,0.17897727272727273,1440.0,0.8270120311835346,0.8942147929518603,0.8181818181818182,0.01,0.1,5.0,0.002840909090909091,0.9707046714172605,0.696590909090909,1226.0,1226.0,0.8621458029904675,0.9149030308200459,0.841533692703792,0.9588010109140519,global,0.8964118177528421,0.92,1263.0,0.8621458209528378,497.0,0.0,0.7176136363636364,0.5486113800799752,0.5682228514151557,0.18181818181818182,1760.0,0.0,0.0
83.0,0.04715909090909091,1670.0,0.8248154143174689,0.8922613713264426,0.9488636363636364,0.01,0.15,7.0,0.003977272727272727,0.9556611243072051,0.6857954545454545,1207.0,1207.0,0.8361363734585107,0.8981771206703546,0.8182239868633021,0.9354320309422592,global,0.8964118177528421,0.92,1263.0,0.8361363936915759,497.0,0.0,0.7176136363636364,0.5450114998112879,0.5682228514151557,0.05113636363636364,1760.0,0.0,0.0
0.0,0.0,1753.0,0.8184657374766549,0.8900143875996452,0.9960227272727272,0.01,0.2,7.0,0.003977272727272727,0.9445764053840063,0.6778409090909091,1193.0,1193.0,0.818770069853056,0.8900745733375491,0.8018254350407709,0.9292580038279918,global,0.8964118177528421,0.92,1263.0,0.8187700903235589,497.0,0.0,0.7176136363636364,0.5433321373820059,0.5682228514151557,0.003977272727272727,1760.0,0.0,0.0
0.0,0.0,1753.0,0.8184657374766549,0.8900143875996452,0.9960227272727272,0.01,0.3,7.0,0.003977272727272727,0.9445764053840063,0.6778409090909091,1193.0,1193.0,0.818770069853056,0.8900745733375491,0.8018254350407709,0.9292580038279918,global,0.8964118177528421,0.92,1263.0,0.8187700903235589,497.0,0.0,0.7176136363636364,0.5433321373820059,0.5682228514151557,0.003977272727272727,1760.0,0.0,0.0
0.0,0.0,1753.0,0.8184657374766549,0.8900143875996452,0.9960227272727272,0.01,0.5,7.0,0.003977272727272727,0.9445764053840063,0.6778409090909091,1193.0,1193.0,0.818770069853056,0.8900745733375491,0.8018254350407709,0.9292580038279918,global,0.8964118177528421,0.92,1263.0,0.8187700903235589,497.0,0.0,0.7176136363636364,0.5433321373820059,0.5682228514151557,0.003977272727272727,1760.0,0.0,0.0
0.0,0.0,1753.0,0.8184657374766549,0.8900143875996452,0.9960227272727272,0.01,1.0,7.0,0.003977272727272727,0.9445764053840063,0.6778409090909091,1193.0,1193.0,0.818770069853056,0.8900745733375491,0.8018254350407709,0.9292580038279918,global,0.8964118177528421,0.92,1263.0,0.8187700903235589,497.0,0.0,0.7176136363636364,0.5433321373820059,0.5682228514151557,0.003977272727272727,1760.0,0.0,0.0
1162.0,0.6602272727272728,592.0,0.8869329436001595,0.9460396041653066,0.33636363636363636,0.01,0.0,6.0,0.003409090909090909,1.0,0.7176136363636364,1263.0,1263.0,0.9712632421976652,1.0,1.0,1.0,global,0.9348458091295907,0.95,1263.0,0.9712632599675671,497.0,0.0,0.7176136363636364,0.5653896678590511,0.5682228514151557,0.6636363636363637,1760.0,0.0,0.0
949.0,0.5392045454545454,803.0,0.8719950246577294,0.9418281261196162,0.45625,0.01,0.025,8.0,0.004545454545454545,0.997624703087886,0.7159090909090909,1260.0,1260.0,0.9526584773734142,1.0,0.9602984413763996,1.0,global,0.9348458091295907,0.95,1263.0,0.9526585002950109,497.0,0.0,0.7176136363636364,0.5636865619829662,0.5682228514151557,0.54375,1760.0,0.0,0.0
150.0,0.08522727272727272,1602.0,0.8816702824823006,0.9370386675521298,0.9102272727272728,0.01,0.05,8.0,0.004545454545454545,0.9849564528899446,0.7068181818181818,1244.0,1244.0,0.8951773724240317,0.9443013220888361,0.8995101202347053,0.9699700629093768,global,0.9348458091295907,0.95,1263.0,0.8951773982565424,497.0,0.0,0.7176136363636364,0.5560534982905171,0.5682228514151557,0.08977272727272727,1760.0,0.0,0.0
150.0,0.08522727272727272,1602.0,0.8816702824823006,0.9370386675521298,0.9102272727272728,0.01,0.075,8.0,0.004545454545454545,0.9849564528899446,0.7068181818181818,1244.0,1244.0,0.8951773724240317,0.9443013220888361,0.8995101202347053,0.9699700629093768,global,0.9348458091295907,0.95,1263.0,0.8951773982565424,497.0,0.0,0.7176136363636364,0.5560534982905171,0.5682228514151557,0.08977272727272727,1760.0,0.0,0.0
0.0,0.0,1752.0,0.8728358089800454,0.9357707513835333,0.9954545454545455,0.01,0.1,8.0,0.004545454545454545,0.9746634996041171,0.6994318181818182,1231.0,1231.0,0.8730424120523768,0.93578496850829,0.8788823194727229,0.9604443014422215,global,0.9348458091295907,0.95,1263.0,0.8730424406284177,497.0,0.0,0.7176136363636364,0.5542407812583012,0.5682228514151557,0.004545454545454545,1760.0,0.0,0.0
0.0,0.0,1752.0,0.8728358089800454,0.9357707513835333,0.9954545454545455,0.01,0.15,8.0,0.004545454545454545,0.9746634996041171,0.6994318181818182,1231.0,1231.0,0.8730424120523768,0.93578496850829,0.8788823194727229,0.9604443014422215,global,0.9348458091295907,0.95,1263.0,0.8730424406284177,497.0,0.0,0.7176136363636364,0.5542407812583012,0.5682228514151557,0.004545454545454545,1760.0,0.0,0.0
0.0,0.0,1752.0,0.8728358089800454,0.9357707513835333,0.9954545454545455,0.01,0.2,8.0,0.004545454545454545,0.9746634996041171,0.6994318181818182,1231.0,1231.0,0.8730424120523768,0.93578496850829,0.8788823194727229,0.9604443014422215,global,0.9348458091295907,0.95,1263.0,0.8730424406284177,497.0,0.0,0.7176136363636364,0.5542407812583012,0.5682228514151557,0.004545454545454545,1760.0,0.0,0.0
0.0,0.0,1752.0,0.8728358089800454,0.9357707513835333,0.9954545454545455,0.01,0.3,8.0,0.004545454545454545,0.9746634996041171,0.6994318181818182,1231.0,1231.0,0.8730424120523768,0.93578496850829,0.8788823194727229,0.9604443014422215,global,0.9348458091295907,0.95,1263.0,0.8730424406284177,497.0,0.0,0.7176136363636364,0.5542407812583012,0.5682228514151557,0.004545454545454545,1760.0,0.0,0.0
0.0,0.0,1752.0,0.8728358089800454,0.9357707513835333,0.9954545454545455,0.01,0.5,8.0,0.004545454545454545,0.9746634996041171,0.6994318181818182,1231.0,1231.0,0.8730424120523768,0.93578496850829,0.8788823194727229,0.9604443014422215,global,0.9348458091295907,0.95,1263.0,0.8730424406284177,497.0,0.0,0.7176136363636364,0.5542407812583012,0.5682228514151557,0.004545454545454545,1760.0,0.0,0.0
0.0,0.0,1752.0,0.8728358089800454,0.9357707513835333,0.9954545454545455,0.01,1.0,8.0,0.004545454545454545,0.9746634996041171,0.6994318181818182,1231.0,1231.0,0.8730424120523768,0.93578496850829,0.8788823194727229,0.9604443014422215,global,0.9348458091295907,0.95,1263.0,0.8730424406284177,497.0,0.0,0.7176136363636364,0.5542407812583012,0.5682228514151557,0.004545454545454545,1760.0,0.0,0.0
772.0,0.43863636363636366,979.0,0.9417326039781391,0.9808148789006572,0.55625,0.01,0.0,9.0,0.005113636363636364,1.0,0.7176136363636364,1263.0,1263.0,0.9709355031719934,1.0,0.9809468472989187,1.0,global,0.967206325515964,0.975,1263.0,0.9709355275422836,497.0,0.0,0.7176136363636364,0.5660529666613774,0.5682228514151557,0.44375,1760.0,0.0,0.0
0.0,0.0,1751.0,0.9352239702734059,0.9777227493665679,0.9948863636363636,0.01,0.025,9.0,0.005113636363636364,0.9968329374505146,0.7153409090909091,1259.0,1259.0,0.9353268710354815,0.9777654429558226,0.9546594307482426,0.9904777849352475,global,0.967206325515964,0.975,1263.0,0.9353269086704233,497.0,0.0,0.7176136363636364,0.56327336537912,0.5682228514151557,0.005113636363636364,1760.0,0.0,0.0
0.0,0.0,1751.0,0.9352239702734059,0.9777227493665679,0.9948863636363636,0.01,0.05,9.0,0.005113636363636364,0.9968329374505146,0.7153409090909091,1259.0,1259.0,0.9353268710354815,0.9777654429558226,0.9546594307482426,0.9904777849352475,global,0.967206325515964,0.975,1263.0,0.9353269086704233,497.0,0.0,0.7176136363636364,0.56327336537912,0.5682228514151557,0.005113636363636364,1760.0,0.0,0.0
0.0,0.0,1751.0,0.9352239702734059,0.9777227493665679,0.9948863636363636,0.01,0.075,9.0,0.005113636363636364,0.9968329374505146,0.7153409090909091,1259.0,1259.0,0.9353268710354815,0.9777654429558226,0.9546594307482426,0.9904777849352475,global,0.967206325515964,0.975,1263.0,0.9353269086704233,497.0,0.0,0.7176136363636364,0.56327336537912,0.5682228514151557,0.005113636363636364,1760.0,0.0,0.0
0.0,0.0,1751.0,0.9352239702734059,0.9777227493665679,0.9948863636363636,0.01,0.1,9.0,0.005113636363636364,0.9968329374505146,0.7153409090909091,1259.0,1259.0,0.9353268710354815,0.9777654429558226,0.9546594307482426,0.9904777849352475,global,0.967206325515964,0.975,1263.0,0.9353269086704233,497.0,0.0,0.7176136363636364,0.56327336537912,0.5682228514151557,0.005113636363636364,1760.0,0.0,0.0
0.0,0.0,1751.0,0.9352239702734059,0.9777227493665679,0.9948863636363636,0.01,0.15,9.0,0.005113636363636364,0.9968329374505146,0.7153409090909091,1259.0,1259.0,0.9353268710354815,0.9777654429558226,0.9546594307482426,0.9904777849352475,global,0.967206325515964,0.975,1263.0,0.9353269086704233,497.0,0.0,0.7176136363636364,0.56327336537912,0.5682228514151557,0.005113636363636364,1760.0,0.0,0.0
0.0,0.0,1751.0,0.9352239702734059,0.9777227493665679,0.9948863636363636,0.01,0.2,9.0,0.005113636363636364,0.9968329374505146,0.7153409090909091,1259.0,1259.0,0.9353268710354815,0.9777654429558226,0.9546594307482426,0.9904777849352475,global,0.967206325515964,0.975,1263.0,0.9353269086704233,497.0,0.0,0.7176136363636364,0.56327336537912,0.5682228514151557,0.005113636363636364,1760.0,0.0,0.0
0.0,0.0,1751.0,0.9352239702734059,0.9777227493665679,0.9948863636363636,0.01,0.3,9.0,0.005113636363636364,0.9968329374505146,0.7153409090909091,1259.0,1259.0,0.9353268710354815,0.9777654429558226,0.9546594307482426,0.9904777849352475,global,0.967206325515964,0.975,1263.0,0.9353269086704233,497.0,0.0,0.7176136363636364,0.56327336537912,0.5682228514151557,0.005113636363636364,1760.0,0.0,0.0
0.0,0.0,1751.0,0.9352239702734059,0.9777227493665679,0.9948863636363636,0.01,0.5,9.0,0.005113636363636364,0.9968329374505146,0.7153409090909091,1259.0,1259.0,0.9353268710354815,0.9777654429558226,0.9546594307482426,0.9904777849352475,global,0.967206325515964,0.975,1263.0,0.9353269086704233,497.0,0.0,0.7176136363636364,0.56327336537912,0.5682228514151557,0.005113636363636364,1760.0,0.0,0.0
0.0,0.0,1751.0,0.9352239702734059,0.9777227493665679,0.9948863636363636,0.01,1.0,9.0,0.005113636363636364,0.9968329374505146,0.7153409090909091,1259.0,1259.0,0.9353268710354815,0.9777654429558226,0.9546594307482426,0.9904777849352475,global,0.967206325515964,0.975,1263.0,0.9353269086704233,497.0,0.0,0.7176136363636364,0.56327336537912,0.5682228514151557,0.005113636363636364,1760.0,0.0,0.0
1760.0,1.0,0.0,nan,nan,0.0,0.05,0.0,0.0,0.0,1.0,0.7176136363636364,1263.0,1263.0,1.0,1.0,1.0,1.0,global,-0.04748755861052685,0.5,1263.0,1.0,497.0,0.0,0.7176136363636364,0.5682228514151557,0.5682228514151557,1.0,1760.0,0.0,0.0
1760.0,1.0,0.0,nan,nan,0.0,0.05,0.025,0.0,0.0,1.0,0.7176136363636364,1263.0,1263.0,1.0,1.0,1.0,1.0,global,-0.04748755861052685,0.5,1263.0,1.0,497.0,0.0,0.7176136363636364,0.5682228514151557,0.5682228514151557,1.0,1760.0,0.0,0.0
1760.0,1.0,0.0,nan,nan,0.0,0.05,0.05,0.0,0.0,1.0,0.7176136363636364,1263.0,1263.0,1.0,1.0,1.0,1.0,global,-0.04748755861052685,0.5,1263.0,1.0,497.0,0.0,0.7176136363636364,0.5682228514151557,0.5682228514151557,1.0,1760.0,0.0,0.0
1760.0,1.0,0.0,nan,nan,0.0,0.05,0.075,0.0,0.0,1.0,0.7176136363636364,1263.0,1263.0,1.0,1.0,1.0,1.0,global,-0.04748755861052685,0.5,1263.0,1.0,497.0,0.0,0.7176136363636364,0.5682228514151557,0.5682228514151557,1.0,1760.0,0.0,0.0
1760.0,1.0,0.0,nan,nan,0.0,0.05,0.1,0.0,0.0,1.0,0.7176136363636364,1263.0,1263.0,1.0,1.0,1.0,1.0,global,-0.04748755861052685,0.5,1263.0,1.0,497.0,0.0,0.7176136363636364,0.5682228514151557,0.5682228514151557,1.0,1760.0,0.0,0.0
1760.0,1.0,0.0,nan,nan,0.0,0.05,0.15,0.0,0.0,1.0,0.7176136363636364,1263.0,1263.0,1.0,1.0,1.0,1.0,global,-0.04748755861052685,0.5,1263.0,1.0,497.0,0.0,0.7176136363636364,0.5682228514151557,0.5682228514151557,1.0,1760.0,0.0,0.0
1760.0,1.0,0.0,nan,nan,0.0,0.05,0.2,0.0,0.0,1.0,0.7176136363636364,1263.0,1263.0,1.0,1.0,1.0,1.0,global,-0.04748755861052685,0.5,1263.0,1.0,497.0,0.0,0.7176136363636364,0.5682228514151557,0.5682228514151557,1.0,1760.0,0.0,0.0
1552.0,0.8818181818181818,180.0,0.46246909508476536,0.4543225354937078,0.10227272727272728,0.05,0.3,28.0,0.015909090909090907,0.9809976247030879,0.7039772727272727,1239.0,1239.0,0.9713663924742489,1.0,1.0,1.0,global,-0.04748755861052685,0.5,1263.0,0.9713663925697062,497.0,0.0,0.7176136363636364,0.5579119009654656,0.5682228514151557,0.8977272727272727,1760.0,0.0,0.0
463.0,0.2630681818181818,1250.0,0.406858701528933,0.40190996031618464,0.7102272727272727,0.05,0.5,47.0,0.026704545454545453,0.7426761678543151,0.5329545454545455,938.0,938.0,0.6850912935622694,0.8188845307777067,0.3850802206336969,1.0,global,-0.04748755861052685,0.5,1263.0,0.6850912944745715,497.0,0.0,0.7176136363636364,0.447357119339173,0.5682228514151557,0.2897727272727273,1760.0,0.0,0.0
0.0,0.0,1713.0,0.3820572065998732,0.3670629058273611,0.9732954545454545,0.05,1.0,47.0,0.026704545454545453,0.5225653206650831,0.375,660.0,660.0,0.3961013609953306,0.37541597626183143,0.2155925816964151,0.5506075000542476,global,-0.04748755861052685,0.5,1263.0,0.3961013623130572,497.0,0.0,0.7176136363636364,0.3544942292793745,0.5682228514151557,0.026704545454545453,1760.0,0.0,0.0
1760.0,1.0,0.0,nan,nan,0.0,0.05,0.0,0.0,0.0,1.0,0.7176136363636364,1263.0,1263.0,1.0,1.0,1.0,1.0,global,0.17628622469038557,0.6,1263.0,1.0,497.0,0.0,0.7176136363636364,0.5682228514151557,0.5682228514151557,1.0,1760.0,0.0,0.0
1760.0,1.0,0.0,nan,nan,0.0,0.05,0.025,0.0,0.0,1.0,0.7176136363636364,1263.0,1263.0,1.0,1.0,1.0,1.0,global,0.17628622469038557,0.6,1263.0,1.0,497.0,0.0,0.7176136363636364,0.5682228514151557,0.5682228514151557,1.0,1760.0,0.0,0.0
1760.0,1.0,0.0,nan,nan,0.0,0.05,0.05,0.0,0.0,1.0,0.7176136363636364,1263.0,1263.0,1.0,1.0,1.0,1.0,global,0.17628622469038557,0.6,1263.0,1.0,497.0,0.0,0.7176136363636364,0.5682228514151557,0.5682228514151557,1.0,1760.0,0.0,0.0
1760.0,1.0,0.0,nan,nan,0.0,0.05,0.075,0.0,0.0,1.0,0.7176136363636364,1263.0,1263.0,1.0,1.0,1.0,1.0,global,0.17628622469038557,0.6,1263.0,1.0,497.0,0.0,0.7176136363636364,0.5682228514151557,0.5682228514151557,1.0,1760.0,0.0,0.0
1760.0,1.0,0.0,nan,nan,0.0,0.05,0.1,0.0,0.0,1.0,0.7176136363636364,1263.0,1263.0,1.0,1.0,1.0,1.0,global,0.17628622469038557,0.6,1263.0,1.0,497.0,0.0,0.7176136363636364,0.5682228514151557,0.5682228514151557,1.0,1760.0,0.0,0.0
1760.0,1.0,0.0,nan,nan,0.0,0.05,0.15,0.0,0.0,1.0,0.7176136363636364,1263.0,1263.0,1.0,1.0,1.0,1.0,global,0.17628622469038557,0.6,1263.0,1.0,497.0,0.0,0.7176136363636364,0.5682228514151557,0.5682228514151557,1.0,1760.0,0.0,0.0
1647.0,0.9357954545454545,94.0,0.5431420189643674,0.5497410716553204,0.053409090909090906,0.05,0.2,19.0,0.010795454545454546,0.9920823436262867,0.7119318181818182,1253.0,1253.0,0.9861447699286878,1.0,1.0,1.0,global,0.17628622469038557,0.6,1263.0,0.9861447699787114,497.0,0.0,0.7176136363636364,0.5642729406208105,0.5682228514151557,0.946590909090909,1760.0,0.0,0.0
1504.0,0.8545454545454545,226.0,0.4854296931412913,0.48551139928605225,0.12840909090909092,0.05,0.3,30.0,0.017045454545454544,0.9738717339667459,0.6988636363636364,1230.0,1230.0,0.9590017153884932,1.0,1.0,1.0,global,0.17628622469038557,0.6,1263.0,0.9590017155861227,497.0,0.0,0.7176136363636364,0.5540377721672837,0.5682228514151557,0.8715909090909091,1760.0,0.0,0.0
357.0,0.2028409090909091,1351.0,0.4638899616899696,0.48446211911509207,0.7676136363636363,0.05,0.5,52.0,0.029545454545454545,0.7767220902612827,0.5573863636363636,981.0,981.0,0.6535231760565143,0.6502245082163701,0.4077965594218054,1.0,global,0.17628622469038557,0.6,1263.0,0.6535231766226514,497.0,0.0,0.7176136363636364,0.4593002049931703,0.5682228514151557,0.23238636363636364,1760.0,0.0,0.0
0.0,0.0,1708.0,0.4469152064910886,0.4557972374103242,0.9704545454545455,0.05,1.0,52.0,0.029545454545454545,0.6231195566112431,0.4471590909090909,787.0,787.0,0.4588624002517639,0.4657088479517859,0.2838181046311889,0.6188743482477015,global,0.17628622469038557,0.6,1263.0,0.45886240106922305,497.0,0.0,0.7176136363636364,0.4012585086505364,0.5682228514151557,0.029545454545454545,1760.0,0.0,0.0
1760.0,1.0,0.0,nan,nan,0.0,0.05,0.0,0.0,0.0,1.0,0.7176136363636364,1263.0,1263.0,1.0,1.0,1.0,1.0,global,0.25250092115043093,0.65,1263.0,1.0,497.0,0.0,0.7176136363636364,0.5682228514151557,0.5682228514151557,1.0,1760.0,0.0,0.0
1760.0,1.0,0.0,nan,nan,0.0,0.05,0.025,0.0,0.0,1.0,0.7176136363636364,1263.0,1263.0,1.0,1.0,1.0,1.0,global,0.25250092115043093,0.65,1263.0,1.0,497.0,0.0,0.7176136363636364,0.5682228514151557,0.5682228514151557,1.0,1760.0,0.0,0.0
1760.0,1.0,0.0,nan,nan,0.0,0.05,0.05,0.0,0.0,1.0,0.7176136363636364,1263.0,1263.0,1.0,1.0,1.0,1.0,global,0.25250092115043093,0.65,1263.0,1.0,497.0,0.0,0.7176136363636364,0.5682228514151557,0.5682228514151557,1.0,1760.0,0.0,0.0
1760.0,1.0,0.0,nan,nan,0.0,0.05,0.075,0.0,0.0,1.0,0.7176136363636364,1263.0,1263.0,1.0,1.0,1.0,1.0,global,0.25250092115043093,0.65,1263.0,1.0,497.0,0.0,0.7176136363636364,0.5682228514151557,0.5682228514151557,1.0,1760.0,0.0,0.0
1760.0,1.0,0.0,nan,nan,0.0,0.05,0.1,0.0,0.0,1.0,0.7176136363636364,1263.0,1263.0,1.0,1.0,1.0,1.0,global,0.25250092115043093,0.65,1263.0,1.0,497.0,0.0,0.7176136363636364,0.5682228514151557,0.5682228514151557,1.0,1760.0,0.0,0.0
1760.0,1.0,0.0,nan,nan,0.0,0.05,0.15,0.0,0.0,1.0,0.7176136363636364,1263.0,1263.0,1.0,1.0,1.0,1.0,global,0.25250092115043093,0.65,1263.0,1.0,497.0,0.0,0.7176136363636364,0.5682228514151557,0.5682228514151557,1.0,1760.0,0.0,0.0
1552.0,0.8818181818181818,177.0,0.5863493734549909,0.5957996018345325,0.10056818181818182,0.05,0.2,31.0,0.017613636363636363,0.9849564528899446,0.7068181818181818,1244.0,1244.0,0.9763913227614988,1.0,1.0,1.0,global,0.25250092115043093,0.65,1263.0,0.9763913227614988,497.0,0.0,0.7176136363636364,0.5609994512447621,0.5682228514151557,0.8994318181818182,1760.0,0.0,0.0
1137.0,0.6460227272727272,573.0,0.5043347122004098,0.5157463645748745,0.3255681818181818,0.05,0.3,50.0,0.028409090909090908,0.9334916864608076,0.6698863636363637,1179.0,1179.0,0.9007828601181482,1.0,1.0,1.0,global,0.25250092115043093,0.65,1263.0,0.9007828601951224,497.0,0.0,0.7176136363636364,0.5382523073312949,0.5682228514151557,0.6744318181818182,1760.0,0.0,0.0
280.0,0.1590909090909091,1427.0,0.47925619424679927,0.5025325448460566,0.8107954545454545,0.05,0.5,53.0,0.030113636363636363,0.784639746634996,0.5630681818181819,991.0,991.0,0.6253377058506235,0.6185094286324366,0.39585497057363045,1.0,global,0.25250092115043093,0.65,1263.0,0.6253377060056127,497.0,0.0,0.7176136363636364,0.4588428485521976,0.5682228514151557,0.18920454545454546,1760.0,0.0,0.0
0.0,0.0,1707.0,0.4678747639850275,0.4927963722234454,0.9698863636363636,0.05,1.0,53.0,0.030113636363636363,0.667458432304038,0.47897727272727275,843.0,843.0,0.4786056406306438,0.49963544669607884,0.30613448281851985,0.6462611313163611,global,0.25250092115043093,0.65,1263.0,0.4786056408510501,497.0,0.0,0.7176136363636364,0.4170909747471439,0.5682228514151557,0.030113636363636363,1760.0,0.0,0.0
1760.0,1.0,0.0,nan,nan,0.0,0.05,0.0,0.0,0.0,1.0,0.7176136363636364,1263.0,1263.0,1.0,1.0,1.0,1.0,global,0.3188834859716254,0.68,1263.0,1.0,497.0,0.0,0.7176136363636364,0.5682228514151557,0.5682228514151557,1.0,1760.0,0.0,0.0
1760.0,1.0,0.0,nan,nan,0.0,0.05,0.025,0.0,0.0,1.0,0.7176136363636364,1263.0,1263.0,1.0,1.0,1.0,1.0,global,0.3188834859716254,0.68,1263.0,1.0,497.0,0.0,0.7176136363636364,0.5682228514151557,0.5682228514151557,1.0,1760.0,0.0,0.0
1760.0,1.0,0.0,nan,nan,0.0,0.05,0.05,0.0,0.0,1.0,0.7176136363636364,1263.0,1263.0,1.0,1.0,1.0,1.0,global,0.3188834859716254,0.68,1263.0,1.0,497.0,0.0,0.7176136363636364,0.5682228514151557,0.5682228514151557,1.0,1760.0,0.0,0.0
1760.0,1.0,0.0,nan,nan,0.0,0.05,0.075,0.0,0.0,1.0,0.7176136363636364,1263.0,1263.0,1.0,1.0,1.0,1.0,global,0.3188834859716254,0.68,1263.0,1.0,497.0,0.0,0.7176136363636364,0.5682228514151557,0.5682228514151557,1.0,1760.0,0.0,0.0
1760.0,1.0,0.0,nan,nan,0.0,0.05,0.1,0.0,0.0,1.0,0.7176136363636364,1263.0,1263.0,1.0,1.0,1.0,1.0,global,0.3188834859716254,0.68,1263.0,1.0,497.0,0.0,0.7176136363636364,0.5682228514151557,0.5682228514151557,1.0,1760.0,0.0,0.0
1665.0,0.9460227272727273,83.0,0.5868384915901123,0.6216535063701593,0.04715909090909091,0.05,0.15,12.0,0.006818181818181818,0.9944576405384006,0.7136363636363636,1256.0,1256.0,0.9884867414057754,1.0,1.0,1.0,global,0.3188834859716254,0.68,1263.0,0.9884867414437393,497.0,0.0,0.7176136363636364,0.5649039074936528,0.5682228514151557,0.9528409090909091,1760.0,0.0,0.0
1552.0,0.8818181818181818,176.0,0.6061271747921799,0.6216535063701593,0.1,0.05,0.2,32.0,0.01818181818181818,0.9865399841646872,0.7079545454545455,1246.0,1246.0,0.9769239837558823,1.0,1.0,1.0,global,0.3188834859716254,0.68,1263.0,0.9769239837941506,497.0,0.0,0.7176136363636364,0.5616869512447622,0.5682228514151557,0.9,1760.0,0.0,0.0
1137.0,0.6460227272727272,572.0,0.5383061103462763,0.5655036112812797,0.325,0.05,0.3,51.0,0.028977272727272727,0.9390340459224069,0.6738636363636363,1186.0,1186.0,0.9054033598770196,1.0,1.0,1.0,global,0.3188834859716254,0.68,1263.0,0.9054033599333364,497.0,0.0,0.7176136363636364,0.541079933090743,0.5682228514151557,0.675,1760.0,0.0,0.0
150.0,0.08522727272727272,1556.0,0.501961412635717,0.5338060859149185,0.884090909090909,0.05,0.5,54.0,0.03068181818181818,0.7585114806017419,0.5443181818181818,958.0,958.0,0.5835815151578386,0.5873879226152434,0.39167978300383743,0.7753672561078596,global,0.3188834859716254,0.68,1263.0,0.5835815160177386,497.0,0.0,0.7176136363636364,0.45139040844789874,0.5682228514151557,0.1159090909090909,1760.0,0.0,0.0
0.0,0.0,1706.0,0.4969447344801319,0.531640463845175,0.9693181818181819,0.05,1.0,54.0,0.03068181818181818,0.6959619952494062,0.4994318181818182,879.0,879.0,0.5066739034378541,0.534306790727153,0.3422065126904283,0.6736234412080996,global,0.3188834859716254,0.68,1263.0,0.5066739043750373,497.0,0.0,0.7176136363636364,0.4309981459611375,0.5682228514151557,0.03068181818181818,1760.0,0.0,0.0
1760.0,1.0,0.0,nan,nan,0.0,0.05,0.0,0.0,0.0,1.0,0.7176136363636364,1263.0,1263.0,1.0,1.0,1.0,1.0,global,0.38311746361417043,0.7,1263.0,1.0,497.0,0.0,0.7176136363636364,0.5682228514151557,0.5682228514151557,1.0,1760.0,0.0,0.0
1760.0,1.0,0.0,nan,nan,0.0,0.05,0.025,0.0,0.0,1.0,0.7176136363636364,1263.0,1263.0,1.0,1.0,1.0,1.0,global,0.38311746361417043,0.7,1263.0,1.0,497.0,0.0,0.7176136363636364,0.5682228514151557,0.5682228514151557,1.0,1760.0,0.0,0.0
1760.0,1.0,0.0,nan,nan,0.0,0.05,0.05,0.0,0.0,1.0,0.7176136363636364,1263.0,1263.0,1.0,1.0,1.0,1.0,global,0.38311746361417043,0.7,1263.0,1.0,497.0,0.0,0.7176136363636364,0.5682228514151557,0.5682228514151557,1.0,1760.0,0.0,0.0
1760.0,1.0,0.0,nan,nan,0.0,0.05,0.075,0.0,0.0,1.0,0.7176136363636364,1263.0,1263.0,1.0,1.0,1.0,1.0,global,0.38311746361417043,0.7,1263.0,1.0,497.0,0.0,0.7176136363636364,0.5682228514151557,0.5682228514151557,1.0,1760.0,0.0,0.0
1760.0,1.0,0.0,nan,nan,0.0,0.05,0.1,0.0,0.0,1.0,0.7176136363636364,1263.0,1263.0,1.0,1.0,1.0,1.0,global,0.38311746361417043,0.7,1263.0,1.0,497.0,0.0,0.7176136363636364,0.5682228514151557,0.5682228514151557,1.0,1760.0,0.0,0.0
1665.0,0.9460227272727273,83.0,0.6310905817912644,0.6626078779054946,0.04715909090909091,0.05,0.15,12.0,0.006818181818181818,0.9944576405384006,0.7136363636363636,1256.0,1256.0,0.9897198808620177,1.0,1.0,1.0,global,0.38311746361417043,0.7,1263.0,0.9897198808999815,497.0,0.0,0.7176136363636364,0.5652334529481983,0.5682228514151557,0.9528409090909091,1760.0,0.0,0.0
1331.0,0.75625,381.0,0.5809046189155755,0.6305718904116745,0.21647727272727274,0.05,0.2,48.0,0.02727272727272727,0.9714964370546318,0.6971590909090909,1227.0,1227.0,0.9450086745276348,1.0,1.0,1.0,global,0.38311746361417043,0.7,1263.0,0.9450086749173208,497.0,0.0,0.7176136363636364,0.5547926831031361,0.5682228514151557,0.7835227272727273,1760.0,0.0,0.0
357.0,0.2028409090909091,1347.0,0.5420259746594334,0.5799954555016913,0.7653409090909091,0.05,0.3,56.0,0.031818181818181815,0.8495645288994458,0.6096590909090909,1073.0,1073.0,0.6909849074123297,0.7059748851876734,0.5025786726331325,1.0,global,0.38311746361417043,0.7,1263.0,0.6909849087380316,497.0,0.0,0.7176136363636364,0.4876772165080965,0.5682228514151557,0.2346590909090909,1760.0,0.0,0.0
83.0,0.04715909090909091,1621.0,0.5277622495828104,0.5697656673298787,0.9210227272727273,0.05,0.5,56.0,0.031818181818181815,0.7585114806017419,0.5443181818181818,958.0,958.0,0.574591671597041,0.5962985848494073,0.4067812809646335,0.7429213437643024,global,0.38311746361417043,0.7,1263.0,0.5745916733750794,497.0,0.0,0.7176136363636364,0.4550478371401991,0.5682228514151557,0.07897727272727273,1760.0,0.0,0.0
0.0,0.0,1704.0,0.5247289679783026,0.5668641251698716,0.9681818181818181,0.05,1.0,56.0,0.031818181818181815,0.7228820269200317,0.51875,913.0,913.0,0.5346196028177465,0.571858512294025,0.38101602678799823,0.6996978302202904,global,0.38311746361417043,0.7,1263.0,0.5346196047857351,497.0,0.0,0.7176136363636364,0.444402565620008,0.5682228514151557,0.031818181818181815,1760.0,0.0,0.0
1760.0,1.0,0.0,nan,nan,0.0,0.05,0.0,0.0,0.0,1.0,0.7176136363636364,1263.0,1263.0,1.0,1.0,1.0,1.0,global,0.6025749034912807,0.8,1263.0,1.0,497.0,0.0,0.7176136363636364,0.5682228514151557,0.5682228514151557,1.0,1760.0,0.0,0.0
1760.0,1.0,0.0,nan,nan,0.0,0.05,0.025,0.0,0.0,1.0,0.7176136363636364,1263.0,1263.0,1.0,1.0,1.0,1.0,global,0.6025749034912807,0.8,1263.0,1.0,497.0,0.0,0.7176136363636364,0.5682228514151557,0.5682228514151557,1.0,1760.0,0.0,0.0
1760.0,1.0,0.0,nan,nan,0.0,0.05,0.05,0.0,0.0,1.0,0.7176136363636364,1263.0,1263.0,1.0,1.0,1.0,1.0,global,0.6025749034912807,0.8,1263.0,1.0,497.0,0.0,0.7176136363636364,0.5682228514151557,0.5682228514151557,1.0,1760.0,0.0,0.0
1724.0,0.9795454545454545,36.0,0.5848091977132298,0.691571237875132,0.020454545454545454,0.05,0.075,0.0,0.0,0.9984164687252574,0.7164772727272727,1261.0,1261.0,0.9894638337246814,1.0,1.0,1.0,global,0.6025749034912807,0.8,1263.0,0.9894638337246814,497.0,0.0,0.7176136363636364,0.5657200085681879,0.5682228514151557,0.9795454545454545,1760.0,0.0,0.0
1422.0,0.8079545454545455,306.0,0.6350136989861365,0.6956125492757845,0.17386363636363636,0.05,0.1,32.0,0.01818181818181818,0.9857482185273159,0.7073863636363636,1245.0,1245.0,0.9460582494887141,1.0,1.0,1.0,global,0.6025749034912807,0.8,1263.0,0.946058250385091,497.0,0.0,0.7176136363636364,0.5572784293888521,0.5682228514151557,0.8261363636363637,1760.0,0.0,0.0
968.0,0.55,728.0,0.6515222485510441,0.7219421696885363,0.41363636363636364,0.05,0.15,64.0,0.03636363636363636,0.9612034837688044,0.6897727272727273,1214.0,1214.0,0.8920694937851669,1.0,0.8561405712183052,1.0,global,0.6025749034912807,0.8,1263.0,0.8920694983576861,497.0,0.0,0.7176136363636364,0.547295773358995,0.5682228514151557,0.5863636363636363,1760.0,0.0,0.0
415.0,0.23579545454545456,1280.0,0.6534293529717113,0.7160565604993281,0.7272727272727273,0.05,0.2,65.0,0.036931818181818184,0.9295328582739509,0.6670454545454545,1174.0,1174.0,0.773282575027491,0.8175775523573827,0.6541828731696555,1.0,global,0.6025749034912807,0.8,1263.0,0.773282580047506,497.0,0.0,0.7176136363636364,0.5216718603263688,0.5682228514151557,0.2727272727272727,1760.0,0.0,0.0
231.0,0.13125,1464.0,0.64074160565454,0.7039461860513537,0.8318181818181818,0.05,0.3,65.0,0.036931818181818184,0.8939034045922407,0.6414772727272727,1129.0,1129.0,0.715202601471048,0.7582279598857612,0.5951390636738851,0.9090813661328084,global,0.6025749034912807,0.8,1263.0,0.7152026070915339,497.0,0.0,0.7176136363636364,0.5082519192283758,0.5682228514151557,0.16818181818181818,1760.0,0.0,0.0
0.0,0.0,1695.0,0.6317717250428334,0.6949198609960009,0.9630681818181818,0.05,0.5,65.0,0.036931818181818184,0.8281868566904196,0.5943181818181819,1046.0,1046.0,0.6395164879960434,0.6992849703769144,0.521123615477007,0.7990920452527864,global,0.6025749034912807,0.8,1263.0,0.6395164943073232,497.0,0.0,0.7176136363636364,0.4901001947985943,0.5682228514151557,0.036931818181818184,1760.0,0.0,0.0
0.0,0.0,1695.0,0.6317717250428334,0.6949198609960009,0.9630681818181818,0.05,1.0,65.0,0.036931818181818184,0.8281868566904196,0.5943181818181819,1046.0,1046.0,0.6395164879960434,0.6992849703769144,0.521123615477007,0.7990920452527864,global,0.6025749034912807,0.8,1263.0,0.6395164943073232,497.0,0.0,0.7176136363636364,0.4901001947985943,0.5682228514151557,0.036931818181818184,1760.0,0.0,0.0
1760.0,1.0,0.0,nan,nan,0.0,0.05,0.0,0.0,0.0,1.0,0.7176136363636364,1263.0,1263.0,1.0,1.0,1.0,1.0,global,0.7106694528986995,0.85,1263.0,1.0,497.0,0.0,0.7176136363636364,0.5682228514151557,0.5682228514151557,1.0,1760.0,0.0,0.0
1760.0,1.0,0.0,nan,nan,0.0,0.05,0.025,0.0,0.0,1.0,0.7176136363636364,1263.0,1263.0,1.0,1.0,1.0,1.0,global,0.7106694528986995,0.85,1263.0,1.0,497.0,0.0,0.7176136363636364,0.5682228514151557,0.5682228514151557,1.0,1760.0,0.0,0.0
1419.0,0.80625,300.0,0.7133010138730667,0.8239915932319082,0.17045454545454544,0.05,0.05,41.0,0.023295454545454546,0.9944576405384006,0.7136363636363636,1256.0,1256.0,0.9641626267341332,1.0,1.0,1.0,global,0.7106694528986995,0.85,1263.0,0.9641626318110553,497.0,0.0,0.7176136363636364,0.5634426459380434,0.5682228514151557,0.8295454545454546,1760.0,0.0,0.0
1344.0,0.7636363636363637,375.0,0.7098100812522784,0.7992007913844974,0.21306818181818182,0.05,0.075,41.0,0.023295454545454546,0.9912905779889153,0.7113636363636363,1252.0,1252.0,0.9497035044981983,1.0,1.0,1.0,global,0.7106694528986995,0.85,1263.0,0.9497035095913406,497.0,0.0,0.7176136363636364,0.5604900487930357,0.5682228514151557,0.7869318181818182,1760.0,0.0,0.0
1075.0,0.6107954545454546,624.0,0.7205842161418723,0.7922196414798421,0.35454545454545455,0.05,0.1,61.0,0.03465909090909091,0.9802058590657166,0.7034090909090909,1238.0,1238.0,0.921005230734778,1.0,0.9200877066483624,1.0,global,0.7106694528986995,0.85,1263.0,0.921005236200481,497.0,0.0,0.7176136363636364,0.5551373078214001,0.5682228514151557,0.6454545454545455,1760.0,0.0,0.0
357.0,0.2028409090909091,1331.0,0.7287370340266385,0.7913318682027686,0.75625,0.05,0.15,72.0,0.04090909090909091,0.9453681710213777,0.678409090909091,1194.0,1194.0,0.8087073556536262,0.8505402694265631,0.7315945904032523,1.0,global,0.7106694528986995,0.85,1263.0,0.8087073616423407,497.0,0.0,0.7176136363636364,0.5323597503443382,0.5682228514151557,0.24375,1760.0,0.0,0.0
298.0,0.1693181818181818,1390.0,0.7219142645900277,0.7874976547890391,0.7897727272727273,0.05,0.2,72.0,0.04090909090909091,0.9374505146476643,0.6727272727272727,1184.0,1184.0,0.7919054378604431,0.8362166451163248,0.7048903275628651,1.0,global,0.7106694528986995,0.85,1263.0,0.7919054442019662,497.0,0.0,0.7176136363636364,0.5291997239435104,0.5682228514151557,0.21022727272727273,1760.0,0.0,0.0
83.0,0.04715909090909091,1605.0,0.709476623576207,0.7796047613544542,0.9119318181818182,0.05,0.3,72.0,0.04090909090909091,0.8978622327790974,0.6443181818181818,1134.0,1134.0,0.7345835820325841,0.7956384948880983,0.6511731752001676,0.8737103218222131,global,0.7106694528986995,0.85,1263.0,0.7345835895088035,497.0,0.0,0.7176136363636364,0.517474689158259,0.5682228514151557,0.08806818181818182,1760.0,0.0,0.0
0.0,0.0,1688.0,0.7070171041406452,0.7754534620617398,0.9590909090909091,0.05,0.5,72.0,0.04090909090909091,0.8701504354711006,0.6244318181818181,1099.0,1099.0,0.712882093866674,0.7796159467443643,0.6365231110617044,0.8540317166359679,global,0.7106694528986995,0.85,1263.0,0.7128821015809896,497.0,0.0,0.7176136363636364,0.512607826728977,0.5682228514151557,0.04090909090909091,1760.0,0.0,0.0
0.0,0.0,1688.0,0.7070171041406452,0.7754534620617398,0.9590909090909091,0.05,1.0,72.0,0.04090909090909091,0.8701504354711006,0.6244318181818181,1099.0,1099.0,0.712882093866674,0.7796159467443643,0.6365231110617044,0.8540317166359679,global,0.7106694528986995,0.85,1263.0,0.7128821015809896,497.0,0.0,0.7176136363636364,0.512607826728977,0.5682228514151557,0.04090909090909091,1760.0,0.0,0.0
1647.0,0.9357954545454545,89.0,0.8182587300829137,0.8846609021215535,0.05056818181818182,0.05,0.0,24.0,0.013636363636363636,1.0,0.7176136363636364,1263.0,1263.0,0.9930929683641961,1.0,1.0,1.0,global,0.7804080827660091,0.88,1263.0,0.9930929683641961,497.0,0.0,0.7176136363636364,0.5673622357283638,0.5682228514151557,0.9494318181818182,1760.0,0.0,0.0
1552.0,0.8818181818181818,169.0,0.7963518089581744,0.878239425841862,0.09602272727272727,0.05,0.025,39.0,0.02215909090909091,0.9992082343626286,0.7170454545454545,1262.0,1262.0,0.9859608616318235,1.0,1.0,1.0,global,0.7804080827660091,0.88,1263.0,0.9859608651542867,497.0,0.0,0.7176136363636364,0.5664108806109539,0.5682228514151557,0.9039772727272727,1760.0,0.0,0.0
1159.0,0.6585227272727273,538.0,0.7785610730669076,0.8513165101116438,0.30568181818181817,0.05,0.05,63.0,0.03579545454545455,0.9928741092636579,0.7125,1254.0,1254.0,0.9487900408208956,1.0,1.0,1.0,global,0.7804080827660091,0.88,1263.0,0.9487900472634155,497.0,0.0,0.7176136363636364,0.5615492870934355,0.5682228514151557,0.6943181818181818,1760.0,0.0,0.0
1075.0,0.6107954545454546,622.0,0.7773588333032083,0.8440081350075102,0.3534090909090909,0.05,0.075,63.0,0.03579545454545455,0.9889152810768013,0.709659090909091,1249.0,1249.0,0.935828006396441,1.0,0.9390866047694556,1.0,global,0.7804080827660091,0.88,1263.0,0.9358280150137531,497.0,0.0,0.7176136363636364,0.5587097651689893,0.5682228514151557,0.6465909090909091,1760.0,0.0,0.0
415.0,0.23579545454545456,1271.0,0.7863975299164682,0.8437957317085023,0.7221590909090909,0.05,0.1,74.0,0.042045454545454546,0.9675376088677752,0.6943181818181818,1222.0,1222.0,0.8575400874647476,0.9005597470435782,0.8048180923182501,1.0,global,0.7804080827660091,0.88,1263.0,0.8575400968126727,497.0,0.0,0.7176136363636364,0.5440587677861589,0.5682228514151557,0.2778409090909091,1760.0,0.0,0.0
298.0,0.1693181818181818,1388.0,0.7772831408778473,0.8397563023499108,0.7886363636363637,0.05,0.15,74.0,0.042045454545454546,0.9572446555819477,0.6869318181818181,1209.0,1209.0,0.8323636544241863,0.8787138349301212,0.7803597926085742,1.0,global,0.7804080827660091,0.88,1263.0,0.8323636638726267,497.0,0.0,0.7176136363636364,0.5395278631092814,0.5682228514151557,0.21136363636363636,1760.0,0.0,0.0
150.0,0.08522727272727272,1536.0,0.7643054626411883,0.8344036705721736,0.8727272727272727,0.05,0.2,74.0,0.042045454545454546,0.9398258115597783,0.6744318181818182,1187.0,1187.0,0.7966712668446309,0.8539708224810164,0.7446667166142933,0.9212005378660366,global,0.7804080827660091,0.88,1263.0,0.7966712772434341,497.0,0.0,0.7176136363636364,0.5334418647451455,0.5682228514151557,0.12727272727272726,1760.0,0.0,0.0
83.0,0.04715909090909091,1603.0,0.7607629442322461,0.831909552823265,0.9107954545454545,0.05,0.3,74.0,0.042045454545454546,0.9295328582739509,0.6670454545454545,1174.0,1174.0,0.7809371082194756,0.8442362203584183,0.7247728911994816,0.9062540584027621,global,0.7804080827660091,0.88,1263.0,0.7809371194512608,497.0,0.0,0.7176136363636364,0.5307801010513027,0.5682228514151557,0.08920454545454545,1760.0,0.0,0.0
0.0,0.0,1686.0,0.7559057155283752,0.8265845571930126,0.9579545454545455,0.05,0.5,74.0,0.042045454545454546,0.9065716547901821,0.6505681818181818,1145.0,1145.0,0.7608089194959274,0.8313086350000243,0.7086880816747627,0.8929792583912282,global,0.7804080827660091,0.88,1263.0,0.7608089315329363,497.0,0.0,0.7176136363636364,0.5271348295311116,0.5682228514151557,0.042045454545454546,1760.0,0.0,0.0
0.0,0.0,1686.0,0.7559057155283752,0.8265845571930126,0.9579545454545455,0.05,1.0,74.0,0.042045454545454546,0.9065716547901821,0.6505681818181818,1145.0,1145.0,0.7608089194959274,0.8313086350000243,0.7086880816747627,0.8929792583912282,global,0.7804080827660091,0.88,1263.0,0.7608089315329363,497.0,0.0,0.7176136363636364,0.5271348295311116,0.5682228514151557,0.042045454545454546,1760.0,0.0,0.0
1552.0,0.8818181818181818,168.0,0.817601571318242,0.899613211967808,0.09545454545454546,0.05,0.0,40.0,0.022727272727272728,1.0,0.7176136363636364,1263.0,1263.0,0.9872913208836146,1.0,1.0,1.0,global,0.8124920414343225,0.9,1263.0,0.9872913247019273,497.0,0.0,0.7176136363636364,0.5667911895703598,0.5682228514151557,0.9045454545454545,1760.0,0.0,0.0
1552.0,0.8818181818181818,168.0,0.817601571318242,0.899613211967808,0.09545454545454546,0.05,0.025,40.0,0.022727272727272728,1.0,0.7176136363636364,1263.0,1263.0,0.9872913208836146,1.0,1.0,1.0,global,0.8124920414343225,0.9,1263.0,0.9872913247019273,497.0,0.0,0.7176136363636364,0.5667911895703598,0.5682228514151557,0.9045454545454545,1760.0,0.0,0.0
1111.0,0.63125,585.0,0.8063634537098388,0.8764514198322788,0.33238636363636365,0.05,0.05,64.0,0.03636363636363636,0.9920823436262867,0.7119318181818182,1253.0,1253.0,0.9490023461486407,1.0,0.9975159830079099,1.0,global,0.8124920414343225,0.9,1263.0,0.9490023548972629,497.0,0.0,0.7176136363636364,0.5615566317676257,0.5682228514151557,0.6676136363636364,1760.0,0.0,0.0
968.0,0.55,718.0,0.8076876792673537,0.8750101183071304,0.40795454545454546,0.05,0.075,74.0,0.042045454545454546,0.9873317498020586,0.7085227272727272,1247.0,1247.0,0.9370782463039937,1.0,0.9311038306716215,1.0,global,0.8124920414343225,0.9,1263.0,0.9370782554600151,497.0,0.0,0.7176136363636364,0.5594698863886355,0.5682228514151557,0.5920454545454545,1760.0,0.0,0.0
415.0,0.23579545454545456,1270.0,0.8157516698781833,0.8722186549376103,0.7215909090909091,0.05,0.1,75.0,0.04261363636363636,0.9714964370546318,0.6971590909090909,1227.0,1227.0,0.8768674566423067,0.91938038751325,0.8387674229359547,1.0,global,0.8124920414343225,0.9,1263.0,0.8768674659475705,497.0,0.0,0.7176136363636364,0.548258558444991,0.5682228514151557,0.2784090909090909,1760.0,0.0,0.0
150.0,0.08522727272727272,1535.0,0.7941853128687131,0.86260009170288,0.8721590909090909,0.05,0.15,75.0,0.04261363636363636,0.948535233570863,0.6806818181818182,1198.0,1198.0,0.8221884798156245,0.8798776465877644,0.7847304900500567,0.9358882669705655,global,0.8124920414343225,0.9,1263.0,0.8221884895253492,497.0,0.0,0.7176136363636364,0.5393348372221595,0.5682228514151557,0.1278409090909091,1760.0,0.0,0.0
83.0,0.04715909090909091,1602.0,0.7901909077949505,0.8612194577171381,0.9102272727272728,0.05,0.2,75.0,0.04261363636363636,0.9398258115597783,0.6744318181818182,1187.0,1187.0,0.8076897284590616,0.8712251513036513,0.7652918001469977,0.9219909156678712,global,0.8124920414343225,0.9,1263.0,0.8076897389687386,497.0,0.0,0.7176136363636364,0.5370878462555894,0.5682228514151557,0.08977272727272727,1760.0,0.0,0.0
83.0,0.04715909090909091,1602.0,0.7901909077949505,0.8612194577171381,0.9102272727272728,0.05,0.3,75.0,0.04261363636363636,0.9398258115597783,0.6744318181818182,1187.0,1187.0,0.8076897284590616,0.8712251513036513,0.7652918001469977,0.9219909156678712,global,0.8124920414343225,0.9,1263.0,0.8076897389687386,497.0,0.0,0.7176136363636364,0.5370878462555894,0.5682228514151557,0.08977272727272727,1760.0,0.0,0.0
0.0,0.0,1685.0,0.7852943566934036,0.8567905233016122,0.9573863636363636,0.05,0.5,75.0,0.04261363636363636,0.9184481393507522,0.6590909090909091,1160.0,1160.0,0.7895514513451724,0.8599590510649974,0.7507273075831485,0.91095246750967,global,0.8124920414343225,0.9,1263.0,0.7895514622402805,497.0,0.0,0.7176136363636364,0.5340278020081255,0.5682228514151557,0.04261363636363636,1760.0,0.0,0.0
0.0,0.0,1685.0,0.7852943566934036,0.8567905233016122,0.9573863636363636,0.05,1.0,75.0,0.04261363636363636,0.9184481393507522,0.6590909090909091,1160.0,1160.0,0.7895514513451724,0.8599590510649974,0.7507273075831485,0.91095246750967,global,0.8124920414343225,0.9,1263.0,0.7895514622402805,497.0,0.0,0.7176136363636364,0.5340278020081255,0.5682228514151557,0.04261363636363636,1760.0,0.0,0.0
1552.0,0.8818181818181818,168.0,0.8955696157059954,0.9330827155676213,0.09545454545454546,0.05,0.0,40.0,0.022727272727272728,1.0,0.7176136363636364,1263.0,1263.0,0.99272377369923,1.0,1.0,1.0,global,0.8645352219849658,0.92,1263.0,0.9927237746110776,497.0,0.0,0.7176136363636364,0.567274933901518,0.5682228514151557,0.9045454545454545,1760.0,0.0,0.0
1283.0,0.7289772727272728,417.0,0.8649485634264081,0.9205561080691484,0.2369318181818182,0.05,0.025,60.0,0.03409090909090909,0.997624703087886,0.7159090909090909,1260.0,1260.0,0.9751333862816879,1.0,1.0,1.0,global,0.8645352219849658,0.92,1263.0,0.9751333926437525,497.0,0.0,0.7176136363636364,0.5651219150442804,0.5682228514151557,0.7630681818181818,1760.0,0.0,0.0
1075.0,0.6107954545454546,621.0,0.8624433810488666,0.9120035018895759,0.3528409090909091,0.05,0.05,64.0,0.03636363636363636,0.9944576405384006,0.7136363636363636,1256.0,1256.0,0.9598063064052023,1.0,0.9719130097805226,1.0,global,0.8645352219849658,0.92,1263.0,0.9598063131379176,497.0,0.0,0.7176136363636364,0.5629918163253512,0.5682228514151557,0.647159090909091,1760.0,0.0,0.0
357.0,0.2028409090909091,1328.0,0.8588155097697846,0.9094687155532978,0.7545454545454545,0.05,0.075,75.0,0.04261363636363636,0.9794140934283452,0.7028409090909091,1237.0,1237.0,0.8991050207247291,0.9379739324298653,0.878439961668914,1.0,global,0.8645352219849658,0.92,1263.0,0.8991050304792678,497.0,0.0,0.7176136363636364,0.5533521572542407,0.5682228514151557,0.24545454545454545,1760.0,0.0,0.0
221.0,0.12556818181818183,1464.0,0.8483679600895605,0.9043528803450964,0.8318181818181818,0.05,0.1,75.0,0.04261363636363636,0.9707046714172605,0.696590909090909,1226.0,1226.0,0.8768144276094635,0.9233571034984815,0.857735267470229,0.9746546262965093,global,0.8645352219849658,0.92,1263.0,0.8768144377692877,497.0,0.0,0.7176136363636364,0.5501352628612873,0.5682228514151557,0.16818181818181818,1760.0,0.0,0.0
83.0,0.04715909090909091,1602.0,0.8386245030990287,0.9005989177073821,0.9102272727272728,0.05,0.15,75.0,0.04261363636363636,0.9596199524940617,0.6886363636363636,1212.0,1212.0,0.8518061649746032,0.9089432396897414,0.8341542665244158,0.9480524644628778,global,0.8645352219849658,0.92,1263.0,0.851806175805163,497.0,0.0,0.7176136363636364,0.5467795960681614,0.5682228514151557,0.08977272727272727,1760.0,0.0,0.0
83.0,0.04715909090909091,1602.0,0.8386245030990287,0.9005989177073821,0.9102272727272728,0.05,0.2,75.0,0.04261363636363636,0.9596199524940617,0.6886363636363636,1212.0,1212.0,0.8518061649746032,0.9089432396897414,0.8341542665244158,0.9480524644628778,global,0.8645352219849658,0.92,1263.0,0.851806175805163,497.0,0.0,0.7176136363636364,0.5467795960681614,0.5682228514151557,0.08977272727272727,1760.0,0.0,0.0
0.0,0.0,1685.0,0.8293461900669444,0.8984858732531043,0.9573863636363636,0.05,0.3,75.0,0.04261363636363636,0.946159936658749,0.6789772727272727,1195.0,1195.0,0.8326307403836477,0.89940785502386,0.8193365881471273,0.9397242312261955,global,0.8645352219849658,0.92,1263.0,0.8326307528345003,497.0,0.0,0.7176136363636364,0.5446286427297885,0.5682228514151557,0.04261363636363636,1760.0,0.0,0.0
0.0,0.0,1685.0,0.8293461900669444,0.8984858732531043,0.9573863636363636,0.05,0.5,75.0,0.04261363636363636,0.946159936658749,0.6789772727272727,1195.0,1195.0,0.8326307403836477,0.89940785502386,0.8193365881471273,0.9397242312261955,global,0.8645352219849658,0.92,1263.0,0.8326307528345003,497.0,0.0,0.7176136363636364,0.5446286427297885,0.5682228514151557,0.04261363636363636,1760.0,0.0,0.0
0.0,0.0,1685.0,0.8293461900669444,0.8984858732531043,0.9573863636363636,0.05,1.0,75.0,0.04261363636363636,0.946159936658749,0.6789772727272727,1195.0,1195.0,0.8326307403836477,0.89940785502386,0.8193365881471273,0.9397242312261955,global,0.8645352219849658,0.92,1263.0,0.8326307528345003,497.0,0.0,0.7176136363636364,0.5446286427297885,0.5682228514151557,0.04261363636363636,1760.0,0.0,0.0
1189.0,0.6755681818181818,515.0,0.9074428027431911,0.9562817727938074,0.29261363636363635,0.05,0.0,56.0,0.031818181818181815,1.0,0.7176136363636364,1263.0,1263.0,0.9767690961754486,1.0,1.0,1.0,global,0.9197405249860584,0.95,1263.0,0.9767691078439691,497.0,0.0,0.7176136363636364,0.565952630831564,0.5682228514151557,0.7073863636363636,1760.0,0.0,0.0
356.0,0.20227272727272727,1327.0,0.9086652201679241,0.9513123286246429,0.7539772727272728,0.05,0.025,77.0,0.04375,0.995249406175772,0.7142045454545455,1257.0,1257.0,0.9343871868032105,0.9711444840025983,0.9342479140649864,1.0,global,0.9197405249860584,0.95,1263.0,0.9343872084527817,497.0,0.0,0.7176136363636364,0.5606435775638178,0.5682228514151557,0.24602272727272728,1760.0,0.0,0.0
298.0,0.1693181818181818,1385.0,0.9065766509727292,0.9503876844125735,0.7869318181818182,0.05,0.05,77.0,0.04375,0.9936658749010293,0.7130681818181818,1255.0,1255.0,0.9289089256406027,0.9665330852808096,0.9303717391456062,1.0,global,0.9197405249860584,0.95,1263.0,0.9289089481272752,497.0,0.0,0.7176136363636364,0.5599545174695862,0.5682228514151557,0.21306818181818182,1760.0,0.0,0.0
83.0,0.04715909090909091,1600.0,0.8957212624840293,0.9471978679274595,0.9090909090909091,0.05,0.075,77.0,0.04375,0.9833729216152018,0.7056818181818182,1242.0,1242.0,0.904117296100452,0.9512310215897755,0.9090152347351101,0.9781338517263762,global,0.9197405249860584,0.95,1263.0,0.9041173214096682,497.0,0.0,0.7176136363636364,0.5571557574890583,0.5682228514151557,0.09090909090909091,1760.0,0.0,0.0
0.0,0.0,1683.0,0.8850187789628036,0.9447411318869897,0.95625,0.05,0.1,77.0,0.04375,0.9778305621536025,0.7017045454545454,1235.0,1235.0,0.8872532318412596,0.9458800733794935,0.8974009894252462,0.972191509137138,global,0.9197405249860584,0.95,1263.0,0.887253258342927,497.0,0.0,0.7176136363636364,0.5559593496052309,0.5682228514151557,0.04375,1760.0,0.0,0.0
0.0,0.0,1683.0,0.8850187789628036,0.9447411318869897,0.95625,0.05,0.15,77.0,0.04375,0.9778305621536025,0.7017045454545454,1235.0,1235.0,0.8872532318412596,0.9458800733794935,0.8974009894252462,0.972191509137138,global,0.9197405249860584,0.95,1263.0,0.887253258342927,497.0,0.0,0.7176136363636364,0.5559593496052309,0.5682228514151557,0.04375,1760.0,0.0,0.0
0.0,0.0,1683.0,0.8850187789628036,0.9447411318869897,0.95625,0.05,0.2,77.0,0.04375,0.9778305621536025,0.7017045454545454,1235.0,1235.0,0.8872532318412596,0.9458800733794935,0.8974009894252462,0.972191509137138,global,0.9197405249860584,0.95,1263.0,0.887253258342927,497.0,0.0,0.7176136363636364,0.5559593496052309,0.5682228514151557,0.04375,1760.0,0.0,0.0
0.0,0.0,1683.0,0.8850187789628036,0.9447411318869897,0.95625,0.05,0.3,77.0,0.04375,0.9778305621536025,0.7017045454545454,1235.0,1235.0,0.8872532318412596,0.9458800733794935,0.8974009894252462,0.972191509137138,global,0.9197405249860584,0.95,1263.0,0.887253258342927,497.0,0.0,0.7176136363636364,0.5559593496052309,0.5682228514151557,0.04375,1760.0,0.0,0.0
0.0,0.0,1683.0,0.8850187789628036,0.9447411318869897,0.95625,0.05,0.5,77.0,0.04375,0.9778305621536025,0.7017045454545454,1235.0,1235.0,0.8872532318412596,0.9458800733794935,0.8974009894252462,0.972191509137138,global,0.9197405249860584,0.95,1263.0,0.887253258342927,497.0,0.0,0.7176136363636364,0.5559593496052309,0.5682228514151557,0.04375,1760.0,0.0,0.0
0.0,0.0,1683.0,0.8850187789628036,0.9447411318869897,0.95625,0.05,1.0,77.0,0.04375,0.9778305621536025,0.7017045454545454,1235.0,1235.0,0.8872532318412596,0.9458800733794935,0.8974009894252462,0.972191509137138,global,0.9197405249860584,0.95,1263.0,0.887253258342927,497.0,0.0,0.7176136363636364,0.5559593496052309,0.5682228514151557,0.04375,1760.0,0.0,0.0
910.0,0.5170454545454546,773.0,0.9552226763766444,0.9846014599210037,0.43920454545454546,0.05,0.0,77.0,0.04375,1.0,0.7176136363636364,1263.0,1263.0,0.9830888492728894,1.0,0.9985915973481276,1.0,global,0.9526156595911459,0.975,1263.0,0.9830888680384646,497.0,0.0,0.7176136363636364,0.5666770476211392,0.5682228514151557,0.5607954545454545,1760.0,0.0,0.0
160.0,0.09090909090909091,1522.0,0.9424378830057463,0.9777065963092708,0.8647727272727272,0.05,0.025,78.0,0.04431818181818182,0.9960411718131433,0.7147727272727272,1258.0,1258.0,0.9501707906146722,0.9822061252544623,0.9605770604708066,1.0,global,0.9526156595911459,0.975,1263.0,0.9501708166978152,497.0,0.0,0.7176136363636364,0.56350955817671,0.5682228514151557,0.13522727272727272,1760.0,0.0,0.0
0.0,0.0,1682.0,0.9328215171034457,0.9758556205523033,0.9556818181818182,0.05,0.05,78.0,0.04431818181818182,0.9920823436262867,0.7119318181818182,1253.0,1253.0,0.9341082558021827,0.9763047324216894,0.9511530516778263,0.9917303151859367,global,0.9526156595911459,0.975,1263.0,0.9341083128683031,497.0,0.0,0.7176136363636364,0.5624028000646374,0.5682228514151557,0.04431818181818182,1760.0,0.0,0.0
0.0,0.0,1682.0,0.9328215171034457,0.9758556205523033,0.9556818181818182,0.05,0.075,78.0,0.04431818181818182,0.9920823436262867,0.7119318181818182,1253.0,1253.0,0.9341082558021827,0.9763047324216894,0.9511530516778263,0.9917303151859367,global,0.9526156595911459,0.975,1263.0,0.9341083128683031,497.0,0.0,0.7176136363636364,0.5624028000646374,0.5682228514151557,0.04431818181818182,1760.0,0.0,0.0
0.0,0.0,1682.0,0.9328215171034457,0.9758556205523033,0.9556818181818182,0.05,0.1,78.0,0.04431818181818182,0.9920823436262867,0.7119318181818182,1253.0,1253.0,0.9341082558021827,0.9763047324216894,0.9511530516778263,0.9917303151859367,global,0.9526156595911459,0.975,1263.0,0.9341083128683031,497.0,0.0,0.7176136363636364,0.5624028000646374,0.5682228514151557,0.04431818181818182,1760.0,0.0,0.0
0.0,0.0,1682.0,0.9328215171034457,0.9758556205523033,0.9556818181818182,0.05,0.15,78.0,0.04431818181818182,0.9920823436262867,0.7119318181818182,1253.0,1253.0,0.9341082558021827,0.9763047324216894,0.9511530516778263,0.9917303151859367,global,0.9526156595911459,0.975,1263.0,0.9341083128683031,497.0,0.0,0.7176136363636364,0.5624028000646374,0.5682228514151557,0.04431818181818182,1760.0,0.0,0.0
0.0,0.0,1682.0,0.9328215171034457,0.9758556205523033,0.9556818181818182,0.05,0.2,78.0,0.04431818181818182,0.9920823436262867,0.7119318181818182,1253.0,1253.0,0.9341082558021827,0.9763047324216894,0.9511530516778263,0.9917303151859367,global,0.9526156595911459,0.975,1263.0,0.9341083128683031,497.0,0.0,0.7176136363636364,0.5624028000646374,0.5682228514151557,0.04431818181818182,1760.0,0.0,0.0
0.0,0.0,1682.0,0.9328215171034457,0.9758556205523033,0.9556818181818182,0.05,0.3,78.0,0.04431818181818182,0.9920823436262867,0.7119318181818182,1253.0,1253.0,0.9341082558021827,0.9763047324216894,0.9511530516778263,0.9917303151859367,global,0.9526156595911459,0.975,1263.0,0.9341083128683031,497.0,0.0,0.7176136363636364,0.5624028000646374,0.5682228514151557,0.04431818181818182,1760.0,0.0,0.0
0.0,0.0,1682.0,0.9328215171034457,0.9758556205523033,0.9556818181818182,0.05,0.5,78.0,0.04431818181818182,0.9920823436262867,0.7119318181818182,1253.0,1253.0,0.9341082558021827,0.9763047324216894,0.9511530516778263,0.9917303151859367,global,0.9526156595911459,0.975,1263.0,0.9341083128683031,497.0,0.0,0.7176136363636364,0.5624028000646374,0.5682228514151557,0.04431818181818182,1760.0,0.0,0.0
0.0,0.0,1682.0,0.9328215171034457,0.9758556205523033,0.9556818181818182,0.05,1.0,78.0,0.04431818181818182,0.9920823436262867,0.7119318181818182,1253.0,1253.0,0.9341082558021827,0.9763047324216894,0.9511530516778263,0.9917303151859367,global,0.9526156595911459,0.975,1263.0,0.9341083128683031,497.0,0.0,0.7176136363636364,0.5624028000646374,0.5682228514151557,0.04431818181818182,1760.0,0.0,0.0
1760.0,1.0,0.0,nan,nan,0.0,0.1,0.0,0.0,0.0,1.0,0.7176136363636364,1263.0,1263.0,1.0,1.0,1.0,1.0,global,-0.06135546126675656,0.5,1263.0,1.0,497.0,0.0,0.7176136363636364,0.5682228514151557,0.5682228514151557,1.0,1760.0,0.0,0.0
1760.0,1.0,0.0,nan,nan,0.0,0.1,0.025,0.0,0.0,1.0,0.7176136363636364,1263.0,1263.0,1.0,1.0,1.0,1.0,global,-0.06135546126675656,0.5,1263.0,1.0,497.0,0.0,0.7176136363636364,0.5682228514151557,0.5682228514151557,1.0,1760.0,0.0,0.0
1760.0,1.0,0.0,nan,nan,0.0,0.1,0.05,0.0,0.0,1.0,0.7176136363636364,1263.0,1263.0,1.0,1.0,1.0,1.0,global,-0.06135546126675656,0.5,1263.0,1.0,497.0,0.0,0.7176136363636364,0.5682228514151557,0.5682228514151557,1.0,1760.0,0.0,0.0
1760.0,1.0,0.0,nan,nan,0.0,0.1,0.075,0.0,0.0,1.0,0.7176136363636364,1263.0,1263.0,1.0,1.0,1.0,1.0,global,-0.06135546126675656,0.5,1263.0,1.0,497.0,0.0,0.7176136363636364,0.5682228514151557,0.5682228514151557,1.0,1760.0,0.0,0.0
1760.0,1.0,0.0,nan,nan,0.0,0.1,0.1,0.0,0.0,1.0,0.7176136363636364,1263.0,1263.0,1.0,1.0,1.0,1.0,global,-0.06135546126675656,0.5,1263.0,1.0,497.0,0.0,0.7176136363636364,0.5682228514151557,0.5682228514151557,1.0,1760.0,0.0,0.0
1563.0,0.8880681818181818,156.0,0.5697448012987624,0.5964534702451233,0.08863636363636364,0.1,0.15,41.0,0.023295454545454546,0.9889152810768013,0.709659090909091,1249.0,1249.0,0.9782977762064228,1.0,1.0,1.0,global,-0.06135546126675656,0.5,1263.0,0.978297776289611,497.0,0.0,0.7176136363636364,0.5596597274785368,0.5682228514151557,0.9113636363636364,1760.0,0.0,0.0
1317.0,0.7482954545454545,344.0,0.56042079159132,0.6011397479155907,0.19545454545454546,0.1,0.2,99.0,0.05625,0.9722882026920031,0.6977272727272728,1228.0,1228.0,0.9491691794836868,1.0,1.0,1.0,global,-0.06135546126675656,0.5,1263.0,0.9491691796909464,497.0,0.0,0.7176136363636364,0.5504952833703708,0.5682228514151557,0.8045454545454546,1760.0,0.0,0.0
1198.0,0.6806818181818182,433.0,0.5679002933647709,0.6098157404683012,0.24602272727272728,0.1,0.3,129.0,0.07329545454545454,0.9588281868566905,0.6880681818181819,1211.0,1211.0,0.9382714704806817,1.0,1.0,1.0,global,-0.06135546126675656,0.5,1263.0,0.9382714708270492,497.0,0.0,0.7176136363636364,0.5458355326444435,0.5682228514151557,0.7539772727272728,1760.0,0.0,0.0
463.0,0.2630681818181818,1143.0,0.429682716591267,0.43384832095379966,0.6494318181818182,0.1,0.5,154.0,0.0875,0.7727632620744259,0.5545454545454546,976.0,976.0,0.7224377975213646,1.0,0.44199305381910803,1.0,global,-0.06135546126675656,0.5,1263.0,0.7224377981549289,497.0,0.0,0.7176136363636364,0.45003030158619184,0.5682228514151557,0.35056818181818183,1760.0,0.0,0.0
0.0,0.0,1606.0,0.396499874551773,0.38347485554829175,0.9125,0.1,1.0,154.0,0.0875,0.5146476642913698,0.3693181818181818,650.0,650.0,0.46706296614264253,0.42590949040474346,0.24019441233611818,0.6535556323696544,global,-0.06135546126675656,0.5,1263.0,0.467062967093964,497.0,0.0,0.7176136363636364,0.3265480933445752,0.5682228514151557,0.0875,1760.0,0.0,0.0
1760.0,1.0,0.0,nan,nan,0.0,0.1,0.0,0.0,0.0,1.0,0.7176136363636364,1263.0,1263.0,1.0,1.0,1.0,1.0,global,0.17004761330629445,0.6,1263.0,1.0,497.0,0.0,0.7176136363636364,0.5682228514151557,0.5682228514151557,1.0,1760.0,0.0,0.0
1760.0,1.0,0.0,nan,nan,0.0,0.1,0.025,0.0,0.0,1.0,0.7176136363636364,1263.0,1263.0,1.0,1.0,1.0,1.0,global,0.17004761330629445,0.6,1263.0,1.0,497.0,0.0,0.7176136363636364,0.5682228514151557,0.5682228514151557,1.0,1760.0,0.0,0.0
1760.0,1.0,0.0,nan,nan,0.0,0.1,0.05,0.0,0.0,1.0,0.7176136363636364,1263.0,1263.0,1.0,1.0,1.0,1.0,global,0.17004761330629445,0.6,1263.0,1.0,497.0,0.0,0.7176136363636364,0.5682228514151557,0.5682228514151557,1.0,1760.0,0.0,0.0
1760.0,1.0,0.0,nan,nan,0.0,0.1,0.075,0.0,0.0,1.0,0.7176136363636364,1263.0,1263.0,1.0,1.0,1.0,1.0,global,0.17004761330629445,0.6,1263.0,1.0,497.0,0.0,0.7176136363636364,0.5682228514151557,0.5682228514151557,1.0,1760.0,0.0,0.0
1627.0,0.9244318181818182,101.0,0.579566718246058,0.6892782325176761,0.05738636363636364,0.1,0.1,32.0,0.01818181818181818,0.9944576405384006,0.7136363636363636,1256.0,1256.0,0.9832630062996043,1.0,1.0,1.0,global,0.17004761330629445,0.6,1263.0,0.9832630066504312,497.0,0.0,0.7176136363636364,0.5645788463456136,0.5682228514151557,0.9426136363636364,1760.0,0.0,0.0
1317.0,0.7482954545454545,335.0,0.6121096556971325,0.6685270342428334,0.1903409090909091,0.1,0.15,108.0,0.06136363636363636,0.9802058590657166,0.7034090909090909,1238.0,1238.0,0.954255258264767,1.0,1.0,1.0,global,0.17004761330629445,0.6,1263.0,0.954255258735956,497.0,0.0,0.7176136363636364,0.5546397431614826,0.5682228514151557,0.8096590909090909,1760.0,0.0,0.0
1317.0,0.7482954545454545,335.0,0.6121096556971325,0.6685270342428334,0.1903409090909091,0.1,0.2,108.0,0.06136363636363636,0.9802058590657166,0.7034090909090909,1238.0,1238.0,0.954255258264767,1.0,1.0,1.0,global,0.17004761330629445,0.6,1263.0,0.954255258735956,497.0,0.0,0.7176136363636364,0.5546397431614826,0.5682228514151557,0.8096590909090909,1760.0,0.0,0.0
1091.0,0.6198863636363636,501.0,0.6020885046038746,0.6573687916087966,0.2846590909090909,0.1,0.3,168.0,0.09545454545454546,0.9596199524940617,0.6886363636363636,1212.0,1212.0,0.9317115585458794,1.0,1.0,1.0,global,0.17004761330629445,0.6,1263.0,0.9317115591292411,497.0,0.0,0.7176136363636364,0.5476427205178559,0.5682228514151557,0.7153409090909091,1760.0,0.0,0.0
415.0,0.23579545454545456,1176.0,0.47797008249137257,0.5028461136025763,0.6681818181818182,0.1,0.5,169.0,0.09602272727272727,0.8226444972288203,0.5903409090909091,1039.0,1039.0,0.713109641099686,0.7719133054564618,0.47340452309362613,1.0,global,0.17004761330629445,0.6,1263.0,0.7131096418589759,497.0,0.0,0.7176136363636364,0.46920630588816303,0.5682228514151557,0.33181818181818185,1760.0,0.0,0.0
0.0,0.0,1591.0,0.4457134486185238,0.45859750249143444,0.9039772727272727,0.1,1.0,169.0,0.09602272727272727,0.6199524940617577,0.44488636363636364,783.0,783.0,0.5051771399544676,0.4985997547023182,0.2919928249925835,0.6834629200127638,global,0.17004761330629445,0.6,1263.0,0.5051771410382412,497.0,0.0,0.7176136363636364,0.38036759490584304,0.5682228514151557,0.09602272727272727,1760.0,0.0,0.0
1760.0,1.0,0.0,nan,nan,0.0,0.1,0.0,0.0,0.0,1.0,0.7176136363636364,1263.0,1263.0,1.0,1.0,1.0,1.0,global,0.28984480432335463,0.65,1263.0,1.0,497.0,0.0,0.7176136363636364,0.5682228514151557,0.5682228514151557,1.0,1760.0,0.0,0.0
1760.0,1.0,0.0,nan,nan,0.0,0.1,0.025,0.0,0.0,1.0,0.7176136363636364,1263.0,1263.0,1.0,1.0,1.0,1.0,global,0.28984480432335463,0.65,1263.0,1.0,497.0,0.0,0.7176136363636364,0.5682228514151557,0.5682228514151557,1.0,1760.0,0.0,0.0
1760.0,1.0,0.0,nan,nan,0.0,0.1,0.05,0.0,0.0,1.0,0.7176136363636364,1263.0,1263.0,1.0,1.0,1.0,1.0,global,0.28984480432335463,0.65,1263.0,1.0,497.0,0.0,0.7176136363636364,0.5682228514151557,0.5682228514151557,1.0,1760.0,0.0,0.0
1760.0,1.0,0.0,nan,nan,0.0,0.1,0.075,0.0,0.0,1.0,0.7176136363636364,1263.0,1263.0,1.0,1.0,1.0,1.0,global,0.28984480432335463,0.65,1263.0,1.0,497.0,0.0,0.7176136363636364,0.5682228514151557,0.5682228514151557,1.0,1760.0,0.0,0.0
1430.0,0.8125,253.0,0.6492232160947715,0.7182276837659188,0.14375,0.1,0.1,77.0,0.04375,0.9889152810768013,0.709659090909091,1249.0,1249.0,0.9671410058311356,1.0,1.0,1.0,global,0.28984480432335463,0.65,1263.0,0.9671410080060083,497.0,0.0,0.7176136363636364,0.5595679430840592,0.5682228514151557,0.85625,1760.0,0.0,0.0
1317.0,0.7482954545454545,334.0,0.6519067991597162,0.7104096127431758,0.18977272727272726,0.1,0.15,109.0,0.061931818181818185,0.9841646872525732,0.70625,1243.0,1243.0,0.9579935799468684,1.0,1.0,1.0,global,0.28984480432335463,0.65,1263.0,0.9579935821322393,497.0,0.0,0.7176136363636364,0.5567544081827683,0.5682228514151557,0.8102272727272727,1760.0,0.0,0.0
1210.0,0.6875,411.0,0.6326020807162874,0.6875830420750515,0.23352272727272727,0.1,0.2,139.0,0.07897727272727273,0.9770387965162312,0.7011363636363637,1234.0,1234.0,0.9458132728447035,1.0,1.0,1.0,global,0.28984480432335463,0.65,1263.0,0.9458132750460131,497.0,0.0,0.7176136363636364,0.5538523907403868,0.5682228514151557,0.7664772727272727,1760.0,0.0,0.0
1055.0,0.5994318181818182,532.0,0.6211801101666751,0.6706433878683518,0.30227272727272725,0.1,0.3,173.0,0.09829545454545455,0.9588281868566905,0.6880681818181819,1211.0,1211.0,0.9249242167134615,1.0,1.0,1.0,global,0.28984480432335463,0.65,1263.0,0.9249242189565796,497.0,0.0,0.7176136363636364,0.5461356890802418,0.5682228514151557,0.6977272727272728,1760.0,0.0,0.0
357.0,0.2028409090909091,1229.0,0.5139567487003216,0.5459888081621066,0.6982954545454545,0.1,0.5,174.0,0.09886363636363636,0.8353127474267616,0.5994318181818182,1055.0,1055.0,0.7051491176949818,0.7285063733148706,0.4934392043263384,1.0,global,0.28984480432335463,0.65,1263.0,0.7051491206608771,497.0,0.0,0.7176136363636364,0.47371192083964875,0.5682228514151557,0.30170454545454545,1760.0,0.0,0.0
0.0,0.0,1586.0,0.48561656924082053,0.5136453572092118,0.9011363636363636,0.1,1.0,174.0,0.09886363636363636,0.672209026128266,0.4823863636363636,849.0,849.0,0.5371154992932707,0.5436877936233232,0.34826921183526954,0.7149491571719113,global,0.28984480432335463,0.65,1263.0,0.5371155030522748,497.0,0.0,0.7176136363636364,0.40805090631519664,0.5682228514151557,0.09886363636363636,1760.0,0.0,0.0
1760.0,1.0,0.0,nan,nan,0.0,0.1,0.0,0.0,0.0,1.0,0.7176136363636364,1263.0,1263.0,1.0,1.0,1.0,1.0,global,0.34913624669984716,0.68,1263.0,1.0,497.0,0.0,0.7176136363636364,0.5682228514151557,0.5682228514151557,1.0,1760.0,0.0,0.0
1760.0,1.0,0.0,nan,nan,0.0,0.1,0.025,0.0,0.0,1.0,0.7176136363636364,1263.0,1263.0,1.0,1.0,1.0,1.0,global,0.34913624669984716,0.68,1263.0,1.0,497.0,0.0,0.7176136363636364,0.5682228514151557,0.5682228514151557,1.0,1760.0,0.0,0.0
1760.0,1.0,0.0,nan,nan,0.0,0.1,0.05,0.0,0.0,1.0,0.7176136363636364,1263.0,1263.0,1.0,1.0,1.0,1.0,global,0.34913624669984716,0.68,1263.0,1.0,497.0,0.0,0.7176136363636364,0.5682228514151557,0.5682228514151557,1.0,1760.0,0.0,0.0
1760.0,1.0,0.0,nan,nan,0.0,0.1,0.075,0.0,0.0,1.0,0.7176136363636364,1263.0,1263.0,1.0,1.0,1.0,1.0,global,0.34913624669984716,0.68,1263.0,1.0,497.0,0.0,0.7176136363636364,0.5682228514151557,0.5682228514151557,1.0,1760.0,0.0,0.0
1430.0,0.8125,250.0,0.6791711616137773,0.7366114185282397,0.14204545454545456,0.1,0.1,80.0,0.045454545454545456,0.9889152810768013,0.709659090909091,1249.0,1249.0,0.9704601149604358,1.0,1.0,1.0,global,0.34913624669984716,0.68,1263.0,0.9704601170816691,497.0,0.0,0.7176136363636364,0.5603816496690792,0.5682228514151557,0.8579545454545454,1760.0,0.0,0.0
1317.0,0.7482954545454545,331.0,0.6798640089825103,0.7361341061410314,0.18806818181818183,0.1,0.15,112.0,0.06363636363636363,0.9841646872525732,0.70625,1243.0,1243.0,0.9618824403293738,1.0,1.0,1.0,global,0.34913624669984716,0.68,1263.0,0.9618824424608463,497.0,0.0,0.7176136363636364,0.557812981636516,0.5682228514151557,0.8119318181818181,1760.0,0.0,0.0
1210.0,0.6875,408.0,0.6632999759894499,0.7268759282576928,0.2318181818181818,0.1,0.2,142.0,0.08068181818181819,0.9770387965162312,0.7011363636363637,1234.0,1234.0,0.9508865443096443,1.0,1.0,1.0,global,0.34913624669984716,0.68,1263.0,0.9508865464566624,497.0,0.0,0.7176136363636364,0.5551893732850437,0.5682228514151557,0.7681818181818182,1760.0,0.0,0.0
1055.0,0.5994318181818182,529.0,0.6523441771018034,0.691138697894394,0.30056818181818185,0.1,0.3,176.0,0.1,0.9596199524940617,0.6886363636363636,1212.0,1212.0,0.9314441075308012,1.0,1.0,1.0,global,0.34913624669984716,0.68,1263.0,0.9314441097167917,497.0,0.0,0.7176136363636364,0.548171319236822,0.5682228514151557,0.6994318181818182,1760.0,0.0,0.0
357.0,0.2028409090909091,1226.0,0.540837603244887,0.5790765599691985,0.696590909090909,0.1,0.5,177.0,0.10056818181818182,0.8495645288994458,0.6096590909090909,1073.0,1073.0,0.719281889775066,0.7474468465745012,0.5263902413333917,1.0,global,0.34913624669984716,0.68,1263.0,0.7192818925218407,497.0,0.0,0.7176136363636364,0.4819805055416836,0.5682228514151557,0.3034090909090909,1760.0,0.0,0.0
0.0,0.0,1583.0,0.5110011286227002,0.5449863048388205,0.8994318181818182,0.1,1.0,177.0,0.10056818181818182,0.6951702296120348,0.49886363636363634,878.0,878.0,0.5594554587022277,0.5750728447703154,0.3725180727717604,0.7363727623346356,global,0.34913624669984716,0.68,1263.0,0.5594554620905348,497.0,0.0,0.7176136363636364,0.4219729001081406,0.5682228514151557,0.10056818181818182,1760.0,0.0,0.0
1760.0,1.0,0.0,nan,nan,0.0,0.1,0.0,0.0,0.0,1.0,0.7176136363636364,1263.0,1263.0,1.0,1.0,1.0,1.0,global,0.39384043690007553,0.7,1263.0,1.0,497.0,0.0,0.7176136363636364,0.5682228514151557,0.5682228514151557,1.0,1760.0,0.0,0.0
1760.0,1.0,0.0,nan,nan,0.0,0.1,0.025,0.0,0.0,1.0,0.7176136363636364,1263.0,1263.0,1.0,1.0,1.0,1.0,global,0.39384043690007553,0.7,1263.0,1.0,497.0,0.0,0.7176136363636364,0.5682228514151557,0.5682228514151557,1.0,1760.0,0.0,0.0
1760.0,1.0,0.0,nan,nan,0.0,0.1,0.05,0.0,0.0,1.0,0.7176136363636364,1263.0,1263.0,1.0,1.0,1.0,1.0,global,0.39384043690007553,0.7,1263.0,1.0,497.0,0.0,0.7176136363636364,0.5682228514151557,0.5682228514151557,1.0,1760.0,0.0,0.0
1627.0,0.9244318181818182,100.0,0.67231339926057,0.7649269328475276,0.056818181818181816,0.1,0.075,33.0,0.01875,0.9960411718131433,0.7147727272727272,1258.0,1258.0,0.9867154080781313,1.0,1.0,1.0,global,0.39384043690007553,0.7,1263.0,0.9867154081641191,497.0,0.0,0.7176136363636364,0.5656448876352009,0.5682228514151557,0.9431818181818182,1760.0,0.0,0.0
1317.0,0.7482954545454545,329.0,0.6864144360937152,0.7506271572715052,0.18693181818181817,0.1,0.1,114.0,0.06477272727272727,0.9857482185273159,0.7073863636363636,1245.0,1245.0,0.9627223586681686,1.0,1.0,1.0,global,0.39384043690007553,0.7,1263.0,0.9627223608831028,497.0,0.0,0.7176136363636364,0.5585516180001523,0.5682228514151557,0.8130681818181819,1760.0,0.0,0.0
1210.0,0.6875,406.0,0.6709520667842261,0.735656793753823,0.23068181818181818,0.1,0.15,144.0,0.08181818181818182,0.9794140934283452,0.7028409090909091,1237.0,1237.0,0.9518531318415078,1.0,1.0,1.0,global,0.39384043690007553,0.7,1263.0,0.9518531340707663,497.0,0.0,0.7176136363636364,0.5561268732850436,0.5682228514151557,0.7693181818181818,1760.0,0.0,0.0
1055.0,0.5994318181818182,527.0,0.653668073580395,0.7186787472477245,0.2994318181818182,0.1,0.2,178.0,0.10113636363636364,0.9651623119556612,0.6926136363636364,1219.0,1219.0,0.9306767924147796,1.0,1.0,1.0,global,0.39384043690007553,0.7,1263.0,0.930676794707502,497.0,0.0,0.7176136363636364,0.5496160749799973,0.5682228514151557,0.7005681818181818,1760.0,0.0,0.0
454.0,0.25795454545454544,1127.0,0.5595850580412629,0.6047922077514828,0.6403409090909091,0.1,0.3,179.0,0.10170454545454545,0.8931116389548693,0.6409090909090909,1128.0,1128.0,0.7559757635423664,0.823907913189128,0.5754118372863981,1.0,global,0.39384043690007553,0.7,1263.0,0.755975766146986,497.0,0.0,0.7176136363636364,0.4997174847680394,0.5682228514151557,0.35965909090909093,1760.0,0.0,0.0
357.0,0.2028409090909091,1224.0,0.5527791411603976,0.5974459977720127,0.6954545454545454,0.1,0.5,179.0,0.10170454545454545,0.8677751385589866,0.6227272727272727,1096.0,1096.0,0.7237513490561945,0.7517557107206382,0.5462534056997652,1.0,global,0.39384043690007553,0.7,1263.0,0.7237513517368614,497.0,0.0,0.7176136363636364,0.4881241249212225,0.5682228514151557,0.30454545454545456,1760.0,0.0,0.0
0.0,0.0,1581.0,0.5272224449803792,0.5680568040299476,0.8982954545454546,0.1,1.0,179.0,0.10170454545454545,0.7157561361836896,0.5136363636363637,904.0,904.0,0.5737680228528861,0.595711786795887,0.398793669566159,0.7469331719997718,global,0.39384043690007553,0.7,1263.0,0.5737680261028982,497.0,0.0,0.7176136363636364,0.43224151948767947,0.5682228514151557,0.10170454545454545,1760.0,0.0,0.0
1760.0,1.0,0.0,nan,nan,0.0,0.1,0.0,0.0,0.0,1.0,0.7176136363636364,1263.0,1263.0,1.0,1.0,1.0,1.0,global,0.653978817988049,0.8,1263.0,1.0,497.0,0.0,0.7176136363636364,0.5682228514151557,0.5682228514151557,1.0,1760.0,0.0,0.0
1760.0,1.0,0.0,nan,nan,0.0,0.1,0.025,0.0,0.0,1.0,0.7176136363636364,1263.0,1263.0,1.0,1.0,1.0,1.0,global,0.653978817988049,0.8,1263.0,1.0,497.0,0.0,0.7176136363636364,0.5682228514151557,0.5682228514151557,1.0,1760.0,0.0,0.0
1430.0,0.8125,241.0,0.8035089482855444,0.8664130351137238,0.13693181818181818,0.1,0.05,89.0,0.05056818181818182,0.9944576405384006,0.7136363636363636,1256.0,1256.0,0.9813834115015763,1.0,1.0,1.0,global,0.653978817988049,0.8,1263.0,0.9813834137846797,497.0,0.0,0.7176136363636364,0.5643542246192709,0.5682228514151557,0.8630681818181818,1760.0,0.0,0.0
1317.0,0.7482954545454545,316.0,0.8014386347012238,0.8593547779663739,0.17954545454545454,0.1,0.075,127.0,0.07215909090909091,0.9920823436262867,0.7119318181818182,1253.0,1253.0,0.975595809851547,1.0,1.0,1.0,global,0.653978817988049,0.8,1263.0,0.9755958121401168,497.0,0.0,0.7176136363636364,0.5630736570111292,0.5682228514151557,0.8204545454545454,1760.0,0.0,0.0
1091.0,0.6198863636363636,475.0,0.7799287999710787,0.8533547316111247,0.26988636363636365,0.1,0.1,194.0,0.11022727272727273,0.9841646872525732,0.70625,1243.0,1243.0,0.9589247639527677,1.0,1.0,1.0,global,0.653978817988049,0.8,1263.0,0.9589247665213243,497.0,0.0,0.7176136363636364,0.560453447533896,0.5682228514151557,0.7301136363636364,1760.0,0.0,0.0
968.0,0.55,598.0,0.7383141667947494,0.8104472073725542,0.3397727272727273,0.1,0.15,194.0,0.11022727272727273,0.9738717339667459,0.6988636363636364,1230.0,1230.0,0.9310681219849583,1.0,0.971558035778714,1.0,global,0.653978817988049,0.8,1263.0,0.9310681245806622,497.0,0.0,0.7176136363636364,0.5535903076750462,0.5682228514151557,0.6602272727272728,1760.0,0.0,0.0
415.0,0.23579545454545456,1150.0,0.7069359258745231,0.765679335832619,0.6534090909090909,0.1,0.2,195.0,0.11079545454545454,0.936658749010293,0.6721590909090909,1183.0,1183.0,0.8246074687397822,0.872441723490666,0.7323143425517845,1.0,global,0.653978817988049,0.8,1263.0,0.8246074714541156,497.0,0.0,0.7176136363636364,0.5288465783587486,0.5682228514151557,0.3465909090909091,1760.0,0.0,0.0
357.0,0.2028409090909091,1208.0,0.7002277547142877,0.7603858104902131,0.6863636363636364,0.1,0.3,195.0,0.11079545454545454,0.9263657957244655,0.6647727272727273,1170.0,1170.0,0.8080945198982918,0.851848311147809,0.7129202435835739,1.0,global,0.653978817988049,0.8,1263.0,0.8080945227757981,497.0,0.0,0.7176136363636364,0.5239586546281535,0.5682228514151557,0.31363636363636366,1760.0,0.0,0.0
83.0,0.04715909090909091,1482.0,0.6747988044475441,0.7373393889556057,0.8420454545454545,0.1,0.5,195.0,0.11079545454545454,0.8487727632620744,0.6090909090909091,1072.0,1072.0,0.7254598115905108,0.7722431006000705,0.6168294458998348,0.8819789860144926,global,0.653978817988049,0.8,1263.0,0.7254598148825067,497.0,0.0,0.7176136363636364,0.5001531388966197,0.5682228514151557,0.15795454545454546,1760.0,0.0,0.0
0.0,0.0,1565.0,0.6711044998502688,0.7318573645801938,0.8892045454545454,0.1,1.0,195.0,0.11079545454545454,0.8147268408551069,0.584659090909091,1029.0,1029.0,0.7001904964621498,0.7551664902332473,0.59634598830115,0.8516294396093849,global,0.653978817988049,0.8,1263.0,0.7001904998917122,497.0,0.0,0.7176136363636364,0.4924737764673377,0.5682228514151557,0.11079545454545454,1760.0,0.0,0.0
1760.0,1.0,0.0,nan,nan,0.0,0.1,0.0,0.0,0.0,1.0,0.7176136363636364,1263.0,1263.0,1.0,1.0,1.0,1.0,global,0.763018235033588,0.85,1263.0,1.0,497.0,0.0,0.7176136363636364,0.5682228514151557,0.5682228514151557,1.0,1760.0,0.0,0.0
1552.0,0.8818181818181818,146.0,0.837871985513249,0.907789564471845,0.08295454545454546,0.1,0.025,62.0,0.035227272727272725,0.9984164687252574,0.7164772727272727,1261.0,1261.0,0.990742888942866,1.0,1.0,1.0,global,0.763018235033588,0.85,1263.0,0.990742889241978,497.0,0.0,0.7176136363636364,0.5666570542714399,0.5682228514151557,0.9170454545454545,1760.0,0.0,0.0
1198.0,0.6806818181818182,398.0,0.8436189396527223,0.9094416795119791,0.22613636363636364,0.1,0.05,164.0,0.09318181818181819,0.9936658749010293,0.7130681818181818,1255.0,1255.0,0.9747048962147431,1.0,1.0,1.0,global,0.763018235033588,0.85,1263.0,0.9747048965152852,497.0,0.0,0.7176136363636364,0.5641466420258683,0.5682228514151557,0.7738636363636363,1760.0,0.0,0.0
1052.0,0.5977272727272728,514.0,0.8215466375996382,0.8968845936482333,0.29204545454545455,0.1,0.075,194.0,0.11022727272727273,0.9889152810768013,0.709659090909091,1249.0,1249.0,0.9617089662743818,1.0,1.0,1.0,global,0.763018235033588,0.85,1263.0,0.9617089669410875,497.0,0.0,0.7176136363636364,0.562245199660122,0.5682228514151557,0.7079545454545455,1760.0,0.0,0.0
968.0,0.55,598.0,0.8051629536105942,0.8726062975476493,0.3397727272727273,0.1,0.1,194.0,0.11022727272727273,0.9833729216152018,0.7056818181818182,1242.0,1242.0,0.9472904608801607,1.0,0.9789230294277488,1.0,global,0.763018235033588,0.85,1263.0,0.947290461550624,497.0,0.0,0.7176136363636364,0.5587068140993121,0.5682228514151557,0.6602272727272728,1760.0,0.0,0.0
415.0,0.23579545454545456,1150.0,0.7787662026006504,0.839874834232205,0.6534090909090909,0.1,0.15,195.0,0.11079545454545454,0.9619952494061758,0.6903409090909091,1215.0,1215.0,0.8652567818308486,0.9131639432408227,0.8146244109034944,1.0,global,0.763018235033588,0.85,1263.0,0.8652567831852019,497.0,0.0,0.7176136363636364,0.5422699029648327,0.5682228514151557,0.3465909090909091,1760.0,0.0,0.0
415.0,0.23579545454545456,1150.0,0.7787662026006504,0.839874834232205,0.6534090909090909,0.1,0.2,195.0,0.11079545454545454,0.9619952494061758,0.6903409090909091,1215.0,1215.0,0.8652567818308486,0.9131639432408227,0.8146244109034944,1.0,global,0.763018235033588,0.85,1263.0,0.8652567831852019,497.0,0.0,0.7176136363636364,0.5422699029648327,0.5682228514151557,0.3465909090909091,1760.0,0.0,0.0
160.0,0.09090909090909091,1405.0,0.7530780464101478,0.8223808805376775,0.7982954545454546,0.1,0.3,195.0,0.11079545454545454,0.9121140142517815,0.6545454545454545,1152.0,1152.0,0.803662752180291,0.8565867249498028,0.739393952220692,0.9506735680255886,global,0.763018235033588,0.85,1263.0,0.8036627540358119,497.0,0.0,0.7176136363636364,0.5274912860402841,0.5682228514151557,0.20170454545454544,1760.0,0.0,0.0
0.0,0.0,1565.0,0.7419918057780501,0.8137326302773902,0.8892045454545454,0.1,0.5,195.0,0.11079545454545454,0.8638163103721298,0.6198863636363636,1091.0,1091.0,0.7635121959468838,0.8276330340004427,0.6950473513091866,0.8976675232429896,global,0.763018235033588,0.85,1263.0,0.7635121979061504,497.0,0.0,0.7176136363636364,0.5177664192552399,0.5682228514151557,0.11079545454545454,1760.0,0.0,0.0
0.0,0.0,1565.0,0.7419918057780501,0.8137326302773902,0.8892045454545454,0.1,1.0,195.0,0.11079545454545454,0.8638163103721298,0.6198863636363636,1091.0,1091.0,0.7635121959468838,0.8276330340004427,0.6950473513091866,0.8976675232429896,global,0.763018235033588,0.85,1263.0,0.7635121979061504,497.0,0.0,0.7176136363636364,0.5177664192552399,0.5682228514151557,0.11079545454545454,1760.0,0.0,0.0
1552.0,0.8818181818181818,146.0,0.8723901344499191,0.9340428278359171,0.08295454545454546,0.1,0.0,62.0,0.035227272727272725,1.0,0.7176136363636364,1263.0,1263.0,0.9925232541166223,1.0,1.0,1.0,global,0.8295236864040837,0.88,1263.0,0.9925232549253676,497.0,0.0,0.7176136363636364,0.5672177934442645,0.5682228514151557,0.9170454545454545,1760.0,0.0,0.0
1198.0,0.6806818181818182,394.0,0.8728456820969566,0.9350392205844227,0.22386363636363638,0.1,0.025,168.0,0.09545454545454546,0.997624703087886,0.7159090909090909,1260.0,1260.0,0.9794131104347453,1.0,1.0,1.0,global,0.8295236864040837,0.88,1263.0,0.9794131112454161,497.0,0.0,0.7176136363636364,0.5655503290806845,0.5682228514151557,0.7761363636363636,1760.0,0.0,0.0
1198.0,0.6806818181818182,394.0,0.8728456820969566,0.9350392205844227,0.22386363636363638,0.1,0.05,168.0,0.09545454545454546,0.997624703087886,0.7159090909090909,1260.0,1260.0,0.9794131104347453,1.0,1.0,1.0,global,0.8295236864040837,0.88,1263.0,0.9794131112454161,497.0,0.0,0.7176136363636364,0.5655503290806845,0.5682228514151557,0.7761363636363636,1760.0,0.0,0.0
1052.0,0.5977272727272728,510.0,0.8639079771238826,0.9282161804698194,0.2897727272727273,0.1,0.075,198.0,0.1125,0.9928741092636579,0.7125,1254.0,1254.0,0.9708064161453943,1.0,1.0,1.0,global,0.8295236864040837,0.88,1263.0,0.9708064169599437,497.0,0.0,0.7176136363636364,0.5642815570097116,0.5682228514151557,0.7102272727272727,1760.0,0.0,0.0
968.0,0.55,594.0,0.8549913859239704,0.9117220398508795,0.3375,0.1,0.1,198.0,0.1125,0.9873317498020586,0.7085227272727272,1247.0,1247.0,0.9608116255464138,1.0,0.9908971182304389,1.0,global,0.8295236864040837,0.88,1263.0,0.9608116263655359,497.0,0.0,0.7176136363636364,0.5618113532670836,0.5682228514151557,0.6625,1760.0,0.0,0.0
298.0,0.1693181818181818,1263.0,0.8159039168249976,0.882260473628768,0.7176136363636364,0.1,0.15,199.0,0.11306818181818182,0.9619952494061758,0.6903409090909091,1215.0,1215.0,0.8721176179426323,0.9190141984599821,0.8423241081089625,1.0,global,0.8295236864040837,0.88,1263.0,0.8721176195867362,497.0,0.0,0.7176136363636364,0.5458341700901165,0.5682228514151557,0.28238636363636366,1760.0,0.0,0.0
298.0,0.1693181818181818,1263.0,0.8159039168249976,0.882260473628768,0.7176136363636364,0.1,0.2,199.0,0.11306818181818182,0.9619952494061758,0.6903409090909091,1215.0,1215.0,0.8721176179426323,0.9190141984599821,0.8423241081089625,1.0,global,0.8295236864040837,0.88,1263.0,0.8721176195867362,497.0,0.0,0.7176136363636364,0.5458341700901165,0.5682228514151557,0.28238636363636366,1760.0,0.0,0.0
83.0,0.04715909090909091,1478.0,0.7967702868722621,0.8693931650801685,0.8397727272727272,0.1,0.3,199.0,0.11306818181818182,0.9224069675376089,0.6619318181818182,1165.0,1165.0,0.8266005709450889,0.8875355587167895,0.7875422353448432,0.9452655002465931,global,0.8295236864040837,0.88,1263.0,0.826600573101822,497.0,0.0,0.7176136363636364,0.5367909534866832,0.5682228514151557,0.16022727272727272,1760.0,0.0,0.0
0.0,0.0,1561.0,0.7895087312193613,0.866985636852333,0.8869318181818182,0.1,0.5,199.0,0.11306818181818182,0.8986539984164688,0.6448863636363636,1135.0,1135.0,0.8071269431437319,0.8757066822671423,0.7703290699511786,0.9301004241017952,global,0.8295236864040837,0.88,1263.0,0.8071269455417653,497.0,0.0,0.7176136363636364,0.5331229546937647,0.5682228514151557,0.11306818181818182,1760.0,0.0,0.0
0.0,0.0,1561.0,0.7895087312193613,0.866985636852333,0.8869318181818182,0.1,1.0,199.0,0.11306818181818182,0.8986539984164688,0.6448863636363636,1135.0,1135.0,0.8071269431437319,0.8757066822671423,0.7703290699511786,0.9301004241017952,global,0.8295236864040837,0.88,1263.0,0.8071269455417653,497.0,0.0,0.7176136363636364,0.5331229546937647,0.5682228514151557,0.11306818181818182,1760.0,0.0,0.0
1419.0,0.80625,239.0,0.8992724427405039,0.9602593525208202,0.13579545454545455,0.1,0.0,102.0,0.05795454545454545,1.0,0.7176136363636364,1263.0,1263.0,0.9898714174410482,1.0,1.0,1.0,global,0.8619878315695159,0.9,1263.0,0.9898714187232122,497.0,0.0,0.7176136363636364,0.5670743230462406,0.5682228514151557,0.8642045454545455,1760.0,0.0,0.0
1198.0,0.6806818181818182,393.0,0.8965741905921671,0.9583297286396926,0.22329545454545455,0.1,0.025,169.0,0.09602272727272727,0.9984164687252574,0.7164772727272727,1261.0,1261.0,0.9832681482004774,1.0,1.0,1.0,global,0.8619878315695159,0.9,1263.0,0.983268149484675,497.0,0.0,0.7176136363636364,0.5662244725642196,0.5682228514151557,0.7767045454545455,1760.0,0.0,0.0
1123.0,0.6380681818181818,468.0,0.8766460290100828,0.9378930274765012,0.26590909090909093,0.1,0.05,169.0,0.09602272727272727,0.9968329374505146,0.7153409090909091,1259.0,1259.0,0.9739379219354106,1.0,1.0,1.0,global,0.8619878315695159,0.9,1263.0,0.9739379232216482,497.0,0.0,0.7176136363636364,0.5648059663283028,0.5682228514151557,0.7340909090909091,1760.0,0.0,0.0
1016.0,0.5772727272727273,545.0,0.8754963421815863,0.9368264401926409,0.3096590909090909,0.1,0.075,199.0,0.11306818181818182,0.9944576405384006,0.7136363636363636,1256.0,1256.0,0.9698653567063712,1.0,1.0,1.0,global,0.8619878315695159,0.9,1263.0,0.969865357995681,497.0,0.0,0.7176136363636364,0.5644055428802652,0.5682228514151557,0.6903409090909091,1760.0,0.0,0.0
415.0,0.23579545454545456,1145.0,0.8571936378366912,0.9139009790006885,0.6505681818181818,0.1,0.1,200.0,0.11363636363636363,0.9809976247030879,0.7039772727272727,1239.0,1239.0,0.9125181364956002,0.9541650452953437,0.8962988909796495,1.0,global,0.8619878315695159,0.9,1263.0,0.9125181391614984,497.0,0.0,0.7176136363636364,0.5544350853026971,0.5682228514151557,0.3494318181818182,1760.0,0.0,0.0
227.0,0.12897727272727272,1333.0,0.8317283860409872,0.9012492882653481,0.7573863636363637,0.1,0.15,200.0,0.11363636363636363,0.9643705463182898,0.6920454545454545,1218.0,1218.0,0.8738653665479649,0.9283372979817858,0.8586946596084035,1.0,global,0.8619878315695159,0.9,1263.0,0.8738653698623178,497.0,0.0,0.7176136363636364,0.5483068684356277,0.5682228514151557,0.24261363636363636,1760.0,0.0,0.0
150.0,0.08522727272727272,1410.0,0.8224863687456934,0.8989482858372815,0.8011363636363636,0.1,0.2,200.0,0.11363636363636363,0.9540775930324624,0.6846590909090909,1205.0,1205.0,0.857252523912512,0.9187149271015748,0.8419434413867262,0.9772664800744192,global,0.8619878315695159,0.9,1263.0,0.8572525275599963,497.0,0.0,0.7176136363636364,0.5457215913525928,0.5682228514151557,0.19886363636363635,1760.0,0.0,0.0
83.0,0.04715909090909091,1477.0,0.8183013307311222,0.8957027661698074,0.8392045454545455,0.1,0.3,200.0,0.11363636363636363,0.943784639746635,0.6772727272727272,1192.0,1192.0,0.844519595088712,0.9111938322837538,0.8260832961159303,0.9581913630298167,global,0.8619878315695159,0.9,1263.0,0.8445195992986466,497.0,0.0,0.7176136363636364,0.5435825549314772,0.5682228514151557,0.16079545454545455,1760.0,0.0,0.0
0.0,0.0,1560.0,0.8090890382674361,0.8909470494173448,0.8863636363636364,0.1,0.5,200.0,0.11363636363636363,0.9247822644497229,0.6636363636363637,1168.0,1168.0,0.8247803501906604,0.900655616119433,0.8091831527612439,0.9439728260442137,global,0.8619878315695159,0.9,1263.0,0.8247803551494685,497.0,0.0,0.7176136363636364,0.5406645561385588,0.5682228514151557,0.11363636363636363,1760.0,0.0,0.0
0.0,0.0,1560.0,0.8090890382674361,0.8909470494173448,0.8863636363636364,0.1,1.0,200.0,0.11363636363636363,0.9247822644497229,0.6636363636363637,1168.0,1168.0,0.8247803501906604,0.900655616119433,0.8091831527612439,0.9439728260442137,global,0.8619878315695159,0.9,1263.0,0.8247803551494685,497.0,0.0,0.7176136363636364,0.5406645561385588,0.5682228514151557,0.11363636363636363,1760.0,0.0,0.0
1419.0,0.80625,239.0,0.9186049738823279,0.9678529542034875,0.13579545454545455,0.1,0.0,102.0,0.05795454545454545,1.0,0.7176136363636364,1263.0,1263.0,0.9918153853389198,1.0,1.0,1.0,global,0.8872622236791662,0.92,1263.0,0.9918153866210837,497.0,0.0,0.7176136363636364,0.5673537565334206,0.5682228514151557,0.8642045454545455,1760.0,0.0,0.0
1198.0,0.6806818181818182,393.0,0.9283233580109954,0.9684467504370908,0.22329545454545455,0.1,0.025,169.0,0.09602272727272727,0.9984164687252574,0.7164772727272727,1261.0,1261.0,0.9884044131913109,1.0,1.0,1.0,global,0.8872622236791662,0.92,1263.0,0.9884044144755084,497.0,0.0,0.7176136363636364,0.5667698249271559,0.5682228514151557,0.7767045454545455,1760.0,0.0,0.0
1016.0,0.5772727272727273,545.0,0.9041972078371867,0.9553981088208903,0.3096590909090909,0.1,0.05,199.0,0.11306818181818182,0.995249406175772,0.7142045454545455,1257.0,1257.0,0.9767542946621655,1.0,1.0,1.0,global,0.8872622236791662,0.92,1263.0,0.9767542969029233,497.0,0.0,0.7176136363636364,0.5653657815532934,0.5682228514151557,0.6903409090909091,1760.0,0.0,0.0
415.0,0.23579545454545456,1145.0,0.8835480930846029,0.9314400033176943,0.6505681818181818,0.1,0.075,200.0,0.11363636363636363,0.9841646872525732,0.70625,1243.0,1243.0,0.9285174537598972,0.968509271973252,0.9179299569285477,1.0,global,0.8872622236791662,0.92,1263.0,0.9285174579492708,497.0,0.0,0.7176136363636364,0.5574635057939071,0.5682228514151557,0.3494318181818182,1760.0,0.0,0.0
415.0,0.23579545454545456,1145.0,0.8835480930846029,0.9314400033176943,0.6505681818181818,0.1,0.1,200.0,0.11363636363636363,0.9841646872525732,0.70625,1243.0,1243.0,0.9285174537598972,0.968509271973252,0.9179299569285477,1.0,global,0.8872622236791662,0.92,1263.0,0.9285174579492708,497.0,0.0,0.7176136363636364,0.5574635057939071,0.5682228514151557,0.3494318181818182,1760.0,0.0,0.0
83.0,0.04715909090909091,1477.0,0.8427089127546173,0.9171208583649532,0.8392045454545455,0.1,0.15,200.0,0.11363636363636363,0.9564528899445764,0.6863636363636364,1208.0,1208.0,0.8651046635875692,0.9285623225465158,0.8538070368559749,0.9699215927188006,global,0.8872622236791662,0.92,1263.0,0.8651046687124809,497.0,0.0,0.7176136363636364,0.5487189299681419,0.5682228514151557,0.16079545454545455,1760.0,0.0,0.0
83.0,0.04715909090909091,1477.0,0.8427089127546173,0.9171208583649532,0.8392045454545455,0.1,0.2,200.0,0.11363636363636363,0.9564528899445764,0.6863636363636364,1208.0,1208.0,0.8651046635875692,0.9285623225465158,0.8538070368559749,0.9699215927188006,global,0.8872622236791662,0.92,1263.0,0.8651046687124809,497.0,0.0,0.7176136363636364,0.5487189299681419,0.5682228514151557,0.16079545454545455,1760.0,0.0,0.0
0.0,0.0,1560.0,0.833335302218075,0.9140808126847995,0.8863636363636364,0.1,0.3,200.0,0.11363636363636363,0.9406175771971497,0.675,1188.0,1188.0,0.8468031565842911,0.9194421992578631,0.8406349678087685,0.9578088647087231,global,0.8872622236791662,0.92,1263.0,0.8468031620882617,497.0,0.0,0.7176136363636364,0.5463861584479507,0.5682228514151557,0.11363636363636363,1760.0,0.0,0.0
0.0,0.0,1560.0,0.833335302218075,0.9140808126847995,0.8863636363636364,0.1,0.5,200.0,0.11363636363636363,0.9406175771971497,0.675,1188.0,1188.0,0.8468031565842911,0.9194421992578631,0.8406349678087685,0.9578088647087231,global,0.8872622236791662,0.92,1263.0,0.8468031620882617,497.0,0.0,0.7176136363636364,0.5463861584479507,0.5682228514151557,0.11363636363636363,1760.0,0.0,0.0
0.0,0.0,1560.0,0.833335302218075,0.9140808126847995,0.8863636363636364,0.1,1.0,200.0,0.11363636363636363,0.9406175771971497,0.675,1188.0,1188.0,0.8468031565842911,0.9194421992578631,0.8406349678087685,0.9578088647087231,global,0.8872622236791662,0.92,1263.0,0.8468031620882617,497.0,0.0,0.7176136363636364,0.5463861584479507,0.5682228514151557,0.11363636363636363,1760.0,0.0,0.0
1016.0,0.5772727272727273,542.0,0.9376535507281295,0.9819592307940181,0.3079545454545455,0.1,0.0,202.0,0.11477272727272728,1.0,0.7176136363636364,1263.0,1263.0,0.9846972293948696,1.0,1.0,1.0,global,0.9312082151119981,0.95,1263.0,0.9846972397765611,497.0,0.0,0.7176136363636364,0.5669511028679735,0.5682228514151557,0.6920454545454545,1760.0,0.0,0.0
1016.0,0.5772727272727273,542.0,0.9376535507281295,0.9819592307940181,0.3079545454545455,0.1,0.025,202.0,0.11477272727272728,1.0,0.7176136363636364,1263.0,1263.0,0.9846972293948696,1.0,1.0,1.0,global,0.9312082151119981,0.95,1263.0,0.9846972397765611,497.0,0.0,0.7176136363636364,0.5669511028679735,0.5682228514151557,0.6920454545454545,1760.0,0.0,0.0
333.0,0.18920454545454546,1224.0,0.9106639002165702,0.9627767773516359,0.6954545454545454,0.1,0.05,203.0,0.11534090909090909,0.9928741092636579,0.7125,1254.0,1254.0,0.9392315046927706,0.9794822272264113,0.9456433166490114,1.0,global,0.9312082151119981,0.95,1263.0,0.9392315210509463,497.0,0.0,0.7176136363636364,0.5613633876848989,0.5682228514151557,0.30454545454545456,1760.0,0.0,0.0
208.0,0.11818181818181818,1349.0,0.9018628831478505,0.9592280531346045,0.7664772727272727,0.1,0.075,203.0,0.11534090909090909,0.9873317498020586,0.7085227272727272,1247.0,1247.0,0.9247641670323538,0.9706569174085092,0.934017162256174,1.0,global,0.9312082151119981,0.95,1263.0,0.9247641843243876,497.0,0.0,0.7176136363636364,0.5596857497062038,0.5682228514151557,0.23352272727272727,1760.0,0.0,0.0
150.0,0.08522727272727272,1407.0,0.9004263209623559,0.9579775371313436,0.7994318181818182,0.1,0.1,203.0,0.11534090909090909,0.9833729216152018,0.7056818181818182,1242.0,1242.0,0.9194270954647082,0.9673066785370054,0.9285299160652665,1.0,global,0.9312082151119981,0.95,1263.0,0.9194271128263557,497.0,0.0,0.7176136363636364,0.558848962339245,0.5682228514151557,0.2005681818181818,1760.0,0.0,0.0
0.0,0.0,1557.0,0.8872022236807129,0.9529961545218022,0.8846590909090909,0.1,0.15,203.0,0.11534090909090909,0.9683293745051464,0.6948863636363637,1223.0,1223.0,0.8961485722522343,0.9578041834238499,0.9065315348409659,0.981223372064381,global,0.9312082151119981,0.95,1263.0,0.8961485902039635,497.0,0.0,0.7176136363636364,0.5565305634888473,0.5682228514151557,0.11534090909090909,1760.0,0.0,0.0
0.0,0.0,1557.0,0.8872022236807129,0.9529961545218022,0.8846590909090909,0.1,0.2,203.0,0.11534090909090909,0.9683293745051464,0.6948863636363637,1223.0,1223.0,0.8961485722522343,0.9578041834238499,0.9065315348409659,0.981223372064381,global,0.9312082151119981,0.95,1263.0,0.8961485902039635,497.0,0.0,0.7176136363636364,0.5565305634888473,0.5682228514151557,0.11534090909090909,1760.0,0.0,0.0
0.0,0.0,1557.0,0.8872022236807129,0.9529961545218022,0.8846590909090909,0.1,0.3,203.0,0.11534090909090909,0.9683293745051464,0.6948863636363637,1223.0,1223.0,0.8961485722522343,0.9578041834238499,0.9065315348409659,0.981223372064381,global,0.9312082151119981,0.95,1263.0,0.8961485902039635,497.0,0.0,0.7176136363636364,0.5565305634888473,0.5682228514151557,0.11534090909090909,1760.0,0.0,0.0
0.0,0.0,1557.0,0.8872022236807129,0.9529961545218022,0.8846590909090909,0.1,0.5,203.0,0.11534090909090909,0.9683293745051464,0.6948863636363637,1223.0,1223.0,0.8961485722522343,0.9578041834238499,0.9065315348409659,0.981223372064381,global,0.9312082151119981,0.95,1263.0,0.8961485902039635,497.0,0.0,0.7176136363636364,0.5565305634888473,0.5682228514151557,0.11534090909090909,1760.0,0.0,0.0
0.0,0.0,1557.0,0.8872022236807129,0.9529961545218022,0.8846590909090909,0.1,1.0,203.0,0.11534090909090909,0.9683293745051464,0.6948863636363637,1223.0,1223.0,0.8961485722522343,0.9578041834238499,0.9065315348409659,0.981223372064381,global,0.9312082151119981,0.95,1263.0,0.8961485902039635,497.0,0.0,0.7176136363636364,0.5565305634888473,0.5682228514151557,0.11534090909090909,1760.0,0.0,0.0
772.0,0.43863636363636366,785.0,0.9408800062791378,0.9902550648636835,0.4460227272727273,0.1,0.0,203.0,0.11534090909090909,1.0,0.7176136363636364,1263.0,1263.0,0.9749570889622634,1.0,0.9947097233029307,1.0,global,0.9689480583216749,0.975,1263.0,0.974957101992381,497.0,0.0,0.7176136363636364,0.5667066613789148,0.5682228514151557,0.5539772727272727,1760.0,0.0,0.0
160.0,0.09090909090909091,1396.0,0.9521684485786273,0.9894035456368722,0.7931818181818182,0.1,0.025,204.0,0.1159090909090909,0.9984164687252574,0.7164772727272727,1261.0,1261.0,0.9613857895741813,0.9949396970589208,0.9786901379259018,1.0,global,0.9689480583216749,0.975,1263.0,0.9613858077892444,497.0,0.0,0.7176136363636364,0.5654600192359013,0.5682228514151557,0.20681818181818182,1760.0,0.0,0.0
83.0,0.04715909090909091,1473.0,0.9495586045593264,0.9882026473766523,0.8369318181818182,0.1,0.05,204.0,0.1159090909090909,0.9960411718131433,0.7147727272727272,1258.0,1258.0,0.9565353953436485,0.9915413762096079,0.974223087826787,1.0,global,0.9689480583216749,0.975,1263.0,0.9565354136021493,497.0,0.0,0.7176136363636364,0.5650224694255939,0.5682228514151557,0.1630681818181818,1760.0,0.0,0.0
0.0,0.0,1556.0,0.9416670386333288,0.9867765697696979,0.884090909090909,0.1,0.075,204.0,0.1159090909090909,0.9928741092636579,0.7125,1254.0,1254.0,0.946225754912383,0.9890982125257659,0.9686989469523639,1.0,global,0.9689480583216749,0.975,1263.0,0.94622577357268,497.0,0.0,0.7176136363636364,0.5645533342690391,0.5682228514151557,0.1159090909090909,1760.0,0.0,0.0
0.0,0.0,1556.0,0.9416670386333288,0.9867765697696979,0.884090909090909,0.1,0.1,204.0,0.1159090909090909,0.9928741092636579,0.7125,1254.0,1254.0,0.946225754912383,0.9890982125257659,0.9686989469523639,1.0,global,0.9689480583216749,0.975,1263.0,0.94622577357268,497.0,0.0,0.7176136363636364,0.5645533342690391,0.5682228514151557,0.1159090909090909,1760.0,0.0,0.0
0.0,0.0,1556.0,0.9416670386333288,0.9867765697696979,0.884090909090909,0.1,0.15,204.0,0.1159090909090909,0.9928741092636579,0.7125,1254.0,1254.0,0.946225754912383,0.9890982125257659,0.9686989469523639,1.0,global,0.9689480583216749,0.975,1263.0,0.94622577357268,497.0,0.0,0.7176136363636364,0.5645533342690391,0.5682228514151557,0.1159090909090909,1760.0,0.0,0.0
0.0,0.0,1556.0,0.9416670386333288,0.9867765697696979,0.884090909090909,0.1,0.2,204.0,0.1159090909090909,0.9928741092636579,0.7125,1254.0,1254.0,0.946225754912383,0.9890982125257659,0.9686989469523639,1.0,global,0.9689480583216749,0.975,1263.0,0.94622577357268,497.0,0.0,0.7176136363636364,0.5645533342690391,0.5682228514151557,0.1159090909090909,1760.0,0.0,0.0
0.0,0.0,1556.0,0.9416670386333288,0.9867765697696979,0.884090909090909,0.1,0.3,204.0,0.1159090909090909,0.9928741092636579,0.7125,1254.0,1254.0,0.946225754912383,0.9890982125257659,0.9686989469523639,1.0,global,0.9689480583216749,0.975,1263.0,0.94622577357268,497.0,0.0,0.7176136363636364,0.5645533342690391,0.5682228514151557,0.1159090909090909,1760.0,0.0,0.0
0.0,0.0,1556.0,0.9416670386333288,0.9867765697696979,0.884090909090909,0.1,0.5,204.0,0.1159090909090909,0.9928741092636579,0.7125,1254.0,1254.0,0.946225754912383,0.9890982125257659,0.9686989469523639,1.0,global,0.9689480583216749,0.975,1263.0,0.94622577357268,497.0,0.0,0.7176136363636364,0.5645533342690391,0.5682228514151557,0.1159090909090909,1760.0,0.0,0.0
0.0,0.0,1556.0,0.9416670386333288,0.9867765697696979,0.884090909090909,0.1,1.0,204.0,0.1159090909090909,0.9928741092636579,0.7125,1254.0,1254.0,0.946225754912383,0.9890982125257659,0.9686989469523639,1.0,global,0.9689480583216749,0.975,1263.0,0.94622577357268,497.0,0.0,0.7176136363636364,0.5645533342690391,0.5682228514151557,0.1159090909090909,1760.0,0.0,0.0
1760.0,1.0,0.0,nan,nan,0.0,0.2,0.0,0.0,0.0,1.0,0.7176136363636364,1263.0,1263.0,1.0,1.0,1.0,1.0,global,-0.4895166489078408,0.5,1263.0,1.0,497.0,0.0,0.7176136363636364,0.5682228514151557,0.5682228514151557,1.0,1760.0,0.0,0.0
1658.0,0.9420454545454545,62.0,0.6352452230693364,0.7227050307222074,0.035227272727272725,0.2,0.025,40.0,0.022727272727272728,0.9992082343626286,0.7170454545454545,1262.0,1262.0,0.9924852423136313,1.0,1.0,1.0,global,-0.4895166489078408,0.5,1263.0,0.9924852423136313,497.0,0.0,0.7176136363636364,0.5659047707561357,0.5682228514151557,0.9647727272727272,1760.0,0.0,0.0
1658.0,0.9420454545454545,62.0,0.6352452230693364,0.7227050307222074,0.035227272727272725,0.2,0.05,40.0,0.022727272727272728,0.9992082343626286,0.7170454545454545,1262.0,1262.0,0.9924852423136313,1.0,1.0,1.0,global,-0.4895166489078408,0.5,1263.0,0.9924852423136313,497.0,0.0,0.7176136363636364,0.5659047707561357,0.5682228514151557,0.9647727272727272,1760.0,0.0,0.0
1658.0,0.9420454545454545,62.0,0.6352452230693364,0.7227050307222074,0.035227272727272725,0.2,0.075,40.0,0.022727272727272728,0.9992082343626286,0.7170454545454545,1262.0,1262.0,0.9924852423136313,1.0,1.0,1.0,global,-0.4895166489078408,0.5,1263.0,0.9924852423136313,497.0,0.0,0.7176136363636364,0.5659047707561357,0.5682228514151557,0.9647727272727272,1760.0,0.0,0.0
1525.0,0.8664772727272727,136.0,0.6618134536674356,0.7372550463508569,0.07727272727272727,0.2,0.1,99.0,0.05625,0.9936658749010293,0.7130681818181818,1255.0,1255.0,0.9832927761971164,1.0,1.0,1.0,global,-0.4895166489078408,0.5,1263.0,0.9832927761971164,497.0,0.0,0.7176136363636364,0.5635134818050996,0.5682228514151557,0.9227272727272727,1760.0,0.0,0.0
1210.0,0.6875,320.0,0.6577676692269492,0.7397238481101092,0.18181818181818182,0.2,0.15,230.0,0.13068181818181818,0.9770387965162312,0.7011363636363637,1234.0,1234.0,0.9600636502177315,1.0,1.0,1.0,global,-0.4895166489078408,0.5,1263.0,0.9600636505868847,497.0,0.0,0.7176136363636364,0.5560164211692492,0.5682228514151557,0.8181818181818182,1760.0,0.0,0.0
1091.0,0.6198863636363636,384.0,0.6517405524856263,0.7415490220467443,0.21818181818181817,0.2,0.2,285.0,0.16193181818181818,0.9691211401425178,0.6954545454545454,1224.0,1224.0,0.951915157982084,1.0,1.0,1.0,global,-0.4895166489078408,0.5,1263.0,0.9519151583542531,497.0,0.0,0.7176136363636364,0.5532639072203088,0.5682228514151557,0.7818181818181819,1760.0,0.0,0.0
1091.0,0.6198863636363636,384.0,0.6517405524856263,0.7415490220467443,0.21818181818181817,0.2,0.3,285.0,0.16193181818181818,0.9691211401425178,0.6954545454545454,1224.0,1224.0,0.951915157982084,1.0,1.0,1.0,global,-0.4895166489078408,0.5,1263.0,0.9519151583542531,497.0,0.0,0.7176136363636364,0.5532639072203088,0.5682228514151557,0.7818181818181819,1760.0,0.0,0.0
502.0,0.2852272727272727,972.0,0.4679881537217044,0.4471917559553951,0.5522727272727272,0.2,0.5,286.0,0.1625,0.8044338875692795,0.5772727272727273,1016.0,1016.0,0.7764084071251651,1.0,0.5243841900167733,1.0,global,-0.4895166489078408,0.5,1263.0,0.7764084077016896,497.0,0.0,0.7176136363636364,0.466943969522533,0.5682228514151557,0.44772727272727275,1760.0,0.0,0.0
0.0,0.0,1474.0,0.4262134065431653,0.36875014864447736,0.8375,0.2,1.0,286.0,0.1625,0.5138558986539984,0.36875,649.0,649.0,0.5446839820797075,0.49615222848510343,0.23173724241649252,0.9257845112328529,global,-0.4895166489078408,0.5,1263.0,0.5446839830605117,497.0,0.0,0.7176136363636364,0.32445518880105817,0.5682228514151557,0.1625,1760.0,0.0,0.0
1760.0,1.0,0.0,nan,nan,0.0,0.2,0.0,0.0,0.0,1.0,0.7176136363636364,1263.0,1263.0,1.0,1.0,1.0,1.0,global,-0.10427362197611457,0.6,1263.0,1.0,497.0,0.0,0.7176136363636364,0.5682228514151557,0.5682228514151557,1.0,1760.0,0.0,0.0
1658.0,0.9420454545454545,59.0,0.7619926497634356,0.7920483174760724,0.033522727272727273,0.2,0.025,43.0,0.024431818181818183,0.9992082343626286,0.7170454545454545,1262.0,1262.0,0.9954737112474823,1.0,1.0,1.0,global,-0.10427362197611457,0.6,1263.0,0.9954737112474823,497.0,0.0,0.7176136363636364,0.5665512508085797,0.5682228514151557,0.9664772727272727,1760.0,0.0,0.0
1658.0,0.9420454545454545,59.0,0.7619926497634356,0.7920483174760724,0.033522727272727273,0.2,0.05,43.0,0.024431818181818183,0.9992082343626286,0.7170454545454545,1262.0,1262.0,0.9954737112474823,1.0,1.0,1.0,global,-0.10427362197611457,0.6,1263.0,0.9954737112474823,497.0,0.0,0.7176136363636364,0.5665512508085797,0.5682228514151557,0.9664772727272727,1760.0,0.0,0.0
1430.0,0.8125,185.0,0.7212506018636377,0.7920483174760724,0.10511363636363637,0.2,0.075,145.0,0.08238636363636363,0.9928741092636579,0.7125,1254.0,1254.0,0.9808832151198347,1.0,1.0,1.0,global,-0.10427362197611457,0.6,1263.0,0.980883215796659,497.0,0.0,0.7176136363636364,0.5630608356023864,0.5682228514151557,0.8948863636363636,1760.0,0.0,0.0
1317.0,0.7482954545454545,242.0,0.7069563450383102,0.7858430602961402,0.1375,0.2,0.1,201.0,0.11420454545454546,0.9889152810768013,0.709659090909091,1249.0,1249.0,0.9737222663284953,1.0,1.0,1.0,global,-0.10427362197611457,0.6,1263.0,0.9737222670080289,497.0,0.0,0.7176136363636364,0.5612117608178624,0.5682228514151557,0.8625,1760.0,0.0,0.0
1091.0,0.6198863636363636,364.0,0.7029031667284098,0.7857188433079562,0.20681818181818182,0.2,0.15,305.0,0.17329545454545456,0.9770387965162312,0.7011363636363637,1234.0,1234.0,0.9597932162428238,1.0,1.0,1.0,global,-0.10427362197611457,0.6,1263.0,0.9597932169306174,497.0,0.0,0.7176136363636364,0.5574723009860443,0.5682228514151557,0.7931818181818182,1760.0,0.0,0.0
1091.0,0.6198863636363636,364.0,0.7029031667284098,0.7857188433079562,0.20681818181818182,0.2,0.2,305.0,0.17329545454545456,0.9770387965162312,0.7011363636363637,1234.0,1234.0,0.9597932162428238,1.0,1.0,1.0,global,-0.10427362197611457,0.6,1263.0,0.9597932169306174,497.0,0.0,0.7176136363636364,0.5574723009860443,0.5682228514151557,0.7931818181818182,1760.0,0.0,0.0
1091.0,0.6198863636363636,364.0,0.7029031667284098,0.7857188433079562,0.20681818181818182,0.2,0.3,305.0,0.17329545454545456,0.9770387965162312,0.7011363636363637,1234.0,1234.0,0.9597932162428238,1.0,1.0,1.0,global,-0.10427362197611457,0.6,1263.0,0.9597932169306174,497.0,0.0,0.7176136363636364,0.5574723009860443,0.5682228514151557,0.7931818181818182,1760.0,0.0,0.0
415.0,0.23579545454545456,1039.0,0.5221286458702817,0.5078070540993658,0.5903409090909091,0.2,0.5,306.0,0.17386363636363636,0.836104513064133,0.6,1056.0,1056.0,0.7619693823179624,1.0,0.5090993999172019,1.0,global,-0.10427362197611457,0.6,1263.0,0.7619693833347798,497.0,0.0,0.7176136363636364,0.48276365718547737,0.5682228514151557,0.4096590909090909,1760.0,0.0,0.0
0.0,0.0,1454.0,0.4776826427882884,0.4617210241681905,0.8261363636363637,0.2,1.0,306.0,0.17386363636363636,0.6199524940617577,0.44488636363636364,783.0,783.0,0.5750751512849804,0.5411198649709029,0.3398230339198459,0.9097325295460246,global,-0.10427362197611457,0.6,1263.0,0.5750751527050918,497.0,0.0,0.7176136363636364,0.38863517347588455,0.5682228514151557,0.17386363636363636,1760.0,0.0,0.0
1760.0,1.0,0.0,nan,nan,0.0,0.2,0.0,0.0,0.0,1.0,0.7176136363636364,1263.0,1263.0,1.0,1.0,1.0,1.0,global,0.04442411914973398,0.65,1263.0,1.0,497.0,0.0,0.7176136363636364,0.5682228514151557,0.5682228514151557,1.0,1760.0,0.0,0.0
1658.0,0.9420454545454545,57.0,0.7862033290163436,0.828407605243529,0.03238636363636364,0.2,0.025,45.0,0.02556818181818182,0.9992082343626286,0.7170454545454545,1262.0,1262.0,0.9961035472007733,1.0,1.0,1.0,global,0.04442411914973398,0.65,1263.0,0.9961035472007733,497.0,0.0,0.7176136363636364,0.5668130344796569,0.5682228514151557,0.9676136363636364,1760.0,0.0,0.0
1658.0,0.9420454545454545,57.0,0.7862033290163436,0.828407605243529,0.03238636363636364,0.2,0.05,45.0,0.02556818181818182,0.9992082343626286,0.7170454545454545,1262.0,1262.0,0.9961035472007733,1.0,1.0,1.0,global,0.04442411914973398,0.65,1263.0,0.9961035472007733,497.0,0.0,0.7176136363636364,0.5668130344796569,0.5682228514151557,0.9676136363636364,1760.0,0.0,0.0
1430.0,0.8125,179.0,0.754467190280732,0.822954522127814,0.10170454545454545,0.2,0.075,151.0,0.08579545454545455,0.9928741092636579,0.7125,1254.0,1254.0,0.9837486258319783,1.0,1.0,1.0,global,0.04442411914973398,0.65,1263.0,0.9837486263457462,497.0,0.0,0.7176136363636364,0.5638297180040431,0.5682228514151557,0.8982954545454546,1760.0,0.0,0.0
1210.0,0.6875,298.0,0.7433144195546817,0.8188383439832021,0.1693181818181818,0.2,0.1,252.0,0.1431818181818182,0.9849564528899446,0.7068181818181818,1244.0,1244.0,0.9711125552553499,1.0,1.0,1.0,global,0.04442411914973398,0.65,1263.0,0.971112555773248,497.0,0.0,0.7176136363636364,0.5607865778385327,0.5682228514151557,0.8306818181818182,1760.0,0.0,0.0
1091.0,0.6198863636363636,357.0,0.7416542932939111,0.8188383439832021,0.2028409090909091,0.2,0.15,312.0,0.17727272727272728,0.9778305621536025,0.7017045454545454,1235.0,1235.0,0.9656933636438879,1.0,1.0,1.0,global,0.04442411914973398,0.65,1263.0,0.9656933641655598,497.0,0.0,0.7176136363636364,0.559082318469885,0.5682228514151557,0.7971590909090909,1760.0,0.0,0.0
1091.0,0.6198863636363636,357.0,0.7416542932939111,0.8188383439832021,0.2028409090909091,0.2,0.2,312.0,0.17727272727272728,0.9778305621536025,0.7017045454545454,1235.0,1235.0,0.9656933636438879,1.0,1.0,1.0,global,0.04442411914973398,0.65,1263.0,0.9656933641655598,497.0,0.0,0.7176136363636364,0.559082318469885,0.5682228514151557,0.7971590909090909,1760.0,0.0,0.0
1091.0,0.6198863636363636,357.0,0.7416542932939111,0.8188383439832021,0.2028409090909091,0.2,0.3,312.0,0.17727272727272728,0.9778305621536025,0.7017045454545454,1235.0,1235.0,0.9656933636438879,1.0,1.0,1.0,global,0.04442411914973398,0.65,1263.0,0.9656933641655598,497.0,0.0,0.7176136363636364,0.559082318469885,0.5682228514151557,0.7971590909090909,1760.0,0.0,0.0
415.0,0.23579545454545456,1032.0,0.5517501207057905,0.5611328212237896,0.5863636363636363,0.2,0.5,313.0,0.17784090909090908,0.8653998416468726,0.6210227272727272,1093.0,1093.0,0.7707486893637118,0.9909990548304057,0.5583694935338093,1.0,global,0.04442411914973398,0.65,1263.0,0.770748690940088,497.0,0.0,0.7176136363636364,0.4946748110329544,0.5682228514151557,0.41363636363636364,1760.0,0.0,0.0
0.0,0.0,1447.0,0.5057864655206119,0.5106921688416177,0.8221590909090909,0.2,1.0,313.0,0.17784090909090908,0.667458432304038,0.47897727272727275,843.0,843.0,0.5937248168514639,0.5751324926481699,0.37693754453900596,0.8899914368585523,global,0.04442411914973398,0.65,1263.0,0.5937248188953301,497.0,0.0,0.7176136363636364,0.41344405459608896,0.5682228514151557,0.17784090909090908,1760.0,0.0,0.0
1760.0,1.0,0.0,nan,nan,0.0,0.2,0.0,0.0,0.0,1.0,0.7176136363636364,1263.0,1263.0,1.0,1.0,1.0,1.0,global,0.14103151619334653,0.68,1263.0,1.0,497.0,0.0,0.7176136363636364,0.5682228514151557,0.5682228514151557,1.0,1760.0,0.0,0.0
1658.0,0.9420454545454545,57.0,0.8081141529287655,0.851931360808005,0.03238636363636364,0.2,0.025,45.0,0.02556818181818182,0.9992082343626286,0.7170454545454545,1262.0,1262.0,0.9965028728346764,1.0,1.0,1.0,global,0.14103151619334653,0.68,1263.0,0.9965028728346764,497.0,0.0,0.7176136363636364,0.5669659190389367,0.5682228514151557,0.9676136363636364,1760.0,0.0,0.0
1563.0,0.8880681818181818,110.0,0.7528808749973751,0.836252238211387,0.0625,0.2,0.05,87.0,0.04943181818181818,0.997624703087886,0.7159090909090909,1260.0,1260.0,0.9905859380951381,1.0,1.0,1.0,global,0.14103151619334653,0.68,1263.0,0.9905859386064592,497.0,0.0,0.7176136363636364,0.5655653713814895,0.5682228514151557,0.9375,1760.0,0.0,0.0
1430.0,0.8125,175.0,0.754441160968804,0.8348262680876728,0.09943181818181818,0.2,0.075,155.0,0.08806818181818182,0.9944576405384006,0.7136363636363636,1256.0,1256.0,0.9837727837264416,1.0,1.0,1.0,global,0.14103151619334653,0.68,1263.0,0.9837727843255162,497.0,0.0,0.7176136363636364,0.5643008528094288,0.5682228514151557,0.9005681818181818,1760.0,0.0,0.0
1210.0,0.6875,291.0,0.7516767336655893,0.822954522127814,0.1653409090909091,0.2,0.1,259.0,0.1471590909090909,0.9865399841646872,0.7079545454545455,1246.0,1246.0,0.9722978057620522,1.0,1.0,1.0,global,0.14103151619334653,0.68,1263.0,0.9722978063659344,497.0,0.0,0.7176136363636364,0.5615815762802818,0.5682228514151557,0.834659090909091,1760.0,0.0,0.0
1091.0,0.6198863636363636,349.0,0.7523575414523137,0.8209376747254317,0.19829545454545455,0.2,0.15,320.0,0.18181818181818182,0.9794140934283452,0.7028409090909091,1237.0,1237.0,0.967568247142502,1.0,1.0,1.0,global,0.14103151619334653,0.68,1263.0,0.9675682477507779,497.0,0.0,0.7176136363636364,0.5600924587382324,0.5682228514151557,0.8017045454545455,1760.0,0.0,0.0
1091.0,0.6198863636363636,349.0,0.7523575414523137,0.8209376747254317,0.19829545454545455,0.2,0.2,320.0,0.18181818181818182,0.9794140934283452,0.7028409090909091,1237.0,1237.0,0.967568247142502,1.0,1.0,1.0,global,0.14103151619334653,0.68,1263.0,0.9675682477507779,497.0,0.0,0.7176136363636364,0.5600924587382324,0.5682228514151557,0.8017045454545455,1760.0,0.0,0.0
1055.0,0.5994318181818182,385.0,0.7114894383872996,0.7608840719447598,0.21875,0.2,0.3,320.0,0.18181818181818182,0.9722882026920031,0.6977272727272728,1228.0,1228.0,0.9560655740866653,1.0,1.0,1.0,global,0.14103151619334653,0.68,1263.0,0.9560655746993995,497.0,0.0,0.7176136363636364,0.5554305249821736,0.5682228514151557,0.78125,1760.0,0.0,0.0
415.0,0.23579545454545456,1024.0,0.5734783640603505,0.5972632592997066,0.5818181818181818,0.2,0.5,321.0,0.18238636363636362,0.882818685669042,0.6335227272727273,1115.0,1115.0,0.7792798350339212,0.9683359531108318,0.5906599744290577,1.0,global,0.14103151619334653,0.68,1263.0,0.7792798365545126,497.0,0.0,0.7176136363636364,0.5024235876649381,0.5682228514151557,0.41818181818181815,1760.0,0.0,0.0
0.0,0.0,1439.0,0.529264428193489,0.5461966820829361,0.8176136363636364,0.2,1.0,321.0,0.18238636363636362,0.6943784639746635,0.49829545454545454,877.0,877.0,0.6119249504947465,0.6062187099203807,0.40873341933416263,0.889745882521211,global,0.14103151619334653,0.68,1263.0,0.6119249524543673,497.0,0.0,0.7176136363636364,0.4294712403189817,0.5682228514151557,0.18238636363636362,1760.0,0.0,0.0
1760.0,1.0,0.0,nan,nan,0.0,0.2,0.0,0.0,0.0,1.0,0.7176136363636364,1263.0,1263.0,1.0,1.0,1.0,1.0,global,0.21385768144182393,0.7,1263.0,1.0,497.0,0.0,0.7176136363636364,0.5682228514151557,0.5682228514151557,1.0,1760.0,0.0,0.0
1658.0,0.9420454545454545,56.0,0.8324284395776926,0.855916817402711,0.031818181818181815,0.2,0.025,46.0,0.026136363636363635,0.9992082343626286,0.7170454545454545,1262.0,1262.0,0.9969460016721767,1.0,1.0,1.0,global,0.21385768144182393,0.7,1263.0,0.9969460016721767,497.0,0.0,0.7176136363636364,0.5670909460210728,0.5682228514151557,0.9681818181818181,1760.0,0.0,0.0
1563.0,0.8880681818181818,108.0,0.7663284368159541,0.8505994014906713,0.06136363636363636,0.2,0.05,89.0,0.05056818181818182,0.997624703087886,0.7159090909090909,1260.0,1260.0,0.991283679785992,1.0,1.0,1.0,global,0.21385768144182393,0.7,1263.0,0.9912836802973133,497.0,0.0,0.7176136363636364,0.5658153983636257,0.5682228514151557,0.9386363636363636,1760.0,0.0,0.0
1210.0,0.6875,287.0,0.7614482450967659,0.832746517624714,0.1630681818181818,0.2,0.075,263.0,0.1494318181818182,0.9889152810768013,0.709659090909091,1249.0,1249.0,0.9734518062998002,1.0,1.0,1.0,global,0.21385768144182393,0.7,1263.0,0.9734518068882538,497.0,0.0,0.7176136363636364,0.562259828713349,0.5682228514151557,0.8369318181818182,1760.0,0.0,0.0
1210.0,0.6875,287.0,0.7614482450967659,0.832746517624714,0.1630681818181818,0.2,0.1,263.0,0.1494318181818182,0.9889152810768013,0.709659090909091,1249.0,1249.0,0.9734518062998002,1.0,1.0,1.0,global,0.21385768144182393,0.7,1263.0,0.9734518068882538,497.0,0.0,0.7176136363636364,0.562259828713349,0.5682228514151557,0.8369318181818182,1760.0,0.0,0.0
1091.0,0.6198863636363636,344.0,0.7636255207044537,0.8321567175466724,0.19545454545454546,0.2,0.15,325.0,0.1846590909090909,0.9817893903404592,0.7045454545454546,1240.0,1240.0,0.9691188180275173,1.0,1.0,1.0,global,0.21385768144182393,0.7,1263.0,0.969118818620242,497.0,0.0,0.7176136363636364,0.5609013929894814,0.5682228514151557,0.8045454545454546,1760.0,0.0,0.0
1091.0,0.6198863636363636,344.0,0.7636255207044537,0.8321567175466724,0.19545454545454546,0.2,0.2,325.0,0.1846590909090909,0.9817893903404592,0.7045454545454546,1240.0,1240.0,0.9691188180275173,1.0,1.0,1.0,global,0.21385768144182393,0.7,1263.0,0.969118818620242,497.0,0.0,0.7176136363636364,0.5609013929894814,0.5682228514151557,0.8045454545454546,1760.0,0.0,0.0
454.0,0.25795454545454544,980.0,0.586972414322352,0.6205470220903273,0.5568181818181818,0.2,0.3,326.0,0.18522727272727274,0.9097387173396675,0.6528409090909091,1149.0,1149.0,0.7922280726530195,1.0,0.6180465557305498,1.0,global,0.21385768144182393,0.7,1263.0,0.7922280745268877,497.0,0.0,0.7176136363636364,0.5108629847119601,0.5682228514151557,0.4431818181818182,1760.0,0.0,0.0
357.0,0.2028409090909091,1077.0,0.5775811356753398,0.6103114920440944,0.6119318181818182,0.2,0.5,326.0,0.18522727272727274,0.882818685669042,0.6335227272727273,1115.0,1115.0,0.7620815723803707,0.8827954224677674,0.5796697478153457,1.0,global,0.21385768144182393,0.7,1263.0,0.7620815743113792,497.0,0.0,0.7176136363636364,0.4994684885015069,0.5682228514151557,0.3880681818181818,1760.0,0.0,0.0
0.0,0.0,1434.0,0.5420101637982583,0.5658027396255042,0.8147727272727273,0.2,1.0,326.0,0.18522727272727274,0.7252573238321457,0.5204545454545455,916.0,916.0,0.620508421749867,0.6278836025597524,0.42229457567037787,0.8812256639741982,global,0.21385768144182393,0.7,1263.0,0.6205084241333181,497.0,0.0,0.7176136363636364,0.44160861034069115,0.5682228514151557,0.18522727272727274,1760.0,0.0,0.0
1665.0,0.9460227272727273,51.0,0.7878174592970997,0.878239425841862,0.028977272727272727,0.2,0.0,44.0,0.025,1.0,0.7176136363636364,1263.0,1263.0,0.9958000288855323,1.0,1.0,1.0,global,0.492583059489168,0.8,1263.0,0.9958000290582621,497.0,0.0,0.7176136363636364,0.5674639112363989,0.5682228514151557,0.9710227272727273,1760.0,0.0,0.0
1450.0,0.8238636363636364,154.0,0.8152704983956527,0.8830472171445709,0.0875,0.2,0.025,156.0,0.08863636363636364,0.9984164687252574,0.7164772727272727,1261.0,1261.0,0.98901291624082,1.0,1.0,1.0,global,0.492583059489168,0.8,1263.0,0.9890129164138236,497.0,0.0,0.7176136363636364,0.5660071303348537,0.5682228514151557,0.9125,1760.0,0.0,0.0
1317.0,0.7482954545454545,212.0,0.8228079290318491,0.887351403496162,0.12045454545454545,0.2,0.05,231.0,0.13125,0.9968329374505146,0.7153409090909091,1259.0,1259.0,0.9848000447461792,1.0,1.0,1.0,global,0.492583059489168,0.8,1263.0,0.9848000449194577,497.0,0.0,0.7176136363636364,0.5653392047866063,0.5682228514151557,0.8795454545454545,1760.0,0.0,0.0
1091.0,0.6198863636363636,320.0,0.8141763781468491,0.8652074505567479,0.18181818181818182,0.2,0.075,349.0,0.19829545454545455,0.9904988123515439,0.7107954545454546,1251.0,1251.0,0.9760850494657415,1.0,1.0,1.0,global,0.492583059489168,0.8,1263.0,0.9760850496401282,497.0,0.0,0.7176136363636364,0.5637718516880015,0.5682228514151557,0.8181818181818182,1760.0,0.0,0.0
1091.0,0.6198863636363636,320.0,0.8141763781468491,0.8652074505567479,0.18181818181818182,0.2,0.1,349.0,0.19829545454545455,0.9904988123515439,0.7107954545454546,1251.0,1251.0,0.9760850494657415,1.0,1.0,1.0,global,0.492583059489168,0.8,1263.0,0.9760850496401282,497.0,0.0,0.7176136363636364,0.5637718516880015,0.5682228514151557,0.8181818181818182,1760.0,0.0,0.0
1007.0,0.5721590909090909,404.0,0.7419195040286013,0.7877844059133438,0.22954545454545455,0.2,0.15,349.0,0.19829545454545455,0.9833729216152018,0.7056818181818182,1242.0,1242.0,0.9528306984013629,1.0,1.0,1.0,global,0.492583059489168,0.8,1263.0,0.9528306987222501,497.0,0.0,0.7176136363636364,0.5576539206726462,0.5682228514151557,0.7704545454545455,1760.0,0.0,0.0
415.0,0.23579545454545456,995.0,0.697840226660064,0.7444183369898487,0.5653409090909091,0.2,0.2,350.0,0.19886363636363635,0.9398258115597783,0.6744318181818182,1187.0,1187.0,0.8386105338689811,0.9617922381997286,0.7331648546387571,1.0,global,0.492583059489168,0.8,1263.0,0.8386105342047369,497.0,0.0,0.7176136363636364,0.530482552748804,0.5682228514151557,0.4346590909090909,1760.0,0.0,0.0
357.0,0.2028409090909091,1053.0,0.6872048633898202,0.7353394331056626,0.5982954545454545,0.2,0.3,350.0,0.19886363636363635,0.9287410926365796,0.6664772727272728,1173.0,1173.0,0.8202694611464099,0.9087412778416648,0.707004478072225,1.0,global,0.492583059489168,0.8,1263.0,0.8202694616188465,497.0,0.0,0.7176136363636364,0.5248503108363907,0.5682228514151557,0.4017045454545455,1760.0,0.0,0.0
83.0,0.04715909090909091,1327.0,0.6516361545126561,0.7059539883157737,0.7539772727272728,0.2,0.5,350.0,0.19886363636363635,0.8448139350752177,0.60625,1067.0,1067.0,0.731625978453049,0.7635566260422346,0.5913910964455036,0.9833875953111427,global,0.492583059489168,0.8,1263.0,0.731625979156435,497.0,0.0,0.7176136363636364,0.49682888601394776,0.5682228514151557,0.24602272727272728,1760.0,0.0,0.0
0.0,0.0,1410.0,0.6465107969629941,0.6982637065007556,0.8011363636363636,0.2,1.0,350.0,0.19886363636363635,0.8091844813935075,0.5806818181818182,1022.0,1022.0,0.7049644910072738,0.7413533381492048,0.5647749255562486,0.9094212617859246,global,0.492583059489168,0.8,1263.0,0.7049644917416309,497.0,0.0,0.7176136363636364,0.4878938417664839,0.5682228514151557,0.19886363636363635,1760.0,0.0,0.0
1552.0,0.8818181818181818,101.0,0.8402167267533647,0.9076291560832059,0.05738636363636364,0.2,0.0,107.0,0.06079545454545455,1.0,0.7176136363636364,1263.0,1263.0,0.9930419002149131,1.0,1.0,1.0,global,0.6622212965084752,0.85,1263.0,0.9930419002149129,497.0,0.0,0.7176136363636364,0.5672519656401954,0.5682228514151557,0.9426136363636364,1760.0,0.0,0.0
1317.0,0.7482954545454545,200.0,0.8592427293067649,0.9174913979354792,0.11363636363636363,0.2,0.025,243.0,0.1380681818181818,0.9984164687252574,0.7164772727272727,1261.0,1261.0,0.9883911529325167,1.0,1.0,1.0,global,0.6622212965084752,0.85,1263.0,0.9883911529325167,497.0,0.0,0.7176136363636364,0.5664337495401108,0.5682228514151557,0.8863636363636364,1760.0,0.0,0.0
1198.0,0.6806818181818182,250.0,0.847302340532466,0.9066450541108662,0.14204545454545456,0.2,0.05,312.0,0.17727272727272728,0.9960411718131433,0.7147727272727272,1258.0,1258.0,0.9843418139337743,1.0,1.0,1.0,global,0.6622212965084752,0.85,1263.0,0.9843418139337744,497.0,0.0,0.7176136363636364,0.5659281989343047,0.5682228514151557,0.8579545454545454,1760.0,0.0,0.0
1052.0,0.5977272727272728,339.0,0.8297978774992552,0.9002069799112284,0.19261363636363638,0.2,0.075,369.0,0.2096590909090909,0.9912905779889153,0.7113636363636363,1252.0,1252.0,0.9753941020985345,1.0,1.0,1.0,global,0.6622212965084752,0.85,1263.0,0.9753941020985345,497.0,0.0,0.7176136363636364,0.5644661657572567,0.5682228514151557,0.8073863636363636,1760.0,0.0,0.0
968.0,0.55,423.0,0.7948291103084337,0.8508857306558834,0.24034090909090908,0.2,0.1,369.0,0.2096590909090909,0.9857482185273159,0.7073863636363636,1245.0,1245.0,0.9589658220616868,1.0,1.0,1.0,global,0.6622212965084752,0.85,1263.0,0.9589658220616868,497.0,0.0,0.7176136363636364,0.5604789165600832,0.5682228514151557,0.7596590909090909,1760.0,0.0,0.0
415.0,0.23579545454545456,974.0,0.7692897899412132,0.8265659882147982,0.553409090909091,0.2,0.15,371.0,0.21079545454545454,0.9667458432304038,0.69375,1221.0,1221.0,0.8758586338995719,0.9678780688719881,0.8166354907569555,1.0,global,0.6622212965084752,0.85,1263.0,0.8758586341989556,497.0,0.0,0.7176136363636364,0.5439845756615537,0.5682228514151557,0.4465909090909091,1760.0,0.0,0.0
415.0,0.23579545454545456,974.0,0.7692897899412132,0.8265659882147982,0.553409090909091,0.2,0.2,371.0,0.21079545454545454,0.9667458432304038,0.69375,1221.0,1221.0,0.8758586338995719,0.9678780688719881,0.8166354907569555,1.0,global,0.6622212965084752,0.85,1263.0,0.8758586341989556,497.0,0.0,0.7176136363636364,0.5439845756615537,0.5682228514151557,0.4465909090909091,1760.0,0.0,0.0
231.0,0.13125,1158.0,0.7457216199460212,0.8079254753091832,0.6579545454545455,0.2,0.3,371.0,0.21079545454545454,0.9303246239113222,0.6676136363636364,1175.0,1175.0,0.8305532156746678,0.8840782642948524,0.7523978780996999,1.0,global,0.6622212965084752,0.85,1263.0,0.8305532162882598,497.0,0.0,0.7176136363636364,0.5322294072908333,0.5682228514151557,0.34204545454545454,1760.0,0.0,0.0
83.0,0.04715909090909091,1306.0,0.7291395532964832,0.7983580590500982,0.7420454545454546,0.2,0.5,371.0,0.21079545454545454,0.8923198733174981,0.6403409090909091,1127.0,1127.0,0.7906659724234577,0.8391927087396648,0.6984379604260756,0.9841137115790628,global,0.6622212965084752,0.85,1263.0,0.7906659730631833,497.0,0.0,0.7176136363636364,0.5218934089266976,0.5682228514151557,0.25795454545454544,1760.0,0.0,0.0
0.0,0.0,1389.0,0.7233726769324248,0.7903648798707988,0.7892045454545454,0.2,1.0,371.0,0.21079545454545454,0.8614410134600158,0.6181818181818182,1088.0,1088.0,0.769138226704634,0.8218611564305333,0.6723273005860004,0.9321008554370913,global,0.6622212965084752,0.85,1263.0,0.7691382274923787,497.0,0.0,0.7176136363636364,0.5160208646792336,0.5682228514151557,0.21079545454545454,1760.0,0.0,0.0
1552.0,0.8818181818181818,100.0,0.885484221061922,0.937808088756505,0.056818181818181816,0.2,0.0,108.0,0.06136363636363636,1.0,0.7176136363636364,1263.0,1263.0,0.995103838430201,1.0,1.0,1.0,global,0.7567524656310253,0.88,1263.0,0.995103838430201,497.0,0.0,0.7176136363636364,0.567600623198365,0.5682228514151557,0.9431818181818182,1760.0,0.0,0.0
1198.0,0.6806818181818182,247.0,0.8895264104018918,0.9432070041041629,0.1403409090909091,0.2,0.025,315.0,0.17897727272727273,0.997624703087886,0.7159090909090909,1260.0,1260.0,0.9887772861360652,1.0,1.0,1.0,global,0.7567524656310253,0.88,1263.0,0.9887772861360652,497.0,0.0,0.7176136363636364,0.56678805473563,0.5682228514151557,0.8596590909090909,1760.0,0.0,0.0
1198.0,0.6806818181818182,247.0,0.8895264104018918,0.9432070041041629,0.1403409090909091,0.2,0.05,315.0,0.17897727272727273,0.997624703087886,0.7159090909090909,1260.0,1260.0,0.9887772861360652,1.0,1.0,1.0,global,0.7567524656310253,0.88,1263.0,0.9887772861360652,497.0,0.0,0.7176136363636364,0.56678805473563,0.5682228514151557,0.8596590909090909,1760.0,0.0,0.0
1052.0,0.5977272727272728,335.0,0.8760005681376438,0.9358121359774736,0.1903409090909091,0.2,0.075,373.0,0.2119318181818182,0.9936658749010293,0.7130681818181818,1255.0,1255.0,0.9822152209281082,1.0,1.0,1.0,global,0.7567524656310253,0.88,1263.0,0.9822152209281082,497.0,0.0,0.7176136363636364,0.5658297655769707,0.5682228514151557,0.8096590909090909,1760.0,0.0,0.0
968.0,0.55,419.0,0.8525312739265819,0.9058795260297462,0.23806818181818182,0.2,0.1,373.0,0.2119318181818182,0.9881235154394299,0.7090909090909091,1248.0,1248.0,0.9706953172546412,1.0,1.0,1.0,global,0.7567524656310253,0.88,1263.0,0.9706953172546412,497.0,0.0,0.7176136363636364,0.5630470618343427,0.5682228514151557,0.7619318181818182,1760.0,0.0,0.0
356.0,0.20227272727272727,1029.0,0.8148136976206867,0.8730237337361196,0.584659090909091,0.2,0.15,375.0,0.21306818181818182,0.9683293745051464,0.6948863636363637,1223.0,1223.0,0.8926434273205779,0.9515602978695042,0.8588188180164191,1.0,global,0.7567524656310253,0.88,1263.0,0.8926434274252139,497.0,0.0,0.7176136363636364,0.5488937322844566,0.5682228514151557,0.4153409090909091,1760.0,0.0,0.0
298.0,0.1693181818181818,1087.0,0.8093905174141405,0.8682597280453404,0.6176136363636363,0.2,0.2,375.0,0.21306818181818182,0.9612034837688044,0.6897727272727273,1214.0,1214.0,0.881614868311583,0.9345656993323264,0.8400269047130864,1.0,global,0.7567524656310253,0.88,1263.0,0.8816148684169948,497.0,0.0,0.7176136363636364,0.5462842176447705,0.5682228514151557,0.38238636363636364,1760.0,0.0,0.0
83.0,0.04715909090909091,1302.0,0.7848517830154571,0.8545349830809046,0.7397727272727272,0.2,0.3,375.0,0.21306818181818182,0.9192399049881235,0.6596590909090909,1161.0,1161.0,0.8330331235976975,0.8850116413431616,0.7745327752072977,0.9928177939127647,global,0.7567524656310253,0.88,1263.0,0.8330331239315169,497.0,0.0,0.7176136363636364,0.5359171374049736,0.5682228514151557,0.26022727272727275,1760.0,0.0,0.0
0.0,0.0,1385.0,0.7758498598189467,0.8507028275506443,0.7869318181818182,0.2,0.5,375.0,0.21306818181818182,0.894695170229612,0.6420454545454546,1130.0,1130.0,0.8123486437068351,0.8717124340023314,0.7562018631007615,0.951416832239483,global,0.7567524656310253,0.88,1263.0,0.8123486440498123,497.0,0.0,0.7176136363636364,0.5317434567938732,0.5682228514151557,0.21306818181818182,1760.0,0.0,0.0
0.0,0.0,1385.0,0.7758498598189467,0.8507028275506443,0.7869318181818182,0.2,1.0,375.0,0.21306818181818182,0.894695170229612,0.6420454545454546,1130.0,1130.0,0.8123486437068351,0.8717124340023314,0.7562018631007615,0.951416832239483,global,0.7567524656310253,0.88,1263.0,0.8123486440498123,497.0,0.0,0.7176136363636364,0.5317434567938732,0.5682228514151557,0.21306818181818182,1760.0,0.0,0.0
1198.0,0.6806818181818182,246.0,0.9017771917148579,0.9660633679025769,0.13977272727272727,0.2,0.0,316.0,0.17954545454545454,1.0,0.7176136363636364,1263.0,1263.0,0.9898122027827763,1.0,1.0,1.0,global,0.8079193770349472,0.9,1263.0,0.9898122051319965,497.0,0.0,0.7176136363636364,0.5672196056714235,0.5682228514151557,0.8602272727272727,1760.0,0.0,0.0
1198.0,0.6806818181818182,246.0,0.9017771917148579,0.9660633679025769,0.13977272727272727,0.2,0.025,316.0,0.17954545454545454,1.0,0.7176136363636364,1263.0,1263.0,0.9898122027827763,1.0,1.0,1.0,global,0.8079193770349472,0.9,1263.0,0.9898122051319965,497.0,0.0,0.7176136363636364,0.5672196056714235,0.5682228514151557,0.8602272727272727,1760.0,0.0,0.0
1052.0,0.5977272727272728,334.0,0.8839067946292753,0.9481291550442796,0.18977272727272726,0.2,0.05,374.0,0.2125,0.997624703087886,0.7159090909090909,1260.0,1260.0,0.982954569052711,1.0,1.0,1.0,global,0.8079193770349472,0.9,1263.0,0.9829545723577305,497.0,0.0,0.7176136363636364,0.5664906123969411,0.5682228514151557,0.8102272727272727,1760.0,0.0,0.0
1016.0,0.5772727272727273,370.0,0.8740922348378147,0.9379739324298653,0.21022727272727273,0.2,0.075,374.0,0.2125,0.9960411718131433,0.7147727272727272,1258.0,1258.0,0.9782814109378424,1.0,1.0,1.0,global,0.8079193770349472,0.9,1263.0,0.9782814142481164,497.0,0.0,0.7176136363636364,0.5655104968227005,0.5682228514151557,0.7897727272727273,1760.0,0.0,0.0
415.0,0.23579545454545456,969.0,0.8589320043281155,0.9067385686809915,0.5505681818181818,0.2,0.1,376.0,0.21363636363636362,0.9817893903404592,0.7045454545454546,1240.0,1240.0,0.9235502475068496,0.9899407465179559,0.9005129863560544,1.0,global,0.8079193770349472,0.9,1263.0,0.9235502517935301,497.0,0.0,0.7176136363636364,0.555628277160397,0.5682228514151557,0.44943181818181815,1760.0,0.0,0.0
298.0,0.1693181818181818,1086.0,0.8411745376670187,0.8980358248424006,0.6170454545454546,0.2,0.15,376.0,0.21363636363636362,0.9714964370546318,0.6971590909090909,1227.0,1227.0,0.900717905778813,0.9494462053811665,0.8738428561237606,1.0,global,0.8079193770349472,0.9,1263.0,0.9007179101109105,497.0,0.0,0.7176136363636364,0.5515348724835195,0.5682228514151557,0.38295454545454544,1760.0,0.0,0.0
150.0,0.08522727272727272,1234.0,0.8157208123292685,0.8882752738393745,0.7011363636363637,0.2,0.2,376.0,0.21363636363636362,0.953285827395091,0.6840909090909091,1204.0,1204.0,0.8653108927323557,0.9204370893277702,0.8280305364135088,1.0,global,0.8079193770349472,0.9,1263.0,0.8653108976724458,497.0,0.0,0.7176136363636364,0.5458863741193837,0.5682228514151557,0.2988636363636364,1760.0,0.0,0.0
83.0,0.04715909090909091,1301.0,0.810911792244077,0.8848397590763137,0.7392045454545455,0.2,0.3,376.0,0.21363636363636362,0.9422011084718923,0.6761363636363636,1190.0,1190.0,0.8522251821739424,0.9108562821925794,0.8180005478901174,0.9969779178551313,global,0.8079193770349472,0.9,1263.0,0.8522251872981469,497.0,0.0,0.7176136363636364,0.5435087013346318,0.5682228514151557,0.26079545454545455,1760.0,0.0,0.0
0.0,0.0,1384.0,0.8028880044095322,0.8789566028829776,0.7863636363636364,0.2,0.5,376.0,0.21363636363636362,0.9200316706254948,0.6602272727272728,1162.0,1162.0,0.8341002309057853,0.8987678155879804,0.7997834609978864,0.9677522837091086,global,0.8079193770349472,0.9,1263.0,0.8341002365461899,497.0,0.0,0.7176136363636364,0.5402668389053498,0.5682228514151557,0.21363636363636362,1760.0,0.0,0.0
0.0,0.0,1384.0,0.8028880044095322,0.8789566028829776,0.7863636363636364,0.2,1.0,376.0,0.21363636363636362,0.9200316706254948,0.6602272727272728,1162.0,1162.0,0.8341002309057853,0.8987678155879804,0.7997834609978864,0.9677522837091086,global,0.8079193770349472,0.9,1263.0,0.8341002365461899,497.0,0.0,0.7176136363636364,0.5402668389053498,0.5682228514151557,0.21363636363636362,1760.0,0.0,0.0
1159.0,0.6585227272727273,281.0,0.9039763572799502,0.9638152353081682,0.15965909090909092,0.2,0.0,320.0,0.18181818181818182,1.0,0.7176136363636364,1263.0,1263.0,0.9879115129117276,1.0,1.0,1.0,global,0.8453899496292806,0.92,1263.0,0.9879115165810414,497.0,0.0,0.7176136363636364,0.5670828061669108,0.5682228514151557,0.8403409090909091,1760.0,0.0,0.0
1052.0,0.5977272727272728,330.0,0.8969572319636534,0.9650023115410932,0.1875,0.2,0.025,378.0,0.21477272727272728,0.9992082343626286,0.7170454545454545,1262.0,1262.0,0.9848946813892835,1.0,1.0,1.0,global,0.8453899496292806,0.92,1263.0,0.9848946912234632,497.0,0.0,0.7176136363636364,0.5669385893107411,0.5682228514151557,0.8125,1760.0,0.0,0.0
1016.0,0.5772727272727273,366.0,0.887194285315311,0.947554189312431,0.20795454545454545,0.2,0.05,378.0,0.21477272727272728,0.9984164687252574,0.7164772727272727,1261.0,1261.0,0.9804982983336542,1.0,1.0,1.0,global,0.8453899496292806,0.92,1263.0,0.9804983081756324,497.0,0.0,0.7176136363636364,0.5661857464637733,0.5682228514151557,0.7920454545454545,1760.0,0.0,0.0
415.0,0.23579545454545456,965.0,0.8781349119068768,0.9259302303017061,0.5482954545454546,0.2,0.075,380.0,0.2159090909090909,0.9881235154394299,0.7090909090909091,1248.0,1248.0,0.9337944473340244,0.9924939029107589,0.9211213426739828,1.0,global,0.8453899496292806,0.92,1263.0,0.9337944590857871,497.0,0.0,0.7176136363636364,0.558447422721876,0.5682228514151557,0.45170454545454547,1760.0,0.0,0.0
415.0,0.23579545454545456,965.0,0.8781349119068768,0.9259302303017061,0.5482954545454546,0.2,0.1,380.0,0.2159090909090909,0.9881235154394299,0.7090909090909091,1248.0,1248.0,0.9337944473340244,0.9924939029107589,0.9211213426739828,1.0,global,0.8453899496292806,0.92,1263.0,0.9337944590857871,497.0,0.0,0.7176136363636364,0.558447422721876,0.5682228514151557,0.45170454545454547,1760.0,0.0,0.0
83.0,0.04715909090909091,1297.0,0.8328765145587098,0.907374568146421,0.7369318181818182,0.2,0.15,380.0,0.2159090909090909,0.9580364212193191,0.6875,1210.0,1210.0,0.8690635833071543,0.928232892943628,0.8527296353587736,0.9975311335073235,global,0.8453899496292806,0.92,1263.0,0.8690635968504817,497.0,0.0,0.7176136363636364,0.5489017105324743,0.5682228514151557,0.2630681818181818,1760.0,0.0,0.0
83.0,0.04715909090909091,1297.0,0.8328765145587098,0.907374568146421,0.7369318181818182,0.2,0.2,380.0,0.2159090909090909,0.9580364212193191,0.6875,1210.0,1210.0,0.8690635833071543,0.928232892943628,0.8527296353587736,0.9975311335073235,global,0.8453899496292806,0.92,1263.0,0.8690635968504817,497.0,0.0,0.7176136363636364,0.5489017105324743,0.5682228514151557,0.2630681818181818,1760.0,0.0,0.0
0.0,0.0,1380.0,0.8216108111955273,0.9012182654271181,0.7840909090909091,0.2,0.3,380.0,0.2159090909090909,0.9422011084718923,0.6761363636363636,1190.0,1190.0,0.8494934911263103,0.9189559022526408,0.835293486536743,0.9726803273904097,global,0.8453899496292806,0.92,1263.0,0.849493505326805,497.0,0.0,0.7176136363636364,0.5463359844668286,0.5682228514151557,0.2159090909090909,1760.0,0.0,0.0
0.0,0.0,1380.0,0.8216108111955273,0.9012182654271181,0.7840909090909091,0.2,0.5,380.0,0.2159090909090909,0.9422011084718923,0.6761363636363636,1190.0,1190.0,0.8494934911263103,0.9189559022526408,0.835293486536743,0.9726803273904097,global,0.8453899496292806,0.92,1263.0,0.849493505326805,497.0,0.0,0.7176136363636364,0.5463359844668286,0.5682228514151557,0.2159090909090909,1760.0,0.0,0.0
0.0,0.0,1380.0,0.8216108111955273,0.9012182654271181,0.7840909090909091,0.2,1.0,380.0,0.2159090909090909,0.9422011084718923,0.6761363636363636,1190.0,1190.0,0.8494934911263103,0.9189559022526408,0.835293486536743,0.9726803273904097,global,0.8453899496292806,0.92,1263.0,0.849493505326805,497.0,0.0,0.7176136363636364,0.5463359844668286,0.5682228514151557,0.2159090909090909,1760.0,0.0,0.0
1016.0,0.5772727272727273,360.0,0.9309916740015615,0.9858302724722701,0.20454545454545456,0.2,0.0,384.0,0.21818181818181817,1.0,0.7176136363636364,1263.0,1263.0,0.988088824174458,1.0,1.0,1.0,global,0.9103049821956505,0.95,1263.0,0.9880888345561495,497.0,0.0,0.7176136363636364,0.5673316526914456,0.5682228514151557,0.7954545454545454,1760.0,0.0,0.0
1016.0,0.5772727272727273,360.0,0.9309916740015615,0.9858302724722701,0.20454545454545456,0.2,0.025,384.0,0.21818181818181817,1.0,0.7176136363636364,1263.0,1263.0,0.988088824174458,1.0,1.0,1.0,global,0.9103049821956505,0.95,1263.0,0.9880888345561495,497.0,0.0,0.7176136363636364,0.5673316526914456,0.5682228514151557,0.7954545454545454,1760.0,0.0,0.0
356.0,0.20227272727272727,1018.0,0.9160192840578918,0.9635344744658093,0.5784090909090909,0.2,0.05,386.0,0.21931818181818183,0.9944576405384006,0.7136363636363636,1256.0,1256.0,0.9506546430212772,0.9961402641886882,0.9569006039306245,1.0,global,0.9103049821956505,0.95,1263.0,0.9506546621556388,497.0,0.0,0.7176136363636364,0.5627296482654518,0.5682228514151557,0.42159090909090907,1760.0,0.0,0.0
150.0,0.08522727272727272,1224.0,0.8957746610312669,0.9557771500243282,0.6954545454545454,0.2,0.075,386.0,0.21931818181818183,0.9841646872525732,0.70625,1243.0,1243.0,0.9232774053448185,0.9712100292413347,0.9294841125879516,1.0,global,0.9103049821956505,0.95,1263.0,0.9232774256997178,497.0,0.0,0.7176136363636364,0.5594432261707208,0.5682228514151557,0.30454545454545456,1760.0,0.0,0.0
83.0,0.04715909090909091,1291.0,0.8905422111574938,0.9513663599502881,0.7335227272727273,0.2,0.1,386.0,0.21931818181818183,0.9794140934283452,0.7028409090909091,1237.0,1237.0,0.9139026446695566,0.9650023115410932,0.9195533269306941,1.0,global,0.9103049821956505,0.95,1263.0,0.9139026666946567,497.0,0.0,0.7176136363636364,0.558434871567787,0.5682228514151557,0.26647727272727273,1760.0,0.0,0.0
83.0,0.04715909090909091,1291.0,0.8905422111574938,0.9513663599502881,0.7335227272727273,0.2,0.15,386.0,0.21931818181818183,0.9794140934283452,0.7028409090909091,1237.0,1237.0,0.9139026446695566,0.9650023115410932,0.9195533269306941,1.0,global,0.9103049821956505,0.95,1263.0,0.9139026666946567,497.0,0.0,0.7176136363636364,0.558434871567787,0.5682228514151557,0.26647727272727273,1760.0,0.0,0.0
0.0,0.0,1374.0,0.8804913189320314,0.9488564706801573,0.7806818181818181,0.2,0.2,386.0,0.21931818181818183,0.9699129057798892,0.6960227272727273,1225.0,1225.0,0.8988322430469523,0.959731604201373,0.9057986859701058,0.9944218691589399,global,0.9103049821956505,0.95,1263.0,0.8988322656076436,497.0,0.0,0.7176136363636364,0.5570566455021413,0.5682228514151557,0.21931818181818183,1760.0,0.0,0.0
0.0,0.0,1374.0,0.8804913189320314,0.9488564706801573,0.7806818181818181,0.2,0.3,386.0,0.21931818181818183,0.9699129057798892,0.6960227272727273,1225.0,1225.0,0.8988322430469523,0.959731604201373,0.9057986859701058,0.9944218691589399,global,0.9103049821956505,0.95,1263.0,0.8988322656076436,497.0,0.0,0.7176136363636364,0.5570566455021413,0.5682228514151557,0.21931818181818183,1760.0,0.0,0.0
0.0,0.0,1374.0,0.8804913189320314,0.9488564706801573,0.7806818181818181,0.2,0.5,386.0,0.21931818181818183,0.9699129057798892,0.6960227272727273,1225.0,1225.0,0.8988322430469523,0.959731604201373,0.9057986859701058,0.9944218691589399,global,0.9103049821956505,0.95,1263.0,0.8988322656076436,497.0,0.0,0.7176136363636364,0.5570566455021413,0.5682228514151557,0.21931818181818183,1760.0,0.0,0.0
0.0,0.0,1374.0,0.8804913189320314,0.9488564706801573,0.7806818181818181,0.2,1.0,386.0,0.21931818181818183,0.9699129057798892,0.6960227272727273,1225.0,1225.0,0.8988322430469523,0.959731604201373,0.9057986859701058,0.9944218691589399,global,0.9103049821956505,0.95,1263.0,0.8988322656076436,497.0,0.0,0.7176136363636364,0.5570566455021413,0.5682228514151557,0.21931818181818183,1760.0,0.0,0.0
839.0,0.47670454545454544,535.0,0.9352191334872577,0.9838444353757936,0.3039772727272727,0.2,0.0,386.0,0.21931818181818183,1.0,0.7176136363636364,1263.0,1263.0,0.9805606109197708,1.0,1.0,1.0,global,0.9523659639629747,0.975,1263.0,0.980560619835306,497.0,0.0,0.7176136363636364,0.5667454981704526,0.5682228514151557,0.6960227272727273,1760.0,0.0,0.0
160.0,0.09090909090909091,1212.0,0.9444406042535307,0.9831703305447759,0.6886363636363636,0.2,0.025,388.0,0.22045454545454546,0.9984164687252574,0.7164772727272727,1261.0,1261.0,0.9591565742609223,0.9932122190483414,0.9709332392720292,1.0,global,0.9523659639629747,0.975,1263.0,0.9591565863266863,497.0,0.0,0.7176136363636364,0.5646939773439508,0.5682228514151557,0.31136363636363634,1760.0,0.0,0.0
83.0,0.04715909090909091,1289.0,0.9401751116094902,0.9814454066954629,0.7323863636363637,0.2,0.05,388.0,0.22045454545454546,0.9960411718131433,0.7147727272727272,1258.0,1258.0,0.952777333726728,0.9891058263880088,0.9649760617986136,1.0,global,0.9523659639629747,0.975,1263.0,0.9527773467403168,497.0,0.0,0.7176136363636364,0.5641257457154614,0.5682228514151557,0.2676136363636364,1760.0,0.0,0.0
83.0,0.04715909090909091,1289.0,0.9401751116094902,0.9814454066954629,0.7323863636363637,0.2,0.075,388.0,0.22045454545454546,0.9960411718131433,0.7147727272727272,1258.0,1258.0,0.952777333726728,0.9891058263880088,0.9649760617986136,1.0,global,0.9523659639629747,0.975,1263.0,0.9527773467403168,497.0,0.0,0.7176136363636364,0.5641257457154614,0.5682228514151557,0.2676136363636364,1760.0,0.0,0.0
0.0,0.0,1372.0,0.9325057359626502,0.9799669701582969,0.7795454545454545,0.2,0.1,388.0,0.22045454545454546,0.9912905779889153,0.7113636363636363,1252.0,1252.0,0.9426945665561478,0.9848707107737386,0.9583627105866048,1.0,global,0.9523659639629747,0.975,1263.0,0.9426945799762063,497.0,0.0,0.7176136363636364,0.5635032014679976,0.5682228514151557,0.22045454545454546,1760.0,0.0,0.0
0.0,0.0,1372.0,0.9325057359626502,0.9799669701582969,0.7795454545454545,0.2,0.15,388.0,0.22045454545454546,0.9912905779889153,0.7113636363636363,1252.0,1252.0,0.9426945665561478,0.9848707107737386,0.9583627105866048,1.0,global,0.9523659639629747,0.975,1263.0,0.9426945799762063,497.0,0.0,0.7176136363636364,0.5635032014679976,0.5682228514151557,0.22045454545454546,1760.0,0.0,0.0
0.0,0.0,1372.0,0.9325057359626502,0.9799669701582969,0.7795454545454545,0.2,0.2,388.0,0.22045454545454546,0.9912905779889153,0.7113636363636363,1252.0,1252.0,0.9426945665561478,0.9848707107737386,0.9583627105866048,1.0,global,0.9523659639629747,0.975,1263.0,0.9426945799762063,497.0,0.0,0.7176136363636364,0.5635032014679976,0.5682228514151557,0.22045454545454546,1760.0,0.0,0.0
0.0,0.0,1372.0,0.9325057359626502,0.9799669701582969,0.7795454545454545,0.2,0.3,388.0,0.22045454545454546,0.9912905779889153,0.7113636363636363,1252.0,1252.0,0.9426945665561478,0.9848707107737386,0.9583627105866048,1.0,global,0.9523659639629747,0.975,1263.0,0.9426945799762063,497.0,0.0,0.7176136363636364,0.5635032014679976,0.5682228514151557,0.22045454545454546,1760.0,0.0,0.0
0.0,0.0,1372.0,0.9325057359626502,0.9799669701582969,0.7795454545454545,0.2,0.5,388.0,0.22045454545454546,0.9912905779889153,0.7113636363636363,1252.0,1252.0,0.9426945665561478,0.9848707107737386,0.9583627105866048,1.0,global,0.9523659639629747,0.975,1263.0,0.9426945799762063,497.0,0.0,0.7176136363636364,0.5635032014679976,0.5682228514151557,0.22045454545454546,1760.0,0.0,0.0
0.0,0.0,1372.0,0.9325057359626502,0.9799669701582969,0.7795454545454545,0.2,1.0,388.0,0.22045454545454546,0.9912905779889153,0.7113636363636363,1252.0,1252.0,0.9426945665561478,0.9848707107737386,0.9583627105866048,1.0,global,0.9523659639629747,0.975,1263.0,0.9426945799762063,497.0,0.0,0.7176136363636364,0.5635032014679976,0.5682228514151557,0.22045454545454546,1760.0,0.0,0.0
1760.0,1.0,0.0,nan,nan,0.0,0.3,0.0,0.0,0.0,1.0,0.7176136363636364,1263.0,1263.0,1.0,1.0,1.0,1.0,global,-1.1677705516551482,0.5,1263.0,1.0,497.0,0.0,0.7176136363636364,0.5682228514151557,0.5682228514151557,1.0,1760.0,0.0,0.0
1760.0,1.0,0.0,nan,nan,0.0,0.3,0.025,0.0,0.0,1.0,0.7176136363636364,1263.0,1263.0,1.0,1.0,1.0,1.0,global,-1.1677705516551482,0.5,1263.0,1.0,497.0,0.0,0.7176136363636364,0.5682228514151557,0.5682228514151557,1.0,1760.0,0.0,0.0
1760.0,1.0,0.0,nan,nan,0.0,0.3,0.05,0.0,0.0,1.0,0.7176136363636364,1263.0,1263.0,1.0,1.0,1.0,1.0,global,-1.1677705516551482,0.5,1263.0,1.0,497.0,0.0,0.7176136363636364,0.5682228514151557,0.5682228514151557,1.0,1760.0,0.0,0.0
1760.0,1.0,0.0,nan,nan,0.0,0.3,0.075,0.0,0.0,1.0,0.7176136363636364,1263.0,1263.0,1.0,1.0,1.0,1.0,global,-1.1677705516551482,0.5,1263.0,1.0,497.0,0.0,0.7176136363636364,0.5682228514151557,0.5682228514151557,1.0,1760.0,0.0,0.0
1665.0,0.9460227272727273,48.0,0.6281754265869318,0.6280559159268889,0.02727272727272727,0.3,0.1,47.0,0.026704545454545453,0.9968329374505146,0.7153409090909091,1259.0,1259.0,0.9920260019998787,1.0,1.0,1.0,global,-1.1677705516551482,0.5,1263.0,0.9920260025116059,497.0,0.0,0.7176136363636364,0.5660176704564425,0.5682228514151557,0.9727272727272728,1760.0,0.0,0.0
1665.0,0.9460227272727273,48.0,0.6281754265869318,0.6280559159268889,0.02727272727272727,0.3,0.15,47.0,0.026704545454545453,0.9968329374505146,0.7153409090909091,1259.0,1259.0,0.9920260019998787,1.0,1.0,1.0,global,-1.1677705516551482,0.5,1263.0,0.9920260025116059,497.0,0.0,0.7176136363636364,0.5660176704564425,0.5682228514151557,0.9727272727272728,1760.0,0.0,0.0
1552.0,0.8818181818181818,96.0,0.613500336849763,0.7002317381688672,0.05454545454545454,0.3,0.2,112.0,0.06363636363636363,0.9904988123515439,0.7107954545454546,1251.0,1251.0,0.984552371576729,1.0,1.0,1.0,global,-1.1677705516551482,0.5,1263.0,0.984552372091729,497.0,0.0,0.7176136363636364,0.5634179037402248,0.5682228514151557,0.9454545454545454,1760.0,0.0,0.0
1224.0,0.6954545454545454,265.0,0.5816963215193066,0.6280559159268889,0.15056818181818182,0.3,0.3,271.0,0.15397727272727274,0.9580364212193191,0.6875,1210.0,1210.0,0.9616266873459858,1.0,1.0,1.0,global,-1.1677705516551482,0.5,1263.0,0.9616266895262383,497.0,0.0,0.7176136363636364,0.5524721539000108,0.5682228514151557,0.8494318181818182,1760.0,0.0,0.0
499.0,0.28352272727272726,864.0,0.5011406641828707,0.4691002964738169,0.4909090909090909,0.3,0.5,397.0,0.2255681818181818,0.7688044338875692,0.5517045454545455,971.0,971.0,0.8191570687871993,1.0,0.7668092534469158,1.0,global,-1.1677705516551482,0.5,1263.0,0.8191570752459415,497.0,0.0,0.7176136363636364,0.47141375218580744,0.5682228514151557,0.509090909090909,1760.0,0.0,0.0
0.0,0.0,1359.0,0.49447093877552806,0.47599248458270543,0.772159090909091,0.3,1.0,401.0,0.2278409090909091,0.5162311955661124,0.3704545454545455,652.0,652.0,0.6216285554025426,0.6978458861649743,0.2730033833146077,1.0,global,-1.1677705516551482,0.5,1263.0,0.6216285650355293,497.0,0.0,0.7176136363636364,0.37645173247385566,0.5682228514151557,0.2278409090909091,1760.0,0.0,0.0
1760.0,1.0,0.0,nan,nan,0.0,0.3,0.0,0.0,0.0,1.0,0.7176136363636364,1263.0,1263.0,1.0,1.0,1.0,1.0,global,-0.7535705625621647,0.6,1263.0,1.0,497.0,0.0,0.7176136363636364,0.5682228514151557,0.5682228514151557,1.0,1760.0,0.0,0.0
1760.0,1.0,0.0,nan,nan,0.0,0.3,0.025,0.0,0.0,1.0,0.7176136363636364,1263.0,1263.0,1.0,1.0,1.0,1.0,global,-0.7535705625621647,0.6,1263.0,1.0,497.0,0.0,0.7176136363636364,0.5682228514151557,0.5682228514151557,1.0,1760.0,0.0,0.0
1665.0,0.9460227272727273,43.0,0.6690288096667087,0.7065629059051856,0.024431818181818183,0.3,0.05,52.0,0.029545454545454545,0.9984164687252574,0.7164772727272727,1261.0,1261.0,0.9929133845051555,1.0,1.0,1.0,global,-0.7535705625621647,0.6,1263.0,0.9929133846183147,497.0,0.0,0.7176136363636364,0.5665121485898439,0.5682228514151557,0.9755681818181818,1760.0,0.0,0.0
1665.0,0.9460227272727273,43.0,0.6690288096667087,0.7065629059051856,0.024431818181818183,0.3,0.075,52.0,0.029545454545454545,0.9984164687252574,0.7164772727272727,1261.0,1261.0,0.9929133845051555,1.0,1.0,1.0,global,-0.7535705625621647,0.6,1263.0,0.9929133846183147,497.0,0.0,0.7176136363636364,0.5665121485898439,0.5682228514151557,0.9755681818181818,1760.0,0.0,0.0
1552.0,0.8818181818181818,85.0,0.6328329352642263,0.7007114911643818,0.048295454545454544,0.3,0.1,123.0,0.06988636363636364,0.9944576405384006,0.7136363636363636,1256.0,1256.0,0.9850911462567482,1.0,1.0,1.0,global,-0.7535705625621647,0.6,1263.0,0.9850911464324117,497.0,0.0,0.7176136363636364,0.5644589210118138,0.5682228514151557,0.9517045454545454,1760.0,0.0,0.0
1445.0,0.8210227272727273,136.0,0.5948388487084185,0.6077831463366279,0.07727272727272727,0.3,0.15,179.0,0.10170454545454545,0.9881235154394299,0.7090909090909091,1248.0,1248.0,0.9750020764026829,1.0,1.0,1.0,global,-0.7535705625621647,0.6,1263.0,0.9750020765794725,497.0,0.0,0.7176136363636364,0.5618632424092892,0.5682228514151557,0.9227272727272727,1760.0,0.0,0.0
1224.0,0.6954545454545454,237.0,0.5833007977296051,0.6348475994658213,0.13465909090909092,0.3,0.2,299.0,0.16988636363636364,0.9722882026920031,0.6977272727272728,1228.0,1228.0,0.9589408766492528,1.0,1.0,1.0,global,-0.7535705625621647,0.6,1263.0,0.9589408768400446,497.0,0.0,0.7176136363636364,0.5556116091794276,0.5682228514151557,0.8653409090909091,1760.0,0.0,0.0
1224.0,0.6954545454545454,237.0,0.5833007977296051,0.6348475994658213,0.13465909090909092,0.3,0.3,299.0,0.16988636363636364,0.9722882026920031,0.6977272727272728,1228.0,1228.0,0.9589408766492528,1.0,1.0,1.0,global,-0.7535705625621647,0.6,1263.0,0.9589408768400446,497.0,0.0,0.7176136363636364,0.5556116091794276,0.5682228514151557,0.8653409090909091,1760.0,0.0,0.0
346.0,0.1965909090909091,967.0,0.48611390099966756,0.4339893002007943,0.5494318181818182,0.3,0.5,447.0,0.2539772727272727,0.7735550277117973,0.5551136363636363,977.0,977.0,0.7485797796088445,1.0,0.44564227246917537,1.0,global,-0.7535705625621647,0.6,1263.0,0.7485797809795999,497.0,0.0,0.7176136363636364,0.46494059658648296,0.5682228514151557,0.4505681818181818,1760.0,0.0,0.0
0.0,0.0,1309.0,0.4755444920679201,0.4278160695850992,0.74375,0.3,1.0,451.0,0.25625,0.6247030878859857,0.44829545454545455,789.0,789.0,0.5991803912762432,0.6348475994658213,0.26895161451492633,1.0,global,-0.7535705625621647,0.6,1263.0,0.5991803930243491,497.0,0.0,0.7176136363636364,0.4129819123947231,0.5682228514151557,0.25625,1760.0,0.0,0.0
1760.0,1.0,0.0,nan,nan,0.0,0.3,0.0,0.0,0.0,1.0,0.7176136363636364,1263.0,1263.0,1.0,1.0,1.0,1.0,global,-0.5807976362123599,0.65,1263.0,1.0,497.0,0.0,0.7176136363636364,0.5682228514151557,0.5682228514151557,1.0,1760.0,0.0,0.0
1760.0,1.0,0.0,nan,nan,0.0,0.3,0.025,0.0,0.0,1.0,0.7176136363636364,1263.0,1263.0,1.0,1.0,1.0,1.0,global,-0.5807976362123599,0.65,1263.0,1.0,497.0,0.0,0.7176136363636364,0.5682228514151557,0.5682228514151557,1.0,1760.0,0.0,0.0
1665.0,0.9460227272727273,40.0,0.6761576492170777,0.7007114911643818,0.022727272727272728,0.3,0.05,55.0,0.03125,0.9984164687252574,0.7164772727272727,1261.0,1261.0,0.9935796520463338,1.0,1.0,1.0,global,-0.5807976362123599,0.65,1263.0,0.9935796521594928,497.0,0.0,0.7176136363636364,0.5666774443568159,0.5682228514151557,0.9772727272727273,1760.0,0.0,0.0
1665.0,0.9460227272727273,40.0,0.6761576492170777,0.7007114911643818,0.022727272727272728,0.3,0.075,55.0,0.03125,0.9984164687252574,0.7164772727272727,1261.0,1261.0,0.9935796520463338,1.0,1.0,1.0,global,-0.5807976362123599,0.65,1263.0,0.9935796521594928,497.0,0.0,0.7176136363636364,0.5666774443568159,0.5682228514151557,0.9772727272727273,1760.0,0.0,0.0
1552.0,0.8818181818181818,81.0,0.638991074437191,0.6663486124482736,0.04602272727272727,0.3,0.1,127.0,0.07215909090909091,0.995249406175772,0.7142045454545455,1257.0,1257.0,0.9856400586490529,1.0,1.0,1.0,global,-0.5807976362123599,0.65,1263.0,0.9856400588245768,497.0,0.0,0.7176136363636364,0.5648270855679888,0.5682228514151557,0.9539772727272727,1760.0,0.0,0.0
1445.0,0.8210227272727273,131.0,0.6074342179536643,0.6158452860863171,0.07443181818181818,0.3,0.15,184.0,0.10454545454545454,0.9889152810768013,0.709659090909091,1249.0,1249.0,0.9764271948330863,1.0,1.0,1.0,global,-0.5807976362123599,0.65,1263.0,0.9764271950097345,497.0,0.0,0.7176136363636364,0.5625041342381915,0.5682228514151557,0.9255681818181818,1760.0,0.0,0.0
1224.0,0.6954545454545454,227.0,0.5977227268996821,0.6216535063701593,0.12897727272727272,0.3,0.2,309.0,0.17556818181818182,0.9738717339667459,0.6988636363636364,1230.0,1230.0,0.9610804914642781,1.0,1.0,1.0,global,-0.5807976362123599,0.65,1263.0,0.961080491643655,497.0,0.0,0.7176136363636364,0.5569023387829551,0.5682228514151557,0.8710227272727272,1760.0,0.0,0.0
1052.0,0.5977272727272728,322.0,0.5678739691891844,0.5463145679054802,0.18295454545454545,0.3,0.3,386.0,0.21931818181818183,0.950910530482977,0.6823863636363636,1201.0,1201.0,0.9427909751049796,1.0,1.0,1.0,global,-0.5807976362123599,0.65,1263.0,0.9427909752886876,497.0,0.0,0.7176136363636364,0.5495021038020284,0.5682228514151557,0.8170454545454545,1760.0,0.0,0.0
298.0,0.1693181818181818,993.0,0.48271221153392135,0.44290433498029225,0.5642045454545455,0.3,0.5,469.0,0.26647727272727273,0.7965162311955661,0.571590909090909,1006.0,1006.0,0.7243874208570396,0.9639419345163835,0.4278239940618747,1.0,global,-0.5807976362123599,0.65,1263.0,0.7243874219643156,497.0,0.0,0.7176136363636364,0.46895367812129496,0.5682228514151557,0.43579545454545454,1760.0,0.0,0.0
0.0,0.0,1289.0,0.4772220411544502,0.43924126063032953,0.7323863636363637,0.3,1.0,471.0,0.2676136363636364,0.6714172604908947,0.4818181818181818,848.0,848.0,0.5980527957932801,0.6014094252791954,0.2834416917753342,0.9930396329739217,global,-0.5807976362123599,0.65,1263.0,0.5980527974756661,497.0,0.0,0.7176136363636364,0.4285760496762568,0.5682228514151557,0.2676136363636364,1760.0,0.0,0.0
1760.0,1.0,0.0,nan,nan,0.0,0.3,0.0,0.0,0.0,1.0,0.7176136363636364,1263.0,1263.0,1.0,1.0,1.0,1.0,global,-0.4592696528819333,0.68,1263.0,1.0,497.0,0.0,0.7176136363636364,0.5682228514151557,0.5682228514151557,1.0,1760.0,0.0,0.0
1760.0,1.0,0.0,nan,nan,0.0,0.3,0.025,0.0,0.0,1.0,0.7176136363636364,1263.0,1263.0,1.0,1.0,1.0,1.0,global,-0.4592696528819333,0.68,1263.0,1.0,497.0,0.0,0.7176136363636364,0.5682228514151557,0.5682228514151557,1.0,1760.0,0.0,0.0
1665.0,0.9460227272727273,39.0,0.7131116282743142,0.75890089922405,0.02215909090909091,0.3,0.05,56.0,0.031818181818181815,0.9984164687252574,0.7164772727272727,1261.0,1261.0,0.9943122844622186,1.0,1.0,1.0,global,-0.4592696528819333,0.68,1263.0,0.9943122844622186,497.0,0.0,0.7176136363636364,0.5668204598028451,0.5682228514151557,0.977840909090909,1760.0,0.0,0.0
1665.0,0.9460227272727273,39.0,0.7131116282743142,0.75890089922405,0.02215909090909091,0.3,0.075,56.0,0.031818181818181815,0.9984164687252574,0.7164772727272727,1261.0,1261.0,0.9943122844622186,1.0,1.0,1.0,global,-0.4592696528819333,0.68,1263.0,0.9943122844622186,497.0,0.0,0.7176136363636364,0.5668204598028451,0.5682228514151557,0.977840909090909,1760.0,0.0,0.0
1552.0,0.8818181818181818,79.0,0.6708971583817748,0.7007114911643818,0.044886363636363634,0.3,0.1,129.0,0.07329545454545454,0.995249406175772,0.7142045454545455,1257.0,1257.0,0.9871710109472607,1.0,1.0,1.0,global,-0.4592696528819333,0.68,1263.0,0.9871710109472609,497.0,0.0,0.7176136363636364,0.5651632291322444,0.5682228514151557,0.9551136363636363,1760.0,0.0,0.0
1445.0,0.8210227272727273,128.0,0.6403071788565403,0.642987370184384,0.07272727272727272,0.3,0.15,187.0,0.10625,0.9889152810768013,0.709659090909091,1249.0,1249.0,0.9789771209419755,1.0,1.0,1.0,global,-0.4592696528819333,0.68,1263.0,0.9789771209419755,497.0,0.0,0.7176136363636364,0.5630486631624384,0.5682228514151557,0.9272727272727272,1760.0,0.0,0.0
1224.0,0.6954545454545454,221.0,0.6237017210588375,0.6602078434604236,0.12556818181818183,0.3,0.2,315.0,0.17897727272727273,0.9746634996041171,0.6994318181818182,1231.0,1231.0,0.9645405358593218,1.0,1.0,1.0,global,-0.4592696528819333,0.68,1263.0,0.9645405359332109,497.0,0.0,0.7176136363636364,0.557934342114133,0.5682228514151557,0.8744318181818181,1760.0,0.0,0.0
994.0,0.5647727272727273,371.0,0.5529411675194965,0.5402417688570786,0.21079545454545454,0.3,0.3,395.0,0.22443181818181818,0.9414093428345209,0.6755681818181818,1189.0,1189.0,0.9263048518366873,1.0,1.0,1.0,global,-0.4592696528819333,0.68,1263.0,0.9263048519521976,497.0,0.0,0.7176136363636364,0.5436615546170053,0.5682228514151557,0.7892045454545454,1760.0,0.0,0.0
221.0,0.12556818181818183,1055.0,0.49762940608661316,0.47426430728833363,0.5994318181818182,0.3,0.5,484.0,0.275,0.7862232779097387,0.5642045454545455,993.0,993.0,0.7060651409227817,0.8789937997589751,0.4226970777707909,1.0,global,-0.4592696528819333,0.68,1263.0,0.7060651418524776,497.0,0.0,0.7176136363636364,0.4678023187322635,0.5682228514151557,0.4005681818181818,1760.0,0.0,0.0
0.0,0.0,1276.0,0.4951992724671559,0.4670537018578451,0.725,0.3,1.0,484.0,0.275,0.6927949326999209,0.4971590909090909,875.0,875.0,0.6134668714891365,0.6174560889641417,0.322505579029791,0.9998973132836073,global,-0.4592696528819333,0.68,1263.0,0.6134668730715199,497.0,0.0,0.7176136363636364,0.43973888041894665,0.5682228514151557,0.275,1760.0,0.0,0.0
1760.0,1.0,0.0,nan,nan,0.0,0.3,0.0,0.0,0.0,1.0,0.7176136363636364,1263.0,1263.0,1.0,1.0,1.0,1.0,global,-0.3560016268580226,0.7,1263.0,1.0,497.0,0.0,0.7176136363636364,0.5682228514151557,0.5682228514151557,1.0,1760.0,0.0,0.0
1760.0,1.0,0.0,nan,nan,0.0,0.3,0.025,0.0,0.0,1.0,0.7176136363636364,1263.0,1263.0,1.0,1.0,1.0,1.0,global,-0.3560016268580226,0.7,1263.0,1.0,497.0,0.0,0.7176136363636364,0.5682228514151557,0.5682228514151557,1.0,1760.0,0.0,0.0
1665.0,0.9460227272727273,37.0,0.736759488803541,0.7687346110799756,0.021022727272727273,0.3,0.05,58.0,0.03295454545454545,0.9984164687252574,0.7164772727272727,1261.0,1261.0,0.9949898713174345,1.0,1.0,1.0,global,-0.3560016268580226,0.7,1263.0,0.9949898713174345,497.0,0.0,0.7176136363636364,0.5669473379540578,0.5682228514151557,0.9789772727272728,1760.0,0.0,0.0
1665.0,0.9460227272727273,37.0,0.736759488803541,0.7687346110799756,0.021022727272727273,0.3,0.075,58.0,0.03295454545454545,0.9984164687252574,0.7164772727272727,1261.0,1261.0,0.9949898713174345,1.0,1.0,1.0,global,-0.3560016268580226,0.7,1263.0,0.9949898713174345,497.0,0.0,0.7176136363636364,0.5669473379540578,0.5682228514151557,0.9789772727272728,1760.0,0.0,0.0
1552.0,0.8818181818181818,77.0,0.7057446310891785,0.751333847880653,0.04375,0.3,0.1,131.0,0.07443181818181818,0.995249406175772,0.7142045454545455,1257.0,1257.0,0.9887635181322837,1.0,1.0,1.0,global,-0.3560016268580226,0.7,1263.0,0.9887635181322837,497.0,0.0,0.7176136363636364,0.5654292255153613,0.5682228514151557,0.95625,1760.0,0.0,0.0
1326.0,0.7534090909090909,170.0,0.6282444958582629,0.6502316499726051,0.09659090909090909,0.3,0.15,264.0,0.15,0.9833729216152018,0.7056818181818182,1242.0,1242.0,0.9718639151454723,1.0,1.0,1.0,global,-0.3560016268580226,0.7,1263.0,0.9718639208298648,497.0,0.0,0.7176136363636364,0.5608477887008874,0.5682228514151557,0.9034090909090909,1760.0,0.0,0.0
1185.0,0.6732954545454546,251.0,0.6066362361111899,0.6272907886868407,0.14261363636363636,0.3,0.2,324.0,0.18409090909090908,0.9730799683293745,0.6982954545454545,1229.0,1229.0,0.9558305944534942,1.0,1.0,1.0,global,-0.3560016268580226,0.7,1263.0,0.9558306001980145,497.0,0.0,0.7176136363636364,0.5560667224815663,0.5682228514151557,0.8573863636363637,1760.0,0.0,0.0
441.0,0.2505681818181818,832.0,0.524741657695695,0.5134173128300938,0.4727272727272727,0.3,0.3,487.0,0.2767045454545455,0.8677751385589866,0.6227272727272727,1096.0,1096.0,0.7879549914353967,1.0,0.5624259665057411,1.0,global,-0.3560016268580226,0.7,1263.0,0.7879549979441233,497.0,0.0,0.7176136363636364,0.5017814674722457,0.5682228514151557,0.5272727272727272,1760.0,0.0,0.0
83.0,0.04715909090909091,1182.0,0.5120920878517807,0.4911015661418864,0.6715909090909091,0.3,0.5,495.0,0.28125,0.7529691211401425,0.540340909090909,951.0,951.0,0.6583105473283763,0.6973601077227083,0.3770663099608868,1.0,global,-0.3560016268580226,0.7,1263.0,0.6583105563541045,497.0,0.0,0.7176136363636364,0.45789853213509313,0.5682228514151557,0.32840909090909093,1760.0,0.0,0.0
0.0,0.0,1265.0,0.5063236672976718,0.48705728440493884,0.71875,0.3,1.0,495.0,0.28125,0.718923198733175,0.5159090909090909,908.0,908.0,0.619956215243472,0.618874128592348,0.34683916163478645,0.999845969925411,global,-0.3560016268580226,0.7,1263.0,0.6199562246966298,497.0,0.0,0.7176136363636364,0.4491168969785384,0.5682228514151557,0.28125,1760.0,0.0,0.0
1760.0,1.0,0.0,nan,nan,0.0,0.3,0.0,0.0,0.0,1.0,0.7176136363636364,1263.0,1263.0,1.0,1.0,1.0,1.0,global,0.008183729887677403,0.8,1263.0,1.0,497.0,0.0,0.7176136363636364,0.5682228514151557,0.5682228514151557,1.0,1760.0,0.0,0.0
1665.0,0.9460227272727273,34.0,0.779343284352141,0.7984360752522816,0.019318181818181818,0.3,0.025,61.0,0.03465909090909091,0.9992082343626286,0.7170454545454545,1262.0,1262.0,0.9961533694578028,1.0,1.0,1.0,global,0.008183729887677403,0.8,1263.0,0.9961533694578028,497.0,0.0,0.7176136363636364,0.5673296485827367,0.5682228514151557,0.9806818181818182,1760.0,0.0,0.0
1552.0,0.8818181818181818,71.0,0.7398320898916856,0.7807703792542532,0.040340909090909094,0.3,0.05,137.0,0.07784090909090909,0.997624703087886,0.7159090909090909,1260.0,1260.0,0.9902953239880231,1.0,1.0,1.0,global,0.008183729887677403,0.8,1263.0,0.9902953239880231,497.0,0.0,0.7176136363636364,0.566232957086107,0.5682228514151557,0.959659090909091,1760.0,0.0,0.0
1406.0,0.7988636363636363,149.0,0.6541510626149017,0.6822999135880428,0.0846590909090909,0.3,0.075,205.0,0.11647727272727272,0.9928741092636579,0.7125,1254.0,1254.0,0.9735235263245857,1.0,1.0,1.0,global,0.008183729887677403,0.8,1263.0,0.9735235329006701,497.0,0.0,0.7176136363636364,0.5629289588936465,0.5682228514151557,0.915340909090909,1760.0,0.0,0.0
1185.0,0.6732954545454546,233.0,0.6453019538457379,0.6764948783886445,0.13238636363636364,0.3,0.1,342.0,0.1943181818181818,0.9849564528899446,0.7068181818181818,1244.0,1244.0,0.9586565782215691,1.0,1.0,1.0,global,0.008183729887677403,0.8,1263.0,0.9586565848505161,497.0,0.0,0.7176136363636364,0.5595333895949078,0.5682228514151557,0.8676136363636363,1760.0,0.0,0.0
1185.0,0.6732954545454546,233.0,0.6453019538457379,0.6764948783886445,0.13238636363636364,0.3,0.15,342.0,0.1943181818181818,0.9849564528899446,0.7068181818181818,1244.0,1244.0,0.9586565782215691,1.0,1.0,1.0,global,0.008183729887677403,0.8,1263.0,0.9586565848505161,497.0,0.0,0.7176136363636364,0.5595333895949078,0.5682228514151557,0.8676136363636363,1760.0,0.0,0.0
451.0,0.25625,780.0,0.5705158241818528,0.5964153534615624,0.4431818181818182,0.3,0.2,529.0,0.30056818181818185,0.9279493269992082,0.6659090909090909,1172.0,1172.0,0.8057793402870154,1.0,0.6328148433643352,1.0,global,0.008183729887677403,0.8,1263.0,0.8057793494597377,497.0,0.0,0.7176136363636364,0.5213671454121107,0.5682228514151557,0.5568181818181818,1760.0,0.0,0.0
221.0,0.12556818181818183,999.0,0.5581961925648787,0.5733566338553389,0.5676136363636364,0.3,0.3,540.0,0.3068181818181818,0.8859857482185273,0.6357954545454545,1119.0,1119.0,0.7311274415877412,0.829135461259451,0.5181024457879237,1.0,global,0.008183729887677403,0.8,1263.0,0.7311274521965602,497.0,0.0,0.7176136363636364,0.5009271660758232,0.5682228514151557,0.4323863636363636,1760.0,0.0,0.0
0.0,0.0,1219.0,0.5436591543050092,0.5561253978998358,0.6926136363636364,0.3,0.5,541.0,0.3073863636363636,0.831353919239905,0.5965909090909091,1050.0,1050.0,0.6440541403579071,0.6528203215283502,0.43374960701336107,0.9762456042658714,global,0.008183729887677403,0.8,1263.0,0.6440541548394618,497.0,0.0,0.7176136363636364,0.48206321893701687,0.5682228514151557,0.3073863636363636,1760.0,0.0,0.0
0.0,0.0,1219.0,0.5436591543050092,0.5561253978998358,0.6926136363636364,0.3,1.0,541.0,0.3073863636363636,0.831353919239905,0.5965909090909091,1050.0,1050.0,0.6440541403579071,0.6528203215283502,0.43374960701336107,0.9762456042658714,global,0.008183729887677403,0.8,1263.0,0.6440541548394618,497.0,0.0,0.7176136363636364,0.48206321893701687,0.5682228514151557,0.3073863636363636,1760.0,0.0,0.0
1760.0,1.0,0.0,nan,nan,0.0,0.3,0.0,0.0,0.0,1.0,0.7176136363636364,1263.0,1263.0,1.0,1.0,1.0,1.0,global,0.17287789011295518,0.85,1263.0,1.0,497.0,0.0,0.7176136363636364,0.5682228514151557,0.5682228514151557,1.0,1760.0,0.0,0.0
1665.0,0.9460227272727273,32.0,0.802033692228512,0.839612515330062,0.01818181818181818,0.3,0.025,63.0,0.03579545454545455,0.9992082343626286,0.7170454545454545,1262.0,1262.0,0.9967057904412033,1.0,1.0,1.0,global,0.17287789011295518,0.85,1263.0,0.9967057904412033,497.0,0.0,0.7176136363636364,0.5674806708746685,0.5682228514151557,0.9818181818181818,1760.0,0.0,0.0
1552.0,0.8818181818181818,66.0,0.7702546289767074,0.81028745811143,0.0375,0.3,0.05,142.0,0.08068181818181819,0.997624703087886,0.7159090909090909,1260.0,1260.0,0.9921594833698398,1.0,1.0,1.0,global,0.17287789011295518,0.85,1263.0,0.9921594833698401,497.0,0.0,0.7176136363636364,0.5666045299569303,0.5682228514151557,0.9625,1760.0,0.0,0.0
1287.0,0.73125,181.0,0.6808582321557011,0.7271193481570795,0.1028409090909091,0.3,0.075,292.0,0.16590909090909092,0.9904988123515439,0.7107954545454546,1251.0,1251.0,0.9704073180895773,1.0,1.0,1.0,global,0.17287789011295518,0.85,1263.0,0.9704073194223336,497.0,0.0,0.7176136363636364,0.5623213521661654,0.5682228514151557,0.897159090909091,1760.0,0.0,0.0
1185.0,0.6732954545454546,224.0,0.6858151706154015,0.7307458455384965,0.12727272727272726,0.3,0.1,351.0,0.19943181818181818,0.9873317498020586,0.7085227272727272,1247.0,1247.0,0.9642227379529968,1.0,1.0,1.0,global,0.17287789011295518,0.85,1263.0,0.9642227392900282,497.0,0.0,0.7176136363636364,0.5610903218101445,0.5682228514151557,0.8727272727272727,1760.0,0.0,0.0
538.0,0.30568181818181817,749.0,0.6096157307748397,0.637698409107473,0.42556818181818185,0.3,0.15,473.0,0.26875,0.9564528899445764,0.6863636363636364,1208.0,1208.0,0.818057662604499,1.0,0.6594577522098684,1.0,global,0.17287789011295518,0.85,1263.0,0.8180576651105296,497.0,0.0,0.7176136363636364,0.5274459908046822,0.5682228514151557,0.5744318181818182,1760.0,0.0,0.0
357.0,0.2028409090909091,851.0,0.6064937737912175,0.6327142593669598,0.48352272727272727,0.3,0.2,552.0,0.31363636363636366,0.9406175771971497,0.675,1188.0,1188.0,0.7943035635726817,0.9744756570344427,0.6266952885402737,1.0,global,0.17287789011295518,0.85,1263.0,0.7943035671363265,497.0,0.0,0.7176136363636364,0.5220471733793547,0.5682228514151557,0.5164772727272727,1760.0,0.0,0.0
150.0,0.08522727272727272,1050.0,0.5957915508715406,0.6294458425048548,0.5965909090909091,0.3,0.3,560.0,0.3181818181818182,0.9057798891528107,0.65,1144.0,1144.0,0.7311165823542329,0.7842156486513863,0.5504459044048569,1.0,global,0.17287789011295518,0.85,1263.0,0.7311165863209586,497.0,0.0,0.7176136363636364,0.5078158261848323,0.5682228514151557,0.4034090909090909,1760.0,0.0,0.0
0.0,0.0,1198.0,0.588045880222688,0.6181181885061091,0.6806818181818182,0.3,0.5,562.0,0.31931818181818183,0.8693586698337292,0.6238636363636364,1098.0,1098.0,0.6792160542717652,0.7052125854784461,0.5021883826630865,0.9804713048652276,global,0.17287789011295518,0.85,1263.0,0.6792160611391396,497.0,0.0,0.7176136363636364,0.49711300992774965,0.5682228514151557,0.31931818181818183,1760.0,0.0,0.0
0.0,0.0,1198.0,0.588045880222688,0.6181181885061091,0.6806818181818182,0.3,1.0,562.0,0.31931818181818183,0.8693586698337292,0.6238636363636364,1098.0,1098.0,0.6792160542717652,0.7052125854784461,0.5021883826630865,0.9804713048652276,global,0.17287789011295518,0.85,1263.0,0.6792160611391396,497.0,0.0,0.7176136363636364,0.49711300992774965,0.5682228514151557,0.31931818181818183,1760.0,0.0,0.0
1760.0,1.0,0.0,nan,nan,0.0,0.3,0.0,0.0,0.0,1.0,0.7176136363636364,1263.0,1263.0,1.0,1.0,1.0,1.0,global,0.2884715371285997,0.88,1263.0,1.0,497.0,0.0,0.7176136363636364,0.5682228514151557,0.5682228514151557,1.0,1760.0,0.0,0.0
1665.0,0.9460227272727273,30.0,0.8274139521089587,0.8547735734300688,0.017045454545454544,0.3,0.025,65.0,0.036931818181818184,0.9992082343626286,0.7170454545454545,1262.0,1262.0,0.9971281244011794,1.0,1.0,1.0,global,0.2884715371285997,0.88,1263.0,0.9971281244011794,497.0,0.0,0.7176136363636364,0.5675926623734262,0.5682228514151557,0.9829545454545454,1760.0,0.0,0.0
1552.0,0.8818181818181818,63.0,0.7982930917645946,0.8291950259545022,0.03579545454545455,0.3,0.05,145.0,0.08238636363636363,0.997624703087886,0.7159090909090909,1260.0,1260.0,0.9931163515443473,1.0,1.0,1.0,global,0.2884715371285997,0.88,1263.0,0.9931163515443473,497.0,0.0,0.7176136363636364,0.5668301578193244,0.5682228514151557,0.9642045454545455,1760.0,0.0,0.0
1149.0,0.6528409090909091,250.0,0.6979232738932336,0.7269065033950947,0.14204545454545456,0.3,0.075,361.0,0.20511363636363636,0.9865399841646872,0.7079545454545455,1246.0,1246.0,0.9587856794236355,1.0,1.0,1.0,global,0.2884715371285997,0.88,1263.0,0.9587856794236355,497.0,0.0,0.7176136363636364,0.5592361699261011,0.5682228514151557,0.8579545454545454,1760.0,0.0,0.0
1043.0,0.5926136363636364,351.0,0.6730412195426517,0.6923623655887526,0.19943181818181818,0.3,0.1,366.0,0.20795454545454545,0.9794140934283452,0.7028409090909091,1237.0,1237.0,0.9331280748134929,1.0,1.0,1.0,global,0.2884715371285997,0.88,1263.0,0.9331280748134931,497.0,0.0,0.7176136363636364,0.5528902042480186,0.5682228514151557,0.8005681818181818,1760.0,0.0,0.0
357.0,0.2028409090909091,838.0,0.6446804233342097,0.6825175342142051,0.47613636363636364,0.3,0.15,565.0,0.3210227272727273,0.9572446555819477,0.6869318181818181,1209.0,1209.0,0.8127886101438309,0.9744316315250399,0.66881148647497,1.0,global,0.2884715371285997,0.88,1263.0,0.8127886103099377,497.0,0.0,0.7176136363636364,0.5288020873474051,0.5682228514151557,0.5238636363636363,1760.0,0.0,0.0
150.0,0.08522727272727272,1036.0,0.6309498241587929,0.6731913999980611,0.5886363636363636,0.3,0.2,574.0,0.3261363636363636,0.9303246239113222,0.6676136363636364,1175.0,1175.0,0.753128988756435,0.8032210703658187,0.6038760439642594,1.0,global,0.2884715371285997,0.88,1263.0,0.7531289897221687,497.0,0.0,0.7176136363636364,0.5166446037892464,0.5682228514151557,0.4113636363636364,1760.0,0.0,0.0
0.0,0.0,1183.0,0.6237488393637123,0.6629923965981668,0.6721590909090909,0.3,0.3,577.0,0.32784090909090907,0.8978622327790974,0.6443181818181818,1134.0,1134.0,0.7066966261001074,0.7411086087941618,0.5559634253595482,0.9866309878606826,global,0.2884715371285997,0.88,1263.0,0.7066966278536768,497.0,0.0,0.7176136363636364,0.5074515611099873,0.5682228514151557,0.32784090909090907,1760.0,0.0,0.0
0.0,0.0,1183.0,0.6237488393637123,0.6629923965981668,0.6721590909090909,0.3,0.5,577.0,0.32784090909090907,0.8978622327790974,0.6443181818181818,1134.0,1134.0,0.7066966261001074,0.7411086087941618,0.5559634253595482,0.9866309878606826,global,0.2884715371285997,0.88,1263.0,0.7066966278536768,497.0,0.0,0.7176136363636364,0.5074515611099873,0.5682228514151557,0.32784090909090907,1760.0,0.0,0.0
0.0,0.0,1183.0,0.6237488393637123,0.6629923965981668,0.6721590909090909,0.3,1.0,577.0,0.32784090909090907,0.8978622327790974,0.6443181818181818,1134.0,1134.0,0.7066966261001074,0.7411086087941618,0.5559634253595482,0.9866309878606826,global,0.2884715371285997,0.88,1263.0,0.7066966278536768,497.0,0.0,0.7176136363636364,0.5074515611099873,0.5682228514151557,0.32784090909090907,1760.0,0.0,0.0
1665.0,0.9460227272727273,28.0,0.8069482085486451,0.8726257186341659,0.015909090909090907,0.3,0.0,67.0,0.03806818181818182,1.0,0.7176136363636364,1263.0,1263.0,0.9967901127312127,1.0,1.0,1.0,global,0.3728496384586693,0.9,1263.0,0.9967901127312127,497.0,0.0,0.7176136363636364,0.5676913698256718,0.5682228514151557,0.9840909090909091,1760.0,0.0,0.0
1552.0,0.8818181818181818,60.0,0.7883841892739868,0.8357018058353469,0.03409090909090909,0.3,0.025,148.0,0.08409090909090909,0.9992082343626286,0.7170454545454545,1262.0,1262.0,0.992789635609177,1.0,1.0,1.0,global,0.3728496384586693,0.9,1263.0,0.9927896356544906,497.0,0.0,0.7176136363636364,0.56705386527157,0.5682228514151557,0.9659090909090909,1760.0,0.0,0.0
1256.0,0.7136363636363636,205.0,0.7037351606095533,0.7448647995827973,0.11647727272727272,0.3,0.05,299.0,0.16988636363636364,0.9936658749010293,0.7130681818181818,1255.0,1255.0,0.9650619950360269,1.0,1.0,1.0,global,0.3728496384586693,0.9,1263.0,0.9650619952130167,497.0,0.0,0.7176136363636364,0.5612630407839289,0.5682228514151557,0.8835227272727273,1760.0,0.0,0.0
1101.0,0.6255681818181819,291.0,0.6964924416716254,0.7347096689101493,0.1653409090909091,0.3,0.075,368.0,0.20909090909090908,0.9889152810768013,0.709659090909091,1249.0,1249.0,0.9494559070197744,1.0,1.0,1.0,global,0.3728496384586693,0.9,1263.0,0.9494559071976141,497.0,0.0,0.7176136363636364,0.5579894083626782,0.5682228514151557,0.834659090909091,1760.0,0.0,0.0
357.0,0.2028409090909091,833.0,0.6777332217752423,0.7150421625953254,0.4732954545454545,0.3,0.1,570.0,0.32386363636363635,0.9659540775930324,0.6931818181818182,1220.0,1220.0,0.8298854055928329,0.9762428329116422,0.7053837450117547,1.0,global,0.3728496384586693,0.9,1263.0,0.8298854059184807,497.0,0.0,0.7176136363636364,0.5338469515247631,0.5682228514151557,0.5267045454545455,1760.0,0.0,0.0
298.0,0.1693181818181818,887.0,0.6725653800068189,0.7143019484719997,0.5039772727272728,0.3,0.15,575.0,0.32670454545454547,0.9596199524940617,0.6886363636363636,1212.0,1212.0,0.8146698437992391,0.9235972635597169,0.6872929745332819,1.0,global,0.3728496384586693,0.9,1263.0,0.8146698441270364,497.0,0.0,0.7176136363636364,0.5306676392703037,0.5682228514151557,0.4960227272727273,1760.0,0.0,0.0
150.0,0.08522727272727272,1031.0,0.6670459630723182,0.7122070867093996,0.5857954545454546,0.3,0.2,579.0,0.32897727272727273,0.9406175771971497,0.675,1188.0,1188.0,0.7771898490256676,0.8279701091954834,0.6470875658330664,1.0,global,0.3728496384586693,0.9,1263.0,0.7771898493600871,497.0,0.0,0.7176136363636364,0.52322453623303,0.5682228514151557,0.41420454545454544,1760.0,0.0,0.0
0.0,0.0,1178.0,0.6577600796337856,0.6989936688596248,0.6693181818181818,0.3,0.3,582.0,0.3306818181818182,0.9129057798891528,0.6551136363636364,1153.0,1153.0,0.7331537828194044,0.7675931337491773,0.6048900473863404,0.9868107299598137,global,0.3728496384586693,0.9,1263.0,0.7331537837887862,497.0,0.0,0.7176136363636364,0.5151735390083164,0.5682228514151557,0.3306818181818182,1760.0,0.0,0.0
0.0,0.0,1178.0,0.6577600796337856,0.6989936688596248,0.6693181818181818,0.3,0.5,582.0,0.3306818181818182,0.9129057798891528,0.6551136363636364,1153.0,1153.0,0.7331537828194044,0.7675931337491773,0.6048900473863404,0.9868107299598137,global,0.3728496384586693,0.9,1263.0,0.7331537837887862,497.0,0.0,0.7176136363636364,0.5151735390083164,0.5682228514151557,0.3306818181818182,1760.0,0.0,0.0
0.0,0.0,1178.0,0.6577600796337856,0.6989936688596248,0.6693181818181818,0.3,1.0,582.0,0.3306818181818182,0.9129057798891528,0.6551136363636364,1153.0,1153.0,0.7331537828194044,0.7675931337491773,0.6048900473863404,0.9868107299598137,global,0.3728496384586693,0.9,1263.0,0.7331537837887862,497.0,0.0,0.7176136363636364,0.5151735390083164,0.5682228514151557,0.3306818181818182,1760.0,0.0,0.0
1626.0,0.9238636363636363,57.0,0.7779120912834968,0.8339159702074304,0.03238636363636364,0.3,0.0,77.0,0.04375,1.0,0.7176136363636364,1263.0,1263.0,0.9922629707177149,1.0,1.0,1.0,global,0.48318004708492673,0.92,1263.0,0.9922629707177149,497.0,0.0,0.7176136363636364,0.5668353212849216,0.5682228514151557,0.9676136363636364,1760.0,0.0,0.0
1411.0,0.8017045454545455,128.0,0.777851750177473,0.8339573080694841,0.07272727272727272,0.3,0.025,221.0,0.12556818181818183,0.9984164687252574,0.7164772727272727,1261.0,1261.0,0.9836163463651902,1.0,1.0,1.0,global,0.48318004708492673,0.92,1263.0,0.9836163463651902,497.0,0.0,0.7176136363636364,0.5655964589766922,0.5682228514151557,0.9272727272727272,1760.0,0.0,0.0
1016.0,0.5772727272727273,292.0,0.7179182339018096,0.7770246000562043,0.16590909090909092,0.3,0.05,452.0,0.25681818181818183,0.9912905779889153,0.7113636363636363,1252.0,1252.0,0.9535871854502976,1.0,1.0,1.0,global,0.48318004708492673,0.92,1263.0,0.9535871858257522,497.0,0.0,0.7176136363636364,0.5606099854041957,0.5682228514151557,0.8340909090909091,1760.0,0.0,0.0
415.0,0.23579545454545456,759.0,0.7222367193641136,0.7693569418718482,0.43125,0.3,0.075,586.0,0.33295454545454545,0.9778305621536025,0.7017045454545454,1235.0,1235.0,0.8655040956920971,1.0,0.7738933704617417,1.0,global,0.48318004708492673,0.92,1263.0,0.8655040960727199,497.0,0.0,0.7176136363636364,0.5427718905889014,0.5682228514151557,0.56875,1760.0,0.0,0.0
298.0,0.1693181818181818,867.0,0.7162683506021619,0.7628396141209624,0.49261363636363636,0.3,0.1,595.0,0.3380681818181818,0.9699129057798892,0.6960227272727273,1225.0,1225.0,0.8401838056452994,0.9333090213459326,0.7442684663701424,1.0,global,0.48318004708492673,0.92,1263.0,0.8401838063470536,497.0,0.0,0.7176136363636364,0.5376128271428761,0.5682228514151557,0.5073863636363637,1760.0,0.0,0.0
83.0,0.04715909090909091,1077.0,0.7004214733172274,0.7525547735898837,0.6119318181818182,0.3,0.15,600.0,0.3409090909090909,0.9493269992082344,0.68125,1199.0,1199.0,0.785122991703766,0.8321575512568973,0.6790308542779155,1.0,global,0.48318004708492673,0.92,1263.0,0.7851229936820745,497.0,0.0,0.7176136363636364,0.5281613681304996,0.5682228514151557,0.3880681818181818,1760.0,0.0,0.0
83.0,0.04715909090909091,1077.0,0.7004214733172274,0.7525547735898837,0.6119318181818182,0.3,0.2,600.0,0.3409090909090909,0.9493269992082344,0.68125,1199.0,1199.0,0.785122991703766,0.8321575512568973,0.6790308542779155,1.0,global,0.48318004708492673,0.92,1263.0,0.7851229936820745,497.0,0.0,0.7176136363636364,0.5281613681304996,0.5682228514151557,0.3880681818181818,1760.0,0.0,0.0
0.0,0.0,1155.0,0.6946919845790374,0.7480157223895565,0.65625,0.3,0.3,605.0,0.34375,0.936658749010293,0.6721590909090909,1183.0,1183.0,0.7633411241411473,0.8051153123338608,0.6472766292513126,0.9883377203343902,global,0.48318004708492673,0.92,1263.0,0.7633411265459561,497.0,0.0,0.7176136363636364,0.5249740177076367,0.5682228514151557,0.34375,1760.0,0.0,0.0
0.0,0.0,1155.0,0.6946919845790374,0.7480157223895565,0.65625,0.3,0.5,605.0,0.34375,0.936658749010293,0.6721590909090909,1183.0,1183.0,0.7633411241411473,0.8051153123338608,0.6472766292513126,0.9883377203343902,global,0.48318004708492673,0.92,1263.0,0.7633411265459561,497.0,0.0,0.7176136363636364,0.5249740177076367,0.5682228514151557,0.34375,1760.0,0.0,0.0
0.0,0.0,1155.0,0.6946919845790374,0.7480157223895565,0.65625,0.3,1.0,605.0,0.34375,0.936658749010293,0.6721590909090909,1183.0,1183.0,0.7633411241411473,0.8051153123338608,0.6472766292513126,0.9883377203343902,global,0.48318004708492673,0.92,1263.0,0.7633411265459561,497.0,0.0,0.7176136363636364,0.5249740177076367,0.5682228514151557,0.34375,1760.0,0.0,0.0
1358.0,0.7715909090909091,165.0,0.813951832556965,0.8825920451509333,0.09375,0.3,0.0,237.0,0.13465909090909092,1.0,0.7176136363636364,1263.0,1263.0,0.9811447621277053,1.0,1.0,1.0,global,0.680796705510883,0.95,1263.0,0.9811447659755153,497.0,0.0,0.7176136363636364,0.5655720588615252,0.5682228514151557,0.90625,1760.0,0.0,0.0
1137.0,0.6460227272727272,242.0,0.8194877159479405,0.8799952331218668,0.1375,0.3,0.025,381.0,0.21647727272727274,0.9984164687252574,0.7164772727272727,1261.0,1261.0,0.9743761309711987,1.0,1.0,1.0,global,0.680796705510883,0.95,1263.0,0.9743761348251114,497.0,0.0,0.7176136363636364,0.5646118839485038,0.5682228514151557,0.8625,1760.0,0.0,0.0
209.0,0.11875,936.0,0.8038973762306585,0.8532405664766092,0.5318181818181819,0.3,0.05,615.0,0.3494318181818182,0.9833729216152018,0.7056818181818182,1242.0,1242.0,0.8773174406853637,0.9313543369306632,0.8274598647117184,1.0,global,0.680796705510883,0.95,1263.0,0.8773174472135511,497.0,0.0,0.7176136363636364,0.5481896609873997,0.5682228514151557,0.4681818181818182,1760.0,0.0,0.0
150.0,0.08522727272727272,990.0,0.8008936738092007,0.8516127992025773,0.5625,0.3,0.075,620.0,0.3522727272727273,0.9809976247030879,0.7039772727272727,1239.0,1239.0,0.8675838476342062,0.9153291543747801,0.819570457195661,1.0,global,0.680796705510883,0.95,1263.0,0.8675838541782004,497.0,0.0,0.7176136363636364,0.5466573105609951,0.5682228514151557,0.4375,1760.0,0.0,0.0
83.0,0.04715909090909091,1054.0,0.7959719235436877,0.8482981739614233,0.5988636363636364,0.3,0.1,623.0,0.35397727272727275,0.9762470308788599,0.7005681818181818,1233.0,1233.0,0.8545493274897824,0.8986603184953111,0.8048830479052268,1.0,global,0.680796705510883,0.95,1263.0,0.8545493344493098,497.0,0.0,0.7176136363636364,0.5446281503356845,0.5682228514151557,0.4011363636363636,1760.0,0.0,0.0
0.0,0.0,1132.0,0.7881364790594323,0.8452487076707873,0.6431818181818182,0.3,0.15,628.0,0.3568181818181818,0.9699129057798892,0.6960227272727273,1225.0,1225.0,0.8367353765160034,0.8840782642948524,0.7740861299250672,1.0,global,0.680796705510883,0.95,1263.0,0.8367353838726692,497.0,0.0,0.7176136363636364,0.5427248908219126,0.5682228514151557,0.3568181818181818,1760.0,0.0,0.0
0.0,0.0,1132.0,0.7881364790594323,0.8452487076707873,0.6431818181818182,0.3,0.2,628.0,0.3568181818181818,0.9699129057798892,0.6960227272727273,1225.0,1225.0,0.8367353765160034,0.8840782642948524,0.7740861299250672,1.0,global,0.680796705510883,0.95,1263.0,0.8367353838726692,497.0,0.0,0.7176136363636364,0.5427248908219126,0.5682228514151557,0.3568181818181818,1760.0,0.0,0.0
0.0,0.0,1132.0,0.7881364790594323,0.8452487076707873,0.6431818181818182,0.3,0.3,628.0,0.3568181818181818,0.9699129057798892,0.6960227272727273,1225.0,1225.0,0.8367353765160034,0.8840782642948524,0.7740861299250672,1.0,global,0.680796705510883,0.95,1263.0,0.8367353838726692,497.0,0.0,0.7176136363636364,0.5427248908219126,0.5682228514151557,0.3568181818181818,1760.0,0.0,0.0
0.0,0.0,1132.0,0.7881364790594323,0.8452487076707873,0.6431818181818182,0.3,0.5,628.0,0.3568181818181818,0.9699129057798892,0.6960227272727273,1225.0,1225.0,0.8367353765160034,0.8840782642948524,0.7740861299250672,1.0,global,0.680796705510883,0.95,1263.0,0.8367353838726692,497.0,0.0,0.7176136363636364,0.5427248908219126,0.5682228514151557,0.3568181818181818,1760.0,0.0,0.0
0.0,0.0,1132.0,0.7881364790594323,0.8452487076707873,0.6431818181818182,0.3,1.0,628.0,0.3568181818181818,0.9699129057798892,0.6960227272727273,1225.0,1225.0,0.8367353765160034,0.8840782642948524,0.7740861299250672,1.0,global,0.680796705510883,0.95,1263.0,0.8367353838726692,497.0,0.0,0.7176136363636364,0.5427248908219126,0.5682228514151557,0.3568181818181818,1760.0,0.0,0.0
1144.0,0.65,286.0,0.8909575023354146,0.9218960343022266,0.1625,0.3,0.0,330.0,0.1875,1.0,0.7176136363636364,1263.0,1263.0,0.9798836880792965,1.0,1.0,1.0,global,0.8184744135402658,0.975,1263.0,0.9798836880792967,497.0,0.0,0.7176136363636364,0.5651464663806249,0.5682228514151557,0.8375,1760.0,0.0,0.0
160.0,0.09090909090909091,967.0,0.8829154165996647,0.921227399775421,0.5494318181818182,0.3,0.025,633.0,0.35965909090909093,0.9936658749010293,0.7130681818181818,1255.0,1255.0,0.9228454577911734,0.9625864753144742,0.8982807583386874,1.0,global,0.8184744135402658,0.975,1263.0,0.9228454617324169,497.0,0.0,0.7176136363636364,0.557049325674458,0.5682228514151557,0.4505681818181818,1760.0,0.0,0.0
83.0,0.04715909090909091,1037.0,0.880130557718057,0.9195301154394864,0.5892045454545455,0.3,0.05,640.0,0.36363636363636365,0.9920823436262867,0.7119318181818182,1253.0,1253.0,0.915048631487338,0.9507565687416096,0.8922613713264426,1.0,global,0.8184744135402658,0.975,1263.0,0.915048637025052,497.0,0.0,0.7176136363636364,0.5560626930272204,0.5682228514151557,0.4107954545454545,1760.0,0.0,0.0
0.0,0.0,1115.0,0.8748550225755457,0.9170791059881073,0.6335227272727273,0.3,0.075,645.0,0.3664772727272727,0.9889152810768013,0.709659090909091,1249.0,1249.0,0.9041122951199337,0.9413811437028852,0.8808292829256656,1.0,global,0.8184744135402658,0.975,1263.0,0.9041123006753825,497.0,0.0,0.7176136363636364,0.555080605093743,0.5682228514151557,0.3664772727272727,1760.0,0.0,0.0
0.0,0.0,1115.0,0.8748550225755457,0.9170791059881073,0.6335227272727273,0.3,0.1,645.0,0.3664772727272727,0.9889152810768013,0.709659090909091,1249.0,1249.0,0.9041122951199337,0.9413811437028852,0.8808292829256656,1.0,global,0.8184744135402658,0.975,1263.0,0.9041123006753825,497.0,0.0,0.7176136363636364,0.555080605093743,0.5682228514151557,0.3664772727272727,1760.0,0.0,0.0
0.0,0.0,1115.0,0.8748550225755457,0.9170791059881073,0.6335227272727273,0.3,0.15,645.0,0.3664772727272727,0.9889152810768013,0.709659090909091,1249.0,1249.0,0.9041122951199337,0.9413811437028852,0.8808292829256656,1.0,global,0.8184744135402658,0.975,1263.0,0.9041123006753825,497.0,0.0,0.7176136363636364,0.555080605093743,0.5682228514151557,0.3664772727272727,1760.0,0.0,0.0
0.0,0.0,1115.0,0.8748550225755457,0.9170791059881073,0.6335227272727273,0.3,0.2,645.0,0.3664772727272727,0.9889152810768013,0.709659090909091,1249.0,1249.0,0.9041122951199337,0.9413811437028852,0.8808292829256656,1.0,global,0.8184744135402658,0.975,1263.0,0.9041123006753825,497.0,0.0,0.7176136363636364,0.555080605093743,0.5682228514151557,0.3664772727272727,1760.0,0.0,0.0
0.0,0.0,1115.0,0.8748550225755457,0.9170791059881073,0.6335227272727273,0.3,0.3,645.0,0.3664772727272727,0.9889152810768013,0.709659090909091,1249.0,1249.0,0.9041122951199337,0.9413811437028852,0.8808292829256656,1.0,global,0.8184744135402658,0.975,1263.0,0.9041123006753825,497.0,0.0,0.7176136363636364,0.555080605093743,0.5682228514151557,0.3664772727272727,1760.0,0.0,0.0
0.0,0.0,1115.0,0.8748550225755457,0.9170791059881073,0.6335227272727273,0.3,0.5,645.0,0.3664772727272727,0.9889152810768013,0.709659090909091,1249.0,1249.0,0.9041122951199337,0.9413811437028852,0.8808292829256656,1.0,global,0.8184744135402658,0.975,1263.0,0.9041123006753825,497.0,0.0,0.7176136363636364,0.555080605093743,0.5682228514151557,0.3664772727272727,1760.0,0.0,0.0
0.0,0.0,1115.0,0.8748550225755457,0.9170791059881073,0.6335227272727273,0.3,1.0,645.0,0.3664772727272727,0.9889152810768013,0.709659090909091,1249.0,1249.0,0.9041122951199337,0.9413811437028852,0.8808292829256656,1.0,global,0.8184744135402658,0.975,1263.0,0.9041123006753825,497.0,0.0,0.7176136363636364,0.555080605093743,0.5682228514151557,0.3664772727272727,1760.0,0.0,0.0
1760.0,1.0,0.0,nan,nan,0.0,0.5,0.0,0.0,0.0,1.0,0.7176136363636364,1263.0,1263.0,1.0,1.0,1.0,1.0,global,-1.7055883522917346,0.5,1263.0,1.0,497.0,0.0,0.7176136363636364,0.5682228514151557,0.5682228514151557,1.0,1760.0,0.0,0.0
1760.0,1.0,0.0,nan,nan,0.0,0.5,0.025,0.0,0.0,1.0,0.7176136363636364,1263.0,1263.0,1.0,1.0,1.0,1.0,global,-1.7055883522917346,0.5,1263.0,1.0,497.0,0.0,0.7176136363636364,0.5682228514151557,0.5682228514151557,1.0,1760.0,0.0,0.0
1760.0,1.0,0.0,nan,nan,0.0,0.5,0.05,0.0,0.0,1.0,0.7176136363636364,1263.0,1263.0,1.0,1.0,1.0,1.0,global,-1.7055883522917346,0.5,1263.0,1.0,497.0,0.0,0.7176136363636364,0.5682228514151557,0.5682228514151557,1.0,1760.0,0.0,0.0
1760.0,1.0,0.0,nan,nan,0.0,0.5,0.075,0.0,0.0,1.0,0.7176136363636364,1263.0,1263.0,1.0,1.0,1.0,1.0,global,-1.7055883522917346,0.5,1263.0,1.0,497.0,0.0,0.7176136363636364,0.5682228514151557,0.5682228514151557,1.0,1760.0,0.0,0.0
1760.0,1.0,0.0,nan,nan,0.0,0.5,0.1,0.0,0.0,1.0,0.7176136363636364,1263.0,1263.0,1.0,1.0,1.0,1.0,global,-1.7055883522917346,0.5,1263.0,1.0,497.0,0.0,0.7176136363636364,0.5682228514151557,0.5682228514151557,1.0,1760.0,0.0,0.0
1665.0,0.9460227272727273,34.0,0.7268357488432736,0.7442189764747009,0.019318181818181818,0.5,0.15,61.0,0.03465909090909091,0.9960411718131433,0.7147727272727272,1258.0,1258.0,0.996525732894668,1.0,1.0,1.0,global,-1.7055883522917346,0.5,1263.0,0.996525732894668,497.0,0.0,0.7176136363636364,0.5665863572096281,0.5682228514151557,0.9806818181818182,1760.0,0.0,0.0
1439.0,0.8176136363636364,134.0,0.598228580075542,0.68158669128293,0.07613636363636364,0.5,0.2,187.0,0.10625,0.9794140934283452,0.7028409090909091,1237.0,1237.0,0.9811618897691038,1.0,1.0,1.0,global,-1.7055883522917346,0.5,1263.0,0.9811618897691038,497.0,0.0,0.7176136363636364,0.5599738273317678,0.5682228514151557,0.9238636363636363,1760.0,0.0,0.0
1091.0,0.6198863636363636,283.0,0.6110666094693132,0.6434635698960652,0.16079545454545455,0.5,0.3,386.0,0.21931818181818183,0.9429928741092637,0.6767045454545455,1191.0,1191.0,0.9617924377060535,1.0,1.0,1.0,global,-1.7055883522917346,0.5,1263.0,0.9617924377060535,497.0,0.0,0.7176136363636364,0.5495285466535503,0.5682228514151557,0.8392045454545455,1760.0,0.0,0.0
499.0,0.28352272727272726,768.0,0.5659289812650531,0.586401920386028,0.43636363636363634,0.5,0.5,493.0,0.28011363636363634,0.7711797307996833,0.553409090909091,974.0,974.0,0.8645199284441234,1.0,0.8803824761386346,1.0,global,-1.7055883522917346,0.5,1263.0,0.864519928452582,497.0,0.0,0.7176136363636364,0.4744957903813314,0.5682228514151557,0.5636363636363636,1760.0,0.0,0.0
0.0,0.0,1265.0,0.5443947532151209,0.565863384905038,0.71875,0.5,1.0,495.0,0.28125,0.5083135391923991,0.36477272727272725,642.0,642.0,0.6955535033166461,0.8276812845755686,0.4266211539665971,1.0,global,-1.7055883522917346,0.5,1263.0,0.6955535033294791,497.0,0.0,0.7176136363636364,0.3715859503593818,0.5682228514151557,0.28125,1760.0,0.0,0.0
1760.0,1.0,0.0,nan,nan,0.0,0.5,0.0,0.0,0.0,1.0,0.7176136363636364,1263.0,1263.0,1.0,1.0,1.0,1.0,global,-1.0690098309119949,0.6,1263.0,1.0,497.0,0.0,0.7176136363636364,0.5682228514151557,0.5682228514151557,1.0,1760.0,0.0,0.0
1760.0,1.0,0.0,nan,nan,0.0,0.5,0.025,0.0,0.0,1.0,0.7176136363636364,1263.0,1263.0,1.0,1.0,1.0,1.0,global,-1.0690098309119949,0.6,1263.0,1.0,497.0,0.0,0.7176136363636364,0.5682228514151557,0.5682228514151557,1.0,1760.0,0.0,0.0
1760.0,1.0,0.0,nan,nan,0.0,0.5,0.05,0.0,0.0,1.0,0.7176136363636364,1263.0,1263.0,1.0,1.0,1.0,1.0,global,-1.0690098309119949,0.6,1263.0,1.0,497.0,0.0,0.7176136363636364,0.5682228514151557,0.5682228514151557,1.0,1760.0,0.0,0.0
1665.0,0.9460227272727273,26.0,0.6755176566957496,0.7718624165452357,0.014772727272727272,0.5,0.075,69.0,0.03920454545454546,0.997624703087886,0.7159090909090909,1260.0,1260.0,0.9963946406299526,1.0,1.0,1.0,global,-1.0690098309119949,0.6,1263.0,0.9963946411412741,497.0,0.0,0.7176136363636364,0.5670348313706911,0.5682228514151557,0.9852272727272727,1760.0,0.0,0.0
1665.0,0.9460227272727273,26.0,0.6755176566957496,0.7718624165452357,0.014772727272727272,0.5,0.1,69.0,0.03920454545454546,0.997624703087886,0.7159090909090909,1260.0,1260.0,0.9963946406299526,1.0,1.0,1.0,global,-1.0690098309119949,0.6,1263.0,0.9963946411412741,497.0,0.0,0.7176136363636364,0.5670348313706911,0.5682228514151557,0.9852272727272727,1760.0,0.0,0.0
1343.0,0.7630681818181818,155.0,0.5899431474362129,0.6249035426410683,0.08806818181818182,0.5,0.15,262.0,0.14886363636363636,0.9817893903404592,0.7045454545454546,1240.0,1240.0,0.9722219551489047,1.0,1.0,1.0,global,-1.0690098309119949,0.6,1263.0,0.972221955687996,497.0,0.0,0.7176136363636364,0.5604185762868675,0.5682228514151557,0.9119318181818182,1760.0,0.0,0.0
1091.0,0.6198863636363636,249.0,0.5744989821248782,0.6130370786856804,0.14147727272727273,0.5,0.2,420.0,0.23863636363636365,0.9627870150435471,0.6909090909090909,1216.0,1216.0,0.955560337771266,1.0,1.0,1.0,global,-1.0690098309119949,0.6,1263.0,0.9555603386217857,497.0,0.0,0.7176136363636364,0.5540851706319637,0.5682228514151557,0.8585227272727273,1760.0,0.0,0.0
1052.0,0.5977272727272728,278.0,0.5693307346369387,0.6104054163947554,0.15795454545454546,0.5,0.3,430.0,0.24431818181818182,0.9572446555819477,0.6869318181818181,1209.0,1209.0,0.9490606245269497,1.0,1.0,1.0,global,-1.0690098309119949,0.6,1263.0,0.9490606253894845,497.0,0.0,0.7176136363636364,0.551278949785715,0.5682228514151557,0.8420454545454545,1760.0,0.0,0.0
499.0,0.28352272727272726,700.0,0.5238284094456567,0.5570705006472728,0.3977272727272727,0.5,0.5,561.0,0.31875,0.8392715756136183,0.6022727272727273,1060.0,1060.0,0.8391797835674953,1.0,0.8078779447481423,1.0,global,-1.0690098309119949,0.6,1263.0,0.8391797846460624,497.0,0.0,0.7176136363636364,0.4965718827544956,0.5682228514151557,0.6022727272727273,1760.0,0.0,0.0
0.0,0.0,1187.0,0.4982108254052612,0.5133302913595975,0.6744318181818182,0.5,1.0,573.0,0.3255681818181818,0.6191607284243864,0.44431818181818183,782.0,782.0,0.6605543818917943,0.7619740401747872,0.34689696515961865,1.0,global,-1.0690098309119949,0.6,1263.0,0.6605543867216085,497.0,0.0,0.7176136363636364,0.41488964980109794,0.5682228514151557,0.3255681818181818,1760.0,0.0,0.0
1760.0,1.0,0.0,nan,nan,0.0,0.5,0.0,0.0,0.0,1.0,0.7176136363636364,1263.0,1263.0,1.0,1.0,1.0,1.0,global,-0.8346779813059243,0.65,1263.0,1.0,497.0,0.0,0.7176136363636364,0.5682228514151557,0.5682228514151557,1.0,1760.0,0.0,0.0
1760.0,1.0,0.0,nan,nan,0.0,0.5,0.025,0.0,0.0,1.0,0.7176136363636364,1263.0,1263.0,1.0,1.0,1.0,1.0,global,-0.8346779813059243,0.65,1263.0,1.0,497.0,0.0,0.7176136363636364,0.5682228514151557,0.5682228514151557,1.0,1760.0,0.0,0.0
1760.0,1.0,0.0,nan,nan,0.0,0.5,0.05,0.0,0.0,1.0,0.7176136363636364,1263.0,1263.0,1.0,1.0,1.0,1.0,global,-0.8346779813059243,0.65,1263.0,1.0,497.0,0.0,0.7176136363636364,0.5682228514151557,0.5682228514151557,1.0,1760.0,0.0,0.0
1665.0,0.9460227272727273,25.0,0.7586476940916472,0.7870181247024923,0.014204545454545454,0.5,0.075,70.0,0.03977272727272727,0.997624703087886,0.7159090909090909,1260.0,1260.0,0.9975098571612632,1.0,1.0,1.0,global,-0.8346779813059243,0.65,1263.0,0.9975098571612632,497.0,0.0,0.7176136363636364,0.5671958636850224,0.5682228514151557,0.9857954545454546,1760.0,0.0,0.0
1563.0,0.8880681818181818,63.0,0.6325168584049149,0.677392077355144,0.03579545454545455,0.5,0.1,134.0,0.07613636363636364,0.9936658749010293,0.7130681818181818,1255.0,1255.0,0.9885802051615871,1.0,1.0,1.0,global,-0.8346779813059243,0.65,1263.0,0.9885802053110582,497.0,0.0,0.7176136363636364,0.5652776244930787,0.5682228514151557,0.9642045454545455,1760.0,0.0,0.0
1224.0,0.6954545454545454,188.0,0.6027070108672514,0.6597320195324738,0.10681818181818181,0.5,0.15,348.0,0.19772727272727272,0.9778305621536025,0.7017045454545454,1235.0,1235.0,0.9678305271957289,1.0,1.0,1.0,global,-0.8346779813059243,0.65,1263.0,0.9678305282744484,497.0,0.0,0.7176136363636364,0.5590034328244402,0.5682228514151557,0.8931818181818182,1760.0,0.0,0.0
1052.0,0.5977272727272728,266.0,0.5838076949069358,0.618181034204998,0.15113636363636362,0.5,0.2,442.0,0.25113636363636366,0.9643705463182898,0.6920454545454545,1218.0,1218.0,0.9504532970127304,1.0,1.0,1.0,global,-0.8346779813059243,0.65,1263.0,0.9504532981108688,497.0,0.0,0.7176136363636364,0.5534363828218113,0.5682228514151557,0.8488636363636364,1760.0,0.0,0.0
1052.0,0.5977272727272728,266.0,0.5838076949069358,0.618181034204998,0.15113636363636362,0.5,0.3,442.0,0.25113636363636366,0.9643705463182898,0.6920454545454545,1218.0,1218.0,0.9504532970127304,1.0,1.0,1.0,global,-0.8346779813059243,0.65,1263.0,0.9504532981108688,497.0,0.0,0.7176136363636364,0.5534363828218113,0.5682228514151557,0.8488636363636364,1760.0,0.0,0.0
338.0,0.19204545454545455,828.0,0.5069308043651555,0.5099629387313255,0.47045454545454546,0.5,0.5,594.0,0.3375,0.8147268408551069,0.584659090909091,1029.0,1029.0,0.7838928987062052,1.0,0.6026935125686131,1.0,global,-0.8346779813059243,0.65,1263.0,0.7838929003722789,497.0,0.0,0.7176136363636364,0.48187346296373956,0.5682228514151557,0.5295454545454545,1760.0,0.0,0.0
0.0,0.0,1164.0,0.49169453317172085,0.47788031862450686,0.6613636363636364,0.5,1.0,596.0,0.3386363636363636,0.6737925574030087,0.48352272727272727,851.0,851.0,0.6499800193168371,0.737220636839895,0.3292285352792904,1.0,global,-0.8346779813059243,0.65,1263.0,0.6499800247013356,497.0,0.0,0.7176136363636364,0.4327269562002796,0.5682228514151557,0.3386363636363636,1760.0,0.0,0.0
1760.0,1.0,0.0,nan,nan,0.0,0.5,0.0,0.0,0.0,1.0,0.7176136363636364,1263.0,1263.0,1.0,1.0,1.0,1.0,global,-0.711971735731676,0.68,1263.0,1.0,497.0,0.0,0.7176136363636364,0.5682228514151557,0.5682228514151557,1.0,1760.0,0.0,0.0
1760.0,1.0,0.0,nan,nan,0.0,0.5,0.025,0.0,0.0,1.0,0.7176136363636364,1263.0,1263.0,1.0,1.0,1.0,1.0,global,-0.711971735731676,0.68,1263.0,1.0,497.0,0.0,0.7176136363636364,0.5682228514151557,0.5682228514151557,1.0,1760.0,0.0,0.0
1760.0,1.0,0.0,nan,nan,0.0,0.5,0.05,0.0,0.0,1.0,0.7176136363636364,1263.0,1263.0,1.0,1.0,1.0,1.0,global,-0.711971735731676,0.68,1263.0,1.0,497.0,0.0,0.7176136363636364,0.5682228514151557,0.5682228514151557,1.0,1760.0,0.0,0.0
1665.0,0.9460227272727273,23.0,0.7583874237794371,0.7948250592523339,0.013068181818181817,0.5,0.075,72.0,0.04090909090909091,0.997624703087886,0.7159090909090909,1260.0,1260.0,0.9976989278455185,1.0,1.0,1.0,global,-0.711971735731676,0.68,1263.0,0.9976989278455185,497.0,0.0,0.7176136363636364,0.567269727321386,0.5682228514151557,0.9869318181818182,1760.0,0.0,0.0
1450.0,0.8238636363636364,96.0,0.6093524936681385,0.7066956494714085,0.05454545454545454,0.5,0.1,214.0,0.1215909090909091,0.9904988123515439,0.7107954545454546,1251.0,1251.0,0.9818884449502415,1.0,1.0,1.0,global,-0.711971735731676,0.68,1263.0,0.9818884449959535,497.0,0.0,0.7176136363636364,0.5636887156728884,0.5682228514151557,0.9454545454545454,1760.0,0.0,0.0
1224.0,0.6954545454545454,182.0,0.6140958198453761,0.6816449031028133,0.10340909090909091,0.5,0.15,354.0,0.20113636363636364,0.9802058590657166,0.7034090909090909,1238.0,1238.0,0.9688284184043113,1.0,1.0,1.0,global,-0.711971735731676,0.68,1263.0,0.9688284192408281,497.0,0.0,0.7176136363636364,0.5596738011091306,0.5682228514151557,0.8965909090909091,1760.0,0.0,0.0
1052.0,0.5977272727272728,258.0,0.5959560342869138,0.6379289287737304,0.14659090909090908,0.5,0.2,450.0,0.2556818181818182,0.9667458432304038,0.69375,1221.0,1221.0,0.952679535547116,1.0,1.0,1.0,global,-0.711971735731676,0.68,1263.0,0.9526795363952796,497.0,0.0,0.7176136363636364,0.5545101601974106,0.5682228514151557,0.8534090909090909,1760.0,0.0,0.0
499.0,0.28352272727272726,670.0,0.5375221097308007,0.5504750327865735,0.3806818181818182,0.5,0.3,591.0,0.33579545454545456,0.8780680918448139,0.6301136363636364,1109.0,1109.0,0.8373612468845918,1.0,0.7537032206470458,1.0,global,-0.711971735731676,0.68,1263.0,0.8373612479472888,497.0,0.0,0.7176136363636364,0.5095423629848326,0.5682228514151557,0.6193181818181818,1760.0,0.0,0.0
154.0,0.0875,1001.0,0.4955826062092093,0.4829488506770898,0.56875,0.5,0.5,605.0,0.34375,0.7648456057007126,0.5488636363636363,966.0,966.0,0.711239318047301,0.8940681398348489,0.41012108015009074,1.0,global,-0.711971735731676,0.68,1263.0,0.7112393245419389,497.0,0.0,0.7176136363636364,0.46017242384468593,0.5682228514151557,0.43125,1760.0,0.0,0.0
0.0,0.0,1152.0,0.49553759967852673,0.48361520323391155,0.6545454545454545,0.5,1.0,608.0,0.34545454545454546,0.7007125890736342,0.5028409090909091,885.0,885.0,0.6505814108507761,0.7311667910975276,0.32741416137230034,1.0,global,-0.711971735731676,0.68,1263.0,0.6505814183607775,497.0,0.0,0.7176136363636364,0.44200695985949057,0.5682228514151557,0.34545454545454546,1760.0,0.0,0.0
1760.0,1.0,0.0,nan,nan,0.0,0.5,0.0,0.0,0.0,1.0,0.7176136363636364,1263.0,1263.0,1.0,1.0,1.0,1.0,global,-0.6369106704636249,0.7,1263.0,1.0,497.0,0.0,0.7176136363636364,0.5682228514151557,0.5682228514151557,1.0,1760.0,0.0,0.0
1760.0,1.0,0.0,nan,nan,0.0,0.5,0.025,0.0,0.0,1.0,0.7176136363636364,1263.0,1263.0,1.0,1.0,1.0,1.0,global,-0.6369106704636249,0.7,1263.0,1.0,497.0,0.0,0.7176136363636364,0.5682228514151557,0.5682228514151557,1.0,1760.0,0.0,0.0
1665.0,0.9460227272727273,22.0,0.6835641817933534,0.7764195217923151,0.0125,0.5,0.05,73.0,0.04147727272727273,0.9984164687252574,0.7164772727272727,1261.0,1261.0,0.9969887154492627,1.0,1.0,1.0,global,-0.6369106704636249,0.7,1263.0,0.9969887154492627,497.0,0.0,0.7176136363636364,0.5673216826905714,0.5682228514151557,0.9875,1760.0,0.0,0.0
1665.0,0.9460227272727273,22.0,0.6835641817933534,0.7764195217923151,0.0125,0.5,0.075,73.0,0.04147727272727273,0.9984164687252574,0.7164772727272727,1261.0,1261.0,0.9969887154492627,1.0,1.0,1.0,global,-0.6369106704636249,0.7,1263.0,0.9969887154492627,497.0,0.0,0.7176136363636364,0.5673216826905714,0.5682228514151557,0.9875,1760.0,0.0,0.0
1450.0,0.8238636363636364,94.0,0.5945593156355221,0.7020553105752481,0.053409090909090906,0.5,0.1,216.0,0.12272727272727273,0.9920823436262867,0.7119318181818182,1253.0,1253.0,0.9809090180546655,1.0,1.0,1.0,global,-0.6369106704636249,0.7,1263.0,0.9809090181003045,497.0,0.0,0.7176136363636364,0.5638970506213222,0.5682228514151557,0.946590909090909,1760.0,0.0,0.0
1185.0,0.6732954545454546,207.0,0.5981898932488966,0.6367792563328003,0.11761363636363636,0.5,0.15,368.0,0.20909090909090908,0.9786223277909739,0.7022727272727273,1236.0,1236.0,0.9613143991072967,1.0,1.0,1.0,global,-0.6369106704636249,0.7,1263.0,0.961314399945167,497.0,0.0,0.7176136363636364,0.5578600061204065,0.5682228514151557,0.8823863636363637,1760.0,0.0,0.0
1052.0,0.5977272727272728,256.0,0.5943834395145816,0.6367792563328003,0.14545454545454545,0.5,0.2,452.0,0.25681818181818183,0.9691211401425178,0.6954545454545454,1224.0,1224.0,0.9519490185699464,1.0,1.0,1.0,global,-0.6369106704636249,0.7,1263.0,0.9519490194160312,497.0,0.0,0.7176136363636364,0.5551105638395866,0.5682228514151557,0.8545454545454545,1760.0,0.0,0.0
499.0,0.28352272727272726,665.0,0.5347451846317525,0.547459507322229,0.3778409090909091,0.5,0.3,596.0,0.3386363636363636,0.889944576405384,0.6386363636363637,1124.0,1124.0,0.8336010357846659,1.0,0.7503909179513578,1.0,global,-0.6369106704636249,0.7,1263.0,0.8336010368072823,497.0,0.0,0.7176136363636364,0.5122185866154102,0.5682228514151557,0.6221590909090909,1760.0,0.0,0.0
83.0,0.04715909090909091,1066.0,0.4995689357140574,0.4875283736842744,0.6056818181818182,0.5,0.5,611.0,0.3471590909090909,0.7561361836896279,0.5426136363636364,955.0,955.0,0.6829729906879631,0.7898727917085826,0.37975081336854144,1.0,global,-0.6369106704636249,0.7,1263.0,0.6829729951642086,497.0,0.0,0.7176136363636364,0.4567961431315488,0.5682228514151557,0.39431818181818185,1760.0,0.0,0.0
0.0,0.0,1146.0,0.49760919874714354,0.48804285534938363,0.6511363636363636,0.5,1.0,614.0,0.3488636363636364,0.7205067300079177,0.5170454545454546,910.0,910.0,0.6499826725337242,0.7219636377551469,0.3409684074539714,1.0,global,-0.6369106704636249,0.7,1263.0,0.6499826774611835,497.0,0.0,0.7176136363636364,0.44771230804968937,0.5682228514151557,0.3488636363636364,1760.0,0.0,0.0
1760.0,1.0,0.0,nan,nan,0.0,0.5,0.0,0.0,0.0,1.0,0.7176136363636364,1263.0,1263.0,1.0,1.0,1.0,1.0,global,-0.15073624830894622,0.8,1263.0,1.0,497.0,0.0,0.7176136363636364,0.5682228514151557,0.5682228514151557,1.0,1760.0,0.0,0.0
1665.0,0.9460227272727273,19.0,0.7354083024898884,0.861322457211144,0.010795454545454546,0.5,0.025,76.0,0.04318181818181818,0.9992082343626286,0.7170454545454545,1262.0,1262.0,0.997484072606877,1.0,1.0,1.0,global,-0.15073624830894622,0.8,1263.0,0.997484072606877,497.0,0.0,0.7176136363636364,0.567619675546103,0.5682228514151557,0.9892045454545455,1760.0,0.0,0.0
1444.0,0.8204545454545454,90.0,0.6523361050078673,0.6668523085920129,0.05113636363636364,0.5,0.05,226.0,0.12840909090909092,0.995249406175772,0.7142045454545455,1257.0,1257.0,0.9836816469335434,1.0,1.0,1.0,global,-0.15073624830894622,0.8,1263.0,0.9836816469557951,497.0,0.0,0.7176136363636364,0.5649939745691217,0.5682228514151557,0.9488636363636364,1760.0,0.0,0.0
1185.0,0.6732954545454546,186.0,0.6506095606467002,0.6670997055922852,0.10568181818181818,0.5,0.075,389.0,0.22102272727272726,0.9889152810768013,0.709659090909091,1249.0,1249.0,0.9661519270122103,1.0,1.0,1.0,global,-0.15073624830894622,0.8,1263.0,0.9661519270525188,497.0,0.0,0.7176136363636364,0.5611897538602756,0.5682228514151557,0.8943181818181818,1760.0,0.0,0.0
1185.0,0.6732954545454546,186.0,0.6506095606467002,0.6670997055922852,0.10568181818181818,0.5,0.1,389.0,0.22102272727272726,0.9889152810768013,0.709659090909091,1249.0,1249.0,0.9661519270122103,1.0,1.0,1.0,global,-0.15073624830894622,0.8,1263.0,0.9661519270525188,497.0,0.0,0.7176136363636364,0.5611897538602756,0.5682228514151557,0.8943181818181818,1760.0,0.0,0.0
1052.0,0.5977272727272728,231.0,0.6527389297598417,0.6676606649463875,0.13125,0.5,0.15,477.0,0.27102272727272725,0.9809976247030879,0.7039772727272727,1239.0,1239.0,0.9590798093179473,1.0,1.0,1.0,global,-0.15073624830894622,0.8,1263.0,0.9590798093585812,497.0,0.0,0.7176136363636364,0.5593074291822043,0.5682228514151557,0.86875,1760.0,0.0,0.0
463.0,0.2630681818181818,657.0,0.5890317584496157,0.5903385255370149,0.37329545454545454,0.5,0.2,640.0,0.36363636363636365,0.9295328582739509,0.6670454545454545,1174.0,1174.0,0.8389732614027455,1.0,0.720288558618416,1.0,global,-0.15073624830894622,0.8,1263.0,0.8389732622141545,497.0,0.0,0.7176136363636364,0.5252651149067651,0.5682228514151557,0.6267045454545455,1760.0,0.0,0.0
280.0,0.1590909090909091,828.0,0.5732539723006875,0.575684411896972,0.47045454545454546,0.5,0.3,652.0,0.3704545454545455,0.897070467141726,0.64375,1133.0,1133.0,0.7830487979216205,1.0,0.5693661457574435,1.0,global,-0.15073624830894622,0.8,1263.0,0.7830487992661683,497.0,0.0,0.7176136363636364,0.5095212100078874,0.5682228514151557,0.5295454545454545,1760.0,0.0,0.0
0.0,0.0,1100.0,0.5610919527314396,0.5585357145078476,0.625,0.5,0.5,660.0,0.375,0.8171021377672208,0.5863636363636363,1032.0,1032.0,0.6895320983468517,0.7550071146110076,0.4552548536388585,1.0,global,-0.15073624830894622,0.8,1263.0,0.6895321000710866,497.0,0.0,0.7176136363636364,0.48457547367915604,0.5682228514151557,0.375,1760.0,0.0,0.0
0.0,0.0,1100.0,0.5610919527314396,0.5585357145078476,0.625,0.5,1.0,660.0,0.375,0.8171021377672208,0.5863636363636363,1032.0,1032.0,0.6895320983468517,0.7550071146110076,0.4552548536388585,1.0,global,-0.15073624830894622,0.8,1263.0,0.6895321000710866,497.0,0.0,0.7176136363636364,0.48457547367915604,0.5682228514151557,0.375,1760.0,0.0,0.0
1760.0,1.0,0.0,nan,nan,0.0,0.5,0.0,0.0,0.0,1.0,0.7176136363636364,1263.0,1263.0,1.0,1.0,1.0,1.0,global,0.03744800064340486,0.85,1263.0,1.0,497.0,0.0,0.7176136363636364,0.5682228514151557,0.5682228514151557,1.0,1760.0,0.0,0.0
1439.0,0.8176136363636364,84.0,0.6545844126886573,0.6930158151282246,0.04772727272727273,0.5,0.025,237.0,0.13465909090909092,0.997624703087886,0.7159090909090909,1260.0,1260.0,0.9851964748295139,1.0,1.0,1.0,global,0.03744800064340486,0.85,1263.0,0.9851964752320156,497.0,0.0,0.7176136363636364,0.5656124160126597,0.5682228514151557,0.9522727272727273,1760.0,0.0,0.0
1185.0,0.6732954545454546,172.0,0.6674164425864347,0.6934741980120717,0.09772727272727273,0.5,0.05,403.0,0.22897727272727272,0.9936658749010293,0.7130681818181818,1255.0,1255.0,0.9681991817612529,1.0,1.0,1.0,global,0.03744800064340486,0.85,1263.0,0.9681991821653579,497.0,0.0,0.7176136363636364,0.5624812376188444,0.5682228514151557,0.9022727272727272,1760.0,0.0,0.0
1149.0,0.6528409090909091,204.0,0.6232601599187821,0.6560312329757285,0.1159090909090909,0.5,0.075,407.0,0.23125,0.9920823436262867,0.7119318181818182,1253.0,1253.0,0.9555008010119551,1.0,1.0,1.0,global,0.03744800064340486,0.85,1263.0,0.9555008014464225,497.0,0.0,0.7176136363636364,0.5589471458468286,0.5682228514151557,0.884090909090909,1760.0,0.0,0.0
1149.0,0.6528409090909091,204.0,0.6232601599187821,0.6560312329757285,0.1159090909090909,0.5,0.1,407.0,0.23125,0.9920823436262867,0.7119318181818182,1253.0,1253.0,0.9555008010119551,1.0,1.0,1.0,global,0.03744800064340486,0.85,1263.0,0.9555008014464225,497.0,0.0,0.7176136363636364,0.5589471458468286,0.5682228514151557,0.884090909090909,1760.0,0.0,0.0
415.0,0.23579545454545456,673.0,0.6056621864412014,0.6314399169419578,0.38238636363636364,0.5,0.15,672.0,0.38181818181818183,0.9524940617577197,0.6835227272727272,1203.0,1203.0,0.8321687776042352,1.0,0.6913475078270577,1.0,global,0.03744800064340486,0.85,1263.0,0.8321687780847058,497.0,0.0,0.7176136363636364,0.5292365911751822,0.5682228514151557,0.6176136363636363,1760.0,0.0,0.0
338.0,0.19204545454545455,742.0,0.598059040932619,0.6207576341302105,0.42159090909090907,0.5,0.2,680.0,0.38636363636363635,0.9422011084718923,0.6761363636363636,1190.0,1190.0,0.809838016844592,1.0,0.6384868334378122,1.0,global,0.03744800064340486,0.85,1263.0,0.8098380175066314,497.0,0.0,0.7176136363636364,0.5242522040337528,0.5682228514151557,0.5784090909090909,1760.0,0.0,0.0
67.0,0.03806818181818182,1006.0,0.5810514615547017,0.6098157404683012,0.571590909090909,0.5,0.3,687.0,0.39034090909090907,0.889944576405384,0.6386363636363637,1124.0,1124.0,0.723061597807067,0.805360328201185,0.5247249066179975,1.0,global,0.03744800064340486,0.85,1263.0,0.7230616006466223,497.0,0.0,0.7176136363636364,0.5050591226143707,0.5682228514151557,0.4284090909090909,1760.0,0.0,0.0
0.0,0.0,1072.0,0.5778783246715163,0.6065609461980384,0.6090909090909091,0.5,0.5,688.0,0.39090909090909093,0.8725257323832145,0.6261363636363636,1102.0,1102.0,0.6996883906918954,0.7546274475481494,0.5012694757051286,1.0,global,0.03744800064340486,0.85,1263.0,0.6996883941430772,497.0,0.0,0.7176136363636364,0.4988416323232562,0.5682228514151557,0.39090909090909093,1760.0,0.0,0.0
0.0,0.0,1072.0,0.5778783246715163,0.6065609461980384,0.6090909090909091,0.5,1.0,688.0,0.39090909090909093,0.8725257323832145,0.6261363636363636,1102.0,1102.0,0.6996883906918954,0.7546274475481494,0.5012694757051286,1.0,global,0.03744800064340486,0.85,1263.0,0.6996883941430772,497.0,0.0,0.7176136363636364,0.4988416323232562,0.5682228514151557,0.39090909090909093,1760.0,0.0,0.0
1665.0,0.9460227272727273,15.0,0.705647202307095,0.8374078892023465,0.008522727272727272,0.5,0.0,80.0,0.045454545454545456,1.0,0.7176136363636364,1263.0,1263.0,0.997436357264749,1.0,1.0,1.0,global,0.15841074778747907,0.88,1263.0,0.997436357264749,497.0,0.0,0.7176136363636364,0.567791470844423,0.5682228514151557,0.9914772727272727,1760.0,0.0,0.0
1224.0,0.6954545454545454,138.0,0.6850152855280367,0.7338138141919025,0.07840909090909091,0.5,0.025,398.0,0.22613636363636364,0.9968329374505146,0.7153409090909091,1259.0,1259.0,0.9752315435006161,1.0,1.0,1.0,global,0.15841074778747907,0.88,1263.0,0.9752315440019005,497.0,0.0,0.7176136363636364,0.5643472937955633,0.5682228514151557,0.9215909090909091,1760.0,0.0,0.0
1185.0,0.6732954545454546,162.0,0.6822952990105956,0.7334441014659278,0.09204545454545454,0.5,0.05,413.0,0.2346590909090909,0.9960411718131433,0.7147727272727272,1258.0,1258.0,0.9701994000661766,1.0,1.0,1.0,global,0.15841074778747907,0.88,1263.0,0.9701994005678598,497.0,0.0,0.7176136363636364,0.5632682515109457,0.5682228514151557,0.9079545454545455,1760.0,0.0,0.0
1149.0,0.6528409090909091,194.0,0.6488215530565155,0.6858301375490954,0.11022727272727273,0.5,0.075,417.0,0.2369318181818182,0.9944576405384006,0.7136363636363636,1256.0,1256.0,0.9591783015495632,1.0,1.0,1.0,global,0.15841074778747907,0.88,1263.0,0.9591783020520448,497.0,0.0,0.7176136363636364,0.5602000688298391,0.5682228514151557,0.8897727272727273,1760.0,0.0,0.0
1016.0,0.5772727272727273,237.0,0.6544311391273518,0.687503993748523,0.13465909090909092,0.5,0.1,507.0,0.28806818181818183,0.9889152810768013,0.709659090909091,1249.0,1249.0,0.9521349776373353,1.0,1.0,1.0,global,0.15841074778747907,0.88,1263.0,0.9521349781426334,497.0,0.0,0.7176136363636364,0.5588765927213613,0.5682228514151557,0.8653409090909091,1760.0,0.0,0.0
357.0,0.2028409090909091,710.0,0.6284208548536856,0.6612237680563978,0.4034090909090909,0.5,0.15,693.0,0.39375,0.9580364212193191,0.6875,1210.0,1210.0,0.8277223963412543,1.0,0.6815410548416397,1.0,global,0.15841074778747907,0.88,1263.0,0.8277223969778538,497.0,0.0,0.7176136363636364,0.5303821385181096,0.5682228514151557,0.5965909090909091,1760.0,0.0,0.0
150.0,0.08522727272727272,905.0,0.6127838047551026,0.6485120076363381,0.5142045454545454,0.5,0.2,705.0,0.4005681818181818,0.931908155186065,0.66875,1177.0,1177.0,0.7664201371080058,0.8691770167563004,0.5985041428493464,1.0,global,0.15841074778747907,0.88,1263.0,0.7664201381802442,497.0,0.0,0.7176136363636364,0.5179685534179099,0.5682228514151557,0.48579545454545453,1760.0,0.0,0.0
67.0,0.03806818181818182,983.0,0.6049324034913518,0.6373139093623987,0.5585227272727272,0.5,0.3,710.0,0.4034090909090909,0.9168646080760094,0.6579545454545455,1158.0,1158.0,0.7396920758755626,0.8210614200601407,0.571059193224946,1.0,global,0.15841074778747907,0.88,1263.0,0.7396920777305473,497.0,0.0,0.7176136363636364,0.5134561819736451,0.5682228514151557,0.4414772727272727,1760.0,0.0,0.0
0.0,0.0,1047.0,0.6030314189160766,0.6344413193147268,0.5948863636363636,0.5,0.5,713.0,0.40511363636363634,0.89944576405384,0.6454545454545455,1136.0,1136.0,0.7197457728615259,0.7707084462546006,0.5478368390990835,1.0,global,0.15841074778747907,0.88,1263.0,0.7197457747524346,497.0,0.0,0.7176136363636364,0.5080568735007125,0.5682228514151557,0.40511363636363634,1760.0,0.0,0.0
0.0,0.0,1047.0,0.6030314189160766,0.6344413193147268,0.5948863636363636,0.5,1.0,713.0,0.40511363636363634,0.89944576405384,0.6454545454545455,1136.0,1136.0,0.7197457728615259,0.7707084462546006,0.5478368390990835,1.0,global,0.15841074778747907,0.88,1263.0,0.7197457747524346,497.0,0.0,0.7176136363636364,0.5080568735007125,0.5682228514151557,0.40511363636363634,1760.0,0.0,0.0
1665.0,0.9460227272727273,15.0,0.7369151310086075,0.8635768858617788,0.008522727272727272,0.5,0.0,80.0,0.045454545454545456,1.0,0.7176136363636364,1263.0,1263.0,0.9977086828512229,1.0,1.0,1.0,global,0.24366647328891408,0.9,1263.0,0.9977086828512229,497.0,0.0,0.7176136363636364,0.5678369253898776,0.5682228514151557,0.9914772727272727,1760.0,0.0,0.0
1224.0,0.6954545454545454,136.0,0.7107388264868535,0.7618171244043013,0.07727272727272727,0.5,0.025,400.0,0.22727272727272727,0.9968329374505146,0.7153409090909091,1259.0,1259.0,0.9777137936213065,1.0,1.0,1.0,global,0.24366647328891408,0.9,1263.0,0.9777137940241277,497.0,0.0,0.7176136363636364,0.5647945740740969,0.5682228514151557,0.9227272727272727,1760.0,0.0,0.0
1185.0,0.6732954545454546,160.0,0.7091847515706526,0.7544103456117122,0.09090909090909091,0.5,0.05,415.0,0.23579545454545456,0.9960411718131433,0.7147727272727272,1258.0,1258.0,0.9731839675534147,1.0,1.0,1.0,global,0.24366647328891408,0.9,1263.0,0.9731839679565566,497.0,0.0,0.7176136363636364,0.5638121226985703,0.5682228514151557,0.9090909090909091,1760.0,0.0,0.0
1149.0,0.6528409090909091,192.0,0.6808545138405846,0.7203114266140702,0.10909090909090909,0.5,0.075,419.0,0.23806818181818182,0.9944576405384006,0.7136363636363636,1256.0,1256.0,0.9634100716505128,1.0,1.0,1.0,global,0.24366647328891408,0.9,1263.0,0.9634100720542965,497.0,0.0,0.7176136363636364,0.5610507581992817,0.5682228514151557,0.8909090909090909,1760.0,0.0,0.0
415.0,0.23579545454545456,648.0,0.6577856695783797,0.695552245184559,0.36818181818181817,0.5,0.1,697.0,0.39602272727272725,0.9714964370546318,0.6971590909090909,1227.0,1227.0,0.8549702919158576,1.0,0.7398263712649706,1.0,global,0.24366647328891408,0.9,1263.0,0.8549702925038559,497.0,0.0,0.7176136363636364,0.5379932752141204,0.5682228514151557,0.6318181818181818,1760.0,0.0,0.0
286.0,0.1625,772.0,0.6453795202168898,0.6879014458667936,0.43863636363636366,0.5,0.15,702.0,0.39886363636363636,0.9580364212193191,0.6875,1210.0,1210.0,0.8180005636815607,1.0,0.6830262434502857,1.0,global,0.24366647328891408,0.9,1263.0,0.8180005646578085,497.0,0.0,0.7176136363636364,0.5306579623845007,0.5682228514151557,0.5613636363636364,1760.0,0.0,0.0
150.0,0.08522727272727272,898.0,0.6396689358900879,0.6804571226776327,0.5102272727272728,0.5,0.2,712.0,0.40454545454545454,0.9422011084718923,0.6761363636363636,1190.0,1190.0,0.7825901646799017,0.8840237599173884,0.6318336174410911,1.0,global,0.24366647328891408,0.9,1263.0,0.782590165672557,497.0,0.0,0.7176136363636364,0.5232721652071303,0.5682228514151557,0.48977272727272725,1760.0,0.0,0.0
67.0,0.03806818181818182,976.0,0.6319105263731876,0.6741353964448278,0.5545454545454546,0.5,0.3,717.0,0.40738636363636366,0.9279493269992082,0.6659090909090909,1172.0,1172.0,0.7575383330717583,0.8402703105206227,0.6002308396237749,1.0,global,0.24366647328891408,0.9,1263.0,0.7575383347879141,497.0,0.0,0.7176136363636364,0.5191916119446837,0.5682228514151557,0.44545454545454544,1760.0,0.0,0.0
0.0,0.0,1040.0,0.629316057345854,0.6711906000201521,0.5909090909090909,0.5,0.5,720.0,0.4090909090909091,0.9121140142517815,0.6545454545454545,1152.0,1152.0,0.7383975300539751,0.7927412470370714,0.5837813202225842,1.0,global,0.24366647328891408,0.9,1263.0,0.7383975317999252,497.0,0.0,0.7176136363636364,0.5143434398353874,0.5682228514151557,0.4090909090909091,1760.0,0.0,0.0
0.0,0.0,1040.0,0.629316057345854,0.6711906000201521,0.5909090909090909,0.5,1.0,720.0,0.4090909090909091,0.9121140142517815,0.6545454545454545,1152.0,1152.0,0.7383975300539751,0.7927412470370714,0.5837813202225842,1.0,global,0.24366647328891408,0.9,1263.0,0.7383975317999252,497.0,0.0,0.7176136363636364,0.5143434398353874,0.5682228514151557,0.4090909090909091,1760.0,0.0,0.0
1394.0,0.7920454545454545,97.0,0.7105882297516359,0.7458066205106723,0.055113636363636365,0.5,0.0,269.0,0.15284090909090908,1.0,0.7176136363636364,1263.0,1263.0,0.9837306130739241,1.0,1.0,1.0,global,0.35897841159110516,0.92,1263.0,0.9837306130739241,497.0,0.0,0.7176136363636364,0.5657092529549085,0.5682228514151557,0.9448863636363637,1760.0,0.0,0.0
1137.0,0.6460227272727272,195.0,0.7076957467726344,0.7511548563795392,0.11079545454545454,0.5,0.025,428.0,0.2431818181818182,0.997624703087886,0.7159090909090909,1260.0,1260.0,0.9652018746157899,1.0,1.0,1.0,global,0.35897841159110516,0.92,1263.0,0.9652018746157899,497.0,0.0,0.7176136363636364,0.5622645760770276,0.5682228514151557,0.8892045454545454,1760.0,0.0,0.0
1101.0,0.6255681818181819,227.0,0.6922054246603235,0.7356055236283962,0.12897727272727272,0.5,0.05,432.0,0.24545454545454545,0.9968329374505146,0.7153409090909091,1259.0,1259.0,0.9562388967547243,1.0,1.0,1.0,global,0.35897841159110516,0.92,1263.0,0.9562388967547243,497.0,0.0,0.7176136363636364,0.5599463933959209,0.5682228514151557,0.8710227272727272,1760.0,0.0,0.0
357.0,0.2028409090909091,693.0,0.6850729547328733,0.7352659574728119,0.39375,0.5,0.075,710.0,0.4034090909090909,0.9817893903404592,0.7045454545454546,1240.0,1240.0,0.85294938773414,1.0,0.7459130072390232,1.0,global,0.35897841159110516,0.92,1263.0,0.8529493913589659,497.0,0.0,0.7176136363636364,0.5399136418319712,0.5682228514151557,0.60625,1760.0,0.0,0.0
286.0,0.1625,760.0,0.6766525761935147,0.7284840259288726,0.4318181818181818,0.5,0.1,714.0,0.4056818181818182,0.9770387965162312,0.7011363636363637,1234.0,1234.0,0.8330856491371706,0.9829640327373277,0.7226334769521481,1.0,global,0.35897841159110516,0.92,1263.0,0.8330856527796214,497.0,0.0,0.7176136363636364,0.5367951156546039,0.5682228514151557,0.5681818181818182,1760.0,0.0,0.0
150.0,0.08522727272727272,885.0,0.6698705684619657,0.7201619072556961,0.5028409090909091,0.5,0.15,725.0,0.4119318181818182,0.9659540775930324,0.6931818181818182,1220.0,1220.0,0.8000281558142562,0.8892935054613269,0.6790210100692403,1.0,global,0.35897841159110516,0.92,1263.0,0.8000281600032305,497.0,0.0,0.7176136363636364,0.5305808797784014,0.5682228514151557,0.4971590909090909,1760.0,0.0,0.0
67.0,0.03806818181818182,963.0,0.6628864426676908,0.715250438764437,0.5471590909090909,0.5,0.2,730.0,0.4147727272727273,0.9548693586698337,0.6852272727272727,1206.0,1206.0,0.7772143406352816,0.8524307933198036,0.6457920096927907,1.0,global,0.35897841159110516,0.92,1263.0,0.7772143452512812,497.0,0.0,0.7176136363636364,0.5271537356068638,0.5682228514151557,0.45284090909090907,1760.0,0.0,0.0
0.0,0.0,1027.0,0.6576258176298186,0.7123060219243911,0.5835227272727272,0.5,0.3,733.0,0.41647727272727275,0.943784639746635,0.6772727272727272,1192.0,1192.0,0.7575806963754756,0.8152867004537171,0.628217090338173,1.0,global,0.35897841159110516,0.92,1263.0,0.7575807012213367,497.0,0.0,0.7176136363636364,0.5230896544066584,0.5682228514151557,0.41647727272727275,1760.0,0.0,0.0
0.0,0.0,1027.0,0.6576258176298186,0.7123060219243911,0.5835227272727272,0.5,0.5,733.0,0.41647727272727275,0.943784639746635,0.6772727272727272,1192.0,1192.0,0.7575806963754756,0.8152867004537171,0.628217090338173,1.0,global,0.35897841159110516,0.92,1263.0,0.7575807012213367,497.0,0.0,0.7176136363636364,0.5230896544066584,0.5682228514151557,0.41647727272727275,1760.0,0.0,0.0
0.0,0.0,1027.0,0.6576258176298186,0.7123060219243911,0.5835227272727272,0.5,1.0,733.0,0.41647727272727275,0.943784639746635,0.6772727272727272,1192.0,1192.0,0.7575806963754756,0.8152867004537171,0.628217090338173,1.0,global,0.35897841159110516,0.92,1263.0,0.7575807012213367,497.0,0.0,0.7176136363636364,0.5230896544066584,0.5682228514151557,0.41647727272727275,1760.0,0.0,0.0
1287.0,0.73125,124.0,0.7951451544576099,0.8508033382461906,0.07045454545454545,0.5,0.0,349.0,0.19829545454545455,1.0,0.7176136363636364,1263.0,1263.0,0.9852400705111974,1.0,1.0,1.0,global,0.5473822799081935,0.95,1263.0,0.9852400714591463,497.0,0.0,0.7176136363636364,0.5661149674988082,0.5682228514151557,0.9295454545454546,1760.0,0.0,0.0
1004.0,0.5704545454545454,229.0,0.774743032087672,0.8318622343627642,0.13011363636363638,0.5,0.025,527.0,0.2994318181818182,0.997624703087886,0.7159090909090909,1260.0,1260.0,0.9681779838980998,1.0,1.0,1.0,global,0.5473822799081935,0.95,1263.0,0.96817798533354,497.0,0.0,0.7176136363636364,0.5634894435292094,0.5682228514151557,0.8698863636363636,1760.0,0.0,0.0
415.0,0.23579545454545456,625.0,0.7700243112744152,0.8148769377861318,0.35511363636363635,0.5,0.05,720.0,0.4090909090909091,0.9936658749010293,0.7130681818181818,1255.0,1255.0,0.9025122976876406,1.0,0.8419471076716194,1.0,global,0.5473822799081935,0.95,1263.0,0.9025123015190789,497.0,0.0,0.7176136363636364,0.5508901550070834,0.5682228514151557,0.6448863636363636,1760.0,0.0,0.0
209.0,0.11875,812.0,0.7574502262120155,0.8050263960045951,0.46136363636363636,0.5,0.075,739.0,0.4198863636363636,0.9833729216152018,0.7056818181818182,1242.0,1242.0,0.8636878082898447,0.9560336228839235,0.784341869114657,1.0,global,0.5473822799081935,0.95,1263.0,0.8636878142382701,497.0,0.0,0.7176136363636364,0.5444183235372095,0.5682228514151557,0.5386363636363637,1760.0,0.0,0.0
150.0,0.08522727272727272,870.0,0.7551872430071848,0.8034243986251872,0.4943181818181818,0.5,0.1,740.0,0.42045454545454547,0.9794140934283452,0.7028409090909091,1237.0,1237.0,0.8523602936809699,0.9223279858559352,0.7725467240840254,1.0,global,0.5473822799081935,0.95,1263.0,0.8523603000529292,497.0,0.0,0.7176136363636364,0.542385300049126,0.5682228514151557,0.5056818181818182,1760.0,0.0,0.0
0.0,0.0,1012.0,0.741932719798471,0.7925803346717111,0.575,0.5,0.15,748.0,0.425,0.9643705463182898,0.6920454545454545,1218.0,1218.0,0.8177850074110714,0.8673000711131762,0.7341422688471322,1.0,global,0.5473822799081935,0.95,1263.0,0.817785015161972,497.0,0.0,0.7176136363636364,0.5372114884677506,0.5682228514151557,0.425,1760.0,0.0,0.0
0.0,0.0,1012.0,0.741932719798471,0.7925803346717111,0.575,0.5,0.2,748.0,0.425,0.9643705463182898,0.6920454545454545,1218.0,1218.0,0.8177850074110714,0.8673000711131762,0.7341422688471322,1.0,global,0.5473822799081935,0.95,1263.0,0.817785015161972,497.0,0.0,0.7176136363636364,0.5372114884677506,0.5682228514151557,0.425,1760.0,0.0,0.0
0.0,0.0,1012.0,0.741932719798471,0.7925803346717111,0.575,0.5,0.3,748.0,0.425,0.9643705463182898,0.6920454545454545,1218.0,1218.0,0.8177850074110714,0.8673000711131762,0.7341422688471322,1.0,global,0.5473822799081935,0.95,1263.0,0.817785015161972,497.0,0.0,0.7176136363636364,0.5372114884677506,0.5682228514151557,0.425,1760.0,0.0,0.0
0.0,0.0,1012.0,0.741932719798471,0.7925803346717111,0.575,0.5,0.5,748.0,0.425,0.9643705463182898,0.6920454545454545,1218.0,1218.0,0.8177850074110714,0.8673000711131762,0.7341422688471322,1.0,global,0.5473822799081935,0.95,1263.0,0.817785015161972,497.0,0.0,0.7176136363636364,0.5372114884677506,0.5682228514151557,0.425,1760.0,0.0,0.0
0.0,0.0,1012.0,0.741932719798471,0.7925803346717111,0.575,0.5,1.0,748.0,0.425,0.9643705463182898,0.6920454545454545,1218.0,1218.0,0.8177850074110714,0.8673000711131762,0.7341422688471322,1.0,global,0.5473822799081935,0.95,1263.0,0.817785015161972,497.0,0.0,0.7176136363636364,0.5372114884677506,0.5682228514151557,0.425,1760.0,0.0,0.0
1118.0,0.6352272727272728,184.0,0.8852301958487011,0.9187926227415041,0.10454545454545454,0.5,0.0,458.0,0.26022727272727275,1.0,0.7176136363636364,1263.0,1263.0,0.986551123504044,1.0,1.0,1.0,global,0.7693321230909829,0.975,1263.0,0.9865511246245489,497.0,0.0,0.7176136363636364,0.566259871555453,0.5682228514151557,0.8954545454545455,1760.0,0.0,0.0
344.0,0.19545454545454546,664.0,0.8822919504807257,0.9125117916719107,0.37727272727272726,0.5,0.025,752.0,0.42727272727272725,0.9968329374505146,0.7153409090909091,1259.0,1259.0,0.9453064265537924,1.0,0.9177438732555242,1.0,global,0.7693321230909829,0.975,1263.0,0.9453064288577201,497.0,0.0,0.7176136363636364,0.5591527533473895,0.5682228514151557,0.6227272727272727,1760.0,0.0,0.0
150.0,0.08522727272727272,842.0,0.8734254856533072,0.9052865598615729,0.4784090909090909,0.5,0.05,768.0,0.43636363636363634,0.9920823436262867,0.7119318181818182,1253.0,1253.0,0.9245401738092741,0.9715788970311215,0.8905460430903978,1.0,global,0.7693321230909829,0.975,1263.0,0.9245401769667663,497.0,0.0,0.7176136363636364,0.5561304633290736,0.5682228514151557,0.5215909090909091,1760.0,0.0,0.0
0.0,0.0,982.0,0.8600607586424854,0.8994964411432961,0.5579545454545455,0.5,0.075,778.0,0.4420454545454545,0.9857482185273159,0.7073863636363636,1245.0,1245.0,0.9020987315482769,0.9413811437028852,0.8719166198873324,1.0,global,0.7693321230909829,0.975,1263.0,0.9020987358694232,497.0,0.0,0.7176136363636364,0.5536596523907162,0.5682228514151557,0.4420454545454545,1760.0,0.0,0.0
0.0,0.0,982.0,0.8600607586424854,0.8994964411432961,0.5579545454545455,0.5,0.1,778.0,0.4420454545454545,0.9857482185273159,0.7073863636363636,1245.0,1245.0,0.9020987315482769,0.9413811437028852,0.8719166198873324,1.0,global,0.7693321230909829,0.975,1263.0,0.9020987358694232,497.0,0.0,0.7176136363636364,0.5536596523907162,0.5682228514151557,0.4420454545454545,1760.0,0.0,0.0
0.0,0.0,982.0,0.8600607586424854,0.8994964411432961,0.5579545454545455,0.5,0.15,778.0,0.4420454545454545,0.9857482185273159,0.7073863636363636,1245.0,1245.0,0.9020987315482769,0.9413811437028852,0.8719166198873324,1.0,global,0.7693321230909829,0.975,1263.0,0.9020987358694232,497.0,0.0,0.7176136363636364,0.5536596523907162,0.5682228514151557,0.4420454545454545,1760.0,0.0,0.0
0.0,0.0,982.0,0.8600607586424854,0.8994964411432961,0.5579545454545455,0.5,0.2,778.0,0.4420454545454545,0.9857482185273159,0.7073863636363636,1245.0,1245.0,0.9020987315482769,0.9413811437028852,0.8719166198873324,1.0,global,0.7693321230909829,0.975,1263.0,0.9020987358694232,497.0,0.0,0.7176136363636364,0.5536596523907162,0.5682228514151557,0.4420454545454545,1760.0,0.0,0.0
0.0,0.0,982.0,0.8600607586424854,0.8994964411432961,0.5579545454545455,0.5,0.3,778.0,0.4420454545454545,0.9857482185273159,0.7073863636363636,1245.0,1245.0,0.9020987315482769,0.9413811437028852,0.8719166198873324,1.0,global,0.7693321230909829,0.975,1263.0,0.9020987358694232,497.0,0.0,0.7176136363636364,0.5536596523907162,0.5682228514151557,0.4420454545454545,1760.0,0.0,0.0
0.0,0.0,982.0,0.8600607586424854,0.8994964411432961,0.5579545454545455,0.5,0.5,778.0,0.4420454545454545,0.9857482185273159,0.7073863636363636,1245.0,1245.0,0.9020987315482769,0.9413811437028852,0.8719166198873324,1.0,global,0.7693321230909829,0.975,1263.0,0.9020987358694232,497.0,0.0,0.7176136363636364,0.5536596523907162,0.5682228514151557,0.4420454545454545,1760.0,0.0,0.0
0.0,0.0,982.0,0.8600607586424854,0.8994964411432961,0.5579545454545455,0.5,1.0,778.0,0.4420454545454545,0.9857482185273159,0.7073863636363636,1245.0,1245.0,0.9020987315482769,0.9413811437028852,0.8719166198873324,1.0,global,0.7693321230909829,0.975,1263.0,0.9020987358694232,497.0,0.0,0.7176136363636364,0.5536596523907162,0.5682228514151557,0.4420454545454545,1760.0,0.0,0.0
