alpha,calibration_abstain_low_conf_count,calibration_abstain_low_conf_share,calibration_active_count,calibration_active_covered_gap_norm_mean,calibration_active_covered_gap_norm_median,calibration_active_share,calibration_clamp_over_pside_count,calibration_clamp_over_pside_share,calibration_coverage_feasible,calibration_coverage_overall,calibration_covered_count,calibration_covered_feasible_count,calibration_covered_gap_norm_mean,calibration_covered_gap_norm_median,calibration_covered_gap_norm_q25,calibration_covered_gap_norm_q75,calibration_feasible_count,calibration_feasible_covered_gap_norm_mean,calibration_infeasible_count,calibration_max_possible_coverage,calibration_mean_p_pred,calibration_mean_p_side,calibration_non_active_share,calibration_sample_count,calibration_side_violation_count,calibration_side_violation_rate,epoch,loss,selected_bucket_miss_threshold,selected_delta_norm,selected_delta_quantile
0.01,290.0,0.16477272727272727,1468.0,0.42101331923406976,0.46092060344349706,0.8340909090909091,2.0,0.0011363636363636363,0.7450514647664291,0.5346590909090909,941.0,941.0,0.5852954061251466,0.5691513758185529,0.3548863025100881,1.0,1263.0,0.5852954068339352,497.0,0.7176136363636364,0.4344058314999318,0.5682228514151557,0.16590909090909092,1760.0,0.0,0.0,1,0.0763810896979911,0.5,0.6371322665472027,0.6
0.01,357.0,0.2028409090909091,1401.0,0.42638212944349435,0.46854127452244293,0.7960227272727273,2.0,0.0011363636363636363,0.770387965162312,0.5528409090909091,973.0,973.0,0.6215183217910826,0.6015814920134936,0.3898027409120663,1.0,1263.0,0.621518322242649,497.0,0.7176136363636364,0.44478918610286566,0.5682228514151557,0.20397727272727273,1760.0,0.0,0.0,2,0.023603859956243207,0.5,0.6355568888123072,0.6
0.01,357.0,0.2028409090909091,1401.0,0.4325709318602392,0.4729169518151324,0.7960227272727273,2.0,0.0011363636363636363,0.7759303246239113,0.5568181818181818,980.0,980.0,0.6242229946707094,0.6072225235713218,0.39781316326163324,1.0,1263.0,0.6242229954634151,497.0,0.7176136363636364,0.44705623155741103,0.5682228514151557,0.20397727272727273,1760.0,0.0,0.0,3,0.023357000800647905,0.5,0.6254668912781826,0.6
0.01,357.0,0.2028409090909091,1401.0,0.43074292914441664,0.47227599004106163,0.7960227272727273,2.0,0.0011363636363636363,0.7783056215360253,0.5585227272727272,983.0,983.0,0.6224256254345469,0.6034071584428071,0.3931715135886636,1.0,1263.0,0.6224256262332085,497.0,0.7176136363636364,0.4470335042846838,0.5682228514151557,0.20397727272727273,1760.0,0.0,0.0,4,0.023638259020767043,0.5,0.6196250946589928,0.6
0.01,290.0,0.16477272727272727,1468.0,0.4292754136336161,0.47080873959660996,0.8340909090909091,2.0,0.0011363636363636363,0.7513855898653998,0.5392045454545454,949.0,949.0,0.5898480844026619,0.5707241303627808,0.36314035968987757,1.0,1263.0,0.5898480848833705,497.0,0.7176136363636364,0.4374910587726591,0.5682228514151557,0.16590909090909092,1760.0,0.0,0.0,5,0.023005648981779814,0.5,0.6208145810406992,0.6
0.01,357.0,0.2028409090909091,1400.0,0.43151070106983286,0.4729169518151324,0.7954545454545454,3.0,0.0017045454545454545,0.7759303246239113,0.5568181818181818,980.0,980.0,0.6235208622391037,0.6059633638148798,0.39657945933695626,1.0,1263.0,0.6235208629769206,497.0,0.7176136363636364,0.4466711758311207,0.5682228514151557,0.20454545454545456,1760.0,0.0,0.0,6,0.02306273260286876,0.5,0.6170005333694747,0.6
0.01,290.0,0.16477272727272727,1468.0,0.43125167719255997,0.47218697334440124,0.8340909090909091,2.0,0.0011363636363636363,0.7490102929532858,0.5375,946.0,946.0,0.5917757809870487,0.5711007380492725,0.36872192416753713,1.0,1263.0,0.5917757814692818,497.0,0.7176136363636364,0.4374337803471064,0.5682228514151557,0.16590909090909092,1760.0,0.0,0.0,7,0.022560543779815947,0.5,0.6220042029736887,0.6
0.01,357.0,0.2028409090909091,1402.0,0.4331281473761165,0.4729169518151324,0.7965909090909091,1.0,0.0005681818181818182,0.7727632620744259,0.5545454545454546,976.0,976.0,0.6253766957557327,0.6060537773236137,0.39745865311933404,1.0,1263.0,0.6253766965126297,497.0,0.7176136363636364,0.4463044634036032,0.5682228514151557,0.2034090909090909,1760.0,0.0,0.0,8,0.022626651051853384,0.5,0.6146846471891684,0.6
0.01,357.0,0.2028409090909091,1401.0,0.4345518450637764,0.4745254795606237,0.7960227272727273,2.0,0.0011363636363636363,0.7743467933491687,0.5556818181818182,978.0,978.0,0.6259254026137663,0.6045277702960216,0.39883251676247045,1.0,1263.0,0.6259254033282744,497.0,0.7176136363636364,0.4469840849200982,0.5682228514151557,0.20397727272727273,1760.0,0.0,0.0,9,0.022798111396176473,0.5,0.6108018149652353,0.6
0.01,357.0,0.2028409090909091,1401.0,0.43405580365718827,0.47496067262741887,0.7960227272727273,2.0,0.0011363636363636363,0.7751385589865399,0.55625,979.0,979.0,0.6254015942490889,0.6054936748278368,0.4002100560348093,1.0,1263.0,0.6254015946469695,497.0,0.7176136363636364,0.44695349858640376,0.5682228514151557,0.20397727272727273,1760.0,0.0,0.0,10,0.022455910021173104,0.5,0.6133757527568741,0.6
0.01,290.0,0.16477272727272727,1467.0,0.42394551695176075,0.4682794628320336,0.8335227272727272,3.0,0.0017045454545454545,0.7513855898653998,0.5392045454545454,949.0,949.0,0.5860177476934676,0.5704749839675556,0.3651724692409216,1.0,1263.0,0.5860177482424906,497.0,0.7176136363636364,0.43613441213727777,0.5682228514151557,0.16647727272727272,1760.0,0.0,0.0,11,0.022461526162390198,0.5,0.6120630461267148,0.6
0.01,357.0,0.2028409090909091,1400.0,0.432564123253203,0.47330279947987663,0.7954545454545454,3.0,0.0017045454545454545,0.7719714964370546,0.5539772727272727,975.0,975.0,0.6252013285898078,0.6054936748278368,0.3965437061674126,1.0,1263.0,0.6252013291169062,497.0,0.7176136363636364,0.44584731219475704,0.5682228514151557,0.20454545454545456,1760.0,0.0,0.0,12,0.02220445798177804,0.5,0.6077808370203028,0.6
0.01,290.0,0.16477272727272727,1468.0,0.42473656973996055,0.46807199484324025,0.8340909090909091,2.0,0.0011363636363636363,0.7482185273159145,0.5369318181818182,945.0,945.0,0.5872713167023208,0.5707241303627808,0.36568586275246356,1.0,1263.0,0.5872713171604812,497.0,0.7176136363636364,0.43527509852699303,0.5682228514151557,0.16590909090909092,1760.0,0.0,0.0,13,0.022139401707266058,0.5,0.6105082926216847,0.6
0.01,290.0,0.16477272727272727,1468.0,0.4316261141775008,0.4685355411062722,0.8340909090909091,2.0,0.0011363636363636363,0.7490102929532858,0.5375,946.0,946.0,0.5920445364973818,0.572921975188958,0.365760715057387,1.0,1263.0,0.5920445368837681,497.0,0.7176136363636364,0.43715014968175,0.5682228514151557,0.16590909090909092,1760.0,0.0,0.0,14,0.022685854895306484,0.5,0.6187501065646616,0.6
0.01,290.0,0.16477272727272727,1466.0,0.419187842406712,0.4542671007611254,0.8329545454545455,4.0,0.0022727272727272726,0.7403008709422011,0.53125,935.0,935.0,0.5862878107410375,0.5693345816760992,0.3509203525925456,1.0,1263.0,0.5862878110073095,497.0,0.7176136363636364,0.4331475883693541,0.5682228514151557,0.16704545454545455,1760.0,0.0,0.0,15,0.021848274195300683,0.5,0.5963822127852231,0.6
0.01,286.0,0.1625,1472.0,0.4237761175935101,0.46925201463632416,0.8363636363636363,2.0,0.0011363636363636363,0.733174980205859,0.5261363636363636,926.0,926.0,0.5880559285603713,0.5716604493285287,0.3616179845681412,1.0,1263.0,0.5880559290309567,497.0,0.7176136363636364,0.43232823754903726,0.5682228514151557,0.16363636363636364,1760.0,0.0,0.0,16,0.021527521179190705,0.5,0.5974046317860792,0.6
0.01,83.0,0.04715909090909091,1672.0,0.48733741379768253,0.5342349905346724,0.95,5.0,0.002840909090909091,0.733174980205859,0.5261363636363636,926.0,926.0,0.5316279180052261,0.5594520193330019,0.3621375555063071,0.6849207569457051,1263.0,0.5316279185593775,497.0,0.7176136363636364,0.4389647607109561,0.5682228514151557,0.05,1760.0,0.0,0.0,17,0.020920355870787586,0.5,0.6756786277163165,0.68
0.01,83.0,0.04715909090909091,1674.0,0.48823537197702915,0.5328379747969166,0.9511363636363637,3.0,0.0017045454545454545,0.7339667458432304,0.5267045454545455,927.0,927.0,0.5312964733640753,0.5545230784858011,0.36289884945457496,0.6834601520512866,1263.0,0.53129647381259,497.0,0.7176136363636364,0.4390632806429175,0.5682228514151557,0.048863636363636366,1760.0,0.0,0.0,18,0.020462199513401304,0.5,0.6609980175659794,0.68
0.01,83.0,0.04715909090909091,1675.0,0.49172183425721827,0.5322554989690279,0.9517045454545454,2.0,0.0011363636363636363,0.7347585114806018,0.5272727272727272,928.0,928.0,0.5344434904295642,0.5623699770334022,0.36861137718965375,0.6901490679202815,1263.0,0.5344434908105472,497.0,0.7176136363636364,0.441251374157858,0.5682228514151557,0.048295454545454544,1760.0,0.0,0.0,19,0.019653709206197943,0.5,0.6635046580024119,0.68
0.01,548.0,0.31136363636363634,1212.0,0.354449335376649,0.37124236786276904,0.6886363636363636,0.0,0.0,0.7300079176563737,0.5238636363636363,922.0,922.0,0.6765245042776701,0.740680838962456,0.3708802759257992,1.0,1263.0,0.6765245047520502,497.0,0.7176136363636364,0.43134675636647685,0.5682228514151557,0.31136363636363634,1760.0,0.0,0.0,20,0.019718715521906103,0.5,0.49297546666670533,0.5
0.01,83.0,0.04715909090909091,1675.0,0.4798588334608401,0.5284975592550958,0.9517045454545454,2.0,0.0011363636363636363,0.735550277117973,0.5278409090909091,929.0,929.0,0.5235305352800591,0.5552237630987029,0.3478492274630218,0.6879014458667936,1263.0,0.5235305359954114,497.0,0.7176136363636364,0.437376374157858,0.5682228514151557,0.048295454545454544,1760.0,0.0,0.0,21,0.02039958942415459,0.5,0.6527217502720349,0.68
0.01,83.0,0.04715909090909091,1676.0,0.4731099547705902,0.5164391907668566,0.9522727272727273,1.0,0.0005681818181818182,0.7339667458432304,0.5267045454545455,927.0,927.0,0.5168753630582542,0.5421729537248878,0.3437371596220333,0.67634008242861,1263.0,0.5168753640554417,497.0,0.7176136363636364,0.4361637203993422,0.5682228514151557,0.04772727272727273,1760.0,0.0,0.0,22,0.019147148355841637,0.5,0.6437888423187157,0.68
0.01,0.0,0.0,1758.0,0.6126110836904533,0.6785490709510531,0.9988636363636364,2.0,0.0011363636363636363,0.8242280285035629,0.5914772727272727,1041.0,1041.0,0.6133553467381181,0.6785813202306329,0.5119718873947338,0.7804268102357032,1263.0,0.6133553515755815,497.0,0.7176136363636364,0.48611178445584874,0.5682228514151557,0.0011363636363636363,1760.0,0.0,0.0,23,0.018149127352184484,0.5,0.7798681529847371,0.8
0.01,0.0,0.0,1758.0,0.6127822954626055,0.6776580887896778,0.9988636363636364,2.0,0.0011363636363636363,0.8258115597783057,0.5926136363636364,1043.0,1043.0,0.6135248030456111,0.6785217814706143,0.5191047756403715,0.7805264982150275,1263.0,0.6135248051904013,497.0,0.7176136363636364,0.48630496627403064,0.5682228514151557,0.0011363636363636363,1760.0,0.0,0.0,24,0.01772927336527833,0.5,0.7811488112566708,0.8
0.01,83.0,0.04715909090909091,1675.0,0.4899457310282929,0.5337097832655737,0.9517045454545454,2.0,0.0011363636363636363,0.7577197149643705,0.54375,957.0,957.0,0.5315175523237925,0.5595975431179641,0.3667100370947214,0.6920312210721259,1263.0,0.5315175536242107,497.0,0.7176136363636364,0.4464672832487671,0.5682228514151557,0.048295454545454544,1760.0,0.0,0.0,25,0.01822110717850072,0.5,0.6501286382019392,0.7
0.01,83.0,0.04715909090909091,1675.0,0.47771595298636615,0.5171705148757514,0.9517045454545454,2.0,0.0011363636363636363,0.7363420427553444,0.5284090909090909,930.0,930.0,0.5215204214455742,0.5414743964419741,0.3462765424893246,0.6790517912494634,1263.0,0.5215204220568295,497.0,0.7176136363636364,0.4389331923396762,0.5682228514151557,0.048295454545454544,1760.0,0.0,0.0,26,0.018428264252309288,0.5,0.6458123582403745,0.68
0.01,83.0,0.04715909090909091,1676.0,0.4725492569057047,0.5151010343916334,0.9522727272727273,1.0,0.0005681818181818182,0.730799683293745,0.5244318181818182,923.0,923.0,0.5165511065462906,0.5358342360854446,0.34531414605881344,0.6756888020359055,1263.0,0.5165511069212917,497.0,0.7176136363636364,0.43742508403570585,0.5682228514151557,0.04772727272727273,1760.0,0.0,0.0,27,0.017615223037345067,0.5,0.6373905601996203,0.68
0.01,636.0,0.3613636363636364,1123.0,0.34718301126426365,0.37675956595661453,0.6380681818181818,1.0,0.0005681818181818182,0.7418844022169437,0.5323863636363636,937.0,937.0,0.6892674738781874,1.0,0.3891210129075912,1.0,1263.0,0.6892674742959202,497.0,0.7176136363636364,0.43506711899479006,0.5682228514151557,0.3619318181818182,1760.0,0.0,0.0,28,0.01677668670059315,0.5,0.4746953902642052,0.5
0.01,755.0,0.4289772727272727,1004.0,0.4947019828477483,0.5405835949469086,0.5704545454545454,1.0,0.0005681818181818182,0.885193982581156,0.6352272727272728,1118.0,1118.0,0.7441872292413466,0.8003052989267133,0.5390033970015363,1.0,1263.0,0.7441872294909808,497.0,0.7176136363636364,0.4922642997439181,0.5682228514151557,0.42954545454545456,1760.0,0.0,0.0,29,0.016777866386941502,0.3,0.6575051911288454,0.7
0.01,755.0,0.4289772727272727,1004.0,0.49356407047863393,0.5413362833755657,0.5704545454545454,1.0,0.0005681818181818182,0.8883610451306413,0.6375,1122.0,1122.0,0.7427197149490387,0.8003052989267133,0.5365570680722219,1.0,1263.0,0.7427197153950897,497.0,0.7176136363636364,0.49301998156209986,0.5682228514151557,0.42954545454545456,1760.0,0.0,0.0,30,0.016221583621310338,0.3,0.6474623195455602,0.7
0.01,636.0,0.3613636363636364,1123.0,0.3458855049711031,0.36008278552570916,0.6380681818181818,1.0,0.0005681818181818182,0.7466349960411718,0.5357954545454545,943.0,943.0,0.6857753274145384,1.0,0.37417066335515353,1.0,1263.0,0.6857753280174861,497.0,0.7176136363636364,0.43540736975371835,0.5682228514151557,0.3619318181818182,1760.0,0.0,0.0,31,0.016341874775077616,0.5,0.44129946141633836,0.5
0.01,83.0,0.04715909090909091,1675.0,0.4813279884542197,0.5266624760451494,0.9517045454545454,2.0,0.0011363636363636363,0.7347585114806018,0.5272727272727272,928.0,928.0,0.5243643514811864,0.5520037803721458,0.3533852519242455,0.6820086209707774,1263.0,0.5243643521104608,497.0,0.7176136363636364,0.44113707946224096,0.5682228514151557,0.048295454545454544,1760.0,0.0,0.0,32,0.016937773375372802,0.5,0.6428169711405061,0.68
0.01,636.0,0.3613636363636364,1122.0,0.34556693593407656,0.3600193975467994,0.6375,2.0,0.0011363636363636363,0.735550277117973,0.5278409090909091,929.0,929.0,0.6914513648429769,1.0,0.38312167532689684,1.0,1263.0,0.6914513652078118,497.0,0.7176136363636364,0.4332563871485979,0.5682228514151557,0.3625,1760.0,0.0,0.0,33,0.016213515806677087,0.5,0.4299614183453658,0.5
0.01,738.0,0.4193181818181818,1021.0,0.3514771347123754,0.38110534307561883,0.5801136363636363,1.0,0.0005681818181818182,0.7632620744259699,0.5477272727272727,964.0,964.0,0.7167758026077904,1.0,0.4267108169089097,1.0,1263.0,0.7167758031066963,497.0,0.7176136363636364,0.4447038720440338,0.5682228514151557,0.4198863636363636,1760.0,0.0,0.0,34,0.015782677701541355,0.5,0.44709987418537434,0.5
0.01,636.0,0.3613636363636364,1122.0,0.34664068902848405,0.3620578385051655,0.6375,2.0,0.0011363636363636363,0.7434679334916865,0.5335227272727273,939.0,939.0,0.6882801157452192,1.0,0.38122559059597905,1.0,1263.0,0.6882801161134404,497.0,0.7176136363636364,0.4355063871485979,0.5682228514151557,0.3625,1760.0,0.0,0.0,35,0.01570645979206477,0.5,0.43632100037549415,0.5
0.01,661.0,0.3755681818181818,1099.0,0.35258058104430046,0.3764840025459771,0.6244318181818181,0.0,0.0,0.7300079176563737,0.5238636363636363,922.0,922.0,0.6847165736322027,1.0,0.38488561711088576,1.0,1263.0,0.6847165739695328,497.0,0.7176136363636364,0.434252532111574,0.5682228514151557,0.3755681818181818,1760.0,0.0,0.0,36,0.015579364129475184,0.5,0.44592941955949167,0.5
0.01,83.0,0.04715909090909091,1674.0,0.47583167485295985,0.5202890101822735,0.9511363636363637,3.0,0.0017045454545454545,0.7363420427553444,0.5284090909090909,930.0,930.0,0.5197941795427117,0.5424999852443944,0.3475952074176585,0.6791542434381208,1263.0,0.5197941806159877,497.0,0.7176136363636364,0.4403667786753023,0.5682228514151557,0.048863636363636366,1760.0,0.0,0.0,37,0.015361259358802013,0.5,0.6279473064475547,0.68
0.01,83.0,0.04715909090909091,1673.0,0.4693560780292759,0.5115944698297952,0.9505681818181818,4.0,0.0022727272727272726,0.730799683293745,0.5244318181818182,923.0,923.0,0.5147741385229782,0.5357406820873581,0.3381750096220151,0.6725226676311995,1263.0,0.5147741400345236,497.0,0.7176136363636364,0.4378715746295634,0.5682228514151557,0.04943181818181818,1760.0,0.0,0.0,38,0.016075519545535957,0.5,0.6256309970784534,0.68
0.01,83.0,0.04715909090909091,1673.0,0.4797971378244883,0.5207431275980035,0.9505681818181818,4.0,0.0022727272727272726,0.7403008709422011,0.53125,935.0,935.0,0.5237501069280877,0.5503294245822857,0.3548908974882936,0.683481137149277,1263.0,0.5237501080817575,497.0,0.7176136363636364,0.44053421008531196,0.5682228514151557,0.04943181818181818,1760.0,0.0,0.0,39,0.01698094849208636,0.5,0.6570329047473749,0.68
0.01,83.0,0.04715909090909091,1673.0,0.48835152968962037,0.5351717370418241,0.9505681818181818,4.0,0.0022727272727272726,0.7577197149643705,0.54375,957.0,957.0,0.5305879237904773,0.5614368998954069,0.3623653058441485,0.6897930643806035,1263.0,0.5305879246809994,497.0,0.7176136363636364,0.44685554474301914,0.5682228514151557,0.04943181818181818,1760.0,0.0,0.0,40,0.017145050024347647,0.5,0.6521086926644339,0.7
0.01,0.0,0.0,1756.0,0.4925156383463296,0.5374250454213441,0.9977272727272727,4.0,0.0022727272727272726,0.7300079176563737,0.5238636363636363,922.0,922.0,0.4941668889807776,0.5385599489232575,0.3430318751391952,0.6691206738033798,1263.0,0.49416689097805633,497.0,0.7176136363636364,0.44245459140464616,0.5682228514151557,0.0022727272727272726,1760.0,0.0,0.0,41,0.016004057401525124,0.5,0.6503881060356357,0.7
0.01,83.0,0.04715909090909091,1673.0,0.4698246887115144,0.5113299484023149,0.9505681818181818,4.0,0.0022727272727272726,0.730799683293745,0.5244318181818182,923.0,923.0,0.5152026405986112,0.5412595484999452,0.3395607649974258,0.6725226676311995,1263.0,0.5152026412078702,497.0,0.7176136363636364,0.4379407720157465,0.5682228514151557,0.04943181818181818,1760.0,0.0,0.0,42,0.015602957557088562,0.5,0.6337506312431815,0.68
0.01,716.0,0.4068181818181818,1042.0,0.4609702478895159,0.5049462541162657,0.5920454545454545,2.0,0.0011363636363636363,0.8622327790973872,0.61875,1089.0,1089.0,0.7198431224108962,0.7443411025427819,0.49560100730354434,1.0,1263.0,0.7198431226846006,497.0,0.7176136363636364,0.4825021751499587,0.5682228514151557,0.40795454545454546,1760.0,0.0,0.0,43,0.015354437620512076,0.3,0.6122394143334,0.68
0.01,657.0,0.37329545454545454,1101.0,0.49261933606034053,0.5383427899604812,0.6255681818181819,2.0,0.0011363636363636363,0.8661916072842438,0.6215909090909091,1094.0,1094.0,0.710134447018019,0.714766144451092,0.49479390557469627,1.0,1263.0,0.7101344476532462,497.0,0.7176136363636364,0.4853080578400401,0.5682228514151557,0.3744318181818182,1760.0,0.0,0.0,44,0.015115969481744937,0.3,0.6517476922027965,0.7
0.01,679.0,0.38579545454545455,1079.0,0.34835178475227846,0.36902944409714467,0.6130681818181818,2.0,0.0011363636363636363,0.7410926365795725,0.5318181818181819,936.0,936.0,0.6894924102558934,1.0,0.3837236916068395,1.0,1263.0,0.6894924106149453,497.0,0.7176136363636364,0.4361803389836502,0.5682228514151557,0.38693181818181815,1760.0,0.0,0.0,45,0.015206233199153627,0.5,0.4421682473920486,0.5
0.01,597.0,0.3392045454545455,1160.0,0.3460439937552441,0.362195073375691,0.6590909090909091,3.0,0.0017045454545454545,0.730799683293745,0.5244318181818182,923.0,923.0,0.6733762525689789,1.0,0.3624111629126914,1.0,1263.0,0.6733762529946651,497.0,0.7176136363636364,0.4310169898273657,0.5682228514151557,0.3409090909090909,1760.0,0.0,0.0,46,0.014965580377195562,0.5,0.44217145782542455,0.5
0.01,759.0,0.43125,1000.0,0.4856201480915622,0.52859757523857,0.5681818181818182,1.0,0.0005681818181818182,0.8772763262074426,0.6295454545454545,1108.0,1108.0,0.7274900965069919,0.7461499738188424,0.5099957155756695,1.0,1263.0,0.7274900973470071,497.0,0.7176136363636364,0.4895737245536577,0.5682228514151557,0.4318181818181818,1760.0,0.0,0.0,47,0.01487116891491626,0.3,0.6421346251004463,0.7
0.01,0.0,0.0,1756.0,0.6053541680287503,0.6626703037475192,0.9977272727272727,4.0,0.0022727272727272726,0.8234362628661916,0.5909090909090909,1040.0,1040.0,0.6064925694671289,0.6631817860905722,0.49943341405645875,0.7719711741802384,1263.0,0.606492571182074,497.0,0.7176136363636364,0.48471027322282806,0.5682228514151557,0.0022727272727272726,1760.0,0.0,0.0,48,0.01471139706804284,0.5,0.761229372460587,0.8
0.01,759.0,0.43125,1000.0,0.46853543537744935,0.5044614519930073,0.5681818181818182,1.0,0.0005681818181818182,0.8622327790973872,0.61875,1089.0,1089.0,0.7227990149627099,0.7433573652670478,0.497017064179153,1.0,1263.0,0.7227990154891898,497.0,0.7176136363636364,0.4844657700082032,0.5682228514151557,0.4318181818181818,1760.0,0.0,0.0,49,0.014440140420837062,0.3,0.6130072512736293,0.68
0.01,657.0,0.37329545454545454,1101.0,0.4947629070149901,0.5387935689821006,0.6255681818181819,2.0,0.0011363636363636363,0.8622327790973872,0.61875,1089.0,1089.0,0.71235353751083,0.7125845129160279,0.5031900806908401,1.0,1263.0,0.7123535380590454,497.0,0.7176136363636364,0.48464328511276733,0.5682228514151557,0.3744318181818182,1760.0,0.0,0.0,50,0.014615892698722226,0.3,0.6506232265804144,0.7
0.01,0.0,0.0,1757.0,0.6006485019076796,0.6573964417422902,0.9982954545454545,3.0,0.0017045454545454545,0.8210609659540776,0.5892045454545455,1037.0,1037.0,0.6018038100024499,0.658328096037422,0.49616695774572434,0.7675019728300704,1263.0,0.6018038116107477,497.0,0.7176136363636364,0.4833335050690203,0.5682228514151557,0.0017045454545454545,1760.0,0.0,0.0,51,0.01452837378851005,0.5,0.7621891129461735,0.8
0.01,0.0,0.0,1757.0,0.47739316971724155,0.5177011570477705,0.9982954545454545,3.0,0.0017045454545454545,0.730799683293745,0.5244318181818182,923.0,923.0,0.47909178346680625,0.5196160326501077,0.31217327524166427,0.6545813829350136,1263.0,0.47909178552842807,497.0,0.7176136363636364,0.43879373234174757,0.5682228514151557,0.0017045454545454545,1760.0,0.0,0.0,52,0.014361596932368619,0.5,0.6314347853644814,0.7
0.01,0.0,0.0,1757.0,0.606729889132214,0.6666827093030476,0.9982954545454545,3.0,0.0017045454545454545,0.8281868566904196,0.5943181818181819,1046.0,1046.0,0.6078578148804008,0.6681010742446049,0.5107167628788709,0.773818940786199,1263.0,0.6078578177328386,497.0,0.7176136363636364,0.48576242910292217,0.5682228514151557,0.0017045454545454545,1760.0,0.0,0.0,53,0.014356008697567242,0.5,0.7598444594764918,0.8
0.05,357.0,0.2028409090909091,1394.0,0.4475872488300791,0.487651793357222,0.7920454545454545,9.0,0.005113636363636364,0.770387965162312,0.5528409090909091,973.0,973.0,0.637780744864944,0.6138440843592534,0.41144611392345326,1.0,1263.0,0.6377807451277004,497.0,0.7176136363636364,0.4478319367135594,0.5682228514151557,0.20795454545454545,1760.0,0.0,0.0,1,0.1415968013129064,0.5,0.5788341887671614,0.6
0.05,454.0,0.25795454545454544,1295.0,0.3754666821961643,0.39703581666877186,0.7357954545454546,11.0,0.00625,0.7371338083927158,0.5289772727272727,931.0,931.0,0.6592234957633205,0.6141947405204106,0.3656708063774071,1.0,1263.0,0.6592234964528286,497.0,0.7176136363636364,0.4321279157275349,0.5682228514151557,0.26420454545454547,1760.0,0.0,0.0,2,0.09761863334902696,0.5,0.42407099456572905,0.5
0.05,357.0,0.2028409090909091,1387.0,0.4516473774680129,0.49175674997175284,0.7880681818181818,16.0,0.00909090909090909,0.7711797307996833,0.553409090909091,974.0,974.0,0.6447530751358482,0.6187029684370038,0.41867138211034155,1.0,1263.0,0.6447530757012169,497.0,0.7176136363636364,0.4491040192648785,0.5682228514151557,0.2119318181818182,1760.0,0.0,0.0,3,0.09518322135720934,0.5,0.5288160397438996,0.6
0.05,454.0,0.25795454545454544,1291.0,0.3664244059546396,0.37835098857452965,0.7335227272727273,15.0,0.008522727272727272,0.733174980205859,0.5261363636363636,926.0,926.0,0.657896547491706,0.6340026566295713,0.35753948499337906,1.0,1263.0,0.6578965479433664,497.0,0.7176136363636364,0.4294459679304073,0.5682228514151557,0.26647727272727273,1760.0,0.0,0.0,4,0.09298126160034112,0.5,0.4078729907801202,0.5
0.05,231.0,0.13125,1513.0,0.4746556312196698,0.5121983000405316,0.8596590909090909,16.0,0.00909090909090909,0.7624703087885986,0.5471590909090909,963.0,963.0,0.5957630557983129,0.5918824980715837,0.39639896071345837,0.8133608355817197,1263.0,0.5957630569471577,497.0,0.7176136363636364,0.44720450938064565,0.5682228514151557,0.1403409090909091,1760.0,0.0,0.0,5,0.08654670124607426,0.5,0.5808008163854619,0.65
0.05,83.0,0.04715909090909091,1664.0,0.4994269128183221,0.5377726895382408,0.9454545454545454,13.0,0.007386363636363636,0.7466349960411718,0.5357954545454545,943.0,943.0,0.5450783290406173,0.5646595282900183,0.37916068944273773,0.6965239693219223,1263.0,0.5450783314634556,497.0,0.7176136363636364,0.4435837028602784,0.5682228514151557,0.05454545454545454,1760.0,0.0,0.0,6,0.07567284309438296,0.5,0.5755892610843685,0.7
0.05,83.0,0.04715909090909091,1669.0,0.4687172572994185,0.50894307941912,0.9482954545454545,8.0,0.004545454545454545,0.7339667458432304,0.5267045454545455,927.0,927.0,0.515140021224712,0.5360465886403817,0.3244654086817824,0.6724207565436235,1263.0,0.5151400228626435,497.0,0.7176136363636364,0.4364093906731483,0.5682228514151557,0.051704545454545454,1760.0,0.0,0.0,7,0.0645669609574335,0.5,0.5338494365169676,0.68
0.05,688.0,0.39090909090909093,1072.0,0.48568934316533635,0.5298065605439666,0.6090909090909091,0.0,0.0,0.8551068883610451,0.6136363636363636,1080.0,1080.0,0.7014140908932093,0.7002635422916652,0.4780649118683901,1.0,1263.0,0.701414091394696,497.0,0.7176136363636364,0.4829649190230216,0.5682228514151557,0.39090909090909093,1760.0,0.0,0.0,8,0.06156321934291294,0.3,0.5642357001159021,0.7
0.05,727.0,0.41306818181818183,1032.0,0.4549371900797844,0.49074847356001666,0.5863636363636363,1.0,0.0005681818181818182,0.8543151227236738,0.6130681818181818,1079.0,1079.0,0.6994324634823648,0.7041152725234783,0.45672407089191935,1.0,1263.0,0.6994324639423988,497.0,0.7176136363636364,0.47952006655412016,0.5682228514151557,0.41363636363636364,1760.0,0.0,0.0,9,0.05944374682647841,0.3,0.5143098861696729,0.68
0.05,0.0,0.0,1750.0,0.5968799514206364,0.6600675728583352,0.9943181818181818,10.0,0.005681818181818182,0.8250197941409343,0.5920454545454545,1042.0,1042.0,0.5999749230028196,0.6615645540253077,0.48633817390012857,0.7634390933512948,1263.0,0.599974925214732,497.0,0.7176136363636364,0.4837932945166045,0.5682228514151557,0.005681818181818182,1760.0,0.0,0.0,10,0.05687206145375967,0.5,0.6775235917338966,0.8
0.05,83.0,0.04715909090909091,1672.0,0.4680329410878896,0.5043921037944716,0.95,5.0,0.002840909090909091,0.733174980205859,0.5261363636363636,926.0,926.0,0.5139912183157177,0.537199392600985,0.33354664336014656,0.6713880110400811,1263.0,0.5139912191057103,497.0,0.7176136363636364,0.43801251941539937,0.5682228514151557,0.05,1760.0,0.0,0.0,11,0.05618031416088343,0.5,0.5243216548609333,0.68
0.05,688.0,0.39090909090909093,1070.0,0.4820104716428274,0.5314397729153443,0.6079545454545454,2.0,0.0011363636363636363,0.8558986539984165,0.6142045454545455,1081.0,1081.0,0.7000356662797502,0.7056895605929905,0.48938700649047906,1.0,1263.0,0.7000356672610207,497.0,0.7176136363636364,0.4840486704909211,0.5682228514151557,0.39204545454545453,1760.0,0.0,0.0,12,0.054653864220849106,0.3,0.5240129536106797,0.7
0.05,731.0,0.4153409090909091,1028.0,0.48711128001886206,0.5303348001123344,0.5840909090909091,1.0,0.0005681818181818182,0.8653998416468726,0.6210227272727272,1093.0,1093.0,0.7151660996994047,0.7224194673049827,0.49823929563966945,1.0,1263.0,0.7151661001923654,497.0,0.7176136363636364,0.4873124453608912,0.5682228514151557,0.4159090909090909,1760.0,0.0,0.0,13,0.05318009467529399,0.3,0.5208656803710736,0.7
0.05,721.0,0.4096590909090909,1039.0,0.35500668341149305,0.3835825267599984,0.5903409090909091,0.0,0.0,0.730799683293745,0.5244318181818182,923.0,923.0,0.6911299610702925,1.0,0.3883475597295991,1.0,1263.0,0.6911299614534123,497.0,0.7176136363636364,0.43727898115549135,0.5682228514151557,0.4096590909090909,1760.0,0.0,0.0,14,0.05175719184002706,0.5,0.2586540863926182,0.5
0.05,0.0,0.0,1756.0,0.47882434641822297,0.5145191149076829,0.9977272727272727,4.0,0.0022727272727272726,0.730799683293745,0.5244318181818182,923.0,923.0,0.47995365444331894,0.5150196763374427,0.32153269413484903,0.652909720562708,1263.0,0.479953656059591,497.0,0.7176136363636364,0.4409706473104417,0.5682228514151557,0.0022727272727272726,1760.0,0.0,0.0,15,0.05041710180895669,0.5,0.5157256756625958,0.7
0.05,682.0,0.3875,1078.0,0.47417734426944674,0.5244755275335274,0.6125,0.0,0.0,0.8630245447347585,0.6193181818181818,1090.0,1090.0,0.6917424981542903,0.6969124162438765,0.4743662361092624,1.0,1263.0,0.6917424993770892,497.0,0.7176136363636364,0.48372695413017874,0.5682228514151557,0.3875,1760.0,0.0,0.0,16,0.05101374563361917,0.3,0.5117373978892263,0.7
0.05,667.0,0.3789772727272727,1093.0,0.3539997405239077,0.3792303220162833,0.6210227272727272,0.0,0.0,0.730799683293745,0.5244318181818182,923.0,923.0,0.6829489517414196,1.0,0.38412569937513774,1.0,1263.0,0.682948952093398,497.0,0.7176136363636364,0.4369334526382716,0.5682228514151557,0.3789772727272727,1760.0,0.0,0.0,17,0.050940259891961305,0.5,0.2435137318398154,0.5
0.05,709.0,0.4028409090909091,1051.0,0.4702849519961127,0.5125742914629419,0.5971590909090909,0.0,0.0,0.8535233570863024,0.6125,1078.0,1078.0,0.7002540080868542,0.7057494500092725,0.46825601035577546,1.0,1263.0,0.7002540084145323,497.0,0.7176136363636364,0.48230760445703624,0.5682228514151557,0.4028409090909091,1760.0,0.0,0.0,18,0.05021717532404831,0.3,0.4803958666837032,0.68
0.05,747.0,0.4244318181818182,1012.0,0.4658299519288468,0.5093054561477969,0.575,1.0,0.0005681818181818182,0.8566904196357878,0.6147727272727272,1082.0,1082.0,0.7161295955259583,0.7583264905563615,0.4931697405321543,1.0,1263.0,0.716129596292469,497.0,0.7176136363636364,0.48426892096173313,0.5682228514151557,0.425,1760.0,0.0,0.0,19,0.04903220890888146,0.3,0.44458068739878875,0.68
0.05,611.0,0.3471590909090909,1149.0,0.4770111636603291,0.5193378383233074,0.6528409090909091,0.0,0.0,0.8424386381631037,0.6045454545454545,1064.0,1064.0,0.6657590143693832,0.6620571538976632,0.4410723742449523,1.0,1263.0,0.6657590148082713,497.0,0.7176136363636364,0.47728305103089586,0.5682228514151557,0.3471590909090909,1760.0,0.0,0.0,20,0.048975983767637184,0.3,0.5241596143828964,0.7
0.05,607.0,0.34488636363636366,1151.0,0.34891889156343203,0.3673782962941167,0.6539772727272727,2.0,0.0011363636363636363,0.733174980205859,0.5261363636363636,926.0,926.0,0.6744594457817161,0.9400704975771801,0.3677461288363383,1.0,1263.0,0.6744594464322122,497.0,0.7176136363636364,0.435490743688496,0.5682228514151557,0.34602272727272726,1760.0,0.0,0.0,21,0.049759842455387115,0.5,0.2401674189604089,0.5
0.05,759.0,0.43125,1001.0,0.4634273276031549,0.506103240952599,0.56875,0.0,0.0,0.8653998416468726,0.6210227272727272,1093.0,1093.0,0.7187043538120839,0.751253773642962,0.4976267695605227,1.0,1263.0,0.7187043546867783,497.0,0.7176136363636364,0.4859713221223044,0.5682228514151557,0.43125,1760.0,0.0,0.0,22,0.04800082038023642,0.3,0.49588886792313625,0.68
0.05,734.0,0.41704545454545455,1026.0,0.47509580983250327,0.5128477438633529,0.5829545454545455,0.0,0.0,0.8590657165479019,0.6164772727272727,1085.0,1085.0,0.687960181881995,0.697717182436457,0.4594577496723927,1.0,1263.0,0.687960182802813,497.0,0.7176136363636364,0.4858193091047495,0.5682228514151557,0.41704545454545455,1760.0,0.0,0.0,23,0.046009610939238756,0.3,0.4873044477609519,0.7
0.05,727.0,0.41306818181818183,1033.0,0.4742214700508391,0.5097108293334757,0.5869318181818182,0.0,0.0,0.8653998416468726,0.6210227272727272,1093.0,1093.0,0.706564589872838,0.725301386948699,0.4756127065574446,1.0,1263.0,0.7065645904588445,497.0,0.7176136363636364,0.48611353695742515,0.5682228514151557,0.41306818181818183,1760.0,0.0,0.0,24,0.0471843345356839,0.3,0.5111712361809755,0.7
0.05,759.0,0.43125,998.0,0.4741542564839934,0.5189761880867604,0.5670454545454545,3.0,0.0017045454545454545,0.8741092636579573,0.6272727272727273,1104.0,1104.0,0.7227878417334095,0.7680694249366149,0.5040213120161563,1.0,1263.0,0.7227878418661963,497.0,0.7176136363636364,0.4887792387281869,0.5682228514151557,0.4329545454545455,1760.0,0.0,0.0,25,0.04630750683801515,0.3,0.49482675036948937,0.7
0.05,661.0,0.3755681818181818,1098.0,0.35045844653897684,0.35715620369755596,0.6238636363636364,1.0,0.0005681818181818182,0.733174980205859,0.5261363636363636,926.0,926.0,0.6829451596496949,1.0,0.3612416359445883,1.0,1263.0,0.6829451601116158,497.0,0.7176136363636364,0.4363515495064535,0.5682228514151557,0.37613636363636366,1760.0,0.0,0.0,26,0.04555028370980706,0.5,0.2303123501791621,0.5
0.05,759.0,0.43125,1001.0,0.47501750419435057,0.513286824181866,0.56875,0.0,0.0,0.8788598574821853,0.6306818181818182,1110.0,1110.0,0.7209552499771773,0.7557930265963737,0.49686832852842594,1.0,1263.0,0.7209552503111293,497.0,0.7176136363636364,0.4898520039404863,0.5682228514151557,0.43125,1760.0,0.0,0.0,27,0.044588357476251464,0.3,0.49326727870393255,0.7
0.05,83.0,0.04715909090909091,1674.0,0.47976976695204515,0.5137778565968386,0.9511363636363637,3.0,0.0017045454545454545,0.7347585114806018,0.5272727272727272,928.0,928.0,0.5229354220648603,0.5455932068894855,0.35702902521131596,0.6817650094883669,1263.0,0.5229354233320191,497.0,0.7176136363636364,0.4426555471949398,0.5682228514151557,0.048863636363636366,1760.0,0.0,0.0,28,0.04403903840907982,0.5,0.49583454153689605,0.68
0.05,770.0,0.4375,989.0,0.4750533191274039,0.5114982816306545,0.5619318181818181,1.0,0.0005681818181818182,0.8796516231195566,0.63125,1111.0,1111.0,0.7202804364747283,0.7524307942945234,0.4847891394329372,1.0,1263.0,0.7202804370441489,497.0,0.7176136363636364,0.4910797637297122,0.5682228514151557,0.4380681818181818,1760.0,0.0,0.0,29,0.04389999687139477,0.3,0.5092424333769558,0.7
0.05,759.0,0.43125,1001.0,0.4613664136581284,0.5047415953861817,0.56875,0.0,0.0,0.8669833729216152,0.6221590909090909,1095.0,1095.0,0.7171558793181952,0.7643291647447151,0.49444504560516855,1.0,1263.0,0.7171558800621067,497.0,0.7176136363636364,0.48607284999212913,0.5682228514151557,0.43125,1760.0,0.0,0.0,30,0.04321123260472502,0.3,0.48275005167073676,0.68
0.05,0.0,0.0,1756.0,0.5809793078890083,0.6346853450571025,0.9977272727272727,4.0,0.0022727272727272726,0.828978622327791,0.5948863636363636,1047.0,1047.0,0.5821799402446273,0.6363732565652909,0.467709208404002,0.7493419460824022,1263.0,0.5821799431352243,497.0,0.7176136363636364,0.4810109965701461,0.5682228514151557,0.0022727272727272726,1760.0,0.0,0.0,31,0.04368131062281983,0.5,0.6609963946079873,0.8
0.05,770.0,0.4375,989.0,0.46146950515679624,0.5025284099022321,0.5619318181818181,1.0,0.0005681818181818182,0.8733174980205859,0.6267045454545455,1103.0,1103.0,0.7148669002824741,0.7555222779589797,0.48376935120278497,1.0,1263.0,0.714866901439543,497.0,0.7176136363636364,0.48850021827516665,0.5682228514151557,0.4380681818181818,1760.0,0.0,0.0,32,0.04227410868874618,0.3,0.49334868754535205,0.68
0.05,759.0,0.43125,1001.0,0.4587821172442437,0.49711362295358014,0.56875,0.0,0.0,0.8693586698337292,0.6238636363636364,1098.0,1098.0,0.7150965972378623,0.765793177938727,0.4849957090258065,1.0,1263.0,0.7150965985101669,497.0,0.7176136363636364,0.48603382212230445,0.5682228514151557,0.43125,1760.0,0.0,0.0,33,0.04163715123598065,0.3,0.47740072336056333,0.68
0.05,0.0,0.0,1756.0,0.4830606458300007,0.5266624760451494,0.9977272727272727,4.0,0.0022727272727272726,0.733174980205859,0.5261363636363636,926.0,926.0,0.48473539535754934,0.5276659873457787,0.3297049412871196,0.650555537281781,1263.0,0.4847353975486722,497.0,0.7176136363636364,0.44183560108087244,0.5682228514151557,0.0022727272727272726,1760.0,0.0,0.0,34,0.04036313282059772,0.5,0.5273038317128158,0.7
0.05,657.0,0.37329545454545454,1098.0,0.4700505324877466,0.5109443066087368,0.6238636363636364,5.0,0.002840909090909091,0.8566904196357878,0.6147727272727272,1082.0,1082.0,0.7002503936067476,0.7071424644828599,0.4675481918595347,1.0,1263.0,0.7002503940862256,497.0,0.7176136363636364,0.4823357981538029,0.5682228514151557,0.37613636363636366,1760.0,0.0,0.0,35,0.04070204682648182,0.3,0.4777263304457392,0.68
0.05,759.0,0.43125,1001.0,0.460867903157774,0.5030503680542935,0.56875,0.0,0.0,0.8685669041963578,0.6232954545454545,1097.0,1097.0,0.716427329190552,0.7706794894054486,0.48573346623026886,1.0,1263.0,0.7164273301108511,497.0,0.7176136363636364,0.4859315493950317,0.5682228514151557,0.43125,1760.0,0.0,0.0,36,0.04065751510539225,0.3,0.49648477900361804,0.68
0.05,670.0,0.3806818181818182,1089.0,0.4956629448063272,0.5369504368575468,0.61875,1.0,0.0005681818181818182,0.8519398258115598,0.6113636363636363,1076.0,1076.0,0.7009599988721531,0.7148768162800063,0.48619714248452783,1.0,1263.0,0.7009599998522829,497.0,0.7176136363636364,0.48488271467236144,0.5682228514151557,0.38125,1760.0,0.0,0.0,37,0.03963133333516972,0.3,0.49857409436880107,0.7
0.05,759.0,0.43125,1001.0,0.48466391301023937,0.526888947694906,0.56875,0.0,0.0,0.8788598574821853,0.6306818181818182,1110.0,1110.0,0.726082620428866,0.7822466672247215,0.5118154771592287,1.0,1263.0,0.7260826209724809,497.0,0.7176136363636364,0.49117018575866805,0.5682228514151557,0.43125,1760.0,0.0,0.0,38,0.03909723926335573,0.3,0.5169975561373779,0.7
0.05,770.0,0.4375,986.0,0.48129362215685945,0.527391368502616,0.5602272727272727,4.0,0.0022727272727272726,0.8780680918448139,0.6301136363636364,1109.0,1109.0,0.7254457675438021,0.7844576694894917,0.5113694231402733,1.0,1263.0,0.7254457683496298,497.0,0.7176136363636364,0.492288034645312,0.5682228514151557,0.43977272727272726,1760.0,0.0,0.0,39,0.039081566634454896,0.3,0.48718777886962095,0.7
0.05,0.0,0.0,1755.0,0.584483550563364,0.6468295039421879,0.9971590909090909,5.0,0.002840909090909091,0.8353127474267616,0.5994318181818182,1055.0,1055.0,0.5856651139266909,0.6481831428940361,0.4645480296421591,0.7589783548934228,1263.0,0.5856651168883036,497.0,0.7176136363636364,0.4826857785114891,0.5682228514151557,0.002840909090909091,1760.0,0.0,0.0,40,0.039648888632655144,0.5,0.6731483498782636,0.8
0.05,767.0,0.43579545454545454,993.0,0.3613253345670558,0.3752782371996526,0.5642045454545455,0.0,0.0,0.735550277117973,0.5278409090909091,929.0,929.0,0.6830688689294002,1.0,0.38031665031121054,1.0,1263.0,0.6830688693799565,497.0,0.7176136363636364,0.4444023531838034,0.5682228514151557,0.43579545454545454,1760.0,0.0,0.0,41,0.0384345361297684,0.5,0.23798716741847714,0.5
0.1,463.0,0.2630681818181818,1263.0,0.38596335689172845,0.4081822559716435,0.7176136363636364,34.0,0.019318181818181818,0.7418844022169437,0.5323863636363636,937.0,937.0,0.6815135447698827,0.7474670606640065,0.39863551673327313,1.0,1263.0,0.6815135451433649,497.0,0.7176136363636364,0.43706757806129376,0.5682228514151557,0.28238636363636366,1760.0,0.0,0.0,1,0.21731564828327724,0.5,0.3301509192308933,0.5
0.1,231.0,0.13125,1503.0,0.43398119228490534,0.46860708220430297,0.8539772727272728,26.0,0.014772727272727272,0.735550277117973,0.5278409090909091,929.0,929.0,0.5759428523469259,0.5518974628740823,0.351973090028644,1.0,1263.0,0.5759428532647816,497.0,0.7176136363636364,0.43414315129382225,0.5682228514151557,0.14602272727272728,1760.0,0.0,0.0,2,0.16582338990909712,0.5,0.47690867659542974,0.6
0.1,231.0,0.13125,1493.0,0.4706559559208845,0.5114256515855277,0.8482954545454545,36.0,0.020454545454545454,0.768012668250198,0.5511363636363636,970.0,970.0,0.5999905316391839,0.581309364306004,0.39006801123527224,0.9079117597355463,1263.0,0.5999905333150937,497.0,0.7176136363636364,0.44685759213851567,0.5682228514151557,0.15170454545454545,1760.0,0.0,0.0,3,0.15005318181855337,0.5,0.4971263912887943,0.65
0.1,755.0,0.4289772727272727,999.0,0.5039502325521049,0.5503367482437659,0.5676136363636364,6.0,0.003409090909090909,0.8733174980205859,0.6267045454545455,1103.0,1103.0,0.7539988913925669,1.0,0.5514443104107776,1.0,1263.0,0.7539988918406947,497.0,0.7176136363636364,0.4918057514850231,0.5682228514151557,0.4323863636363636,1760.0,0.0,0.0,4,0.12377647443541459,0.3,0.5570726274175217,0.68
0.1,786.0,0.4465909090909091,968.0,0.4566583196848805,0.4957526367537628,0.55,6.0,0.003409090909090909,0.8614410134600158,0.6181818181818182,1088.0,1088.0,0.7273303699889198,0.9449133527915627,0.49433492979234367,1.0,1263.0,0.7273303702194597,497.0,0.7176136363636364,0.48402860405137865,0.5682228514151557,0.45,1760.0,0.0,0.0,5,0.10777572968176433,0.3,0.40598471567631544,0.68
0.1,83.0,0.04715909090909091,1668.0,0.4768078512683628,0.5103971817230971,0.9477272727272728,9.0,0.005113636363636364,0.7315914489311164,0.525,924.0,924.0,0.5226720980727596,0.5363051379009398,0.35539498867663094,0.6723221284572196,1263.0,0.5226721021172402,497.0,0.7176136363636364,0.43775151007777185,0.5682228514151557,0.05227272727272727,1760.0,0.0,0.0,6,0.09570267450596605,0.5,0.43660740246906526,0.68
0.1,682.0,0.3875,1074.0,0.49194014161607674,0.5311450836925552,0.6102272727272727,4.0,0.0022727272727272726,0.8543151227236738,0.6130681818181818,1079.0,1079.0,0.7057113887952251,0.7141911288144984,0.49045580437584846,1.0,1263.0,0.705711389076205,497.0,0.7176136363636364,0.4826584345853121,0.5682228514151557,0.38977272727272727,1760.0,0.0,0.0,7,0.09318719245493412,0.3,0.46073076031399707,0.7
0.1,786.0,0.4465909090909091,970.0,0.46407168348145167,0.505395197539378,0.5511363636363636,4.0,0.0022727272727272726,0.8630245447347585,0.6193181818181818,1090.0,1090.0,0.729577454967705,0.8612495973275786,0.5010439125545305,1.0,1263.0,0.7295774552850279,497.0,0.7176136363636364,0.4867473649446635,0.5682228514151557,0.44886363636363635,1760.0,0.0,0.0,8,0.0936551493193422,0.3,0.42989472789395755,0.68
0.1,702.0,0.39886363636363636,1055.0,0.3654210532421059,0.37369675241395045,0.5994318181818182,3.0,0.0017045454545454545,0.735550277117973,0.5278409090909091,929.0,929.0,0.6796366781168436,0.8974484256023317,0.37199586071846147,1.0,1263.0,0.6796366785614704,497.0,0.7176136363636364,0.4386829632369122,0.5682228514151557,0.4005681818181818,1760.0,0.0,0.0,9,0.08675545853163515,0.5,0.11741280963761054,0.5
0.1,83.0,0.04715909090909091,1670.0,0.45987475830772967,0.49066802470861465,0.9488636363636364,7.0,0.003977272727272727,0.7323832145684878,0.5255681818181818,925.0,925.0,0.5060043735441506,0.5247900728244985,0.3221150873622009,0.658328096037422,1263.0,0.5060043740696636,497.0,0.7176136363636364,0.43570476657787127,0.5682228514151557,0.05113636363636364,1760.0,0.0,0.0,10,0.08330463591430869,0.5,0.38130390335781056,0.68
0.1,611.0,0.3471590909090909,1148.0,0.481656055154411,0.5233740525844257,0.6522727272727272,1.0,0.0005681818181818182,0.8448139350752177,0.60625,1067.0,1067.0,0.6686873754595204,0.662211190472723,0.4361697863111955,1.0,1263.0,0.6686873768306035,497.0,0.7176136363636364,0.47795277462897073,0.5682228514151557,0.3477272727272727,1760.0,0.0,0.0,11,0.08099746863756861,0.3,0.4366100932533023,0.7
0.1,713.0,0.40511363636363634,1046.0,0.3584034952930736,0.38568919234607996,0.5943181818181819,1.0,0.0005681818181818182,0.7347585114806018,0.5272727272727272,928.0,928.0,0.6840413764535934,1.0,0.39031861383329375,1.0,1263.0,0.6840413771821234,497.0,0.7176136363636364,0.43867696740595685,0.5682228514151557,0.4056818181818182,1760.0,0.0,0.0,12,0.0802301469125918,0.5,0.13400288277364628,0.5
0.1,696.0,0.39545454545454545,1059.0,0.4845499878789109,0.531380786837894,0.6017045454545454,5.0,0.002840909090909091,0.8764845605700713,0.6289772727272728,1107.0,1107.0,0.7173639048261056,0.7341707370853956,0.49783203633703876,1.0,1263.0,0.717363905849672,497.0,0.7176136363636364,0.48874870807342546,0.5682228514151557,0.39829545454545456,1760.0,0.0,0.0,13,0.07787077261933259,0.3,0.4396891684994021,0.7
0.1,670.0,0.3806818181818182,1089.0,0.46999480994018045,0.5143285658100382,0.61875,1.0,0.0005681818181818182,0.8535233570863024,0.6125,1078.0,1078.0,0.6858318029237248,0.686236827545833,0.45819735117309657,1.0,1263.0,0.6858318035650223,497.0,0.7176136363636364,0.4810787101207075,0.5682228514151557,0.38125,1760.0,0.0,0.0,14,0.07579882363123554,0.3,0.38692242509252434,0.7
0.1,119.0,0.06761363636363636,1637.0,0.5906258924286785,0.6462112212735724,0.9301136363636363,4.0,0.0022727272727272726,0.8416468725257323,0.6039772727272728,1063.0,1063.0,0.615273063533631,0.6605991226066066,0.48141169500265346,0.7705403288703376,1263.0,0.6152730660790682,497.0,0.7176136363636364,0.48714071952293897,0.5682228514151557,0.06988636363636364,1760.0,0.0,0.0,15,0.07587289224777903,0.3,0.6097218437030038,0.8
0.1,0.0,0.0,1755.0,0.5846915122168364,0.6403680905258362,0.9971590909090909,5.0,0.002840909090909091,0.8281868566904196,0.5943181818181819,1046.0,1046.0,0.5862796899903858,0.6428547238548025,0.46912006624395075,0.7502873690692249,1263.0,0.5862796957784808,497.0,0.7176136363636364,0.48044134025213087,0.5682228514151557,0.002840909090909091,1760.0,0.0,0.0,16,0.07488999648817948,0.5,0.6211061992580952,0.8
0.1,780.0,0.4431818181818182,979.0,0.35556029045768556,0.37489029047873845,0.55625,1.0,0.0005681818181818182,0.7553444180522565,0.5420454545454545,954.0,954.0,0.7169599179263839,1.0,0.405783401446061,1.0,1263.0,0.7169599183624361,497.0,0.7176136363636364,0.4476455492816179,0.5682228514151557,0.44375,1760.0,0.0,0.0,17,0.07320883683860302,0.5,0.09544769274815118,0.5
0.1,755.0,0.4289772727272727,1002.0,0.4766637956018771,0.5138330575393121,0.5693181818181818,3.0,0.0017045454545454545,0.8844022169437846,0.6346590909090909,1117.0,1117.0,0.7352865214996066,0.8729479521208446,0.5089142965949242,1.0,1263.0,0.7352865222061356,497.0,0.7176136363636364,0.49210668253420836,0.5682228514151557,0.43068181818181817,1760.0,0.0,0.0,18,0.07272308466157743,0.3,0.3970850369529827,0.7
0.1,721.0,0.4096590909090909,1039.0,0.34963782869387605,0.36320004037423276,0.5903409090909091,0.0,0.0,0.7363420427553444,0.5284090909090909,930.0,930.0,0.6860079409500542,1.0,0.37740355669158704,1.0,1263.0,0.686007941469881,497.0,0.7176136363636364,0.4395801175191277,0.5682228514151557,0.4096590909090909,1760.0,0.0,0.0,19,0.07254823563354355,0.5,0.12761760263694924,0.5
0.1,721.0,0.4096590909090909,1037.0,0.4598960584326416,0.4962478952375039,0.5892045454545455,2.0,0.0011363636363636363,0.8543151227236738,0.6130681818181818,1079.0,1079.0,0.7006652853964036,0.7129434771440608,0.4689956957992815,1.0,1263.0,0.7006652857151033,497.0,0.7176136363636364,0.4816908331191759,0.5682228514151557,0.4107954545454545,1760.0,0.0,0.0,20,0.07044468873313495,0.3,0.3975611040437152,0.68
0.1,661.0,0.3755681818181818,1096.0,0.3571852300165363,0.3812212798204728,0.6227272727272727,3.0,0.0017045454545454545,0.733174980205859,0.5261363636363636,926.0,926.0,0.6869228280102138,1.0,0.38450734869448944,1.0,1263.0,0.6869228284330958,497.0,0.7176136363636364,0.4374063723522373,0.5682228514151557,0.37727272727272726,1760.0,0.0,0.0,21,0.06867608800530434,0.5,0.0755760461804697,0.5
0.1,620.0,0.3522727272727273,1138.0,0.46895884100422236,0.5094933789966859,0.6465909090909091,2.0,0.0011363636363636363,0.8487727632620744,0.6090909090909091,1072.0,1072.0,0.6819697536611109,0.6734173516202595,0.4291957901646447,1.0,1263.0,0.6819697544392507,497.0,0.7176136363636364,0.4790971947140679,0.5682228514151557,0.3534090909090909,1760.0,0.0,0.0,22,0.07015098950692586,0.3,0.4429990706793952,0.7
0.1,755.0,0.4289772727272727,1002.0,0.45471948473664653,0.4965870371852364,0.5693181818181818,3.0,0.0017045454545454545,0.8709422011084719,0.625,1100.0,1100.0,0.7288468710463143,1.0,0.5004166988391233,1.0,1263.0,0.7288468718366552,497.0,0.7176136363636364,0.4858336055145158,0.5682228514151557,0.43068181818181817,1760.0,0.0,0.0,23,0.06764610045190368,0.3,0.372678146023679,0.68
0.1,724.0,0.4113636363636364,1034.0,0.36621133164122277,0.39144877659346183,0.5875,2.0,0.0011363636363636363,0.7585114806017419,0.5443181818181818,958.0,958.0,0.7155228315299851,1.0,0.4180221451597655,1.0,1263.0,0.7155228320393642,497.0,0.7176136363636364,0.4475201656092889,0.5682228514151557,0.4125,1760.0,0.0,0.0,24,0.06529118865728378,0.5,0.08216118616084254,0.5
0.1,0.0,0.0,1754.0,0.5765645494728397,0.6349035556019407,0.9965909090909091,6.0,0.003409090909090909,0.8321456848772764,0.5971590909090909,1051.0,1051.0,0.5777732139367613,0.6350952749372674,0.46187285926602717,0.7444604018731087,1263.0,0.5777732189138127,497.0,0.7176136363636364,0.47923065463333664,0.5682228514151557,0.003409090909090909,1760.0,0.0,0.0,25,0.06557488374944244,0.3,0.614555572390923,0.8
0.1,671.0,0.38125,1087.0,0.36850375769493665,0.3892077384034387,0.6176136363636363,2.0,0.0011363636363636363,0.7323832145684878,0.5255681818181818,925.0,925.0,0.69551640641291,1.0,0.39571859714293334,1.0,1263.0,0.6955164065494058,497.0,0.7176136363636364,0.4393509228027624,0.5682228514151557,0.38238636363636364,1760.0,0.0,0.0,26,0.06550877448171377,0.5,0.10472501141321908,0.5
0.1,657.0,0.37329545454545454,1101.0,0.4770214278986982,0.510727536126836,0.6255681818181819,2.0,0.0011363636363636363,0.8646080760095012,0.6204545454545455,1092.0,1092.0,0.7011551016563989,0.7045462063107601,0.47290206366002535,1.0,1263.0,0.7011551025379391,497.0,0.7176136363636364,0.4837132673102069,0.5682228514151557,0.3744318181818182,1760.0,0.0,0.0,27,0.06436634662428073,0.3,0.41966813408732084,0.7
0.1,625.0,0.35511363636363635,1134.0,0.4688586133157384,0.4971617265372128,0.6443181818181818,1.0,0.0005681818181818182,0.8495645288994458,0.6096590909090909,1073.0,1073.0,0.6822061787033589,0.6928445094610305,0.4504084972420818,1.0,1263.0,0.6822061795583995,497.0,0.7176136363636364,0.47873236415064296,0.5682228514151557,0.35568181818181815,1760.0,0.0,0.0,28,0.06384596614433187,0.3,0.4263831331173124,0.7
0.1,619.0,0.35170454545454544,1139.0,0.4475191203338438,0.482568147568467,0.647159090909091,2.0,0.0011363636363636363,0.8424386381631037,0.6045454545454545,1064.0,1064.0,0.6707961675673468,0.6620735385995722,0.4117681753994285,1.0,1263.0,0.6707961690308883,497.0,0.7176136363636364,0.47374257586164026,0.5682228514151557,0.3528409090909091,1760.0,0.0,0.0,29,0.06230445591998952,0.3,0.37936865907864337,0.68
0.1,650.0,0.3693181818181818,1110.0,0.4696819797076734,0.520139164583249,0.6306818181818182,0.0,0.0,0.8527315914489311,0.6119318181818182,1077.0,1077.0,0.6735368175916318,0.6753583297758279,0.44142934535407125,1.0,1263.0,0.6735368189718721,497.0,0.7176136363636364,0.47919717968952386,0.5682228514151557,0.3693181818181818,1760.0,0.0,0.0,30,0.06256013430122818,0.3,0.440935716274257,0.7
0.1,611.0,0.3471590909090909,1147.0,0.4731222636606137,0.5047415953861817,0.6517045454545455,2.0,0.0011363636363636363,0.8400633412509897,0.602840909090909,1061.0,1061.0,0.6638112841642183,0.6625074480600717,0.42535035260103393,1.0,1263.0,0.6638112855744289,497.0,0.7176136363636364,0.4768573100202768,0.5682228514151557,0.3482954545454545,1760.0,0.0,0.0,31,0.062041815370321274,0.3,0.41415888994409544,0.7
0.1,597.0,0.3392045454545455,1161.0,0.35874128703764074,0.37916129351386446,0.6596590909090909,2.0,0.0011363636363636363,0.7379255740300871,0.5295454545454545,932.0,932.0,0.6759304143720266,0.8194562407011516,0.37374570052315487,1.0,1263.0,0.6759304150771469,497.0,0.7176136363636364,0.4369714055778306,0.5682228514151557,0.3403409090909091,1760.0,0.0,0.0,32,0.060732410688485415,0.5,0.10781749687300606,0.5
0.1,786.0,0.4465909090909091,973.0,0.45172363690691153,0.4867918556124775,0.5528409090909091,1.0,0.0005681818181818182,0.8598574821852731,0.6170454545454546,1086.0,1086.0,0.7228326672761458,0.8883466440200685,0.48455874261609416,1.0,1263.0,0.7228326678077617,497.0,0.7176136363636364,0.4841618570779549,0.5682228514151557,0.4471590909090909,1760.0,0.0,0.0,33,0.059062027638511996,0.3,0.35667476460705666,0.68
0.1,661.0,0.3755681818181818,1097.0,0.35829467296506856,0.36120922675003275,0.6232954545454545,2.0,0.0011363636363636363,0.7323832145684878,0.5255681818181818,925.0,925.0,0.687125294602428,1.0,0.3729033152563591,1.0,1263.0,0.6871252949186303,497.0,0.7176136363636364,0.4382130110590339,0.5682228514151557,0.37670454545454546,1760.0,0.0,0.0,34,0.05915622599422932,0.5,0.09834908115146625,0.5
0.1,0.0,0.0,1753.0,0.4752556688522435,0.5082693021662973,0.9960227272727272,7.0,0.003977272727272727,0.7315914489311164,0.525,924.0,924.0,0.47752728933340266,0.5099421325536235,0.3192045847414245,0.6452070911766741,1263.0,0.47752729177873526,497.0,0.7176136363636364,0.4392237216036964,0.5682228514151557,0.003977272727272727,1760.0,0.0,0.0,35,0.0567466781607696,0.5,0.4443392293716245,0.7
0.1,696.0,0.39545454545454545,1060.0,0.48882960786765106,0.5266531126932572,0.6022727272727273,4.0,0.0022727272727272726,0.8693586698337292,0.6238636363636364,1098.0,1098.0,0.7216030104780103,0.7535656617391528,0.5016732045974139,1.0,1263.0,0.7216030108117747,497.0,0.7176136363636364,0.4885315403131449,0.5682228514151557,0.3977272727272727,1760.0,0.0,0.0,36,0.056043941128466813,0.3,0.41992941505731984,0.7
0.1,626.0,0.35568181818181815,1130.0,0.44662958729685914,0.4840381264746115,0.6420454545454546,4.0,0.0022727272727272726,0.8376880443388757,0.6011363636363637,1058.0,1058.0,0.6772877649925918,0.672698840825434,0.4203521317960145,1.0,1263.0,0.6772877664139867,497.0,0.7176136363636364,0.47399374776616604,0.5682228514151557,0.35795454545454547,1760.0,0.0,0.0,37,0.05720364621707371,0.3,0.401287984726987,0.68
0.1,682.0,0.3875,1078.0,0.4469004620938918,0.49019095527421785,0.6125,0.0,0.0,0.8495645288994458,0.6096590909090909,1073.0,1073.0,0.6793775278866734,0.6803939092457533,0.4314757722898796,1.0,1263.0,0.6793775285533955,497.0,0.7176136363636364,0.4767780904938151,0.5682228514151557,0.3875,1760.0,0.0,0.0,38,0.05850269405969551,0.3,0.37928537903338755,0.68
0.1,580.0,0.32954545454545453,1177.0,0.4809055253736963,0.5140091387011059,0.66875,3.0,0.0017045454545454545,0.8440221694378464,0.6056818181818182,1066.0,1066.0,0.6756876922128346,0.6717548427806403,0.44401983003125367,1.0,1263.0,0.6756876930542639,497.0,0.7176136363636364,0.47762922946364456,0.5682228514151557,0.33125,1760.0,0.0,0.0,39,0.055097075046173165,0.3,0.41999111756130997,0.7
0.2,357.0,0.2028409090909091,1333.0,0.4580687797526518,0.4854388952961745,0.7573863636363637,70.0,0.03977272727272727,0.7759303246239113,0.5568181818181818,980.0,980.0,0.6676523843176977,0.6579575380603286,0.4189840674983727,1.0,1263.0,0.6676523859654924,497.0,0.7176136363636364,0.45352874886193784,0.5682228514151557,0.24261363636363636,1760.0,0.0,0.0,1,0.2983076742717198,0.5,0.38284882836939266,0.6
0.2,444.0,0.25227272727272726,1253.0,0.49790095277730506,0.5368695937145214,0.7119318181818182,63.0,0.03579545454545455,0.8353127474267616,0.5994318181818182,1055.0,1055.0,0.7082590370165763,0.7336010475402448,0.49664987773532454,1.0,1263.0,0.7082590379456368,497.0,0.7176136363636364,0.476488541091034,0.5682228514151557,0.28806818181818183,1760.0,0.0,0.0,2,0.2329453607755048,0.3,0.4235566120971475,0.68
0.2,755.0,0.4289772727272727,978.0,0.45779257590018707,0.4943522846236422,0.5556818181818182,27.0,0.01534090909090909,0.8685669041963578,0.6232954545454545,1097.0,1097.0,0.7385344326811294,1.0,0.5060838012797397,1.0,1263.0,0.7385344331709399,497.0,0.7176136363636364,0.4834803698193683,0.5682228514151557,0.44431818181818183,1760.0,0.0,0.0,3,0.1896060465701989,0.3,0.31906803425199426,0.68
0.2,625.0,0.35511363636363635,1114.0,0.4575836782811744,0.48288028211720674,0.6329545454545454,21.0,0.011931818181818182,0.8392715756136183,0.6022727272727273,1060.0,1060.0,0.6842727636787591,0.7030358579368484,0.43750259509794376,1.0,1263.0,0.6842727646196035,497.0,0.7176136363636364,0.4733009505460737,0.5682228514151557,0.36704545454545456,1760.0,0.0,0.0,4,0.1628673310790743,0.3,0.27793116241609866,0.68
0.2,0.0,0.0,1740.0,0.4792218756246486,0.5181691107383766,0.9886363636363636,20.0,0.011363636363636364,0.7300079176563737,0.5238636363636363,922.0,922.0,0.48487022838360033,0.5205376309818333,0.3298852856965829,0.6460442117989558,1263.0,0.48487023033248766,497.0,0.7176136363636364,0.43618987589273206,0.5682228514151557,0.011363636363636364,1760.0,0.0,0.0,5,0.14143530651926994,0.5,0.337967258304523,0.7
0.2,83.0,0.04715909090909091,1655.0,0.47752028026771187,0.5077018692177482,0.9403409090909091,22.0,0.0125,0.735550277117973,0.5278409090909091,929.0,929.0,0.5264500279713815,0.545715514327356,0.34494998761545675,0.6872161841688158,1263.0,0.5264500295188124,497.0,0.7176136363636364,0.4411315417299379,0.5682228514151557,0.05965909090909091,1760.0,0.0,0.0,6,0.1314431774829115,0.5,0.2798674204793596,0.68
0.2,752.0,0.42727272727272725,1000.0,0.47257384625935384,0.5033203926419482,0.5681818181818182,8.0,0.004545454545454545,0.8622327790973872,0.61875,1089.0,1089.0,0.7186091870309318,0.8177217921458422,0.4827334345624505,1.0,1263.0,0.7186091878778404,497.0,0.7176136363636364,0.48648735263649895,0.5682228514151557,0.4318181818181818,1760.0,0.0,0.0,7,0.12585133872926235,0.3,0.2739837025611995,0.68
0.2,0.0,0.0,1743.0,0.47660013338293883,0.5093036172629966,0.9903409090909091,17.0,0.009659090909090909,0.733174980205859,0.5261363636363636,926.0,926.0,0.4822523997610928,0.5139587592125383,0.3255949510075853,0.6529664602588838,1263.0,0.4822524037316208,497.0,0.7176136363636364,0.4382990824318361,0.5682228514151557,0.009659090909090909,1760.0,0.0,0.0,8,0.12220489393387522,0.5,0.296592195007494,0.7
0.2,752.0,0.42727272727272725,999.0,0.47203751075411027,0.5065256344442449,0.5676136363636364,9.0,0.005113636363636364,0.8796516231195566,0.63125,1111.0,1111.0,0.7376820035429962,1.0,0.5084181539469637,1.0,1263.0,0.7376820181040394,497.0,0.7176136363636364,0.49283712626288795,0.5682228514151557,0.4323863636363636,1760.0,0.0,0.0,9,0.11824700848332473,0.3,0.24023247883225624,0.68
0.2,696.0,0.39545454545454545,1055.0,0.48136955829463446,0.5115608152135754,0.5994318181818182,9.0,0.005113636363636364,0.8653998416468726,0.6210227272727272,1093.0,1093.0,0.7190949483169475,0.7555222779589797,0.48929558820010527,1.0,1263.0,0.7190949486729151,497.0,0.7176136363636364,0.48831607837811314,0.5682228514151557,0.4005681818181818,1760.0,0.0,0.0,10,0.1140695618731635,0.3,0.2971715395163135,0.7
0.2,709.0,0.4028409090909091,1048.0,0.45146218981739,0.47971854380573636,0.5954545454545455,3.0,0.0017045454545454545,0.850356294536817,0.6102272727272727,1074.0,1074.0,0.6910005817872634,0.7126873622713368,0.4425165926186479,1.0,1263.0,0.6910005824715585,497.0,0.7176136363636364,0.4790042664575167,0.5682228514151557,0.40454545454545454,1760.0,0.0,0.0,11,0.11356051000101226,0.3,0.26530518334156317,0.68
0.2,728.0,0.41363636363636364,1025.0,0.4562057201015127,0.4843981683554286,0.5823863636363636,7.0,0.003977272727272727,0.8582739509105305,0.615909090909091,1084.0,1084.0,0.704525063782095,0.7621162853281307,0.45949345575868084,1.0,1263.0,0.7045250648828557,497.0,0.7176136363636364,0.4835609032614844,0.5682228514151557,0.41761363636363635,1760.0,0.0,0.0,12,0.11035734548100404,0.3,0.23060036700334247,0.68
0.2,670.0,0.3806818181818182,1085.0,0.4755148276481872,0.5166717534611744,0.6164772727272727,5.0,0.002840909090909091,0.8511480601741884,0.6107954545454546,1075.0,1075.0,0.6906757216083262,0.7017959645310891,0.4668228907811743,1.0,1263.0,0.69067572224325,497.0,0.7176136363636364,0.4814924121360315,0.5682228514151557,0.3835227272727273,1760.0,0.0,0.0,13,0.10657167088772569,0.3,0.29840068552064847,0.7
0.2,786.0,0.4465909090909091,971.0,0.45962647895922526,0.48332344490127876,0.5517045454545455,3.0,0.0017045454545454545,0.8638163103721298,0.6198863636363636,1091.0,1091.0,0.7256031799664627,0.8988525699152592,0.48024650990879014,1.0,1263.0,0.725603180696903,497.0,0.7176136363636364,0.48633493104030506,0.5682228514151557,0.44829545454545455,1760.0,0.0,0.0,14,0.10655848522271429,0.3,0.24115337655288155,0.68
0.2,639.0,0.36306818181818185,1113.0,0.4739067580873179,0.5195107733517138,0.6323863636363637,8.0,0.004545454545454545,0.8511480601741884,0.6107954545454546,1075.0,1075.0,0.6960893923462552,0.7137576256862602,0.47071093735589004,1.0,1263.0,0.6960893932631788,497.0,0.7176136363636364,0.4819079198248661,0.5682228514151557,0.36761363636363636,1760.0,0.0,0.0,15,0.10569684127611774,0.3,0.23963298914200443,0.68
0.2,83.0,0.04715909090909091,1672.0,0.4622953339722778,0.48872486037302676,0.95,5.0,0.002840909090909091,0.7395091053048297,0.5306818181818181,934.0,934.0,0.5077757072230166,0.5194536135982629,0.3200184050501587,0.6828040170818498,1263.0,0.5077757084835267,497.0,0.7176136363636364,0.4399000241649454,0.5682228514151557,0.05,1760.0,0.0,0.0,16,0.10192433478576797,0.5,0.2609529906312249,0.68
0.2,709.0,0.4028409090909091,1050.0,0.3728913942736826,0.37966709041543917,0.5965909090909091,1.0,0.0005681818181818182,0.7339667458432304,0.5267045454545455,927.0,927.0,0.6894899136694934,1.0,0.38106157845790767,1.0,1263.0,0.6894899150404823,497.0,0.7176136363636364,0.44274925154489697,0.5682228514151557,0.4034090909090909,1760.0,0.0,0.0,17,0.10255324547844273,0.5,-0.023134180363978577,0.5
0.2,657.0,0.37329545454545454,1098.0,0.46032042368749093,0.49686037950630974,0.6238636363636364,5.0,0.002840909090909091,0.8566904196357878,0.6147727272727272,1082.0,1082.0,0.6952456366664111,0.7032118969884729,0.4659476728220261,1.0,1263.0,0.6952456369421469,497.0,0.7176136363636364,0.480015090253841,0.5682228514151557,0.37613636363636366,1760.0,0.0,0.0,18,0.10033469939870494,0.3,0.28647062196395706,0.7
0.2,679.0,0.38579545454545455,1078.0,0.3814560365553892,0.3832294377014507,0.6125,3.0,0.0017045454545454545,0.7403008709422011,0.53125,935.0,935.0,0.704951221715191,1.0,0.3980123922652501,1.0,1263.0,0.7049512223241492,497.0,0.7176136363636364,0.44537905748602874,0.5682228514151557,0.3875,1760.0,0.0,0.0,19,0.09882322432739395,0.5,-0.13732834997012203,0.5
0.2,759.0,0.43125,1000.0,0.46068629135949724,0.49823929563966945,0.5681818181818182,1.0,0.0005681818181818182,0.8733174980205859,0.6267045454545455,1103.0,1103.0,0.7149411675998067,0.785285760004598,0.48485828112329143,1.0,1263.0,0.7149411682527342,497.0,0.7176136363636364,0.4871941644447007,0.5682228514151557,0.4318181818181818,1760.0,0.0,0.0,20,0.09690749512187072,0.3,0.3059957343404643,0.7
0.2,780.0,0.4431818181818182,977.0,0.4536052990942557,0.49329449299914085,0.5551136363636363,3.0,0.0017045454545454545,0.8638163103721298,0.6198863636363636,1091.0,1091.0,0.7215440387684748,0.8576776120869662,0.48786310167549074,1.0,1263.0,0.7215440391837843,497.0,0.7176136363636364,0.4854382137651329,0.5682228514151557,0.44488636363636364,1760.0,0.0,0.0,21,0.09621995980186122,0.3,0.24842868667611534,0.68
0.2,589.0,0.3346590909090909,1160.0,0.45158126798999293,0.474278162437066,0.6590909090909091,11.0,0.00625,0.8527315914489311,0.6119318181818182,1077.0,1077.0,0.6802163753924936,0.6909455223502082,0.4344548536020641,1.0,1263.0,0.6802163757051973,497.0,0.7176136363636364,0.4774916209188069,0.5682228514151557,0.3409090909090909,1760.0,0.0,0.0,22,0.0933819277478116,0.3,0.24724361334255096,0.7
0.2,755.0,0.4289772727272727,1003.0,0.3639504262211962,0.3747814040720797,0.5698863636363637,2.0,0.0011363636363636363,0.765637371338084,0.5494318181818182,967.0,967.0,0.7270314652345361,1.0,0.4217620532224178,1.0,1263.0,0.7270314661500957,497.0,0.7176136363636364,0.4490162960146714,0.5682228514151557,0.43011363636363636,1760.0,0.0,0.0,23,0.09213487324970109,0.5,-0.041796672585010054,0.5
0.2,747.0,0.4244318181818182,1011.0,0.4475003507245815,0.4701205234529343,0.5744318181818182,2.0,0.0011363636363636363,0.8606492478226445,0.6176136363636363,1087.0,1087.0,0.7051979792274676,0.7654107935177763,0.4500269107260262,1.0,1263.0,0.7051979811184572,497.0,0.7176136363636364,0.48212066021905714,0.5682228514151557,0.42556818181818185,1760.0,0.0,0.0,24,0.09368043073586055,0.3,0.29282117680031167,0.68
0.2,774.0,0.43977272727272726,983.0,0.3531568379379186,0.35370618560550593,0.5585227272727272,3.0,0.0017045454545454545,0.7505938242280285,0.5386363636363637,948.0,948.0,0.7113769435102738,1.0,0.39600953993113874,1.0,1263.0,0.711376943852139,497.0,0.7176136363636364,0.44743864615479967,0.5682228514151557,0.4414772727272727,1760.0,0.0,0.0,25,0.09151777811348438,0.5,-0.058006371000065615,0.5
0.2,716.0,0.4068181818181818,1038.0,0.4528578456043923,0.48172313858071053,0.5897727272727272,6.0,0.003409090909090909,0.8653998416468726,0.6210227272727272,1093.0,1093.0,0.7156662912198489,0.8109403868650814,0.468067619285328,1.0,1263.0,0.7156663067996445,497.0,0.7176136363636364,0.48382410032649853,0.5682228514151557,0.4102272727272727,1760.0,0.0,0.0,26,0.08943540869014603,0.3,0.27255722122157067,0.68
0.2,716.0,0.4068181818181818,1039.0,0.4584891559362232,0.4933594745940997,0.5903409090909091,5.0,0.002840909090909091,0.8669833729216152,0.6221590909090909,1095.0,1095.0,0.7171285819137165,0.8299488293258279,0.4744038274990011,1.0,1263.0,0.7171285832742199,497.0,0.7176136363636364,0.4844807894410413,0.5682228514151557,0.4096590909090909,1760.0,0.0,0.0,27,0.08891971223056316,0.3,0.20479574284472746,0.68
0.2,741.0,0.42102272727272727,1017.0,0.4573491333057194,0.49012086388878834,0.5778409090909091,2.0,0.0011363636363636363,0.8551068883610451,0.6136363636363636,1080.0,1080.0,0.7110886589359154,0.7849936689370882,0.47511848038684334,1.0,1263.0,0.711088659343736,497.0,0.7176136363636364,0.4820386341578255,0.5682228514151557,0.42215909090909093,1760.0,0.0,0.0,28,0.085819381156138,0.3,0.23318581588136517,0.68
0.2,752.0,0.42727272727272725,1002.0,0.4442328684220961,0.4737750577780446,0.5693181818181818,6.0,0.003409090909090909,0.8590657165479019,0.6164772727272727,1085.0,1085.0,0.7039323483391443,0.7607075545510921,0.44239962198002736,1.0,1263.0,0.7039323487906258,497.0,0.7176136363636364,0.48154473861765323,0.5682228514151557,0.43068181818181817,1760.0,0.0,0.0,29,0.08478060524378504,0.3,0.2539546574804178,0.68
0.2,755.0,0.4289772727272727,998.0,0.44992654089017475,0.4712495490256284,0.5670454545454545,7.0,0.003977272727272727,0.8685669041963578,0.6232954545454545,1097.0,1097.0,0.728724027913933,1.0,0.4831506772544798,1.0,1263.0,0.7287240287868093,497.0,0.7176136363636364,0.4858203300109821,0.5682228514151557,0.4329545454545455,1760.0,0.0,0.0,30,0.08535155760390419,0.3,0.2371209044608013,0.68
0.2,639.0,0.36306818181818185,1116.0,0.4495364434172907,0.4823758199183785,0.634090909090909,5.0,0.002840909090909091,0.8511480601741884,0.6107954545454546,1075.0,1075.0,0.6825233441104376,0.6990035747724055,0.4452316911816874,1.0,1263.0,0.6825233446848213,497.0,0.7176136363636364,0.4758304561801541,0.5682228514151557,0.3659090909090909,1760.0,0.0,0.0,31,0.08400342507021767,0.3,0.25822655093097063,0.68
0.2,568.0,0.32272727272727275,1183.0,0.45044553271914123,0.47367312626699404,0.6721590909090909,9.0,0.005113636363636364,0.8353127474267616,0.5994318181818182,1055.0,1055.0,0.6780808902563311,0.6817549347703141,0.4285405344688526,1.0,1263.0,0.6780808905844675,497.0,0.7176136363636364,0.47341593421338546,0.5682228514151557,0.32784090909090907,1760.0,0.0,0.0,32,0.08363182496811662,0.3,0.2442594731399863,0.68
0.2,780.0,0.4431818181818182,979.0,0.35832681499251584,0.3600972639026417,0.55625,1.0,0.0005681818181818182,0.7553444180522565,0.5420454545454545,954.0,954.0,0.7181749847818282,1.0,0.39557984933607987,1.0,1263.0,0.7181749857342536,497.0,0.7176136363636364,0.44807613597652296,0.5682228514151557,0.44375,1760.0,0.0,0.0,33,0.08047027034418923,0.5,-0.052152846183244686,0.5
0.2,716.0,0.4068181818181818,1042.0,0.4504786843111943,0.4691053208696432,0.5920454545454545,2.0,0.0011363636363636363,0.8677751385589866,0.6227272727272727,1096.0,1096.0,0.7122032525498407,0.8164592684916641,0.4607404468615948,1.0,1263.0,0.7122032532250717,497.0,0.7176136363636364,0.48204132675033806,0.5682228514151557,0.40795454545454546,1760.0,0.0,0.0,34,0.08113591239920684,0.3,0.27432556818798365,0.68
0.2,678.0,0.38522727272727275,1078.0,0.4551234577212306,0.47463800809251944,0.6125,4.0,0.0022727272727272726,0.8463974663499604,0.6073863636363637,1069.0,1069.0,0.7023312435072018,0.7607075545510921,0.44731535687250185,1.0,1263.0,0.7023312440617927,497.0,0.7176136363636364,0.4774468496728524,0.5682228514151557,0.3875,1760.0,0.0,0.0,35,0.07957848853298596,0.3,0.21045478852056118,0.68
0.2,661.0,0.3755681818181818,1098.0,0.366767580150218,0.38166068736923475,0.6238636363636364,1.0,0.0005681818181818182,0.735550277117973,0.5278409090909091,929.0,929.0,0.6891776281469316,1.0,0.3884323545785983,1.0,1263.0,0.6891776286979577,497.0,0.7176136363636364,0.4391295283823274,0.5682228514151557,0.37613636363636366,1760.0,0.0,0.0,36,0.07855024241975375,0.5,-0.08088428695358102,0.5
0.2,716.0,0.4068181818181818,1042.0,0.4462867394249407,0.4728869944181425,0.5920454545454545,2.0,0.0011363636363636363,0.8693586698337292,0.6238636363636364,1098.0,1098.0,0.709527469862264,0.8087008869967187,0.46206114095468115,1.0,1263.0,0.7095274842938954,497.0,0.7176136363636364,0.4828154449834647,0.5682228514151557,0.40795454545454546,1760.0,0.0,0.0,37,0.07788842623787266,0.3,0.2708146358482654,0.68
0.2,697.0,0.39602272727272725,1060.0,0.43836478146684105,0.46759611706156484,0.6022727272727273,3.0,0.0017045454545454545,0.8614410134600158,0.6181818181818182,1088.0,1088.0,0.7011150813136957,0.7656811880807884,0.45314112012443436,1.0,1263.0,0.7011150815438277,497.0,0.7176136363636364,0.4806411976070665,0.5682228514151557,0.3977272727272727,1760.0,0.0,0.0,38,0.07553210827921118,0.3,0.27957653349938766,0.68
0.2,755.0,0.4289772727272727,1003.0,0.45620729334864846,0.4848754698801309,0.5698863636363637,2.0,0.0011363636363636363,0.8749010292953285,0.6278409090909091,1105.0,1105.0,0.7283497067225828,1.0,0.4850925194718987,1.0,1263.0,0.7283497213929568,497.0,0.7176136363636364,0.4862601156224536,0.5682228514151557,0.43011363636363636,1760.0,0.0,0.0,39,0.07574301319462913,0.3,0.2923763927154982,0.68
0.2,696.0,0.39545454545454545,1060.0,0.4504836505523611,0.4907227150474721,0.6022727272727273,4.0,0.0022727272727272726,0.8558986539984165,0.6142045454545455,1081.0,1081.0,0.7046540249499739,0.7661755623596777,0.4694278210149405,1.0,1263.0,0.7046540258521846,497.0,0.7176136363636364,0.480271116043886,0.5682228514151557,0.3977272727272727,1760.0,0.0,0.0,40,0.07660380591239248,0.3,0.24967573803861978,0.68
0.2,741.0,0.42102272727272727,1017.0,0.3632198272249017,0.35361588728259624,0.5778409090909091,2.0,0.0011363636363636363,0.7505938242280285,0.5386363636363637,948.0,948.0,0.7024328939458139,1.0,0.37942751107737815,1.0,1263.0,0.702432894998506,497.0,0.7176136363636364,0.4443321820510738,0.5682228514151557,0.42215909090909093,1760.0,0.0,0.0,41,0.0743523719055312,0.5,-0.06648038382749034,0.5
0.2,732.0,0.4159090909090909,1026.0,0.46435452148637396,0.47554377681669374,0.5829545454545455,2.0,0.0011363636363636363,0.8646080760095012,0.6204545454545455,1092.0,1092.0,0.72580052885612,0.8764468782101086,0.46973290448719285,1.0,1263.0,0.725800531202996,497.0,0.7176136363636364,0.48553930246380395,0.5682228514151557,0.41704545454545455,1760.0,0.0,0.0,42,0.07332982522036348,0.3,0.25881312761136926,0.68
0.2,738.0,0.4193181818181818,1020.0,0.37294859355302107,0.37881056290733567,0.5795454545454546,2.0,0.0011363636363636363,0.7577197149643705,0.54375,957.0,957.0,0.7293916082940415,1.0,0.415711199497217,1.0,1263.0,0.7293916098471228,497.0,0.7176136363636364,0.44681979276771217,0.5682228514151557,0.42045454545454547,1760.0,0.0,0.0,43,0.07304915759180274,0.5,-0.05604655361740791,0.5
0.2,661.0,0.3755681818181818,1095.0,0.35915002879572394,0.3585744735827937,0.6221590909090909,4.0,0.0022727272727272726,0.7371338083927158,0.5289772727272727,931.0,931.0,0.685425953984582,1.0,0.35984405552554116,1.0,1263.0,0.685425956018996,497.0,0.7176136363636364,0.4370070198416751,0.5682228514151557,0.3778409090909091,1760.0,0.0,0.0,44,0.07056648364024502,0.5,-0.042550094413984205,0.5
0.2,732.0,0.4159090909090909,1020.0,0.4528197738995383,0.47339791972380396,0.5795454545454546,8.0,0.004545454545454545,0.8693586698337292,0.6238636363636364,1098.0,1098.0,0.7199314325423867,0.8414002894009803,0.46858548064675815,1.0,1263.0,0.7199314337845932,497.0,0.7176136363636364,0.48392623342551966,0.5682228514151557,0.42045454545454547,1760.0,0.0,0.0,45,0.07236459798046521,0.3,0.2562307169532435,0.68
0.3,357.0,0.2028409090909091,1322.0,0.45736724339708706,0.48041320211279703,0.7511363636363636,81.0,0.04602272727272727,0.7743467933491687,0.5556818181818182,978.0,978.0,0.672644860536075,0.6685722443099973,0.42287020991144963,1.0,1263.0,0.6726448610434025,497.0,0.7176136363636364,0.45251860195495663,0.5682228514151557,0.24886363636363637,1760.0,0.0,0.0,1,0.37797789382083075,0.5,0.25946732787850785,0.6
0.3,563.0,0.31988636363636364,1133.0,0.45230687859967333,0.4754697969780384,0.64375,64.0,0.03636363636363636,0.8281868566904196,0.5943181818181819,1046.0,1046.0,0.6984022581963785,0.7794827566183818,0.4532415231834701,1.0,1263.0,0.6984022597244132,497.0,0.7176136363636364,0.46869931216039024,0.5682228514151557,0.35625,1760.0,0.0,0.0,2,0.2900380385773523,0.3,0.2674722435536021,0.68
0.3,727.0,0.41306818181818183,999.0,0.4658607846638126,0.4943522846236422,0.5676136363636364,34.0,0.019318181818181818,0.8432304038004751,0.6051136363636364,1065.0,1065.0,0.7196396043446679,0.8628066211318589,0.47570140773270875,1.0,1263.0,0.7196396057666695,497.0,0.7176136363636364,0.47847748900579623,0.5682228514151557,0.4323863636363636,1760.0,0.0,0.0,3,0.22876523222242082,0.3,0.29697516605821417,0.68
0.3,705.0,0.4005681818181818,1036.0,0.3700157548308511,0.35712149909658164,0.5886363636363636,19.0,0.010795454545454546,0.7529691211401425,0.540340909090909,951.0,951.0,0.7164739674738214,1.0,0.388334040519172,1.0,1263.0,0.7164739688999827,497.0,0.7176136363636364,0.44007861948170607,0.5682228514151557,0.4113636363636364,1760.0,0.0,0.0,4,0.19759101367422513,0.5,-0.22053477807404284,0.5
0.3,741.0,0.42102272727272727,1007.0,0.4745516455051668,0.497017064179153,0.5721590909090909,12.0,0.006818181818181818,0.8638163103721298,0.6198863636363636,1091.0,1091.0,0.7221047657712936,0.8217818229415714,0.4829313163276745,1.0,1263.0,0.7221047695553235,497.0,0.7176136363636364,0.48411898262228725,0.5682228514151557,0.4278409090909091,1760.0,0.0,0.0,5,0.1670274596129145,0.3,0.17841866468273473,0.68
0.3,696.0,0.39545454545454545,1051.0,0.46484236248071453,0.48935587300762645,0.5971590909090909,13.0,0.007386363636363636,0.8543151227236738,0.6130681818181818,1079.0,1079.0,0.715805999723308,0.7792126010168418,0.47282399321555224,1.0,1263.0,0.7158060004011934,497.0,0.7176136363636364,0.481900758383434,0.5682228514151557,0.4028409090909091,1760.0,0.0,0.0,6,0.16069252948675836,0.3,0.16441277215964764,0.68
0.3,741.0,0.42102272727272727,1011.0,0.4770299035850592,0.5008532116973395,0.5744318181818182,8.0,0.004545454545454545,0.8669833729216152,0.6221590909090909,1095.0,1095.0,0.7206050169837988,0.7893262618483687,0.4852354229453816,1.0,1263.0,0.720605019465736,497.0,0.7176136363636364,0.4863146268779609,0.5682228514151557,0.42556818181818185,1760.0,0.0,0.0,7,0.15008403360843658,0.3,0.16474894024703662,0.7
0.3,724.0,0.4113636363636364,1032.0,0.462316441082645,0.48559685285737597,0.5863636363636363,4.0,0.0022727272727272726,0.8400633412509897,0.602840909090909,1061.0,1061.0,0.6837751736433275,0.6967159734049763,0.43368542343219973,1.0,1263.0,0.6837751738337379,497.0,0.7176136363636364,0.47863083253735617,0.5682228514151557,0.41363636363636364,1760.0,0.0,0.0,8,0.14312001849923814,0.3,0.18294441879562204,0.68
0.3,715.0,0.40625,1037.0,0.35366421769793865,0.35316545464162585,0.5892045454545455,8.0,0.004545454545454545,0.7474267616785432,0.5363636363636364,944.0,944.0,0.7069579292105062,1.0,0.3754176026986642,1.0,1263.0,0.7069579297422455,497.0,0.7176136363636364,0.4448461193302195,0.5682228514151557,0.4107954545454545,1760.0,0.0,0.0,9,0.1430438437632152,0.5,-0.23645336947502768,0.5
0.3,653.0,0.3710227272727273,1100.0,0.3783670435498915,0.3935727520040884,0.625,7.0,0.003977272727272727,0.7521773555027712,0.5397727272727273,950.0,950.0,0.7120857885915288,1.0,0.4090622214050983,1.0,1263.0,0.7120857892427178,497.0,0.7176136363636364,0.4462334708982403,0.5682228514151557,0.375,1760.0,0.0,0.0,10,0.14039382790880545,0.5,-0.2306898707045757,0.5
0.3,619.0,0.35170454545454544,1136.0,0.46685281455300387,0.4899033240455865,0.6454545454545455,5.0,0.002840909090909091,0.8479809976247031,0.6085227272727273,1071.0,1071.0,0.681903780111456,0.6935479691022646,0.44139715416705533,1.0,1263.0,0.681903780643444,497.0,0.7176136363636364,0.47634529857358165,0.5682228514151557,0.35454545454545455,1760.0,0.0,0.0,11,0.13608196191489697,0.3,0.20498546378486984,0.7
0.3,750.0,0.42613636363636365,998.0,0.4622497258163044,0.4896247946126756,0.5670454545454545,12.0,0.006818181818181818,0.8701504354711006,0.6244318181818181,1099.0,1099.0,0.7347946782460755,1.0,0.49152701312420677,1.0,1263.0,0.7347946788058964,497.0,0.7176136363636364,0.48785324637196426,0.5682228514151557,0.4329545454545455,1760.0,0.0,0.0,12,0.13364879494266851,0.3,0.12230542660443655,0.68
0.3,684.0,0.3886363636363636,1068.0,0.367371075912269,0.3682219250913414,0.6068181818181818,8.0,0.004545454545454545,0.7640538400633412,0.5482954545454546,965.0,965.0,0.7187587477371642,1.0,0.40290722258974077,1.0,1263.0,0.7187587515615518,497.0,0.7176136363636364,0.44864997010549496,0.5682228514151557,0.3931818181818182,1760.0,0.0,0.0,13,0.13151236916227,0.5,-0.24280133069019727,0.5
0.3,747.0,0.4244318181818182,1011.0,0.3897059026060865,0.37540896203164903,0.5744318181818182,2.0,0.0011363636363636363,0.7458432304038005,0.5352272727272728,942.0,942.0,0.7181762926047214,1.0,0.4072782250751733,1.0,1263.0,0.7181762933249275,497.0,0.7176136363636364,0.4479964570545975,0.5682228514151557,0.42556818181818185,1760.0,0.0,0.0,14,0.12556224236530916,0.5,-0.24406289883833582,0.5
0.3,759.0,0.43125,993.0,0.46712337046956415,0.49897376906161717,0.5642045454545455,8.0,0.004545454545454545,0.8669833729216152,0.6221590909090909,1095.0,1095.0,0.722125520126138,0.8443463987975928,0.4855397375048816,1.0,1263.0,0.7221255214063101,497.0,0.7176136363636364,0.48617647712446865,0.5682228514151557,0.43579545454545454,1760.0,0.0,0.0,15,0.12072548695972987,0.3,0.13542963854881473,0.68
0.3,741.0,0.42102272727272727,1014.0,0.4620552344801601,0.5013386080361961,0.5761363636363637,5.0,0.002840909090909091,0.8646080760095012,0.6204545454545455,1092.0,1092.0,0.7113226807741518,0.7867513987566506,0.4755182993403647,1.0,1263.0,0.7113226813162155,497.0,0.7176136363636364,0.4842928898824814,0.5682228514151557,0.4238636363636364,1760.0,0.0,0.0,16,0.12261861695774964,0.3,0.18177953099022817,0.68
0.3,716.0,0.4068181818181818,1036.0,0.46724321030388344,0.5124010353328479,0.5886363636363636,8.0,0.004545454545454545,0.8709422011084719,0.625,1100.0,1100.0,0.721997820649481,0.8420197587328568,0.49174673354376447,1.0,1263.0,0.7219978216148948,497.0,0.7176136363636364,0.4861778007235647,0.5682228514151557,0.4113636363636364,1760.0,0.0,0.0,17,0.12191462490175452,0.3,0.14088042158757222,0.68
0.3,741.0,0.42102272727272727,1016.0,0.4667128511789717,0.4954204901156939,0.5772727272727273,3.0,0.0017045454545454545,0.8590657165479019,0.6164772727272727,1085.0,1085.0,0.7159078598907335,0.7866446965703762,0.46288025808005845,1.0,1263.0,0.7159078602669686,497.0,0.7176136363636364,0.4838947057604398,0.5682228514151557,0.42272727272727273,1760.0,0.0,0.0,18,0.12009207106062345,0.3,0.18003912048774234,0.68
0.3,639.0,0.36306818181818185,1114.0,0.4666550066556456,0.49986872044421155,0.6329545454545454,7.0,0.003977272727272727,0.8590657165479019,0.6164772727272727,1085.0,1085.0,0.6908073725220287,0.7163234426332665,0.44964532420997055,1.0,1263.0,0.6908073730130442,497.0,0.7176136363636364,0.48144962191792307,0.5682228514151557,0.36704545454545456,1760.0,0.0,0.0,19,0.11865792849234172,0.3,0.17200131251577097,0.7
0.3,636.0,0.3613636363636364,1117.0,0.3578964474507044,0.3638836465707172,0.6346590909090909,7.0,0.003977272727272727,0.7387173396674585,0.5301136363636364,933.0,933.0,0.6985623193820027,1.0,0.3836599929954952,1.0,1263.0,0.6985623201473226,497.0,0.7176136363636364,0.43856319286272955,0.5682228514151557,0.3653409090909091,1760.0,0.0,0.0,20,0.1140164810099772,0.5,-0.19177341249048596,0.5
0.3,732.0,0.4159090909090909,1017.0,0.45574715908351804,0.46742427421110244,0.5778409090909091,11.0,0.00625,0.8677751385589866,0.6227272727272727,1096.0,1096.0,0.7219146068309947,0.9113318996198085,0.4627401552612749,1.0,1263.0,0.7219146095277493,497.0,0.7176136363636364,0.4862624259074282,0.5682228514151557,0.42215909090909093,1760.0,0.0,0.0,21,0.11161834959472929,0.3,0.15125301903572197,0.68
0.3,580.0,0.32954545454545453,1171.0,0.4707933755353371,0.49463331998891635,0.665340909090909,9.0,0.005113636363636364,0.8448139350752177,0.60625,1067.0,1067.0,0.6706717913359549,0.6711990369605684,0.43618643153872805,1.0,1263.0,0.670671793185306,497.0,0.7176136363636364,0.4769297571739508,0.5682228514151557,0.3346590909090909,1760.0,0.0,0.0,22,0.11193467596811908,0.3,0.23323253130522717,0.7
0.3,741.0,0.42102272727272727,1014.0,0.4623043680142069,0.4965870371852364,0.5761363636363637,5.0,0.002840909090909091,0.8646080760095012,0.6204545454545455,1092.0,1092.0,0.7119487685790394,0.7865864898378675,0.4768176770346657,1.0,1263.0,0.7119487689113269,497.0,0.7176136363636364,0.48375440680727566,0.5682228514151557,0.4238636363636364,1760.0,0.0,0.0,23,0.11078542657196522,0.3,0.18858234410399044,0.68
0.3,682.0,0.3875,1069.0,0.44954616991369734,0.4873855865670983,0.6073863636363637,9.0,0.005113636363636364,0.8448139350752177,0.60625,1067.0,1067.0,0.6842757788071067,0.7057477040609794,0.433399734150012,1.0,1263.0,0.6842757804652737,497.0,0.7176136363636364,0.4763137518802086,0.5682228514151557,0.3926136363636364,1760.0,0.0,0.0,24,0.10757068624453885,0.3,0.18048830215909184,0.68
0.3,431.0,0.24488636363636362,1309.0,0.4484654840832098,0.4834780086420227,0.74375,20.0,0.011363636363636364,0.8226444972288203,0.5903409090909091,1039.0,1039.0,0.641688355876965,0.6368573089728533,0.39834907003103737,1.0,1263.0,0.641688356966,497.0,0.7176136363636364,0.46477505018429055,0.5682228514151557,0.25625,1760.0,0.0,0.0,25,0.1077495664358139,0.3,0.13490326083751883,0.68
0.3,637.0,0.3619318181818182,1117.0,0.3693453840951283,0.3690562570783779,0.6346590909090909,6.0,0.003409090909090909,0.7347585114806018,0.5272727272727272,928.0,928.0,0.700303140502103,1.0,0.383605273063051,1.0,1263.0,0.7003031410501754,497.0,0.7176136363636364,0.4430589702401607,0.5682228514151557,0.3653409090909091,1760.0,0.0,0.0,26,0.10558209860963481,0.5,-0.1778257631264215,0.5
0.3,727.0,0.41306818181818183,1031.0,0.3815380752435208,0.38439231100449656,0.5857954545454546,2.0,0.0011363636363636363,0.7569279493269992,0.5431818181818182,956.0,956.0,0.7244092259976358,1.0,0.4160988528677635,1.0,1263.0,0.7244092263649322,497.0,0.7176136363636364,0.4499128601656853,0.5682228514151557,0.41420454545454544,1760.0,0.0,0.0,27,0.1032930538058281,0.5,-0.14416657184795822,0.5
0.3,636.0,0.3613636363636364,1118.0,0.3664170137722527,0.357360587032159,0.6352272727272728,6.0,0.003409090909090909,0.7450514647664291,0.5346590909090909,941.0,941.0,0.6983579406694679,1.0,0.37306502980418593,1.0,1263.0,0.6983579419474427,497.0,0.7176136363636364,0.4424327527566896,0.5682228514151557,0.36477272727272725,1760.0,0.0,0.0,28,0.10259539713816983,0.5,-0.19213036633284142,0.5
0.3,657.0,0.37329545454545454,1094.0,0.4559237279861125,0.4803985939931606,0.6215909090909091,9.0,0.005113636363636364,0.8440221694378464,0.6056818181818182,1066.0,1066.0,0.6968280435494849,0.7282669789771503,0.4424170874365819,1.0,1263.0,0.6968280439254607,497.0,0.7176136363636364,0.4774316117951127,0.5682228514151557,0.3784090909090909,1760.0,0.0,0.0,29,0.10190665296145848,0.3,0.18315597517196164,0.68
0.5,538.0,0.30568181818181817,1118.0,0.4260353223872639,0.3854274135389346,0.6352272727272728,104.0,0.05909090909090909,0.7569279493269992,0.5431818181818182,956.0,956.0,0.7634497039964246,1.0,0.4757729407719574,1.0,1263.0,0.7634497043046639,497.0,0.7176136363636364,0.44770748580337943,0.5682228514151557,0.36477272727272725,1760.0,0.0,0.0,1,0.46280302852392197,0.5,-0.234293821740083,0.5
0.5,524.0,0.29772727272727273,1156.0,0.48037229671644255,0.49748127653602475,0.6568181818181819,80.0,0.045454545454545456,0.8210609659540776,0.5892045454545455,1037.0,1037.0,0.7028551320663939,0.7254423634385604,0.4678965053528667,1.0,1263.0,0.7028551329745061,497.0,0.7176136363636364,0.470914185683705,0.5682228514151557,0.3431818181818182,1760.0,0.0,0.0,2,0.36059161701372694,0.3,0.23018834406543026,0.68
0.5,567.0,0.3221590909090909,1124.0,0.459854411325149,0.4623348130789458,0.6386363636363637,69.0,0.03920454545454546,0.8028503562945368,0.5761363636363637,1014.0,1014.0,0.6660046507898111,0.6796497142786958,0.39991095534313653,1.0,1263.0,0.6660046512865907,497.0,0.7176136363636364,0.4628164549276712,0.5682228514151557,0.3613636363636364,1760.0,0.0,0.0,3,0.291974274707692,0.3,0.018566903078571634,0.68
0.5,657.0,0.37329545454545454,1061.0,0.4705799619807597,0.49269895571407785,0.602840909090909,42.0,0.023863636363636365,0.8479809976247031,0.6085227272727273,1071.0,1071.0,0.7123039569307209,0.7694555522488057,0.4704003460319122,1.0,1263.0,0.7123039598508046,497.0,0.7176136363636364,0.4785405952042103,0.5682228514151557,0.3971590909090909,1760.0,0.0,0.0,4,0.2320225089788437,0.3,0.046335660480278575,0.68
0.5,538.0,0.30568181818181817,1161.0,0.49569759343312636,0.5279554824319388,0.6596590909090909,61.0,0.03465909090909091,0.8463974663499604,0.6073863636363637,1069.0,1069.0,0.6994942628782989,0.7344813337984952,0.46618658046507255,1.0,1263.0,0.6994942641481121,497.0,0.7176136363636364,0.4781822776096315,0.5682228514151557,0.3403409090909091,1760.0,0.0,0.0,5,0.21579233397330558,0.3,0.0356246200592943,0.7
0.5,770.0,0.4375,973.0,0.4828466557594758,0.5039663157943123,0.5528409090909091,17.0,0.009659090909090909,0.8622327790973872,0.61875,1089.0,1089.0,0.7354872242957098,0.9214451533163531,0.5008532116973395,1.0,1263.0,0.7354872251846769,497.0,0.7176136363636364,0.4844298425668379,0.5682228514151557,0.4471590909090909,1760.0,0.0,0.0,6,0.20217670606715338,0.3,0.045076842957544536,0.68
0.5,668.0,0.3795454545454545,1086.0,0.38555974396964665,0.3690562570783779,0.6170454545454546,6.0,0.003409090909090909,0.7379255740300871,0.5295454545454545,932.0,932.0,0.6973947666116608,1.0,0.38151094739732616,1.0,1263.0,0.6973947669642536,497.0,0.7176136363636364,0.4413187890532913,0.5682228514151557,0.38295454545454544,1760.0,0.0,0.0,7,0.19030039491397993,0.5,-0.4994474769742268,0.5
0.5,625.0,0.35511363636363635,1128.0,0.394972261257786,0.37007996525594283,0.6409090909090909,7.0,0.003977272727272727,0.7395091053048297,0.5306818181818181,934.0,934.0,0.7065550688969776,1.0,0.38061264894612146,1.0,1263.0,0.7065550858986922,497.0,0.7176136363636364,0.4416042585849397,0.5682228514151557,0.35909090909090907,1760.0,0.0,0.0,8,0.18217949409570014,0.5,-0.48230887381859633,0.5
0.5,0.0,0.0,1743.0,0.47306824226523125,0.5043935138280041,0.9903409090909091,17.0,0.009659090909090909,0.7323832145684878,0.5255681818181818,925.0,925.0,0.4787648018083098,0.5099724191127522,0.2938225423824744,0.6536381824650623,1263.0,0.4787648044385733,497.0,0.7176136363636364,0.435061695067459,0.5682228514151557,0.009659090909090909,1760.0,0.0,0.0,9,0.17374917066523007,0.5,0.12392384555822049,0.7
0.5,759.0,0.43125,996.0,0.4776657998548154,0.5127420879524447,0.5659090909090909,5.0,0.002840909090909091,0.8677751385589866,0.6227272727272727,1096.0,1096.0,0.7264417601429416,0.822602062248401,0.502438160414827,1.0,1263.0,0.7264417624184741,497.0,0.7176136363636364,0.487207031332068,0.5682228514151557,0.4340909090909091,1760.0,0.0,0.0,10,0.1714552380144596,0.3,0.02587368936081211,0.68
0.5,691.0,0.3926136363636364,1059.0,0.45720706570614605,0.48921907310828894,0.6017045454545454,10.0,0.005681818181818182,0.8558986539984165,0.6142045454545455,1081.0,1081.0,0.7097739907290956,0.7843411358520352,0.4680434905506187,1.0,1263.0,0.7097739927075658,497.0,0.7176136363636364,0.48108602137520357,0.5682228514151557,0.39829545454545456,1760.0,0.0,0.0,11,0.16450204221265657,0.3,0.004187063735653921,0.68
0.5,711.0,0.40397727272727274,1034.0,0.47857757806292095,0.5093324346790455,0.5875,15.0,0.008522727272727272,0.8614410134600158,0.6181818181818182,1088.0,1088.0,0.7316208122382681,0.8825038694861771,0.4997983333575516,1.0,1263.0,0.7316208124456471,497.0,0.7176136363636364,0.4861679807124106,0.5682228514151557,0.4125,1760.0,0.0,0.0,12,0.1609806210866996,0.3,0.024816659879781985,0.68
0.5,634.0,0.36022727272727273,1111.0,0.4856265011820042,0.504238425389328,0.63125,15.0,0.008522727272727272,0.8495645288994458,0.6096590909090909,1073.0,1073.0,0.705182011395091,0.7551919507038795,0.456255911375938,1.0,1263.0,0.7051820123482221,497.0,0.7176136363636364,0.4792369006990033,0.5682228514151557,0.36875,1760.0,0.0,0.0,13,0.16170251928269863,0.3,0.04672539656650194,0.7
0.5,639.0,0.36306818181818185,1108.0,0.4693698694766066,0.5014751690164296,0.6295454545454545,13.0,0.007386363636363636,0.8551068883610451,0.6136363636363636,1080.0,1080.0,0.6939050265591906,0.72948557850504,0.45922233592649253,1.0,1263.0,0.6939050272013977,497.0,0.7176136363636364,0.4798382581601263,0.5682228514151557,0.3704545454545455,1760.0,0.0,0.0,14,0.16309058666229248,0.3,0.012855824443750444,0.7
0.5,0.0,0.0,1727.0,0.5610261677968492,0.602680654317721,0.98125,33.0,0.01875,0.8273950910530483,0.59375,1045.0,1045.0,0.5677472982420649,0.6099406994089819,0.41940956326621776,0.7336449525826283,1263.0,0.5677473020026499,497.0,0.7176136363636364,0.4736688987561736,0.5682228514151557,0.01875,1760.0,0.0,0.0,15,0.15446532650717668,0.3,0.34224560032098267,0.8
0.5,625.0,0.35511363636363635,1115.0,0.47903252192369394,0.5136881390364656,0.6335227272727273,20.0,0.011363636363636364,0.8551068883610451,0.6136363636363636,1080.0,1080.0,0.7139502643525468,0.786991188240535,0.4823062900065037,1.0,1263.0,0.7139502805304783,497.0,0.7176136363636364,0.4831134061269171,0.5682228514151557,0.3664772727272727,1760.0,0.0,0.0,16,0.14682478510907718,0.3,0.034029259602333724,0.68
0.5,706.0,0.4011363636363636,1042.0,0.4787681520342569,0.5172455390848919,0.5920454545454545,12.0,0.006818181818181818,0.880443388756928,0.6318181818181818,1112.0,1112.0,0.7398528096933567,1.0,0.518441992728484,1.0,1263.0,0.7398528108399242,497.0,0.7176136363636364,0.4913655765949653,0.5682228514151557,0.40795454545454546,1760.0,0.0,0.0,17,0.14883070811629295,0.3,0.005347029462930842,0.68
0.5,532.0,0.30227272727272725,1210.0,0.46207241460338644,0.4927765330449292,0.6875,18.0,0.010227272727272727,0.8297703879651623,0.5954545454545455,1048.0,1048.0,0.6720078940186679,0.6754078441356874,0.42812417250070317,1.0,1263.0,0.672007909245823,497.0,0.7176136363636364,0.47088587004524696,0.5682228514151557,0.3125,1760.0,0.0,0.0,18,0.1499336856816496,0.3,-0.014481643528598471,0.68
0.5,665.0,0.3778409090909091,1092.0,0.37400163266127867,0.3720504535811602,0.6204545454545455,3.0,0.0017045454545454545,0.7458432304038005,0.5352272727272728,942.0,942.0,0.7175697387272223,1.0,0.39841300592871703,1.0,1263.0,0.7175697393599892,497.0,0.7176136363636364,0.4438848832008972,0.5682228514151557,0.3795454545454545,1760.0,0.0,0.0,19,0.13981598509209497,0.5,-0.31480101858162085,0.5
0.5,634.0,0.36022727272727273,1119.0,0.4559789482737853,0.4864307342333575,0.6357954545454545,7.0,0.003977272727272727,0.8448139350752177,0.60625,1067.0,1067.0,0.6884752927790843,0.6991845706612566,0.4390073322432549,1.0,1263.0,0.6884752933765047,497.0,0.7176136363636364,0.47487519449550825,0.5682228514151557,0.36420454545454545,1760.0,0.0,0.0,20,0.13815148786774703,0.3,0.021154966393438755,0.68
0.5,559.0,0.3176136363636364,1186.0,0.4592720933586335,0.48393808849872566,0.6738636363636363,15.0,0.008522727272727272,0.8321456848772764,0.5971590909090909,1051.0,1051.0,0.6789588832119765,0.7046204483916267,0.4204308838518192,1.0,1263.0,0.6789588841135579,497.0,0.7176136363636364,0.4714579215104679,0.5682228514151557,0.3261363636363636,1760.0,0.0,0.0,21,0.13787355593272618,0.3,-0.05998870565826756,0.68
0.5,747.0,0.4244318181818182,1008.0,0.3677421313724925,0.3512957734775737,0.5727272727272728,5.0,0.002840909090909091,0.7672209026128266,0.5505681818181818,969.0,969.0,0.7305237360751697,1.0,0.4101554108653974,1.0,1263.0,0.7305237366424737,497.0,0.7176136363636364,0.4495219983320868,0.5682228514151557,0.42727272727272725,1760.0,0.0,0.0,22,0.13524808601609298,0.5,-0.40724647238195455,0.5
0.5,83.0,0.04715909090909091,1649.0,0.46913003487411425,0.4889408287408146,0.9369318181818181,28.0,0.015909090909090907,0.7410926365795725,0.5318181818181819,936.0,936.0,0.5218767301270066,0.5197312688486195,0.324841430317334,0.6944834001292715,1263.0,0.5218767315619713,497.0,0.7176136363636364,0.4404737299201675,0.5682228514151557,0.06306818181818181,1760.0,0.0,0.0,23,0.1355739427464349,0.5,0.04085681401376365,0.68
0.5,154.0,0.0875,1570.0,0.4504252989879688,0.46364871174356376,0.8920454545454546,36.0,0.020454545454545454,0.7458432304038005,0.5352272727272728,942.0,942.0,0.5431879077575154,0.5268106404396995,0.3231075823142028,0.7609271953915442,1263.0,0.5431879108809531,497.0,0.7176136363636364,0.43872645500229124,0.5682228514151557,0.10795454545454546,1760.0,0.0,0.0,24,0.13492602642093385,0.5,-0.04150010186061878,0.65
0.5,413.0,0.2346590909090909,1321.0,0.47553797929018654,0.5028187026098053,0.7505681818181819,26.0,0.014772727272727272,0.831353919239905,0.5965909090909091,1050.0,1050.0,0.6488601899438106,0.6510266506570555,0.4067132315577918,1.0,1263.0,0.6488601903099551,497.0,0.7176136363636364,0.4712179707090285,0.5682228514151557,0.24943181818181817,1760.0,0.0,0.0,25,0.1395839098840952,0.3,0.06942439906092865,0.7
0.5,682.0,0.3875,1064.0,0.4595391197970501,0.4866883837800853,0.6045454545454545,14.0,0.007954545454545454,0.8463974663499604,0.6073863636363637,1069.0,1069.0,0.6915985622789529,0.7192493634751408,0.4480438012010105,1.0,1263.0,0.6915985649928506,497.0,0.7176136363636364,0.47731891704353707,0.5682228514151557,0.39545454545454545,1760.0,0.0,0.0,26,0.13064098890338624,0.3,0.027265758522897348,0.68
0.5,571.0,0.32443181818181815,1173.0,0.4650772106426721,0.5029421370327374,0.6664772727272728,16.0,0.00909090909090909,0.8345209817893904,0.5988636363636364,1054.0,1054.0,0.6873696031839526,0.699711410149833,0.4470076984030954,1.0,1263.0,0.6873696039145196,497.0,0.7176136363636364,0.4744651321498607,0.5682228514151557,0.33352272727272725,1760.0,0.0,0.0,27,0.12558546981641225,0.3,0.0613986227118528,0.68
0.5,0.0,0.0,1735.0,0.5823104631497046,0.6271749003863234,0.9857954545454546,25.0,0.014204545454545454,0.828978622327791,0.5948863636363636,1047.0,1047.0,0.5874966751640828,0.630467048107833,0.45912166692552936,0.7452447025076661,1263.0,0.5874966774766746,497.0,0.7176136363636364,0.4788559021777007,0.5682228514151557,0.014204545454545454,1760.0,0.0,0.0,28,0.12643295553113734,0.3,0.39609421866680045,0.8
0.5,620.0,0.3522727272727273,1135.0,0.3841913547842222,0.38492449521765293,0.6448863636363636,5.0,0.002840909090909091,0.735550277117973,0.5278409090909091,929.0,929.0,0.7010444574894341,1.0,0.39591274306132207,1.0,1263.0,0.7010444578390128,497.0,0.7176136363636364,0.44130125463476344,0.5682228514151557,0.35511363636363635,1760.0,0.0,0.0,29,0.12561181826250895,0.5,-0.3384653369915133,0.5
0.5,83.0,0.04715909090909091,1659.0,0.4558337746586054,0.48598697426153126,0.9426136363636364,18.0,0.010227272727272727,0.7347585114806018,0.5272727272727272,928.0,928.0,0.5068493582843612,0.5113415903054492,0.3073262027624802,0.684152662542447,1263.0,0.5068493611863487,497.0,0.7176136363636364,0.43514085138286174,0.5682228514151557,0.05738636363636364,1760.0,0.0,0.0,30,0.12474806580160346,0.5,0.06590064270447638,0.68
0.5,551.0,0.3130681818181818,1202.0,0.3832473775158119,0.3769568884698443,0.6829545454545455,7.0,0.003977272727272727,0.7442596991290578,0.5340909090909091,940.0,940.0,0.6850624906463719,0.8824889490009,0.36871651167046576,1.0,1263.0,0.6850624916799145,497.0,0.7176136363636364,0.4402787029446021,0.5682228514151557,0.3170454545454545,1760.0,0.0,0.0,31,0.12281460261770658,0.5,-0.33944751268803836,0.5
0.5,520.0,0.29545454545454547,1224.0,0.47101163023714304,0.49199700415864067,0.6954545454545454,16.0,0.00909090909090909,0.831353919239905,0.5965909090909091,1050.0,1050.0,0.6715234122996356,0.6759372970841829,0.42854672591073395,1.0,1263.0,0.6715234131869513,497.0,0.7176136363636364,0.47285811389788407,0.5682228514151557,0.30454545454545456,1760.0,0.0,0.0,32,0.11878294737211295,0.3,0.024409451621181355,0.68
0.5,661.0,0.3755681818181818,1097.0,0.36514124175014373,0.35429449693711146,0.6232954545454545,2.0,0.0011363636363636363,0.7363420427553444,0.5284090909090909,930.0,930.0,0.6887144153097479,1.0,0.3574917246326658,1.0,1263.0,0.6887144156495022,497.0,0.7176136363636364,0.43875572338120267,0.5682228514151557,0.37670454545454546,1760.0,0.0,0.0,33,0.11753073068601745,0.5,-0.24366873513697865,0.5
0.5,609.0,0.34602272727272726,1137.0,0.4604958374902283,0.48872486037302676,0.6460227272727272,14.0,0.007954545454545454,0.850356294536817,0.6102272727272727,1074.0,1074.0,0.7001080213981996,0.7357109969993405,0.4638637407009099,1.0,1263.0,0.7001080222858136,497.0,0.7176136363636364,0.47690539201195026,0.5682228514151557,0.35397727272727275,1760.0,0.0,0.0,34,0.11657998551215444,0.3,0.0720592632880869,0.68
0.5,757.0,0.43011363636363636,998.0,0.461242075262884,0.4822001603170682,0.5670454545454545,5.0,0.002840909090909091,0.8511480601741884,0.6107954545454546,1075.0,1075.0,0.7203470492992459,0.8619689010442804,0.46646154658832095,1.0,1263.0,0.7203470496811317,497.0,0.7176136363636364,0.48281597258393705,0.5682228514151557,0.4329545454545455,1760.0,0.0,0.0,35,0.11214691613401685,0.3,0.054243163153158844,0.68
0.5,631.0,0.35852272727272727,1122.0,0.38237355346984686,0.3711519056831992,0.6375,7.0,0.003977272727272727,0.7395091053048297,0.5306818181818181,934.0,934.0,0.707718533869028,1.0,0.3976228069001207,1.0,1263.0,0.7077185340584564,497.0,0.7176136363636364,0.44105601336261185,0.5682228514151557,0.3625,1760.0,0.0,0.0,36,0.11473738428737436,0.5,-0.3267556428909302,0.5
0.5,0.0,0.0,1745.0,0.47435025827841854,0.49861633835434793,0.9914772727272727,15.0,0.008522727272727272,0.730799683293745,0.5244318181818182,923.0,923.0,0.479475770386213,0.5007954763677921,0.3079726111437867,0.6521702366329308,1263.0,0.47947577312636835,497.0,0.7176136363636364,0.43826458222512626,0.5682228514151557,0.008522727272727272,1760.0,0.0,0.0,37,0.11364251135715417,0.5,0.16793546949691177,0.7
0.5,546.0,0.31022727272727274,1206.0,0.3826621690419832,0.37155531224289823,0.6852272727272727,8.0,0.004545454545454545,0.7300079176563737,0.5238636363636363,922.0,922.0,0.6886528292890696,0.8961804943210805,0.370297695124284,1.0,1263.0,0.688652830443843,497.0,0.7176136363636364,0.4357909769051796,0.5682228514151557,0.31477272727272726,1760.0,0.0,0.0,38,0.11178027199847358,0.5,-0.2749214672182485,0.5
0.5,720.0,0.4090909090909091,1029.0,0.4635035651446541,0.48645401993762594,0.584659090909091,11.0,0.00625,0.8677751385589866,0.6227272727272727,1096.0,1096.0,0.7209826935515081,0.8578476350442523,0.4738752167429413,1.0,1263.0,0.7209826939874625,497.0,0.7176136363636364,0.48557353949686965,0.5682228514151557,0.4153409090909091,1760.0,0.0,0.0,39,0.11248135806194373,0.3,0.12463605083212433,0.7
0.5,0.0,0.0,1740.0,0.46400961505376415,0.48559032528364887,0.9886363636363636,20.0,0.011363636363636364,0.7339667458432304,0.5267045454545455,927.0,927.0,0.47036980300889747,0.48929558820010527,0.2749650856042558,0.6452570055562138,1263.0,0.4703698074814081,497.0,0.7176136363636364,0.4347694868325073,0.5682228514151557,0.011363636363636364,1760.0,0.0,0.0,40,0.11213239654898643,0.5,0.12116431069065753,0.7
0.5,741.0,0.42102272727272727,1013.0,0.4764347081372805,0.5039842826817695,0.5755681818181818,6.0,0.003409090909090909,0.8677751385589866,0.6227272727272727,1096.0,1096.0,0.719109131737884,0.7995065500448291,0.4755029797450244,1.0,1263.0,0.7191091319752263,497.0,0.7176136363636364,0.48631345883755406,0.5682228514151557,0.4244318181818182,1760.0,0.0,0.0,41,0.10949267766305379,0.3,0.1279497213106176,0.7
0.5,682.0,0.3875,1075.0,0.4445122346830811,0.484233426706618,0.6107954545454546,3.0,0.0017045454545454545,0.850356294536817,0.6102272727272727,1074.0,1074.0,0.6788101468698263,0.703007371943425,0.42956220983633,1.0,1263.0,0.6788101479154325,497.0,0.7176136363636364,0.47621168113724005,0.5682228514151557,0.38920454545454547,1760.0,0.0,0.0,42,0.10620756207832269,0.3,0.1347145604923625,0.68
0.5,658.0,0.37386363636363634,1094.0,0.46283530411250745,0.4895842271072717,0.6215909090909091,8.0,0.004545454545454545,0.8527315914489311,0.6119318181818182,1077.0,1077.0,0.7027389426657886,0.7630878935296366,0.4635590669001998,1.0,1263.0,0.7027389436485858,497.0,0.7176136363636364,0.4805898771478507,0.5682228514151557,0.3784090909090909,1760.0,0.0,0.0,43,0.10817126903150763,0.3,0.11049411296383971,0.68
0.5,780.0,0.4431818181818182,977.0,0.3774248625882279,0.3729015287216363,0.5551136363636363,3.0,0.0017045454545454545,0.7593032462391133,0.5448863636363637,959.0,959.0,0.7260409718584278,1.0,0.40372015949854295,1.0,1263.0,0.7260409735978356,497.0,0.7176136363636364,0.4497657532842501,0.5682228514151557,0.44488636363636364,1760.0,0.0,0.0,44,0.10825532195823533,0.5,-0.2721882484953109,0.5
0.5,721.0,0.4096590909090909,1031.0,0.4650284793879183,0.5016769184440775,0.5857954545454546,8.0,0.004545454545454545,0.8590657165479019,0.6164772727272727,1085.0,1085.0,0.7041632144080654,0.7545285866426852,0.4736021037612484,1.0,1263.0,0.7041632150392969,497.0,0.7176136363636364,0.48307152327186587,0.5682228514151557,0.41420454545454544,1760.0,0.0,0.0,45,0.10537330247461796,0.3,0.09722274503854252,0.7
0.5,631.0,0.35852272727272727,1123.0,0.3760137849223826,0.36744996300529553,0.6380681818181818,6.0,0.003409090909090909,0.7442596991290578,0.5340909090909091,940.0,940.0,0.7026108251544972,1.0,0.38739915595035557,1.0,1263.0,0.7026108255749961,497.0,0.7176136363636364,0.4402463589869788,0.5682228514151557,0.3619318181818182,1760.0,0.0,0.0,46,0.1044929785920041,0.5,-0.3022494379545122,0.5
0.5,727.0,0.41306818181818183,1030.0,0.3758012526967823,0.35435493369632054,0.5852272727272727,3.0,0.0017045454545454545,0.7577197149643705,0.54375,957.0,957.0,0.7227957496302325,1.0,0.4003417004337143,1.0,1263.0,0.7227957509421864,497.0,0.7176136363636364,0.446703787113749,0.5682228514151557,0.4147727272727273,1760.0,0.0,0.0,47,0.10183583412851606,0.5,-0.314445829358523,0.5
0.5,709.0,0.4028409090909091,1042.0,0.45920578988816424,0.4805632683654605,0.5920454545454545,9.0,0.005113636363636364,0.8448139350752177,0.60625,1067.0,1067.0,0.6989393057109368,0.7690148543585223,0.44553219812267264,1.0,1263.0,0.6989393088119095,497.0,0.7176136363636364,0.4784866219246626,0.5682228514151557,0.40795454545454546,1760.0,0.0,0.0,48,0.10267395153641701,0.3,0.08475696877056284,0.68
0.5,721.0,0.4096590909090909,1035.0,0.46607453170574764,0.4989308459461791,0.5880681818181818,4.0,0.0022727272727272726,0.8582739509105305,0.615909090909091,1084.0,1084.0,0.7034841956520849,0.7625471836718934,0.4614839742541678,1.0,1263.0,0.7034841971545402,497.0,0.7176136363636364,0.4825061878865632,0.5682228514151557,0.4119318181818182,1760.0,0.0,0.0,49,0.10250262410512992,0.3,0.12606667947374378,0.7
0.5,738.0,0.4193181818181818,1020.0,0.37702644581067246,0.37919330899732995,0.5795454545454546,2.0,0.0011363636363636363,0.7640538400633412,0.5482954545454546,965.0,965.0,0.7275701141265324,1.0,0.41974375984735,1.0,1263.0,0.727570114569143,497.0,0.7176136363636364,0.44898808904112836,0.5682228514151557,0.42045454545454547,1760.0,0.0,0.0,50,0.10273600183427334,0.5,-0.27733960126502005,0.5
0.5,653.0,0.3710227272727273,1105.0,0.37883390131798184,0.3720504535811602,0.6278409090909091,2.0,0.0011363636363636363,0.7458432304038005,0.5352272727272728,942.0,942.0,0.714474606444465,1.0,0.3925702087518417,1.0,1263.0,0.7144746065482642,497.0,0.7176136363636364,0.44318617390282705,0.5682228514151557,0.3721590909090909,1760.0,0.0,0.0,51,0.10083721338638238,0.5,-0.18573764765739742,0.5
0.5,631.0,0.35852272727272727,1126.0,0.37484982269781253,0.36510643217100797,0.6397727272727273,3.0,0.0017045454545454545,0.7379255740300871,0.5295454545454545,932.0,932.0,0.7041939611692439,1.0,0.3833273869943241,1.0,1263.0,0.7041939623462313,497.0,0.7176136363636364,0.43654889650830475,0.5682228514151557,0.36022727272727273,1760.0,0.0,0.0,52,0.09834802017680236,0.5,-0.2640209315648183,0.5
0.5,780.0,0.4431818181818182,972.0,0.4664924662533253,0.4937273214532072,0.5522727272727272,8.0,0.004545454545454545,0.8669833729216152,0.6221590909090909,1095.0,1095.0,0.7300792934286231,0.9390133722206607,0.49090028212210285,1.0,1263.0,0.7300792951467842,497.0,0.7176136363636364,0.48647112070181875,0.5682228514151557,0.44772727272727275,1760.0,0.0,0.0,53,0.09779175025011812,0.3,0.12168455955744267,0.68
