abstain_low_conf_count,abstain_low_conf_share,active_count,active_covered_gap_norm_mean,active_covered_gap_norm_median,active_share,alpha,bucket_miss_threshold,clamp_over_pside_count,clamp_over_pside_share,coverage_feasible,coverage_overall,covered_count,covered_feasible_count,covered_gap_norm_mean,covered_gap_norm_median,covered_gap_norm_q25,covered_gap_norm_q75,delta_norm,delta_quantile,feasible_count,feasible_covered_gap_norm_mean,infeasible_count,max_possible_coverage,mean_p_pred,mean_p_side,non_active_share,sample_count,side_violation_count,side_violation_rate
8236.0,1.0,0.0,nan,nan,0.0,0.5,0.0,0.0,0.0,1.0,0.7400437105390967,6095.0,6095.0,1.0,1.0,1.0,1.0,-1.3349636564455478,0.5,6095.0,1.0,2141.0,0.7400437105390967,0.5651863688744982,0.5651863688744982,1.0,8236.0,0.0,0.0
8236.0,1.0,0.0,nan,nan,0.0,0.5,0.025,0.0,0.0,1.0,0.7400437105390967,6095.0,6095.0,1.0,1.0,1.0,1.0,-1.3349636564455478,0.5,6095.0,1.0,2141.0,0.7400437105390967,0.5651863688744982,0.5651863688744982,1.0,8236.0,0.0,0.0
8236.0,1.0,0.0,nan,nan,0.0,0.5,0.05,0.0,0.0,1.0,0.7400437105390967,6095.0,6095.0,1.0,1.0,1.0,1.0,-1.3349636564455478,0.5,6095.0,1.0,2141.0,0.7400437105390967,0.5651863688744982,0.5651863688744982,1.0,8236.0,0.0,0.0
8236.0,1.0,0.0,nan,nan,0.0,0.5,0.075,0.0,0.0,1.0,0.7400437105390967,6095.0,6095.0,1.0,1.0,1.0,1.0,-1.3349636564455478,0.5,6095.0,1.0,2141.0,0.7400437105390967,0.5651863688744982,0.5651863688744982,1.0,8236.0,0.0,0.0
8236.0,1.0,0.0,nan,nan,0.0,0.5,0.1,0.0,0.0,1.0,0.7400437105390967,6095.0,6095.0,1.0,1.0,1.0,1.0,-1.3349636564455478,0.5,6095.0,1.0,2141.0,0.7400437105390967,0.5651863688744982,0.5651863688744982,1.0,8236.0,0.0,0.0
8236.0,1.0,0.0,nan,nan,0.0,0.5,0.15,0.0,0.0,1.0,0.7400437105390967,6095.0,6095.0,1.0,1.0,1.0,1.0,-1.3349636564455478,0.5,6095.0,1.0,2141.0,0.7400437105390967,0.5651863688744982,0.5651863688744982,1.0,8236.0,0.0,0.0
7756.0,0.9417192812044682,213.0,0.6554263060587382,0.7666710508647347,0.02586206896551724,0.5,0.2,267.0,0.03241864983001457,0.993273174733388,0.735065565808645,6054.0,6054.0,0.9944790802259164,1.0,1.0,1.0,-1.3349636564455478,0.5,6095.0,0.9944790804189703,2141.0,0.7400437105390967,0.5624298919857339,0.5651863688744982,0.9741379310344828,8236.0,0.0,0.0
5414.0,0.6573579407479359,1427.0,0.6134803710834086,0.6595774861894834,0.17326372025254977,0.5,0.3,1395.0,0.16937833899951432,0.9407711238720262,0.6962117532782904,5734.0,5734.0,0.9614424088349686,1.0,1.0,1.0,-1.3349636564455478,0.5,6095.0,0.9614424091326171,2141.0,0.7400437105390967,0.5431216733407266,0.5651863688744982,0.8267362797474502,8236.0,0.0,0.0
3458.0,0.41986401165614373,2898.0,0.5613121386264026,0.5770127484861607,0.3518698397280233,0.5,0.5,1880.0,0.22826614861583294,0.8567678424938474,0.6340456532297232,5222.0,5222.0,0.9001149239423195,1.0,1.0,1.0,-1.3349636564455478,0.5,6095.0,0.9001149246611716,2141.0,0.7400437105390967,0.5060648131882289,0.5651863688744982,0.6481301602719767,8236.0,0.0,0.0
0.0,0.0,6298.0,0.5115213199353958,0.5103296184240034,0.7646915978630403,0.5,1.0,1938.0,0.2353084021369597,0.5135356849876949,0.38003885381253033,3130.0,3130.0,0.6471404806306486,0.7323211979263817,0.34679923154332276,1.0,-1.3349636564455478,0.5,6095.0,0.6471404834374207,2141.0,0.7400437105390967,0.3640576135665277,0.5651863688744982,0.2353084021369597,8236.0,0.0,0.0
8236.0,1.0,0.0,nan,nan,0.0,0.5,0.0,0.0,0.0,1.0,0.7400437105390967,6095.0,6095.0,1.0,1.0,1.0,1.0,-0.7978773739105166,0.6,6095.0,1.0,2141.0,0.7400437105390967,0.5651863688744982,0.5651863688744982,1.0,8236.0,0.0,0.0
8236.0,1.0,0.0,nan,nan,0.0,0.5,0.025,0.0,0.0,1.0,0.7400437105390967,6095.0,6095.0,1.0,1.0,1.0,1.0,-0.7978773739105166,0.6,6095.0,1.0,2141.0,0.7400437105390967,0.5651863688744982,0.5651863688744982,1.0,8236.0,0.0,0.0
8236.0,1.0,0.0,nan,nan,0.0,0.5,0.05,0.0,0.0,1.0,0.7400437105390967,6095.0,6095.0,1.0,1.0,1.0,1.0,-0.7978773739105166,0.6,6095.0,1.0,2141.0,0.7400437105390967,0.5651863688744982,0.5651863688744982,1.0,8236.0,0.0,0.0
8236.0,1.0,0.0,nan,nan,0.0,0.5,0.075,0.0,0.0,1.0,0.7400437105390967,6095.0,6095.0,1.0,1.0,1.0,1.0,-0.7978773739105166,0.6,6095.0,1.0,2141.0,0.7400437105390967,0.5651863688744982,0.5651863688744982,1.0,8236.0,0.0,0.0
8236.0,1.0,0.0,nan,nan,0.0,0.5,0.1,0.0,0.0,1.0,0.7400437105390967,6095.0,6095.0,1.0,1.0,1.0,1.0,-0.7978773739105166,0.6,6095.0,1.0,2141.0,0.7400437105390967,0.5651863688744982,0.5651863688744982,1.0,8236.0,0.0,0.0
7142.0,0.8671685284118504,509.0,0.609630946590991,0.6473111670452928,0.06180184555609519,0.5,0.15,585.0,0.0710296260320544,0.9875307629204266,0.7308159300631375,6019.0,6019.0,0.9831374059002588,1.0,1.0,1.0,-0.7978773739105166,0.6,6095.0,0.9831374060846764,2141.0,0.7400437105390967,0.5591554713994911,0.5651863688744982,0.9381981544439048,8236.0,0.0,0.0
6530.0,0.7928606119475473,805.0,0.6128666305693244,0.6614480958350646,0.09774162214667315,0.5,0.2,901.0,0.1093977659057795,0.9781788351107465,0.7238950947061681,5962.0,5962.0,0.9738967436244328,1.0,1.0,1.0,-0.7978773739105166,0.6,6095.0,0.9738967439050799,2141.0,0.7400437105390967,0.555432636531425,0.5651863688744982,0.9022583778533269,8236.0,0.0,0.0
3869.0,0.46976687712481785,2383.0,0.5605469572472309,0.5751137867316578,0.289339485186984,0.5,0.3,1984.0,0.24089363768819816,0.9117309269893356,0.674720738222438,5557.0,5557.0,0.9085032984587088,1.0,1.0,1.0,-0.7978773739105166,0.6,6095.0,0.9085032992659385,2141.0,0.7400437105390967,0.5277995991220995,0.5651863688744982,0.7106605148130161,8236.0,0.0,0.0
2384.0,0.28946090335114133,3718.0,0.5270251882377894,0.5203391691182164,0.45143273433705683,0.5,0.5,2134.0,0.25910636231180184,0.823461853978671,0.6093977659057795,5019.0,5019.0,0.8322583851490866,1.0,0.7509926789278809,1.0,-0.7978773739105166,0.6,6095.0,0.8322583861700541,2141.0,0.7400437105390967,0.4874082874829534,0.5651863688744982,0.5485672656629432,8236.0,0.0,0.0
0.0,0.0,6071.0,0.4978237187112964,0.4873993346533557,0.7371296745993201,0.5,1.0,2165.0,0.26287032540067995,0.6191960623461854,0.45823215152986885,3774.0,3774.0,0.6311519205796803,0.6777282990879583,0.32928961172506,1.0,-0.7978773739105166,0.6,6095.0,0.6311519221345331,2141.0,0.7400437105390967,0.40851813114771945,0.5651863688744982,0.26287032540067995,8236.0,0.0,0.0
8236.0,1.0,0.0,nan,nan,0.0,0.5,0.0,0.0,0.0,1.0,0.7400437105390967,6095.0,6095.0,1.0,1.0,1.0,1.0,-0.39321279053461616,0.7,6095.0,1.0,2141.0,0.7400437105390967,0.5651863688744982,0.5651863688744982,1.0,8236.0,0.0,0.0
8236.0,1.0,0.0,nan,nan,0.0,0.5,0.025,0.0,0.0,1.0,0.7400437105390967,6095.0,6095.0,1.0,1.0,1.0,1.0,-0.39321279053461616,0.7,6095.0,1.0,2141.0,0.7400437105390967,0.5651863688744982,0.5651863688744982,1.0,8236.0,0.0,0.0
8236.0,1.0,0.0,nan,nan,0.0,0.5,0.05,0.0,0.0,1.0,0.7400437105390967,6095.0,6095.0,1.0,1.0,1.0,1.0,-0.39321279053461616,0.7,6095.0,1.0,2141.0,0.7400437105390967,0.5651863688744982,0.5651863688744982,1.0,8236.0,0.0,0.0
7620.0,0.9252064108790675,276.0,0.6278942589123433,0.6673716916411687,0.03351141330743079,0.5,0.075,340.0,0.0412821758135017,0.9962264150943396,0.7372510927634774,6072.0,6072.0,0.9897045842386815,1.0,1.0,1.0,-0.39321279053461616,0.7,6095.0,0.9897045843090339,2141.0,0.7400437105390967,0.5623823810504605,0.5651863688744982,0.9664885866925692,8236.0,0.0,0.0
7620.0,0.9252064108790675,276.0,0.6278942589123433,0.6673716916411687,0.03351141330743079,0.5,0.1,340.0,0.0412821758135017,0.9962264150943396,0.7372510927634774,6072.0,6072.0,0.9897045842386815,1.0,1.0,1.0,-0.39321279053461616,0.7,6095.0,0.9897045843090339,2141.0,0.7400437105390967,0.5623823810504605,0.5651863688744982,0.9664885866925692,8236.0,0.0,0.0
6245.0,0.7582564351627004,956.0,0.6137440677685716,0.6460006359771406,0.1160757649344342,0.5,0.15,1035.0,0.12566779990286547,0.9794913863822805,0.7248664400194269,5970.0,5970.0,0.964738780055925,1.0,1.0,1.0,-0.39321279053461616,0.7,6095.0,0.9647387810686415,2141.0,0.7400437105390967,0.5543274264668422,0.5651863688744982,0.8839242350655658,8236.0,0.0,0.0
4114.0,0.4995143273433706,2037.0,0.5815844374384798,0.6009109605292059,0.24732880038853813,0.5,0.2,2085.0,0.2531568722680913,0.9437243642329779,0.6983972802331229,5752.0,5752.0,0.9194739172886643,1.0,1.0,1.0,-0.39321279053461616,0.7,6095.0,0.9194739197905711,2141.0,0.7400437105390967,0.5399864224916051,0.5651863688744982,0.7526711996114619,8236.0,0.0,0.0
2999.0,0.36413307430791647,2983.0,0.5575540526032567,0.570491901800203,0.3621903836813987,0.5,0.3,2254.0,0.2736765420106848,0.9074651353568499,0.6715638659543468,5531.0,5531.0,0.8645704232611308,1.0,0.8707631059658569,1.0,-0.39321279053461616,0.7,6095.0,0.8645704258980608,2141.0,0.7400437105390967,0.5200127769522237,0.5651863688744982,0.6378096163186012,8236.0,0.0,0.0
0.0,0.0,5879.0,0.5087344250652047,0.5065616159700442,0.7138173870811073,0.5,0.5,2357.0,0.2861826129188927,0.7245283018867924,0.5361826129188927,4416.0,4416.0,0.6321070524661757,0.6676369369747617,0.36136051132121544,1.0,-0.39321279053461616,0.7,6095.0,0.6321070574853511,2141.0,0.7400437105390967,0.44482782464347476,0.5651863688744982,0.2861826129188927,8236.0,0.0,0.0
0.0,0.0,5879.0,0.5087344250652047,0.5065616159700442,0.7138173870811073,0.5,1.0,2357.0,0.2861826129188927,0.7245283018867924,0.5361826129188927,4416.0,4416.0,0.6321070524661757,0.6676369369747617,0.36136051132121544,1.0,-0.39321279053461616,0.7,6095.0,0.6321070574853511,2141.0,0.7400437105390967,0.44482782464347476,0.5651863688744982,0.2861826129188927,8236.0,0.0,0.0
8236.0,1.0,0.0,nan,nan,0.0,0.5,0.0,0.0,0.0,1.0,0.7400437105390967,6095.0,6095.0,1.0,1.0,1.0,1.0,-0.07471060738900585,0.8,6095.0,1.0,2141.0,0.7400437105390967,0.5651863688744982,0.5651863688744982,1.0,8236.0,0.0,0.0
8236.0,1.0,0.0,nan,nan,0.0,0.5,0.025,0.0,0.0,1.0,0.7400437105390967,6095.0,6095.0,1.0,1.0,1.0,1.0,-0.07471060738900585,0.8,6095.0,1.0,2141.0,0.7400437105390967,0.5651863688744982,0.5651863688744982,1.0,8236.0,0.0,0.0
7978.0,0.9686741136474016,166.0,0.6427877848871663,0.6946648814983869,0.02015541525012142,0.5,0.05,92.0,0.011170471102476931,0.9988515176374078,0.7391937833899952,6088.0,6088.0,0.9927243241337071,1.0,1.0,1.0,-0.07471060738900585,0.8,6095.0,0.9927243241337071,2141.0,0.7400437105390967,0.5634916585507955,0.5651863688744982,0.9798445847498786,8236.0,0.0,0.0
7498.0,0.9103933948518699,328.0,0.6729656203539863,0.7120908123106456,0.0398251578436134,0.5,0.075,410.0,0.04978144730451676,0.9965545529122232,0.7374939290917921,6074.0,6074.0,0.9882086715274156,1.0,1.0,1.0,-0.07471060738900585,0.8,6095.0,0.9882086715292764,2141.0,0.7400437105390967,0.5623283713956622,0.5651863688744982,0.9601748421563866,8236.0,0.0,0.0
6742.0,0.8186012627489072,712.0,0.6426168630549247,0.6943973248781262,0.08644973288003885,0.5,0.1,782.0,0.09494900437105391,0.9896636587366694,0.7323943661971831,6032.0,6032.0,0.9728052288034168,1.0,1.0,1.0,-0.07471060738900585,0.8,6095.0,0.9728052294104351,2141.0,0.7400437105390967,0.5582912239007303,0.5651863688744982,0.9135502671199611,8236.0,0.0,0.0
3448.0,0.4186498300145702,2458.0,0.6046164058812559,0.6392312459787173,0.29844584749878583,0.5,0.15,2330.0,0.282904322486644,0.9504511894995898,0.7033754249635745,5793.0,5793.0,0.894414220593527,1.0,0.9756148381582231,1.0,-0.07471060738900585,0.8,6095.0,0.894414221930336,2141.0,0.7400437105390967,0.5374662941026725,0.5651863688744982,0.7015541525012142,8236.0,0.0,0.0
2843.0,0.34519184069936865,2976.0,0.5896279841589857,0.6194994735078632,0.36134045653229724,0.5,0.2,2417.0,0.2934677027683341,0.9365053322395406,0.6930548810101991,5708.0,5708.0,0.862538315646808,1.0,0.8057407017270672,1.0,-0.07471060738900585,0.8,6095.0,0.8625383171330062,2141.0,0.7400437105390967,0.5285001245161628,0.5651863688744982,0.6386595434677028,8236.0,0.0,0.0
294.0,0.035696940262263235,5413.0,0.5374698745093589,0.5533967563295379,0.6572365225837785,0.5,0.3,2529.0,0.3070665371539582,0.8378999179655455,0.620082564351627,5107.0,5107.0,0.6725971404643298,0.7216454273634956,0.43187631088214795,1.0,-0.07471060738900585,0.8,6095.0,0.672597143773121,2141.0,0.7400437105390967,0.47898310737269495,0.5651863688744982,0.3427634774162215,8236.0,0.0,0.0
0.0,0.0,5706.0,0.5359120167344346,0.5525715521053542,0.6928120446818844,0.5,0.5,2530.0,0.3071879553181156,0.8239540607054963,0.6097620203982516,5022.0,5022.0,0.6477293125829678,0.6797450189904668,0.4050331738539076,1.0,-0.07471060738900585,0.8,6095.0,0.6477293161500821,2141.0,0.7400437105390967,0.4732211729637811,0.5651863688744982,0.3071879553181156,8236.0,0.0,0.0
0.0,0.0,5706.0,0.5359120167344346,0.5525715521053542,0.6928120446818844,0.5,1.0,2530.0,0.3071879553181156,0.8239540607054963,0.6097620203982516,5022.0,5022.0,0.6477293125829678,0.6797450189904668,0.4050331738539076,1.0,-0.07471060738900585,0.8,6095.0,0.6477293161500821,2141.0,0.7400437105390967,0.4732211729637811,0.5651863688744982,0.3071879553181156,8236.0,0.0,0.0
8236.0,1.0,0.0,nan,nan,0.0,0.5,0.0,0.0,0.0,1.0,0.7400437105390967,6095.0,6095.0,1.0,1.0,1.0,1.0,0.08151778340857246,0.85,6095.0,1.0,2141.0,0.7400437105390967,0.5651863688744982,0.5651863688744982,1.0,8236.0,0.0,0.0
8100.0,0.9834871296745993,89.0,0.6847070154141159,0.7276464495133099,0.010806216610004856,0.5,0.025,47.0,0.005706653715395823,0.9996718621821165,0.7398008742107819,6093.0,6093.0,0.9965847141009899,1.0,1.0,1.0,0.08151778340857246,0.85,6095.0,0.9965847141009899,2141.0,0.7400437105390967,0.5643802110085666,0.5651863688744982,0.9891937833899952,8236.0,0.0,0.0
7498.0,0.9103933948518699,315.0,0.7018147053056643,0.7417287309999996,0.03824672170956775,0.5,0.05,423.0,0.05135988343856241,0.9975389663658737,0.7382224380767363,6080.0,6080.0,0.9893084877889201,1.0,1.0,1.0,0.08151778340857246,0.85,6095.0,0.989308487817396,2141.0,0.7400437105390967,0.5627845939864258,0.5651863688744982,0.9617532782904322,8236.0,0.0,0.0
6775.0,0.8226080621661,677.0,0.6798468499014912,0.7296314983098293,0.08220009713453133,0.5,0.075,784.0,0.09519184069936863,0.9927809680065628,0.7347013113161729,6051.0,6051.0,0.9757147089910402,1.0,1.0,1.0,0.08151778340857246,0.85,6095.0,0.9757147091841777,2141.0,0.7400437105390967,0.5595826018975195,0.5651863688744982,0.9177999028654686,8236.0,0.0,0.0
3751.0,0.4554395337542496,2400.0,0.6256512553632125,0.6621556013135679,0.2914035939776591,0.5,0.1,2085.0,0.2531568722680913,0.963740771123872,0.7132102962603205,5874.0,5874.0,0.8959292645570524,1.0,0.9456636690982092,1.0,0.08151778340857246,0.85,6095.0,0.8959292657094777,2141.0,0.7400437105390967,0.5401990481441229,0.5651863688744982,0.708596406022341,8236.0,0.0,0.0
2489.0,0.30220981058766394,3238.0,0.6041900550703999,0.6382564062035883,0.393152015541525,0.5,0.15,2509.0,0.30463817387081105,0.9455291222313371,0.6997328800388538,5763.0,5763.0,0.8469095319715291,1.0,0.7393367214367292,1.0,0.08151778340857246,0.85,6095.0,0.8469095334344396,2141.0,0.7400437105390967,0.5280234235784833,0.5651863688744982,0.606847984458475,8236.0,0.0,0.0
899.0,0.10915492957746478,4758.0,0.5750443183413894,0.604239823152878,0.577707625060709,0.5,0.2,2579.0,0.31313744536182614,0.9017227235438884,0.6673142302088393,5496.0,5496.0,0.737263572366092,0.831377020225075,0.5314946466730512,1.0,0.08151778340857246,0.85,6095.0,0.7372635744300748,2141.0,0.7400437105390967,0.5026457930745062,0.5651863688744982,0.4222923749392909,8236.0,0.0,0.0
0.0,0.0,5634.0,0.563738526656882,0.5921855083128299,0.6840699368625547,0.5,0.3,2602.0,0.31593006313744537,0.8712059064807219,0.6447304516755706,5310.0,5310.0,0.6670938813585096,0.7032766523020479,0.4481072758941207,1.0,0.08151778340857246,0.85,6095.0,0.6670938842905307,2141.0,0.7400437105390967,0.4871295934119898,0.5651863688744982,0.31593006313744537,8236.0,0.0,0.0
0.0,0.0,5634.0,0.563738526656882,0.5921855083128299,0.6840699368625547,0.5,0.5,2602.0,0.31593006313744537,0.8712059064807219,0.6447304516755706,5310.0,5310.0,0.6670938813585096,0.7032766523020479,0.4481072758941207,1.0,0.08151778340857246,0.85,6095.0,0.6670938842905307,2141.0,0.7400437105390967,0.4871295934119898,0.5651863688744982,0.31593006313744537,8236.0,0.0,0.0
0.0,0.0,5634.0,0.563738526656882,0.5921855083128299,0.6840699368625547,0.5,1.0,2602.0,0.31593006313744537,0.8712059064807219,0.6447304516755706,5310.0,5310.0,0.6670938813585096,0.7032766523020479,0.4481072758941207,1.0,0.08151778340857246,0.85,6095.0,0.6670938842905307,2141.0,0.7400437105390967,0.4871295934119898,0.5651863688744982,0.31593006313744537,8236.0,0.0,0.0
8236.0,1.0,0.0,nan,nan,0.0,0.5,0.0,0.0,0.0,1.0,0.7400437105390967,6095.0,6095.0,1.0,1.0,1.0,1.0,0.19493426380200074,0.88,6095.0,1.0,2141.0,0.7400437105390967,0.5651863688744982,0.5651863688744982,1.0,8236.0,0.0,0.0
8100.0,0.9834871296745993,86.0,0.7161476949095207,0.7524263313750497,0.010441962117532783,0.5,0.025,50.0,0.006070908207867897,0.9998359310910583,0.7399222923749393,6094.0,6094.0,0.9969257873094894,1.0,1.0,1.0,0.19493426380200074,0.88,6095.0,0.996925787316365,2141.0,0.7400437105390967,0.5644835672912689,0.5651863688744982,0.9895580378824672,8236.0,0.0,0.0
7378.0,0.8958232151529869,393.0,0.7073545896701458,0.7553341424139508,0.04771733851384167,0.5,0.05,465.0,0.056459446333171445,0.9973748974569319,0.7381010199125789,6079.0,6079.0,0.9866651129032128,1.0,1.0,1.0,0.19493426380200074,0.88,6095.0,0.9866651129385858,2141.0,0.7400437105390967,0.5623139792187951,0.5651863688744982,0.9522826614861584,8236.0,0.0,0.0
4629.0,0.5620446818844099,1912.0,0.6511430905528767,0.6968852489271964,0.2321515298688684,0.5,0.075,1695.0,0.20580378824672171,0.9789991796554552,0.7245021855269548,5967.0,5967.0,0.919553023730645,1.0,1.0,1.0,0.19493426380200074,0.88,6095.0,0.9195530247153102,2141.0,0.7400437105390967,0.5471180572841775,0.5651863688744982,0.7678484701311317,8236.0,0.0,0.0
2867.0,0.3481058766391452,2857.0,0.6388257916501934,0.6779308267401257,0.3468916949975716,0.5,0.1,2512.0,0.3050024283632832,0.9639048400328137,0.7133317144244778,5875.0,5875.0,0.8753872135616922,1.0,0.8148081061781771,1.0,0.19493426380200074,0.88,6095.0,0.8753872151605462,2141.0,0.7400437105390967,0.5375219921918538,0.5651863688744982,0.6531083050024283,8236.0,0.0,0.0
1288.0,0.15638659543467703,4316.0,0.6091383929044525,0.6480653509161669,0.5240407965031568,0.5,0.15,2632.0,0.3195726080621661,0.9340442986054143,0.6912336085478388,5693.0,5693.0,0.7802991142269889,0.9161121259111638,0.610088271254718,1.0,0.19493426380200074,0.88,6095.0,0.7802991167414322,2141.0,0.7400437105390967,0.5161003419952347,0.5651863688744982,0.4759592034968431,8236.0,0.0,0.0
0.0,0.0,5564.0,0.5930700447292148,0.6304195179965011,0.6755706653715395,0.5,0.2,2672.0,0.3244293346284604,0.9002461033634126,0.666221466731423,5487.0,5487.0,0.689258882342885,0.7293436598484384,0.49343820745158085,1.0,0.19493426380200074,0.88,6095.0,0.6892588856097305,2141.0,0.7400437105390967,0.49722271385236766,0.5651863688744982,0.3244293346284604,8236.0,0.0,0.0
0.0,0.0,5564.0,0.5930700447292148,0.6304195179965011,0.6755706653715395,0.5,0.3,2672.0,0.3244293346284604,0.9002461033634126,0.666221466731423,5487.0,5487.0,0.689258882342885,0.7293436598484384,0.49343820745158085,1.0,0.19493426380200074,0.88,6095.0,0.6892588856097305,2141.0,0.7400437105390967,0.49722271385236766,0.5651863688744982,0.3244293346284604,8236.0,0.0,0.0
0.0,0.0,5564.0,0.5930700447292148,0.6304195179965011,0.6755706653715395,0.5,0.5,2672.0,0.3244293346284604,0.9002461033634126,0.666221466731423,5487.0,5487.0,0.689258882342885,0.7293436598484384,0.49343820745158085,1.0,0.19493426380200074,0.88,6095.0,0.6892588856097305,2141.0,0.7400437105390967,0.49722271385236766,0.5651863688744982,0.3244293346284604,8236.0,0.0,0.0
0.0,0.0,5564.0,0.5930700447292148,0.6304195179965011,0.6755706653715395,0.5,1.0,2672.0,0.3244293346284604,0.9002461033634126,0.666221466731423,5487.0,5487.0,0.689258882342885,0.7293436598484384,0.49343820745158085,1.0,0.19493426380200074,0.88,6095.0,0.6892588856097305,2141.0,0.7400437105390967,0.49722271385236766,0.5651863688744982,0.3244293346284604,8236.0,0.0,0.0
8100.0,0.9834871296745993,84.0,0.7368432384376223,0.7728813123122147,0.010199125789218067,0.5,0.0,52.0,0.006313744536182613,1.0,0.7400437105390967,6095.0,6095.0,0.9971072185357376,1.0,1.0,1.0,0.2814273639852195,0.9,6095.0,0.9971072186011923,2141.0,0.7400437105390967,0.5645649174612544,0.5651863688744982,0.9898008742107819,8236.0,0.0,0.0
7620.0,0.9252064108790675,228.0,0.7407551621405085,0.7848825248860232,0.027683341427877612,0.5,0.025,388.0,0.04711024769305488,0.9991796554552912,0.7394366197183099,6090.0,6090.0,0.9931889697770906,1.0,1.0,1.0,0.2814273639852195,0.9,6095.0,0.9931889698527175,2141.0,0.7400437105390967,0.5638331994928514,0.5651863688744982,0.9723166585721223,8236.0,0.0,0.0
6480.0,0.7867897037396795,859.0,0.7048851446757327,0.7572413476063276,0.10429820301117047,0.5,0.05,897.0,0.10891209324915008,0.993929450369155,0.7355512384652744,6058.0,6058.0,0.9700890522995873,1.0,1.0,1.0,0.2814273639852195,0.9,6095.0,0.9700890526871493,2141.0,0.7400437105390967,0.5589820874068454,0.5651863688744982,0.8957017969888296,8236.0,0.0,0.0
3625.0,0.44014084507042256,2418.0,0.6682852154412053,0.7157707730873568,0.2935891209324915,0.5,0.075,2193.0,0.266270033997086,0.9763740771123872,0.7225594949004371,5951.0,5951.0,0.9017843302986731,1.0,0.9031224052206686,1.0,0.2814273639852195,0.9,6095.0,0.9017843317608675,2141.0,0.7400437105390967,0.5444803957169547,0.5651863688744982,0.7064108790675085,8236.0,0.0,0.0
2372.0,0.28800388538125304,3281.0,0.651681959963833,0.6961131893400975,0.3983729966002914,0.5,0.1,2583.0,0.31362311801845555,0.9635767022149303,0.7130888780961632,5873.0,5873.0,0.8560585930243867,1.0,0.7501031370483591,1.0,0.2814273639852195,0.9,6095.0,0.8560585945399273,2141.0,0.7400437105390967,0.5336965748324175,0.5651863688744982,0.6016270033997086,8236.0,0.0,0.0
294.0,0.035696940262263235,5231.0,0.6251282846393668,0.663774712657212,0.6351384167071394,0.5,0.15,2711.0,0.3291646430305974,0.9245283018867925,0.684191355026712,5635.0,5635.0,0.7318353354713909,0.7811574893832288,0.5603032542508279,1.0,0.2814273639852195,0.9,6095.0,0.7318353381311157,2141.0,0.7400437105390967,0.5087004502300273,0.5651863688744982,0.3648615832928606,8236.0,0.0,0.0
0.0,0.0,5519.0,0.6228763702946922,0.661700473425371,0.6701068479844585,0.5,0.2,2717.0,0.32989315201554154,0.9171452009844134,0.6787275376396309,5590.0,5590.0,0.7124010673642707,0.7543665978157337,0.5340950103705927,1.0,0.2814273639852195,0.9,6095.0,0.7124010702220402,2141.0,0.7400437105390967,0.5049155686408109,0.5651863688744982,0.32989315201554154,8236.0,0.0,0.0
0.0,0.0,5519.0,0.6228763702946922,0.661700473425371,0.6701068479844585,0.5,0.3,2717.0,0.32989315201554154,0.9171452009844134,0.6787275376396309,5590.0,5590.0,0.7124010673642707,0.7543665978157337,0.5340950103705927,1.0,0.2814273639852195,0.9,6095.0,0.7124010702220402,2141.0,0.7400437105390967,0.5049155686408109,0.5651863688744982,0.32989315201554154,8236.0,0.0,0.0
0.0,0.0,5519.0,0.6228763702946922,0.661700473425371,0.6701068479844585,0.5,0.5,2717.0,0.32989315201554154,0.9171452009844134,0.6787275376396309,5590.0,5590.0,0.7124010673642707,0.7543665978157337,0.5340950103705927,1.0,0.2814273639852195,0.9,6095.0,0.7124010702220402,2141.0,0.7400437105390967,0.5049155686408109,0.5651863688744982,0.32989315201554154,8236.0,0.0,0.0
0.0,0.0,5519.0,0.6228763702946922,0.661700473425371,0.6701068479844585,0.5,1.0,2717.0,0.32989315201554154,0.9171452009844134,0.6787275376396309,5590.0,5590.0,0.7124010673642707,0.7543665978157337,0.5340950103705927,1.0,0.2814273639852195,0.9,6095.0,0.7124010702220402,2141.0,0.7400437105390967,0.5049155686408109,0.5651863688744982,0.32989315201554154,8236.0,0.0,0.0
8100.0,0.9834871296745993,83.0,0.7727590791875685,0.8085451883982457,0.01007770762506071,0.5,0.0,53.0,0.006435162700339971,1.0,0.7400437105390967,6095.0,6095.0,0.9975393107836554,1.0,1.0,1.0,0.37915882487027747,0.92,6095.0,0.9975393108491101,2141.0,0.7400437105390967,0.5646632661742219,0.5651863688744982,0.9899222923749393,8236.0,0.0,0.0
7496.0,0.9101505585235551,307.0,0.7376464409294206,0.7922427149582085,0.03727537639630889,0.5,0.025,433.0,0.05257406508013599,0.9991796554552912,0.7394366197183099,6090.0,6090.0,0.9905225315278281,1.0,1.0,1.0,0.37915882487027747,0.92,6095.0,0.9905225316443118,2141.0,0.7400437105390967,0.5634149476036029,0.5651863688744982,0.9627246236036912,8236.0,0.0,0.0
4396.0,0.5337542496357455,2072.0,0.6883501739697279,0.7371976542339114,0.2515784361340457,0.5,0.05,1768.0,0.21466731423020885,0.9857260049220673,0.7294803302574066,6008.0,6008.0,0.9186639601838438,1.0,0.9897661061621952,1.0,0.37915882487027747,0.92,6095.0,0.9186639617833988,2141.0,0.7400437105390967,0.5490058533035834,0.5651863688744982,0.7484215638659544,8236.0,0.0,0.0
2352.0,0.2855755220981059,3245.0,0.6872446781609924,0.7336757797359,0.3940019426906265,0.5,0.075,2639.0,0.3204225352112676,0.9727645611156686,0.7198882952889752,5929.0,5929.0,0.8712370145709195,1.0,0.7870508315537561,1.0,0.37915882487027747,0.92,6095.0,0.8712370173050923,2141.0,0.7400437105390967,0.5390555056011274,0.5651863688744982,0.6059980573093735,8236.0,0.0,0.0
1469.0,0.17836328314715882,4091.0,0.6730062307712057,0.7194733373533434,0.49672170956775136,0.5,0.1,2676.0,0.3249150072850899,0.9611156685808039,0.7112676056338029,5858.0,5858.0,0.8224922864206956,0.95124355444188,0.6969759397292191,1.0,0.37915882487027747,0.92,6095.0,0.8224922894450534,2141.0,0.7400437105390967,0.5297885345713881,0.5651863688744982,0.5032782904322487,8236.0,0.0,0.0
0.0,0.0,5483.0,0.6580395251402874,0.6998224308682374,0.6657357940747936,0.5,0.15,2753.0,0.3342642059252064,0.9356849876948319,0.6924477901894124,5703.0,5703.0,0.7389875596941383,0.7818581561110705,0.5878360750392941,1.0,0.37915882487027747,0.92,6095.0,0.7389875637663555,2141.0,0.7400437105390967,0.5135471056058809,0.5651863688744982,0.3342642059252064,8236.0,0.0,0.0
0.0,0.0,5483.0,0.6580395251402874,0.6998224308682374,0.6657357940747936,0.5,0.2,2753.0,0.3342642059252064,0.9356849876948319,0.6924477901894124,5703.0,5703.0,0.7389875596941383,0.7818581561110705,0.5878360750392941,1.0,0.37915882487027747,0.92,6095.0,0.7389875637663555,2141.0,0.7400437105390967,0.5135471056058809,0.5651863688744982,0.3342642059252064,8236.0,0.0,0.0
0.0,0.0,5483.0,0.6580395251402874,0.6998224308682374,0.6657357940747936,0.5,0.3,2753.0,0.3342642059252064,0.9356849876948319,0.6924477901894124,5703.0,5703.0,0.7389875596941383,0.7818581561110705,0.5878360750392941,1.0,0.37915882487027747,0.92,6095.0,0.7389875637663555,2141.0,0.7400437105390967,0.5135471056058809,0.5651863688744982,0.3342642059252064,8236.0,0.0,0.0
0.0,0.0,5483.0,0.6580395251402874,0.6998224308682374,0.6657357940747936,0.5,0.5,2753.0,0.3342642059252064,0.9356849876948319,0.6924477901894124,5703.0,5703.0,0.7389875596941383,0.7818581561110705,0.5878360750392941,1.0,0.37915882487027747,0.92,6095.0,0.7389875637663555,2141.0,0.7400437105390967,0.5135471056058809,0.5651863688744982,0.3342642059252064,8236.0,0.0,0.0
0.0,0.0,5483.0,0.6580395251402874,0.6998224308682374,0.6657357940747936,0.5,1.0,2753.0,0.3342642059252064,0.9356849876948319,0.6924477901894124,5703.0,5703.0,0.7389875596941383,0.7818581561110705,0.5878360750392941,1.0,0.37915882487027747,0.92,6095.0,0.7389875637663555,2141.0,0.7400437105390967,0.5135471056058809,0.5651863688744982,0.3342642059252064,8236.0,0.0,0.0
7856.0,0.953861097620204,246.0,0.7998862338179498,0.8391939985086243,0.029868868382710054,0.5,0.0,134.0,0.016270033997085966,1.0,0.7400437105390967,6095.0,6095.0,0.9936961701219108,1.0,1.0,1.0,0.5670098686344544,0.95,6095.0,0.9936961701219108,2141.0,0.7400437105390967,0.5640321302626995,0.5651863688744982,0.9701311316172899,8236.0,0.0,0.0
5900.0,0.7163671685284119,1276.0,0.7662518189181384,0.8139742581625486,0.15492957746478872,0.5,0.025,1060.0,0.1287032540067994,0.9967186218211649,0.7376153472559495,6075.0,6075.0,0.9607149147515095,1.0,1.0,1.0,0.5670098686344544,0.95,6095.0,0.9607149150224521,2141.0,0.7400437105390967,0.5579753969831711,0.5651863688744982,0.8450704225352113,8236.0,0.0,0.0
1854.0,0.2251092763477416,3623.0,0.7594219174899007,0.8076649077876006,0.4398980087421078,0.5,0.05,2759.0,0.33499271491015054,0.9804757998359311,0.725594949004371,5976.0,5976.0,0.8838977259104542,1.0,0.8138943743918754,1.0,0.5670098686344544,0.95,6095.0,0.8838977280964029,2141.0,0.7400437105390967,0.5438309421665879,0.5651863688744982,0.5601019912578922,8236.0,0.0,0.0
0.0,0.0,5374.0,0.7426226829680274,0.7875049472626771,0.6525012141816415,0.5,0.075,2862.0,0.3474987858183584,0.9625922887612798,0.712360369111219,5867.0,5867.0,0.8049600218980483,0.8492696991486046,0.7058793148755944,1.0,0.5670098686344544,0.95,6095.0,0.804960025840862,2141.0,0.7400437105390967,0.5301685988496725,0.5651863688744982,0.3474987858183584,8236.0,0.0,0.0
0.0,0.0,5374.0,0.7426226829680274,0.7875049472626771,0.6525012141816415,0.5,0.1,2862.0,0.3474987858183584,0.9625922887612798,0.712360369111219,5867.0,5867.0,0.8049600218980483,0.8492696991486046,0.7058793148755944,1.0,0.5670098686344544,0.95,6095.0,0.804960025840862,2141.0,0.7400437105390967,0.5301685988496725,0.5651863688744982,0.3474987858183584,8236.0,0.0,0.0
0.0,0.0,5374.0,0.7426226829680274,0.7875049472626771,0.6525012141816415,0.5,0.15,2862.0,0.3474987858183584,0.9625922887612798,0.712360369111219,5867.0,5867.0,0.8049600218980483,0.8492696991486046,0.7058793148755944,1.0,0.5670098686344544,0.95,6095.0,0.804960025840862,2141.0,0.7400437105390967,0.5301685988496725,0.5651863688744982,0.3474987858183584,8236.0,0.0,0.0
0.0,0.0,5374.0,0.7426226829680274,0.7875049472626771,0.6525012141816415,0.5,0.2,2862.0,0.3474987858183584,0.9625922887612798,0.712360369111219,5867.0,5867.0,0.8049600218980483,0.8492696991486046,0.7058793148755944,1.0,0.5670098686344544,0.95,6095.0,0.804960025840862,2141.0,0.7400437105390967,0.5301685988496725,0.5651863688744982,0.3474987858183584,8236.0,0.0,0.0
0.0,0.0,5374.0,0.7426226829680274,0.7875049472626771,0.6525012141816415,0.5,0.3,2862.0,0.3474987858183584,0.9625922887612798,0.712360369111219,5867.0,5867.0,0.8049600218980483,0.8492696991486046,0.7058793148755944,1.0,0.5670098686344544,0.95,6095.0,0.804960025840862,2141.0,0.7400437105390967,0.5301685988496725,0.5651863688744982,0.3474987858183584,8236.0,0.0,0.0
0.0,0.0,5374.0,0.7426226829680274,0.7875049472626771,0.6525012141816415,0.5,0.5,2862.0,0.3474987858183584,0.9625922887612798,0.712360369111219,5867.0,5867.0,0.8049600218980483,0.8492696991486046,0.7058793148755944,1.0,0.5670098686344544,0.95,6095.0,0.804960025840862,2141.0,0.7400437105390967,0.5301685988496725,0.5651863688744982,0.3474987858183584,8236.0,0.0,0.0
0.0,0.0,5374.0,0.7426226829680274,0.7875049472626771,0.6525012141816415,0.5,1.0,2862.0,0.3474987858183584,0.9625922887612798,0.712360369111219,5867.0,5867.0,0.8049600218980483,0.8492696991486046,0.7058793148755944,1.0,0.5670098686344544,0.95,6095.0,0.804960025840862,2141.0,0.7400437105390967,0.5301685988496725,0.5651863688744982,0.3474987858183584,8236.0,0.0,0.0
7190.0,0.8729966002914036,745.0,0.8660474892723382,0.9015531124684669,0.09045653229723166,0.5,0.0,301.0,0.03654686741136474,1.0,0.7400437105390967,6095.0,6095.0,0.9859564143798234,1.0,1.0,1.0,0.7605538016667349,0.975,6095.0,0.9859564146329142,2141.0,0.7400437105390967,0.562867191096091,0.5651863688744982,0.9095434677027683,8236.0,0.0,0.0
897.0,0.10891209324915008,4463.0,0.8507420357683835,0.8908663631974343,0.5418892666342885,0.5,0.025,2876.0,0.34919864011656143,0.9896636587366694,0.7323943661971831,6032.0,6032.0,0.9065158174955159,0.9554281321940299,0.8653368591446965,1.0,0.7605538016667349,0.975,6095.0,0.9065158212545428,2141.0,0.7400437105390967,0.5504122037928054,0.5651863688744982,0.4581107333657115,8236.0,0.0,0.0
0.0,0.0,5281.0,0.8488411448097123,0.8885347985518086,0.6412093249150073,0.5,0.05,2955.0,0.35879067508499274,0.9853978671041838,0.7292374939290918,6006.0,6006.0,0.8860394112051909,0.924357896404719,0.8427011252813927,1.0,0.7605538016667349,0.975,6095.0,0.88603941687074,2141.0,0.7400437105390967,0.5471948211314128,0.5651863688744982,0.35879067508499274,8236.0,0.0,0.0
0.0,0.0,5281.0,0.8488411448097123,0.8885347985518086,0.6412093249150073,0.5,0.075,2955.0,0.35879067508499274,0.9853978671041838,0.7292374939290918,6006.0,6006.0,0.8860394112051909,0.924357896404719,0.8427011252813927,1.0,0.7605538016667349,0.975,6095.0,0.88603941687074,2141.0,0.7400437105390967,0.5471948211314128,0.5651863688744982,0.35879067508499274,8236.0,0.0,0.0
0.0,0.0,5281.0,0.8488411448097123,0.8885347985518086,0.6412093249150073,0.5,0.1,2955.0,0.35879067508499274,0.9853978671041838,0.7292374939290918,6006.0,6006.0,0.8860394112051909,0.924357896404719,0.8427011252813927,1.0,0.7605538016667349,0.975,6095.0,0.88603941687074,2141.0,0.7400437105390967,0.5471948211314128,0.5651863688744982,0.35879067508499274,8236.0,0.0,0.0
0.0,0.0,5281.0,0.8488411448097123,0.8885347985518086,0.6412093249150073,0.5,0.15,2955.0,0.35879067508499274,0.9853978671041838,0.7292374939290918,6006.0,6006.0,0.8860394112051909,0.924357896404719,0.8427011252813927,1.0,0.7605538016667349,0.975,6095.0,0.88603941687074,2141.0,0.7400437105390967,0.5471948211314128,0.5651863688744982,0.35879067508499274,8236.0,0.0,0.0
0.0,0.0,5281.0,0.8488411448097123,0.8885347985518086,0.6412093249150073,0.5,0.2,2955.0,0.35879067508499274,0.9853978671041838,0.7292374939290918,6006.0,6006.0,0.8860394112051909,0.924357896404719,0.8427011252813927,1.0,0.7605538016667349,0.975,6095.0,0.88603941687074,2141.0,0.7400437105390967,0.5471948211314128,0.5651863688744982,0.35879067508499274,8236.0,0.0,0.0
0.0,0.0,5281.0,0.8488411448097123,0.8885347985518086,0.6412093249150073,0.5,0.3,2955.0,0.35879067508499274,0.9853978671041838,0.7292374939290918,6006.0,6006.0,0.8860394112051909,0.924357896404719,0.8427011252813927,1.0,0.7605538016667349,0.975,6095.0,0.88603941687074,2141.0,0.7400437105390967,0.5471948211314128,0.5651863688744982,0.35879067508499274,8236.0,0.0,0.0
0.0,0.0,5281.0,0.8488411448097123,0.8885347985518086,0.6412093249150073,0.5,0.5,2955.0,0.35879067508499274,0.9853978671041838,0.7292374939290918,6006.0,6006.0,0.8860394112051909,0.924357896404719,0.8427011252813927,1.0,0.7605538016667349,0.975,6095.0,0.88603941687074,2141.0,0.7400437105390967,0.5471948211314128,0.5651863688744982,0.35879067508499274,8236.0,0.0,0.0
0.0,0.0,5281.0,0.8488411448097123,0.8885347985518086,0.6412093249150073,0.5,1.0,2955.0,0.35879067508499274,0.9853978671041838,0.7292374939290918,6006.0,6006.0,0.8860394112051909,0.924357896404719,0.8427011252813927,1.0,0.7605538016667349,0.975,6095.0,0.88603941687074,2141.0,0.7400437105390967,0.5471948211314128,0.5651863688744982,0.35879067508499274,8236.0,0.0,0.0
8236.0,1.0,0.0,nan,nan,0.0,1.0,0.0,0.0,0.0,1.0,0.7400437105390967,6095.0,6095.0,1.0,1.0,1.0,1.0,-4.417631358110913,0.5,6095.0,1.0,2141.0,0.7400437105390967,0.5651863688744982,0.5651863688744982,1.0,8236.0,0.0,0.0
7672.0,0.9315201554152501,151.0,0.7403520005127469,0.8311309460980232,0.01833414278776105,1.0,0.025,413.0,0.05014570179698883,0.9995077932731747,0.7396794560466246,6092.0,6092.0,0.9971017623169514,1.0,1.0,1.0,-4.417631358110913,0.5,6095.0,0.9971017623381128,2141.0,0.7400437105390967,0.564533587629433,0.5651863688744982,0.981665857212239,8236.0,0.0,0.0
6224.0,0.7557066537153958,526.0,0.7530385305111862,0.8544661501387271,0.06386595434677028,1.0,0.05,1486.0,0.1804273919378339,0.9954060705496308,0.7366440019426906,6067.0,6067.0,0.989823575511422,1.0,1.0,1.0,-4.417631358110913,0.5,6095.0,0.9898235758139761,2141.0,0.7400437105390967,0.5629287265619924,0.5651863688744982,0.9361340456532298,8236.0,0.0,0.0
5067.0,0.6152258377853327,878.0,0.7581417092872669,0.8547272206728735,0.10660514813016027,1.0,0.075,2291.0,0.27816901408450706,0.9896636587366694,0.7323943661971831,6032.0,6032.0,0.9845630898666443,1.0,1.0,1.0,-4.417631358110913,0.5,6095.0,0.9845630901709539,2141.0,0.7400437105390967,0.5609273213941075,0.5651863688744982,0.8933948518698397,8236.0,0.0,0.0
4825.0,0.5858426420592521,1051.0,0.751731270046751,0.8455072438567077,0.1276104905293832,1.0,0.1,2360.0,0.28654686741136476,0.9870385561936013,0.7304516755706654,6016.0,6016.0,0.979943716296995,1.0,1.0,1.0,-4.417631358110913,0.5,6095.0,0.9799437166021139,2141.0,0.7400437105390967,0.5592927301350538,0.5651863688744982,0.8723895094706168,8236.0,0.0,0.0
4294.0,0.521369596891695,1428.0,0.737918795017087,0.8310631602470993,0.17338513841670714,1.0,0.15,2514.0,0.30524526469159785,0.9799835931091059,0.725230694511899,5973.0,5973.0,0.9686713577167588,1.0,1.0,1.0,-4.417631358110913,0.5,6095.0,0.9686713580240743,2141.0,0.7400437105390967,0.5555128246010815,0.5651863688744982,0.8266148615832929,8236.0,0.0,0.0
4161.0,0.5052209810587663,1554.0,0.7305970408521781,0.8208518789685808,0.18868382710053425,1.0,0.2,2521.0,0.3060951918406994,0.9768662838392125,0.7229237493929092,5954.0,5954.0,0.9641188198514911,1.0,1.0,1.0,-4.417631358110913,0.5,6095.0,0.9641188201597872,2141.0,0.7400437105390967,0.5533056691086543,0.5651863688744982,0.8113161728994658,8236.0,0.0,0.0
3896.0,0.47304516755706655,1792.0,0.7103149249367353,0.79857760337039,0.21758135016998542,1.0,0.3,2548.0,0.30937348227294803,0.9676784249384741,0.7161243322000971,5898.0,5898.0,0.9542731765201935,1.0,1.0,1.0,-4.417631358110913,0.5,6095.0,0.9542731772800981,2141.0,0.7400437105390967,0.5487184625106243,0.5651863688744982,0.7824186498300145,8236.0,0.0,0.0
3353.0,0.4071151044196212,2307.0,0.6874882737071243,0.7790604416397098,0.28011170471102476,1.0,0.5,2576.0,0.31277319086935407,0.9392945036915504,0.6951189898008742,5725.0,5725.0,0.9351504050941597,1.0,1.0,1.0,-4.417631358110913,0.5,6095.0,0.9351504058794337,2141.0,0.7400437105390967,0.5356983758878641,0.5651863688744982,0.7198882952889752,8236.0,0.0,0.0
0.0,0.0,5641.0,0.6303224657850192,0.7215192351100009,0.6849198640116562,1.0,1.0,2595.0,0.31508013598834383,0.5089417555373257,0.37663914521612435,3102.0,3102.0,0.8010987090248861,0.9795231130527078,0.695634324571279,1.0,-4.417631358110913,0.5,6095.0,0.8010987110076494,2141.0,0.7400437105390967,0.3123372829358745,0.5651863688744982,0.31508013598834383,8236.0,0.0,0.0
8236.0,1.0,0.0,nan,nan,0.0,1.0,0.0,0.0,0.0,1.0,0.7400437105390967,6095.0,6095.0,1.0,1.0,1.0,1.0,-2.1867563515338837,0.6,6095.0,1.0,2141.0,0.7400437105390967,0.5651863688744982,0.5651863688744982,1.0,8236.0,0.0,0.0
5550.0,0.6738708110733366,314.0,0.8039663214409607,0.893429388868117,0.0381253035454104,1.0,0.025,2372.0,0.28800388538125304,0.9975389663658737,0.7382224380767363,6080.0,6080.0,0.9948089766039465,1.0,1.0,1.0,-2.1867563515338837,0.6,6095.0,0.9948089766730484,2141.0,0.7400437105390967,0.5640707687873098,0.5651863688744982,0.9618746964545896,8236.0,0.0,0.0
4565.0,0.554273919378339,574.0,0.7939339011175252,0.8840798918478874,0.06969402622632345,1.0,0.05,3097.0,0.37603205439533754,0.9936013125512715,0.7353084021369597,6056.0,6056.0,0.9896898897025447,1.0,1.0,1.0,-2.1867563515338837,0.6,6095.0,0.9896898897719202,2141.0,0.7400437105390967,0.56226460215625,0.5651863688744982,0.9303059737736765,8236.0,0.0,0.0
4426.0,0.5373967945604663,626.0,0.7909219187552328,0.8792344876908981,0.07600777076250607,1.0,0.075,3184.0,0.38659543467702767,0.992616899097621,0.7345798931520156,6050.0,6050.0,0.9882847157781858,1.0,1.0,1.0,-2.1867563515338837,0.6,6095.0,0.9882847158476302,2141.0,0.7400437105390967,0.5619220382946777,0.5651863688744982,0.9239922292374939,8236.0,0.0,0.0
4294.0,0.521369596891695,688.0,0.7908631715852168,0.8818853724859378,0.08353569694026226,1.0,0.1,3254.0,0.39509470616804276,0.991304347826087,0.7336085478387567,6042.0,6042.0,0.9869851957159949,1.0,1.0,1.0,-2.1867563515338837,0.6,6095.0,0.9869851961743483,2141.0,0.7400437105390967,0.5615455247684162,0.5651863688744982,0.9164643030597377,8236.0,0.0,0.0
3758.0,0.45628946090335115,1100.0,0.7499133345122664,0.8482170595176988,0.13355998057309373,1.0,0.15,3378.0,0.41015055852355514,0.9819524200164069,0.7266877124817873,5985.0,5985.0,0.9722543782984369,1.0,1.0,1.0,-2.1867563515338837,0.6,6095.0,0.9722543787809645,2141.0,0.7400437105390967,0.556151415902975,0.5651863688744982,0.8664400194269063,8236.0,0.0,0.0
3458.0,0.41986401165614373,1313.0,0.7228121293499474,0.819656093565934,0.15942204953861097,1.0,0.2,3465.0,0.42071393880524527,0.9752255947497949,0.7217095677513355,5944.0,5944.0,0.9623203567487817,1.0,1.0,1.0,-2.1867563515338837,0.6,6095.0,0.9623203572403264,2141.0,0.7400437105390967,0.5525698603075543,0.5651863688744982,0.8405779504613891,8236.0,0.0,0.0
3353.0,0.4071151044196212,1414.0,0.7126093310269779,0.8056349074333178,0.17168528411850412,1.0,0.3,3469.0,0.4211996114618747,0.9707957342083675,0.718431277319087,5917.0,5917.0,0.9578409496926511,1.0,1.0,1.0,-2.1867563515338837,0.6,6095.0,0.957840950186439,2141.0,0.7400437105390967,0.5501544956467923,0.5651863688744982,0.8283147158814959,8236.0,0.0,0.0
2727.0,0.3311073336571151,1970.0,0.6634718535681297,0.7467319487914167,0.23919378338999514,1.0,0.5,3539.0,0.42969888295288977,0.9378178835110746,0.694026226323458,5716.0,5716.0,0.9317052746919227,1.0,1.0,1.0,-2.1867563515338837,0.6,6095.0,0.9317052784147674,2141.0,0.7400437105390967,0.5347292610324142,0.5651863688744982,0.7608062166100048,8236.0,0.0,0.0
0.0,0.0,4670.0,0.5868797962635219,0.6407717215822802,0.5670228266148616,1.0,1.0,3566.0,0.4329771733851384,0.6083675143560295,0.4502185526954832,3708.0,3708.0,0.809594814405167,1.0,0.6868729857234266,1.0,-2.1867563515338837,0.6,6095.0,0.8095948209158218,2141.0,0.7400437105390967,0.3836934496584454,0.5651863688744982,0.4329771733851384,8236.0,0.0,0.0
8114.0,0.9851869839728024,34.0,0.8610559301366881,0.9341479698031881,0.00412821758135017,1.0,0.0,88.0,0.010684798445847498,1.0,0.7400437105390967,6095.0,6095.0,0.9993389043435543,1.0,1.0,1.0,-1.1342802700312176,0.7,6095.0,0.9993389043435543,2141.0,0.7400437105390967,0.5650446570535999,0.5651863688744982,0.9958717824186498,8236.0,0.0,0.0
4550.0,0.5524526469159786,345.0,0.823807836557479,0.908309101622099,0.04188926663428849,1.0,0.025,3341.0,0.4056580864497329,0.9965545529122232,0.7374939290917921,6074.0,6074.0,0.993850388763613,1.0,1.0,1.0,-1.1342802700312176,0.7,6095.0,0.9938503888002176,2141.0,0.7400437105390967,0.5637405621332534,0.5651863688744982,0.9581107333657115,8236.0,0.0,0.0
3996.0,0.48518698397280235,596.0,0.7564292181389346,0.8387834664776476,0.07236522583778533,1.0,0.05,3644.0,0.4424477901894123,0.9936013125512715,0.7353084021369597,6056.0,6056.0,0.9840327608324235,1.0,1.0,1.0,-1.1342802700312176,0.7,6095.0,0.9840327608831022,2141.0,0.7400437105390967,0.5613316451300533,0.5651863688744982,0.9276347741622146,8236.0,0.0,0.0
3996.0,0.48518698397280235,596.0,0.7564292181389346,0.8387834664776476,0.07236522583778533,1.0,0.075,3644.0,0.4424477901894123,0.9936013125512715,0.7353084021369597,6056.0,6056.0,0.9840327608324235,1.0,1.0,1.0,-1.1342802700312176,0.7,6095.0,0.9840327608831022,2141.0,0.7400437105390967,0.5613316451300533,0.5651863688744982,0.9276347741622146,8236.0,0.0,0.0
3458.0,0.41986401165614373,955.0,0.7396875949771373,0.8197568122210224,0.11595434677027683,1.0,0.1,3823.0,0.4641816415735794,0.9876948318293683,0.7309373482272948,6020.0,6020.0,0.9709851123305082,1.0,1.0,1.0,-1.1342802700312176,0.7,6095.0,0.9709851124873301,2141.0,0.7400437105390967,0.5575518301805892,0.5651863688744982,0.8840456532297232,8236.0,0.0,0.0
3458.0,0.41986401165614373,955.0,0.7396875949771373,0.8197568122210224,0.11595434677027683,1.0,0.15,3823.0,0.4641816415735794,0.9876948318293683,0.7309373482272948,6020.0,6020.0,0.9709851123305082,1.0,1.0,1.0,-1.1342802700312176,0.7,6095.0,0.9709851124873301,2141.0,0.7400437105390967,0.5575518301805892,0.5651863688744982,0.8840456532297232,8236.0,0.0,0.0
3074.0,0.3732394366197183,1258.0,0.6976896195671168,0.7688500510539023,0.1527440505099563,1.0,0.2,3904.0,0.4740165128703254,0.9781788351107465,0.7238950947061681,5962.0,5962.0,0.9550235982146985,1.0,1.0,1.0,-1.1342802700312176,0.7,6095.0,0.9550235984394965,2141.0,0.7400437105390967,0.5517666939246221,0.5651863688744982,0.8472559494900437,8236.0,0.0,0.0
2727.0,0.3311073336571151,1567.0,0.6703718453689124,0.736426859595468,0.1902622632345799,1.0,0.3,3942.0,0.478630403108305,0.9671862182116489,0.7157600777076251,5895.0,5895.0,0.9387154440244831,1.0,1.0,1.0,-1.1342802700312176,0.7,6095.0,0.9387154445258892,2141.0,0.7400437105390967,0.5458229077259191,0.5651863688744982,0.8097377367654202,8236.0,0.0,0.0
2027.0,0.24611461874696455,2223.0,0.6124008232615666,0.6567855553891427,0.2699125789218067,1.0,0.5,3986.0,0.48397280233122875,0.9289581624282198,0.6874696454589606,5662.0,5662.0,0.8993008850260975,1.0,1.0,1.0,-1.1342802700312176,0.7,6095.0,0.8993008858580281,2141.0,0.7400437105390967,0.5250538849746836,0.5651863688744982,0.7300874210781932,8236.0,0.0,0.0
0.0,0.0,4237.0,0.544070286569745,0.5643723351847577,0.5144487615347256,1.0,1.0,3999.0,0.4855512384652744,0.7105824446267432,0.5258620689655172,4331.0,4331.0,0.782825444745644,1.0,0.5923043745340326,1.0,-1.1342802700312176,0.7,6095.0,0.7828254460388171,2141.0,0.7400437105390967,0.4401802747557266,0.5651863688744982,0.4855512384652744,8236.0,0.0,0.0
8114.0,0.9851869839728024,24.0,0.8836911083418217,0.9524362052195092,0.0029140359397765905,1.0,0.0,98.0,0.011898980087421079,1.0,0.7400437105390967,6095.0,6095.0,0.9996183465409084,1.0,1.0,1.0,-0.43126231599656695,0.8,6095.0,0.9996183465409084,2141.0,0.7400437105390967,0.5651063442763992,0.5651863688744982,0.9970859640602234,8236.0,0.0,0.0
3994.0,0.4849441476444876,450.0,0.765700414317066,0.8311389466308498,0.054638173870811074,1.0,0.025,3792.0,0.46041767848470133,0.9970467596390484,0.7378581835842642,6077.0,6077.0,0.9871996935253028,1.0,1.0,1.0,-0.43126231599656695,0.8,6095.0,0.9871996936331908,2141.0,0.7400437105390967,0.5625882712328688,0.5651863688744982,0.945361826129189,8236.0,0.0,0.0
3458.0,0.41986401165614373,749.0,0.7644951026361705,0.8271468851744054,0.0909422049538611,1.0,0.05,4029.0,0.48919378338999514,0.9942575881870386,0.7357940747935892,6060.0,6060.0,0.9778096870635732,1.0,1.0,1.0,-0.43126231599656695,0.8,6095.0,0.9778096873144383,2141.0,0.7400437105390967,0.5604347856515459,0.5651863688744982,0.9090577950461389,8236.0,0.0,0.0
3339.0,0.40541525012141816,855.0,0.7438320498085206,0.8141103384814945,0.10381253035454104,1.0,0.075,4042.0,0.4907722195240408,0.9931091058244462,0.7349441476444876,6053.0,6053.0,0.9722375391829488,1.0,1.0,1.0,-0.43126231599656695,0.8,6095.0,0.9722375394431991,2141.0,0.7400437105390967,0.5589612246903676,0.5651863688744982,0.8961874696454589,8236.0,0.0,0.0
3060.0,0.3715395823215153,1048.0,0.7191275193703187,0.786173080237521,0.12724623603691113,1.0,0.1,4128.0,0.5012141816415736,0.9894995898277277,0.7322729480330258,6031.0,6031.0,0.962137402296148,1.0,1.0,1.0,-0.43126231599656695,0.8,6095.0,0.9621374026861963,2141.0,0.7400437105390967,0.5561992204746442,0.5651863688744982,0.8727537639630889,8236.0,0.0,0.0
2590.0,0.3144730451675571,1440.0,0.6832453095362714,0.749444566712733,0.17484215638659542,1.0,0.15,4206.0,0.5106847984458475,0.9806398687448729,0.7257163671685284,5977.0,5977.0,0.9408039168064272,1.0,1.0,1.0,-0.43126231599656695,0.8,6095.0,0.9408039172170496,2141.0,0.7400437105390967,0.549900979665812,0.5651863688744982,0.8251578436134046,8236.0,0.0,0.0
2027.0,0.24611461874696455,1956.0,0.639491747689979,0.6868598863442776,0.23749392909179212,1.0,0.2,4253.0,0.5163914521612433,0.9658736669401149,0.7147887323943662,5887.0,5887.0,0.9075918204967178,1.0,1.0,1.0,-0.43126231599656695,0.8,6095.0,0.9075918210224594,2141.0,0.7400437105390967,0.538947138221935,0.5651863688744982,0.7625060709082079,8236.0,0.0,0.0
2027.0,0.24611461874696455,1956.0,0.639491747689979,0.6868598863442776,0.23749392909179212,1.0,0.3,4253.0,0.5163914521612433,0.9658736669401149,0.7147887323943662,5887.0,5887.0,0.9075918204967178,1.0,1.0,1.0,-0.43126231599656695,0.8,6095.0,0.9075918210224594,2141.0,0.7400437105390967,0.538947138221935,0.5651863688744982,0.7625060709082079,8236.0,0.0,0.0
899.0,0.10915492957746478,3058.0,0.5819607391966509,0.614897316077764,0.37129674599320056,1.0,0.5,4279.0,0.5195483244293346,0.8920426579163249,0.6601505585235551,5437.0,5437.0,0.8377666286012384,1.0,0.7464023328474153,1.0,-0.43126231599656695,0.8,6095.0,0.8377666294369797,2141.0,0.7400437105390967,0.5115434896235488,0.5651863688744982,0.6287032540067994,8236.0,0.0,0.0
0.0,0.0,3957.0,0.5480314723194659,0.564575526076426,0.48045167557066537,1.0,1.0,4279.0,0.5195483244293346,0.8146021328958163,0.6028411850412821,4965.0,4965.0,0.7724226950249072,1.0,0.5631824741222723,1.0,-0.43126231599656695,0.8,6095.0,0.7724226960711982,2141.0,0.7400437105390967,0.48243439201409577,0.5651863688744982,0.5195483244293346,8236.0,0.0,0.0
7070.0,0.8584264205925206,45.0,0.8428936710405149,0.9392879832621774,0.005463817387081107,1.0,0.0,1121.0,0.13610976202039826,1.0,0.7400437105390967,6095.0,6095.0,0.9991751595526329,1.0,1.0,1.0,-0.1499386408816414,0.85,6095.0,0.9991751597410234,2141.0,0.7400437105390967,0.5650891788228082,0.5651863688744982,0.9945361826129189,8236.0,0.0,0.0
3709.0,0.4503399708596406,534.0,0.7913500536833524,0.8540893592475209,0.06483729966002914,1.0,0.025,3993.0,0.4848227294803303,0.9970467596390484,0.7378581835842642,6077.0,6077.0,0.985957244027726,1.0,1.0,1.0,-0.1499386408816414,0.85,6095.0,0.9859572442562912,2141.0,0.7400437105390967,0.5623484579223808,0.5651863688744982,0.9351627003399708,8236.0,0.0,0.0
3339.0,0.40541525012141816,782.0,0.7698659305525888,0.8377763411642812,0.09494900437105391,1.0,0.05,4115.0,0.49963574550752793,0.9955701394585726,0.736765420106848,6068.0,6068.0,0.976675601069519,1.0,1.0,1.0,-0.1499386408816414,0.85,6095.0,0.976675601330095,2141.0,0.7400437105390967,0.5603289991333711,0.5651863688744982,0.9050509956289461,8236.0,0.0,0.0
2923.0,0.35490529383195724,1080.0,0.7192611840273251,0.7907241825690982,0.13113161728994657,1.0,0.075,4233.0,0.5139630888780962,0.9917965545529123,0.7339728023312287,6045.0,6045.0,0.9595959024158432,1.0,1.0,1.0,-0.1499386408816414,0.85,6095.0,0.9595959026933696,2141.0,0.7400437105390967,0.5558877638346335,0.5651863688744982,0.8688683827100534,8236.0,0.0,0.0
2556.0,0.3103448275862069,1369.0,0.7022246887561304,0.7645184907224637,0.16622146673142302,1.0,0.1,4311.0,0.5234337056823701,0.9873666940114848,0.73069451189898,6018.0,6018.0,0.944927896076034,1.0,1.0,1.0,-0.1499386408816414,0.85,6095.0,0.944927896417693,2141.0,0.7400437105390967,0.5521566657991408,0.5651863688744982,0.833778533268577,8236.0,0.0,0.0
2027.0,0.24611461874696455,1856.0,0.6738617457978151,0.7185658278915409,0.22535211267605634,1.0,0.15,4353.0,0.5285332685769791,0.9780147662018047,0.7237736765420106,5961.0,5961.0,0.9174942983833425,1.0,1.0,1.0,-0.1499386408816414,0.85,6095.0,0.917494299028543,2141.0,0.7400437105390967,0.5444312334561883,0.5651863688744982,0.7746478873239436,8236.0,0.0,0.0
2027.0,0.24611461874696455,1856.0,0.6738617457978151,0.7185658278915409,0.22535211267605634,1.0,0.2,4353.0,0.5285332685769791,0.9780147662018047,0.7237736765420106,5961.0,5961.0,0.9174942983833425,1.0,1.0,1.0,-0.1499386408816414,0.85,6095.0,0.917494299028543,2141.0,0.7400437105390967,0.5444312334561883,0.5651863688744982,0.7746478873239436,8236.0,0.0,0.0
1638.0,0.1988829528897523,2231.0,0.6421492095371698,0.6874454583745826,0.2708839242350656,1.0,0.3,4367.0,0.5302331228751821,0.9601312551271534,0.7105390966488586,5852.0,5852.0,0.8924980024549461,1.0,0.9145348689950966,1.0,-0.1499386408816414,0.85,6095.0,0.8924980032362779,2141.0,0.7400437105390967,0.5368139678206986,0.5651863688744982,0.7291160757649344,8236.0,0.0,0.0
0.0,0.0,3845.0,0.5719975493227754,0.5968933363742209,0.4668528411850413,1.0,0.5,4391.0,0.5331471588149587,0.8630024610336341,0.6386595434677028,5260.0,5260.0,0.7794078623981072,0.9960593827969761,0.5791665989208975,1.0,-0.1499386408816414,0.85,6095.0,0.7794078636467615,2141.0,0.7400437105390967,0.4992480995003821,0.5651863688744982,0.5331471588149587,8236.0,0.0,0.0
0.0,0.0,3845.0,0.5719975493227754,0.5968933363742209,0.4668528411850413,1.0,1.0,4391.0,0.5331471588149587,0.8630024610336341,0.6386595434677028,5260.0,5260.0,0.7794078623981072,0.9960593827969761,0.5791665989208975,1.0,-0.1499386408816414,0.85,6095.0,0.7794078636467615,2141.0,0.7400437105390967,0.4992480995003821,0.5651863688744982,0.5331471588149587,8236.0,0.0,0.0
5983.0,0.7264448761534725,158.0,0.7212686179685801,0.7848741412140352,0.019184069936862554,1.0,0.0,2095.0,0.2543710539096649,1.0,0.7400437105390967,6095.0,6095.0,0.9941464123215714,1.0,1.0,1.0,0.015783920322221333,0.88,6095.0,0.9941464125256735,2141.0,0.7400437105390967,0.5640791360147783,0.5651863688744982,0.9808159300631375,8236.0,0.0,0.0
3477.0,0.42217095677513355,660.0,0.7927665013713077,0.851886233489022,0.08013598834385624,1.0,0.025,4099.0,0.4976930548810102,0.9970467596390484,0.7378581835842642,6077.0,6077.0,0.9820968262662394,1.0,1.0,1.0,0.015783920322221333,0.88,6095.0,0.9820968264709459,2141.0,0.7400437105390967,0.5615633472416433,0.5651863688744982,0.9198640116561437,8236.0,0.0,0.0
2918.0,0.3542982030111705,1035.0,0.7513089129892228,0.8120428973374146,0.12566779990286547,1.0,0.05,4283.0,0.5200339970859641,0.9940935192780967,0.7356726566294317,6059.0,6059.0,0.9648655602440624,1.0,1.0,1.0,0.015783920322221333,0.88,6095.0,0.9648655604567327,2141.0,0.7400437105390967,0.5576094309199068,0.5651863688744982,0.8743322000971345,8236.0,0.0,0.0
2669.0,0.32406508013598834,1255.0,0.7199248335636719,0.7719236963624263,0.15237979601748422,1.0,0.075,4312.0,0.5235551238465275,0.9917965545529123,0.7339728023312287,6045.0,6045.0,0.9514443714763817,1.0,1.0,1.0,0.015783920322221333,0.88,6095.0,0.9514443719350432,2141.0,0.7400437105390967,0.554116540899756,0.5651863688744982,0.8476202039825158,8236.0,0.0,0.0
2317.0,0.28132588635259836,1530.0,0.7090892799284744,0.7604315924643933,0.18576979116075765,1.0,0.1,4389.0,0.532904322486644,0.9876948318293683,0.7309373482272948,6020.0,6020.0,0.9380002568352546,1.0,1.0,1.0,0.015783920322221333,0.88,6095.0,0.9380002573577442,2141.0,0.7400437105390967,0.5508020815731556,0.5651863688744982,0.8142302088392424,8236.0,0.0,0.0
2027.0,0.24611461874696455,1801.0,0.7050283679605279,0.7504890672715898,0.21867411364740166,1.0,0.15,4408.0,0.5352112676056338,0.9827727645611156,0.727294803302574,5990.0,5990.0,0.9262324699841187,1.0,1.0,1.0,0.015783920322221333,0.88,6095.0,0.926232470517054,2141.0,0.7400437105390967,0.5475747323240062,0.5651863688744982,0.7813258863525984,8236.0,0.0,0.0
2027.0,0.24611461874696455,1801.0,0.7050283679605279,0.7504890672715898,0.21867411364740166,1.0,0.2,4408.0,0.5352112676056338,0.9827727645611156,0.727294803302574,5990.0,5990.0,0.9262324699841187,1.0,1.0,1.0,0.015783920322221333,0.88,6095.0,0.926232470517054,2141.0,0.7400437105390967,0.5475747323240062,0.5651863688744982,0.7813258863525984,8236.0,0.0,0.0
899.0,0.10915492957746478,2887.0,0.6333005445410984,0.6796786553667659,0.3505342399222924,1.0,0.3,4450.0,0.5403108305002429,0.941591468416735,0.6968188440990772,5739.0,5739.0,0.8539975159917075,1.0,0.7651572963127029,1.0,0.015783920322221333,0.88,6095.0,0.8539975167189906,2141.0,0.7400437105390967,0.5289217966706666,0.5651863688744982,0.6494657600777076,8236.0,0.0,0.0
0.0,0.0,3786.0,0.5995420213126889,0.6273312815246264,0.4596891694997572,1.0,0.5,4450.0,0.5403108305002429,0.888597210828548,0.6576007770762506,5416.0,5416.0,0.7911939933875616,0.9825645874875417,0.6119545016234942,1.0,0.015783920322221333,0.88,6095.0,0.7911939942428357,2141.0,0.7400437105390967,0.5090756908047783,0.5651863688744982,0.5403108305002429,8236.0,0.0,0.0
0.0,0.0,3786.0,0.5995420213126889,0.6273312815246264,0.4596891694997572,1.0,1.0,4450.0,0.5403108305002429,0.888597210828548,0.6576007770762506,5416.0,5416.0,0.7911939933875616,0.9825645874875417,0.6119545016234942,1.0,0.015783920322221333,0.88,6095.0,0.7911939942428357,2141.0,0.7400437105390967,0.5090756908047783,0.5651863688744982,0.5403108305002429,8236.0,0.0,0.0
5705.0,0.6926906265177271,254.0,0.76846110039157,0.8341439518408892,0.030840213695968916,1.0,0.0,2277.0,0.27646915978630404,1.0,0.7400437105390967,6095.0,6095.0,0.992174403064916,1.0,1.0,1.0,0.16126070548499094,0.9,6095.0,0.9921744032249011,2141.0,0.7400437105390967,0.5636921341862442,0.5651863688744982,0.9691597863040311,8236.0,0.0,0.0
3234.0,0.3926663428848956,785.0,0.8061706020056832,0.8642544737718771,0.09531325886352598,1.0,0.025,4217.0,0.5120203982515784,0.9968826907301066,0.7377367654201068,6076.0,6076.0,0.9795515727264061,1.0,1.0,1.0,0.16126070548499094,0.9,6095.0,0.9795515730229496,2141.0,0.7400437105390967,0.5612097955343496,0.5651863688744982,0.9046867411364741,8236.0,0.0,0.0
2549.0,0.30949490043710537,1287.0,0.7445805376108001,0.8013113459572411,0.15626517727051967,1.0,0.05,4400.0,0.5342399222923749,0.993273174733388,0.735065565808645,6054.0,6054.0,0.9537173521240582,1.0,1.0,1.0,0.16126070548499094,0.9,6095.0,0.9537173524280443,2141.0,0.7400437105390967,0.5551191895696477,0.5651863688744982,0.8437348227294803,8236.0,0.0,0.0
2116.0,0.2569208353569694,1666.0,0.7343422417175604,0.7809598051659491,0.20228266148615834,1.0,0.075,4454.0,0.5407965031568722,0.9890073831009024,0.7319086935405537,6028.0,6028.0,0.9372874933583425,1.0,1.0,1.0,0.16126070548499094,0.9,6095.0,0.9372874940254348,2141.0,0.7400437105390967,0.5513384072553341,0.5651863688744982,0.7977173385138416,8236.0,0.0,0.0
2027.0,0.24611461874696455,1753.0,0.7321532155432684,0.7765255332325395,0.21284604176784847,1.0,0.1,4456.0,0.541039339485187,0.9878589007383101,0.7310587663914522,6021.0,6021.0,0.9335832504245307,1.0,1.0,1.0,0.16126070548499094,0.9,6095.0,0.9335832516207488,2141.0,0.7400437105390967,0.5503628804842334,0.5651863688744982,0.7871539582321515,8236.0,0.0,0.0
2027.0,0.24611461874696455,1753.0,0.7321532155432684,0.7765255332325395,0.21284604176784847,1.0,0.15,4456.0,0.541039339485187,0.9878589007383101,0.7310587663914522,6021.0,6021.0,0.9335832504245307,1.0,1.0,1.0,0.16126070548499094,0.9,6095.0,0.9335832516207488,2141.0,0.7400437105390967,0.5503628804842334,0.5651863688744982,0.7871539582321515,8236.0,0.0,0.0
899.0,0.10915492957746478,2838.0,0.6625787615742977,0.7118391700036788,0.34458474987858184,1.0,0.2,4499.0,0.5462603205439533,0.9560295324036095,0.7075036425449247,5827.0,5827.0,0.8647303907735643,1.0,0.7902835087666396,1.0,0.16126070548499094,0.9,6095.0,0.8647303924209244,2141.0,0.7400437105390967,0.5345902591494709,0.5651863688744982,0.6554152501214182,8236.0,0.0,0.0
899.0,0.10915492957746478,2838.0,0.6625787615742977,0.7118391700036788,0.34458474987858184,1.0,0.3,4499.0,0.5462603205439533,0.9560295324036095,0.7075036425449247,5827.0,5827.0,0.8647303907735643,1.0,0.7902835087666396,1.0,0.16126070548499094,0.9,6095.0,0.8647303924209244,2141.0,0.7400437105390967,0.5345902591494709,0.5651863688744982,0.6554152501214182,8236.0,0.0,0.0
0.0,0.0,3737.0,0.6303121276713318,0.6668492839635964,0.45373967945604665,1.0,0.5,4499.0,0.5462603205439533,0.9105824446267432,0.6738708110733366,5550.0,5550.0,0.8054309414284613,0.9784338196793864,0.6542252097017695,1.0,0.16126070548499094,0.9,6095.0,0.8054309433393237,2141.0,0.7400437105390967,0.517769893934384,0.5651863688744982,0.5462603205439533,8236.0,0.0,0.0
0.0,0.0,3737.0,0.6303121276713318,0.6668492839635964,0.45373967945604665,1.0,1.0,4499.0,0.5462603205439533,0.9105824446267432,0.6738708110733366,5550.0,5550.0,0.8054309414284613,0.9784338196793864,0.6542252097017695,1.0,0.16126070548499094,0.9,6095.0,0.8054309433393237,2141.0,0.7400437105390967,0.517769893934384,0.5651863688744982,0.5462603205439533,8236.0,0.0,0.0
5705.0,0.6926906265177271,246.0,0.8111691338847561,0.8566446597046178,0.029868868382710054,1.0,0.0,2285.0,0.2774405050995629,1.0,0.7400437105390967,6095.0,6095.0,0.993803745164389,1.0,1.0,1.0,0.290109146777328,0.92,6095.0,0.993803745164389,2141.0,0.7400437105390967,0.5639491077972183,0.5651863688744982,0.9701311316172899,8236.0,0.0,0.0
2549.0,0.30949490043710537,1251.0,0.7744687838132531,0.8270400631513983,0.15189412336085478,1.0,0.025,4436.0,0.5386109762020398,0.9954060705496308,0.7366440019426906,6067.0,6067.0,0.9598526926847394,1.0,1.0,1.0,0.290109146777328,0.92,6095.0,0.9598526928168273,2141.0,0.7400437105390967,0.5567980255558462,0.5651863688744982,0.8481058766391452,8236.0,0.0,0.0
2329.0,0.28278290432248665,1446.0,0.7677726458576789,0.8161269072603181,0.1755706653715396,1.0,0.05,4461.0,0.5416464303059738,0.9942575881870386,0.7357940747935892,6060.0,6060.0,0.9518683899665421,1.0,1.0,1.0,0.290109146777328,0.92,6095.0,0.9518683901397899,2141.0,0.7400437105390967,0.5551212419028279,0.5651863688744982,0.8244293346284605,8236.0,0.0,0.0
2027.0,0.24611461874696455,1711.0,0.7618782995240192,0.8077231902762008,0.20774647887323944,1.0,0.075,4498.0,0.546138902379796,0.9916324856439704,0.7338513841670714,6044.0,6044.0,0.9416121177853402,1.0,1.0,1.0,0.290109146777328,0.92,6095.0,0.9416121186747427,2141.0,0.7400437105390967,0.552818911205767,0.5651863688744982,0.7922535211267606,8236.0,0.0,0.0
2027.0,0.24611461874696455,1711.0,0.7618782995240192,0.8077231902762008,0.20774647887323944,1.0,0.1,4498.0,0.546138902379796,0.9916324856439704,0.7338513841670714,6044.0,6044.0,0.9416121177853402,1.0,1.0,1.0,0.290109146777328,0.92,6095.0,0.9416121186747427,2141.0,0.7400437105390967,0.552818911205767,0.5651863688744982,0.7922535211267606,8236.0,0.0,0.0
899.0,0.10915492957746478,2790.0,0.6945324871901537,0.7453538777977553,0.33875667799902864,1.0,0.15,4547.0,0.5520883924235066,0.9678424938474159,0.7162457503642545,5899.0,5899.0,0.877274452388653,1.0,0.8120067189897742,1.0,0.290109146777328,0.92,6095.0,0.877274453697586,2141.0,0.7400437105390967,0.5395764258181395,0.5651863688744982,0.6612433220009714,8236.0,0.0,0.0
899.0,0.10915492957746478,2790.0,0.6945324871901537,0.7453538777977553,0.33875667799902864,1.0,0.2,4547.0,0.5520883924235066,0.9678424938474159,0.7162457503642545,5899.0,5899.0,0.877274452388653,1.0,0.8120067189897742,1.0,0.290109146777328,0.92,6095.0,0.877274453697586,2141.0,0.7400437105390967,0.5395764258181395,0.5651863688744982,0.6612433220009714,8236.0,0.0,0.0
0.0,0.0,3689.0,0.6620551797026903,0.7084876916215814,0.44791160757649345,1.0,0.3,4547.0,0.5520883924235066,0.9301066447908122,0.6883195726080622,5669.0,5669.0,0.8210424500736421,0.9730596644785011,0.6937004433033459,1.0,0.290109146777328,0.92,6095.0,0.8210424522082864,2141.0,0.7400437105390967,0.5254066191266077,0.5651863688744982,0.5520883924235066,8236.0,0.0,0.0
0.0,0.0,3689.0,0.6620551797026903,0.7084876916215814,0.44791160757649345,1.0,0.5,4547.0,0.5520883924235066,0.9301066447908122,0.6883195726080622,5669.0,5669.0,0.8210424500736421,0.9730596644785011,0.6937004433033459,1.0,0.290109146777328,0.92,6095.0,0.8210424522082864,2141.0,0.7400437105390967,0.5254066191266077,0.5651863688744982,0.5520883924235066,8236.0,0.0,0.0
0.0,0.0,3689.0,0.6620551797026903,0.7084876916215814,0.44791160757649345,1.0,1.0,4547.0,0.5520883924235066,0.9301066447908122,0.6883195726080622,5669.0,5669.0,0.8210424500736421,0.9730596644785011,0.6937004433033459,1.0,0.290109146777328,0.92,6095.0,0.8210424522082864,2141.0,0.7400437105390967,0.5254066191266077,0.5651863688744982,0.5520883924235066,8236.0,0.0,0.0
4147.0,0.5035211267605634,694.0,0.8352354103429109,0.8838988019549179,0.0842642059252064,1.0,0.0,3395.0,0.41221466731423023,1.0,0.7400437105390967,6095.0,6095.0,0.9834289264216908,1.0,1.0,1.0,0.5296607823474366,0.95,6095.0,0.9834289268323192,2141.0,0.7400437105390967,0.5620512270796203,0.5651863688744982,0.9157357940747936,8236.0,0.0,0.0
2209.0,0.2682127246236037,1475.0,0.8360572971967367,0.8763795379872855,0.17909179213210297,1.0,0.025,4552.0,0.5526954832442933,0.9970467596390484,0.7378581835842642,6077.0,6077.0,0.9646593811630286,1.0,1.0,1.0,0.5296607823474366,0.95,6095.0,0.9646593818555433,2141.0,0.7400437105390967,0.5584277857655425,0.5651863688744982,0.8209082078678971,8236.0,0.0,0.0
1645.0,0.1997328800388538,2011.0,0.8026737779858074,0.8552046231751228,0.24417192812044683,1.0,0.05,4580.0,0.5560951918406993,0.9931091058244462,0.7349441476444876,6053.0,6053.0,0.9416464666437461,1.0,0.9568372014642927,1.0,0.5296607823474366,0.95,6095.0,0.9416464680448663,2141.0,0.7400437105390967,0.5544352922790405,0.5651863688744982,0.7558280718795531,8236.0,0.0,0.0
899.0,0.10915492957746478,2720.0,0.774169243910519,0.8260759256918367,0.3302574065080136,1.0,0.075,4617.0,0.5605876639145216,0.984577522559475,0.728630403108305,6001.0,6001.0,0.909118267629379,1.0,0.8719309874801734,1.0,0.5296607823474366,0.95,6095.0,0.9091182694759657,2141.0,0.7400437105390967,0.5487838996698609,0.5651863688744982,0.6697425934919864,8236.0,0.0,0.0
899.0,0.10915492957746478,2720.0,0.774169243910519,0.8260759256918367,0.3302574065080136,1.0,0.1,4617.0,0.5605876639145216,0.984577522559475,0.728630403108305,6001.0,6001.0,0.909118267629379,1.0,0.8719309874801734,1.0,0.5296607823474366,0.95,6095.0,0.9091182694759657,2141.0,0.7400437105390967,0.5487838996698609,0.5651863688744982,0.6697425934919864,8236.0,0.0,0.0
899.0,0.10915492957746478,2720.0,0.774169243910519,0.8260759256918367,0.3302574065080136,1.0,0.15,4617.0,0.5605876639145216,0.984577522559475,0.728630403108305,6001.0,6001.0,0.909118267629379,1.0,0.8719309874801734,1.0,0.5296607823474366,0.95,6095.0,0.9091182694759657,2141.0,0.7400437105390967,0.5487838996698609,0.5651863688744982,0.6697425934919864,8236.0,0.0,0.0
0.0,0.0,3619.0,0.7428913961213932,0.8003357612037081,0.43941233608547836,1.0,0.2,4617.0,0.5605876639145216,0.9606234618539786,0.7109033511413307,5855.0,5855.0,0.8625094724604753,0.9764154085497309,0.7860067174555485,1.0,0.5296607823474366,0.95,6095.0,0.8625094750902852,2141.0,0.7400437105390967,0.5395842898450528,0.5651863688744982,0.5605876639145216,8236.0,0.0,0.0
0.0,0.0,3619.0,0.7428913961213932,0.8003357612037081,0.43941233608547836,1.0,0.3,4617.0,0.5605876639145216,0.9606234618539786,0.7109033511413307,5855.0,5855.0,0.8625094724604753,0.9764154085497309,0.7860067174555485,1.0,0.5296607823474366,0.95,6095.0,0.8625094750902852,2141.0,0.7400437105390967,0.5395842898450528,0.5651863688744982,0.5605876639145216,8236.0,0.0,0.0
0.0,0.0,3619.0,0.7428913961213932,0.8003357612037081,0.43941233608547836,1.0,0.5,4617.0,0.5605876639145216,0.9606234618539786,0.7109033511413307,5855.0,5855.0,0.8625094724604753,0.9764154085497309,0.7860067174555485,1.0,0.5296607823474366,0.95,6095.0,0.8625094750902852,2141.0,0.7400437105390967,0.5395842898450528,0.5651863688744982,0.5605876639145216,8236.0,0.0,0.0
0.0,0.0,3619.0,0.7428913961213932,0.8003357612037081,0.43941233608547836,1.0,1.0,4617.0,0.5605876639145216,0.9606234618539786,0.7109033511413307,5855.0,5855.0,0.8625094724604753,0.9764154085497309,0.7860067174555485,1.0,0.5296607823474366,0.95,6095.0,0.8625094750902852,2141.0,0.7400437105390967,0.5395842898450528,0.5651863688744982,0.5605876639145216,8236.0,0.0,0.0
3519.0,0.4272705196697426,1009.0,0.9028514763025651,0.9305948233410215,0.12251092763477416,1.0,0.0,3708.0,0.4502185526954832,1.0,0.7400437105390967,6095.0,6095.0,0.9854954624176102,1.0,1.0,1.0,0.728896554214403,0.975,6095.0,0.9854954630039279,2141.0,0.7400437105390967,0.5625854998980078,0.5651863688744982,0.8774890723652259,8236.0,0.0,0.0
988.0,0.11996114618746964,2567.0,0.858628087974661,0.9021751679133998,0.31168042739193785,1.0,0.025,4681.0,0.5683584264205925,0.9950779327317474,0.736401165614376,6065.0,6065.0,0.945222754615079,1.0,0.9337389729705541,1.0,0.728896554214403,0.975,6095.0,0.9452227569199263,2141.0,0.7400437105390967,0.5566516769130819,0.5651863688744982,0.6883195726080622,8236.0,0.0,0.0
899.0,0.10915492957746478,2651.0,0.8592347783631078,0.9026823211384163,0.3218795531811559,1.0,0.05,4686.0,0.5689655172413793,0.9947497949138638,0.7361583292860612,6063.0,6063.0,0.9437682060358646,1.0,0.9300902644086515,1.0,0.728896554214403,0.975,6095.0,0.9437682083414726,2141.0,0.7400437105390967,0.5563659503857371,0.5651863688744982,0.6781204468188441,8236.0,0.0,0.0
598.0,0.07260806216610005,2950.0,0.8488734338274843,0.8954456325453988,0.35818358426420593,1.0,0.075,4688.0,0.569208353569694,0.991304347826087,0.7336085478387567,6042.0,6042.0,0.9328159621417781,1.0,0.9097703290506072,1.0,0.728896554214403,0.975,6095.0,0.9328159645371885,2141.0,0.7400437105390967,0.5546919555128579,0.5651863688744982,0.6418164157357941,8236.0,0.0,0.0
0.0,0.0,3548.0,0.831093811243204,0.8855535392547087,0.430791646430306,1.0,0.1,4688.0,0.569208353569694,0.9835931091058244,0.7279018941233608,5995.0,5995.0,0.9094471241594092,0.9880375321750358,0.8758124865683459,1.0,0.728896554214403,0.975,6095.0,0.9094471270912035,2141.0,0.7400437105390967,0.5512965726623041,0.5651863688744982,0.569208353569694,8236.0,0.0,0.0
0.0,0.0,3548.0,0.831093811243204,0.8855535392547087,0.430791646430306,1.0,0.15,4688.0,0.569208353569694,0.9835931091058244,0.7279018941233608,5995.0,5995.0,0.9094471241594092,0.9880375321750358,0.8758124865683459,1.0,0.728896554214403,0.975,6095.0,0.9094471270912035,2141.0,0.7400437105390967,0.5512965726623041,0.5651863688744982,0.569208353569694,8236.0,0.0,0.0
0.0,0.0,3548.0,0.831093811243204,0.8855535392547087,0.430791646430306,1.0,0.2,4688.0,0.569208353569694,0.9835931091058244,0.7279018941233608,5995.0,5995.0,0.9094471241594092,0.9880375321750358,0.8758124865683459,1.0,0.728896554214403,0.975,6095.0,0.9094471270912035,2141.0,0.7400437105390967,0.5512965726623041,0.5651863688744982,0.569208353569694,8236.0,0.0,0.0
0.0,0.0,3548.0,0.831093811243204,0.8855535392547087,0.430791646430306,1.0,0.3,4688.0,0.569208353569694,0.9835931091058244,0.7279018941233608,5995.0,5995.0,0.9094471241594092,0.9880375321750358,0.8758124865683459,1.0,0.728896554214403,0.975,6095.0,0.9094471270912035,2141.0,0.7400437105390967,0.5512965726623041,0.5651863688744982,0.569208353569694,8236.0,0.0,0.0
0.0,0.0,3548.0,0.831093811243204,0.8855535392547087,0.430791646430306,1.0,0.5,4688.0,0.569208353569694,0.9835931091058244,0.7279018941233608,5995.0,5995.0,0.9094471241594092,0.9880375321750358,0.8758124865683459,1.0,0.728896554214403,0.975,6095.0,0.9094471270912035,2141.0,0.7400437105390967,0.5512965726623041,0.5651863688744982,0.569208353569694,8236.0,0.0,0.0
0.0,0.0,3548.0,0.831093811243204,0.8855535392547087,0.430791646430306,1.0,1.0,4688.0,0.569208353569694,0.9835931091058244,0.7279018941233608,5995.0,5995.0,0.9094471241594092,0.9880375321750358,0.8758124865683459,1.0,0.728896554214403,0.975,6095.0,0.9094471270912035,2141.0,0.7400437105390967,0.5512965726623041,0.5651863688744982,0.569208353569694,8236.0,0.0,0.0
8236.0,1.0,0.0,nan,nan,0.0,1.5,0.0,0.0,0.0,1.0,0.7400437105390967,6095.0,6095.0,1.0,1.0,1.0,1.0,-5.194336437843298,0.5,6095.0,1.0,2141.0,0.7400437105390967,0.5651863688744982,0.5651863688744982,1.0,8236.0,0.0,0.0
7672.0,0.9315201554152501,99.0,0.7541897056492275,0.8548988829237614,0.012020398251578437,1.5,0.025,465.0,0.056459446333171445,0.999343724364233,0.7395580378824672,6091.0,6091.0,0.998022540728421,1.0,1.0,1.0,-5.194336437843298,0.5,6095.0,0.9980225407495859,2141.0,0.7400437105390967,0.5648189591505517,0.5651863688744982,0.9879796017484216,8236.0,0.0,0.0
4947.0,0.6006556580864497,851.0,0.7693070095841181,0.8545846339377033,0.10332685769791161,1.5,0.05,2438.0,0.29601748421563867,0.9903199343724364,0.7328800388538125,6036.0,6036.0,0.9839095843331533,1.0,1.0,1.0,-5.194336437843298,0.5,6095.0,0.9839095851860918,2141.0,0.7400437105390967,0.5612822872046028,0.5651863688744982,0.8966731423020884,8236.0,0.0,0.0
4811.0,0.584142787761049,963.0,0.7685692849241537,0.8457504540661553,0.1169256920835357,1.5,0.075,2462.0,0.29893152015541524,0.9891714520098441,0.732030111704711,6029.0,6029.0,0.9810755776194408,1.0,1.0,1.0,-5.194336437843298,0.5,6095.0,0.9810755784733695,2141.0,0.7400437105390967,0.560481283533677,0.5651863688744982,0.8830743079164644,8236.0,0.0,0.0
4672.0,0.5672656629431763,1071.0,0.7635527960940667,0.8411753339614616,0.13003885381253036,1.5,0.1,2493.0,0.30269548324429335,0.9876948318293683,0.7309373482272948,6020.0,6020.0,0.9780049112645643,1.0,1.0,1.0,-5.194336437843298,0.5,6095.0,0.9780049121197699,2141.0,0.7400437105390967,0.559705159766049,0.5651863688744982,0.8699611461874697,8236.0,0.0,0.0
4426.0,0.5373967945604663,1253.0,0.7562503504263209,0.8325011617638909,0.1521369596891695,1.5,0.15,2557.0,0.31046624575036424,0.9840853158326497,0.7282661486158329,5998.0,5998.0,0.9733005135428631,1.0,1.0,1.0,-5.194336437843298,0.5,6095.0,0.9733005144096905,2141.0,0.7400437105390967,0.5580961847228558,0.5651863688744982,0.8478630403108305,8236.0,0.0,0.0
4294.0,0.521369596891695,1359.0,0.7591850681231566,0.8329155611672499,0.16500728508984944,1.5,0.2,2583.0,0.31362311801845555,0.9811320754716981,0.7260806216610005,5980.0,5980.0,0.9710458300970819,1.0,1.0,1.0,-5.194336437843298,0.5,6095.0,0.9710458309665185,2141.0,0.7400437105390967,0.5572781368781454,0.5651863688744982,0.8349927149101506,8236.0,0.0,0.0
3750.0,0.4553181155900923,1875.0,0.7189268501536392,0.793602375140086,0.22765905779504614,1.5,0.3,2611.0,0.3170228266148616,0.9625922887612798,0.712360369111219,5867.0,5867.0,0.9509427466434851,1.0,1.0,1.0,-5.194336437843298,0.5,6095.0,0.9509427475330527,2141.0,0.7400437105390967,0.5478730121781152,0.5651863688744982,0.7723409422049539,8236.0,0.0,0.0
3353.0,0.4071151044196212,2256.0,0.7010736789638523,0.7779028441903766,0.27391937833899954,1.5,0.5,2627.0,0.31896551724137934,0.9429040196882691,0.6977901894123361,5747.0,5747.0,0.9368546104510382,1.0,1.0,1.0,-5.194336437843298,0.5,6095.0,0.9368546113591806,2141.0,0.7400437105390967,0.5384491532452407,0.5651863688744982,0.7260806216610005,8236.0,0.0,0.0
0.0,0.0,5607.0,0.6312790039394518,0.7170950258325347,0.680791646430306,1.5,1.0,2629.0,0.319208353569694,0.5091058244462674,0.3767605633802817,3103.0,3103.0,0.8000137169288101,0.9715571538917703,0.680875943302994,1.0,-5.194336437843298,0.5,6095.0,0.8000137188062091,2141.0,0.7400437105390967,0.3065307042405771,0.5651863688744982,0.319208353569694,8236.0,0.0,0.0
8236.0,1.0,0.0,nan,nan,0.0,1.5,0.0,0.0,0.0,1.0,0.7400437105390967,6095.0,6095.0,1.0,1.0,1.0,1.0,-2.6873886289589457,0.6,6095.0,1.0,2141.0,0.7400437105390967,0.5651863688744982,0.5651863688744982,1.0,8236.0,0.0,0.0
4808.0,0.583778533268577,333.0,0.8306352296002549,0.9042644561418378,0.04043224866440019,1.5,0.025,3095.0,0.3757892180670228,0.9973748974569319,0.7381010199125789,6079.0,6079.0,0.9947064802803173,1.0,1.0,1.0,-2.6873886289589457,0.6,6095.0,0.9947064802803173,2141.0,0.7400437105390967,0.564041697714759,0.5651863688744982,0.9595677513355998,8236.0,0.0,0.0
4426.0,0.5373967945604663,501.0,0.810172415458633,0.8895907030124375,0.06083050024283633,1.5,0.05,3309.0,0.40177270519669744,0.9957342083675144,0.7368868382710053,6069.0,6069.0,0.990741643594621,1.0,1.0,1.0,-2.6873886289589457,0.6,6095.0,0.990741643594621,2141.0,0.7400437105390967,0.5631284847839705,0.5651863688744982,0.9391694997571637,8236.0,0.0,0.0
4426.0,0.5373967945604663,501.0,0.810172415458633,0.8895907030124375,0.06083050024283633,1.5,0.075,3309.0,0.40177270519669744,0.9957342083675144,0.7368868382710053,6069.0,6069.0,0.990741643594621,1.0,1.0,1.0,-2.6873886289589457,0.6,6095.0,0.990741643594621,2141.0,0.7400437105390967,0.5631284847839705,0.5651863688744982,0.9391694997571637,8236.0,0.0,0.0
4294.0,0.521369596891695,556.0,0.8067976960528468,0.8906708829556617,0.06750849927149101,1.5,0.1,3386.0,0.41112190383681396,0.9944216570959803,0.7359154929577465,6061.0,6061.0,0.9893851893723145,1.0,1.0,1.0,-2.6873886289589457,0.6,6095.0,0.989385189400448,2141.0,0.7400437105390967,0.5628212090769658,0.5651863688744982,0.932491500728509,8236.0,0.0,0.0
3596.0,0.43661971830985913,1093.0,0.7390861471910783,0.8333031471528888,0.13271005342399222,1.5,0.15,3547.0,0.4306702282661486,0.9831009023789992,0.7275376396308888,5992.0,5992.0,0.9689968853137597,1.0,1.0,1.0,-2.6873886289589457,0.6,6095.0,0.9689968854001465,2141.0,0.7400437105390967,0.556156558254658,0.5651863688744982,0.8672899465760078,8236.0,0.0,0.0
3458.0,0.41986401165614373,1201.0,0.7315884123304282,0.8239372438183786,0.14582321515298688,1.5,0.2,3577.0,0.43431277319086936,0.9801476620180476,0.7253521126760564,5974.0,5974.0,0.964595190645527,1.0,1.0,1.0,-2.6873886289589457,0.6,6095.0,0.9645951907321741,2141.0,0.7400437105390967,0.5546421214623131,0.5651863688744982,0.8541767848470131,8236.0,0.0,0.0
3335.0,0.40492957746478875,1310.0,0.7183647267040656,0.8192023674004678,0.1590577950461389,1.5,0.3,3591.0,0.4360126274890724,0.9752255947497949,0.7217095677513355,5944.0,5944.0,0.9595362511112503,1.0,1.0,1.0,-2.6873886289589457,0.6,6095.0,0.9595362514228013,2141.0,0.7400437105390967,0.5521749951710057,0.5651863688744982,0.8409422049538611,8236.0,0.0,0.0
2727.0,0.3311073336571151,1882.0,0.6753627480623785,0.7717147308556204,0.22850898494414765,1.5,0.5,3627.0,0.44038368139873724,0.9448728465955701,0.6992472073822243,5759.0,5759.0,0.934102978379045,1.0,1.0,1.0,-2.6873886289589457,0.6,6095.0,0.9341029787006043,2141.0,0.7400437105390967,0.5377351354717115,0.5651863688744982,0.7714910150558524,8236.0,0.0,0.0
0.0,0.0,4600.0,0.5914184842832446,0.6567239429410582,0.5585235551238465,1.5,1.0,3636.0,0.44147644487615345,0.608039376538146,0.44997571636716854,3706.0,3706.0,0.8143412648496988,1.0,0.7135309700571661,1.0,-2.6873886289589457,0.6,6095.0,0.8143412654506996,2141.0,0.7400437105390967,0.38068288291665403,0.5651863688744982,0.44147644487615345,8236.0,0.0,0.0
6527.0,0.7924963574550753,97.0,0.8555261196711861,0.9227169241317585,0.01177756192326372,1.5,0.0,1612.0,0.195726080621661,1.0,0.7400437105390967,6095.0,6095.0,0.998364446637787,1.0,1.0,1.0,-1.334937241163072,0.7,6095.0,0.998364446637787,2141.0,0.7400437105390967,0.5648915856136406,0.5651863688744982,0.9882224380767363,8236.0,0.0,0.0
4426.0,0.5373967945604663,250.0,0.8290030792650155,0.8983211470411345,0.030354541039339485,1.5,0.025,3560.0,0.43224866440019427,0.9983593109105825,0.7388295288975231,6085.0,6085.0,0.995559981351499,1.0,1.0,1.0,-1.334937241163072,0.7,6095.0,0.9955599813514991,2141.0,0.7400437105390967,0.5643360304033102,0.5651863688744982,0.9696454589606606,8236.0,0.0,0.0
4181.0,0.5076493443419136,351.0,0.8026145481970981,0.8777712964262563,0.042617775619232634,1.5,0.05,3704.0,0.4497328800388538,0.9970467596390484,0.7378581835842642,6077.0,6077.0,0.9923345455610524,1.0,1.0,1.0,-1.334937241163072,0.7,6095.0,0.992334545577794,2141.0,0.7400437105390967,0.5635372246382614,0.5651863688744982,0.9573822243807674,8236.0,0.0,0.0
3748.0,0.45507527926177754,624.0,0.7640544121770858,0.8561049617182566,0.07576493443419136,1.5,0.075,3864.0,0.4691597863040311,0.9936013125512715,0.7353084021369597,6056.0,6056.0,0.9824287549359091,1.0,1.0,1.0,-1.334937241163072,0.7,6095.0,0.982428754973967,2141.0,0.7400437105390967,0.5610992824686094,0.5651863688744982,0.9242350655658087,8236.0,0.0,0.0
3458.0,0.41986401165614373,810.0,0.7553177737273894,0.8444236215890224,0.09834871296745994,1.5,0.1,3968.0,0.4817872753763963,0.9906480721903199,0.7331228751821273,6038.0,6038.0,0.9760504809991533,1.0,1.0,1.0,-1.334937241163072,0.7,6095.0,0.9760504810453878,2141.0,0.7400437105390967,0.5594482783671171,0.5651863688744982,0.90165128703254,8236.0,0.0,0.0
3353.0,0.4071151044196212,894.0,0.7388958610821034,0.8339573080694841,0.108547838756678,1.5,0.15,3989.0,0.4843370568237008,0.9890073831009024,0.7319086935405537,6028.0,6028.0,0.971628531686924,1.0,1.0,1.0,-1.334937241163072,0.7,6095.0,0.9716285319242037,2141.0,0.7400437105390967,0.5580243226237859,0.5651863688744982,0.891452161243322,8236.0,0.0,0.0
2955.0,0.35879067508499274,1222.0,0.7023359638397839,0.7811090863393655,0.1483729966002914,1.5,0.2,4059.0,0.49283632831471585,0.9788351107465135,0.7243807673627974,5966.0,5966.0,0.9555948722456267,1.0,1.0,1.0,-1.334937241163072,0.7,6095.0,0.955594872541165,2141.0,0.7400437105390967,0.5524567090427781,0.5651863688744982,0.8516270033997086,8236.0,0.0,0.0
2615.0,0.317508499271491,1531.0,0.6736685921506682,0.7357178818424739,0.185891209324915,1.5,0.3,4090.0,0.49660029140359396,0.9658736669401149,0.7147887323943662,5887.0,5887.0,0.939301360354167,1.0,1.0,1.0,-1.334937241163072,0.7,6095.0,0.9393013606565498,2141.0,0.7400437105390967,0.5458705866026511,0.5651863688744982,0.814108790675085,8236.0,0.0,0.0
2027.0,0.24611461874696455,2088.0,0.6296034474830349,0.6744084539344672,0.2535211267605634,1.5,0.5,4121.0,0.5003642544924721,0.9338802296964726,0.6911121903836814,5692.0,5692.0,0.9079865205096646,1.0,1.0,1.0,-1.334937241163072,0.7,6095.0,0.9079865208809428,2141.0,0.7400437105390967,0.5301377574868968,0.5651863688744982,0.7464788732394366,8236.0,0.0,0.0
0.0,0.0,4110.0,0.5548717391741896,0.5662003108416729,0.4990286546867411,1.5,1.0,4126.0,0.5009713453132588,0.7104183757178015,0.5257406508013599,4330.0,4330.0,0.7961456486795424,1.0,0.6135187120665366,1.0,-1.334937241163072,0.7,6095.0,0.7961456494361685,2141.0,0.7400437105390967,0.445327702018265,0.5651863688744982,0.5009713453132588,8236.0,0.0,0.0
5963.0,0.7240165128703254,64.0,0.8713103663614555,0.9554919568279733,0.007770762506070908,1.5,0.0,2209.0,0.2682127246236037,1.0,0.7400437105390967,6095.0,6095.0,0.9990076435141899,1.0,1.0,1.0,-0.5777554206224427,0.8,6095.0,0.9990076435141899,2141.0,0.7400437105390967,0.5650387364975467,0.5651863688744982,0.9922292374939291,8236.0,0.0,0.0
4426.0,0.5373967945604663,162.0,0.8712649096341314,0.9186931198723888,0.019669742593491985,1.5,0.025,3648.0,0.4429334628460418,0.9986874487284659,0.7390723652258377,6087.0,6087.0,0.9978004847382864,1.0,1.0,1.0,-0.5777554206224427,0.8,6095.0,0.9978004847382864,2141.0,0.7400437105390967,0.5647367404439388,0.5651863688744982,0.980330257406508,8236.0,0.0,0.0
3596.0,0.43661971830985913,554.0,0.8036136943954157,0.8667356727585032,0.0672656629431763,1.5,0.05,4086.0,0.49611461874696455,0.9952420016406891,0.7365225837785333,6066.0,6066.0,0.9863701558424778,1.0,1.0,1.0,-0.5777554206224427,0.8,6095.0,0.9863701558536708,2141.0,0.7400437105390967,0.562208762727355,0.5651863688744982,0.9327343370568237,8236.0,0.0,0.0
3216.0,0.3904808159300631,818.0,0.7605262541567175,0.8200321683633962,0.0993200582807188,1.5,0.075,4202.0,0.5101991257892181,0.9921246923707957,0.7342156386595434,6047.0,6047.0,0.9743378555802139,1.0,1.0,1.0,-0.5777554206224427,0.8,6095.0,0.974337855599025,2141.0,0.7400437105390967,0.5593629592371042,0.5651863688744982,0.9006799417192812,8236.0,0.0,0.0
3003.0,0.3646187469645459,979.0,0.7398397224328211,0.8016913951500914,0.11886838271005343,1.5,0.1,4254.0,0.5165128703254007,0.9896636587366694,0.7323943661971831,6032.0,6032.0,0.9663154547778569,1.0,1.0,1.0,-0.5777554206224427,0.8,6095.0,0.9663154547967151,2141.0,0.7400437105390967,0.5572637409799499,0.5651863688744982,0.8811316172899466,8236.0,0.0,0.0
2578.0,0.31301602719766874,1338.0,0.6923298526337284,0.7500482414349534,0.16245750364254494,1.5,0.15,4320.0,0.5245264691597863,0.9816242821985234,0.7264448761534725,5983.0,5983.0,0.9451819526838634,1.0,1.0,1.0,-0.5777554206224427,0.8,6095.0,0.9451819528548538,2141.0,0.7400437105390967,0.5513560403931358,0.5651863688744982,0.837542496357455,8236.0,0.0,0.0
2027.0,0.24611461874696455,1836.0,0.6579720242187337,0.6965919697410092,0.22292374939290918,1.5,0.2,4373.0,0.5309616318601262,0.9678424938474159,0.7162457503642545,5899.0,5899.0,0.9165078343575143,1.0,1.0,1.0,-0.5777554206224427,0.8,6095.0,0.9165078345669035,2141.0,0.7400437105390967,0.5421797624418824,0.5651863688744982,0.7770762506070908,8236.0,0.0,0.0
2027.0,0.24611461874696455,1836.0,0.6579720242187337,0.6965919697410092,0.22292374939290918,1.5,0.3,4373.0,0.5309616318601262,0.9678424938474159,0.7162457503642545,5899.0,5899.0,0.9165078343575143,1.0,1.0,1.0,-0.5777554206224427,0.8,6095.0,0.9165078345669035,2141.0,0.7400437105390967,0.5421797624418824,0.5651863688744982,0.7770762506070908,8236.0,0.0,0.0
598.0,0.07260806216610005,3253.0,0.5769830657275147,0.607252980412988,0.39497328800388537,1.5,0.5,4385.0,0.5324186498300145,0.8600492206726825,0.6364740165128703,5242.0,5242.0,0.8279526699982948,1.0,0.7013384335251674,1.0,-0.5777554206224427,0.8,6095.0,0.827952670461482,2141.0,0.7400437105390967,0.5035408785300469,0.5651863688744982,0.6050267119961146,8236.0,0.0,0.0
0.0,0.0,3850.0,0.5564148995537159,0.5802004445972453,0.4674599320058281,1.5,1.0,4386.0,0.532540067994172,0.8095159967186218,0.5990772219524041,4934.0,4934.0,0.7844108084981376,1.0,0.5938122615669026,1.0,-0.5777554206224427,0.8,6095.0,0.7844108089902386,2141.0,0.7400437105390967,0.4852714253785223,0.5651863688744982,0.532540067994172,8236.0,0.0,0.0
5839.0,0.708960660514813,80.0,0.8933228094144824,0.9427457931814324,0.009713453132588635,1.5,0.0,2317.0,0.28132588635259836,1.0,0.7400437105390967,6095.0,6095.0,0.9988973481530947,1.0,1.0,1.0,-0.2475463679803941,0.85,6095.0,0.9988973481530948,2141.0,0.7400437105390967,0.5650107361678177,0.5651863688744982,0.9902865468674114,8236.0,0.0,0.0
3722.0,0.45191840699368624,506.0,0.7926145895220885,0.851142453810014,0.06143759106362312,1.5,0.025,4008.0,0.48664400194269064,0.9972108285479901,0.7379796017484216,6078.0,6078.0,0.9858399234372601,1.0,1.0,1.0,-0.2475463679803941,0.85,6095.0,0.9858399234817543,2141.0,0.7400437105390967,0.5623269938669405,0.5651863688744982,0.9385624089363769,8236.0,0.0,0.0
3111.0,0.37773190869354056,816.0,0.7817239003241442,0.8445697596002781,0.09907722195240408,1.5,0.05,4309.0,0.5231908693540553,0.9942575881870386,0.7357940747935892,6060.0,6060.0,0.9755069723136003,1.0,1.0,1.0,-0.2475463679803941,0.85,6095.0,0.975506972406962,2141.0,0.7400437105390967,0.5600253315222663,0.5651863688744982,0.9009227780475959,8236.0,0.0,0.0
2578.0,0.31301602719766874,1248.0,0.7219026821036475,0.7876963490128679,0.1515298688683827,1.5,0.075,4410.0,0.5354541039339485,0.9893355209187858,0.7321515298688683,6030.0,6030.0,0.951390618065878,1.0,1.0,1.0,-0.2475463679803941,0.85,6095.0,0.9513906186881659,2141.0,0.7400437105390967,0.5544954602953182,0.5651863688744982,0.8484701311316173,8236.0,0.0,0.0
2329.0,0.28278290432248665,1476.0,0.7034969240958266,0.7564221595478565,0.17921321029626033,1.5,0.1,4431.0,0.538003885381253,0.9857260049220673,0.7294803302574066,6008.0,6008.0,0.9386562377914636,1.0,1.0,1.0,-0.2475463679803941,0.85,6095.0,0.9386562384221191,2141.0,0.7400437105390967,0.5509629611679315,0.5651863688744982,0.8207867897037396,8236.0,0.0,0.0
2027.0,0.24611461874696455,1732.0,0.6894279352385247,0.7451495680649045,0.21029626032054397,1.5,0.15,4477.0,0.5435891209324915,0.9808039376538146,0.7258377853326857,5978.0,5978.0,0.9247727752133461,1.0,1.0,1.0,-0.2475463679803941,0.85,6095.0,0.9247727758563298,2141.0,0.7400437105390967,0.5473183546390985,0.5651863688744982,0.7897037396794561,8236.0,0.0,0.0
2027.0,0.24611461874696455,1732.0,0.6894279352385247,0.7451495680649045,0.21029626032054397,1.5,0.2,4477.0,0.5435891209324915,0.9808039376538146,0.7258377853326857,5978.0,5978.0,0.9247727752133461,1.0,1.0,1.0,-0.2475463679803941,0.85,6095.0,0.9247727758563298,2141.0,0.7400437105390967,0.5473183546390985,0.5651863688744982,0.7897037396794561,8236.0,0.0,0.0
2027.0,0.24611461874696455,1732.0,0.6894279352385247,0.7451495680649045,0.21029626032054397,1.5,0.3,4477.0,0.5435891209324915,0.9808039376538146,0.7258377853326857,5978.0,5978.0,0.9247727752133461,1.0,1.0,1.0,-0.2475463679803941,0.85,6095.0,0.9247727758563298,2141.0,0.7400437105390967,0.5473183546390985,0.5651863688744982,0.7897037396794561,8236.0,0.0,0.0
0.0,0.0,3741.0,0.5748436809815934,0.6068742722529543,0.45422535211267606,1.5,0.5,4495.0,0.545774647887324,0.8641509433962264,0.6395094706168043,5267.0,5267.0,0.7856863438401616,1.0,0.6038359548716989,1.0,-0.2475463679803941,0.85,6095.0,0.7856863450818506,2141.0,0.7400437105390967,0.5025763768321009,0.5651863688744982,0.545774647887324,8236.0,0.0,0.0
0.0,0.0,3741.0,0.5748436809815934,0.6068742722529543,0.45422535211267606,1.5,1.0,4495.0,0.545774647887324,0.8641509433962264,0.6395094706168043,5267.0,5267.0,0.7856863438401616,1.0,0.6038359548716989,1.0,-0.2475463679803941,0.85,6095.0,0.7856863450818506,2141.0,0.7400437105390967,0.5025763768321009,0.5651863688744982,0.545774647887324,8236.0,0.0,0.0
5719.0,0.69439048081593,85.0,0.9001103415006143,0.9528275046527648,0.010320543953375425,1.5,0.0,2432.0,0.29528897523069453,1.0,0.7400437105390967,6095.0,6095.0,0.9988855624646499,1.0,1.0,1.0,-0.03690634781223213,0.88,6095.0,0.99888556246465,2141.0,0.7400437105390967,0.5650273057346246,0.5651863688744982,0.9896794560466246,8236.0,0.0,0.0
3609.0,0.4381981544439048,531.0,0.8243950378959016,0.8778451351641852,0.06447304516755707,1.5,0.025,4096.0,0.4973288003885381,0.9975389663658737,0.7382224380767363,6080.0,6080.0,0.9870606870028559,1.0,1.0,1.0,-0.03690634781223213,0.88,6095.0,0.9870606870652096,2141.0,0.7400437105390967,0.5626328646425437,0.5651863688744982,0.935526954832443,8236.0,0.0,0.0
2969.0,0.3604905293831957,896.0,0.7843939848988619,0.8366563944397333,0.10879067508499271,1.5,0.05,4371.0,0.5307187955318116,0.9945857260049221,0.7360369111219038,6062.0,6062.0,0.9727558219123273,1.0,1.0,1.0,-0.03690634781223213,0.88,6095.0,0.9727558219748661,2141.0,0.7400437105390967,0.5595750579649983,0.5651863688744982,0.8912093249150073,8236.0,0.0,0.0
2329.0,0.28278290432248665,1427.0,0.7423615586316102,0.7950954948228968,0.17326372025254977,1.5,0.075,4480.0,0.5439533754249636,0.9888433141919606,0.7317872753763963,6027.0,6027.0,0.9475917157594748,1.0,1.0,1.0,-0.03690634781223213,0.88,6095.0,0.9475917158636605,2141.0,0.7400437105390967,0.5535476395355962,0.5651863688744982,0.8267362797474502,8236.0,0.0,0.0
2027.0,0.24611461874696455,1679.0,0.7283638710616824,0.7792102758159319,0.203861097620204,1.5,0.1,4530.0,0.5500242836328315,0.9853978671041838,0.7292374939290918,6006.0,6006.0,0.9350081389802927,1.0,1.0,1.0,-0.03690634781223213,0.88,6095.0,0.9350081392113024,2141.0,0.7400437105390967,0.5505611338430974,0.5651863688744982,0.796138902379796,8236.0,0.0,0.0
2027.0,0.24611461874696455,1679.0,0.7283638710616824,0.7792102758159319,0.203861097620204,1.5,0.15,4530.0,0.5500242836328315,0.9853978671041838,0.7292374939290918,6006.0,6006.0,0.9350081389802927,1.0,1.0,1.0,-0.03690634781223213,0.88,6095.0,0.9350081392113024,2141.0,0.7400437105390967,0.5505611338430974,0.5651863688744982,0.796138902379796,8236.0,0.0,0.0
2027.0,0.24611461874696455,1679.0,0.7283638710616824,0.7792102758159319,0.203861097620204,1.5,0.2,4530.0,0.5500242836328315,0.9853978671041838,0.7292374939290918,6006.0,6006.0,0.9350081389802927,1.0,1.0,1.0,-0.03690634781223213,0.88,6095.0,0.9350081392113024,2141.0,0.7400437105390967,0.5505611338430974,0.5651863688744982,0.796138902379796,8236.0,0.0,0.0
899.0,0.10915492957746478,2786.0,0.6461096667837722,0.6981926256735903,0.33827100534239923,1.5,0.3,4551.0,0.552574065080136,0.9373256767842494,0.6936619718309859,5713.0,5713.0,0.8639073933001834,1.0,0.7952776543281289,1.0,-0.03690634781223213,0.88,6095.0,0.8639073939065872,2141.0,0.7400437105390967,0.531361996397332,0.5651863688744982,0.6617289946576008,8236.0,0.0,0.0
0.0,0.0,3682.0,0.6111585816781574,0.648177901551843,0.4470616804273919,1.5,0.5,4554.0,0.5529383195726081,0.8908941755537325,0.6593006313744536,5430.0,5430.0,0.801354310419007,1.0,0.6397911617495537,1.0,-0.03690634781223213,0.88,6095.0,0.8013543112971865,2141.0,0.7400437105390967,0.513582024925131,0.5651863688744982,0.5529383195726081,8236.0,0.0,0.0
0.0,0.0,3682.0,0.6111585816781574,0.648177901551843,0.4470616804273919,1.5,1.0,4554.0,0.5529383195726081,0.8908941755537325,0.6593006313744536,5430.0,5430.0,0.801354310419007,1.0,0.6397911617495537,1.0,-0.03690634781223213,0.88,6095.0,0.8013543112971865,2141.0,0.7400437105390967,0.513582024925131,0.5651863688744982,0.5529383195726081,8236.0,0.0,0.0
5611.0,0.6812773190869355,148.0,0.7932578952965517,0.8665045599009591,0.017969888295288974,1.5,0.0,2477.0,0.3007527926177756,1.0,0.7400437105390967,6095.0,6095.0,0.9955564863468168,1.0,1.0,1.0,0.11049908326857093,0.9,6095.0,0.995556486386835,2141.0,0.7400437105390967,0.5644271716765048,0.5651863688744982,0.982030111704711,8236.0,0.0,0.0
3003.0,0.3646187469645459,813.0,0.8111131348331002,0.8660898420537666,0.09871296745993201,1.5,0.025,4420.0,0.5366682855755222,0.9968826907301066,0.7377367654201068,6076.0,6076.0,0.9779901414519149,1.0,1.0,1.0,0.11049908326857093,0.9,6095.0,0.9779901415205245,2141.0,0.7400437105390967,0.5610475234175872,0.5651863688744982,0.901287032540068,8236.0,0.0,0.0
2612.0,0.3171442447790189,1159.0,0.7711836532555038,0.8249257617825307,0.14072365225837785,1.5,0.05,4465.0,0.5421321029626032,0.9947497949138638,0.7361583292860612,6063.0,6063.0,0.9616563733642737,1.0,1.0,1.0,0.11049908326857093,0.9,6095.0,0.9616563735378094,2141.0,0.7400437105390967,0.557352644399767,0.5651863688744982,0.8592763477416221,8236.0,0.0,0.0
2027.0,0.24611461874696455,1630.0,0.7519306232149936,0.8016096338802746,0.19791160757649345,1.5,0.075,4579.0,0.555973773676542,0.9894995898277277,0.7322729480330258,6031.0,6031.0,0.9415920220469723,1.0,1.0,1.0,0.11049908326857093,0.9,6095.0,0.9415920222214289,2141.0,0.7400437105390967,0.5527806531188056,0.5651863688744982,0.8020883924235066,8236.0,0.0,0.0
2027.0,0.24611461874696455,1630.0,0.7519306232149936,0.8016096338802746,0.19791160757649345,1.5,0.1,4579.0,0.555973773676542,0.9894995898277277,0.7322729480330258,6031.0,6031.0,0.9415920220469723,1.0,1.0,1.0,0.11049908326857093,0.9,6095.0,0.9415920222214289,2141.0,0.7400437105390967,0.5527806531188056,0.5651863688744982,0.8020883924235066,8236.0,0.0,0.0
2027.0,0.24611461874696455,1630.0,0.7519306232149936,0.8016096338802746,0.19791160757649345,1.5,0.15,4579.0,0.555973773676542,0.9894995898277277,0.7322729480330258,6031.0,6031.0,0.9415920220469723,1.0,1.0,1.0,0.11049908326857093,0.9,6095.0,0.9415920222214289,2141.0,0.7400437105390967,0.5527806531188056,0.5651863688744982,0.8020883924235066,8236.0,0.0,0.0
2027.0,0.24611461874696455,1630.0,0.7519306232149936,0.8016096338802746,0.19791160757649345,1.5,0.2,4579.0,0.555973773676542,0.9894995898277277,0.7322729480330258,6031.0,6031.0,0.9415920220469723,1.0,1.0,1.0,0.11049908326857093,0.9,6095.0,0.9415920222214289,2141.0,0.7400437105390967,0.5527806531188056,0.5651863688744982,0.8020883924235066,8236.0,0.0,0.0
0.0,0.0,3630.0,0.63773752537913,0.6802109436351348,0.4407479358912093,1.5,0.3,4606.0,0.5592520641087907,0.9117309269893356,0.674720738222438,5557.0,5557.0,0.8138165147530674,0.9968993570602172,0.6717442815716006,1.0,0.11049908326857093,0.9,6095.0,0.8138165155896498,2141.0,0.7400437105390967,0.5212350946093869,0.5651863688744982,0.5592520641087907,8236.0,0.0,0.0
0.0,0.0,3630.0,0.63773752537913,0.6802109436351348,0.4407479358912093,1.5,0.5,4606.0,0.5592520641087907,0.9117309269893356,0.674720738222438,5557.0,5557.0,0.8138165147530674,0.9968993570602172,0.6717442815716006,1.0,0.11049908326857093,0.9,6095.0,0.8138165155896498,2141.0,0.7400437105390967,0.5212350946093869,0.5651863688744982,0.5592520641087907,8236.0,0.0,0.0
0.0,0.0,3630.0,0.63773752537913,0.6802109436351348,0.4407479358912093,1.5,1.0,4606.0,0.5592520641087907,0.9117309269893356,0.674720738222438,5557.0,5557.0,0.8138165147530674,0.9968993570602172,0.6717442815716006,1.0,0.11049908326857093,0.9,6095.0,0.8138165155896498,2141.0,0.7400437105390967,0.5212350946093869,0.5651863688744982,0.5592520641087907,8236.0,0.0,0.0
5611.0,0.6812773190869355,139.0,0.8152518189786999,0.878210295880882,0.016877124817872752,1.5,0.0,2486.0,0.3018455560951918,1.0,0.7400437105390967,6095.0,6095.0,0.996271693803836,1.0,1.0,1.0,0.23678634824410702,0.92,6095.0,0.996271693803836,2141.0,0.7400437105390967,0.5645535424501456,0.5651863688744982,0.9831228751821273,8236.0,0.0,0.0
2891.0,0.3510199125789218,883.0,0.8189858941629007,0.8656115532038005,0.10721223895094706,1.5,0.025,4462.0,0.5417678484701312,0.9968826907301066,0.7377367654201068,6076.0,6076.0,0.9768518827788963,1.0,1.0,1.0,0.23678634824410702,0.92,6095.0,0.9768518827788963,2141.0,0.7400437105390967,0.5607253291393516,0.5651863688744982,0.8927877610490529,8236.0,0.0,0.0
2272.0,0.27586206896551724,1405.0,0.7841536817548952,0.8304209049017449,0.1705925206410879,1.5,0.05,4559.0,0.5535454103933949,0.9931091058244462,0.7349441476444876,6053.0,6053.0,0.9556753719513192,1.0,1.0,1.0,0.23678634824410702,0.92,6095.0,0.9556753720726004,2141.0,0.7400437105390967,0.5561598771211252,0.5651863688744982,0.8294074793589121,8236.0,0.0,0.0
2027.0,0.24611461874696455,1594.0,0.7815368018880561,0.8275248261040689,0.19354055366682857,1.5,0.075,4615.0,0.5603448275862069,0.9911402789171452,0.7334871296745993,6041.0,6041.0,0.9493712171235356,1.0,1.0,1.0,0.23678634824410702,0.92,6095.0,0.949371217245058,2141.0,0.7400437105390967,0.5546927342304072,0.5651863688744982,0.8064594463331715,8236.0,0.0,0.0
2027.0,0.24611461874696455,1594.0,0.7815368018880561,0.8275248261040689,0.19354055366682857,1.5,0.1,4615.0,0.5603448275862069,0.9911402789171452,0.7334871296745993,6041.0,6041.0,0.9493712171235356,1.0,1.0,1.0,0.23678634824410702,0.92,6095.0,0.949371217245058,2141.0,0.7400437105390967,0.5546927342304072,0.5651863688744982,0.8064594463331715,8236.0,0.0,0.0
2027.0,0.24611461874696455,1594.0,0.7815368018880561,0.8275248261040689,0.19354055366682857,1.5,0.15,4615.0,0.5603448275862069,0.9911402789171452,0.7334871296745993,6041.0,6041.0,0.9493712171235356,1.0,1.0,1.0,0.23678634824410702,0.92,6095.0,0.949371217245058,2141.0,0.7400437105390967,0.5546927342304072,0.5651863688744982,0.8064594463331715,8236.0,0.0,0.0
899.0,0.10915492957746478,2698.0,0.7035722063538875,0.7599920281013658,0.3275862068965517,1.5,0.2,4639.0,0.5632588635259835,0.9583264971287941,0.7092034968431278,5841.0,5841.0,0.8858136388112048,1.0,0.8336324925397577,1.0,0.23678634824410702,0.92,6095.0,0.885813639172757,2141.0,0.7400437105390967,0.5407457391975585,0.5651863688744982,0.6724137931034483,8236.0,0.0,0.0
0.0,0.0,3592.0,0.6692964835937337,0.7164753107293027,0.4361340456532297,1.5,0.3,4644.0,0.5638659543467702,0.9266611977030352,0.6857697911607576,5648.0,5648.0,0.8293199804666668,0.996047787932407,0.7071611324921812,1.0,0.23678634824410702,0.92,6095.0,0.8293199811796955,2141.0,0.7400437105390967,0.5278007234400877,0.5651863688744982,0.5638659543467702,8236.0,0.0,0.0
0.0,0.0,3592.0,0.6692964835937337,0.7164753107293027,0.4361340456532297,1.5,0.5,4644.0,0.5638659543467702,0.9266611977030352,0.6857697911607576,5648.0,5648.0,0.8293199804666668,0.996047787932407,0.7071611324921812,1.0,0.23678634824410702,0.92,6095.0,0.8293199811796955,2141.0,0.7400437105390967,0.5278007234400877,0.5651863688744982,0.5638659543467702,8236.0,0.0,0.0
0.0,0.0,3592.0,0.6692964835937337,0.7164753107293027,0.4361340456532297,1.5,1.0,4644.0,0.5638659543467702,0.9266611977030352,0.6857697911607576,5648.0,5648.0,0.8293199804666668,0.996047787932407,0.7071611324921812,1.0,0.23678634824410702,0.92,6095.0,0.8293199811796955,2141.0,0.7400437105390967,0.5278007234400877,0.5651863688744982,0.5638659543467702,8236.0,0.0,0.0
4547.0,0.5520883924235066,446.0,0.8504915066509662,0.8899302664048666,0.05415250121418164,1.5,0.0,3243.0,0.3937591063623118,1.0,0.7400437105390967,6095.0,6095.0,0.9899182951982849,1.0,1.0,1.0,0.5206390837766061,0.95,6095.0,0.9899182954772594,2141.0,0.7400437105390967,0.5633313658417733,0.5651863688744982,0.9458474987858183,8236.0,0.0,0.0
2392.0,0.2904322486644002,1237.0,0.854695409846568,0.8921172013642669,0.15019426906265176,1.5,0.025,4607.0,0.559373482272948,0.9968826907301066,0.7377367654201068,6076.0,6076.0,0.9733114018085532,1.0,1.0,1.0,0.5206390837766061,0.95,6095.0,0.9733114023065549,2141.0,0.7400437105390967,0.5601062673954961,0.5651863688744982,0.8498057309373482,8236.0,0.0,0.0
2027.0,0.24611461874696455,1502.0,0.8518614109054526,0.8911873254793388,0.18237008256435164,1.5,0.05,4707.0,0.5715152986886838,0.9949138638228056,0.7362797474502185,6064.0,6064.0,0.9671671728655885,1.0,1.0,1.0,0.5206390837766061,0.95,6095.0,0.9671671734462207,2141.0,0.7400437105390967,0.558940658532693,0.5651863688744982,0.8176299174356484,8236.0,0.0,0.0
2027.0,0.24611461874696455,1502.0,0.8518614109054526,0.8911873254793388,0.18237008256435164,1.5,0.075,4707.0,0.5715152986886838,0.9949138638228056,0.7362797474502185,6064.0,6064.0,0.9671671728655885,1.0,1.0,1.0,0.5206390837766061,0.95,6095.0,0.9671671734462207,2141.0,0.7400437105390967,0.558940658532693,0.5651863688744982,0.8176299174356484,8236.0,0.0,0.0
955.0,0.11595434677027683,2550.0,0.7805549591841362,0.8370882181804096,0.30961631860126276,1.5,0.1,4731.0,0.5744293346284605,0.9796554552912223,0.7249878581835842,5971.0,5971.0,0.9173084337907061,1.0,0.895332698118668,1.0,0.5206390837766061,0.95,6095.0,0.9173084356775069,2141.0,0.7400437105390967,0.5504615329717346,0.5651863688744982,0.6903836813987373,8236.0,0.0,0.0
0.0,0.0,3498.0,0.7531750175488507,0.8096713389425898,0.42472073822243805,1.5,0.15,4738.0,0.575279261777562,0.9602953240360952,0.7106605148130161,5853.0,5853.0,0.8718011367415868,0.9888177536316235,0.80151988502268,1.0,0.5206390837766061,0.95,6095.0,0.8718011396346059,2141.0,0.7400437105390967,0.5424875149904874,0.5651863688744982,0.575279261777562,8236.0,0.0,0.0
0.0,0.0,3498.0,0.7531750175488507,0.8096713389425898,0.42472073822243805,1.5,0.2,4738.0,0.575279261777562,0.9602953240360952,0.7106605148130161,5853.0,5853.0,0.8718011367415868,0.9888177536316235,0.80151988502268,1.0,0.5206390837766061,0.95,6095.0,0.8718011396346059,2141.0,0.7400437105390967,0.5424875149904874,0.5651863688744982,0.575279261777562,8236.0,0.0,0.0
0.0,0.0,3498.0,0.7531750175488507,0.8096713389425898,0.42472073822243805,1.5,0.3,4738.0,0.575279261777562,0.9602953240360952,0.7106605148130161,5853.0,5853.0,0.8718011367415868,0.9888177536316235,0.80151988502268,1.0,0.5206390837766061,0.95,6095.0,0.8718011396346059,2141.0,0.7400437105390967,0.5424875149904874,0.5651863688744982,0.575279261777562,8236.0,0.0,0.0
0.0,0.0,3498.0,0.7531750175488507,0.8096713389425898,0.42472073822243805,1.5,0.5,4738.0,0.575279261777562,0.9602953240360952,0.7106605148130161,5853.0,5853.0,0.8718011367415868,0.9888177536316235,0.80151988502268,1.0,0.5206390837766061,0.95,6095.0,0.8718011396346059,2141.0,0.7400437105390967,0.5424875149904874,0.5651863688744982,0.575279261777562,8236.0,0.0,0.0
0.0,0.0,3498.0,0.7531750175488507,0.8096713389425898,0.42472073822243805,1.5,1.0,4738.0,0.575279261777562,0.9602953240360952,0.7106605148130161,5853.0,5853.0,0.8718011367415868,0.9888177536316235,0.80151988502268,1.0,0.5206390837766061,0.95,6095.0,0.8718011396346059,2141.0,0.7400437105390967,0.5424875149904874,0.5651863688744982,0.575279261777562,8236.0,0.0,0.0
2913.0,0.3536911121903837,991.0,0.9064168825429599,0.9380150551687451,0.12032540067994171,1.5,0.0,4332.0,0.5259834871296746,1.0,0.7400437105390967,6095.0,6095.0,0.9860124331413677,1.0,1.0,1.0,0.7153709743187471,0.975,6095.0,0.9860124340324368,2141.0,0.7400437105390967,0.562904432949026,0.5651863688744982,0.8796745993200583,8236.0,0.0,0.0
2116.0,0.2569208353569694,1363.0,0.9073416702314366,0.9393923602968293,0.16549295774647887,1.5,0.025,4757.0,0.5775862068965517,0.9986874487284659,0.7390723652258377,6087.0,6087.0,0.9809568637193243,1.0,1.0,1.0,0.7153709743187471,0.975,6095.0,0.9809568648104363,2141.0,0.7400437105390967,0.5621175050218641,0.5651863688744982,0.8345070422535211,8236.0,0.0,0.0
899.0,0.10915492957746478,2533.0,0.8518542041753859,0.905794021727037,0.3075522098105877,1.5,0.05,4804.0,0.5832928606119475,0.992616899097621,0.7345798931520156,6050.0,6050.0,0.9430434510598261,1.0,0.9368310550917611,1.0,0.7153709743187471,0.975,6095.0,0.9430434593103062,2141.0,0.7400437105390967,0.5570512310004195,0.5651863688744982,0.6924477901894124,8236.0,0.0,0.0
0.0,0.0,3424.0,0.8307724128631703,0.8877319025247642,0.4157357940747936,1.5,0.075,4812.0,0.5842642059252064,0.9840853158326497,0.7282661486158329,5998.0,5998.0,0.9117183861035111,0.9943453735080612,0.8823134169549457,1.0,0.7153709743187471,0.975,6095.0,0.911718394985439,2141.0,0.7400437105390967,0.5525733737859737,0.5651863688744982,0.5842642059252064,8236.0,0.0,0.0
0.0,0.0,3424.0,0.8307724128631703,0.8877319025247642,0.4157357940747936,1.5,0.1,4812.0,0.5842642059252064,0.9840853158326497,0.7282661486158329,5998.0,5998.0,0.9117183861035111,0.9943453735080612,0.8823134169549457,1.0,0.7153709743187471,0.975,6095.0,0.911718394985439,2141.0,0.7400437105390967,0.5525733737859737,0.5651863688744982,0.5842642059252064,8236.0,0.0,0.0
0.0,0.0,3424.0,0.8307724128631703,0.8877319025247642,0.4157357940747936,1.5,0.15,4812.0,0.5842642059252064,0.9840853158326497,0.7282661486158329,5998.0,5998.0,0.9117183861035111,0.9943453735080612,0.8823134169549457,1.0,0.7153709743187471,0.975,6095.0,0.911718394985439,2141.0,0.7400437105390967,0.5525733737859737,0.5651863688744982,0.5842642059252064,8236.0,0.0,0.0
0.0,0.0,3424.0,0.8307724128631703,0.8877319025247642,0.4157357940747936,1.5,0.2,4812.0,0.5842642059252064,0.9840853158326497,0.7282661486158329,5998.0,5998.0,0.9117183861035111,0.9943453735080612,0.8823134169549457,1.0,0.7153709743187471,0.975,6095.0,0.911718394985439,2141.0,0.7400437105390967,0.5525733737859737,0.5651863688744982,0.5842642059252064,8236.0,0.0,0.0
0.0,0.0,3424.0,0.8307724128631703,0.8877319025247642,0.4157357940747936,1.5,0.3,4812.0,0.5842642059252064,0.9840853158326497,0.7282661486158329,5998.0,5998.0,0.9117183861035111,0.9943453735080612,0.8823134169549457,1.0,0.7153709743187471,0.975,6095.0,0.911718394985439,2141.0,0.7400437105390967,0.5525733737859737,0.5651863688744982,0.5842642059252064,8236.0,0.0,0.0
0.0,0.0,3424.0,0.8307724128631703,0.8877319025247642,0.4157357940747936,1.5,0.5,4812.0,0.5842642059252064,0.9840853158326497,0.7282661486158329,5998.0,5998.0,0.9117183861035111,0.9943453735080612,0.8823134169549457,1.0,0.7153709743187471,0.975,6095.0,0.911718394985439,2141.0,0.7400437105390967,0.5525733737859737,0.5651863688744982,0.5842642059252064,8236.0,0.0,0.0
0.0,0.0,3424.0,0.8307724128631703,0.8877319025247642,0.4157357940747936,1.5,1.0,4812.0,0.5842642059252064,0.9840853158326497,0.7282661486158329,5998.0,5998.0,0.9117183861035111,0.9943453735080612,0.8823134169549457,1.0,0.7153709743187471,0.975,6095.0,0.911718394985439,2141.0,0.7400437105390967,0.5525733737859737,0.5651863688744982,0.5842642059252064,8236.0,0.0,0.0
8236.0,1.0,0.0,nan,nan,0.0,2.0,0.0,0.0,0.0,1.0,0.7400437105390967,6095.0,6095.0,1.0,1.0,1.0,1.0,-7.818812131881714,0.5,6095.0,1.0,2141.0,0.7400437105390967,0.5651863688744982,0.5651863688744982,1.0,8236.0,0.0,0.0
8236.0,1.0,0.0,nan,nan,0.0,2.0,0.025,0.0,0.0,1.0,0.7400437105390967,6095.0,6095.0,1.0,1.0,1.0,1.0,-7.818812131881714,0.5,6095.0,1.0,2141.0,0.7400437105390967,0.5651863688744982,0.5651863688744982,1.0,8236.0,0.0,0.0
7672.0,0.9315201554152501,188.0,0.7965285400395163,0.857917383534008,0.022826614861583293,2.0,0.05,376.0,0.045653229723166586,0.9975389663658737,0.7382224380767363,6080.0,6080.0,0.9973896753491912,1.0,1.0,1.0,-7.818812131881714,0.5,6095.0,0.9973896754299519,2141.0,0.7400437105390967,0.5643082880322748,0.5651863688744982,0.9771733851384167,8236.0,0.0,0.0
5425.0,0.6586935405536668,1120.0,0.7357524616854638,0.8090678750979611,0.1359883438562409,2.0,0.075,1691.0,0.20531811559009228,0.9850697292863002,0.7289946576007771,6004.0,6004.0,0.9775979352095105,1.0,1.0,1.0,-7.818812131881714,0.5,6095.0,0.9775979354306435,2141.0,0.7400437105390967,0.5585931969898991,0.5651863688744982,0.8640116561437591,8236.0,0.0,0.0
4947.0,0.6006556580864497,1314.0,0.7381731583653323,0.8139662524113772,0.15954346770276834,2.0,0.1,1975.0,0.23980087421078194,0.9816242821985234,0.7264448761534725,5983.0,5983.0,0.9743993477592712,1.0,1.0,1.0,-7.818812131881714,0.5,6095.0,0.9743993479811803,2141.0,0.7400437105390967,0.5574927959238116,0.5651863688744982,0.8404565322972317,8236.0,0.0,0.0
4565.0,0.554273919378339,1634.0,0.7260309037464444,0.7927334245440161,0.19839728023312286,2.0,0.15,2037.0,0.24732880038853813,0.9762100082034455,0.7224380767362798,5950.0,5950.0,0.9644530853264294,1.0,1.0,1.0,-7.818812131881714,0.5,6095.0,0.9644530856016406,2141.0,0.7400437105390967,0.5543686588837197,0.5651863688744982,0.8016027197668771,8236.0,0.0,0.0
4294.0,0.521369596891695,1875.0,0.7200710127287094,0.7850025990716283,0.22765905779504614,2.0,0.2,2067.0,0.2509713453132589,0.9712879409351928,0.718795531811559,5920.0,5920.0,0.9567812340598042,1.0,1.0,1.0,-7.818812131881714,0.5,6095.0,0.9567812343652136,2141.0,0.7400437105390967,0.5522057056569573,0.5651863688744982,0.7723409422049539,8236.0,0.0,0.0
3750.0,0.4553181155900923,2409.0,0.6873053414174595,0.7464859601715106,0.2924963574550753,2.0,0.3,2077.0,0.25218552695483243,0.9527481542247744,0.7050752792617776,5807.0,5807.0,0.9336594077193577,1.0,1.0,1.0,-7.818812131881714,0.5,6095.0,0.9336594081122526,2141.0,0.7400437105390967,0.542624641329415,0.5651863688744982,0.7075036425449247,8236.0,0.0,0.0
3230.0,0.39218067022826614,2920.0,0.6633053317469159,0.7137433153460202,0.35454103933948516,2.0,0.5,2086.0,0.25327829043224864,0.92616899097621,0.6854055366682856,5645.0,5645.0,0.9107714395559585,1.0,0.9881462946276708,1.0,-7.818812131881714,0.5,6095.0,0.9107714399704369,2141.0,0.7400437105390967,0.5293369348269442,0.5651863688744982,0.6454589606605148,8236.0,0.0,0.0
0.0,0.0,6150.0,0.6133263626691352,0.6713204209872494,0.7467217095677513,2.0,1.0,2086.0,0.25327829043224864,0.5086136177194421,0.3763963088878096,3100.0,3100.0,0.7556472078931729,0.8566323774748666,0.5924972015343999,1.0,-7.818812131881714,0.5,6095.0,0.7556472087198421,2141.0,0.7400437105390967,0.3070550095621122,0.5651863688744982,0.25327829043224864,8236.0,0.0,0.0
7672.0,0.9315201554152501,33.0,0.7730136720744655,0.8873017694313908,0.004006799417192812,2.0,0.0,531.0,0.06447304516755707,1.0,0.7400437105390967,6095.0,6095.0,0.9992179306174839,1.0,1.0,1.0,-4.104241878028896,0.6,6095.0,0.9992179306174839,2141.0,0.7400437105390967,0.5651012224682588,0.5651863688744982,0.9959932005828072,8236.0,0.0,0.0
4825.0,0.5858426420592521,370.0,0.7826485613953156,0.8609125934075172,0.044924720738222436,2.0,0.025,3041.0,0.36923263720252547,0.9965545529122232,0.7374939290917921,6074.0,6074.0,0.9928432190120289,1.0,1.0,1.0,-4.104241878028896,0.6,6095.0,0.9928432190628385,2141.0,0.7400437105390967,0.5636965246976017,0.5651863688744982,0.9550752792617776,8236.0,0.0,0.0
4689.0,0.5693297717338514,435.0,0.785388591963969,0.8604773883063876,0.0528169014084507,2.0,0.05,3112.0,0.3778533268576979,0.9960623461853979,0.7371296745993201,6071.0,6071.0,0.9913745373808612,1.0,1.0,1.0,-4.104241878028896,0.6,6095.0,0.9913745374974094,2141.0,0.7400437105390967,0.5633521937254709,0.5651863688744982,0.9471830985915493,8236.0,0.0,0.0
4294.0,0.521369596891695,590.0,0.7928647475011774,0.867480706858025,0.07163671685284119,2.0,0.075,3352.0,0.40699368625546384,0.9934372436423298,0.7351869839728024,6055.0,6055.0,0.9881979088171605,1.0,1.0,1.0,-4.104241878028896,0.6,6095.0,0.9881979089635295,2141.0,0.7400437105390967,0.5624534438234859,0.5651863688744982,0.9283632831471588,8236.0,0.0,0.0
4294.0,0.521369596891695,590.0,0.7928647475011774,0.867480706858025,0.07163671685284119,2.0,0.1,3352.0,0.40699368625546384,0.9934372436423298,0.7351869839728024,6055.0,6055.0,0.9881979088171605,1.0,1.0,1.0,-4.104241878028896,0.6,6095.0,0.9881979089635295,2141.0,0.7400437105390967,0.5624534438234859,0.5651863688744982,0.9283632831471588,8236.0,0.0,0.0
3758.0,0.45628946090335115,988.0,0.7509431106516443,0.8237340234929422,0.11996114618746964,2.0,0.15,3490.0,0.42374939290917923,0.985233798195242,0.7291160757649344,6005.0,6005.0,0.9738708009509635,1.0,1.0,1.0,-4.104241878028896,0.6,6095.0,0.9738708011574843,2141.0,0.7400437105390967,0.557781878691183,0.5651863688744982,0.8800388538125303,8236.0,0.0,0.0
3458.0,0.41986401165614373,1211.0,0.7466640865308161,0.821988727154278,0.14703739679456046,2.0,0.2,3567.0,0.43309859154929575,0.9791632485643971,0.7246236036911122,5968.0,5968.0,0.9670170903542968,1.0,1.0,1.0,-4.104241878028896,0.6,6095.0,0.9670170905643344,2141.0,0.7400437105390967,0.5550991906458483,0.5651863688744982,0.8529626032054395,8236.0,0.0,0.0
3353.0,0.4071151044196212,1306.0,0.7407957019515823,0.8193420571811882,0.15857212238950946,2.0,0.3,3577.0,0.43431277319086936,0.9747333880229696,0.7213453132588635,5941.0,5941.0,0.9637000545402653,1.0,1.0,1.0,-4.104241878028896,0.6,6095.0,0.9637000547512574,2141.0,0.7400437105390967,0.5529122310926068,0.5651863688744982,0.8414278776104905,8236.0,0.0,0.0
2727.0,0.3311073336571151,1885.0,0.7015430279822116,0.7933184536325782,0.22887323943661972,2.0,0.5,3624.0,0.44001942690626517,0.9433962264150944,0.6981544439048082,5750.0,5750.0,0.9400490777946878,1.0,1.0,1.0,-4.104241878028896,0.6,6095.0,0.9400490781053087,2141.0,0.7400437105390967,0.5380760057419296,0.5651863688744982,0.7711267605633803,8236.0,0.0,0.0
0.0,0.0,4604.0,0.6326322806074752,0.7230093840130067,0.559009227780476,2.0,1.0,3632.0,0.44099077221952404,0.6085315832649713,0.4503399708596406,3709.0,3709.0,0.8334018592563422,1.0,0.7638537172676266,1.0,-4.104241878028896,0.6,6095.0,0.8334018602278304,2141.0,0.7400437105390967,0.37547970683524456,0.5651863688744982,0.44099077221952404,8236.0,0.0,0.0
6580.0,0.7989315201554152,57.0,0.8789433223704579,0.9408044185095329,0.006920835356969403,2.0,0.0,1599.0,0.19414764448761535,1.0,0.7400437105390967,6095.0,6095.0,0.9992452577932858,1.0,1.0,1.0,-2.039762541209589,0.7,6095.0,0.9992452577932858,2141.0,0.7400437105390967,0.5650742007333608,0.5651863688744982,0.9930791646430306,8236.0,0.0,0.0
4294.0,0.521369596891695,231.0,0.826451529083586,0.9159302952519928,0.028047595920349683,2.0,0.025,3711.0,0.4505828071879553,0.9981952420016407,0.7387081107333657,6084.0,6084.0,0.9956356153763622,1.0,1.0,1.0,-2.039762541209589,0.7,6095.0,0.9956356153763622,2141.0,0.7400437105390967,0.5643301993902637,0.5651863688744982,0.9719524040796503,8236.0,0.0,0.0
3871.0,0.4700097134531326,455.0,0.7855578448568837,0.8740063305797467,0.055245264691597865,2.0,0.05,3910.0,0.47474502185526957,0.9957342083675144,0.7368868382710053,6069.0,6069.0,0.9881631039754583,1.0,1.0,1.0,-2.039762541209589,0.7,6095.0,0.9881631040109686,2141.0,0.7400437105390967,0.562384763895876,0.5651863688744982,0.9447547353084021,8236.0,0.0,0.0
3458.0,0.41986401165614373,658.0,0.7758650911432525,0.878164584414812,0.07989315201554152,2.0,0.075,4120.0,0.5002428363283147,0.9927809680065628,0.7347013113161729,6051.0,6051.0,0.9815165560205724,1.0,1.0,1.0,-2.039762541209589,0.7,6095.0,0.9815165560586678,2141.0,0.7400437105390967,0.5606950710113426,0.5651863688744982,0.9201068479844585,8236.0,0.0,0.0
3458.0,0.41986401165614373,658.0,0.7758650911432525,0.878164584414812,0.07989315201554152,2.0,0.1,4120.0,0.5002428363283147,0.9927809680065628,0.7347013113161729,6051.0,6051.0,0.9815165560205724,1.0,1.0,1.0,-2.039762541209589,0.7,6095.0,0.9815165560586678,2141.0,0.7400437105390967,0.5606950710113426,0.5651863688744982,0.9201068479844585,8236.0,0.0,0.0
3353.0,0.4071151044196212,737.0,0.7652481824921626,0.8629762876452196,0.0894851869839728,2.0,0.15,4146.0,0.503399708596406,0.9906480721903199,0.7331228751821273,6038.0,6038.0,0.9783832377385959,1.0,1.0,1.0,-2.039762541209589,0.7,6095.0,0.9783832377854269,2141.0,0.7400437105390967,0.5594247113000184,0.5651863688744982,0.9105148130160272,8236.0,0.0,0.0
2966.0,0.36012627489072363,1037.0,0.7255326509650031,0.8191453184627113,0.12591063623118018,2.0,0.2,4233.0,0.5139630888780962,0.9816242821985234,0.7264448761534725,5983.0,5983.0,0.9644013600449345,1.0,1.0,1.0,-2.039762541209589,0.7,6095.0,0.9644013601065531,2141.0,0.7400437105390967,0.5542460257108199,0.5651863688744982,0.8740893637688198,8236.0,0.0,0.0
2638.0,0.32030111704711023,1303.0,0.7044860286220652,0.8067168398513643,0.1582078678970374,2.0,0.3,4295.0,0.5214910150558524,0.9699753896636587,0.7178241864983002,5912.0,5912.0,0.9526637802951785,1.0,1.0,1.0,-2.039762541209589,0.7,6095.0,0.9526637803618282,2141.0,0.7400437105390967,0.5484453486513157,0.5651863688744982,0.8417921321029626,8236.0,0.0,0.0
2027.0,0.24611461874696455,1870.0,0.6554046785024626,0.7333051737494525,0.22705196697425936,2.0,0.5,4339.0,0.5268334142787761,0.9358490566037736,0.6925692083535697,5704.0,5704.0,0.9234568246252842,1.0,1.0,1.0,-2.039762541209589,0.7,6095.0,0.9234568247536014,2141.0,0.7400437105390967,0.5303189991522432,0.5651863688744982,0.7729480330257407,8236.0,0.0,0.0
0.0,0.0,3885.0,0.5913392493011776,0.6365472049639403,0.4717095677513356,2.0,1.0,4351.0,0.5282904322486645,0.7091058244462675,0.524769305488101,4322.0,4322.0,0.8289524993025984,1.0,0.7554442007321246,1.0,-2.039762541209589,0.7,6095.0,0.8289525003769086,2141.0,0.7400437105390967,0.4400735495141929,0.5651863688744982,0.5282904322486645,8236.0,0.0,0.0
5562.0,0.6753278290432249,111.0,0.7967443905941075,0.8794827435290353,0.013477416221466731,2.0,0.0,2563.0,0.3111947547353084,1.0,0.7400437105390967,6095.0,6095.0,0.9967985990971344,1.0,1.0,1.0,-0.9482407616171235,0.8,6095.0,0.9967985991131039,2141.0,0.7400437105390967,0.5646379789546049,0.5651863688744982,0.9865225837785333,8236.0,0.0,0.0
3743.0,0.4544681884409908,324.0,0.7994904892399589,0.8999116249714049,0.03933948518698397,2.0,0.025,4169.0,0.5061923263720253,0.9983593109105825,0.7388295288975231,6085.0,6085.0,0.9910042569535759,1.0,1.0,1.0,-0.9482407616171235,0.8,6095.0,0.9910042571068769,2141.0,0.7400437105390967,0.5634607234374029,0.5651863688744982,0.9606605148130161,8236.0,0.0,0.0
3458.0,0.41986401165614373,434.0,0.8046792783532232,0.8898957779834571,0.052695483244293344,2.0,0.05,4344.0,0.5274405050995629,0.9972108285479901,0.7379796017484216,6078.0,6078.0,0.9881740662115804,1.0,1.0,1.0,-0.9482407616171235,0.8,6095.0,0.9881740663650581,2141.0,0.7400437105390967,0.562750675064025,0.5651863688744982,0.9473045167557067,8236.0,0.0,0.0
3234.0,0.3926663428848956,583.0,0.7631774747668283,0.8599054409173954,0.07078678970373968,2.0,0.075,4419.0,0.5365468674113647,0.9952420016406891,0.7365225837785333,6066.0,6066.0,0.9806747197510023,1.0,1.0,1.0,-0.9482407616171235,0.8,6095.0,0.9806747200136029,2141.0,0.7400437105390967,0.5607547361297625,0.5651863688744982,0.9292132102962604,8236.0,0.0,0.0
3111.0,0.37773190869354056,662.0,0.7583238954288081,0.8510763102077177,0.08037882467217096,2.0,0.1,4463.0,0.5418892666342885,0.9936013125512715,0.7353084021369597,6056.0,6056.0,0.9775324229072686,1.0,1.0,1.0,-0.9482407616171235,0.8,6095.0,0.9775324232900674,2141.0,0.7400437105390967,0.5598146322170479,0.5651863688744982,0.919621175327829,8236.0,0.0,0.0
2545.0,0.30900922778047596,1061.0,0.7093228251203829,0.7793764989570493,0.12882467217095678,2.0,0.15,4630.0,0.5621661000485673,0.983921246923708,0.7281447304516756,5997.0,5997.0,0.957588372849814,1.0,1.0,1.0,-0.9482407616171235,0.8,6095.0,0.957588373249328,2141.0,0.7400437105390967,0.5534906567077559,0.5651863688744982,0.8711753278290433,8236.0,0.0,0.0
2164.0,0.2627489072365226,1383.0,0.6721234714214827,0.7313249550110605,0.16792132102962604,2.0,0.2,4689.0,0.5693297717338514,0.9735849056603774,0.720495386109762,5934.0,5934.0,0.9382814151630934,1.0,1.0,1.0,-0.9482407616171235,0.8,6095.0,0.938281415566849,2141.0,0.7400437105390967,0.546428556239401,0.5651863688744982,0.832078678970374,8236.0,0.0,0.0
2027.0,0.24611461874696455,1501.0,0.662607923977949,0.7176962737161166,0.18224866440019427,2.0,0.3,4708.0,0.5716367168528412,0.9693191140278917,0.7173385138416707,5908.0,5908.0,0.9315279114505011,1.0,1.0,1.0,-0.9482407616171235,0.8,6095.0,0.9315279118560335,2141.0,0.7400437105390967,0.5437667559384483,0.5651863688744982,0.8177513355998057,8236.0,0.0,0.0
1040.0,0.12627489072365225,2468.0,0.5991107466746342,0.6326175769555897,0.2996600291403594,2.0,0.5,4728.0,0.5740650801359883,0.8951599671862183,0.662457503642545,5456.0,5456.0,0.8770733649535672,1.0,0.9214047202642123,1.0,-0.9482407616171235,0.8,6095.0,0.877073365514305,2141.0,0.7400437105390967,0.5153949137512761,0.5651863688744982,0.7003399708596406,8236.0,0.0,0.0
0.0,0.0,3488.0,0.567864999997278,0.5904369421301383,0.4235065565808645,2.0,1.0,4748.0,0.5764934434191356,0.8096800656275636,0.5991986401165614,4935.0,4935.0,0.8138360668681283,1.0,0.6755225514227594,1.0,-0.9482407616171235,0.8,6095.0,0.8138360678167541,2141.0,0.7400437105390967,0.48582339050619683,0.5651863688744982,0.5764934434191356,8236.0,0.0,0.0
5562.0,0.6753278290432249,90.0,0.8159343746042725,0.8687764490958654,0.010927634774162214,2.0,0.0,2584.0,0.31374453618261294,1.0,0.7400437105390967,6095.0,6095.0,0.9976746426324083,1.0,1.0,1.0,-0.5477151722972522,0.85,6095.0,0.9976746426324083,2141.0,0.7400437105390967,0.564779660987267,0.5651863688744982,0.9890723652258377,8236.0,0.0,0.0
3458.0,0.41986401165614373,375.0,0.8182889645548144,0.890666931593163,0.045531811559009226,2.0,0.025,4403.0,0.5346041767848471,0.998031173092699,0.7385866925692084,6083.0,6083.0,0.9905007218031285,1.0,1.0,1.0,-0.5477151722972522,0.85,6095.0,0.9905007222145672,2141.0,0.7400437105390967,0.5633692206863133,0.5651863688744982,0.9544681884409908,8236.0,0.0,0.0
3234.0,0.3926663428848956,514.0,0.7796973357145573,0.8557364529701843,0.06240893637688198,2.0,0.05,4488.0,0.5449247207382224,0.9968826907301066,0.7377367654201068,6076.0,6076.0,0.9840102904954113,1.0,1.0,1.0,-0.5477151722972522,0.85,6095.0,0.9840102909148709,2141.0,0.7400437105390967,0.56181928461488,0.5651863688744982,0.9375910636231181,8236.0,0.0,0.0
2727.0,0.3311073336571151,822.0,0.7454104681207484,0.8093974840745011,0.09980573093734822,2.0,0.075,4687.0,0.5690869354055367,0.9927809680065628,0.7347013113161729,6051.0,6051.0,0.9700433404895015,1.0,1.0,1.0,-0.5477151722972522,0.85,6095.0,0.9700433412805729,2141.0,0.7400437105390967,0.5586220847283926,0.5651863688744982,0.9001942690626518,8236.0,0.0,0.0
2638.0,0.32030111704711023,891.0,0.7345116571141349,0.7987614508519667,0.10818358426420592,2.0,0.1,4707.0,0.5715152986886838,0.9916324856439704,0.7338513841670714,6044.0,6044.0,0.9662648829688378,1.0,1.0,1.0,-0.5477151722972522,0.85,6095.0,0.9662648837608254,2141.0,0.7400437105390967,0.5574504673041355,0.5651863688744982,0.8918164157357941,8236.0,0.0,0.0
2027.0,0.24611461874696455,1399.0,0.6807975794879727,0.7363492616070215,0.16986401165614376,2.0,0.15,4810.0,0.5840213695968917,0.9814602132895817,0.7263234579893152,5982.0,5982.0,0.9368211859100234,1.0,1.0,1.0,-0.5477151722972522,0.85,6095.0,0.9368211867363984,2141.0,0.7400437105390967,0.5484617884769675,0.5651863688744982,0.8301359883438563,8236.0,0.0,0.0
2027.0,0.24611461874696455,1399.0,0.6807975794879727,0.7363492616070215,0.16986401165614376,2.0,0.2,4810.0,0.5840213695968917,0.9814602132895817,0.7263234579893152,5982.0,5982.0,0.9368211859100234,1.0,1.0,1.0,-0.5477151722972522,0.85,6095.0,0.9368211867363984,2141.0,0.7400437105390967,0.5484617884769675,0.5651863688744982,0.8301359883438563,8236.0,0.0,0.0
2027.0,0.24611461874696455,1399.0,0.6807975794879727,0.7363492616070215,0.16986401165614376,2.0,0.3,4810.0,0.5840213695968917,0.9814602132895817,0.7263234579893152,5982.0,5982.0,0.9368211859100234,1.0,1.0,1.0,-0.5477151722972522,0.85,6095.0,0.9368211867363984,2141.0,0.7400437105390967,0.5484617884769675,0.5651863688744982,0.8301359883438563,8236.0,0.0,0.0
0.0,0.0,3368.0,0.571985664281286,0.5947746642922616,0.40893637688198153,2.0,0.5,4868.0,0.5910636231180184,0.8621821164889254,0.638052452646916,5255.0,5255.0,0.809327961956706,1.0,0.6561580522495025,1.0,-0.5477151722972522,0.85,6095.0,0.8093279637314088,2141.0,0.7400437105390967,0.5027013458028844,0.5651863688744982,0.5910636231180184,8236.0,0.0,0.0
0.0,0.0,3368.0,0.571985664281286,0.5947746642922616,0.40893637688198153,2.0,1.0,4868.0,0.5910636231180184,0.8621821164889254,0.638052452646916,5255.0,5255.0,0.809327961956706,1.0,0.6561580522495025,1.0,-0.5477151722972522,0.85,6095.0,0.8093279637314088,2141.0,0.7400437105390967,0.5027013458028844,0.5651863688744982,0.5910636231180184,8236.0,0.0,0.0
4645.0,0.5639873725109277,229.0,0.818556503746154,0.8806049957508181,0.027804759592034968,2.0,0.0,3362.0,0.4082078678970374,1.0,0.7400437105390967,6095.0,6095.0,0.9937484603423612,1.0,1.0,1.0,-0.34069549028495844,0.88,6095.0,0.9937484606921172,2141.0,0.7400437105390967,0.5641290445379149,0.5651863688744982,0.972195240407965,8236.0,0.0,0.0
3234.0,0.3926663428848956,475.0,0.7902689381157801,0.8570831046604642,0.05767362797474502,2.0,0.025,4527.0,0.5496600291403594,0.9983593109105825,0.7388295288975231,6085.0,6085.0,0.9854549699071257,1.0,1.0,1.0,-0.34069549028495844,0.88,6095.0,0.9854549702574562,2141.0,0.7400437105390967,0.5623342144011644,0.5651863688744982,0.9423263720252549,8236.0,0.0,0.0
2835.0,0.34422049538610977,703.0,0.7644491549438928,0.8262738548411033,0.08535696940262263,2.0,0.05,4698.0,0.5704225352112676,0.9962264150943396,0.7372510927634774,6072.0,6072.0,0.9756380219540126,1.0,1.0,1.0,-0.34069549028495844,0.88,6095.0,0.9756380224215432,2141.0,0.7400437105390967,0.5602748832145162,0.5651863688744982,0.9146430305973774,8236.0,0.0,0.0
2346.0,0.28484701311316174,1075.0,0.7143207395847286,0.7739572654664529,0.1305245264691598,2.0,0.075,4815.0,0.5846284604176785,0.9914684167350287,0.7337299660029141,6043.0,6043.0,0.9548529383259003,1.0,1.0,1.0,-0.34069549028495844,0.88,6095.0,0.9548529388222006,2141.0,0.7400437105390967,0.5548272103568308,0.5651863688744982,0.8694754735308402,8236.0,0.0,0.0
2027.0,0.24611461874696455,1333.0,0.6977523012672693,0.7502270360758214,0.16185041282175813,2.0,0.1,4876.0,0.5920349684312773,0.9876948318293683,0.7309373482272948,6020.0,6020.0,0.941207299798002,1.0,1.0,1.0,-0.34069549028495844,0.88,6095.0,0.9412073002996542,2141.0,0.7400437105390967,0.5508781966124419,0.5651863688744982,0.8381495871782418,8236.0,0.0,0.0
2027.0,0.24611461874696455,1333.0,0.6977523012672693,0.7502270360758214,0.16185041282175813,2.0,0.15,4876.0,0.5920349684312773,0.9876948318293683,0.7309373482272948,6020.0,6020.0,0.941207299798002,1.0,1.0,1.0,-0.34069549028495844,0.88,6095.0,0.9412073002996542,2141.0,0.7400437105390967,0.5508781966124419,0.5651863688744982,0.8381495871782418,8236.0,0.0,0.0
2027.0,0.24611461874696455,1333.0,0.6977523012672693,0.7502270360758214,0.16185041282175813,2.0,0.2,4876.0,0.5920349684312773,0.9876948318293683,0.7309373482272948,6020.0,6020.0,0.941207299798002,1.0,1.0,1.0,-0.34069549028495844,0.88,6095.0,0.9412073002996542,2141.0,0.7400437105390967,0.5508781966124419,0.5651863688744982,0.8381495871782418,8236.0,0.0,0.0
1337.0,0.16233608547838757,1994.0,0.6378498122464683,0.6860433781687969,0.24210781932977174,2.0,0.3,4905.0,0.5955560951918407,0.9570139458572601,0.7082321515298688,5833.0,5833.0,0.8997304040421819,1.0,0.9657795911906223,1.0,-0.34069549028495844,0.88,6095.0,0.8997304049073572,2141.0,0.7400437105390967,0.5377281594872628,0.5651863688744982,0.7578921806702282,8236.0,0.0,0.0
0.0,0.0,3289.0,0.5864835623412944,0.6117149996401563,0.3993443419135503,2.0,0.5,4947.0,0.6006556580864497,0.8895816242821986,0.6583292860611948,5422.0,5422.0,0.8135286443977251,1.0,0.663156345151187,1.0,-0.34069549028495844,0.88,6095.0,0.8135286457275043,2141.0,0.7400437105390967,0.511442156524411,0.5651863688744982,0.6006556580864497,8236.0,0.0,0.0
0.0,0.0,3289.0,0.5864835623412944,0.6117149996401563,0.3993443419135503,2.0,1.0,4947.0,0.6006556580864497,0.8895816242821986,0.6583292860611948,5422.0,5422.0,0.8135286443977251,1.0,0.663156345151187,1.0,-0.34069549028495844,0.88,6095.0,0.8135286457275043,2141.0,0.7400437105390967,0.511442156524411,0.5651863688744982,0.6006556580864497,8236.0,0.0,0.0
4402.0,0.5344827586206896,303.0,0.7997284844896936,0.86194963486517,0.03678970373967946,2.0,0.0,3531.0,0.4287275376396309,1.0,0.7400437105390967,6095.0,6095.0,0.9908325261973133,1.0,1.0,1.0,-0.17004065660584688,0.9,6095.0,0.9908325264814093,2141.0,0.7400437105390967,0.5635386360234004,0.5651863688744982,0.9632102962603205,8236.0,0.0,0.0
3234.0,0.3926663428848956,444.0,0.8049816541929513,0.8669836176522595,0.053909664885866924,2.0,0.025,4558.0,0.5534239922292375,0.9988515176374078,0.7391937833899952,6088.0,6088.0,0.9872187385057469,1.0,1.0,1.0,-0.17004065660584688,0.9,6095.0,0.9872187387901696,2141.0,0.7400437105390967,0.5627575947908104,0.5651863688744982,0.9460903351141331,8236.0,0.0,0.0
2380.0,0.2889752306945119,1000.0,0.740368475253982,0.801629928446765,0.12141816415735794,2.0,0.05,4856.0,0.5896066051481301,0.9940935192780967,0.7356726566294317,6059.0,6059.0,0.9612630964894535,1.0,1.0,1.0,-0.17004065660584688,0.9,6095.0,0.961263097253132,2141.0,0.7400437105390967,0.5567174371550816,0.5651863688744982,0.878581835842642,8236.0,0.0,0.0
2027.0,0.24611461874696455,1283.0,0.7197872126841333,0.771479111732971,0.15577950461389023,2.0,0.075,4926.0,0.5981058766391452,0.9908121410992617,0.7332442933462846,6039.0,6039.0,0.9465929925152239,1.0,1.0,1.0,-0.17004065660584688,0.9,6095.0,0.9465929935086885,2141.0,0.7400437105390967,0.5528214204027476,0.5651863688744982,0.8442204953861098,8236.0,0.0,0.0
2027.0,0.24611461874696455,1283.0,0.7197872126841333,0.771479111732971,0.15577950461389023,2.0,0.1,4926.0,0.5981058766391452,0.9908121410992617,0.7332442933462846,6039.0,6039.0,0.9465929925152239,1.0,1.0,1.0,-0.17004065660584688,0.9,6095.0,0.9465929935086885,2141.0,0.7400437105390967,0.5528214204027476,0.5651863688744982,0.8442204953861098,8236.0,0.0,0.0
2027.0,0.24611461874696455,1283.0,0.7197872126841333,0.771479111732971,0.15577950461389023,2.0,0.15,4926.0,0.5981058766391452,0.9908121410992617,0.7332442933462846,6039.0,6039.0,0.9465929925152239,1.0,1.0,1.0,-0.17004065660584688,0.9,6095.0,0.9465929935086885,2141.0,0.7400437105390967,0.5528214204027476,0.5651863688744982,0.8442204953861098,8236.0,0.0,0.0
2027.0,0.24611461874696455,1283.0,0.7197872126841333,0.771479111732971,0.15577950461389023,2.0,0.2,4926.0,0.5981058766391452,0.9908121410992617,0.7332442933462846,6039.0,6039.0,0.9465929925152239,1.0,1.0,1.0,-0.17004065660584688,0.9,6095.0,0.9465929935086885,2141.0,0.7400437105390967,0.5528214204027476,0.5651863688744982,0.8442204953861098,8236.0,0.0,0.0
0.0,0.0,3228.0,0.6033323650008915,0.6358582387014765,0.39193783389995146,2.0,0.3,5008.0,0.6080621661000486,0.9122231337161608,0.6750849927149102,5560.0,5560.0,0.8191452419563416,1.0,0.6722664451903976,1.0,-0.17004065660584688,0.9,6095.0,0.8191452442826435,2141.0,0.7400437105390967,0.5185747964882744,0.5651863688744982,0.6080621661000486,8236.0,0.0,0.0
0.0,0.0,3228.0,0.6033323650008915,0.6358582387014765,0.39193783389995146,2.0,0.5,5008.0,0.6080621661000486,0.9122231337161608,0.6750849927149102,5560.0,5560.0,0.8191452419563416,1.0,0.6722664451903976,1.0,-0.17004065660584688,0.9,6095.0,0.8191452442826435,2141.0,0.7400437105390967,0.5185747964882744,0.5651863688744982,0.6080621661000486,8236.0,0.0,0.0
0.0,0.0,3228.0,0.6033323650008915,0.6358582387014765,0.39193783389995146,2.0,1.0,5008.0,0.6080621661000486,0.9122231337161608,0.6750849927149102,5560.0,5560.0,0.8191452419563416,1.0,0.6722664451903976,1.0,-0.17004065660584688,0.9,6095.0,0.8191452442826435,2141.0,0.7400437105390967,0.5185747964882744,0.5651863688744982,0.6080621661000486,8236.0,0.0,0.0
3704.0,0.4497328800388538,325.0,0.8210379794890694,0.8775163916776565,0.03946090335114133,2.0,0.0,4207.0,0.5108062166100048,1.0,0.7400437105390967,6095.0,6095.0,0.9911913689658278,1.0,1.0,1.0,-0.006784029580834569,0.92,6095.0,0.9911913700563988,2141.0,0.7400437105390967,0.5636407059770286,0.5651863688744982,0.9605390966488586,8236.0,0.0,0.0
2615.0,0.317508499271491,810.0,0.770967567309543,0.8301608905684539,0.09834871296745994,2.0,0.025,4811.0,0.584142787761049,0.9978671041837571,0.7384652744050509,6082.0,6082.0,0.9717192770551574,1.0,1.0,1.0,-0.006784029580834569,0.92,6095.0,0.971719278583562,2141.0,0.7400437105390967,0.5596237322950312,0.5651863688744982,0.90165128703254,8236.0,0.0,0.0
2116.0,0.2569208353569694,1178.0,0.7445085045715775,0.8019641248163475,0.14303059737736765,2.0,0.05,4942.0,0.6000485672656629,0.9954060705496308,0.7366440019426906,6067.0,6067.0,0.954140392529825,1.0,1.0,1.0,-0.006784029580834569,0.92,6095.0,0.954140394280487,2141.0,0.7400437105390967,0.5554194580956909,0.5651863688744982,0.8569694026226323,8236.0,0.0,0.0
2027.0,0.24611461874696455,1243.0,0.742609694564089,0.7989939744940489,0.1509227780475959,2.0,0.075,4966.0,0.6029626032054395,0.9947497949138638,0.7361583292860612,6063.0,6063.0,0.9513492841778733,1.0,1.0,1.0,-0.006784029580834569,0.92,6095.0,0.9513492859296904,2141.0,0.7400437105390967,0.5546751434887173,0.5651863688744982,0.8490772219524041,8236.0,0.0,0.0
2027.0,0.24611461874696455,1243.0,0.742609694564089,0.7989939744940489,0.1509227780475959,2.0,0.1,4966.0,0.6029626032054395,0.9947497949138638,0.7361583292860612,6063.0,6063.0,0.9513492841778733,1.0,1.0,1.0,-0.006784029580834569,0.92,6095.0,0.9513492859296904,2141.0,0.7400437105390967,0.5546751434887173,0.5651863688744982,0.8490772219524041,8236.0,0.0,0.0
2027.0,0.24611461874696455,1243.0,0.742609694564089,0.7989939744940489,0.1509227780475959,2.0,0.15,4966.0,0.6029626032054395,0.9947497949138638,0.7361583292860612,6063.0,6063.0,0.9513492841778733,1.0,1.0,1.0,-0.006784029580834569,0.92,6095.0,0.9513492859296904,2141.0,0.7400437105390967,0.5546751434887173,0.5651863688744982,0.8490772219524041,8236.0,0.0,0.0
598.0,0.07260806216610005,2594.0,0.6485440601876772,0.6951467922152572,0.3149587178241865,2.0,0.2,5044.0,0.6124332200097135,0.9517637407711239,0.7043467702768335,5801.0,5801.0,0.8681661566916713,1.0,0.8040644616888065,1.0,-0.006784029580834569,0.92,6095.0,0.8681661592474761,2141.0,0.7400437105390967,0.5344630813694596,0.5651863688744982,0.6850412821758135,8236.0,0.0,0.0
0.0,0.0,3174.0,0.6318012691574366,0.6740574682120233,0.3853812530354541,2.0,0.3,5062.0,0.6146187469645459,0.9296144380639869,0.6879553181155901,5666.0,5666.0,0.8311068652559438,1.0,0.7008956024692132,1.0,-0.006784029580834569,0.92,6095.0,0.8311068681997812,2141.0,0.7400437105390967,0.5253585900817317,0.5651863688744982,0.6146187469645459,8236.0,0.0,0.0
0.0,0.0,3174.0,0.6318012691574366,0.6740574682120233,0.3853812530354541,2.0,0.5,5062.0,0.6146187469645459,0.9296144380639869,0.6879553181155901,5666.0,5666.0,0.8311068652559438,1.0,0.7008956024692132,1.0,-0.006784029580834569,0.92,6095.0,0.8311068681997812,2141.0,0.7400437105390967,0.5253585900817317,0.5651863688744982,0.6146187469645459,8236.0,0.0,0.0
0.0,0.0,3174.0,0.6318012691574366,0.6740574682120233,0.3853812530354541,2.0,1.0,5062.0,0.6146187469645459,0.9296144380639869,0.6879553181155901,5666.0,5666.0,0.8311068652559438,1.0,0.7008956024692132,1.0,-0.006784029580834569,0.92,6095.0,0.8311068681997812,2141.0,0.7400437105390967,0.5253585900817317,0.5651863688744982,0.6146187469645459,8236.0,0.0,0.0
3036.0,0.3686255463817387,674.0,0.8137814538504239,0.861910545569716,0.08183584264205926,2.0,0.0,4526.0,0.549538610976202,1.0,0.7400437105390967,6095.0,6095.0,0.9805073941848352,1.0,1.0,1.0,0.3136537552047555,0.95,6095.0,0.9805080328765887,2141.0,0.7400437105390967,0.5613525800566311,0.5651863688744982,0.9181641573579408,8236.0,0.0,0.0
2116.0,0.2569208353569694,1083.0,0.8076710231742641,0.8555366653887186,0.13149587178241864,2.0,0.025,5037.0,0.611583292860612,0.9983593109105825,0.7388295288975231,6085.0,6085.0,0.9675711536198512,1.0,1.0,1.0,0.3136537552047555,0.95,6095.0,0.9675717934250223,2141.0,0.7400437105390967,0.5587673129860368,0.5651863688744982,0.8685041282175814,8236.0,0.0,0.0
2027.0,0.24611461874696455,1147.0,0.8064886747488769,0.8534038573579791,0.13926663428848957,2.0,0.05,5062.0,0.6146187469645459,0.998031173092699,0.7385866925692084,6083.0,6083.0,0.9655159828091044,1.0,1.0,1.0,0.3136537552047555,0.95,6095.0,0.9655166228246339,2141.0,0.7400437105390967,0.5582752921564641,0.5651863688744982,0.8607333657115105,8236.0,0.0,0.0
2027.0,0.24611461874696455,1147.0,0.8064886747488769,0.8534038573579791,0.13926663428848957,2.0,0.075,5062.0,0.6146187469645459,0.998031173092699,0.7385866925692084,6083.0,6083.0,0.9655159828091044,1.0,1.0,1.0,0.3136537552047555,0.95,6095.0,0.9655166228246339,2141.0,0.7400437105390967,0.5582752921564641,0.5651863688744982,0.8607333657115105,8236.0,0.0,0.0
2027.0,0.24611461874696455,1147.0,0.8064886747488769,0.8534038573579791,0.13926663428848957,2.0,0.1,5062.0,0.6146187469645459,0.998031173092699,0.7385866925692084,6083.0,6083.0,0.9655159828091044,1.0,1.0,1.0,0.3136537552047555,0.95,6095.0,0.9655166228246339,2141.0,0.7400437105390967,0.5582752921564641,0.5651863688744982,0.8607333657115105,8236.0,0.0,0.0
0.0,0.0,3052.0,0.7078265510206058,0.7567641182587007,0.3705682370082564,2.0,0.15,5184.0,0.6294317629917435,0.9588187038556194,0.7095677513355998,5844.0,5844.0,0.8664621351430593,1.0,0.7827384758526442,1.0,0.3136537552047555,0.95,6095.0,0.866462802074421,2141.0,0.7400437105390967,0.538649761253974,0.5651863688744982,0.6294317629917435,8236.0,0.0,0.0
0.0,0.0,3052.0,0.7078265510206058,0.7567641182587007,0.3705682370082564,2.0,0.2,5184.0,0.6294317629917435,0.9588187038556194,0.7095677513355998,5844.0,5844.0,0.8664621351430593,1.0,0.7827384758526442,1.0,0.3136537552047555,0.95,6095.0,0.866462802074421,2141.0,0.7400437105390967,0.538649761253974,0.5651863688744982,0.6294317629917435,8236.0,0.0,0.0
0.0,0.0,3052.0,0.7078265510206058,0.7567641182587007,0.3705682370082564,2.0,0.3,5184.0,0.6294317629917435,0.9588187038556194,0.7095677513355998,5844.0,5844.0,0.8664621351430593,1.0,0.7827384758526442,1.0,0.3136537552047555,0.95,6095.0,0.866462802074421,2141.0,0.7400437105390967,0.538649761253974,0.5651863688744982,0.6294317629917435,8236.0,0.0,0.0
0.0,0.0,3052.0,0.7078265510206058,0.7567641182587007,0.3705682370082564,2.0,0.5,5184.0,0.6294317629917435,0.9588187038556194,0.7095677513355998,5844.0,5844.0,0.8664621351430593,1.0,0.7827384758526442,1.0,0.3136537552047555,0.95,6095.0,0.866462802074421,2141.0,0.7400437105390967,0.538649761253974,0.5651863688744982,0.6294317629917435,8236.0,0.0,0.0
0.0,0.0,3052.0,0.7078265510206058,0.7567641182587007,0.3705682370082564,2.0,1.0,5184.0,0.6294317629917435,0.9588187038556194,0.7095677513355998,5844.0,5844.0,0.8664621351430593,1.0,0.7827384758526442,1.0,0.3136537552047555,0.95,6095.0,0.866462802074421,2141.0,0.7400437105390967,0.538649761253974,0.5651863688744982,0.6294317629917435,8236.0,0.0,0.0
2512.0,0.3050024283632832,897.0,0.8873593826781995,0.9175152718725208,0.10891209324915008,2.0,0.0,4827.0,0.5860854783875667,1.0,0.7400437105390967,6095.0,6095.0,0.9840140879436657,1.0,1.0,1.0,0.605632554088999,0.975,6095.0,0.9840147254604813,2141.0,0.7400437105390967,0.562114001646986,0.5651863688744982,0.8910879067508499,8236.0,0.0,0.0
1645.0,0.1997328800388538,1443.0,0.8540387652912597,0.9001765228516634,0.17520641087906752,2.0,0.025,5148.0,0.6250607090820787,0.998031173092699,0.7385866925692084,6083.0,6083.0,0.9669349693525161,1.0,1.0,1.0,0.605632554088999,0.975,6095.0,0.9669356088485106,2141.0,0.7400437105390967,0.5595134118376771,0.5651863688744982,0.8247935891209325,8236.0,0.0,0.0
1256.0,0.1525012141816416,1806.0,0.8351853780802712,0.885623682571698,0.21928120446818844,2.0,0.05,5174.0,0.62821758135017,0.9955701394585726,0.736765420106848,6068.0,6068.0,0.9535542182790482,1.0,0.97730050836267,1.0,0.605632554088999,0.975,6095.0,0.9535548595566153,2141.0,0.7400437105390967,0.5575554126780562,0.5651863688744982,0.7807187955318116,8236.0,0.0,0.0
304.0,0.036911121903836816,2692.0,0.809908370511463,0.8616194122286632,0.32685769791160757,2.0,0.075,5240.0,0.6362311801845556,0.9867104183757178,0.7302088392423507,6014.0,6014.0,0.9208214945346216,1.0,0.890548249001102,1.0,0.605632554088999,0.975,6095.0,0.9208221422920574,2141.0,0.7400437105390967,0.5524064101739752,0.5651863688744982,0.6731423020883924,8236.0,0.0,0.0
0.0,0.0,2976.0,0.8045804670427023,0.8561954786660739,0.36134045653229724,2.0,0.1,5260.0,0.6386595434677028,0.9831009023789992,0.7275376396308888,5992.0,5992.0,0.9101174511297876,1.0,0.8689870507469044,1.0,0.605632554088999,0.975,6095.0,0.9101181013576459,2141.0,0.7400437105390967,0.5506956142989815,0.5651863688744982,0.6386595434677028,8236.0,0.0,0.0
0.0,0.0,2976.0,0.8045804670427023,0.8561954786660739,0.36134045653229724,2.0,0.15,5260.0,0.6386595434677028,0.9831009023789992,0.7275376396308888,5992.0,5992.0,0.9101174511297876,1.0,0.8689870507469044,1.0,0.605632554088999,0.975,6095.0,0.9101181013576459,2141.0,0.7400437105390967,0.5506956142989815,0.5651863688744982,0.6386595434677028,8236.0,0.0,0.0
0.0,0.0,2976.0,0.8045804670427023,0.8561954786660739,0.36134045653229724,2.0,0.2,5260.0,0.6386595434677028,0.9831009023789992,0.7275376396308888,5992.0,5992.0,0.9101174511297876,1.0,0.8689870507469044,1.0,0.605632554088999,0.975,6095.0,0.9101181013576459,2141.0,0.7400437105390967,0.5506956142989815,0.5651863688744982,0.6386595434677028,8236.0,0.0,0.0
0.0,0.0,2976.0,0.8045804670427023,0.8561954786660739,0.36134045653229724,2.0,0.3,5260.0,0.6386595434677028,0.9831009023789992,0.7275376396308888,5992.0,5992.0,0.9101174511297876,1.0,0.8689870507469044,1.0,0.605632554088999,0.975,6095.0,0.9101181013576459,2141.0,0.7400437105390967,0.5506956142989815,0.5651863688744982,0.6386595434677028,8236.0,0.0,0.0
0.0,0.0,2976.0,0.8045804670427023,0.8561954786660739,0.36134045653229724,2.0,0.5,5260.0,0.6386595434677028,0.9831009023789992,0.7275376396308888,5992.0,5992.0,0.9101174511297876,1.0,0.8689870507469044,1.0,0.605632554088999,0.975,6095.0,0.9101181013576459,2141.0,0.7400437105390967,0.5506956142989815,0.5651863688744982,0.6386595434677028,8236.0,0.0,0.0
0.0,0.0,2976.0,0.8045804670427023,0.8561954786660739,0.36134045653229724,2.0,1.0,5260.0,0.6386595434677028,0.9831009023789992,0.7275376396308888,5992.0,5992.0,0.9101174511297876,1.0,0.8689870507469044,1.0,0.605632554088999,0.975,6095.0,0.9101181013576459,2141.0,0.7400437105390967,0.5506956142989815,0.5651863688744982,0.6386595434677028,8236.0,0.0,0.0
