{
  "train": {
    "sample_count": 19922.0,
    "coverage": 0.5596325670113442,
    "precision_up": 0.6921348314606741,
    "precision_down": 0.7398858277488211,
    "balanced_precision": 0.7160103296047475,
    "all_sample_accuracy": 0.6478265234414216,
    "accepted_sample_accuracy": 0.7093909767692169,
    "utility": 0.23436401967673923,
    "downside_risk": 0.40327939901178006,
    "selection_score": 0.5811455290080247,
    "share_up_predictions": 0.638622297963943,
    "share_down_predictions": 0.36137770203605707,
    "selected_t_up": 0.57,
    "selected_t_down": 0.35,
    "accepted_count": 11149.0,
    "up_prediction_count": 7120.0,
    "down_prediction_count": 4029.0,
    "roc_auc": 0.7037626682551754,
    "brier_score": 0.21823262358335432,
    "log_loss": 0.6252243338449721
  },
  "validation": {
    "sample_count": 7716.0,
    "coverage": 0.5195697252462416,
    "precision_up": 0.5622195022439821,
    "precision_down": 0.5943517329910141,
    "balanced_precision": 0.5782856176174981,
    "all_sample_accuracy": 0.5370658372213583,
    "accepted_sample_accuracy": 0.5747069094537292,
    "utility": 0.0776308968377398,
    "downside_risk": 0.4700738390979133,
    "selection_score": 0.16514617573000015,
    "share_up_predictions": 0.6113744075829384,
    "share_down_predictions": 0.3886255924170616,
    "selected_t_up": 0.57,
    "selected_t_down": 0.35,
    "accepted_count": 4009.0,
    "up_prediction_count": 2451.0,
    "down_prediction_count": 1558.0,
    "roc_auc": 0.5598507318973588,
    "brier_score": 0.2591430252497046,
    "log_loss": 0.717866800099093
  },
  "thresholds": {
    "t_up": 0.57,
    "t_down": 0.35
  },
  "threshold_search": {
    "constraint_satisfied": true,
    "fallback_reason": null,
    "objective": "selection_score",
    "t_up": 0.57,
    "t_down": 0.35,
    "selection_score": 0.16514617573000015,
    "utility": 0.0776308968377398,
    "downside_risk": 0.4700738390979133,
    "accepted_sample_accuracy": 0.5747069094537292,
    "balanced_precision": 0.5782856176174981,
    "coverage": 0.5195697252462416,
    "precision_up": 0.5622195022439821,
    "precision_down": 0.5943517329910141,
    "up_prediction_count": 2451.0,
    "down_prediction_count": 1558.0,
    "accepted_count": 4009.0,
    "min_up_signals": 1000.0,
    "min_down_signals": 1000.0,
    "min_total_signals": 4000.0
  }
}