{
  "selection_data": "validation",
  "objective": "selection_score",
  "min_coverage": 0.4,
  "tie_tolerance": 0.002,
  "grid": {
    "t_up_min": 0.45,
    "t_up_max": 0.7,
    "t_down_min": 0.3,
    "t_down_max": 0.55,
    "step": 0.005
  },
  "enforce_min_side_share": false,
  "min_side_share": 0.2,
  "min_up_signals": 1000,
  "min_down_signals": 1000,
  "min_total_signals": 4000,
  "best": {
    "constraint_satisfied": true,
    "fallback_reason": null,
    "objective": "selection_score",
    "t_up": 0.57,
    "t_down": 0.35,
    "selection_score": 0.16514617573000015,
    "utility": 0.0776308968377398,
    "downside_risk": 0.4700738390979133,
    "accepted_sample_accuracy": 0.5747069094537292,
    "balanced_precision": 0.5782856176174981,
    "coverage": 0.5195697252462416,
    "precision_up": 0.5622195022439821,
    "precision_down": 0.5943517329910141,
    "up_prediction_count": 2451.0,
    "down_prediction_count": 1558.0,
    "accepted_count": 4009.0,
    "min_up_signals": 1000.0,
    "min_down_signals": 1000.0,
    "min_total_signals": 4000.0
  },
  "side_guarded_best": {
    "constraint_satisfied": true,
    "fallback_reason": null,
    "objective": "selection_score",
    "t_up": 0.57,
    "t_down": 0.35,
    "selection_score": 0.16514617573000015,
    "utility": 0.0776308968377398,
    "downside_risk": 0.4700738390979133,
    "accepted_sample_accuracy": 0.5747069094537292,
    "balanced_precision": 0.5782856176174981,
    "coverage": 0.5195697252462416,
    "precision_up": 0.5622195022439821,
    "precision_down": 0.5943517329910141,
    "up_prediction_count": 2451.0,
    "down_prediction_count": 1558.0,
    "accepted_count": 4009.0,
    "min_up_signals": 1000.0,
    "min_down_signals": 1000.0,
    "min_total_signals": 4000.0
  }
}