prediction_candidate,min_ev,bid_offset_steps,min_q,sample_count,coverage,precision_up,precision_down,balanced_precision,all_sample_accuracy,accepted_sample_accuracy,share_up_predictions,share_down_predictions,selected_t_up,selected_t_down,accepted_count,up_prediction_count,down_prediction_count,roc_auc,brier_score,log_loss,utility,downside_risk,selection_score,up_signal_count,down_signal_count,total_signal_count,signal_coverage,overall_signal_accuracy,trade_count,order_count,order_coverage,fill_rate,correct_count,correct_fill_rate,wrong_fill_forced,wrong_fill_printed,sum_pnl,mean_accepted_pnl,mean_pnl_filled,win_pnl_sum,loss_pnl_sum,mean_bid,median_bid,mean_expected_ev,negative_expected_ev_share,mean_model_fill_prob,realized_correct_fill_rate_submitted,submitted_fill_calibration_gap
catboost,-0.25,-4.0,0.0,1242.0,1.0,0.7492492492492493,0.7152777777777778,0.7322635135135136,0.7334943639291466,0.7334943639291466,0.5362318840579711,0.463768115942029,0.5793880837359099,0.4314090177133656,1242.0,666.0,576.0,0.7925585539117999,0.1880518726271942,0.5602134885564686,0.46698872785829315,0.5162418387450337,0.9045929500668268,666.0,576.0,1242.0,1.0,0.7334943639291466,481.0,1242.0,1.0,0.38727858293075684,911.0,0.16465422612513722,1.0,0.6978851963746223,16.290000000000003,0.013115942028985509,0.03386694386694388,85.35,-69.06,0.3119323671497584,0.36,0.019291883893426023,0.4581320450885668,0.17705110966127768,0.16465422612513722,0.012396883536140463
catboost,-0.245,-4.0,0.0,1242.0,1.0,0.7492492492492493,0.7152777777777778,0.7322635135135136,0.7334943639291466,0.7334943639291466,0.5362318840579711,0.463768115942029,0.5793880837359099,0.4314090177133656,1242.0,666.0,576.0,0.7925585539117999,0.1880518726271942,0.5602134885564686,0.46698872785829315,0.5162418387450337,0.9045929500668268,666.0,576.0,1242.0,1.0,0.7334943639291466,481.0,1242.0,1.0,0.38727858293075684,911.0,0.16465422612513722,1.0,0.6978851963746223,16.290000000000003,0.013115942028985509,0.03386694386694388,85.35,-69.06,0.3119323671497584,0.36,0.019291883893426023,0.4581320450885668,0.17705110966127768,0.16465422612513722,0.012396883536140463
catboost,-0.24,-4.0,0.0,1242.0,1.0,0.7492492492492493,0.7152777777777778,0.7322635135135136,0.7334943639291466,0.7334943639291466,0.5362318840579711,0.463768115942029,0.5793880837359099,0.4314090177133656,1242.0,666.0,576.0,0.7925585539117999,0.1880518726271942,0.5602134885564686,0.46698872785829315,0.5162418387450337,0.9045929500668268,666.0,576.0,1242.0,1.0,0.7334943639291466,481.0,1242.0,1.0,0.38727858293075684,911.0,0.16465422612513722,1.0,0.6978851963746223,16.290000000000003,0.013115942028985509,0.03386694386694388,85.35,-69.06,0.3119323671497584,0.36,0.019291883893426023,0.4581320450885668,0.17705110966127768,0.16465422612513722,0.012396883536140463
catboost,-0.235,-4.0,0.0,1242.0,1.0,0.7492492492492493,0.7152777777777778,0.7322635135135136,0.7334943639291466,0.7334943639291466,0.5362318840579711,0.463768115942029,0.5793880837359099,0.4314090177133656,1242.0,666.0,576.0,0.7925585539117999,0.1880518726271942,0.5602134885564686,0.46698872785829315,0.5162418387450337,0.9045929500668268,666.0,576.0,1242.0,1.0,0.7334943639291466,481.0,1242.0,1.0,0.38727858293075684,911.0,0.16465422612513722,1.0,0.6978851963746223,16.290000000000003,0.013115942028985509,0.03386694386694388,85.35,-69.06,0.3119323671497584,0.36,0.019291883893426023,0.4581320450885668,0.17705110966127768,0.16465422612513722,0.012396883536140463
catboost,-0.23,-4.0,0.0,1242.0,1.0,0.7492492492492493,0.7152777777777778,0.7322635135135136,0.7334943639291466,0.7334943639291466,0.5362318840579711,0.463768115942029,0.5793880837359099,0.4314090177133656,1242.0,666.0,576.0,0.7925585539117999,0.1880518726271942,0.5602134885564686,0.46698872785829315,0.5162418387450337,0.9045929500668268,666.0,576.0,1242.0,1.0,0.7334943639291466,481.0,1242.0,1.0,0.38727858293075684,911.0,0.16465422612513722,1.0,0.6978851963746223,16.290000000000003,0.013115942028985509,0.03386694386694388,85.35,-69.06,0.3119323671497584,0.36,0.019291883893426023,0.4581320450885668,0.17705110966127768,0.16465422612513722,0.012396883536140463
catboost,-0.225,-4.0,0.0,1242.0,1.0,0.7492492492492493,0.7152777777777778,0.7322635135135136,0.7334943639291466,0.7334943639291466,0.5362318840579711,0.463768115942029,0.5793880837359099,0.4314090177133656,1242.0,666.0,576.0,0.7925585539117999,0.1880518726271942,0.5602134885564686,0.46698872785829315,0.5162418387450337,0.9045929500668268,666.0,576.0,1242.0,1.0,0.7334943639291466,481.0,1242.0,1.0,0.38727858293075684,911.0,0.16465422612513722,1.0,0.6978851963746223,16.290000000000003,0.013115942028985509,0.03386694386694388,85.35,-69.06,0.3119323671497584,0.36,0.019291883893426023,0.4581320450885668,0.17705110966127768,0.16465422612513722,0.012396883536140463
catboost,-0.22,-4.0,0.0,1242.0,1.0,0.7492492492492493,0.7152777777777778,0.7322635135135136,0.7334943639291466,0.7334943639291466,0.5362318840579711,0.463768115942029,0.5793880837359099,0.4314090177133656,1242.0,666.0,576.0,0.7925585539117999,0.1880518726271942,0.5602134885564686,0.46698872785829315,0.5162418387450337,0.9045929500668268,666.0,576.0,1242.0,1.0,0.7334943639291466,481.0,1242.0,1.0,0.38727858293075684,911.0,0.16465422612513722,1.0,0.6978851963746223,16.290000000000003,0.013115942028985509,0.03386694386694388,85.35,-69.06,0.3119323671497584,0.36,0.019291883893426023,0.4581320450885668,0.17705110966127768,0.16465422612513722,0.012396883536140463
catboost,-0.215,-4.0,0.0,1242.0,1.0,0.7492492492492493,0.7152777777777778,0.7322635135135136,0.7334943639291466,0.7334943639291466,0.5362318840579711,0.463768115942029,0.5793880837359099,0.4314090177133656,1242.0,666.0,576.0,0.7925585539117999,0.1880518726271942,0.5602134885564686,0.46698872785829315,0.5162418387450337,0.9045929500668268,666.0,576.0,1242.0,1.0,0.7334943639291466,481.0,1242.0,1.0,0.38727858293075684,911.0,0.16465422612513722,1.0,0.6978851963746223,16.290000000000003,0.013115942028985509,0.03386694386694388,85.35,-69.06,0.3119323671497584,0.36,0.019291883893426023,0.4581320450885668,0.17705110966127768,0.16465422612513722,0.012396883536140463
catboost,-0.21,-4.0,0.0,1242.0,1.0,0.7492492492492493,0.7152777777777778,0.7322635135135136,0.7334943639291466,0.7334943639291466,0.5362318840579711,0.463768115942029,0.5793880837359099,0.4314090177133656,1242.0,666.0,576.0,0.7925585539117999,0.1880518726271942,0.5602134885564686,0.46698872785829315,0.5162418387450337,0.9045929500668268,666.0,576.0,1242.0,1.0,0.7334943639291466,481.0,1242.0,1.0,0.38727858293075684,911.0,0.16465422612513722,1.0,0.6978851963746223,16.290000000000003,0.013115942028985509,0.03386694386694388,85.35,-69.06,0.3119323671497584,0.36,0.019291883893426023,0.4581320450885668,0.17705110966127768,0.16465422612513722,0.012396883536140463
catboost,-0.205,-4.0,0.0,1242.0,1.0,0.7492492492492493,0.7152777777777778,0.7322635135135136,0.7334943639291466,0.7334943639291466,0.5362318840579711,0.463768115942029,0.5793880837359099,0.4314090177133656,1242.0,666.0,576.0,0.7925585539117999,0.1880518726271942,0.5602134885564686,0.46698872785829315,0.5162418387450337,0.9045929500668268,666.0,576.0,1242.0,1.0,0.7334943639291466,481.0,1242.0,1.0,0.38727858293075684,911.0,0.16465422612513722,1.0,0.6978851963746223,16.290000000000003,0.013115942028985509,0.03386694386694388,85.35,-69.06,0.3119323671497584,0.36,0.019291883893426023,0.4581320450885668,0.17705110966127768,0.16465422612513722,0.012396883536140463
catboost,-0.2,-4.0,0.0,1242.0,1.0,0.7492492492492493,0.7152777777777778,0.7322635135135136,0.7334943639291466,0.7334943639291466,0.5362318840579711,0.463768115942029,0.5793880837359099,0.4314090177133656,1242.0,666.0,576.0,0.7925585539117999,0.1880518726271942,0.5602134885564686,0.46698872785829315,0.5162418387450337,0.9045929500668268,666.0,576.0,1242.0,1.0,0.7334943639291466,481.0,1242.0,1.0,0.38727858293075684,911.0,0.16465422612513722,1.0,0.6978851963746223,16.290000000000003,0.013115942028985509,0.03386694386694388,85.35,-69.06,0.3119323671497584,0.36,0.019291883893426023,0.4581320450885668,0.17705110966127768,0.16465422612513722,0.012396883536140463
catboost,-0.195,-4.0,0.0,1242.0,1.0,0.7492492492492493,0.7152777777777778,0.7322635135135136,0.7334943639291466,0.7334943639291466,0.5362318840579711,0.463768115942029,0.5793880837359099,0.4314090177133656,1242.0,666.0,576.0,0.7925585539117999,0.1880518726271942,0.5602134885564686,0.46698872785829315,0.5162418387450337,0.9045929500668268,666.0,576.0,1242.0,1.0,0.7334943639291466,481.0,1242.0,1.0,0.38727858293075684,911.0,0.16465422612513722,1.0,0.6978851963746223,16.290000000000003,0.013115942028985509,0.03386694386694388,85.35,-69.06,0.3119323671497584,0.36,0.019291883893426023,0.4581320450885668,0.17705110966127768,0.16465422612513722,0.012396883536140463
catboost,-0.19,-4.0,0.0,1242.0,1.0,0.7492492492492493,0.7152777777777778,0.7322635135135136,0.7334943639291466,0.7334943639291466,0.5362318840579711,0.463768115942029,0.5793880837359099,0.4314090177133656,1242.0,666.0,576.0,0.7925585539117999,0.1880518726271942,0.5602134885564686,0.46698872785829315,0.5162418387450337,0.9045929500668268,666.0,576.0,1242.0,1.0,0.7334943639291466,481.0,1242.0,1.0,0.38727858293075684,911.0,0.16465422612513722,1.0,0.6978851963746223,16.290000000000003,0.013115942028985509,0.03386694386694388,85.35,-69.06,0.3119323671497584,0.36,0.019291883893426023,0.4581320450885668,0.17705110966127768,0.16465422612513722,0.012396883536140463
catboost,-0.185,-4.0,0.0,1242.0,1.0,0.7492492492492493,0.7152777777777778,0.7322635135135136,0.7334943639291466,0.7334943639291466,0.5362318840579711,0.463768115942029,0.5793880837359099,0.4314090177133656,1242.0,666.0,576.0,0.7925585539117999,0.1880518726271942,0.5602134885564686,0.46698872785829315,0.5162418387450337,0.9045929500668268,666.0,576.0,1242.0,1.0,0.7334943639291466,481.0,1242.0,1.0,0.38727858293075684,911.0,0.16465422612513722,1.0,0.6978851963746223,16.290000000000003,0.013115942028985509,0.03386694386694388,85.35,-69.06,0.3119323671497584,0.36,0.019291883893426023,0.4581320450885668,0.17705110966127768,0.16465422612513722,0.012396883536140463
catboost,-0.18,-4.0,0.0,1242.0,1.0,0.7492492492492493,0.7152777777777778,0.7322635135135136,0.7334943639291466,0.7334943639291466,0.5362318840579711,0.463768115942029,0.5793880837359099,0.4314090177133656,1242.0,666.0,576.0,0.7925585539117999,0.1880518726271942,0.5602134885564686,0.46698872785829315,0.5162418387450337,0.9045929500668268,666.0,576.0,1242.0,1.0,0.7334943639291466,481.0,1242.0,1.0,0.38727858293075684,911.0,0.16465422612513722,1.0,0.6978851963746223,16.290000000000003,0.013115942028985509,0.03386694386694388,85.35,-69.06,0.3119323671497584,0.36,0.019291883893426023,0.4581320450885668,0.17705110966127768,0.16465422612513722,0.012396883536140463
catboost,-0.175,-4.0,0.0,1242.0,1.0,0.7492492492492493,0.7152777777777778,0.7322635135135136,0.7334943639291466,0.7334943639291466,0.5362318840579711,0.463768115942029,0.5793880837359099,0.4314090177133656,1242.0,666.0,576.0,0.7925585539117999,0.1880518726271942,0.5602134885564686,0.46698872785829315,0.5162418387450337,0.9045929500668268,666.0,576.0,1242.0,1.0,0.7334943639291466,481.0,1242.0,1.0,0.38727858293075684,911.0,0.16465422612513722,1.0,0.6978851963746223,16.290000000000003,0.013115942028985509,0.03386694386694388,85.35,-69.06,0.3119323671497584,0.36,0.019291883893426023,0.4581320450885668,0.17705110966127768,0.16465422612513722,0.012396883536140463
catboost,-0.17,-4.0,0.0,1242.0,1.0,0.7492492492492493,0.7152777777777778,0.7322635135135136,0.7334943639291466,0.7334943639291466,0.5362318840579711,0.463768115942029,0.5793880837359099,0.4314090177133656,1242.0,666.0,576.0,0.7925585539117999,0.1880518726271942,0.5602134885564686,0.46698872785829315,0.5162418387450337,0.9045929500668268,666.0,576.0,1242.0,1.0,0.7334943639291466,481.0,1242.0,1.0,0.38727858293075684,911.0,0.16465422612513722,1.0,0.6978851963746223,16.290000000000003,0.013115942028985509,0.03386694386694388,85.35,-69.06,0.3119323671497584,0.36,0.019291883893426023,0.4581320450885668,0.17705110966127768,0.16465422612513722,0.012396883536140463
catboost,-0.165,-4.0,0.0,1242.0,1.0,0.7492492492492493,0.7152777777777778,0.7322635135135136,0.7334943639291466,0.7334943639291466,0.5362318840579711,0.463768115942029,0.5793880837359099,0.4314090177133656,1242.0,666.0,576.0,0.7925585539117999,0.1880518726271942,0.5602134885564686,0.46698872785829315,0.5162418387450337,0.9045929500668268,666.0,576.0,1242.0,1.0,0.7334943639291466,481.0,1242.0,1.0,0.38727858293075684,911.0,0.16465422612513722,1.0,0.6978851963746223,16.290000000000003,0.013115942028985509,0.03386694386694388,85.35,-69.06,0.3119323671497584,0.36,0.019291883893426023,0.4581320450885668,0.17705110966127768,0.16465422612513722,0.012396883536140463
catboost,-0.16,-4.0,0.0,1242.0,1.0,0.7492492492492493,0.7152777777777778,0.7322635135135136,0.7334943639291466,0.7334943639291466,0.5362318840579711,0.463768115942029,0.5793880837359099,0.4314090177133656,1242.0,666.0,576.0,0.7925585539117999,0.1880518726271942,0.5602134885564686,0.46698872785829315,0.5162418387450337,0.9045929500668268,666.0,576.0,1242.0,1.0,0.7334943639291466,481.0,1242.0,1.0,0.38727858293075684,911.0,0.16465422612513722,1.0,0.6978851963746223,16.290000000000003,0.013115942028985509,0.03386694386694388,85.35,-69.06,0.3119323671497584,0.36,0.019291883893426023,0.4581320450885668,0.17705110966127768,0.16465422612513722,0.012396883536140463
catboost,-0.155,-4.0,0.0,1242.0,1.0,0.7492492492492493,0.7152777777777778,0.7322635135135136,0.7334943639291466,0.7334943639291466,0.5362318840579711,0.463768115942029,0.5793880837359099,0.4314090177133656,1242.0,666.0,576.0,0.7925585539117999,0.1880518726271942,0.5602134885564686,0.46698872785829315,0.5162418387450337,0.9045929500668268,666.0,576.0,1242.0,1.0,0.7334943639291466,481.0,1242.0,1.0,0.38727858293075684,911.0,0.16465422612513722,1.0,0.6978851963746223,16.290000000000003,0.013115942028985509,0.03386694386694388,85.35,-69.06,0.3119323671497584,0.36,0.019291883893426023,0.4581320450885668,0.17705110966127768,0.16465422612513722,0.012396883536140463
catboost,-0.15,-4.0,0.0,1242.0,1.0,0.7492492492492493,0.7152777777777778,0.7322635135135136,0.7334943639291466,0.7334943639291466,0.5362318840579711,0.463768115942029,0.5793880837359099,0.4314090177133656,1242.0,666.0,576.0,0.7925585539117999,0.1880518726271942,0.5602134885564686,0.46698872785829315,0.5162418387450337,0.9045929500668268,666.0,576.0,1242.0,1.0,0.7334943639291466,481.0,1242.0,1.0,0.38727858293075684,911.0,0.16465422612513722,1.0,0.6978851963746223,16.290000000000003,0.013115942028985509,0.03386694386694388,85.35,-69.06,0.3119323671497584,0.36,0.019291883893426023,0.4581320450885668,0.17705110966127768,0.16465422612513722,0.012396883536140463
catboost,-0.145,-4.0,0.0,1242.0,1.0,0.7492492492492493,0.7152777777777778,0.7322635135135136,0.7334943639291466,0.7334943639291466,0.5362318840579711,0.463768115942029,0.5793880837359099,0.4314090177133656,1242.0,666.0,576.0,0.7925585539117999,0.1880518726271942,0.5602134885564686,0.46698872785829315,0.5162418387450337,0.9045929500668268,666.0,576.0,1242.0,1.0,0.7334943639291466,481.0,1242.0,1.0,0.38727858293075684,911.0,0.16465422612513722,1.0,0.6978851963746223,16.290000000000003,0.013115942028985509,0.03386694386694388,85.35,-69.06,0.3119323671497584,0.36,0.019291883893426023,0.4581320450885668,0.17705110966127768,0.16465422612513722,0.012396883536140463
catboost,-0.14,-4.0,0.0,1242.0,1.0,0.7492492492492493,0.7152777777777778,0.7322635135135136,0.7334943639291466,0.7334943639291466,0.5362318840579711,0.463768115942029,0.5793880837359099,0.4314090177133656,1242.0,666.0,576.0,0.7925585539117999,0.1880518726271942,0.5602134885564686,0.46698872785829315,0.5162418387450337,0.9045929500668268,666.0,576.0,1242.0,1.0,0.7334943639291466,481.0,1242.0,1.0,0.38727858293075684,911.0,0.16465422612513722,1.0,0.6978851963746223,16.290000000000003,0.013115942028985509,0.03386694386694388,85.35,-69.06,0.3119323671497584,0.36,0.019291883893426023,0.4581320450885668,0.17705110966127768,0.16465422612513722,0.012396883536140463
catboost,-0.135,-4.0,0.0,1242.0,1.0,0.7492492492492493,0.7152777777777778,0.7322635135135136,0.7334943639291466,0.7334943639291466,0.5362318840579711,0.463768115942029,0.5793880837359099,0.4314090177133656,1242.0,666.0,576.0,0.7925585539117999,0.1880518726271942,0.5602134885564686,0.46698872785829315,0.5162418387450337,0.9045929500668268,666.0,576.0,1242.0,1.0,0.7334943639291466,481.0,1242.0,1.0,0.38727858293075684,911.0,0.16465422612513722,1.0,0.6978851963746223,16.290000000000003,0.013115942028985509,0.03386694386694388,85.35,-69.06,0.3119323671497584,0.36,0.019291883893426023,0.4581320450885668,0.17705110966127768,0.16465422612513722,0.012396883536140463
catboost,-0.13,-4.0,0.0,1242.0,1.0,0.7492492492492493,0.7152777777777778,0.7322635135135136,0.7334943639291466,0.7334943639291466,0.5362318840579711,0.463768115942029,0.5793880837359099,0.4314090177133656,1242.0,666.0,576.0,0.7925585539117999,0.1880518726271942,0.5602134885564686,0.46698872785829315,0.5162418387450337,0.9045929500668268,666.0,576.0,1242.0,1.0,0.7334943639291466,481.0,1242.0,1.0,0.38727858293075684,911.0,0.16465422612513722,1.0,0.6978851963746223,16.290000000000003,0.013115942028985509,0.03386694386694388,85.35,-69.06,0.3119323671497584,0.36,0.019291883893426023,0.4581320450885668,0.17705110966127768,0.16465422612513722,0.012396883536140463
catboost,-0.125,-4.0,0.0,1242.0,1.0,0.7492492492492493,0.7152777777777778,0.7322635135135136,0.7334943639291466,0.7334943639291466,0.5362318840579711,0.463768115942029,0.5793880837359099,0.4314090177133656,1242.0,666.0,576.0,0.7925585539117999,0.1880518726271942,0.5602134885564686,0.46698872785829315,0.5162418387450337,0.9045929500668268,666.0,576.0,1242.0,1.0,0.7334943639291466,481.0,1242.0,1.0,0.38727858293075684,911.0,0.16465422612513722,1.0,0.6978851963746223,16.290000000000003,0.013115942028985509,0.03386694386694388,85.35,-69.06,0.3119323671497584,0.36,0.019291883893426023,0.4581320450885668,0.17705110966127768,0.16465422612513722,0.012396883536140463
catboost,-0.12,-4.0,0.0,1242.0,1.0,0.7492492492492493,0.7152777777777778,0.7322635135135136,0.7334943639291466,0.7334943639291466,0.5362318840579711,0.463768115942029,0.5793880837359099,0.4314090177133656,1242.0,666.0,576.0,0.7925585539117999,0.1880518726271942,0.5602134885564686,0.46698872785829315,0.5162418387450337,0.9045929500668268,666.0,576.0,1242.0,1.0,0.7334943639291466,481.0,1242.0,1.0,0.38727858293075684,911.0,0.16465422612513722,1.0,0.6978851963746223,16.290000000000003,0.013115942028985509,0.03386694386694388,85.35,-69.06,0.3119323671497584,0.36,0.019291883893426023,0.4581320450885668,0.17705110966127768,0.16465422612513722,0.012396883536140463
catboost,-0.115,-4.0,0.0,1242.0,1.0,0.7492492492492493,0.7152777777777778,0.7322635135135136,0.7334943639291466,0.7334943639291466,0.5362318840579711,0.463768115942029,0.5793880837359099,0.4314090177133656,1242.0,666.0,576.0,0.7925585539117999,0.1880518726271942,0.5602134885564686,0.46698872785829315,0.5162418387450337,0.9045929500668268,666.0,576.0,1242.0,1.0,0.7334943639291466,481.0,1242.0,1.0,0.38727858293075684,911.0,0.16465422612513722,1.0,0.6978851963746223,16.290000000000003,0.013115942028985509,0.03386694386694388,85.35,-69.06,0.3119323671497584,0.36,0.019291883893426023,0.4581320450885668,0.17705110966127768,0.16465422612513722,0.012396883536140463
catboost,-0.11,-4.0,0.0,1242.0,1.0,0.7492492492492493,0.7152777777777778,0.7322635135135136,0.7334943639291466,0.7334943639291466,0.5362318840579711,0.463768115942029,0.5793880837359099,0.4314090177133656,1242.0,666.0,576.0,0.7925585539117999,0.1880518726271942,0.5602134885564686,0.46698872785829315,0.5162418387450337,0.9045929500668268,666.0,576.0,1242.0,1.0,0.7334943639291466,481.0,1242.0,1.0,0.38727858293075684,911.0,0.16465422612513722,1.0,0.6978851963746223,16.290000000000003,0.013115942028985509,0.03386694386694388,85.35,-69.06,0.3119323671497584,0.36,0.019291883893426023,0.4581320450885668,0.17705110966127768,0.16465422612513722,0.012396883536140463
catboost,-0.105,-4.0,0.0,1242.0,1.0,0.7492492492492493,0.7152777777777778,0.7322635135135136,0.7334943639291466,0.7334943639291466,0.5362318840579711,0.463768115942029,0.5793880837359099,0.4314090177133656,1242.0,666.0,576.0,0.7925585539117999,0.1880518726271942,0.5602134885564686,0.46698872785829315,0.5162418387450337,0.9045929500668268,666.0,576.0,1242.0,1.0,0.7334943639291466,481.0,1242.0,1.0,0.38727858293075684,911.0,0.16465422612513722,1.0,0.6978851963746223,16.290000000000003,0.013115942028985509,0.03386694386694388,85.35,-69.06,0.3119323671497584,0.36,0.019291883893426023,0.4581320450885668,0.17705110966127768,0.16465422612513722,0.012396883536140463
catboost,-0.1,-4.0,0.0,1242.0,1.0,0.7492492492492493,0.7152777777777778,0.7322635135135136,0.7334943639291466,0.7334943639291466,0.5362318840579711,0.463768115942029,0.5793880837359099,0.4314090177133656,1242.0,666.0,576.0,0.7925585539117999,0.1880518726271942,0.5602134885564686,0.46698872785829315,0.5162418387450337,0.9045929500668268,666.0,576.0,1242.0,1.0,0.7334943639291466,481.0,1242.0,1.0,0.38727858293075684,911.0,0.16465422612513722,1.0,0.6978851963746223,16.290000000000003,0.013115942028985509,0.03386694386694388,85.35,-69.06,0.3119323671497584,0.36,0.019291883893426023,0.4581320450885668,0.17705110966127768,0.16465422612513722,0.012396883536140463
catboost,-0.095,-4.0,0.0,1242.0,1.0,0.7492492492492493,0.7152777777777778,0.7322635135135136,0.7334943639291466,0.7334943639291466,0.5362318840579711,0.463768115942029,0.5793880837359099,0.4314090177133656,1242.0,666.0,576.0,0.7925585539117999,0.1880518726271942,0.5602134885564686,0.46698872785829315,0.5162418387450337,0.9045929500668268,666.0,576.0,1242.0,1.0,0.7334943639291466,481.0,1242.0,1.0,0.38727858293075684,911.0,0.16465422612513722,1.0,0.6978851963746223,16.290000000000003,0.013115942028985509,0.03386694386694388,85.35,-69.06,0.3119323671497584,0.36,0.019291883893426023,0.4581320450885668,0.17705110966127768,0.16465422612513722,0.012396883536140463
catboost,-0.09,-4.0,0.0,1242.0,1.0,0.7492492492492493,0.7152777777777778,0.7322635135135136,0.7334943639291466,0.7334943639291466,0.5362318840579711,0.463768115942029,0.5793880837359099,0.4314090177133656,1242.0,666.0,576.0,0.7925585539117999,0.1880518726271942,0.5602134885564686,0.46698872785829315,0.5162418387450337,0.9045929500668268,666.0,576.0,1242.0,1.0,0.7334943639291466,481.0,1242.0,1.0,0.38727858293075684,911.0,0.16465422612513722,1.0,0.6978851963746223,16.290000000000003,0.013115942028985509,0.03386694386694388,85.35,-69.06,0.3119323671497584,0.36,0.019291883893426023,0.4581320450885668,0.17705110966127768,0.16465422612513722,0.012396883536140463
catboost,-0.085,-4.0,0.0,1242.0,1.0,0.7492492492492493,0.7152777777777778,0.7322635135135136,0.7334943639291466,0.7334943639291466,0.5362318840579711,0.463768115942029,0.5793880837359099,0.4314090177133656,1242.0,666.0,576.0,0.7925585539117999,0.1880518726271942,0.5602134885564686,0.46698872785829315,0.5162418387450337,0.9045929500668268,666.0,576.0,1242.0,1.0,0.7334943639291466,481.0,1242.0,1.0,0.38727858293075684,911.0,0.16465422612513722,1.0,0.6978851963746223,16.290000000000003,0.013115942028985509,0.03386694386694388,85.35,-69.06,0.3119323671497584,0.36,0.019291883893426023,0.4581320450885668,0.17705110966127768,0.16465422612513722,0.012396883536140463
catboost,-0.08,-4.0,0.0,1242.0,1.0,0.7492492492492493,0.7152777777777778,0.7322635135135136,0.7334943639291466,0.7334943639291466,0.5362318840579711,0.463768115942029,0.5793880837359099,0.4314090177133656,1242.0,666.0,576.0,0.7925585539117999,0.1880518726271942,0.5602134885564686,0.46698872785829315,0.5162418387450337,0.9045929500668268,666.0,576.0,1242.0,1.0,0.7334943639291466,481.0,1242.0,1.0,0.38727858293075684,911.0,0.16465422612513722,1.0,0.6978851963746223,16.290000000000003,0.013115942028985509,0.03386694386694388,85.35,-69.06,0.3119323671497584,0.36,0.019291883893426023,0.4581320450885668,0.17705110966127768,0.16465422612513722,0.012396883536140463
catboost,-0.075,-4.0,0.0,1242.0,1.0,0.7492492492492493,0.7152777777777778,0.7322635135135136,0.7334943639291466,0.7334943639291466,0.5362318840579711,0.463768115942029,0.5793880837359099,0.4314090177133656,1242.0,666.0,576.0,0.7925585539117999,0.1880518726271942,0.5602134885564686,0.46698872785829315,0.5162418387450337,0.9045929500668268,666.0,576.0,1242.0,1.0,0.7334943639291466,481.0,1242.0,1.0,0.38727858293075684,911.0,0.16465422612513722,1.0,0.6978851963746223,16.290000000000003,0.013115942028985509,0.03386694386694388,85.35,-69.06,0.3119323671497584,0.36,0.019291883893426023,0.4581320450885668,0.17705110966127768,0.16465422612513722,0.012396883536140463
catboost,-0.07,-4.0,0.0,1242.0,1.0,0.7492492492492493,0.7152777777777778,0.7322635135135136,0.7334943639291466,0.7334943639291466,0.5362318840579711,0.463768115942029,0.5793880837359099,0.4314090177133656,1242.0,666.0,576.0,0.7925585539117999,0.1880518726271942,0.5602134885564686,0.46698872785829315,0.5162418387450337,0.9045929500668268,666.0,576.0,1242.0,1.0,0.7334943639291466,481.0,1242.0,1.0,0.38727858293075684,911.0,0.16465422612513722,1.0,0.6978851963746223,16.290000000000003,0.013115942028985509,0.03386694386694388,85.35,-69.06,0.3119323671497584,0.36,0.019291883893426023,0.4581320450885668,0.17705110966127768,0.16465422612513722,0.012396883536140463
catboost,-0.065,-4.0,0.0,1242.0,1.0,0.7492492492492493,0.7152777777777778,0.7322635135135136,0.7334943639291466,0.7334943639291466,0.5362318840579711,0.463768115942029,0.5793880837359099,0.4314090177133656,1242.0,666.0,576.0,0.7925585539117999,0.1880518726271942,0.5602134885564686,0.46698872785829315,0.5162418387450337,0.9045929500668268,666.0,576.0,1242.0,1.0,0.7334943639291466,479.0,1235.0,0.9943639291465378,0.3856682769726248,911.0,0.16355653128430298,1.0,0.696969696969697,16.360000000000003,0.013172302737520132,0.0341544885177453,84.91,-68.55000000000001,0.3092592592592593,0.36,0.019291883893426023,0.4581320450885668,0.17728745623069525,0.16464088397790055,0.012646572252794697
catboost,-0.06,-4.0,0.0,1242.0,1.0,0.7492492492492493,0.7152777777777778,0.7322635135135136,0.7334943639291466,0.7334943639291466,0.5362318840579711,0.463768115942029,0.5793880837359099,0.4314090177133656,1242.0,666.0,576.0,0.7925585539117999,0.1880518726271942,0.5602134885564686,0.46698872785829315,0.5162418387450337,0.9045929500668268,666.0,576.0,1242.0,1.0,0.7334943639291466,475.0,1225.0,0.9863123993558777,0.3824476650563607,911.0,0.16245883644346873,1.0,0.6941896024464832,16.800000000000004,0.013526570048309183,0.03536842105263159,84.27000000000001,-67.47,0.30636070853462155,0.36,0.019291883893426023,0.4581320450885668,0.17787278513359694,0.16481069042316257,0.013062094710434374
catboost,-0.055,-4.0,0.0,1242.0,1.0,0.7492492492492493,0.7152777777777778,0.7322635135135136,0.7334943639291466,0.7334943639291466,0.5362318840579711,0.463768115942029,0.5793880837359099,0.4314090177133656,1242.0,666.0,576.0,0.7925585539117999,0.1880518726271942,0.5602134885564686,0.46698872785829315,0.5162418387450337,0.9045929500668268,666.0,576.0,1242.0,1.0,0.7334943639291466,467.0,1210.0,0.9742351046698873,0.37600644122383253,911.0,0.16245883644346873,1.0,0.6865203761755486,19.73,0.015885668276972624,0.042248394004282666,84.27000000000001,-64.53999999999999,0.30193236714975846,0.36,0.019291883893426023,0.4581320450885668,0.17833403176980903,0.16610549943883277,0.01222853233097626
catboost,-0.05,-4.0,0.0,1242.0,1.0,0.7492492492492493,0.7152777777777778,0.7322635135135136,0.7334943639291466,0.7334943639291466,0.5362318840579711,0.463768115942029,0.5793880837359099,0.4314090177133656,1242.0,666.0,576.0,0.7925585539117999,0.1880518726271942,0.5602134885564686,0.46698872785829315,0.5162418387450337,0.9045929500668268,666.0,576.0,1242.0,1.0,0.7334943639291466,453.0,1195.0,0.962157809983897,0.3647342995169082,911.0,0.15697036223929747,1.0,0.6774193548387096,20.020000000000003,0.016119162640901775,0.04419426048565122,81.12,-61.1,0.29738325281803546,0.36,0.019291883893426023,0.4581320450885668,0.1781504861459476,0.1615819209039548,0.016568565241992822
catboost,-0.045,-4.0,0.0,1242.0,1.0,0.7492492492492493,0.7152777777777778,0.7322635135135136,0.7334943639291466,0.7334943639291466,0.5362318840579711,0.463768115942029,0.5793880837359099,0.4314090177133656,1242.0,666.0,576.0,0.7925585539117999,0.1880518726271942,0.5602134885564686,0.46698872785829315,0.5162418387450337,0.9045929500668268,666.0,576.0,1242.0,1.0,0.7334943639291466,448.0,1185.0,0.9541062801932367,0.3607085346215781,911.0,0.15477497255762898,1.0,0.6742671009771987,20.170000000000005,0.01623993558776168,0.04502232142857144,79.94,-59.769999999999996,0.2940821256038647,0.36,0.019291883893426023,0.4581320450885668,0.1781660150627848,0.16059225512528474,0.017573759937500044
catboost,-0.04,-4.0,0.0,1242.0,1.0,0.7492492492492493,0.7152777777777778,0.7322635135135136,0.7334943639291466,0.7334943639291466,0.5362318840579711,0.463768115942029,0.5793880837359099,0.4314090177133656,1242.0,666.0,576.0,0.7925585539117999,0.1880518726271942,0.5602134885564686,0.46698872785829315,0.5162418387450337,0.9045929500668268,666.0,576.0,1242.0,1.0,0.7334943639291466,446.0,1180.0,0.9500805152979066,0.35909822866344604,911.0,0.15367727771679474,1.0,0.673202614379085,19.990000000000006,0.016095008051529795,0.044820627802690596,79.35,-59.36,0.2923107890499195,0.36,0.019291883893426023,0.4581320450885668,0.17814685292954138,0.16018306636155608,0.017963786567985307
catboost,-0.035,-4.0,0.0,1242.0,1.0,0.7492492492492493,0.7152777777777778,0.7322635135135136,0.7334943639291466,0.7334943639291466,0.5362318840579711,0.463768115942029,0.5793880837359099,0.4314090177133656,1242.0,666.0,576.0,0.7925585539117999,0.1880518726271942,0.5602134885564686,0.46698872785829315,0.5162418387450337,0.9045929500668268,666.0,576.0,1242.0,1.0,0.7334943639291466,433.0,1161.0,0.9347826086956522,0.34863123993558776,911.0,0.14928649835345773,1.0,0.6632996632996633,21.07,0.016964573268921094,0.04866050808314088,76.89,-55.81999999999999,0.28632045088566827,0.36,0.019291883893426023,0.4581320450885668,0.1770057044513189,0.1574074074074074,0.0195982970439115
catboost,-0.03,-4.0,0.0,1242.0,1.0,0.7492492492492493,0.7152777777777778,0.7322635135135136,0.7334943639291466,0.7334943639291466,0.5362318840579711,0.463768115942029,0.5793880837359099,0.4314090177133656,1242.0,666.0,576.0,0.7925585539117999,0.1880518726271942,0.5602134885564686,0.46698872785829315,0.5162418387450337,0.9045929500668268,666.0,576.0,1242.0,1.0,0.7334943639291466,409.0,1119.0,0.9009661835748792,0.32930756843800324,911.0,0.14270032930845225,1.0,0.6415770609318996,24.01,0.0193317230273752,0.05870415647921761,73.1,-49.089999999999996,0.27378421900161026,0.36,0.019291883893426023,0.4581320450885668,0.17551043813832243,0.15476190476190477,0.02074853337641766
catboost,-0.025,-4.0,0.0,1242.0,1.0,0.7492492492492493,0.7152777777777778,0.7322635135135136,0.7334943639291466,0.7334943639291466,0.5362318840579711,0.463768115942029,0.5793880837359099,0.4314090177133656,1242.0,666.0,576.0,0.7925585539117999,0.1880518726271942,0.5602134885564686,0.46698872785829315,0.5162418387450337,0.9045929500668268,666.0,576.0,1242.0,1.0,0.7334943639291466,402.0,1097.0,0.8832528180354268,0.32367149758454106,911.0,0.14050493962678376,1.0,0.635036496350365,25.18,0.020273752012882448,0.06263681592039802,72.12,-46.94,0.2665619967793881,0.36,0.019291883893426023,0.4581320450885668,0.1760440586223534,0.15552855407047386,0.020515504551879532
catboost,-0.02,-4.0,0.0,1242.0,1.0,0.7492492492492493,0.7152777777777778,0.7322635135135136,0.7334943639291466,0.7334943639291466,0.5362318840579711,0.463768115942029,0.5793880837359099,0.4314090177133656,1242.0,666.0,576.0,0.7925585539117999,0.1880518726271942,0.5602134885564686,0.46698872785829315,0.5162418387450337,0.9045929500668268,666.0,576.0,1242.0,1.0,0.7334943639291466,386.0,1063.0,0.855877616747182,0.3107890499194847,911.0,0.13391877058177826,1.0,0.6212121212121212,24.79,0.019959742351046698,0.06422279792746115,68.38,-43.59,0.25638486312399356,0.26,0.019291883893426023,0.4581320450885668,0.1739509709363084,0.15269086357947434,0.021260107356834063
catboost,-0.015,-4.0,0.0,1242.0,1.0,0.7492492492492493,0.7152777777777778,0.7322635135135136,0.7334943639291466,0.7334943639291466,0.5362318840579711,0.463768115942029,0.5793880837359099,0.4314090177133656,1242.0,666.0,576.0,0.7925585539117999,0.1880518726271942,0.5602134885564686,0.46698872785829315,0.5162418387450337,0.9045929500668268,666.0,576.0,1242.0,1.0,0.7334943639291466,374.0,1035.0,0.8333333333333334,0.30112721417069244,911.0,0.12843029637760703,1.0,0.6108949416342413,24.560000000000002,0.019774557165861517,0.06566844919786097,65.38,-40.81999999999999,0.2471417069243156,0.16,0.019291883893426023,0.4581320450885668,0.17253653536791644,0.15038560411311053,0.02215093125480591
catboost,-0.01,-4.0,0.0,1242.0,1.0,0.7492492492492493,0.7152777777777778,0.7322635135135136,0.7334943639291466,0.7334943639291466,0.5362318840579711,0.463768115942029,0.5793880837359099,0.4314090177133656,1242.0,666.0,576.0,0.7925585539117999,0.1880518726271942,0.5602134885564686,0.46698872785829315,0.5162418387450337,0.9045929500668268,666.0,576.0,1242.0,1.0,0.7334943639291466,362.0,1001.0,0.8059581320450886,0.2914653784219002,911.0,0.1251372118551043,1.0,0.6048387096774194,25.279999999999998,0.02035426731078905,0.06983425414364641,63.86,-38.58,0.235877616747182,0.11,0.019291883893426023,0.4581320450885668,0.17338857886939774,0.15139442231075698,0.02199415655864076
catboost,-0.005,-4.0,0.0,1242.0,1.0,0.7492492492492493,0.7152777777777778,0.7322635135135136,0.7334943639291466,0.7334943639291466,0.5362318840579711,0.463768115942029,0.5793880837359099,0.4314090177133656,1242.0,666.0,576.0,0.7925585539117999,0.1880518726271942,0.5602134885564686,0.46698872785829315,0.5162418387450337,0.9045929500668268,666.0,576.0,1242.0,1.0,0.7334943639291466,304.0,897.0,0.7222222222222222,0.24476650563607086,911.0,0.1141602634467618,1.0,0.63,26.060000000000002,0.02098228663446055,0.08572368421052631,57.910000000000004,-31.849999999999998,0.2145088566827697,0.06,0.019291883893426023,0.4581320450885668,0.17012477072584659,0.1492109038737446,0.020913866852101975
catboost,0.0,-4.0,0.0,1242.0,1.0,0.7492492492492493,0.7152777777777778,0.7322635135135136,0.7334943639291466,0.7334943639291466,0.5362318840579711,0.463768115942029,0.5793880837359099,0.4314090177133656,1242.0,666.0,576.0,0.7925585539117999,0.1880518726271942,0.5602134885564686,0.46698872785829315,0.5162418387450337,0.9045929500668268,666.0,576.0,1242.0,1.0,0.7334943639291466,215.0,664.0,0.534621578099839,0.17310789049919484,911.0,0.1119648737650933,1.0,0.7168141592920354,27.05,0.02177938808373591,0.12581395348837213,57.13000000000001,-30.08,0.20357487922705317,0.01,0.019291883893426023,0.4581320450885668,0.21047727265606597,0.1851179673321234,0.025359305323942566
catboost,0.005,-4.0,0.0,1242.0,1.0,0.7492492492492493,0.7152777777777778,0.7322635135135136,0.7334943639291466,0.7334943639291466,0.5362318840579711,0.463768115942029,0.5793880837359099,0.4314090177133656,1242.0,666.0,576.0,0.7925585539117999,0.1880518726271942,0.5602134885564686,0.46698872785829315,0.5162418387450337,0.9045929500668268,666.0,576.0,1242.0,1.0,0.7334943639291466,188.0,570.0,0.45893719806763283,0.15136876006441224,911.0,0.11086717892425905,1.0,0.8505747126436781,26.869999999999997,0.021634460547504022,0.14292553191489366,56.190000000000005,-29.32,0.1989130434782609,0.0,0.019291883893426023,0.4581320450885668,0.23423153584999204,0.20910973084886128,0.02512180500113076
catboost,0.01,-4.0,0.0,1242.0,1.0,0.7492492492492493,0.7152777777777778,0.7322635135135136,0.7334943639291466,0.7334943639291466,0.5362318840579711,0.463768115942029,0.5793880837359099,0.4314090177133656,1242.0,666.0,576.0,0.7925585539117999,0.1880518726271942,0.5602134885564686,0.46698872785829315,0.5162418387450337,0.9045929500668268,666.0,576.0,1242.0,1.0,0.7334943639291466,175.0,535.0,0.4307568438003221,0.14090177133655393,911.0,0.10647639956092206,1.0,0.8461538461538461,27.700000000000003,0.02230273752012883,0.1582857142857143,53.730000000000004,-26.029999999999998,0.18756038647342993,0.0,0.019291883893426023,0.4581320450885668,0.23901988357821013,0.212253829321663,0.026766054256547128
catboost,0.015,-4.0,0.0,1242.0,1.0,0.7492492492492493,0.7152777777777778,0.7322635135135136,0.7334943639291466,0.7334943639291466,0.5362318840579711,0.463768115942029,0.5793880837359099,0.4314090177133656,1242.0,666.0,576.0,0.7925585539117999,0.1880518726271942,0.5602134885564686,0.46698872785829315,0.5162418387450337,0.9045929500668268,666.0,576.0,1242.0,1.0,0.7334943639291466,152.0,479.0,0.3856682769726248,0.12238325281803543,911.0,0.09879253567508232,1.0,0.8064516129032258,29.78,0.023977455716586153,0.19592105263157897,49.849999999999994,-20.07,0.17040257648953303,0.0,0.019291883893426023,0.4581320450885668,0.24324107726589705,0.2158273381294964,0.02741373913640066
catboost,0.02,-4.0,0.0,1242.0,1.0,0.7492492492492493,0.7152777777777778,0.7322635135135136,0.7334943639291466,0.7334943639291466,0.5362318840579711,0.463768115942029,0.5793880837359099,0.4314090177133656,1242.0,666.0,576.0,0.7925585539117999,0.1880518726271942,0.5602134885564686,0.46698872785829315,0.5162418387450337,0.9045929500668268,666.0,576.0,1242.0,1.0,0.7334943639291466,149.0,458.0,0.3687600644122383,0.11996779388083736,911.0,0.09769484083424808,1.0,0.8166666666666667,29.51,0.023760064412238328,0.1980536912751678,49.26,-19.75,0.16306763285024153,0.0,0.019291883893426023,0.4581320450885668,0.24498543648135765,0.2236180904522613,0.021367346029096346
catboost,0.025,-4.0,0.0,1242.0,1.0,0.7492492492492493,0.7152777777777778,0.7322635135135136,0.7334943639291466,0.7334943639291466,0.5362318840579711,0.463768115942029,0.5793880837359099,0.4314090177133656,1242.0,666.0,576.0,0.7925585539117999,0.1880518726271942,0.5602134885564686,0.46698872785829315,0.5162418387450337,0.9045929500668268,666.0,576.0,1242.0,1.0,0.7334943639291466,135.0,420.0,0.33816425120772947,0.10869565217391304,911.0,0.08781558726673985,1.0,0.8,24.5,0.019726247987117553,0.18148148148148147,42.75,-18.25,0.15318035426731078,0.0,0.019291883893426023,0.4581320450885668,0.24861169027964933,0.2191780821917808,0.029433608087868518
catboost,0.03,-4.0,0.0,1242.0,1.0,0.7492492492492493,0.7152777777777778,0.7322635135135136,0.7334943639291466,0.7334943639291466,0.5362318840579711,0.463768115942029,0.5793880837359099,0.4314090177133656,1242.0,666.0,576.0,0.7925585539117999,0.1880518726271942,0.5602134885564686,0.46698872785829315,0.5162418387450337,0.9045929500668268,666.0,576.0,1242.0,1.0,0.7334943639291466,132.0,399.0,0.321256038647343,0.10628019323671498,911.0,0.08781558726673985,1.0,0.8269230769230769,24.73,0.019911433172302737,0.18734848484848485,42.75,-18.02,0.14483896940418678,0.0,0.019291883893426023,0.4581320450885668,0.2554738605881508,0.23054755043227665,0.024926310155874154
catboost,0.035,-4.0,0.0,1242.0,1.0,0.7492492492492493,0.7152777777777778,0.7322635135135136,0.7334943639291466,0.7334943639291466,0.5362318840579711,0.463768115942029,0.5793880837359099,0.4314090177133656,1242.0,666.0,576.0,0.7925585539117999,0.1880518726271942,0.5602134885564686,0.46698872785829315,0.5162418387450337,0.9045929500668268,666.0,576.0,1242.0,1.0,0.7334943639291466,132.0,397.0,0.3196457326892109,0.10628019323671498,911.0,0.08781558726673985,1.0,0.8269230769230769,24.73,0.019911433172302737,0.18734848484848485,42.75,-18.02,0.14389694041867954,0.0,0.019291883893426023,0.4581320450885668,0.25604271490328173,0.2318840579710145,0.024158656932267236
catboost,0.04,-4.0,0.0,1242.0,1.0,0.7492492492492493,0.7152777777777778,0.7322635135135136,0.7334943639291466,0.7334943639291466,0.5362318840579711,0.463768115942029,0.5793880837359099,0.4314090177133656,1242.0,666.0,576.0,0.7925585539117999,0.1880518726271942,0.5602134885564686,0.46698872785829315,0.5162418387450337,0.9045929500668268,666.0,576.0,1242.0,1.0,0.7334943639291466,123.0,370.0,0.29790660225442833,0.09903381642512077,911.0,0.08232711306256861,1.0,0.8125,24.020000000000003,0.019339774557165863,0.19528455284552845,40.3,-16.28,0.13470209339774558,0.0,0.019291883893426023,0.4581320450885668,0.26064779775362756,0.2329192546583851,0.027728543095242475
catboost,0.045,-4.0,0.0,1242.0,1.0,0.7492492492492493,0.7152777777777778,0.7322635135135136,0.7334943639291466,0.7334943639291466,0.5362318840579711,0.463768115942029,0.5793880837359099,0.4314090177133656,1242.0,666.0,576.0,0.7925585539117999,0.1880518726271942,0.5602134885564686,0.46698872785829315,0.5162418387450337,0.9045929500668268,666.0,576.0,1242.0,1.0,0.7334943639291466,111.0,334.0,0.2689210950080515,0.0893719806763285,911.0,0.07354555433589462,1.0,0.8181818181818182,20.94,0.01685990338164251,0.18864864864864864,35.480000000000004,-14.54,0.12197262479871177,0.0,0.019291883893426023,0.4581320450885668,0.26370373690657434,0.23103448275862068,0.03266925414795366
catboost,0.05,-4.0,0.0,1242.0,1.0,0.7492492492492493,0.7152777777777778,0.7322635135135136,0.7334943639291466,0.7334943639291466,0.5362318840579711,0.463768115942029,0.5793880837359099,0.4314090177133656,1242.0,666.0,576.0,0.7925585539117999,0.1880518726271942,0.5602134885564686,0.46698872785829315,0.5162418387450337,0.9045929500668268,666.0,576.0,1242.0,1.0,0.7334943639291466,98.0,276.0,0.2222222222222222,0.07890499194847021,911.0,0.06476399560922064,1.0,0.8205128205128205,18.57,0.014951690821256039,0.1894897959183674,31.36,-12.79,0.0981159420289855,0.0,0.019291883893426023,0.4581320450885668,0.2794739888743685,0.2489451476793249,0.030528841195043566
catboost,0.055,-4.0,0.0,1242.0,1.0,0.7492492492492493,0.7152777777777778,0.7322635135135136,0.7334943639291466,0.7334943639291466,0.5362318840579711,0.463768115942029,0.5793880837359099,0.4314090177133656,1242.0,666.0,576.0,0.7925585539117999,0.1880518726271942,0.5602134885564686,0.46698872785829315,0.5162418387450337,0.9045929500668268,666.0,576.0,1242.0,1.0,0.7334943639291466,87.0,251.0,0.20209339774557167,0.07004830917874397,911.0,0.0570801317233809,1.0,0.8571428571428571,16.23,0.013067632850241546,0.186551724137931,27.58,-11.35,0.08917874396135266,0.0,0.019291883893426023,0.4581320450885668,0.28453880112881763,0.24074074074074073,0.043798060388076904
catboost,0.06,-4.0,0.0,1242.0,1.0,0.7492492492492493,0.7152777777777778,0.7322635135135136,0.7334943639291466,0.7334943639291466,0.5362318840579711,0.463768115942029,0.5793880837359099,0.4314090177133656,1242.0,666.0,576.0,0.7925585539117999,0.1880518726271942,0.5602134885564686,0.46698872785829315,0.5162418387450337,0.9045929500668268,666.0,576.0,1242.0,1.0,0.7334943639291466,76.0,215.0,0.17310789049919484,0.061191626409017714,911.0,0.050493962678375415,1.0,0.8666666666666667,15.190000000000001,0.012230273752012884,0.19986842105263158,24.64,-9.45,0.07576489533011271,0.0,0.019291883893426023,0.4581320450885668,0.28562337781772074,0.24864864864864866,0.036974729169072074
catboost,0.065,-4.0,0.0,1242.0,1.0,0.7492492492492493,0.7152777777777778,0.7322635135135136,0.7334943639291466,0.7334943639291466,0.5362318840579711,0.463768115942029,0.5793880837359099,0.4314090177133656,1242.0,666.0,576.0,0.7925585539117999,0.1880518726271942,0.5602134885564686,0.46698872785829315,0.5162418387450337,0.9045929500668268,666.0,576.0,1242.0,1.0,0.7334943639291466,60.0,177.0,0.14251207729468598,0.04830917874396135,911.0,0.038419319429198684,1.0,0.84,11.75,0.009460547504025765,0.19583333333333336,19.05,-7.299999999999999,0.06076489533011272,0.0,0.019291883893426023,0.4581320450885668,0.28765301936080645,0.23026315789473684,0.057389861466069614
catboost,0.07,-4.0,0.0,1242.0,1.0,0.7492492492492493,0.7152777777777778,0.7322635135135136,0.7334943639291466,0.7334943639291466,0.5362318840579711,0.463768115942029,0.5793880837359099,0.4314090177133656,1242.0,666.0,576.0,0.7925585539117999,0.1880518726271942,0.5602134885564686,0.46698872785829315,0.5162418387450337,0.9045929500668268,666.0,576.0,1242.0,1.0,0.7334943639291466,55.0,160.0,0.1288244766505636,0.04428341384863124,911.0,0.03402854006586169,1.0,0.8333333333333334,10.05,0.008091787439613527,0.18272727272727274,17.14,-7.09,0.05338164251207729,0.0,0.019291883893426023,0.4581320450885668,0.29471125009514076,0.22794117647058823,0.06677007362455253
catboost,0.075,-4.0,0.0,1242.0,1.0,0.7492492492492493,0.7152777777777778,0.7322635135135136,0.7334943639291466,0.7334943639291466,0.5362318840579711,0.463768115942029,0.5793880837359099,0.4314090177133656,1242.0,666.0,576.0,0.7925585539117999,0.1880518726271942,0.5602134885564686,0.46698872785829315,0.5162418387450337,0.9045929500668268,666.0,576.0,1242.0,1.0,0.7334943639291466,54.0,157.0,0.12640901771336555,0.043478260869565216,911.0,0.03402854006586169,1.0,0.8260869565217391,10.31,0.008301127214170693,0.19092592592592594,17.14,-6.83,0.0526731078904992,0.0,0.019291883893426023,0.4581320450885668,0.29632166895009526,0.23134328358208955,0.06497838536800571
catboost,0.08,-4.0,0.0,1242.0,1.0,0.7492492492492493,0.7152777777777778,0.7322635135135136,0.7334943639291466,0.7334943639291466,0.5362318840579711,0.463768115942029,0.5793880837359099,0.4314090177133656,1242.0,666.0,576.0,0.7925585539117999,0.1880518726271942,0.5602134885564686,0.46698872785829315,0.5162418387450337,0.9045929500668268,666.0,576.0,1242.0,1.0,0.7334943639291466,53.0,144.0,0.11594202898550725,0.0426731078904992,911.0,0.03293084522502744,1.0,0.8260869565217391,9.77,0.00786634460547504,0.18433962264150944,16.599999999999998,-6.83,0.04741545893719808,0.0,0.019291883893426023,0.4581320450885668,0.30049931379346345,0.24793388429752067,0.052565429495942784
catboost,0.085,-4.0,0.0,1242.0,1.0,0.7492492492492493,0.7152777777777778,0.7322635135135136,0.7334943639291466,0.7334943639291466,0.5362318840579711,0.463768115942029,0.5793880837359099,0.4314090177133656,1242.0,666.0,576.0,0.7925585539117999,0.1880518726271942,0.5602134885564686,0.46698872785829315,0.5162418387450337,0.9045929500668268,666.0,576.0,1242.0,1.0,0.7334943639291466,49.0,124.0,0.0998389694041868,0.039452495974235106,911.0,0.030735455543358946,1.0,0.8095238095238095,9.11,0.007334943639291465,0.18591836734693876,15.419999999999998,-6.3100000000000005,0.04033011272141707,0.0,0.019291883893426023,0.4581320450885668,0.3086468643229638,0.27184466019417475,0.03680220412878904
catboost,0.09,-4.0,0.0,1242.0,1.0,0.7492492492492493,0.7152777777777778,0.7322635135135136,0.7334943639291466,0.7334943639291466,0.5362318840579711,0.463768115942029,0.5793880837359099,0.4314090177133656,1242.0,666.0,576.0,0.7925585539117999,0.1880518726271942,0.5602134885564686,0.46698872785829315,0.5162418387450337,0.9045929500668268,666.0,576.0,1242.0,1.0,0.7334943639291466,43.0,112.0,0.09017713365539452,0.03462157809983897,911.0,0.029637760702524697,1.0,0.8125,10.12,0.008148148148148147,0.2353488372093023,14.829999999999998,-4.710000000000001,0.037616747181964574,0.0,0.019291883893426023,0.4581320450885668,0.3163326869753648,0.28125,0.03508268697536482
catboost,0.095,-4.0,0.0,1242.0,1.0,0.7492492492492493,0.7152777777777778,0.7322635135135136,0.7334943639291466,0.7334943639291466,0.5362318840579711,0.463768115942029,0.5793880837359099,0.4314090177133656,1242.0,666.0,576.0,0.7925585539117999,0.1880518726271942,0.5602134885564686,0.46698872785829315,0.5162418387450337,0.9045929500668268,666.0,576.0,1242.0,1.0,0.7334943639291466,41.0,108.0,0.08695652173913043,0.033011272141706925,911.0,0.02854006586169045,1.0,0.8,9.889999999999999,0.007962962962962962,0.24121951219512192,14.09,-4.2,0.03617552334943639,0.0,0.019291883893426023,0.4581320450885668,0.3162237329907077,0.27956989247311825,0.036653840517589464
catboost,0.1,-4.0,0.0,1242.0,1.0,0.7492492492492493,0.7152777777777778,0.7322635135135136,0.7334943639291466,0.7334943639291466,0.5362318840579711,0.463768115942029,0.5793880837359099,0.4314090177133656,1242.0,666.0,576.0,0.7925585539117999,0.1880518726271942,0.5602134885564686,0.46698872785829315,0.5162418387450337,0.9045929500668268,666.0,576.0,1242.0,1.0,0.7334943639291466,33.0,82.0,0.06602254428341385,0.026570048309178744,911.0,0.02305159165751921,1.0,0.75,8.22,0.006618357487922706,0.24909090909090906,11.24,-3.02,0.027230273752012882,0.0,0.019291883893426023,0.4581320450885668,0.3179618897888251,0.3,0.017961889788825125
catboost,0.105,-4.0,0.0,1242.0,1.0,0.7492492492492493,0.7152777777777778,0.7322635135135136,0.7334943639291466,0.7334943639291466,0.5362318840579711,0.463768115942029,0.5793880837359099,0.4314090177133656,1242.0,666.0,576.0,0.7925585539117999,0.1880518726271942,0.5602134885564686,0.46698872785829315,0.5162418387450337,0.9045929500668268,666.0,576.0,1242.0,1.0,0.7334943639291466,29.0,74.0,0.05958132045088567,0.023349436392914653,911.0,0.019758507135016465,1.0,0.7272727272727273,6.609999999999999,0.005322061191626409,0.22793103448275867,9.120000000000001,-2.51,0.024669887278582932,0.0,0.019291883893426023,0.4581320450885668,0.31301833179702837,0.2857142857142857,0.027304046082742672
catboost,0.11,-4.0,0.0,1242.0,1.0,0.7492492492492493,0.7152777777777778,0.7322635135135136,0.7334943639291466,0.7334943639291466,0.5362318840579711,0.463768115942029,0.5793880837359099,0.4314090177133656,1242.0,666.0,576.0,0.7925585539117999,0.1880518726271942,0.5602134885564686,0.46698872785829315,0.5162418387450337,0.9045929500668268,666.0,576.0,1242.0,1.0,0.7334943639291466,26.0,61.0,0.04911433172302738,0.020933977455716585,911.0,0.018660812294182216,1.0,0.6666666666666666,6.74,0.0054267310789049925,0.25923076923076926,8.629999999999999,-1.8900000000000001,0.020579710144927536,0.0,0.019291883893426023,0.4581320450885668,0.32323172698120356,0.3269230769230769,-0.0036913499418733675
catboost,0.115,-4.0,0.0,1242.0,1.0,0.7492492492492493,0.7152777777777778,0.7322635135135136,0.7334943639291466,0.7334943639291466,0.5362318840579711,0.463768115942029,0.5793880837359099,0.4314090177133656,1242.0,666.0,576.0,0.7925585539117999,0.1880518726271942,0.5602134885564686,0.46698872785829315,0.5162418387450337,0.9045929500668268,666.0,576.0,1242.0,1.0,0.7334943639291466,26.0,58.0,0.04669887278582931,0.020933977455716585,911.0,0.018660812294182216,1.0,0.6666666666666666,6.74,0.0054267310789049925,0.25923076923076926,8.629999999999999,-1.8900000000000001,0.019347826086956524,0.0,0.019291883893426023,0.4581320450885668,0.3273896399227362,0.3469387755102041,-0.019549135587467903
catboost,0.12,-4.0,0.0,1242.0,1.0,0.7492492492492493,0.7152777777777778,0.7322635135135136,0.7334943639291466,0.7334943639291466,0.5362318840579711,0.463768115942029,0.5793880837359099,0.4314090177133656,1242.0,666.0,576.0,0.7925585539117999,0.1880518726271942,0.5602134885564686,0.46698872785829315,0.5162418387450337,0.9045929500668268,666.0,576.0,1242.0,1.0,0.7334943639291466,21.0,50.0,0.040257648953301126,0.016908212560386472,911.0,0.01646542261251372,1.0,0.5,6.09,0.0049033816425120775,0.2900000000000001,7.35,-1.2600000000000002,0.017431561996779386,0.0,0.019291883893426023,0.4581320450885668,0.3244481578336222,0.3409090909090909,-0.016460933075468698
catboost,0.125,-4.0,0.0,1242.0,1.0,0.7492492492492493,0.7152777777777778,0.7322635135135136,0.7334943639291466,0.7334943639291466,0.5362318840579711,0.463768115942029,0.5793880837359099,0.4314090177133656,1242.0,666.0,576.0,0.7925585539117999,0.1880518726271942,0.5602134885564686,0.46698872785829315,0.5162418387450337,0.9045929500668268,666.0,576.0,1242.0,1.0,0.7334943639291466,12.0,32.0,0.02576489533011272,0.00966183574879227,911.0,0.006586169045005488,1.0,0.5,1.8800000000000001,0.0015136876006441224,0.15666666666666668,3.14,-1.2600000000000002,0.009758454106280193,0.0,0.019291883893426023,0.4581320450885668,0.34528743579401094,0.23076923076923078,0.11451820502478016
catboost,0.13,-4.0,0.0,1242.0,1.0,0.7492492492492493,0.7152777777777778,0.7322635135135136,0.7334943639291466,0.7334943639291466,0.5362318840579711,0.463768115942029,0.5793880837359099,0.4314090177133656,1242.0,666.0,576.0,0.7925585539117999,0.1880518726271942,0.5602134885564686,0.46698872785829315,0.5162418387450337,0.9045929500668268,666.0,576.0,1242.0,1.0,0.7334943639291466,10.0,25.0,0.020128824476650563,0.008051529790660225,911.0,0.0043907793633369925,1.0,0.5,0.8,0.0006441223832528181,0.08,2.06,-1.2600000000000002,0.007568438003220612,0.0,0.019291883893426023,0.4581320450885668,0.3420881336467046,0.21052631578947367,0.13156181785723092
catboost,0.135,-4.0,0.0,1242.0,1.0,0.7492492492492493,0.7152777777777778,0.7322635135135136,0.7334943639291466,0.7334943639291466,0.5362318840579711,0.463768115942029,0.5793880837359099,0.4314090177133656,1242.0,666.0,576.0,0.7925585539117999,0.1880518726271942,0.5602134885564686,0.46698872785829315,0.5162418387450337,0.9045929500668268,666.0,576.0,1242.0,1.0,0.7334943639291466,10.0,22.0,0.017713365539452495,0.008051529790660225,911.0,0.0043907793633369925,1.0,0.5,0.8,0.0006441223832528181,0.08,2.06,-1.2600000000000002,0.006578099838969404,0.0,0.019291883893426023,0.4581320450885668,0.34308807467973135,0.25,0.09308807467973135
catboost,0.14,-4.0,0.0,1242.0,1.0,0.7492492492492493,0.7152777777777778,0.7322635135135136,0.7334943639291466,0.7334943639291466,0.5362318840579711,0.463768115942029,0.5793880837359099,0.4314090177133656,1242.0,666.0,576.0,0.7925585539117999,0.1880518726271942,0.5602134885564686,0.46698872785829315,0.5162418387450337,0.9045929500668268,666.0,576.0,1242.0,1.0,0.7334943639291466,10.0,20.0,0.01610305958132045,0.008051529790660225,911.0,0.0043907793633369925,1.0,0.5,0.8,0.0006441223832528181,0.08,2.06,-1.2600000000000002,0.005998389694041868,0.0,0.019291883893426023,0.4581320450885668,0.34369156586774485,0.2857142857142857,0.057977280153459154
catboost,0.145,-4.0,0.0,1242.0,1.0,0.7492492492492493,0.7152777777777778,0.7322635135135136,0.7334943639291466,0.7334943639291466,0.5362318840579711,0.463768115942029,0.5793880837359099,0.4314090177133656,1242.0,666.0,576.0,0.7925585539117999,0.1880518726271942,0.5602134885564686,0.46698872785829315,0.5162418387450337,0.9045929500668268,666.0,576.0,1242.0,1.0,0.7334943639291466,9.0,19.0,0.015297906602254429,0.007246376811594203,911.0,0.003293084522502744,1.0,0.5,0.31000000000000005,0.00024959742351046704,0.03444444444444445,1.57,-1.2600000000000002,0.005587761674718196,0.0,0.019291883893426023,0.4581320450885668,0.34021484871227226,0.23076923076923078,0.10944561794304147
catboost,0.15,-4.0,0.0,1242.0,1.0,0.7492492492492493,0.7152777777777778,0.7322635135135136,0.7334943639291466,0.7334943639291466,0.5362318840579711,0.463768115942029,0.5793880837359099,0.4314090177133656,1242.0,666.0,576.0,0.7925585539117999,0.1880518726271942,0.5602134885564686,0.46698872785829315,0.5162418387450337,0.9045929500668268,666.0,576.0,1242.0,1.0,0.7334943639291466,7.0,15.0,0.012077294685990338,0.005636070853462158,911.0,0.003293084522502744,1.0,0.25,0.8800000000000001,0.0007085346215780999,0.12571428571428572,1.57,-0.69,0.004428341384863124,0.0,0.019291883893426023,0.4581320450885668,0.3429149279019331,0.2727272727272727,0.07018765517466041
catboost,0.155,-4.0,0.0,1242.0,1.0,0.7492492492492493,0.7152777777777778,0.7322635135135136,0.7334943639291466,0.7334943639291466,0.5362318840579711,0.463768115942029,0.5793880837359099,0.4314090177133656,1242.0,666.0,576.0,0.7925585539117999,0.1880518726271942,0.5602134885564686,0.46698872785829315,0.5162418387450337,0.9045929500668268,666.0,576.0,1242.0,1.0,0.7334943639291466,6.0,14.0,0.011272141706924315,0.004830917874396135,911.0,0.0021953896816684962,1.0,0.25,0.3900000000000001,0.0003140096618357489,0.06500000000000002,1.08,-0.69,0.004017713365539453,0.0,0.019291883893426023,0.4581320450885668,0.3276064206921264,0.2,0.1276064206921264
catboost,0.16,-4.0,0.0,1242.0,1.0,0.7492492492492493,0.7152777777777778,0.7322635135135136,0.7334943639291466,0.7334943639291466,0.5362318840579711,0.463768115942029,0.5793880837359099,0.4314090177133656,1242.0,666.0,576.0,0.7925585539117999,0.1880518726271942,0.5602134885564686,0.46698872785829315,0.5162418387450337,0.9045929500668268,666.0,576.0,1242.0,1.0,0.7334943639291466,6.0,11.0,0.008856682769726247,0.004830917874396135,911.0,0.0021953896816684962,1.0,0.25,0.3900000000000001,0.0003140096618357489,0.06500000000000002,1.08,-0.69,0.002987117552334943,0.0,0.019291883893426023,0.4581320450885668,0.34006435287100784,0.2857142857142857,0.05435006715672214
catboost,0.165,-4.0,0.0,1242.0,1.0,0.7492492492492493,0.7152777777777778,0.7322635135135136,0.7334943639291466,0.7334943639291466,0.5362318840579711,0.463768115942029,0.5793880837359099,0.4314090177133656,1242.0,666.0,576.0,0.7925585539117999,0.1880518726271942,0.5602134885564686,0.46698872785829315,0.5162418387450337,0.9045929500668268,666.0,576.0,1242.0,1.0,0.7334943639291466,6.0,10.0,0.008051529790660225,0.004830917874396135,911.0,0.0021953896816684962,1.0,0.25,0.3900000000000001,0.0003140096618357489,0.06500000000000002,1.08,-0.69,0.0026167471819645727,0.0,0.019291883893426023,0.4581320450885668,0.3428201763887248,0.3333333333333333,0.009486843055391492
catboost,0.17,-4.0,0.0,1242.0,1.0,0.7492492492492493,0.7152777777777778,0.7322635135135136,0.7334943639291466,0.7334943639291466,0.5362318840579711,0.463768115942029,0.5793880837359099,0.4314090177133656,1242.0,666.0,576.0,0.7925585539117999,0.1880518726271942,0.5602134885564686,0.46698872785829315,0.5162418387450337,0.9045929500668268,666.0,576.0,1242.0,1.0,0.7334943639291466,4.0,8.0,0.00644122383252818,0.00322061191626409,911.0,0.0,1.0,0.25,-0.69,-0.0005555555555555556,-0.1725,0.0,-0.69,0.0018760064412238322,0.0,0.019291883893426023,0.4581320450885668,0.3444500448028674,0.0,0.3444500448028674
catboost,0.175,-4.0,0.0,1242.0,1.0,0.7492492492492493,0.7152777777777778,0.7322635135135136,0.7334943639291466,0.7334943639291466,0.5362318840579711,0.463768115942029,0.5793880837359099,0.4314090177133656,1242.0,666.0,576.0,0.7925585539117999,0.1880518726271942,0.5602134885564686,0.46698872785829315,0.5162418387450337,0.9045929500668268,666.0,576.0,1242.0,1.0,0.7334943639291466,4.0,8.0,0.00644122383252818,0.00322061191626409,911.0,0.0,1.0,0.25,-0.69,-0.0005555555555555556,-0.1725,0.0,-0.69,0.0018760064412238322,0.0,0.019291883893426023,0.4581320450885668,0.3444500448028674,0.0,0.3444500448028674
catboost,0.18,-4.0,0.0,1242.0,1.0,0.7492492492492493,0.7152777777777778,0.7322635135135136,0.7334943639291466,0.7334943639291466,0.5362318840579711,0.463768115942029,0.5793880837359099,0.4314090177133656,1242.0,666.0,576.0,0.7925585539117999,0.1880518726271942,0.5602134885564686,0.46698872785829315,0.5162418387450337,0.9045929500668268,666.0,576.0,1242.0,1.0,0.7334943639291466,4.0,5.0,0.004025764895330112,0.00322061191626409,911.0,0.0,1.0,0.25,-0.69,-0.0005555555555555556,-0.1725,0.0,-0.69,0.0008051529790660225,0.0,0.019291883893426023,0.4581320450885668,0.34375,0.0,0.34375
catboost,0.185,-4.0,0.0,1242.0,1.0,0.7492492492492493,0.7152777777777778,0.7322635135135136,0.7334943639291466,0.7334943639291466,0.5362318840579711,0.463768115942029,0.5793880837359099,0.4314090177133656,1242.0,666.0,576.0,0.7925585539117999,0.1880518726271942,0.5602134885564686,0.46698872785829315,0.5162418387450337,0.9045929500668268,666.0,576.0,1242.0,1.0,0.7334943639291466,4.0,5.0,0.004025764895330112,0.00322061191626409,911.0,0.0,1.0,0.25,-0.69,-0.0005555555555555556,-0.1725,0.0,-0.69,0.0008051529790660225,0.0,0.019291883893426023,0.4581320450885668,0.34375,0.0,0.34375
catboost,0.19,-4.0,0.0,1242.0,1.0,0.7492492492492493,0.7152777777777778,0.7322635135135136,0.7334943639291466,0.7334943639291466,0.5362318840579711,0.463768115942029,0.5793880837359099,0.4314090177133656,1242.0,666.0,576.0,0.7925585539117999,0.1880518726271942,0.5602134885564686,0.46698872785829315,0.5162418387450337,0.9045929500668268,666.0,576.0,1242.0,1.0,0.7334943639291466,4.0,5.0,0.004025764895330112,0.00322061191626409,911.0,0.0,1.0,0.25,-0.69,-0.0005555555555555556,-0.1725,0.0,-0.69,0.0008051529790660225,0.0,0.019291883893426023,0.4581320450885668,0.34375,0.0,0.34375
catboost,0.195,-4.0,0.0,1242.0,1.0,0.7492492492492493,0.7152777777777778,0.7322635135135136,0.7334943639291466,0.7334943639291466,0.5362318840579711,0.463768115942029,0.5793880837359099,0.4314090177133656,1242.0,666.0,576.0,0.7925585539117999,0.1880518726271942,0.5602134885564686,0.46698872785829315,0.5162418387450337,0.9045929500668268,666.0,576.0,1242.0,1.0,0.7334943639291466,3.0,4.0,0.00322061191626409,0.0024154589371980675,911.0,0.0,1.0,0.3333333333333333,-0.33,-0.00026570048309178745,-0.11,0.0,-0.33,0.0005152979066022544,0.0,0.019291883893426023,0.4581320450885668,0.34375,0.0,0.34375
catboost,0.2,-4.0,0.0,1242.0,1.0,0.7492492492492493,0.7152777777777778,0.7322635135135136,0.7334943639291466,0.7334943639291466,0.5362318840579711,0.463768115942029,0.5793880837359099,0.4314090177133656,1242.0,666.0,576.0,0.7925585539117999,0.1880518726271942,0.5602134885564686,0.46698872785829315,0.5162418387450337,0.9045929500668268,666.0,576.0,1242.0,1.0,0.7334943639291466,3.0,3.0,0.0024154589371980675,0.0024154589371980675,911.0,0.0,1.0,0.3333333333333333,-0.33,-0.00026570048309178745,-0.11,0.0,-0.33,0.00026570048309178745,0.0,0.019291883893426023,0.4581320450885668,,,
catboost,-0.25,-3.0,0.0,1242.0,1.0,0.7492492492492493,0.7152777777777778,0.7322635135135136,0.7334943639291466,0.7334943639291466,0.5362318840579711,0.463768115942029,0.5793880837359099,0.4314090177133656,1242.0,666.0,576.0,0.7925585539117999,0.1880518726271942,0.5602134885564686,0.46698872785829315,0.5162418387450337,0.9045929500668268,666.0,576.0,1242.0,1.0,0.7334943639291466,547.0,1242.0,1.0,0.44041867954911434,911.0,0.23710208562019758,1.0,0.7462235649546828,32.43000000000001,0.026111111111111116,0.05928702010968921,112.49,-80.06,0.35239130434782606,0.41,0.027911707131132796,0.4492753623188406,0.2411805979151809,0.23710208562019758,0.004078512294983322
catboost,-0.245,-3.0,0.0,1242.0,1.0,0.7492492492492493,0.7152777777777778,0.7322635135135136,0.7334943639291466,0.7334943639291466,0.5362318840579711,0.463768115942029,0.5793880837359099,0.4314090177133656,1242.0,666.0,576.0,0.7925585539117999,0.1880518726271942,0.5602134885564686,0.46698872785829315,0.5162418387450337,0.9045929500668268,666.0,576.0,1242.0,1.0,0.7334943639291466,547.0,1242.0,1.0,0.44041867954911434,911.0,0.23710208562019758,1.0,0.7462235649546828,32.43000000000001,0.026111111111111116,0.05928702010968921,112.49,-80.06,0.35239130434782606,0.41,0.027911707131132796,0.4492753623188406,0.2411805979151809,0.23710208562019758,0.004078512294983322
catboost,-0.24,-3.0,0.0,1242.0,1.0,0.7492492492492493,0.7152777777777778,0.7322635135135136,0.7334943639291466,0.7334943639291466,0.5362318840579711,0.463768115942029,0.5793880837359099,0.4314090177133656,1242.0,666.0,576.0,0.7925585539117999,0.1880518726271942,0.5602134885564686,0.46698872785829315,0.5162418387450337,0.9045929500668268,666.0,576.0,1242.0,1.0,0.7334943639291466,547.0,1242.0,1.0,0.44041867954911434,911.0,0.23710208562019758,1.0,0.7462235649546828,32.43000000000001,0.026111111111111116,0.05928702010968921,112.49,-80.06,0.35239130434782606,0.41,0.027911707131132796,0.4492753623188406,0.2411805979151809,0.23710208562019758,0.004078512294983322
catboost,-0.235,-3.0,0.0,1242.0,1.0,0.7492492492492493,0.7152777777777778,0.7322635135135136,0.7334943639291466,0.7334943639291466,0.5362318840579711,0.463768115942029,0.5793880837359099,0.4314090177133656,1242.0,666.0,576.0,0.7925585539117999,0.1880518726271942,0.5602134885564686,0.46698872785829315,0.5162418387450337,0.9045929500668268,666.0,576.0,1242.0,1.0,0.7334943639291466,547.0,1242.0,1.0,0.44041867954911434,911.0,0.23710208562019758,1.0,0.7462235649546828,32.43000000000001,0.026111111111111116,0.05928702010968921,112.49,-80.06,0.35239130434782606,0.41,0.027911707131132796,0.4492753623188406,0.2411805979151809,0.23710208562019758,0.004078512294983322
catboost,-0.23,-3.0,0.0,1242.0,1.0,0.7492492492492493,0.7152777777777778,0.7322635135135136,0.7334943639291466,0.7334943639291466,0.5362318840579711,0.463768115942029,0.5793880837359099,0.4314090177133656,1242.0,666.0,576.0,0.7925585539117999,0.1880518726271942,0.5602134885564686,0.46698872785829315,0.5162418387450337,0.9045929500668268,666.0,576.0,1242.0,1.0,0.7334943639291466,547.0,1242.0,1.0,0.44041867954911434,911.0,0.23710208562019758,1.0,0.7462235649546828,32.43000000000001,0.026111111111111116,0.05928702010968921,112.49,-80.06,0.35239130434782606,0.41,0.027911707131132796,0.4492753623188406,0.2411805979151809,0.23710208562019758,0.004078512294983322
catboost,-0.225,-3.0,0.0,1242.0,1.0,0.7492492492492493,0.7152777777777778,0.7322635135135136,0.7334943639291466,0.7334943639291466,0.5362318840579711,0.463768115942029,0.5793880837359099,0.4314090177133656,1242.0,666.0,576.0,0.7925585539117999,0.1880518726271942,0.5602134885564686,0.46698872785829315,0.5162418387450337,0.9045929500668268,666.0,576.0,1242.0,1.0,0.7334943639291466,547.0,1242.0,1.0,0.44041867954911434,911.0,0.23710208562019758,1.0,0.7462235649546828,32.43000000000001,0.026111111111111116,0.05928702010968921,112.49,-80.06,0.35239130434782606,0.41,0.027911707131132796,0.4492753623188406,0.2411805979151809,0.23710208562019758,0.004078512294983322
catboost,-0.22,-3.0,0.0,1242.0,1.0,0.7492492492492493,0.7152777777777778,0.7322635135135136,0.7334943639291466,0.7334943639291466,0.5362318840579711,0.463768115942029,0.5793880837359099,0.4314090177133656,1242.0,666.0,576.0,0.7925585539117999,0.1880518726271942,0.5602134885564686,0.46698872785829315,0.5162418387450337,0.9045929500668268,666.0,576.0,1242.0,1.0,0.7334943639291466,547.0,1242.0,1.0,0.44041867954911434,911.0,0.23710208562019758,1.0,0.7462235649546828,32.43000000000001,0.026111111111111116,0.05928702010968921,112.49,-80.06,0.35239130434782606,0.41,0.027911707131132796,0.4492753623188406,0.2411805979151809,0.23710208562019758,0.004078512294983322
catboost,-0.215,-3.0,0.0,1242.0,1.0,0.7492492492492493,0.7152777777777778,0.7322635135135136,0.7334943639291466,0.7334943639291466,0.5362318840579711,0.463768115942029,0.5793880837359099,0.4314090177133656,1242.0,666.0,576.0,0.7925585539117999,0.1880518726271942,0.5602134885564686,0.46698872785829315,0.5162418387450337,0.9045929500668268,666.0,576.0,1242.0,1.0,0.7334943639291466,547.0,1242.0,1.0,0.44041867954911434,911.0,0.23710208562019758,1.0,0.7462235649546828,32.43000000000001,0.026111111111111116,0.05928702010968921,112.49,-80.06,0.35239130434782606,0.41,0.027911707131132796,0.4492753623188406,0.2411805979151809,0.23710208562019758,0.004078512294983322
catboost,-0.21,-3.0,0.0,1242.0,1.0,0.7492492492492493,0.7152777777777778,0.7322635135135136,0.7334943639291466,0.7334943639291466,0.5362318840579711,0.463768115942029,0.5793880837359099,0.4314090177133656,1242.0,666.0,576.0,0.7925585539117999,0.1880518726271942,0.5602134885564686,0.46698872785829315,0.5162418387450337,0.9045929500668268,666.0,576.0,1242.0,1.0,0.7334943639291466,547.0,1242.0,1.0,0.44041867954911434,911.0,0.23710208562019758,1.0,0.7462235649546828,32.43000000000001,0.026111111111111116,0.05928702010968921,112.49,-80.06,0.35239130434782606,0.41,0.027911707131132796,0.4492753623188406,0.2411805979151809,0.23710208562019758,0.004078512294983322
catboost,-0.205,-3.0,0.0,1242.0,1.0,0.7492492492492493,0.7152777777777778,0.7322635135135136,0.7334943639291466,0.7334943639291466,0.5362318840579711,0.463768115942029,0.5793880837359099,0.4314090177133656,1242.0,666.0,576.0,0.7925585539117999,0.1880518726271942,0.5602134885564686,0.46698872785829315,0.5162418387450337,0.9045929500668268,666.0,576.0,1242.0,1.0,0.7334943639291466,547.0,1242.0,1.0,0.44041867954911434,911.0,0.23710208562019758,1.0,0.7462235649546828,32.43000000000001,0.026111111111111116,0.05928702010968921,112.49,-80.06,0.35239130434782606,0.41,0.027911707131132796,0.4492753623188406,0.2411805979151809,0.23710208562019758,0.004078512294983322
catboost,-0.2,-3.0,0.0,1242.0,1.0,0.7492492492492493,0.7152777777777778,0.7322635135135136,0.7334943639291466,0.7334943639291466,0.5362318840579711,0.463768115942029,0.5793880837359099,0.4314090177133656,1242.0,666.0,576.0,0.7925585539117999,0.1880518726271942,0.5602134885564686,0.46698872785829315,0.5162418387450337,0.9045929500668268,666.0,576.0,1242.0,1.0,0.7334943639291466,547.0,1242.0,1.0,0.44041867954911434,911.0,0.23710208562019758,1.0,0.7462235649546828,32.43000000000001,0.026111111111111116,0.05928702010968921,112.49,-80.06,0.35239130434782606,0.41,0.027911707131132796,0.4492753623188406,0.2411805979151809,0.23710208562019758,0.004078512294983322
catboost,-0.195,-3.0,0.0,1242.0,1.0,0.7492492492492493,0.7152777777777778,0.7322635135135136,0.7334943639291466,0.7334943639291466,0.5362318840579711,0.463768115942029,0.5793880837359099,0.4314090177133656,1242.0,666.0,576.0,0.7925585539117999,0.1880518726271942,0.5602134885564686,0.46698872785829315,0.5162418387450337,0.9045929500668268,666.0,576.0,1242.0,1.0,0.7334943639291466,547.0,1242.0,1.0,0.44041867954911434,911.0,0.23710208562019758,1.0,0.7462235649546828,32.43000000000001,0.026111111111111116,0.05928702010968921,112.49,-80.06,0.35239130434782606,0.41,0.027911707131132796,0.4492753623188406,0.2411805979151809,0.23710208562019758,0.004078512294983322
catboost,-0.19,-3.0,0.0,1242.0,1.0,0.7492492492492493,0.7152777777777778,0.7322635135135136,0.7334943639291466,0.7334943639291466,0.5362318840579711,0.463768115942029,0.5793880837359099,0.4314090177133656,1242.0,666.0,576.0,0.7925585539117999,0.1880518726271942,0.5602134885564686,0.46698872785829315,0.5162418387450337,0.9045929500668268,666.0,576.0,1242.0,1.0,0.7334943639291466,547.0,1242.0,1.0,0.44041867954911434,911.0,0.23710208562019758,1.0,0.7462235649546828,32.43000000000001,0.026111111111111116,0.05928702010968921,112.49,-80.06,0.35239130434782606,0.41,0.027911707131132796,0.4492753623188406,0.2411805979151809,0.23710208562019758,0.004078512294983322
catboost,-0.185,-3.0,0.0,1242.0,1.0,0.7492492492492493,0.7152777777777778,0.7322635135135136,0.7334943639291466,0.7334943639291466,0.5362318840579711,0.463768115942029,0.5793880837359099,0.4314090177133656,1242.0,666.0,576.0,0.7925585539117999,0.1880518726271942,0.5602134885564686,0.46698872785829315,0.5162418387450337,0.9045929500668268,666.0,576.0,1242.0,1.0,0.7334943639291466,547.0,1242.0,1.0,0.44041867954911434,911.0,0.23710208562019758,1.0,0.7462235649546828,32.43000000000001,0.026111111111111116,0.05928702010968921,112.49,-80.06,0.35239130434782606,0.41,0.027911707131132796,0.4492753623188406,0.2411805979151809,0.23710208562019758,0.004078512294983322
catboost,-0.18,-3.0,0.0,1242.0,1.0,0.7492492492492493,0.7152777777777778,0.7322635135135136,0.7334943639291466,0.7334943639291466,0.5362318840579711,0.463768115942029,0.5793880837359099,0.4314090177133656,1242.0,666.0,576.0,0.7925585539117999,0.1880518726271942,0.5602134885564686,0.46698872785829315,0.5162418387450337,0.9045929500668268,666.0,576.0,1242.0,1.0,0.7334943639291466,547.0,1242.0,1.0,0.44041867954911434,911.0,0.23710208562019758,1.0,0.7462235649546828,32.43000000000001,0.026111111111111116,0.05928702010968921,112.49,-80.06,0.35239130434782606,0.41,0.027911707131132796,0.4492753623188406,0.2411805979151809,0.23710208562019758,0.004078512294983322
catboost,-0.175,-3.0,0.0,1242.0,1.0,0.7492492492492493,0.7152777777777778,0.7322635135135136,0.7334943639291466,0.7334943639291466,0.5362318840579711,0.463768115942029,0.5793880837359099,0.4314090177133656,1242.0,666.0,576.0,0.7925585539117999,0.1880518726271942,0.5602134885564686,0.46698872785829315,0.5162418387450337,0.9045929500668268,666.0,576.0,1242.0,1.0,0.7334943639291466,547.0,1242.0,1.0,0.44041867954911434,911.0,0.23710208562019758,1.0,0.7462235649546828,32.43000000000001,0.026111111111111116,0.05928702010968921,112.49,-80.06,0.35239130434782606,0.41,0.027911707131132796,0.4492753623188406,0.2411805979151809,0.23710208562019758,0.004078512294983322
catboost,-0.17,-3.0,0.0,1242.0,1.0,0.7492492492492493,0.7152777777777778,0.7322635135135136,0.7334943639291466,0.7334943639291466,0.5362318840579711,0.463768115942029,0.5793880837359099,0.4314090177133656,1242.0,666.0,576.0,0.7925585539117999,0.1880518726271942,0.5602134885564686,0.46698872785829315,0.5162418387450337,0.9045929500668268,666.0,576.0,1242.0,1.0,0.7334943639291466,547.0,1242.0,1.0,0.44041867954911434,911.0,0.23710208562019758,1.0,0.7462235649546828,32.43000000000001,0.026111111111111116,0.05928702010968921,112.49,-80.06,0.35239130434782606,0.41,0.027911707131132796,0.4492753623188406,0.2411805979151809,0.23710208562019758,0.004078512294983322
catboost,-0.165,-3.0,0.0,1242.0,1.0,0.7492492492492493,0.7152777777777778,0.7322635135135136,0.7334943639291466,0.7334943639291466,0.5362318840579711,0.463768115942029,0.5793880837359099,0.4314090177133656,1242.0,666.0,576.0,0.7925585539117999,0.1880518726271942,0.5602134885564686,0.46698872785829315,0.5162418387450337,0.9045929500668268,666.0,576.0,1242.0,1.0,0.7334943639291466,547.0,1242.0,1.0,0.44041867954911434,911.0,0.23710208562019758,1.0,0.7462235649546828,32.43000000000001,0.026111111111111116,0.05928702010968921,112.49,-80.06,0.35239130434782606,0.41,0.027911707131132796,0.4492753623188406,0.2411805979151809,0.23710208562019758,0.004078512294983322
catboost,-0.16,-3.0,0.0,1242.0,1.0,0.7492492492492493,0.7152777777777778,0.7322635135135136,0.7334943639291466,0.7334943639291466,0.5362318840579711,0.463768115942029,0.5793880837359099,0.4314090177133656,1242.0,666.0,576.0,0.7925585539117999,0.1880518726271942,0.5602134885564686,0.46698872785829315,0.5162418387450337,0.9045929500668268,666.0,576.0,1242.0,1.0,0.7334943639291466,547.0,1242.0,1.0,0.44041867954911434,911.0,0.23710208562019758,1.0,0.7462235649546828,32.43000000000001,0.026111111111111116,0.05928702010968921,112.49,-80.06,0.35239130434782606,0.41,0.027911707131132796,0.4492753623188406,0.2411805979151809,0.23710208562019758,0.004078512294983322
catboost,-0.155,-3.0,0.0,1242.0,1.0,0.7492492492492493,0.7152777777777778,0.7322635135135136,0.7334943639291466,0.7334943639291466,0.5362318840579711,0.463768115942029,0.5793880837359099,0.4314090177133656,1242.0,666.0,576.0,0.7925585539117999,0.1880518726271942,0.5602134885564686,0.46698872785829315,0.5162418387450337,0.9045929500668268,666.0,576.0,1242.0,1.0,0.7334943639291466,547.0,1242.0,1.0,0.44041867954911434,911.0,0.23710208562019758,1.0,0.7462235649546828,32.43000000000001,0.026111111111111116,0.05928702010968921,112.49,-80.06,0.35239130434782606,0.41,0.027911707131132796,0.4492753623188406,0.2411805979151809,0.23710208562019758,0.004078512294983322
catboost,-0.15,-3.0,0.0,1242.0,1.0,0.7492492492492493,0.7152777777777778,0.7322635135135136,0.7334943639291466,0.7334943639291466,0.5362318840579711,0.463768115942029,0.5793880837359099,0.4314090177133656,1242.0,666.0,576.0,0.7925585539117999,0.1880518726271942,0.5602134885564686,0.46698872785829315,0.5162418387450337,0.9045929500668268,666.0,576.0,1242.0,1.0,0.7334943639291466,547.0,1242.0,1.0,0.44041867954911434,911.0,0.23710208562019758,1.0,0.7462235649546828,32.43000000000001,0.026111111111111116,0.05928702010968921,112.49,-80.06,0.35239130434782606,0.41,0.027911707131132796,0.4492753623188406,0.2411805979151809,0.23710208562019758,0.004078512294983322
catboost,-0.145,-3.0,0.0,1242.0,1.0,0.7492492492492493,0.7152777777777778,0.7322635135135136,0.7334943639291466,0.7334943639291466,0.5362318840579711,0.463768115942029,0.5793880837359099,0.4314090177133656,1242.0,666.0,576.0,0.7925585539117999,0.1880518726271942,0.5602134885564686,0.46698872785829315,0.5162418387450337,0.9045929500668268,666.0,576.0,1242.0,1.0,0.7334943639291466,547.0,1242.0,1.0,0.44041867954911434,911.0,0.23710208562019758,1.0,0.7462235649546828,32.43000000000001,0.026111111111111116,0.05928702010968921,112.49,-80.06,0.35239130434782606,0.41,0.027911707131132796,0.4492753623188406,0.2411805979151809,0.23710208562019758,0.004078512294983322
catboost,-0.14,-3.0,0.0,1242.0,1.0,0.7492492492492493,0.7152777777777778,0.7322635135135136,0.7334943639291466,0.7334943639291466,0.5362318840579711,0.463768115942029,0.5793880837359099,0.4314090177133656,1242.0,666.0,576.0,0.7925585539117999,0.1880518726271942,0.5602134885564686,0.46698872785829315,0.5162418387450337,0.9045929500668268,666.0,576.0,1242.0,1.0,0.7334943639291466,547.0,1242.0,1.0,0.44041867954911434,911.0,0.23710208562019758,1.0,0.7462235649546828,32.43000000000001,0.026111111111111116,0.05928702010968921,112.49,-80.06,0.35239130434782606,0.41,0.027911707131132796,0.4492753623188406,0.2411805979151809,0.23710208562019758,0.004078512294983322
catboost,-0.135,-3.0,0.0,1242.0,1.0,0.7492492492492493,0.7152777777777778,0.7322635135135136,0.7334943639291466,0.7334943639291466,0.5362318840579711,0.463768115942029,0.5793880837359099,0.4314090177133656,1242.0,666.0,576.0,0.7925585539117999,0.1880518726271942,0.5602134885564686,0.46698872785829315,0.5162418387450337,0.9045929500668268,666.0,576.0,1242.0,1.0,0.7334943639291466,547.0,1242.0,1.0,0.44041867954911434,911.0,0.23710208562019758,1.0,0.7462235649546828,32.43000000000001,0.026111111111111116,0.05928702010968921,112.49,-80.06,0.35239130434782606,0.41,0.027911707131132796,0.4492753623188406,0.2411805979151809,0.23710208562019758,0.004078512294983322
catboost,-0.13,-3.0,0.0,1242.0,1.0,0.7492492492492493,0.7152777777777778,0.7322635135135136,0.7334943639291466,0.7334943639291466,0.5362318840579711,0.463768115942029,0.5793880837359099,0.4314090177133656,1242.0,666.0,576.0,0.7925585539117999,0.1880518726271942,0.5602134885564686,0.46698872785829315,0.5162418387450337,0.9045929500668268,666.0,576.0,1242.0,1.0,0.7334943639291466,547.0,1242.0,1.0,0.44041867954911434,911.0,0.23710208562019758,1.0,0.7462235649546828,32.43000000000001,0.026111111111111116,0.05928702010968921,112.49,-80.06,0.35239130434782606,0.41,0.027911707131132796,0.4492753623188406,0.2411805979151809,0.23710208562019758,0.004078512294983322
catboost,-0.125,-3.0,0.0,1242.0,1.0,0.7492492492492493,0.7152777777777778,0.7322635135135136,0.7334943639291466,0.7334943639291466,0.5362318840579711,0.463768115942029,0.5793880837359099,0.4314090177133656,1242.0,666.0,576.0,0.7925585539117999,0.1880518726271942,0.5602134885564686,0.46698872785829315,0.5162418387450337,0.9045929500668268,666.0,576.0,1242.0,1.0,0.7334943639291466,547.0,1242.0,1.0,0.44041867954911434,911.0,0.23710208562019758,1.0,0.7462235649546828,32.43000000000001,0.026111111111111116,0.05928702010968921,112.49,-80.06,0.35239130434782606,0.41,0.027911707131132796,0.4492753623188406,0.2411805979151809,0.23710208562019758,0.004078512294983322
catboost,-0.12,-3.0,0.0,1242.0,1.0,0.7492492492492493,0.7152777777777778,0.7322635135135136,0.7334943639291466,0.7334943639291466,0.5362318840579711,0.463768115942029,0.5793880837359099,0.4314090177133656,1242.0,666.0,576.0,0.7925585539117999,0.1880518726271942,0.5602134885564686,0.46698872785829315,0.5162418387450337,0.9045929500668268,666.0,576.0,1242.0,1.0,0.7334943639291466,547.0,1242.0,1.0,0.44041867954911434,911.0,0.23710208562019758,1.0,0.7462235649546828,32.43000000000001,0.026111111111111116,0.05928702010968921,112.49,-80.06,0.35239130434782606,0.41,0.027911707131132796,0.4492753623188406,0.2411805979151809,0.23710208562019758,0.004078512294983322
catboost,-0.115,-3.0,0.0,1242.0,1.0,0.7492492492492493,0.7152777777777778,0.7322635135135136,0.7334943639291466,0.7334943639291466,0.5362318840579711,0.463768115942029,0.5793880837359099,0.4314090177133656,1242.0,666.0,576.0,0.7925585539117999,0.1880518726271942,0.5602134885564686,0.46698872785829315,0.5162418387450337,0.9045929500668268,666.0,576.0,1242.0,1.0,0.7334943639291466,547.0,1242.0,1.0,0.44041867954911434,911.0,0.23710208562019758,1.0,0.7462235649546828,32.43000000000001,0.026111111111111116,0.05928702010968921,112.49,-80.06,0.35239130434782606,0.41,0.027911707131132796,0.4492753623188406,0.2411805979151809,0.23710208562019758,0.004078512294983322
catboost,-0.11,-3.0,0.0,1242.0,1.0,0.7492492492492493,0.7152777777777778,0.7322635135135136,0.7334943639291466,0.7334943639291466,0.5362318840579711,0.463768115942029,0.5793880837359099,0.4314090177133656,1242.0,666.0,576.0,0.7925585539117999,0.1880518726271942,0.5602134885564686,0.46698872785829315,0.5162418387450337,0.9045929500668268,666.0,576.0,1242.0,1.0,0.7334943639291466,547.0,1242.0,1.0,0.44041867954911434,911.0,0.23710208562019758,1.0,0.7462235649546828,32.43000000000001,0.026111111111111116,0.05928702010968921,112.49,-80.06,0.35239130434782606,0.41,0.027911707131132796,0.4492753623188406,0.2411805979151809,0.23710208562019758,0.004078512294983322
catboost,-0.105,-3.0,0.0,1242.0,1.0,0.7492492492492493,0.7152777777777778,0.7322635135135136,0.7334943639291466,0.7334943639291466,0.5362318840579711,0.463768115942029,0.5793880837359099,0.4314090177133656,1242.0,666.0,576.0,0.7925585539117999,0.1880518726271942,0.5602134885564686,0.46698872785829315,0.5162418387450337,0.9045929500668268,666.0,576.0,1242.0,1.0,0.7334943639291466,547.0,1242.0,1.0,0.44041867954911434,911.0,0.23710208562019758,1.0,0.7462235649546828,32.43000000000001,0.026111111111111116,0.05928702010968921,112.49,-80.06,0.35239130434782606,0.41,0.027911707131132796,0.4492753623188406,0.2411805979151809,0.23710208562019758,0.004078512294983322
catboost,-0.1,-3.0,0.0,1242.0,1.0,0.7492492492492493,0.7152777777777778,0.7322635135135136,0.7334943639291466,0.7334943639291466,0.5362318840579711,0.463768115942029,0.5793880837359099,0.4314090177133656,1242.0,666.0,576.0,0.7925585539117999,0.1880518726271942,0.5602134885564686,0.46698872785829315,0.5162418387450337,0.9045929500668268,666.0,576.0,1242.0,1.0,0.7334943639291466,547.0,1242.0,1.0,0.44041867954911434,911.0,0.23710208562019758,1.0,0.7462235649546828,32.43000000000001,0.026111111111111116,0.05928702010968921,112.49,-80.06,0.35239130434782606,0.41,0.027911707131132796,0.4492753623188406,0.2411805979151809,0.23710208562019758,0.004078512294983322
catboost,-0.095,-3.0,0.0,1242.0,1.0,0.7492492492492493,0.7152777777777778,0.7322635135135136,0.7334943639291466,0.7334943639291466,0.5362318840579711,0.463768115942029,0.5793880837359099,0.4314090177133656,1242.0,666.0,576.0,0.7925585539117999,0.1880518726271942,0.5602134885564686,0.46698872785829315,0.5162418387450337,0.9045929500668268,666.0,576.0,1242.0,1.0,0.7334943639291466,547.0,1242.0,1.0,0.44041867954911434,911.0,0.23710208562019758,1.0,0.7462235649546828,32.43000000000001,0.026111111111111116,0.05928702010968921,112.49,-80.06,0.35239130434782606,0.41,0.027911707131132796,0.4492753623188406,0.2411805979151809,0.23710208562019758,0.004078512294983322
catboost,-0.09,-3.0,0.0,1242.0,1.0,0.7492492492492493,0.7152777777777778,0.7322635135135136,0.7334943639291466,0.7334943639291466,0.5362318840579711,0.463768115942029,0.5793880837359099,0.4314090177133656,1242.0,666.0,576.0,0.7925585539117999,0.1880518726271942,0.5602134885564686,0.46698872785829315,0.5162418387450337,0.9045929500668268,666.0,576.0,1242.0,1.0,0.7334943639291466,546.0,1241.0,0.999194847020934,0.4396135265700483,911.0,0.23600439077936333,1.0,0.7462235649546828,31.89,0.025676328502415458,0.058406593406593404,111.94999999999999,-80.06,0.35202093397745576,0.41,0.027911707131132796,0.4492753623188406,0.24133505029660676,0.23626373626373626,0.005071314032870505
catboost,-0.085,-3.0,0.0,1242.0,1.0,0.7492492492492493,0.7152777777777778,0.7322635135135136,0.7334943639291466,0.7334943639291466,0.5362318840579711,0.463768115942029,0.5793880837359099,0.4314090177133656,1242.0,666.0,576.0,0.7925585539117999,0.1880518726271942,0.5602134885564686,0.46698872785829315,0.5162418387450337,0.9045929500668268,666.0,576.0,1242.0,1.0,0.7334943639291466,546.0,1241.0,0.999194847020934,0.4396135265700483,911.0,0.23600439077936333,1.0,0.7462235649546828,31.89,0.025676328502415458,0.058406593406593404,111.94999999999999,-80.06,0.35202093397745576,0.41,0.027911707131132796,0.4492753623188406,0.24133505029660676,0.23626373626373626,0.005071314032870505
catboost,-0.08,-3.0,0.0,1242.0,1.0,0.7492492492492493,0.7152777777777778,0.7322635135135136,0.7334943639291466,0.7334943639291466,0.5362318840579711,0.463768115942029,0.5793880837359099,0.4314090177133656,1242.0,666.0,576.0,0.7925585539117999,0.1880518726271942,0.5602134885564686,0.46698872785829315,0.5162418387450337,0.9045929500668268,666.0,576.0,1242.0,1.0,0.7334943639291466,546.0,1241.0,0.999194847020934,0.4396135265700483,911.0,0.23600439077936333,1.0,0.7462235649546828,31.89,0.025676328502415458,0.058406593406593404,111.94999999999999,-80.06,0.35202093397745576,0.41,0.027911707131132796,0.4492753623188406,0.24133505029660676,0.23626373626373626,0.005071314032870505
catboost,-0.075,-3.0,0.0,1242.0,1.0,0.7492492492492493,0.7152777777777778,0.7322635135135136,0.7334943639291466,0.7334943639291466,0.5362318840579711,0.463768115942029,0.5793880837359099,0.4314090177133656,1242.0,666.0,576.0,0.7925585539117999,0.1880518726271942,0.5602134885564686,0.46698872785829315,0.5162418387450337,0.9045929500668268,666.0,576.0,1242.0,1.0,0.7334943639291466,546.0,1241.0,0.999194847020934,0.4396135265700483,911.0,0.23600439077936333,1.0,0.7462235649546828,31.89,0.025676328502415458,0.058406593406593404,111.94999999999999,-80.06,0.35202093397745576,0.41,0.027911707131132796,0.4492753623188406,0.24133505029660676,0.23626373626373626,0.005071314032870505
catboost,-0.07,-3.0,0.0,1242.0,1.0,0.7492492492492493,0.7152777777777778,0.7322635135135136,0.7334943639291466,0.7334943639291466,0.5362318840579711,0.463768115942029,0.5793880837359099,0.4314090177133656,1242.0,666.0,576.0,0.7925585539117999,0.1880518726271942,0.5602134885564686,0.46698872785829315,0.5162418387450337,0.9045929500668268,666.0,576.0,1242.0,1.0,0.7334943639291466,546.0,1240.0,0.998389694041868,0.4396135265700483,911.0,0.23600439077936333,1.0,0.7462235649546828,31.89,0.025676328502415458,0.058406593406593404,111.94999999999999,-80.06,0.35152979066022544,0.41,0.027911707131132796,0.4492753623188406,0.24160054540144354,0.23652365236523654,0.005076893036207009
catboost,-0.065,-3.0,0.0,1242.0,1.0,0.7492492492492493,0.7152777777777778,0.7322635135135136,0.7334943639291466,0.7334943639291466,0.5362318840579711,0.463768115942029,0.5793880837359099,0.4314090177133656,1242.0,666.0,576.0,0.7925585539117999,0.1880518726271942,0.5602134885564686,0.46698872785829315,0.5162418387450337,0.9045929500668268,666.0,576.0,1242.0,1.0,0.7334943639291466,543.0,1233.0,0.9927536231884058,0.43719806763285024,911.0,0.23600439077936333,1.0,0.7439024390243902,33.27,0.026787439613526573,0.061270718232044205,111.94999999999999,-78.68,0.3488969404186796,0.41,0.027911707131132796,0.4492753623188406,0.24205703624341848,0.23756906077348067,0.004487975469937816
catboost,-0.06,-3.0,0.0,1242.0,1.0,0.7492492492492493,0.7152777777777778,0.7322635135135136,0.7334943639291466,0.7334943639291466,0.5362318840579711,0.463768115942029,0.5793880837359099,0.4314090177133656,1242.0,666.0,576.0,0.7925585539117999,0.1880518726271942,0.5602134885564686,0.46698872785829315,0.5162418387450337,0.9045929500668268,666.0,576.0,1242.0,1.0,0.7334943639291466,540.0,1227.0,0.9879227053140096,0.43478260869565216,911.0,0.2349066959385291,1.0,0.7423312883435583,33.5,0.026972624798711754,0.062037037037037036,111.41,-77.91,0.3467552334943639,0.41,0.027911707131132796,0.4492753623188406,0.24230975747447753,0.23751387347391786,0.004795884000559664
catboost,-0.055,-3.0,0.0,1242.0,1.0,0.7492492492492493,0.7152777777777778,0.7322635135135136,0.7334943639291466,0.7334943639291466,0.5362318840579711,0.463768115942029,0.5793880837359099,0.4314090177133656,1242.0,666.0,576.0,0.7925585539117999,0.1880518726271942,0.5602134885564686,0.46698872785829315,0.5162418387450337,0.9045929500668268,666.0,576.0,1242.0,1.0,0.7334943639291466,525.0,1197.0,0.9637681159420289,0.4227053140096618,911.0,0.23161361141602635,1.0,0.732484076433121,37.050000000000004,0.029830917874396137,0.07057142857142858,109.74,-72.69,0.33616747181964574,0.41,0.027911707131132796,0.4492753623188406,0.24324215199625454,0.23895809739524349,0.004284054601011056
catboost,-0.05,-3.0,0.0,1242.0,1.0,0.7492492492492493,0.7152777777777778,0.7322635135135136,0.7334943639291466,0.7334943639291466,0.5362318840579711,0.463768115942029,0.5793880837359099,0.4314090177133656,1242.0,666.0,576.0,0.7925585539117999,0.1880518726271942,0.5602134885564686,0.46698872785829315,0.5162418387450337,0.9045929500668268,666.0,576.0,1242.0,1.0,0.7334943639291466,521.0,1189.0,0.9573268921095008,0.4194847020933977,911.0,0.23161361141602635,1.0,0.7290322580645161,38.79,0.031231884057971015,0.07445297504798466,109.74,-70.95,0.33328502415458944,0.41,0.027911707131132796,0.4492753623188406,0.24316120883462336,0.24004550625711035,0.0031157025775130076
catboost,-0.045,-3.0,0.0,1242.0,1.0,0.7492492492492493,0.7152777777777778,0.7322635135135136,0.7334943639291466,0.7334943639291466,0.5362318840579711,0.463768115942029,0.5793880837359099,0.4314090177133656,1242.0,666.0,576.0,0.7925585539117999,0.1880518726271942,0.5602134885564686,0.46698872785829315,0.5162418387450337,0.9045929500668268,666.0,576.0,1242.0,1.0,0.7334943639291466,513.0,1179.0,0.9492753623188406,0.41304347826086957,911.0,0.2283205268935236,1.0,0.7245901639344262,39.470000000000006,0.03177938808373591,0.07693957115009746,108.12,-68.65,0.3295813204508857,0.41,0.027911707131132796,0.4492753623188406,0.24270143650664808,0.2379862700228833,0.004715166483764771
catboost,-0.04,-3.0,0.0,1242.0,1.0,0.7492492492492493,0.7152777777777778,0.7322635135135136,0.7334943639291466,0.7334943639291466,0.5362318840579711,0.463768115942029,0.5793880837359099,0.4314090177133656,1242.0,666.0,576.0,0.7925585539117999,0.1880518726271942,0.5602134885564686,0.46698872785829315,0.5162418387450337,0.9045929500668268,666.0,576.0,1242.0,1.0,0.7334943639291466,511.0,1174.0,0.9452495974235104,0.4114331723027375,911.0,0.22722283205268934,1.0,0.7236842105263158,39.39,0.03171497584541063,0.07708414872798436,107.63000000000001,-68.24000000000001,0.32809178743961354,0.41,0.027911707131132796,0.4492753623188406,0.24274697690366018,0.23793103448275862,0.004815942420901553
catboost,-0.035,-3.0,0.0,1242.0,1.0,0.7492492492492493,0.7152777777777778,0.7322635135135136,0.7334943639291466,0.7334943639291466,0.5362318840579711,0.463768115942029,0.5793880837359099,0.4314090177133656,1242.0,666.0,576.0,0.7925585539117999,0.1880518726271942,0.5602134885564686,0.46698872785829315,0.5162418387450337,0.9045929500668268,666.0,576.0,1242.0,1.0,0.7334943639291466,501.0,1158.0,0.9323671497584541,0.4033816425120773,911.0,0.2239297475301866,1.0,0.7205387205387206,40.19,0.032359098228663445,0.08021956087824353,105.91,-65.72,0.3229710144927536,0.41,0.027911707131132796,0.4492753623188406,0.24215587078723963,0.23693379790940766,0.005222072877831968
catboost,-0.03,-3.0,0.0,1242.0,1.0,0.7492492492492493,0.7152777777777778,0.7322635135135136,0.7334943639291466,0.7334943639291466,0.5362318840579711,0.463768115942029,0.5793880837359099,0.4314090177133656,1242.0,666.0,576.0,0.7925585539117999,0.1880518726271942,0.5602134885564686,0.46698872785829315,0.5162418387450337,0.9045929500668268,666.0,576.0,1242.0,1.0,0.7334943639291466,475.0,1120.0,0.9017713365539453,0.3824476650563607,911.0,0.21295279912184412,1.0,0.7046263345195729,41.0,0.033011272141706925,0.0863157894736842,100.26,-59.26,0.3106682769726248,0.41,0.027911707131132796,0.4492753623188406,0.24055510851741152,0.23122765196662692,0.009327456550784596
catboost,-0.025,-3.0,0.0,1242.0,1.0,0.7492492492492493,0.7152777777777778,0.7322635135135136,0.7334943639291466,0.7334943639291466,0.5362318840579711,0.463768115942029,0.5793880837359099,0.4314090177133656,1242.0,666.0,576.0,0.7925585539117999,0.1880518726271942,0.5602134885564686,0.46698872785829315,0.5162418387450337,0.9045929500668268,666.0,576.0,1242.0,1.0,0.7334943639291466,466.0,1102.0,0.8872785829307569,0.3752012882447665,911.0,0.21075740944017562,1.0,0.6970802919708029,42.08999999999999,0.03388888888888888,0.09032188841201716,99.08,-56.99,0.30549114331723026,0.41,0.027911707131132796,0.4492753623188406,0.24125565224297094,0.2318840579710145,0.00937159427195644
catboost,-0.02,-3.0,0.0,1242.0,1.0,0.7492492492492493,0.7152777777777778,0.7322635135135136,0.7334943639291466,0.7334943639291466,0.5362318840579711,0.463768115942029,0.5793880837359099,0.4314090177133656,1242.0,666.0,576.0,0.7925585539117999,0.1880518726271942,0.5602134885564686,0.46698872785829315,0.5162418387450337,0.9045929500668268,666.0,576.0,1242.0,1.0,0.7334943639291466,454.0,1079.0,0.8687600644122383,0.36553945249597425,911.0,0.20197585071350166,1.0,0.6962962962962963,38.61,0.03108695652173913,0.08504405286343614,94.31,-55.7,0.297938808373591,0.41,0.027911707131132796,0.4492753623188406,0.24152118072569914,0.22744128553770088,0.014079895187998265
catboost,-0.015,-3.0,0.0,1242.0,1.0,0.7492492492492493,0.7152777777777778,0.7322635135135136,0.7334943639291466,0.7334943639291466,0.5362318840579711,0.463768115942029,0.5793880837359099,0.4314090177133656,1242.0,666.0,576.0,0.7925585539117999,0.1880518726271942,0.5602134885564686,0.46698872785829315,0.5162418387450337,0.9045929500668268,666.0,576.0,1242.0,1.0,0.7334943639291466,440.0,1048.0,0.8438003220611916,0.35426731078904994,911.0,0.1942919868276619,1.0,0.688212927756654,37.849999999999994,0.03047504025764895,0.08602272727272728,90.68,-52.83,0.28738325281803545,0.26,0.027911707131132796,0.4492753623188406,0.24026427312942544,0.22547770700636943,0.01478656612305601
catboost,-0.01,-3.0,0.0,1242.0,1.0,0.7492492492492493,0.7152777777777778,0.7322635135135136,0.7334943639291466,0.7334943639291466,0.5362318840579711,0.463768115942029,0.5793880837359099,0.4314090177133656,1242.0,666.0,576.0,0.7925585539117999,0.1880518726271942,0.5602134885564686,0.46698872785829315,0.5162418387450337,0.9045929500668268,666.0,576.0,1242.0,1.0,0.7334943639291466,431.0,1031.0,0.8301127214170693,0.3470209339774557,911.0,0.19319429198682767,1.0,0.6823529411764706,40.44,0.03256038647342995,0.09382830626450116,90.24,-49.8,0.2808454106280194,0.21,0.027911707131132796,0.4492753623188406,0.2417834836755397,0.2268041237113402,0.014979359964199496
catboost,-0.005,-3.0,0.0,1242.0,1.0,0.7492492492492493,0.7152777777777778,0.7322635135135136,0.7334943639291466,0.7334943639291466,0.5362318840579711,0.463768115942029,0.5793880837359099,0.4314090177133656,1242.0,666.0,576.0,0.7925585539117999,0.1880518726271942,0.5602134885564686,0.46698872785829315,0.5162418387450337,0.9045929500668268,666.0,576.0,1242.0,1.0,0.7334943639291466,360.0,897.0,0.7222222222222222,0.2898550724637681,911.0,0.1778265642151482,1.0,0.7222222222222222,43.64999999999999,0.03514492753623188,0.12125,81.77999999999999,-38.13,0.24941223832528178,0.11,0.027911707131132796,0.4492753623188406,0.24205575448357722,0.2317596566523605,0.01029609783121671
catboost,0.0,-3.0,0.0,1242.0,1.0,0.7492492492492493,0.7152777777777778,0.7322635135135136,0.7334943639291466,0.7334943639291466,0.5362318840579711,0.463768115942029,0.5793880837359099,0.4314090177133656,1242.0,666.0,576.0,0.7925585539117999,0.1880518726271942,0.5602134885564686,0.46698872785829315,0.5162418387450337,0.9045929500668268,666.0,576.0,1242.0,1.0,0.7334943639291466,274.0,682.0,0.5491143317230274,0.22061191626409019,911.0,0.1690450054884742,1.0,0.7916666666666666,42.41,0.03414653784219002,0.1547810218978102,77.96000000000001,-35.55,0.23596618357487928,0.06,0.027911707131132796,0.4492753623188406,0.28659370396667366,0.27402135231316727,0.012572351653506397
catboost,0.005,-3.0,0.0,1242.0,1.0,0.7492492492492493,0.7152777777777778,0.7322635135135136,0.7334943639291466,0.7334943639291466,0.5362318840579711,0.463768115942029,0.5793880837359099,0.4314090177133656,1242.0,666.0,576.0,0.7925585539117999,0.1880518726271942,0.5602134885564686,0.46698872785829315,0.5162418387450337,0.9045929500668268,666.0,576.0,1242.0,1.0,0.7334943639291466,249.0,617.0,0.4967793880837359,0.20048309178743962,911.0,0.1668496158068057,1.0,0.8762886597938144,42.66,0.034347826086956516,0.17132530120481926,76.78,-34.12,0.23024959742351048,0.0,0.027911707131132796,0.4492753623188406,0.30354429463645083,0.2923076923076923,0.011236602328758505
catboost,0.01,-3.0,0.0,1242.0,1.0,0.7492492492492493,0.7152777777777778,0.7322635135135136,0.7334943639291466,0.7334943639291466,0.5362318840579711,0.463768115942029,0.5793880837359099,0.4314090177133656,1242.0,666.0,576.0,0.7925585539117999,0.1880518726271942,0.5602134885564686,0.46698872785829315,0.5162418387450337,0.9045929500668268,666.0,576.0,1242.0,1.0,0.7334943639291466,244.0,606.0,0.48792270531400966,0.1964573268921095,911.0,0.16575192096597147,1.0,0.8709677419354839,43.260000000000005,0.03483091787439614,0.17729508196721314,76.03999999999999,-32.78,0.22770531400966185,0.0,0.027911707131132796,0.4492753623188406,0.30615301331763367,0.29434697855750486,0.011806034760128814
catboost,0.015,-3.0,0.0,1242.0,1.0,0.7492492492492493,0.7152777777777778,0.7322635135135136,0.7334943639291466,0.7334943639291466,0.5362318840579711,0.463768115942029,0.5793880837359099,0.4314090177133656,1242.0,666.0,576.0,0.7925585539117999,0.1880518726271942,0.5602134885564686,0.46698872785829315,0.5162418387450337,0.9045929500668268,666.0,576.0,1242.0,1.0,0.7334943639291466,232.0,561.0,0.45169082125603865,0.18679549114331723,911.0,0.15587266739846323,1.0,0.8666666666666667,40.48,0.03259259259259259,0.1744827586206896,72.03,-31.549999999999997,0.20950885668276972,0.0,0.027911707131132796,0.4492753623188406,0.3179352480066228,0.30148619957537154,0.01644904843125128
catboost,0.02,-3.0,0.0,1242.0,1.0,0.7492492492492493,0.7152777777777778,0.7322635135135136,0.7334943639291466,0.7334943639291466,0.5362318840579711,0.463768115942029,0.5793880837359099,0.4314090177133656,1242.0,666.0,576.0,0.7925585539117999,0.1880518726271942,0.5602134885564686,0.46698872785829315,0.5162418387450337,0.9045929500668268,666.0,576.0,1242.0,1.0,0.7334943639291466,217.0,534.0,0.42995169082125606,0.1747181964573269,911.0,0.14818880351262348,1.0,0.8536585365853658,39.93,0.03214975845410628,0.18400921658986172,68.2,-28.27,0.19971014492753622,0.0,0.027911707131132796,0.4492753623188406,0.31939881680356685,0.29867256637168144,0.020726250431885418
catboost,0.025,-3.0,0.0,1242.0,1.0,0.7492492492492493,0.7152777777777778,0.7322635135135136,0.7334943639291466,0.7334943639291466,0.5362318840579711,0.463768115942029,0.5793880837359099,0.4314090177133656,1242.0,666.0,576.0,0.7925585539117999,0.1880518726271942,0.5602134885564686,0.46698872785829315,0.5162418387450337,0.9045929500668268,666.0,576.0,1242.0,1.0,0.7334943639291466,204.0,499.0,0.40177133655394526,0.1642512077294686,911.0,0.1437980241492865,1.0,0.8493150684931506,39.56,0.03185185185185185,0.19392156862745097,65.78999999999999,-26.23,0.19282608695652176,0.0,0.027911707131132796,0.4492753623188406,0.3257628847130272,0.3075117370892019,0.018251147623825348
catboost,0.03,-3.0,0.0,1242.0,1.0,0.7492492492492493,0.7152777777777778,0.7322635135135136,0.7334943639291466,0.7334943639291466,0.5362318840579711,0.463768115942029,0.5793880837359099,0.4314090177133656,1242.0,666.0,576.0,0.7925585539117999,0.1880518726271942,0.5602134885564686,0.46698872785829315,0.5162418387450337,0.9045929500668268,666.0,576.0,1242.0,1.0,0.7334943639291466,199.0,474.0,0.38164251207729466,0.16022544283413848,911.0,0.13830954994511527,1.0,0.8493150684931506,37.01,0.029798711755233492,0.18597989949748742,63.239999999999995,-26.23,0.18183574879227055,0.0,0.027911707131132796,0.4492753623188406,0.3346402017500432,0.314214463840399,0.020425737909644193
catboost,0.035,-3.0,0.0,1242.0,1.0,0.7492492492492493,0.7152777777777778,0.7322635135135136,0.7334943639291466,0.7334943639291466,0.5362318840579711,0.463768115942029,0.5793880837359099,0.4314090177133656,1242.0,666.0,576.0,0.7925585539117999,0.1880518726271942,0.5602134885564686,0.46698872785829315,0.5162418387450337,0.9045929500668268,666.0,576.0,1242.0,1.0,0.7334943639291466,193.0,458.0,0.3687600644122383,0.15539452495974235,911.0,0.1350164654226125,1.0,0.8428571428571429,37.32,0.030048309178743963,0.19336787564766839,62.22,-24.9,0.17369565217391306,0.0,0.027911707131132796,0.4492753623188406,0.3408655557000486,0.3170103092783505,0.023855246421698117
catboost,0.04,-3.0,0.0,1242.0,1.0,0.7492492492492493,0.7152777777777778,0.7322635135135136,0.7334943639291466,0.7334943639291466,0.5362318840579711,0.463768115942029,0.5793880837359099,0.4314090177133656,1242.0,666.0,576.0,0.7925585539117999,0.1880518726271942,0.5602134885564686,0.46698872785829315,0.5162418387450337,0.9045929500668268,666.0,576.0,1242.0,1.0,0.7334943639291466,183.0,431.0,0.3470209339774557,0.1473429951690821,911.0,0.13172338090010977,1.0,0.8412698412698413,37.17,0.029927536231884058,0.20311475409836066,60.050000000000004,-22.880000000000003,0.16752012882447664,0.0,0.027911707131132796,0.4492753623188406,0.34821560122695344,0.32608695652173914,0.022128644705214306
catboost,0.045,-3.0,0.0,1242.0,1.0,0.7492492492492493,0.7152777777777778,0.7322635135135136,0.7334943639291466,0.7334943639291466,0.5362318840579711,0.463768115942029,0.5793880837359099,0.4314090177133656,1242.0,666.0,576.0,0.7925585539117999,0.1880518726271942,0.5602134885564686,0.46698872785829315,0.5162418387450337,0.9045929500668268,666.0,576.0,1242.0,1.0,0.7334943639291466,170.0,395.0,0.31803542673107893,0.13687600644122383,911.0,0.1251372118551043,1.0,0.875,35.699999999999996,0.028743961352657003,0.21000000000000002,56.709999999999994,-21.009999999999998,0.15531400966183578,0.0,0.027911707131132796,0.4492753623188406,0.35451209700436587,0.336283185840708,0.01822891116365788
catboost,0.05,-3.0,0.0,1242.0,1.0,0.7492492492492493,0.7152777777777778,0.7322635135135136,0.7334943639291466,0.7334943639291466,0.5362318840579711,0.463768115942029,0.5793880837359099,0.4314090177133656,1242.0,666.0,576.0,0.7925585539117999,0.1880518726271942,0.5602134885564686,0.46698872785829315,0.5162418387450337,0.9045929500668268,666.0,576.0,1242.0,1.0,0.7334943639291466,154.0,357.0,0.28743961352657005,0.12399355877616747,911.0,0.11745334796926454,1.0,0.8723404255319149,35.26,0.028389694041867954,0.22896103896103895,53.08,-17.82,0.14176328502415458,0.0,0.027911707131132796,0.4492753623188406,0.36538239451800075,0.34516129032258064,0.020221104195420114
catboost,0.055,-3.0,0.0,1242.0,1.0,0.7492492492492493,0.7152777777777778,0.7322635135135136,0.7334943639291466,0.7334943639291466,0.5362318840579711,0.463768115942029,0.5793880837359099,0.4314090177133656,1242.0,666.0,576.0,0.7925585539117999,0.1880518726271942,0.5602134885564686,0.46698872785829315,0.5162418387450337,0.9045929500668268,666.0,576.0,1242.0,1.0,0.7334943639291466,140.0,322.0,0.25925925925925924,0.11272141706924316,911.0,0.10647639956092206,1.0,0.8604651162790697,32.3,0.026006441223832527,0.2307142857142857,48.08,-15.78,0.12727053140096617,0.0,0.027911707131132796,0.4492753623188406,0.3723045947764851,0.34767025089605735,0.024634343880427734
catboost,0.06,-3.0,0.0,1242.0,1.0,0.7492492492492493,0.7152777777777778,0.7322635135135136,0.7334943639291466,0.7334943639291466,0.5362318840579711,0.463768115942029,0.5793880837359099,0.4314090177133656,1242.0,666.0,576.0,0.7925585539117999,0.1880518726271942,0.5602134885564686,0.46698872785829315,0.5162418387450337,0.9045929500668268,666.0,576.0,1242.0,1.0,0.7334943639291466,132.0,309.0,0.24879227053140096,0.10628019323671498,911.0,0.10208562019758508,1.0,0.8974358974358975,30.630000000000003,0.02466183574879227,0.23204545454545453,45.919999999999995,-15.290000000000001,0.12386473429951692,0.0,0.027911707131132796,0.4492753623188406,0.37377335718436894,0.34444444444444444,0.029328912739924495
catboost,0.065,-3.0,0.0,1242.0,1.0,0.7492492492492493,0.7152777777777778,0.7322635135135136,0.7334943639291466,0.7334943639291466,0.5362318840579711,0.463768115942029,0.5793880837359099,0.4314090177133656,1242.0,666.0,576.0,0.7925585539117999,0.1880518726271942,0.5602134885564686,0.46698872785829315,0.5162418387450337,0.9045929500668268,666.0,576.0,1242.0,1.0,0.7334943639291466,115.0,266.0,0.214170692431562,0.09259259259259259,911.0,0.09001097694840834,1.0,0.8787878787878788,28.450000000000003,0.022906602254428345,0.24739130434782605,40.53,-12.080000000000002,0.10596618357487922,0.0,0.027911707131132796,0.4492753623188406,0.37685788740790266,0.351931330472103,0.02492655693579965
catboost,0.07,-3.0,0.0,1242.0,1.0,0.7492492492492493,0.7152777777777778,0.7322635135135136,0.7334943639291466,0.7334943639291466,0.5362318840579711,0.463768115942029,0.5793880837359099,0.4314090177133656,1242.0,666.0,576.0,0.7925585539117999,0.1880518726271942,0.5602134885564686,0.46698872785829315,0.5162418387450337,0.9045929500668268,666.0,576.0,1242.0,1.0,0.7334943639291466,109.0,246.0,0.19806763285024154,0.08776167471819646,911.0,0.0845225027442371,1.0,0.875,27.21,0.021908212560386473,0.2496330275229358,38.78,-11.57,0.09566022544283415,0.0,0.027911707131132796,0.4492753623188406,0.3896489991435682,0.3598130841121495,0.02983591503141869
catboost,0.075,-3.0,0.0,1242.0,1.0,0.7492492492492493,0.7152777777777778,0.7322635135135136,0.7334943639291466,0.7334943639291466,0.5362318840579711,0.463768115942029,0.5793880837359099,0.4314090177133656,1242.0,666.0,576.0,0.7925585539117999,0.1880518726271942,0.5602134885564686,0.46698872785829315,0.5162418387450337,0.9045929500668268,666.0,576.0,1242.0,1.0,0.7334943639291466,102.0,233.0,0.18760064412238325,0.0821256038647343,911.0,0.0801317233809001,1.0,0.8620689655172413,26.83,0.021602254428341384,0.2630392156862745,36.87,-10.04,0.08975845410628018,0.0,0.027911707131132796,0.4492753623188406,0.39151792374168687,0.35784313725490197,0.0336747864867849
catboost,0.08,-3.0,0.0,1242.0,1.0,0.7492492492492493,0.7152777777777778,0.7322635135135136,0.7334943639291466,0.7334943639291466,0.5362318840579711,0.463768115942029,0.5793880837359099,0.4314090177133656,1242.0,666.0,576.0,0.7925585539117999,0.1880518726271942,0.5602134885564686,0.46698872785829315,0.5162418387450337,0.9045929500668268,666.0,576.0,1242.0,1.0,0.7334943639291466,96.0,215.0,0.17310789049919484,0.07729468599033816,911.0,0.07464324917672886,1.0,0.8571428571428571,24.64,0.019838969404186797,0.25666666666666665,34.17,-9.530000000000001,0.08276972624798713,0.0,0.027911707131132796,0.4492753623188406,0.4007017216182126,0.36363636363636365,0.037065357981848956
catboost,0.085,-3.0,0.0,1242.0,1.0,0.7492492492492493,0.7152777777777778,0.7322635135135136,0.7334943639291466,0.7334943639291466,0.5362318840579711,0.463768115942029,0.5793880837359099,0.4314090177133656,1242.0,666.0,576.0,0.7925585539117999,0.1880518726271942,0.5602134885564686,0.46698872785829315,0.5162418387450337,0.9045929500668268,666.0,576.0,1242.0,1.0,0.7334943639291466,92.0,200.0,0.1610305958132045,0.07407407407407407,911.0,0.07244785949506037,1.0,0.8846153846153846,23.380000000000003,0.01882447665056361,0.25413043478260866,32.69,-9.309999999999999,0.07890499194847021,0.0,0.027911707131132796,0.4492753623188406,0.4123297228616377,0.3793103448275862,0.03301937803405153
catboost,0.09,-3.0,0.0,1242.0,1.0,0.7492492492492493,0.7152777777777778,0.7322635135135136,0.7334943639291466,0.7334943639291466,0.5362318840579711,0.463768115942029,0.5793880837359099,0.4314090177133656,1242.0,666.0,576.0,0.7925585539117999,0.1880518726271942,0.5602134885564686,0.46698872785829315,0.5162418387450337,0.9045929500668268,666.0,576.0,1242.0,1.0,0.7334943639291466,86.0,189.0,0.15217391304347827,0.06924315619967794,911.0,0.06805708013172337,1.0,0.9583333333333334,21.99,0.017705314009661834,0.2556976744186047,30.779999999999998,-8.79,0.07462962962962963,0.0,0.027911707131132796,0.4492753623188406,0.4132613625652429,0.37575757575757573,0.03750378680766714
catboost,0.095,-3.0,0.0,1242.0,1.0,0.7492492492492493,0.7152777777777778,0.7322635135135136,0.7334943639291466,0.7334943639291466,0.5362318840579711,0.463768115942029,0.5793880837359099,0.4314090177133656,1242.0,666.0,576.0,0.7925585539117999,0.1880518726271942,0.5602134885564686,0.46698872785829315,0.5162418387450337,0.9045929500668268,666.0,576.0,1242.0,1.0,0.7334943639291466,83.0,183.0,0.1473429951690821,0.06682769726247988,911.0,0.06805708013172337,1.0,0.9523809523809523,22.77,0.018333333333333333,0.27433734939759036,30.779999999999998,-8.01,0.07293075684380032,0.0,0.027911707131132796,0.4492753623188406,0.4145802886128799,0.38271604938271603,0.03186423923016385
catboost,0.1,-3.0,0.0,1242.0,1.0,0.7492492492492493,0.7152777777777778,0.7322635135135136,0.7334943639291466,0.7334943639291466,0.5362318840579711,0.463768115942029,0.5793880837359099,0.4314090177133656,1242.0,666.0,576.0,0.7925585539117999,0.1880518726271942,0.5602134885564686,0.46698872785829315,0.5162418387450337,0.9045929500668268,666.0,576.0,1242.0,1.0,0.7334943639291466,75.0,164.0,0.1320450885668277,0.06038647342995169,911.0,0.059275521405049394,1.0,0.9523809523809523,19.099999999999998,0.015378421900161029,0.2546666666666667,27.11,-8.01,0.06516908212560388,0.0,0.027911707131132796,0.4492753623188406,0.42200534470354895,0.3776223776223776,0.04438296708117134
catboost,0.105,-3.0,0.0,1242.0,1.0,0.7492492492492493,0.7152777777777778,0.7322635135135136,0.7334943639291466,0.7334943639291466,0.5362318840579711,0.463768115942029,0.5793880837359099,0.4314090177133656,1242.0,666.0,576.0,0.7925585539117999,0.1880518726271942,0.5602134885564686,0.46698872785829315,0.5162418387450337,0.9045929500668268,666.0,576.0,1242.0,1.0,0.7334943639291466,68.0,143.0,0.11513687600644122,0.05475040257648953,911.0,0.05598243688254665,1.0,0.9411764705882353,18.919999999999998,0.015233494363929146,0.278235294117647,25.139999999999997,-6.22,0.055660225442834145,0.0,0.027911707131132796,0.4492753623188406,0.43096203366368796,0.40476190476190477,0.026200128901783193
catboost,0.11,-3.0,0.0,1242.0,1.0,0.7492492492492493,0.7152777777777778,0.7322635135135136,0.7334943639291466,0.7334943639291466,0.5362318840579711,0.463768115942029,0.5793880837359099,0.4314090177133656,1242.0,666.0,576.0,0.7925585539117999,0.1880518726271942,0.5602134885564686,0.46698872785829315,0.5162418387450337,0.9045929500668268,666.0,576.0,1242.0,1.0,0.7334943639291466,66.0,134.0,0.10789049919484701,0.05314009661835749,911.0,0.054884742041712405,1.0,0.9375,18.689999999999998,0.01504830917874396,0.2831818181818182,24.499999999999996,-5.8100000000000005,0.05224637681159421,0.0,0.027911707131132796,0.4492753623188406,0.4376569824909523,0.423728813559322,0.013928168931630291
catboost,0.115,-3.0,0.0,1242.0,1.0,0.7492492492492493,0.7152777777777778,0.7322635135135136,0.7334943639291466,0.7334943639291466,0.5362318840579711,0.463768115942029,0.5793880837359099,0.4314090177133656,1242.0,666.0,576.0,0.7925585539117999,0.1880518726271942,0.5602134885564686,0.46698872785829315,0.5162418387450337,0.9045929500668268,666.0,576.0,1242.0,1.0,0.7334943639291466,60.0,116.0,0.09339774557165861,0.04830917874396135,911.0,0.04939626783754116,1.0,0.9333333333333333,17.15,0.013808373590982286,0.28583333333333333,22.45,-5.3,0.044130434782608696,0.0,0.027911707131132796,0.4492753623188406,0.44883471824384175,0.44554455445544555,0.0032901637883961943
catboost,0.12,-3.0,0.0,1242.0,1.0,0.7492492492492493,0.7152777777777778,0.7322635135135136,0.7334943639291466,0.7334943639291466,0.5362318840579711,0.463768115942029,0.5793880837359099,0.4314090177133656,1242.0,666.0,576.0,0.7925585539117999,0.1880518726271942,0.5602134885564686,0.46698872785829315,0.5162418387450337,0.9045929500668268,666.0,576.0,1242.0,1.0,0.7334943639291466,52.0,102.0,0.0821256038647343,0.04186795491143317,911.0,0.04500548847420417,1.0,1.0,15.929999999999998,0.012826086956521737,0.30634615384615377,20.189999999999998,-4.26,0.04003220611916264,0.0,0.027911707131132796,0.4492753623188406,0.45662793949792024,0.45054945054945056,0.006078488948469685
catboost,0.125,-3.0,0.0,1242.0,1.0,0.7492492492492493,0.7152777777777778,0.7322635135135136,0.7334943639291466,0.7334943639291466,0.5362318840579711,0.463768115942029,0.5793880837359099,0.4314090177133656,1242.0,666.0,576.0,0.7925585539117999,0.1880518726271942,0.5602134885564686,0.46698872785829315,0.5162418387450337,0.9045929500668268,666.0,576.0,1242.0,1.0,0.7334943639291466,43.0,83.0,0.06682769726247988,0.03462157809983897,911.0,0.03732162458836443,1.0,1.0,13.469999999999999,0.010845410628019322,0.31325581395348834,16.959999999999997,-3.4899999999999998,0.03214975845410628,0.0,0.027911707131132796,0.4492753623188406,0.47895017216283803,0.4594594594594595,0.019490712703378543
catboost,0.13,-3.0,0.0,1242.0,1.0,0.7492492492492493,0.7152777777777778,0.7322635135135136,0.7334943639291466,0.7334943639291466,0.5362318840579711,0.463768115942029,0.5793880837359099,0.4314090177133656,1242.0,666.0,576.0,0.7925585539117999,0.1880518726271942,0.5602134885564686,0.46698872785829315,0.5162418387450337,0.9045929500668268,666.0,576.0,1242.0,1.0,0.7334943639291466,41.0,80.0,0.0644122383252818,0.033011272141706925,911.0,0.036223929747530186,1.0,1.0,12.79,0.010297906602254428,0.31195121951219507,16.119999999999997,-3.33,0.031723027375201295,0.0,0.027911707131132796,0.4492753623188406,0.4819218520293141,0.4583333333333333,0.023588518695980776
catboost,0.135,-3.0,0.0,1242.0,1.0,0.7492492492492493,0.7152777777777778,0.7322635135135136,0.7334943639291466,0.7334943639291466,0.5362318840579711,0.463768115942029,0.5793880837359099,0.4314090177133656,1242.0,666.0,576.0,0.7925585539117999,0.1880518726271942,0.5602134885564686,0.46698872785829315,0.5162418387450337,0.9045929500668268,666.0,576.0,1242.0,1.0,0.7334943639291466,23.0,45.0,0.036231884057971016,0.018518518518518517,911.0,0.01756311745334797,1.0,1.0,5.819999999999999,0.004685990338164251,0.25304347826086954,8.64,-2.82,0.01614331723027375,0.0,0.027911707131132796,0.4492753623188406,0.4629006430692318,0.42105263157894735,0.04184801149028444
catboost,0.14,-3.0,0.0,1242.0,1.0,0.7492492492492493,0.7152777777777778,0.7322635135135136,0.7334943639291466,0.7334943639291466,0.5362318840579711,0.463768115942029,0.5793880837359099,0.4314090177133656,1242.0,666.0,576.0,0.7925585539117999,0.1880518726271942,0.5602134885564686,0.46698872785829315,0.5162418387450337,0.9045929500668268,666.0,576.0,1242.0,1.0,0.7334943639291466,21.0,41.0,0.033011272141706925,0.016908212560386472,911.0,0.015367727771679473,1.0,1.0,4.14,0.003333333333333333,0.19714285714285712,6.959999999999999,-2.82,0.015547504025764897,0.0,0.027911707131132796,0.4492753623188406,0.47477932835010406,0.4117647058823529,0.06301462246775114
catboost,0.145,-3.0,0.0,1242.0,1.0,0.7492492492492493,0.7152777777777778,0.7322635135135136,0.7334943639291466,0.7334943639291466,0.5362318840579711,0.463768115942029,0.5793880837359099,0.4314090177133656,1242.0,666.0,576.0,0.7925585539117999,0.1880518726271942,0.5602134885564686,0.46698872785829315,0.5162418387450337,0.9045929500668268,666.0,576.0,1242.0,1.0,0.7334943639291466,20.0,39.0,0.03140096618357488,0.01610305958132045,911.0,0.015367727771679473,1.0,1.0,4.55,0.0036634460547504025,0.22749999999999998,6.959999999999999,-2.4099999999999997,0.014847020933977457,0.0,0.027911707131132796,0.4492753623188406,0.4740150655728345,0.42424242424242425,0.04977264133041026
catboost,0.15,-3.0,0.0,1242.0,1.0,0.7492492492492493,0.7152777777777778,0.7322635135135136,0.7334943639291466,0.7334943639291466,0.5362318840579711,0.463768115942029,0.5793880837359099,0.4314090177133656,1242.0,666.0,576.0,0.7925585539117999,0.1880518726271942,0.5602134885564686,0.46698872785829315,0.5162418387450337,0.9045929500668268,666.0,576.0,1242.0,1.0,0.7334943639291466,18.0,35.0,0.02818035426731079,0.014492753623188406,911.0,0.014270032930845226,1.0,1.0,4.52,0.0036392914653784214,0.25111111111111106,6.47,-1.9500000000000002,0.013244766505636073,0.0,0.027911707131132796,0.4492753623188406,0.4811991808257701,0.43333333333333335,0.047865847492436775
catboost,0.155,-3.0,0.0,1242.0,1.0,0.7492492492492493,0.7152777777777778,0.7322635135135136,0.7334943639291466,0.7334943639291466,0.5362318840579711,0.463768115942029,0.5793880837359099,0.4314090177133656,1242.0,666.0,576.0,0.7925585539117999,0.1880518726271942,0.5602134885564686,0.46698872785829315,0.5162418387450337,0.9045929500668268,666.0,576.0,1242.0,1.0,0.7334943639291466,18.0,34.0,0.027375201288244767,0.014492753623188406,911.0,0.014270032930845226,1.0,1.0,4.52,0.0036392914653784214,0.25111111111111106,6.47,-1.9500000000000002,0.012834138486312398,0.0,0.027911707131132796,0.4492753623188406,0.48068880775079664,0.4482758620689655,0.03241294568183112
catboost,0.16,-3.0,0.0,1242.0,1.0,0.7492492492492493,0.7152777777777778,0.7322635135135136,0.7334943639291466,0.7334943639291466,0.5362318840579711,0.463768115942029,0.5793880837359099,0.4314090177133656,1242.0,666.0,576.0,0.7925585539117999,0.1880518726271942,0.5602134885564686,0.46698872785829315,0.5162418387450337,0.9045929500668268,666.0,576.0,1242.0,1.0,0.7334943639291466,17.0,33.0,0.026570048309178744,0.013687600644122383,911.0,0.014270032930845226,1.0,1.0,4.88,0.00392914653784219,0.2870588235294117,6.47,-1.59,0.01254428341384863,0.0,0.027911707131132796,0.4492753623188406,0.48068880775079664,0.4482758620689655,0.03241294568183112
catboost,0.165,-3.0,0.0,1242.0,1.0,0.7492492492492493,0.7152777777777778,0.7322635135135136,0.7334943639291466,0.7334943639291466,0.5362318840579711,0.463768115942029,0.5793880837359099,0.4314090177133656,1242.0,666.0,576.0,0.7925585539117999,0.1880518726271942,0.5602134885564686,0.46698872785829315,0.5162418387450337,0.9045929500668268,666.0,576.0,1242.0,1.0,0.7334943639291466,16.0,31.0,0.0249597423510467,0.01288244766505636,911.0,0.013172338090010977,1.0,1.0,4.34,0.003494363929146538,0.27125,5.93,-1.59,0.012045088566827698,0.0,0.027911707131132796,0.4492753623188406,0.4913498523336443,0.4444444444444444,0.04690540788919989
catboost,0.17,-3.0,0.0,1242.0,1.0,0.7492492492492493,0.7152777777777778,0.7322635135135136,0.7334943639291466,0.7334943639291466,0.5362318840579711,0.463768115942029,0.5793880837359099,0.4314090177133656,1242.0,666.0,576.0,0.7925585539117999,0.1880518726271942,0.5602134885564686,0.46698872785829315,0.5162418387450337,0.9045929500668268,666.0,576.0,1242.0,1.0,0.7334943639291466,15.0,30.0,0.024154589371980676,0.012077294685990338,911.0,0.013172338090010977,1.0,1.0,4.8,0.003864734299516908,0.31999999999999995,5.93,-1.1300000000000001,0.011674718196457328,0.0,0.027911707131132796,0.4492753623188406,0.4913498523336443,0.4444444444444444,0.04690540788919989
catboost,0.175,-3.0,0.0,1242.0,1.0,0.7492492492492493,0.7152777777777778,0.7322635135135136,0.7334943639291466,0.7334943639291466,0.5362318840579711,0.463768115942029,0.5793880837359099,0.4314090177133656,1242.0,666.0,576.0,0.7925585539117999,0.1880518726271942,0.5602134885564686,0.46698872785829315,0.5162418387450337,0.9045929500668268,666.0,576.0,1242.0,1.0,0.7334943639291466,10.0,23.0,0.018518518518518517,0.008051529790660225,911.0,0.009879253567508232,1.0,1.0,4.3,0.003462157809983897,0.43,4.5600000000000005,-0.26,0.008760064412238327,0.0,0.027911707131132796,0.4492753623188406,0.49115242388665015,0.4090909090909091,0.08206151479574103
catboost,0.18,-3.0,0.0,1242.0,1.0,0.7492492492492493,0.7152777777777778,0.7322635135135136,0.7334943639291466,0.7334943639291466,0.5362318840579711,0.463768115942029,0.5793880837359099,0.4314090177133656,1242.0,666.0,576.0,0.7925585539117999,0.1880518726271942,0.5602134885564686,0.46698872785829315,0.5162418387450337,0.9045929500668268,666.0,576.0,1242.0,1.0,0.7334943639291466,10.0,22.0,0.017713365539452495,0.008051529790660225,911.0,0.009879253567508232,1.0,1.0,4.3,0.003462157809983897,0.43,4.5600000000000005,-0.26,0.008429951690821256,0.0,0.027911707131132796,0.4492753623188406,0.4991796514450006,0.42857142857142855,0.07060822287357205
catboost,0.185,-3.0,0.0,1242.0,1.0,0.7492492492492493,0.7152777777777778,0.7322635135135136,0.7334943639291466,0.7334943639291466,0.5362318840579711,0.463768115942029,0.5793880837359099,0.4314090177133656,1242.0,666.0,576.0,0.7925585539117999,0.1880518726271942,0.5602134885564686,0.46698872785829315,0.5162418387450337,0.9045929500668268,666.0,576.0,1242.0,1.0,0.7334943639291466,10.0,21.0,0.016908212560386472,0.008051529790660225,911.0,0.009879253567508232,1.0,1.0,4.3,0.003462157809983897,0.43,4.5600000000000005,-0.26,0.008059581320450888,0.0,0.027911707131132796,0.4492753623188406,0.49913863401725067,0.45,0.04913863401725066
catboost,0.19,-3.0,0.0,1242.0,1.0,0.7492492492492493,0.7152777777777778,0.7322635135135136,0.7334943639291466,0.7334943639291466,0.5362318840579711,0.463768115942029,0.5793880837359099,0.4314090177133656,1242.0,666.0,576.0,0.7925585539117999,0.1880518726271942,0.5602134885564686,0.46698872785829315,0.5162418387450337,0.9045929500668268,666.0,576.0,1242.0,1.0,0.7334943639291466,8.0,19.0,0.015297906602254429,0.00644122383252818,911.0,0.007683863885839737,1.0,1.0,3.2699999999999996,0.0026328502415458935,0.40874999999999995,3.53,-0.26,0.007278582930756843,0.0,0.027911707131132796,0.4492753623188406,0.4983970933525007,0.3888888888888889,0.10950820446361181
catboost,0.195,-3.0,0.0,1242.0,1.0,0.7492492492492493,0.7152777777777778,0.7322635135135136,0.7334943639291466,0.7334943639291466,0.5362318840579711,0.463768115942029,0.5793880837359099,0.4314090177133656,1242.0,666.0,576.0,0.7925585539117999,0.1880518726271942,0.5602134885564686,0.46698872785829315,0.5162418387450337,0.9045929500668268,666.0,576.0,1242.0,1.0,0.7334943639291466,8.0,18.0,0.014492753623188406,0.00644122383252818,911.0,0.007683863885839737,1.0,1.0,3.2699999999999996,0.0026328502415458935,0.40874999999999995,3.53,-0.26,0.0069484702093397755,0.0,0.027911707131132796,0.4492753623188406,0.5087392373637485,0.4117647058823529,0.09697453148139557
catboost,0.2,-3.0,0.0,1242.0,1.0,0.7492492492492493,0.7152777777777778,0.7322635135135136,0.7334943639291466,0.7334943639291466,0.5362318840579711,0.463768115942029,0.5793880837359099,0.4314090177133656,1242.0,666.0,576.0,0.7925585539117999,0.1880518726271942,0.5602134885564686,0.46698872785829315,0.5162418387450337,0.9045929500668268,666.0,576.0,1242.0,1.0,0.7334943639291466,7.0,16.0,0.01288244766505636,0.005636070853462158,911.0,0.007683863885839737,,,3.53,0.0028421900161030595,0.5042857142857142,3.53,0.0,0.006368760064412239,0.0,0.027911707131132796,0.4492753623188406,0.5158261373734013,0.4375,0.07832613737340133
catboost,-0.25,-2.0,0.0,1242.0,1.0,0.7492492492492493,0.7152777777777778,0.7322635135135136,0.7334943639291466,0.7334943639291466,0.5362318840579711,0.463768115942029,0.5793880837359099,0.4314090177133656,1242.0,666.0,576.0,0.7925585539117999,0.1880518726271942,0.5602134885564686,0.46698872785829315,0.5162418387450337,0.9045929500668268,666.0,576.0,1242.0,1.0,0.7334943639291466,616.0,1242.0,1.0,0.49597423510466987,911.0,0.31284302963776073,1.0,0.7885196374622356,40.739999999999995,0.032801932367149754,0.06613636363636363,132.25,-91.50999999999999,0.39385668276972624,0.46,0.04198053926081024,0.3397745571658615,0.3351217237441627,0.31284302963776073,0.022278694106401986
catboost,-0.245,-2.0,0.0,1242.0,1.0,0.7492492492492493,0.7152777777777778,0.7322635135135136,0.7334943639291466,0.7334943639291466,0.5362318840579711,0.463768115942029,0.5793880837359099,0.4314090177133656,1242.0,666.0,576.0,0.7925585539117999,0.1880518726271942,0.5602134885564686,0.46698872785829315,0.5162418387450337,0.9045929500668268,666.0,576.0,1242.0,1.0,0.7334943639291466,616.0,1242.0,1.0,0.49597423510466987,911.0,0.31284302963776073,1.0,0.7885196374622356,40.739999999999995,0.032801932367149754,0.06613636363636363,132.25,-91.50999999999999,0.39385668276972624,0.46,0.04198053926081024,0.3397745571658615,0.3351217237441627,0.31284302963776073,0.022278694106401986
catboost,-0.24,-2.0,0.0,1242.0,1.0,0.7492492492492493,0.7152777777777778,0.7322635135135136,0.7334943639291466,0.7334943639291466,0.5362318840579711,0.463768115942029,0.5793880837359099,0.4314090177133656,1242.0,666.0,576.0,0.7925585539117999,0.1880518726271942,0.5602134885564686,0.46698872785829315,0.5162418387450337,0.9045929500668268,666.0,576.0,1242.0,1.0,0.7334943639291466,616.0,1242.0,1.0,0.49597423510466987,911.0,0.31284302963776073,1.0,0.7885196374622356,40.739999999999995,0.032801932367149754,0.06613636363636363,132.25,-91.50999999999999,0.39385668276972624,0.46,0.04198053926081024,0.3397745571658615,0.3351217237441627,0.31284302963776073,0.022278694106401986
catboost,-0.235,-2.0,0.0,1242.0,1.0,0.7492492492492493,0.7152777777777778,0.7322635135135136,0.7334943639291466,0.7334943639291466,0.5362318840579711,0.463768115942029,0.5793880837359099,0.4314090177133656,1242.0,666.0,576.0,0.7925585539117999,0.1880518726271942,0.5602134885564686,0.46698872785829315,0.5162418387450337,0.9045929500668268,666.0,576.0,1242.0,1.0,0.7334943639291466,616.0,1242.0,1.0,0.49597423510466987,911.0,0.31284302963776073,1.0,0.7885196374622356,40.739999999999995,0.032801932367149754,0.06613636363636363,132.25,-91.50999999999999,0.39385668276972624,0.46,0.04198053926081024,0.3397745571658615,0.3351217237441627,0.31284302963776073,0.022278694106401986
catboost,-0.23,-2.0,0.0,1242.0,1.0,0.7492492492492493,0.7152777777777778,0.7322635135135136,0.7334943639291466,0.7334943639291466,0.5362318840579711,0.463768115942029,0.5793880837359099,0.4314090177133656,1242.0,666.0,576.0,0.7925585539117999,0.1880518726271942,0.5602134885564686,0.46698872785829315,0.5162418387450337,0.9045929500668268,666.0,576.0,1242.0,1.0,0.7334943639291466,616.0,1242.0,1.0,0.49597423510466987,911.0,0.31284302963776073,1.0,0.7885196374622356,40.739999999999995,0.032801932367149754,0.06613636363636363,132.25,-91.50999999999999,0.39385668276972624,0.46,0.04198053926081024,0.3397745571658615,0.3351217237441627,0.31284302963776073,0.022278694106401986
catboost,-0.225,-2.0,0.0,1242.0,1.0,0.7492492492492493,0.7152777777777778,0.7322635135135136,0.7334943639291466,0.7334943639291466,0.5362318840579711,0.463768115942029,0.5793880837359099,0.4314090177133656,1242.0,666.0,576.0,0.7925585539117999,0.1880518726271942,0.5602134885564686,0.46698872785829315,0.5162418387450337,0.9045929500668268,666.0,576.0,1242.0,1.0,0.7334943639291466,616.0,1242.0,1.0,0.49597423510466987,911.0,0.31284302963776073,1.0,0.7885196374622356,40.739999999999995,0.032801932367149754,0.06613636363636363,132.25,-91.50999999999999,0.39385668276972624,0.46,0.04198053926081024,0.3397745571658615,0.3351217237441627,0.31284302963776073,0.022278694106401986
catboost,-0.22,-2.0,0.0,1242.0,1.0,0.7492492492492493,0.7152777777777778,0.7322635135135136,0.7334943639291466,0.7334943639291466,0.5362318840579711,0.463768115942029,0.5793880837359099,0.4314090177133656,1242.0,666.0,576.0,0.7925585539117999,0.1880518726271942,0.5602134885564686,0.46698872785829315,0.5162418387450337,0.9045929500668268,666.0,576.0,1242.0,1.0,0.7334943639291466,616.0,1242.0,1.0,0.49597423510466987,911.0,0.31284302963776073,1.0,0.7885196374622356,40.739999999999995,0.032801932367149754,0.06613636363636363,132.25,-91.50999999999999,0.39385668276972624,0.46,0.04198053926081024,0.3397745571658615,0.3351217237441627,0.31284302963776073,0.022278694106401986
catboost,-0.215,-2.0,0.0,1242.0,1.0,0.7492492492492493,0.7152777777777778,0.7322635135135136,0.7334943639291466,0.7334943639291466,0.5362318840579711,0.463768115942029,0.5793880837359099,0.4314090177133656,1242.0,666.0,576.0,0.7925585539117999,0.1880518726271942,0.5602134885564686,0.46698872785829315,0.5162418387450337,0.9045929500668268,666.0,576.0,1242.0,1.0,0.7334943639291466,616.0,1242.0,1.0,0.49597423510466987,911.0,0.31284302963776073,1.0,0.7885196374622356,40.739999999999995,0.032801932367149754,0.06613636363636363,132.25,-91.50999999999999,0.39385668276972624,0.46,0.04198053926081024,0.3397745571658615,0.3351217237441627,0.31284302963776073,0.022278694106401986
catboost,-0.21,-2.0,0.0,1242.0,1.0,0.7492492492492493,0.7152777777777778,0.7322635135135136,0.7334943639291466,0.7334943639291466,0.5362318840579711,0.463768115942029,0.5793880837359099,0.4314090177133656,1242.0,666.0,576.0,0.7925585539117999,0.1880518726271942,0.5602134885564686,0.46698872785829315,0.5162418387450337,0.9045929500668268,666.0,576.0,1242.0,1.0,0.7334943639291466,616.0,1242.0,1.0,0.49597423510466987,911.0,0.31284302963776073,1.0,0.7885196374622356,40.739999999999995,0.032801932367149754,0.06613636363636363,132.25,-91.50999999999999,0.39385668276972624,0.46,0.04198053926081024,0.3397745571658615,0.3351217237441627,0.31284302963776073,0.022278694106401986
catboost,-0.205,-2.0,0.0,1242.0,1.0,0.7492492492492493,0.7152777777777778,0.7322635135135136,0.7334943639291466,0.7334943639291466,0.5362318840579711,0.463768115942029,0.5793880837359099,0.4314090177133656,1242.0,666.0,576.0,0.7925585539117999,0.1880518726271942,0.5602134885564686,0.46698872785829315,0.5162418387450337,0.9045929500668268,666.0,576.0,1242.0,1.0,0.7334943639291466,616.0,1242.0,1.0,0.49597423510466987,911.0,0.31284302963776073,1.0,0.7885196374622356,40.739999999999995,0.032801932367149754,0.06613636363636363,132.25,-91.50999999999999,0.39385668276972624,0.46,0.04198053926081024,0.3397745571658615,0.3351217237441627,0.31284302963776073,0.022278694106401986
catboost,-0.2,-2.0,0.0,1242.0,1.0,0.7492492492492493,0.7152777777777778,0.7322635135135136,0.7334943639291466,0.7334943639291466,0.5362318840579711,0.463768115942029,0.5793880837359099,0.4314090177133656,1242.0,666.0,576.0,0.7925585539117999,0.1880518726271942,0.5602134885564686,0.46698872785829315,0.5162418387450337,0.9045929500668268,666.0,576.0,1242.0,1.0,0.7334943639291466,616.0,1242.0,1.0,0.49597423510466987,911.0,0.31284302963776073,1.0,0.7885196374622356,40.739999999999995,0.032801932367149754,0.06613636363636363,132.25,-91.50999999999999,0.39385668276972624,0.46,0.04198053926081024,0.3397745571658615,0.3351217237441627,0.31284302963776073,0.022278694106401986
catboost,-0.195,-2.0,0.0,1242.0,1.0,0.7492492492492493,0.7152777777777778,0.7322635135135136,0.7334943639291466,0.7334943639291466,0.5362318840579711,0.463768115942029,0.5793880837359099,0.4314090177133656,1242.0,666.0,576.0,0.7925585539117999,0.1880518726271942,0.5602134885564686,0.46698872785829315,0.5162418387450337,0.9045929500668268,666.0,576.0,1242.0,1.0,0.7334943639291466,616.0,1242.0,1.0,0.49597423510466987,911.0,0.31284302963776073,1.0,0.7885196374622356,40.739999999999995,0.032801932367149754,0.06613636363636363,132.25,-91.50999999999999,0.39385668276972624,0.46,0.04198053926081024,0.3397745571658615,0.3351217237441627,0.31284302963776073,0.022278694106401986
catboost,-0.19,-2.0,0.0,1242.0,1.0,0.7492492492492493,0.7152777777777778,0.7322635135135136,0.7334943639291466,0.7334943639291466,0.5362318840579711,0.463768115942029,0.5793880837359099,0.4314090177133656,1242.0,666.0,576.0,0.7925585539117999,0.1880518726271942,0.5602134885564686,0.46698872785829315,0.5162418387450337,0.9045929500668268,666.0,576.0,1242.0,1.0,0.7334943639291466,616.0,1242.0,1.0,0.49597423510466987,911.0,0.31284302963776073,1.0,0.7885196374622356,40.739999999999995,0.032801932367149754,0.06613636363636363,132.25,-91.50999999999999,0.39385668276972624,0.46,0.04198053926081024,0.3397745571658615,0.3351217237441627,0.31284302963776073,0.022278694106401986
catboost,-0.185,-2.0,0.0,1242.0,1.0,0.7492492492492493,0.7152777777777778,0.7322635135135136,0.7334943639291466,0.7334943639291466,0.5362318840579711,0.463768115942029,0.5793880837359099,0.4314090177133656,1242.0,666.0,576.0,0.7925585539117999,0.1880518726271942,0.5602134885564686,0.46698872785829315,0.5162418387450337,0.9045929500668268,666.0,576.0,1242.0,1.0,0.7334943639291466,616.0,1242.0,1.0,0.49597423510466987,911.0,0.31284302963776073,1.0,0.7885196374622356,40.739999999999995,0.032801932367149754,0.06613636363636363,132.25,-91.50999999999999,0.39385668276972624,0.46,0.04198053926081024,0.3397745571658615,0.3351217237441627,0.31284302963776073,0.022278694106401986
catboost,-0.18,-2.0,0.0,1242.0,1.0,0.7492492492492493,0.7152777777777778,0.7322635135135136,0.7334943639291466,0.7334943639291466,0.5362318840579711,0.463768115942029,0.5793880837359099,0.4314090177133656,1242.0,666.0,576.0,0.7925585539117999,0.1880518726271942,0.5602134885564686,0.46698872785829315,0.5162418387450337,0.9045929500668268,666.0,576.0,1242.0,1.0,0.7334943639291466,616.0,1242.0,1.0,0.49597423510466987,911.0,0.31284302963776073,1.0,0.7885196374622356,40.739999999999995,0.032801932367149754,0.06613636363636363,132.25,-91.50999999999999,0.39385668276972624,0.46,0.04198053926081024,0.3397745571658615,0.3351217237441627,0.31284302963776073,0.022278694106401986
catboost,-0.175,-2.0,0.0,1242.0,1.0,0.7492492492492493,0.7152777777777778,0.7322635135135136,0.7334943639291466,0.7334943639291466,0.5362318840579711,0.463768115942029,0.5793880837359099,0.4314090177133656,1242.0,666.0,576.0,0.7925585539117999,0.1880518726271942,0.5602134885564686,0.46698872785829315,0.5162418387450337,0.9045929500668268,666.0,576.0,1242.0,1.0,0.7334943639291466,616.0,1242.0,1.0,0.49597423510466987,911.0,0.31284302963776073,1.0,0.7885196374622356,40.739999999999995,0.032801932367149754,0.06613636363636363,132.25,-91.50999999999999,0.39385668276972624,0.46,0.04198053926081024,0.3397745571658615,0.3351217237441627,0.31284302963776073,0.022278694106401986
catboost,-0.17,-2.0,0.0,1242.0,1.0,0.7492492492492493,0.7152777777777778,0.7322635135135136,0.7334943639291466,0.7334943639291466,0.5362318840579711,0.463768115942029,0.5793880837359099,0.4314090177133656,1242.0,666.0,576.0,0.7925585539117999,0.1880518726271942,0.5602134885564686,0.46698872785829315,0.5162418387450337,0.9045929500668268,666.0,576.0,1242.0,1.0,0.7334943639291466,616.0,1242.0,1.0,0.49597423510466987,911.0,0.31284302963776073,1.0,0.7885196374622356,40.739999999999995,0.032801932367149754,0.06613636363636363,132.25,-91.50999999999999,0.39385668276972624,0.46,0.04198053926081024,0.3397745571658615,0.3351217237441627,0.31284302963776073,0.022278694106401986
catboost,-0.165,-2.0,0.0,1242.0,1.0,0.7492492492492493,0.7152777777777778,0.7322635135135136,0.7334943639291466,0.7334943639291466,0.5362318840579711,0.463768115942029,0.5793880837359099,0.4314090177133656,1242.0,666.0,576.0,0.7925585539117999,0.1880518726271942,0.5602134885564686,0.46698872785829315,0.5162418387450337,0.9045929500668268,666.0,576.0,1242.0,1.0,0.7334943639291466,616.0,1242.0,1.0,0.49597423510466987,911.0,0.31284302963776073,1.0,0.7885196374622356,40.739999999999995,0.032801932367149754,0.06613636363636363,132.25,-91.50999999999999,0.39385668276972624,0.46,0.04198053926081024,0.3397745571658615,0.3351217237441627,0.31284302963776073,0.022278694106401986
catboost,-0.16,-2.0,0.0,1242.0,1.0,0.7492492492492493,0.7152777777777778,0.7322635135135136,0.7334943639291466,0.7334943639291466,0.5362318840579711,0.463768115942029,0.5793880837359099,0.4314090177133656,1242.0,666.0,576.0,0.7925585539117999,0.1880518726271942,0.5602134885564686,0.46698872785829315,0.5162418387450337,0.9045929500668268,666.0,576.0,1242.0,1.0,0.7334943639291466,616.0,1242.0,1.0,0.49597423510466987,911.0,0.31284302963776073,1.0,0.7885196374622356,40.739999999999995,0.032801932367149754,0.06613636363636363,132.25,-91.50999999999999,0.39385668276972624,0.46,0.04198053926081024,0.3397745571658615,0.3351217237441627,0.31284302963776073,0.022278694106401986
catboost,-0.155,-2.0,0.0,1242.0,1.0,0.7492492492492493,0.7152777777777778,0.7322635135135136,0.7334943639291466,0.7334943639291466,0.5362318840579711,0.463768115942029,0.5793880837359099,0.4314090177133656,1242.0,666.0,576.0,0.7925585539117999,0.1880518726271942,0.5602134885564686,0.46698872785829315,0.5162418387450337,0.9045929500668268,666.0,576.0,1242.0,1.0,0.7334943639291466,616.0,1242.0,1.0,0.49597423510466987,911.0,0.31284302963776073,1.0,0.7885196374622356,40.739999999999995,0.032801932367149754,0.06613636363636363,132.25,-91.50999999999999,0.39385668276972624,0.46,0.04198053926081024,0.3397745571658615,0.3351217237441627,0.31284302963776073,0.022278694106401986
catboost,-0.15,-2.0,0.0,1242.0,1.0,0.7492492492492493,0.7152777777777778,0.7322635135135136,0.7334943639291466,0.7334943639291466,0.5362318840579711,0.463768115942029,0.5793880837359099,0.4314090177133656,1242.0,666.0,576.0,0.7925585539117999,0.1880518726271942,0.5602134885564686,0.46698872785829315,0.5162418387450337,0.9045929500668268,666.0,576.0,1242.0,1.0,0.7334943639291466,616.0,1242.0,1.0,0.49597423510466987,911.0,0.31284302963776073,1.0,0.7885196374622356,40.739999999999995,0.032801932367149754,0.06613636363636363,132.25,-91.50999999999999,0.39385668276972624,0.46,0.04198053926081024,0.3397745571658615,0.3351217237441627,0.31284302963776073,0.022278694106401986
catboost,-0.145,-2.0,0.0,1242.0,1.0,0.7492492492492493,0.7152777777777778,0.7322635135135136,0.7334943639291466,0.7334943639291466,0.5362318840579711,0.463768115942029,0.5793880837359099,0.4314090177133656,1242.0,666.0,576.0,0.7925585539117999,0.1880518726271942,0.5602134885564686,0.46698872785829315,0.5162418387450337,0.9045929500668268,666.0,576.0,1242.0,1.0,0.7334943639291466,616.0,1242.0,1.0,0.49597423510466987,911.0,0.31284302963776073,1.0,0.7885196374622356,40.739999999999995,0.032801932367149754,0.06613636363636363,132.25,-91.50999999999999,0.39385668276972624,0.46,0.04198053926081024,0.3397745571658615,0.3351217237441627,0.31284302963776073,0.022278694106401986
catboost,-0.14,-2.0,0.0,1242.0,1.0,0.7492492492492493,0.7152777777777778,0.7322635135135136,0.7334943639291466,0.7334943639291466,0.5362318840579711,0.463768115942029,0.5793880837359099,0.4314090177133656,1242.0,666.0,576.0,0.7925585539117999,0.1880518726271942,0.5602134885564686,0.46698872785829315,0.5162418387450337,0.9045929500668268,666.0,576.0,1242.0,1.0,0.7334943639291466,616.0,1242.0,1.0,0.49597423510466987,911.0,0.31284302963776073,1.0,0.7885196374622356,40.739999999999995,0.032801932367149754,0.06613636363636363,132.25,-91.50999999999999,0.39385668276972624,0.46,0.04198053926081024,0.3397745571658615,0.3351217237441627,0.31284302963776073,0.022278694106401986
catboost,-0.135,-2.0,0.0,1242.0,1.0,0.7492492492492493,0.7152777777777778,0.7322635135135136,0.7334943639291466,0.7334943639291466,0.5362318840579711,0.463768115942029,0.5793880837359099,0.4314090177133656,1242.0,666.0,576.0,0.7925585539117999,0.1880518726271942,0.5602134885564686,0.46698872785829315,0.5162418387450337,0.9045929500668268,666.0,576.0,1242.0,1.0,0.7334943639291466,616.0,1242.0,1.0,0.49597423510466987,911.0,0.31284302963776073,1.0,0.7885196374622356,40.739999999999995,0.032801932367149754,0.06613636363636363,132.25,-91.50999999999999,0.39385668276972624,0.46,0.04198053926081024,0.3397745571658615,0.3351217237441627,0.31284302963776073,0.022278694106401986
catboost,-0.13,-2.0,0.0,1242.0,1.0,0.7492492492492493,0.7152777777777778,0.7322635135135136,0.7334943639291466,0.7334943639291466,0.5362318840579711,0.463768115942029,0.5793880837359099,0.4314090177133656,1242.0,666.0,576.0,0.7925585539117999,0.1880518726271942,0.5602134885564686,0.46698872785829315,0.5162418387450337,0.9045929500668268,666.0,576.0,1242.0,1.0,0.7334943639291466,616.0,1242.0,1.0,0.49597423510466987,911.0,0.31284302963776073,1.0,0.7885196374622356,40.739999999999995,0.032801932367149754,0.06613636363636363,132.25,-91.50999999999999,0.39385668276972624,0.46,0.04198053926081024,0.3397745571658615,0.3351217237441627,0.31284302963776073,0.022278694106401986
catboost,-0.125,-2.0,0.0,1242.0,1.0,0.7492492492492493,0.7152777777777778,0.7322635135135136,0.7334943639291466,0.7334943639291466,0.5362318840579711,0.463768115942029,0.5793880837359099,0.4314090177133656,1242.0,666.0,576.0,0.7925585539117999,0.1880518726271942,0.5602134885564686,0.46698872785829315,0.5162418387450337,0.9045929500668268,666.0,576.0,1242.0,1.0,0.7334943639291466,616.0,1242.0,1.0,0.49597423510466987,911.0,0.31284302963776073,1.0,0.7885196374622356,40.739999999999995,0.032801932367149754,0.06613636363636363,132.25,-91.50999999999999,0.39385668276972624,0.46,0.04198053926081024,0.3397745571658615,0.3351217237441627,0.31284302963776073,0.022278694106401986
catboost,-0.12,-2.0,0.0,1242.0,1.0,0.7492492492492493,0.7152777777777778,0.7322635135135136,0.7334943639291466,0.7334943639291466,0.5362318840579711,0.463768115942029,0.5793880837359099,0.4314090177133656,1242.0,666.0,576.0,0.7925585539117999,0.1880518726271942,0.5602134885564686,0.46698872785829315,0.5162418387450337,0.9045929500668268,666.0,576.0,1242.0,1.0,0.7334943639291466,616.0,1242.0,1.0,0.49597423510466987,911.0,0.31284302963776073,1.0,0.7885196374622356,40.739999999999995,0.032801932367149754,0.06613636363636363,132.25,-91.50999999999999,0.39385668276972624,0.46,0.04198053926081024,0.3397745571658615,0.3351217237441627,0.31284302963776073,0.022278694106401986
catboost,-0.115,-2.0,0.0,1242.0,1.0,0.7492492492492493,0.7152777777777778,0.7322635135135136,0.7334943639291466,0.7334943639291466,0.5362318840579711,0.463768115942029,0.5793880837359099,0.4314090177133656,1242.0,666.0,576.0,0.7925585539117999,0.1880518726271942,0.5602134885564686,0.46698872785829315,0.5162418387450337,0.9045929500668268,666.0,576.0,1242.0,1.0,0.7334943639291466,616.0,1242.0,1.0,0.49597423510466987,911.0,0.31284302963776073,1.0,0.7885196374622356,40.739999999999995,0.032801932367149754,0.06613636363636363,132.25,-91.50999999999999,0.39385668276972624,0.46,0.04198053926081024,0.3397745571658615,0.3351217237441627,0.31284302963776073,0.022278694106401986
catboost,-0.11,-2.0,0.0,1242.0,1.0,0.7492492492492493,0.7152777777777778,0.7322635135135136,0.7334943639291466,0.7334943639291466,0.5362318840579711,0.463768115942029,0.5793880837359099,0.4314090177133656,1242.0,666.0,576.0,0.7925585539117999,0.1880518726271942,0.5602134885564686,0.46698872785829315,0.5162418387450337,0.9045929500668268,666.0,576.0,1242.0,1.0,0.7334943639291466,616.0,1242.0,1.0,0.49597423510466987,911.0,0.31284302963776073,1.0,0.7885196374622356,40.739999999999995,0.032801932367149754,0.06613636363636363,132.25,-91.50999999999999,0.39385668276972624,0.46,0.04198053926081024,0.3397745571658615,0.3351217237441627,0.31284302963776073,0.022278694106401986
catboost,-0.105,-2.0,0.0,1242.0,1.0,0.7492492492492493,0.7152777777777778,0.7322635135135136,0.7334943639291466,0.7334943639291466,0.5362318840579711,0.463768115942029,0.5793880837359099,0.4314090177133656,1242.0,666.0,576.0,0.7925585539117999,0.1880518726271942,0.5602134885564686,0.46698872785829315,0.5162418387450337,0.9045929500668268,666.0,576.0,1242.0,1.0,0.7334943639291466,616.0,1242.0,1.0,0.49597423510466987,911.0,0.31284302963776073,1.0,0.7885196374622356,40.739999999999995,0.032801932367149754,0.06613636363636363,132.25,-91.50999999999999,0.39385668276972624,0.46,0.04198053926081024,0.3397745571658615,0.3351217237441627,0.31284302963776073,0.022278694106401986
catboost,-0.1,-2.0,0.0,1242.0,1.0,0.7492492492492493,0.7152777777777778,0.7322635135135136,0.7334943639291466,0.7334943639291466,0.5362318840579711,0.463768115942029,0.5793880837359099,0.4314090177133656,1242.0,666.0,576.0,0.7925585539117999,0.1880518726271942,0.5602134885564686,0.46698872785829315,0.5162418387450337,0.9045929500668268,666.0,576.0,1242.0,1.0,0.7334943639291466,616.0,1242.0,1.0,0.49597423510466987,911.0,0.31284302963776073,1.0,0.7885196374622356,40.739999999999995,0.032801932367149754,0.06613636363636363,132.25,-91.50999999999999,0.39385668276972624,0.46,0.04198053926081024,0.3397745571658615,0.3351217237441627,0.31284302963776073,0.022278694106401986
catboost,-0.095,-2.0,0.0,1242.0,1.0,0.7492492492492493,0.7152777777777778,0.7322635135135136,0.7334943639291466,0.7334943639291466,0.5362318840579711,0.463768115942029,0.5793880837359099,0.4314090177133656,1242.0,666.0,576.0,0.7925585539117999,0.1880518726271942,0.5602134885564686,0.46698872785829315,0.5162418387450337,0.9045929500668268,666.0,576.0,1242.0,1.0,0.7334943639291466,616.0,1242.0,1.0,0.49597423510466987,911.0,0.31284302963776073,1.0,0.7885196374622356,40.739999999999995,0.032801932367149754,0.06613636363636363,132.25,-91.50999999999999,0.39385668276972624,0.46,0.04198053926081024,0.3397745571658615,0.3351217237441627,0.31284302963776073,0.022278694106401986
catboost,-0.09,-2.0,0.0,1242.0,1.0,0.7492492492492493,0.7152777777777778,0.7322635135135136,0.7334943639291466,0.7334943639291466,0.5362318840579711,0.463768115942029,0.5793880837359099,0.4314090177133656,1242.0,666.0,576.0,0.7925585539117999,0.1880518726271942,0.5602134885564686,0.46698872785829315,0.5162418387450337,0.9045929500668268,666.0,576.0,1242.0,1.0,0.7334943639291466,616.0,1241.0,0.999194847020934,0.49597423510466987,911.0,0.31284302963776073,1.0,0.7885196374622356,40.739999999999995,0.032801932367149754,0.06613636363636363,132.25,-91.50999999999999,0.39348631239935583,0.46,0.04198053926081024,0.3397745571658615,0.33537940813199413,0.3131868131868132,0.022192594945180943
catboost,-0.085,-2.0,0.0,1242.0,1.0,0.7492492492492493,0.7152777777777778,0.7322635135135136,0.7334943639291466,0.7334943639291466,0.5362318840579711,0.463768115942029,0.5793880837359099,0.4314090177133656,1242.0,666.0,576.0,0.7925585539117999,0.1880518726271942,0.5602134885564686,0.46698872785829315,0.5162418387450337,0.9045929500668268,666.0,576.0,1242.0,1.0,0.7334943639291466,616.0,1241.0,0.999194847020934,0.49597423510466987,911.0,0.31284302963776073,1.0,0.7885196374622356,40.739999999999995,0.032801932367149754,0.06613636363636363,132.25,-91.50999999999999,0.39348631239935583,0.46,0.04198053926081024,0.3397745571658615,0.33537940813199413,0.3131868131868132,0.022192594945180943
catboost,-0.08,-2.0,0.0,1242.0,1.0,0.7492492492492493,0.7152777777777778,0.7322635135135136,0.7334943639291466,0.7334943639291466,0.5362318840579711,0.463768115942029,0.5793880837359099,0.4314090177133656,1242.0,666.0,576.0,0.7925585539117999,0.1880518726271942,0.5602134885564686,0.46698872785829315,0.5162418387450337,0.9045929500668268,666.0,576.0,1242.0,1.0,0.7334943639291466,616.0,1241.0,0.999194847020934,0.49597423510466987,911.0,0.31284302963776073,1.0,0.7885196374622356,40.739999999999995,0.032801932367149754,0.06613636363636363,132.25,-91.50999999999999,0.39348631239935583,0.46,0.04198053926081024,0.3397745571658615,0.33537940813199413,0.3131868131868132,0.022192594945180943
catboost,-0.075,-2.0,0.0,1242.0,1.0,0.7492492492492493,0.7152777777777778,0.7322635135135136,0.7334943639291466,0.7334943639291466,0.5362318840579711,0.463768115942029,0.5793880837359099,0.4314090177133656,1242.0,666.0,576.0,0.7925585539117999,0.1880518726271942,0.5602134885564686,0.46698872785829315,0.5162418387450337,0.9045929500668268,666.0,576.0,1242.0,1.0,0.7334943639291466,616.0,1241.0,0.999194847020934,0.49597423510466987,911.0,0.31284302963776073,1.0,0.7885196374622356,40.739999999999995,0.032801932367149754,0.06613636363636363,132.25,-91.50999999999999,0.39348631239935583,0.46,0.04198053926081024,0.3397745571658615,0.33537940813199413,0.3131868131868132,0.022192594945180943
catboost,-0.07,-2.0,0.0,1242.0,1.0,0.7492492492492493,0.7152777777777778,0.7322635135135136,0.7334943639291466,0.7334943639291466,0.5362318840579711,0.463768115942029,0.5793880837359099,0.4314090177133656,1242.0,666.0,576.0,0.7925585539117999,0.1880518726271942,0.5602134885564686,0.46698872785829315,0.5162418387450337,0.9045929500668268,666.0,576.0,1242.0,1.0,0.7334943639291466,616.0,1241.0,0.999194847020934,0.49597423510466987,911.0,0.31284302963776073,1.0,0.7885196374622356,40.739999999999995,0.032801932367149754,0.06613636363636363,132.25,-91.50999999999999,0.39348631239935583,0.46,0.04198053926081024,0.3397745571658615,0.33537940813199413,0.3131868131868132,0.022192594945180943
catboost,-0.065,-2.0,0.0,1242.0,1.0,0.7492492492492493,0.7152777777777778,0.7322635135135136,0.7334943639291466,0.7334943639291466,0.5362318840579711,0.463768115942029,0.5793880837359099,0.4314090177133656,1242.0,666.0,576.0,0.7925585539117999,0.1880518726271942,0.5602134885564686,0.46698872785829315,0.5162418387450337,0.9045929500668268,666.0,576.0,1242.0,1.0,0.7334943639291466,616.0,1241.0,0.999194847020934,0.49597423510466987,911.0,0.31284302963776073,1.0,0.7885196374622356,40.739999999999995,0.032801932367149754,0.06613636363636363,132.25,-91.50999999999999,0.39348631239935583,0.46,0.04198053926081024,0.3397745571658615,0.33537940813199413,0.3131868131868132,0.022192594945180943
catboost,-0.06,-2.0,0.0,1242.0,1.0,0.7492492492492493,0.7152777777777778,0.7322635135135136,0.7334943639291466,0.7334943639291466,0.5362318840579711,0.463768115942029,0.5793880837359099,0.4314090177133656,1242.0,666.0,576.0,0.7925585539117999,0.1880518726271942,0.5602134885564686,0.46698872785829315,0.5162418387450337,0.9045929500668268,666.0,576.0,1242.0,1.0,0.7334943639291466,613.0,1235.0,0.9943639291465378,0.49355877616747185,911.0,0.31174533479692645,1.0,0.790273556231003,40.86999999999999,0.03290660225442833,0.06667210440456768,131.76,-90.88999999999999,0.39118357487922706,0.46,0.04198053926081024,0.3397745571658615,0.3354157823892469,0.31346578366445915,0.021949998724787756
catboost,-0.055,-2.0,0.0,1242.0,1.0,0.7492492492492493,0.7152777777777778,0.7322635135135136,0.7334943639291466,0.7334943639291466,0.5362318840579711,0.463768115942029,0.5793880837359099,0.4314090177133656,1242.0,666.0,576.0,0.7925585539117999,0.1880518726271942,0.5602134885564686,0.46698872785829315,0.5162418387450337,0.9045929500668268,666.0,576.0,1242.0,1.0,0.7334943639291466,610.0,1229.0,0.9895330112721417,0.49114331723027377,911.0,0.31174533479692645,1.0,0.7883435582822086,42.199999999999996,0.03397745571658615,0.06918032786885245,131.76,-89.55999999999999,0.38900161030595815,0.46,0.04198053926081024,0.3397745571658615,0.33545527199265074,0.31450719822812845,0.02094807376452229
catboost,-0.05,-2.0,0.0,1242.0,1.0,0.7492492492492493,0.7152777777777778,0.7322635135135136,0.7334943639291466,0.7334943639291466,0.5362318840579711,0.463768115942029,0.5793880837359099,0.4314090177133656,1242.0,666.0,576.0,0.7925585539117999,0.1880518726271942,0.5602134885564686,0.46698872785829315,0.5162418387450337,0.9045929500668268,666.0,576.0,1242.0,1.0,0.7334943639291466,606.0,1223.0,0.9847020933977456,0.48792270531400966,911.0,0.3106476399560922,1.0,0.7863777089783281,43.29,0.034855072463768115,0.07143564356435643,131.27,-87.97999999999999,0.3867391304347826,0.46,0.04198053926081024,0.3397745571658615,0.3359637459663808,0.31444444444444447,0.021519301521936318
catboost,-0.045,-2.0,0.0,1242.0,1.0,0.7492492492492493,0.7152777777777778,0.7322635135135136,0.7334943639291466,0.7334943639291466,0.5362318840579711,0.463768115942029,0.5793880837359099,0.4314090177133656,1242.0,666.0,576.0,0.7925585539117999,0.1880518726271942,0.5602134885564686,0.46698872785829315,0.5162418387450337,0.9045929500668268,666.0,576.0,1242.0,1.0,0.7334943639291466,601.0,1208.0,0.9726247987117552,0.48389694041867953,911.0,0.30954994511525796,1.0,0.7836990595611285,44.589999999999996,0.03590177133655394,0.07419301164725457,130.73000000000002,-86.14,0.3814251207729469,0.46,0.04198053926081024,0.3397745571658615,0.33727440428150046,0.3172103487064117,0.02006405557508878
catboost,-0.04,-2.0,0.0,1242.0,1.0,0.7492492492492493,0.7152777777777778,0.7322635135135136,0.7334943639291466,0.7334943639291466,0.5362318840579711,0.463768115942029,0.5793880837359099,0.4314090177133656,1242.0,666.0,576.0,0.7925585539117999,0.1880518726271942,0.5602134885564686,0.46698872785829315,0.5162418387450337,0.9045929500668268,666.0,576.0,1242.0,1.0,0.7334943639291466,599.0,1203.0,0.9685990338164251,0.4822866344605475,911.0,0.3084522502744237,1.0,0.7830188679245284,44.209999999999994,0.03559581320450885,0.07380634390651085,130.24,-86.03,0.37973429951690824,0.46,0.04198053926081024,0.3397745571658615,0.3377634788889385,0.31751412429378534,0.020249354595153146
catboost,-0.035,-2.0,0.0,1242.0,1.0,0.7492492492492493,0.7152777777777778,0.7322635135135136,0.7334943639291466,0.7334943639291466,0.5362318840579711,0.463768115942029,0.5793880837359099,0.4314090177133656,1242.0,666.0,576.0,0.7925585539117999,0.1880518726271942,0.5602134885564686,0.46698872785829315,0.5162418387450337,0.9045929500668268,666.0,576.0,1242.0,1.0,0.7334943639291466,595.0,1199.0,0.965378421900161,0.47906602254428343,911.0,0.30735455543358947,1.0,0.780952380952381,45.14999999999999,0.03635265700483091,0.07588235294117648,129.65000000000003,-84.5,0.3781723027375201,0.46,0.04198053926081024,0.3397745571658615,0.3377974960509256,0.3167420814479638,0.02105541460296184
catboost,-0.03,-2.0,0.0,1242.0,1.0,0.7492492492492493,0.7152777777777778,0.7322635135135136,0.7334943639291466,0.7334943639291466,0.5362318840579711,0.463768115942029,0.5793880837359099,0.4314090177133656,1242.0,666.0,576.0,0.7925585539117999,0.1880518726271942,0.5602134885564686,0.46698872785829315,0.5162418387450337,0.9045929500668268,666.0,576.0,1242.0,1.0,0.7334943639291466,574.0,1170.0,0.9420289855072463,0.46215780998389694,911.0,0.29747530186608123,1.0,0.7755775577557755,46.209999999999994,0.0372061191626409,0.08050522648083623,125.09,-78.88,0.3672302737520129,0.46,0.04198053926081024,0.3397745571658615,0.3363739411235615,0.31257208765859285,0.02380185346496866
catboost,-0.025,-2.0,0.0,1242.0,1.0,0.7492492492492493,0.7152777777777778,0.7322635135135136,0.7334943639291466,0.7334943639291466,0.5362318840579711,0.463768115942029,0.5793880837359099,0.4314090177133656,1242.0,666.0,576.0,0.7925585539117999,0.1880518726271942,0.5602134885564686,0.46698872785829315,0.5162418387450337,0.9045929500668268,666.0,576.0,1242.0,1.0,0.7334943639291466,568.0,1159.0,0.9331723027375202,0.4573268921095008,911.0,0.29418221734357847,1.0,0.7733333333333333,45.919999999999995,0.03697262479871175,0.0808450704225352,123.42,-77.5,0.36319645732689215,0.46,0.04198053926081024,0.3397745571658615,0.3364988079427972,0.3119906868451688,0.0245081210976284
catboost,-0.02,-2.0,0.0,1242.0,1.0,0.7492492492492493,0.7152777777777778,0.7322635135135136,0.7334943639291466,0.7334943639291466,0.5362318840579711,0.463768115942029,0.5793880837359099,0.4314090177133656,1242.0,666.0,576.0,0.7925585539117999,0.1880518726271942,0.5602134885564686,0.46698872785829315,0.5162418387450337,0.9045929500668268,666.0,576.0,1242.0,1.0,0.7334943639291466,551.0,1124.0,0.9049919484702094,0.44363929146537845,911.0,0.2854006586169045,1.0,0.7663230240549829,45.989999999999995,0.03702898550724637,0.08346642468239565,119.50000000000001,-73.51,0.3498711755233494,0.46,0.04198053926081024,0.3397745571658615,0.33625377288583075,0.31212484993997597,0.02412892294585478
catboost,-0.015,-2.0,0.0,1242.0,1.0,0.7492492492492493,0.7152777777777778,0.7322635135135136,0.7334943639291466,0.7334943639291466,0.5362318840579711,0.463768115942029,0.5793880837359099,0.4314090177133656,1242.0,666.0,576.0,0.7925585539117999,0.1880518726271942,0.5602134885564686,0.46698872785829315,0.5162418387450337,0.9045929500668268,666.0,576.0,1242.0,1.0,0.7334943639291466,545.0,1115.0,0.8977455716586151,0.4388083735909823,911.0,0.28210757409440174,1.0,0.7638888888888888,45.0,0.036231884057971016,0.08256880733944955,117.58,-72.58,0.3471014492753623,0.46,0.04198053926081024,0.3397745571658615,0.33714312595420487,0.31076178960096734,0.026381336353237528
catboost,-0.01,-2.0,0.0,1242.0,1.0,0.7492492492492493,0.7152777777777778,0.7322635135135136,0.7334943639291466,0.7334943639291466,0.5362318840579711,0.463768115942029,0.5793880837359099,0.4314090177133656,1242.0,666.0,576.0,0.7925585539117999,0.1880518726271942,0.5602134885564686,0.46698872785829315,0.5162418387450337,0.9045929500668268,666.0,576.0,1242.0,1.0,0.7334943639291466,540.0,1101.0,0.8864734299516909,0.43478260869565216,911.0,0.28210757409440174,1.0,0.7632508833922261,46.0,0.037037037037037035,0.08518518518518518,117.58,-71.58000000000001,0.343365539452496,0.46,0.04198053926081024,0.3397745571658615,0.3387437191049936,0.3141809290953545,0.024562790009639124
catboost,-0.005,-2.0,0.0,1242.0,1.0,0.7492492492492493,0.7152777777777778,0.7322635135135136,0.7334943639291466,0.7334943639291466,0.5362318840579711,0.463768115942029,0.5793880837359099,0.4314090177133656,1242.0,666.0,576.0,0.7925585539117999,0.1880518726271942,0.5602134885564686,0.46698872785829315,0.5162418387450337,0.9045929500668268,666.0,576.0,1242.0,1.0,0.7334943639291466,484.0,1023.0,0.8236714975845411,0.3896940418679549,911.0,0.2722283205268935,1.0,0.8135593220338984,49.01,0.039460547504025764,0.10126033057851241,112.57,-63.56000000000001,0.3280032206119163,0.46,0.04198053926081024,0.3397745571658615,0.34222631972732875,0.31512071156289706,0.027105608164431694
catboost,0.0,-2.0,0.0,1242.0,1.0,0.7492492492492493,0.7152777777777778,0.7322635135135136,0.7334943639291466,0.7334943639291466,0.5362318840579711,0.463768115942029,0.5793880837359099,0.4314090177133656,1242.0,666.0,576.0,0.7925585539117999,0.1880518726271942,0.5602134885564686,0.46698872785829315,0.5162418387450337,0.9045929500668268,666.0,576.0,1242.0,1.0,0.7334943639291466,403.0,818.0,0.6586151368760065,0.3244766505636071,911.0,0.2667398463227223,1.0,0.89375,49.86999999999999,0.04015297906602254,0.12374689826302729,109.57,-59.7,0.31624798711755236,0.36,0.04198053926081024,0.3397745571658615,0.40093541063189664,0.36930091185410335,0.031634498777793285
catboost,0.005,-2.0,0.0,1242.0,1.0,0.7492492492492493,0.7152777777777778,0.7322635135135136,0.7334943639291466,0.7334943639291466,0.5362318840579711,0.463768115942029,0.5793880837359099,0.4314090177133656,1242.0,666.0,576.0,0.7925585539117999,0.1880518726271942,0.5602134885564686,0.46698872785829315,0.5162418387450337,0.9045929500668268,666.0,576.0,1242.0,1.0,0.7334943639291466,354.0,746.0,0.6006441223832528,0.28502415458937197,911.0,0.24368825466520308,1.0,0.9318181818181818,49.61,0.039943639291465376,0.1401412429378531,100.13,-50.519999999999996,0.2941304347826087,0.21,0.04198053926081024,0.3397745571658615,0.40237767606332653,0.36156351791530944,0.04081415814801709
catboost,0.01,-2.0,0.0,1242.0,1.0,0.7492492492492493,0.7152777777777778,0.7322635135135136,0.7334943639291466,0.7334943639291466,0.5362318840579711,0.463768115942029,0.5793880837359099,0.4314090177133656,1242.0,666.0,576.0,0.7925585539117999,0.1880518726271942,0.5602134885564686,0.46698872785829315,0.5162418387450337,0.9045929500668268,666.0,576.0,1242.0,1.0,0.7334943639291466,337.0,717.0,0.5772946859903382,0.2713365539452496,911.0,0.23710208562019758,1.0,0.9256198347107438,50.53,0.04068438003220612,0.1499406528189911,96.59,-46.06,0.2844363929146538,0.16,0.04198053926081024,0.3397745571658615,0.40327497697862585,0.3624161073825503,0.04085886959607554
catboost,0.015,-2.0,0.0,1242.0,1.0,0.7492492492492493,0.7152777777777778,0.7322635135135136,0.7334943639291466,0.7334943639291466,0.5362318840579711,0.463768115942029,0.5793880837359099,0.4314090177133656,1242.0,666.0,576.0,0.7925585539117999,0.1880518726271942,0.5602134885564686,0.46698872785829315,0.5162418387450337,0.9045929500668268,666.0,576.0,1242.0,1.0,0.7334943639291466,328.0,694.0,0.5587761674718197,0.2640901771336554,911.0,0.2327113062568606,1.0,0.9224137931034483,51.019999999999996,0.04107890499194847,0.15554878048780488,94.88,-43.86,0.27466988727858294,0.16,0.04198053926081024,0.3397745571658615,0.40786937576152194,0.36678200692041524,0.0410873688411067
catboost,0.02,-2.0,0.0,1242.0,1.0,0.7492492492492493,0.7152777777777778,0.7322635135135136,0.7334943639291466,0.7334943639291466,0.5362318840579711,0.463768115942029,0.5793880837359099,0.4314090177133656,1242.0,666.0,576.0,0.7925585539117999,0.1880518726271942,0.5602134885564686,0.46698872785829315,0.5162418387450337,0.9045929500668268,666.0,576.0,1242.0,1.0,0.7334943639291466,317.0,673.0,0.5418679549114331,0.25523349436392917,911.0,0.2261251372118551,1.0,0.918918918918919,50.08,0.04032206119162641,0.15798107255520505,91.64,-41.56,0.2671739130434783,0.11,0.04198053926081024,0.3397745571658615,0.4092168886028439,0.3665480427046263,0.04266884589821757
catboost,0.025,-2.0,0.0,1242.0,1.0,0.7492492492492493,0.7152777777777778,0.7322635135135136,0.7334943639291466,0.7334943639291466,0.5362318840579711,0.463768115942029,0.5793880837359099,0.4314090177133656,1242.0,666.0,576.0,0.7925585539117999,0.1880518726271942,0.5602134885564686,0.46698872785829315,0.5162418387450337,0.9045929500668268,666.0,576.0,1242.0,1.0,0.7334943639291466,292.0,614.0,0.4943639291465378,0.23510466988727857,911.0,0.21734357848518113,1.0,0.925531914893617,50.17999999999999,0.04040257648953301,0.17184931506849319,87.91999999999999,-37.739999999999995,0.2533735909822866,0.0,0.04198053926081024,0.3397745571658615,0.42324160542910877,0.38076923076923075,0.04247237465987802
catboost,0.03,-2.0,0.0,1242.0,1.0,0.7492492492492493,0.7152777777777778,0.7322635135135136,0.7334943639291466,0.7334943639291466,0.5362318840579711,0.463768115942029,0.5793880837359099,0.4314090177133656,1242.0,666.0,576.0,0.7925585539117999,0.1880518726271942,0.5602134885564686,0.46698872785829315,0.5162418387450337,0.9045929500668268,666.0,576.0,1242.0,1.0,0.7334943639291466,278.0,579.0,0.46618357487922707,0.22383252818035426,911.0,0.2074643249176729,1.0,0.9213483146067416,48.07,0.038703703703703705,0.17291366906474817,83.71000000000001,-35.64,0.23908212560386477,0.0,0.04198053926081024,0.3397745571658615,0.42223428847522126,0.38571428571428573,0.03652000276093553
catboost,0.035,-2.0,0.0,1242.0,1.0,0.7492492492492493,0.7152777777777778,0.7322635135135136,0.7334943639291466,0.7334943639291466,0.5362318840579711,0.463768115942029,0.5793880837359099,0.4314090177133656,1242.0,666.0,576.0,0.7925585539117999,0.1880518726271942,0.5602134885564686,0.46698872785829315,0.5162418387450337,0.9045929500668268,666.0,576.0,1242.0,1.0,0.7334943639291466,268.0,557.0,0.44847020933977455,0.21578099838969403,911.0,0.20197585071350166,1.0,0.9285714285714286,47.620000000000005,0.038341384863123995,0.17768656716417913,81.36,-33.74000000000001,0.22964573268921099,0.0,0.04198053926081024,0.3397745571658615,0.42138396090881747,0.3890063424947146,0.03237761841410286
catboost,0.04,-2.0,0.0,1242.0,1.0,0.7492492492492493,0.7152777777777778,0.7322635135135136,0.7334943639291466,0.7334943639291466,0.5362318840579711,0.463768115942029,0.5793880837359099,0.4314090177133656,1242.0,666.0,576.0,0.7925585539117999,0.1880518726271942,0.5602134885564686,0.46698872785829315,0.5162418387450337,0.9045929500668268,666.0,576.0,1242.0,1.0,0.7334943639291466,248.0,512.0,0.41223832528180354,0.1996779388083736,911.0,0.19319429198682767,1.0,0.9305555555555556,49.87,0.04015297906602254,0.20108870967741937,78.28999999999999,-28.419999999999998,0.21213365539452497,0.0,0.04198053926081024,0.3397745571658615,0.43173948642060495,0.4,0.03173948642060492
catboost,0.045,-2.0,0.0,1242.0,1.0,0.7492492492492493,0.7152777777777778,0.7322635135135136,0.7334943639291466,0.7334943639291466,0.5362318840579711,0.463768115942029,0.5793880837359099,0.4314090177133656,1242.0,666.0,576.0,0.7925585539117999,0.1880518726271942,0.5602134885564686,0.46698872785829315,0.5162418387450337,0.9045929500668268,666.0,576.0,1242.0,1.0,0.7334943639291466,238.0,483.0,0.3888888888888889,0.19162640901771336,911.0,0.1877058177826564,1.0,0.9402985074626866,48.269999999999996,0.0388647342995169,0.20281512605042015,75.69,-27.42,0.20356682769726248,0.0,0.04198053926081024,0.3397745571658615,0.44121289083609433,0.4110576923076923,0.03015519852840204
catboost,0.05,-2.0,0.0,1242.0,1.0,0.7492492492492493,0.7152777777777778,0.7322635135135136,0.7334943639291466,0.7334943639291466,0.5362318840579711,0.463768115942029,0.5793880837359099,0.4314090177133656,1242.0,666.0,576.0,0.7925585539117999,0.1880518726271942,0.5602134885564686,0.46698872785829315,0.5162418387450337,0.9045929500668268,666.0,576.0,1242.0,1.0,0.7334943639291466,229.0,466.0,0.3752012882447665,0.18438003220611915,911.0,0.18221734357848518,1.0,0.9365079365079365,45.959999999999994,0.03700483091787439,0.20069868995633186,72.49000000000001,-26.53,0.19980676328502414,0.0,0.04198053926081024,0.3397745571658615,0.44586098360760945,0.4119106699751861,0.033950313632423346
catboost,0.055,-2.0,0.0,1242.0,1.0,0.7492492492492493,0.7152777777777778,0.7322635135135136,0.7334943639291466,0.7334943639291466,0.5362318840579711,0.463768115942029,0.5793880837359099,0.4314090177133656,1242.0,666.0,576.0,0.7925585539117999,0.1880518726271942,0.5602134885564686,0.46698872785829315,0.5162418387450337,0.9045929500668268,666.0,576.0,1242.0,1.0,0.7334943639291466,214.0,433.0,0.34863123993558776,0.1723027375201288,911.0,0.17014270032930845,1.0,0.9322033898305084,44.51,0.03583735909822866,0.2079906542056075,68.60000000000001,-24.090000000000003,0.18440418679549114,0.0,0.04198053926081024,0.3397745571658615,0.4507252620904597,0.4144385026737968,0.03628675941666293
catboost,0.06,-2.0,0.0,1242.0,1.0,0.7492492492492493,0.7152777777777778,0.7322635135135136,0.7334943639291466,0.7334943639291466,0.5362318840579711,0.463768115942029,0.5793880837359099,0.4314090177133656,1242.0,666.0,576.0,0.7925585539117999,0.1880518726271942,0.5602134885564686,0.46698872785829315,0.5162418387450337,0.9045929500668268,666.0,576.0,1242.0,1.0,0.7334943639291466,206.0,424.0,0.3413848631239936,0.16586151368760063,911.0,0.16245883644346873,1.0,0.9310344827586207,42.09,0.03388888888888889,0.20432038834951458,65.77000000000001,-23.68,0.1805877616747182,0.0,0.04198053926081024,0.3397745571658615,0.4539179003458662,0.40437158469945356,0.04954631564641265
catboost,0.065,-2.0,0.0,1242.0,1.0,0.7492492492492493,0.7152777777777778,0.7322635135135136,0.7334943639291466,0.7334943639291466,0.5362318840579711,0.463768115942029,0.5793880837359099,0.4314090177133656,1242.0,666.0,576.0,0.7925585539117999,0.1880518726271942,0.5602134885564686,0.46698872785829315,0.5162418387450337,0.9045929500668268,666.0,576.0,1242.0,1.0,0.7334943639291466,183.0,379.0,0.30515297906602257,0.1473429951690821,911.0,0.145993413830955,1.0,0.92,39.32,0.031658615136876005,0.21486338797814208,59.120000000000005,-19.8,0.16037842190016102,0.0,0.04198053926081024,0.3397745571658615,0.4541362152589851,0.40425531914893614,0.04988089611004898
catboost,0.07,-2.0,0.0,1242.0,1.0,0.7492492492492493,0.7152777777777778,0.7322635135135136,0.7334943639291466,0.7334943639291466,0.5362318840579711,0.463768115942029,0.5793880837359099,0.4314090177133656,1242.0,666.0,576.0,0.7925585539117999,0.1880518726271942,0.5602134885564686,0.46698872785829315,0.5162418387450337,0.9045929500668268,666.0,576.0,1242.0,1.0,0.7334943639291466,171.0,359.0,0.2890499194847021,0.13768115942028986,911.0,0.13611416026344675,1.0,0.9148936170212766,35.99,0.028977455716586154,0.21046783625730994,54.510000000000005,-18.52,0.1519243156199678,0.0,0.04198053926081024,0.3397745571658615,0.4580779414877652,0.3974358974358974,0.060642044051867794
catboost,0.075,-2.0,0.0,1242.0,1.0,0.7492492492492493,0.7152777777777778,0.7322635135135136,0.7334943639291466,0.7334943639291466,0.5362318840579711,0.463768115942029,0.5793880837359099,0.4314090177133656,1242.0,666.0,576.0,0.7925585539117999,0.1880518726271942,0.5602134885564686,0.46698872785829315,0.5162418387450337,0.9045929500668268,666.0,576.0,1242.0,1.0,0.7334943639291466,168.0,343.0,0.27616747181964574,0.13526570048309178,911.0,0.132821075740944,1.0,0.9148936170212766,35.17,0.028317230273752013,0.2093452380952381,53.69,-18.52,0.14265700483091787,0.0,0.04198053926081024,0.3397745571658615,0.46516755091756623,0.40878378378378377,0.05638376713378246
catboost,0.08,-2.0,0.0,1242.0,1.0,0.7492492492492493,0.7152777777777778,0.7322635135135136,0.7334943639291466,0.7334943639291466,0.5362318840579711,0.463768115942029,0.5793880837359099,0.4314090177133656,1242.0,666.0,576.0,0.7925585539117999,0.1880518726271942,0.5602134885564686,0.46698872785829315,0.5162418387450337,0.9045929500668268,666.0,576.0,1242.0,1.0,0.7334943639291466,158.0,328.0,0.2640901771336554,0.12721417069243157,911.0,0.12843029637760703,1.0,0.9024390243902439,35.370000000000005,0.02847826086956522,0.22386075949367087,52.129999999999995,-16.759999999999998,0.13762479871175523,0.0,0.04198053926081024,0.3397745571658615,0.467954151241041,0.4076655052264808,0.06028864601456019
catboost,0.085,-2.0,0.0,1242.0,1.0,0.7492492492492493,0.7152777777777778,0.7322635135135136,0.7334943639291466,0.7334943639291466,0.5362318840579711,0.463768115942029,0.5793880837359099,0.4314090177133656,1242.0,666.0,576.0,0.7925585539117999,0.1880518726271942,0.5602134885564686,0.46698872785829315,0.5162418387450337,0.9045929500668268,666.0,576.0,1242.0,1.0,0.7334943639291466,152.0,312.0,0.25120772946859904,0.12238325281803543,911.0,0.12403951701427003,1.0,0.9230769230769231,34.13,0.027479871175523352,0.22453947368421048,50.37,-16.240000000000002,0.13105475040257647,0.0,0.04198053926081024,0.3397745571658615,0.47373367220219087,0.4139194139194139,0.05981425828277698
catboost,0.09,-2.0,0.0,1242.0,1.0,0.7492492492492493,0.7152777777777778,0.7322635135135136,0.7334943639291466,0.7334943639291466,0.5362318840579711,0.463768115942029,0.5793880837359099,0.4314090177133656,1242.0,666.0,576.0,0.7925585539117999,0.1880518726271942,0.5602134885564686,0.46698872785829315,0.5162418387450337,0.9045929500668268,666.0,576.0,1242.0,1.0,0.7334943639291466,136.0,285.0,0.22946859903381642,0.10950080515297907,911.0,0.1163556531284303,1.0,0.9,35.49000000000001,0.028574879227053148,0.2609558823529412,47.19,-11.7,0.12081320450885669,0.0,0.04198053926081024,0.3397745571658615,0.4759243327692351,0.41568627450980394,0.06023805825943118
catboost,0.095,-2.0,0.0,1242.0,1.0,0.7492492492492493,0.7152777777777778,0.7322635135135136,0.7334943639291466,0.7334943639291466,0.5362318840579711,0.463768115942029,0.5793880837359099,0.4314090177133656,1242.0,666.0,576.0,0.7925585539117999,0.1880518726271942,0.5602134885564686,0.46698872785829315,0.5162418387450337,0.9045929500668268,666.0,576.0,1242.0,1.0,0.7334943639291466,135.0,283.0,0.2278582930756844,0.10869565217391304,911.0,0.1163556531284303,1.0,0.896551724137931,35.75,0.028784219001610305,0.26481481481481484,47.19,-11.439999999999998,0.12039452495974236,0.0,0.04198053926081024,0.3397745571658615,0.4762321952103452,0.41732283464566927,0.05890936056467594
catboost,0.1,-2.0,0.0,1242.0,1.0,0.7492492492492493,0.7152777777777778,0.7322635135135136,0.7334943639291466,0.7334943639291466,0.5362318840579711,0.463768115942029,0.5793880837359099,0.4314090177133656,1242.0,666.0,576.0,0.7925585539117999,0.1880518726271942,0.5602134885564686,0.46698872785829315,0.5162418387450337,0.9045929500668268,666.0,576.0,1242.0,1.0,0.7334943639291466,109.0,231.0,0.1859903381642512,0.08776167471819646,911.0,0.09549945115257959,1.0,0.9090909090909091,30.51,0.02456521739130435,0.27990825688073395,38.53,-8.02,0.09916264090177133,0.0,0.04198053926081024,0.3397745571658615,0.4834040855200412,0.41626794258373206,0.06713614293630915
catboost,0.105,-2.0,0.0,1242.0,1.0,0.7492492492492493,0.7152777777777778,0.7322635135135136,0.7334943639291466,0.7334943639291466,0.5362318840579711,0.463768115942029,0.5793880837359099,0.4314090177133656,1242.0,666.0,576.0,0.7925585539117999,0.1880518726271942,0.5602134885564686,0.46698872785829315,0.5162418387450337,0.9045929500668268,666.0,576.0,1242.0,1.0,0.7334943639291466,101.0,214.0,0.1723027375201288,0.08132045088566828,911.0,0.09001097694840834,1.0,0.9473684210526315,28.440000000000005,0.022898550724637683,0.28158415841584156,35.730000000000004,-7.29,0.09318840579710146,0.0,0.04198053926081024,0.3397745571658615,0.49047418236006063,0.4205128205128205,0.06996136184724011
catboost,0.11,-2.0,0.0,1242.0,1.0,0.7492492492492493,0.7152777777777778,0.7322635135135136,0.7334943639291466,0.7334943639291466,0.5362318840579711,0.463768115942029,0.5793880837359099,0.4314090177133656,1242.0,666.0,576.0,0.7925585539117999,0.1880518726271942,0.5602134885564686,0.46698872785829315,0.5162418387450337,0.9045929500668268,666.0,576.0,1242.0,1.0,0.7334943639291466,97.0,209.0,0.1682769726247987,0.07809983896940419,911.0,0.08781558726673985,1.0,0.9411764705882353,27.580000000000005,0.022206119162640908,0.2843298969072165,34.55,-6.97,0.09218196457326892,0.0,0.04198053926081024,0.3397745571658615,0.4928049845640797,0.4166666666666667,0.07613831789741299
catboost,0.115,-2.0,0.0,1242.0,1.0,0.7492492492492493,0.7152777777777778,0.7322635135135136,0.7334943639291466,0.7334943639291466,0.5362318840579711,0.463768115942029,0.5793880837359099,0.4314090177133656,1242.0,666.0,576.0,0.7925585539117999,0.1880518726271942,0.5602134885564686,0.46698872785829315,0.5162418387450337,0.9045929500668268,666.0,576.0,1242.0,1.0,0.7334943639291466,94.0,201.0,0.16183574879227053,0.07568438003220612,911.0,0.08562019758507135,1.0,0.9375,27.11,0.02182769726247987,0.28840425531914893,33.57,-6.46,0.08865539452495975,0.0,0.04198053926081024,0.3397745571658615,0.49532192992596374,0.42162162162162165,0.0737003083043421
catboost,0.12,-2.0,0.0,1242.0,1.0,0.7492492492492493,0.7152777777777778,0.7322635135135136,0.7334943639291466,0.7334943639291466,0.5362318840579711,0.463768115942029,0.5793880837359099,0.4314090177133656,1242.0,666.0,576.0,0.7925585539117999,0.1880518726271942,0.5602134885564686,0.46698872785829315,0.5162418387450337,0.9045929500668268,666.0,576.0,1242.0,1.0,0.7334943639291466,77.0,168.0,0.13526570048309178,0.061996779388083734,911.0,0.06695938529088913,1.0,0.9375,20.380000000000003,0.01640901771336554,0.26467532467532473,26.84,-6.46,0.0720450885668277,0.0,0.04198053926081024,0.3397745571658615,0.5094710630219754,0.40131578947368424,0.10815527354829119
catboost,0.125,-2.0,0.0,1242.0,1.0,0.7492492492492493,0.7152777777777778,0.7322635135135136,0.7334943639291466,0.7334943639291466,0.5362318840579711,0.463768115942029,0.5793880837359099,0.4314090177133656,1242.0,666.0,576.0,0.7925585539117999,0.1880518726271942,0.5602134885564686,0.46698872785829315,0.5162418387450337,0.9045929500668268,666.0,576.0,1242.0,1.0,0.7334943639291466,60.0,123.0,0.09903381642512077,0.04830917874396135,911.0,0.05159165751920966,1.0,0.9230769230769231,15.85,0.012761674718196458,0.2641666666666666,21.38,-5.53,0.050507246376811595,0.0,0.04198053926081024,0.3397745571658615,0.5102181884643435,0.42727272727272725,0.08294546119161628
catboost,0.13,-2.0,0.0,1242.0,1.0,0.7492492492492493,0.7152777777777778,0.7322635135135136,0.7334943639291466,0.7334943639291466,0.5362318840579711,0.463768115942029,0.5793880837359099,0.4314090177133656,1242.0,666.0,576.0,0.7925585539117999,0.1880518726271942,0.5602134885564686,0.46698872785829315,0.5162418387450337,0.9045929500668268,666.0,576.0,1242.0,1.0,0.7334943639291466,52.0,100.0,0.08051529790660225,0.04186795491143317,911.0,0.043907793633369926,1.0,0.9166666666666666,12.43,0.01000805152979066,0.2390384615384615,17.799999999999997,-5.37,0.04194847020933977,0.0,0.04198053926081024,0.3397745571658615,0.5259587992054718,0.45454545454545453,0.07141334466001731
catboost,0.135,-2.0,0.0,1242.0,1.0,0.7492492492492493,0.7152777777777778,0.7322635135135136,0.7334943639291466,0.7334943639291466,0.5362318840579711,0.463768115942029,0.5793880837359099,0.4314090177133656,1242.0,666.0,576.0,0.7925585539117999,0.1880518726271942,0.5602134885564686,0.46698872785829315,0.5162418387450337,0.9045929500668268,666.0,576.0,1242.0,1.0,0.7334943639291466,40.0,74.0,0.05958132045088567,0.0322061191626409,911.0,0.03402854006586169,1.0,0.8888888888888888,10.35,0.008333333333333333,0.25875000000000004,14.04,-3.6900000000000004,0.030265700483091792,0.0,0.04198053926081024,0.3397745571658615,0.5266500904532123,0.47692307692307695,0.04972701353013537
catboost,0.14,-2.0,0.0,1242.0,1.0,0.7492492492492493,0.7152777777777778,0.7322635135135136,0.7334943639291466,0.7334943639291466,0.5362318840579711,0.463768115942029,0.5793880837359099,0.4314090177133656,1242.0,666.0,576.0,0.7925585539117999,0.1880518726271942,0.5602134885564686,0.46698872785829315,0.5162418387450337,0.9045929500668268,666.0,576.0,1242.0,1.0,0.7334943639291466,37.0,67.0,0.05394524959742351,0.029790660225442835,911.0,0.031833150384193196,1.0,0.875,9.53,0.0076731078904991945,0.2575675675675676,13.06,-3.5300000000000002,0.02823671497584541,0.0,0.04198053926081024,0.3397745571658615,0.5373778551812425,0.4915254237288136,0.0458524314524289
catboost,0.145,-2.0,0.0,1242.0,1.0,0.7492492492492493,0.7152777777777778,0.7322635135135136,0.7334943639291466,0.7334943639291466,0.5362318840579711,0.463768115942029,0.5793880837359099,0.4314090177133656,1242.0,666.0,576.0,0.7925585539117999,0.1880518726271942,0.5602134885564686,0.46698872785829315,0.5162418387450337,0.9045929500668268,666.0,576.0,1242.0,1.0,0.7334943639291466,35.0,62.0,0.0499194847020934,0.02818035426731079,911.0,0.030735455543358946,1.0,0.8571428571428571,9.749999999999998,0.007850241545893718,0.27857142857142864,12.670000000000002,-2.92,0.025861513687600642,0.0,0.04198053926081024,0.3397745571658615,0.540107378646631,0.509090909090909,0.031016469555722015
catboost,0.15,-2.0,0.0,1242.0,1.0,0.7492492492492493,0.7152777777777778,0.7322635135135136,0.7334943639291466,0.7334943639291466,0.5362318840579711,0.463768115942029,0.5793880837359099,0.4314090177133656,1242.0,666.0,576.0,0.7925585539117999,0.1880518726271942,0.5602134885564686,0.46698872785829315,0.5162418387450337,0.9045929500668268,666.0,576.0,1242.0,1.0,0.7334943639291466,33.0,58.0,0.04669887278582931,0.026570048309178744,911.0,0.02854006586169045,1.0,0.8571428571428571,8.67,0.006980676328502415,0.2627272727272727,11.59,-2.92,0.024420289855072462,0.0,0.04198053926081024,0.3397745571658615,0.5448021764960576,0.5098039215686274,0.03499825492743014
catboost,0.155,-2.0,0.0,1242.0,1.0,0.7492492492492493,0.7152777777777778,0.7322635135135136,0.7334943639291466,0.7334943639291466,0.5362318840579711,0.463768115942029,0.5793880837359099,0.4314090177133656,1242.0,666.0,576.0,0.7925585539117999,0.1880518726271942,0.5602134885564686,0.46698872785829315,0.5162418387450337,0.9045929500668268,666.0,576.0,1242.0,1.0,0.7334943639291466,30.0,51.0,0.04106280193236715,0.024154589371980676,911.0,0.026344676180021953,1.0,0.8333333333333334,8.25,0.006642512077294686,0.27499999999999997,10.66,-2.41,0.021505636070853464,0.0,0.04198053926081024,0.3397745571658615,0.5469948923606338,0.5333333333333333,0.013661559027300485
catboost,0.16,-2.0,0.0,1242.0,1.0,0.7492492492492493,0.7152777777777778,0.7322635135135136,0.7334943639291466,0.7334943639291466,0.5362318840579711,0.463768115942029,0.5793880837359099,0.4314090177133656,1242.0,666.0,576.0,0.7925585539117999,0.1880518726271942,0.5602134885564686,0.46698872785829315,0.5162418387450337,0.9045929500668268,666.0,576.0,1242.0,1.0,0.7334943639291466,25.0,46.0,0.037037037037037035,0.020128824476650563,911.0,0.021953896816684963,1.0,0.8,7.1,0.00571658615136876,0.284,9.0,-1.9,0.019210950080515297,0.0,0.04198053926081024,0.3397745571658615,0.5416259496780864,0.4878048780487805,0.05382107162930594
catboost,0.165,-2.0,0.0,1242.0,1.0,0.7492492492492493,0.7152777777777778,0.7322635135135136,0.7334943639291466,0.7334943639291466,0.5362318840579711,0.463768115942029,0.5793880837359099,0.4314090177133656,1242.0,666.0,576.0,0.7925585539117999,0.1880518726271942,0.5602134885564686,0.46698872785829315,0.5162418387450337,0.9045929500668268,666.0,576.0,1242.0,1.0,0.7334943639291466,25.0,44.0,0.03542673107890499,0.020128824476650563,911.0,0.021953896816684963,1.0,0.8,7.1,0.00571658615136876,0.284,9.0,-1.9,0.01887278582930757,0.0,0.04198053926081024,0.3397745571658615,0.5491996192031477,0.5128205128205128,0.036379106382634974
catboost,0.17,-2.0,0.0,1242.0,1.0,0.7492492492492493,0.7152777777777778,0.7322635135135136,0.7334943639291466,0.7334943639291466,0.5362318840579711,0.463768115942029,0.5793880837359099,0.4314090177133656,1242.0,666.0,576.0,0.7925585539117999,0.1880518726271942,0.5602134885564686,0.46698872785829315,0.5162418387450337,0.9045929500668268,666.0,576.0,1242.0,1.0,0.7334943639291466,22.0,40.0,0.0322061191626409,0.017713365539452495,911.0,0.019758507135016465,1.0,0.75,6.7299999999999995,0.005418679549114331,0.3059090909090909,8.170000000000002,-1.44,0.017069243156199676,0.0,0.04198053926081024,0.3397745571658615,0.545755247355314,0.5,0.045755247355314
catboost,0.175,-2.0,0.0,1242.0,1.0,0.7492492492492493,0.7152777777777778,0.7322635135135136,0.7334943639291466,0.7334943639291466,0.5362318840579711,0.463768115942029,0.5793880837359099,0.4314090177133656,1242.0,666.0,576.0,0.7925585539117999,0.1880518726271942,0.5602134885564686,0.46698872785829315,0.5162418387450337,0.9045929500668268,666.0,576.0,1242.0,1.0,0.7334943639291466,19.0,34.0,0.027375201288244767,0.015297906602254429,911.0,0.01756311745334797,1.0,0.6666666666666666,6.06,0.004879227053140096,0.3189473684210526,7.29,-1.23,0.014645732689210949,0.0,0.04198053926081024,0.3397745571658615,0.5501203535763247,0.5161290322580645,0.033991321318260215
catboost,0.18,-2.0,0.0,1242.0,1.0,0.7492492492492493,0.7152777777777778,0.7322635135135136,0.7334943639291466,0.7334943639291466,0.5362318840579711,0.463768115942029,0.5793880837359099,0.4314090177133656,1242.0,666.0,576.0,0.7925585539117999,0.1880518726271942,0.5602134885564686,0.46698872785829315,0.5162418387450337,0.9045929500668268,666.0,576.0,1242.0,1.0,0.7334943639291466,17.0,30.0,0.024154589371980676,0.013687600644122383,911.0,0.015367727771679473,1.0,0.6666666666666666,5.279999999999999,0.004251207729468598,0.31058823529411766,6.51,-1.23,0.012681159420289854,0.0,0.04198053926081024,0.3397745571658615,0.556502294325243,0.5185185185185185,0.03798377580672452
catboost,0.185,-2.0,0.0,1242.0,1.0,0.7492492492492493,0.7152777777777778,0.7322635135135136,0.7334943639291466,0.7334943639291466,0.5362318840579711,0.463768115942029,0.5793880837359099,0.4314090177133656,1242.0,666.0,576.0,0.7925585539117999,0.1880518726271942,0.5602134885564686,0.46698872785829315,0.5162418387450337,0.9045929500668268,666.0,576.0,1242.0,1.0,0.7334943639291466,15.0,26.0,0.020933977455716585,0.012077294685990338,911.0,0.013172338090010977,1.0,0.6666666666666666,4.5,0.0036231884057971015,0.3,5.7299999999999995,-1.23,0.01071658615136876,0.0,0.04198053926081024,0.3397745571658615,0.5651040405520458,0.5217391304347826,0.04336491011726318
catboost,0.19,-2.0,0.0,1242.0,1.0,0.7492492492492493,0.7152777777777778,0.7322635135135136,0.7334943639291466,0.7334943639291466,0.5362318840579711,0.463768115942029,0.5793880837359099,0.4314090177133656,1242.0,666.0,576.0,0.7925585539117999,0.1880518726271942,0.5602134885564686,0.46698872785829315,0.5162418387450337,0.9045929500668268,666.0,576.0,1242.0,1.0,0.7334943639291466,13.0,22.0,0.017713365539452495,0.010466988727858293,911.0,0.010976948408342482,1.0,0.6666666666666666,3.4699999999999998,0.002793880837359098,0.26692307692307693,4.699999999999999,-1.23,0.009194847020933976,0.0,0.04198053926081024,0.3397745571658615,0.5665780706053729,0.5263157894736842,0.040262281131688726
catboost,0.195,-2.0,0.0,1242.0,1.0,0.7492492492492493,0.7152777777777778,0.7322635135135136,0.7334943639291466,0.7334943639291466,0.5362318840579711,0.463768115942029,0.5793880837359099,0.4314090177133656,1242.0,666.0,576.0,0.7925585539117999,0.1880518726271942,0.5602134885564686,0.46698872785829315,0.5162418387450337,0.9045929500668268,666.0,576.0,1242.0,1.0,0.7334943639291466,13.0,22.0,0.017713365539452495,0.010466988727858293,911.0,0.010976948408342482,1.0,0.6666666666666666,3.4699999999999998,0.002793880837359098,0.26692307692307693,4.699999999999999,-1.23,0.009194847020933976,0.0,0.04198053926081024,0.3397745571658615,0.5665780706053729,0.5263157894736842,0.040262281131688726
catboost,0.2,-2.0,0.0,1242.0,1.0,0.7492492492492493,0.7152777777777778,0.7322635135135136,0.7334943639291466,0.7334943639291466,0.5362318840579711,0.463768115942029,0.5793880837359099,0.4314090177133656,1242.0,666.0,576.0,0.7925585539117999,0.1880518726271942,0.5602134885564686,0.46698872785829315,0.5162418387450337,0.9045929500668268,666.0,576.0,1242.0,1.0,0.7334943639291466,13.0,22.0,0.017713365539452495,0.010466988727858293,911.0,0.010976948408342482,1.0,0.6666666666666666,3.4699999999999998,0.002793880837359098,0.26692307692307693,4.699999999999999,-1.23,0.009194847020933976,0.0,0.04198053926081024,0.3397745571658615,0.5665780706053729,0.5263157894736842,0.040262281131688726
catboost,-0.25,-1.0,0.0,1242.0,1.0,0.7492492492492493,0.7152777777777778,0.7322635135135136,0.7334943639291466,0.7334943639291466,0.5362318840579711,0.463768115942029,0.5793880837359099,0.4314090177133656,1242.0,666.0,576.0,0.7925585539117999,0.1880518726271942,0.5602134885564686,0.46698872785829315,0.5162418387450337,0.9045929500668268,666.0,576.0,1242.0,1.0,0.7334943639291466,749.0,1242.0,1.0,0.6030595813204509,911.0,0.4588364434687157,1.0,0.8036253776435045,70.85999999999999,0.05705314009661835,0.09460614152202937,173.87,-103.00999999999999,0.43536231884057974,0.51,0.05799854334912504,0.2785829307568438,0.4632164058800162,0.4588364434687157,0.004379962411300509
catboost,-0.245,-1.0,0.0,1242.0,1.0,0.7492492492492493,0.7152777777777778,0.7322635135135136,0.7334943639291466,0.7334943639291466,0.5362318840579711,0.463768115942029,0.5793880837359099,0.4314090177133656,1242.0,666.0,576.0,0.7925585539117999,0.1880518726271942,0.5602134885564686,0.46698872785829315,0.5162418387450337,0.9045929500668268,666.0,576.0,1242.0,1.0,0.7334943639291466,749.0,1242.0,1.0,0.6030595813204509,911.0,0.4588364434687157,1.0,0.8036253776435045,70.85999999999999,0.05705314009661835,0.09460614152202937,173.87,-103.00999999999999,0.43536231884057974,0.51,0.05799854334912504,0.2785829307568438,0.4632164058800162,0.4588364434687157,0.004379962411300509
catboost,-0.24,-1.0,0.0,1242.0,1.0,0.7492492492492493,0.7152777777777778,0.7322635135135136,0.7334943639291466,0.7334943639291466,0.5362318840579711,0.463768115942029,0.5793880837359099,0.4314090177133656,1242.0,666.0,576.0,0.7925585539117999,0.1880518726271942,0.5602134885564686,0.46698872785829315,0.5162418387450337,0.9045929500668268,666.0,576.0,1242.0,1.0,0.7334943639291466,749.0,1242.0,1.0,0.6030595813204509,911.0,0.4588364434687157,1.0,0.8036253776435045,70.85999999999999,0.05705314009661835,0.09460614152202937,173.87,-103.00999999999999,0.43536231884057974,0.51,0.05799854334912504,0.2785829307568438,0.4632164058800162,0.4588364434687157,0.004379962411300509
catboost,-0.235,-1.0,0.0,1242.0,1.0,0.7492492492492493,0.7152777777777778,0.7322635135135136,0.7334943639291466,0.7334943639291466,0.5362318840579711,0.463768115942029,0.5793880837359099,0.4314090177133656,1242.0,666.0,576.0,0.7925585539117999,0.1880518726271942,0.5602134885564686,0.46698872785829315,0.5162418387450337,0.9045929500668268,666.0,576.0,1242.0,1.0,0.7334943639291466,749.0,1242.0,1.0,0.6030595813204509,911.0,0.4588364434687157,1.0,0.8036253776435045,70.85999999999999,0.05705314009661835,0.09460614152202937,173.87,-103.00999999999999,0.43536231884057974,0.51,0.05799854334912504,0.2785829307568438,0.4632164058800162,0.4588364434687157,0.004379962411300509
catboost,-0.23,-1.0,0.0,1242.0,1.0,0.7492492492492493,0.7152777777777778,0.7322635135135136,0.7334943639291466,0.7334943639291466,0.5362318840579711,0.463768115942029,0.5793880837359099,0.4314090177133656,1242.0,666.0,576.0,0.7925585539117999,0.1880518726271942,0.5602134885564686,0.46698872785829315,0.5162418387450337,0.9045929500668268,666.0,576.0,1242.0,1.0,0.7334943639291466,749.0,1242.0,1.0,0.6030595813204509,911.0,0.4588364434687157,1.0,0.8036253776435045,70.85999999999999,0.05705314009661835,0.09460614152202937,173.87,-103.00999999999999,0.43536231884057974,0.51,0.05799854334912504,0.2785829307568438,0.4632164058800162,0.4588364434687157,0.004379962411300509
catboost,-0.225,-1.0,0.0,1242.0,1.0,0.7492492492492493,0.7152777777777778,0.7322635135135136,0.7334943639291466,0.7334943639291466,0.5362318840579711,0.463768115942029,0.5793880837359099,0.4314090177133656,1242.0,666.0,576.0,0.7925585539117999,0.1880518726271942,0.5602134885564686,0.46698872785829315,0.5162418387450337,0.9045929500668268,666.0,576.0,1242.0,1.0,0.7334943639291466,749.0,1242.0,1.0,0.6030595813204509,911.0,0.4588364434687157,1.0,0.8036253776435045,70.85999999999999,0.05705314009661835,0.09460614152202937,173.87,-103.00999999999999,0.43536231884057974,0.51,0.05799854334912504,0.2785829307568438,0.4632164058800162,0.4588364434687157,0.004379962411300509
catboost,-0.22,-1.0,0.0,1242.0,1.0,0.7492492492492493,0.7152777777777778,0.7322635135135136,0.7334943639291466,0.7334943639291466,0.5362318840579711,0.463768115942029,0.5793880837359099,0.4314090177133656,1242.0,666.0,576.0,0.7925585539117999,0.1880518726271942,0.5602134885564686,0.46698872785829315,0.5162418387450337,0.9045929500668268,666.0,576.0,1242.0,1.0,0.7334943639291466,749.0,1242.0,1.0,0.6030595813204509,911.0,0.4588364434687157,1.0,0.8036253776435045,70.85999999999999,0.05705314009661835,0.09460614152202937,173.87,-103.00999999999999,0.43536231884057974,0.51,0.05799854334912504,0.2785829307568438,0.4632164058800162,0.4588364434687157,0.004379962411300509
catboost,-0.215,-1.0,0.0,1242.0,1.0,0.7492492492492493,0.7152777777777778,0.7322635135135136,0.7334943639291466,0.7334943639291466,0.5362318840579711,0.463768115942029,0.5793880837359099,0.4314090177133656,1242.0,666.0,576.0,0.7925585539117999,0.1880518726271942,0.5602134885564686,0.46698872785829315,0.5162418387450337,0.9045929500668268,666.0,576.0,1242.0,1.0,0.7334943639291466,749.0,1242.0,1.0,0.6030595813204509,911.0,0.4588364434687157,1.0,0.8036253776435045,70.85999999999999,0.05705314009661835,0.09460614152202937,173.87,-103.00999999999999,0.43536231884057974,0.51,0.05799854334912504,0.2785829307568438,0.4632164058800162,0.4588364434687157,0.004379962411300509
catboost,-0.21,-1.0,0.0,1242.0,1.0,0.7492492492492493,0.7152777777777778,0.7322635135135136,0.7334943639291466,0.7334943639291466,0.5362318840579711,0.463768115942029,0.5793880837359099,0.4314090177133656,1242.0,666.0,576.0,0.7925585539117999,0.1880518726271942,0.5602134885564686,0.46698872785829315,0.5162418387450337,0.9045929500668268,666.0,576.0,1242.0,1.0,0.7334943639291466,749.0,1242.0,1.0,0.6030595813204509,911.0,0.4588364434687157,1.0,0.8036253776435045,70.85999999999999,0.05705314009661835,0.09460614152202937,173.87,-103.00999999999999,0.43536231884057974,0.51,0.05799854334912504,0.2785829307568438,0.4632164058800162,0.4588364434687157,0.004379962411300509
catboost,-0.205,-1.0,0.0,1242.0,1.0,0.7492492492492493,0.7152777777777778,0.7322635135135136,0.7334943639291466,0.7334943639291466,0.5362318840579711,0.463768115942029,0.5793880837359099,0.4314090177133656,1242.0,666.0,576.0,0.7925585539117999,0.1880518726271942,0.5602134885564686,0.46698872785829315,0.5162418387450337,0.9045929500668268,666.0,576.0,1242.0,1.0,0.7334943639291466,749.0,1242.0,1.0,0.6030595813204509,911.0,0.4588364434687157,1.0,0.8036253776435045,70.85999999999999,0.05705314009661835,0.09460614152202937,173.87,-103.00999999999999,0.43536231884057974,0.51,0.05799854334912504,0.2785829307568438,0.4632164058800162,0.4588364434687157,0.004379962411300509
catboost,-0.2,-1.0,0.0,1242.0,1.0,0.7492492492492493,0.7152777777777778,0.7322635135135136,0.7334943639291466,0.7334943639291466,0.5362318840579711,0.463768115942029,0.5793880837359099,0.4314090177133656,1242.0,666.0,576.0,0.7925585539117999,0.1880518726271942,0.5602134885564686,0.46698872785829315,0.5162418387450337,0.9045929500668268,666.0,576.0,1242.0,1.0,0.7334943639291466,749.0,1242.0,1.0,0.6030595813204509,911.0,0.4588364434687157,1.0,0.8036253776435045,70.85999999999999,0.05705314009661835,0.09460614152202937,173.87,-103.00999999999999,0.43536231884057974,0.51,0.05799854334912504,0.2785829307568438,0.4632164058800162,0.4588364434687157,0.004379962411300509
catboost,-0.195,-1.0,0.0,1242.0,1.0,0.7492492492492493,0.7152777777777778,0.7322635135135136,0.7334943639291466,0.7334943639291466,0.5362318840579711,0.463768115942029,0.5793880837359099,0.4314090177133656,1242.0,666.0,576.0,0.7925585539117999,0.1880518726271942,0.5602134885564686,0.46698872785829315,0.5162418387450337,0.9045929500668268,666.0,576.0,1242.0,1.0,0.7334943639291466,749.0,1242.0,1.0,0.6030595813204509,911.0,0.4588364434687157,1.0,0.8036253776435045,70.85999999999999,0.05705314009661835,0.09460614152202937,173.87,-103.00999999999999,0.43536231884057974,0.51,0.05799854334912504,0.2785829307568438,0.4632164058800162,0.4588364434687157,0.004379962411300509
catboost,-0.19,-1.0,0.0,1242.0,1.0,0.7492492492492493,0.7152777777777778,0.7322635135135136,0.7334943639291466,0.7334943639291466,0.5362318840579711,0.463768115942029,0.5793880837359099,0.4314090177133656,1242.0,666.0,576.0,0.7925585539117999,0.1880518726271942,0.5602134885564686,0.46698872785829315,0.5162418387450337,0.9045929500668268,666.0,576.0,1242.0,1.0,0.7334943639291466,749.0,1242.0,1.0,0.6030595813204509,911.0,0.4588364434687157,1.0,0.8036253776435045,70.85999999999999,0.05705314009661835,0.09460614152202937,173.87,-103.00999999999999,0.43536231884057974,0.51,0.05799854334912504,0.2785829307568438,0.4632164058800162,0.4588364434687157,0.004379962411300509
catboost,-0.185,-1.0,0.0,1242.0,1.0,0.7492492492492493,0.7152777777777778,0.7322635135135136,0.7334943639291466,0.7334943639291466,0.5362318840579711,0.463768115942029,0.5793880837359099,0.4314090177133656,1242.0,666.0,576.0,0.7925585539117999,0.1880518726271942,0.5602134885564686,0.46698872785829315,0.5162418387450337,0.9045929500668268,666.0,576.0,1242.0,1.0,0.7334943639291466,749.0,1242.0,1.0,0.6030595813204509,911.0,0.4588364434687157,1.0,0.8036253776435045,70.85999999999999,0.05705314009661835,0.09460614152202937,173.87,-103.00999999999999,0.43536231884057974,0.51,0.05799854334912504,0.2785829307568438,0.4632164058800162,0.4588364434687157,0.004379962411300509
catboost,-0.18,-1.0,0.0,1242.0,1.0,0.7492492492492493,0.7152777777777778,0.7322635135135136,0.7334943639291466,0.7334943639291466,0.5362318840579711,0.463768115942029,0.5793880837359099,0.4314090177133656,1242.0,666.0,576.0,0.7925585539117999,0.1880518726271942,0.5602134885564686,0.46698872785829315,0.5162418387450337,0.9045929500668268,666.0,576.0,1242.0,1.0,0.7334943639291466,749.0,1242.0,1.0,0.6030595813204509,911.0,0.4588364434687157,1.0,0.8036253776435045,70.85999999999999,0.05705314009661835,0.09460614152202937,173.87,-103.00999999999999,0.43536231884057974,0.51,0.05799854334912504,0.2785829307568438,0.4632164058800162,0.4588364434687157,0.004379962411300509
catboost,-0.175,-1.0,0.0,1242.0,1.0,0.7492492492492493,0.7152777777777778,0.7322635135135136,0.7334943639291466,0.7334943639291466,0.5362318840579711,0.463768115942029,0.5793880837359099,0.4314090177133656,1242.0,666.0,576.0,0.7925585539117999,0.1880518726271942,0.5602134885564686,0.46698872785829315,0.5162418387450337,0.9045929500668268,666.0,576.0,1242.0,1.0,0.7334943639291466,749.0,1242.0,1.0,0.6030595813204509,911.0,0.4588364434687157,1.0,0.8036253776435045,70.85999999999999,0.05705314009661835,0.09460614152202937,173.87,-103.00999999999999,0.43536231884057974,0.51,0.05799854334912504,0.2785829307568438,0.4632164058800162,0.4588364434687157,0.004379962411300509
catboost,-0.17,-1.0,0.0,1242.0,1.0,0.7492492492492493,0.7152777777777778,0.7322635135135136,0.7334943639291466,0.7334943639291466,0.5362318840579711,0.463768115942029,0.5793880837359099,0.4314090177133656,1242.0,666.0,576.0,0.7925585539117999,0.1880518726271942,0.5602134885564686,0.46698872785829315,0.5162418387450337,0.9045929500668268,666.0,576.0,1242.0,1.0,0.7334943639291466,749.0,1242.0,1.0,0.6030595813204509,911.0,0.4588364434687157,1.0,0.8036253776435045,70.85999999999999,0.05705314009661835,0.09460614152202937,173.87,-103.00999999999999,0.43536231884057974,0.51,0.05799854334912504,0.2785829307568438,0.4632164058800162,0.4588364434687157,0.004379962411300509
catboost,-0.165,-1.0,0.0,1242.0,1.0,0.7492492492492493,0.7152777777777778,0.7322635135135136,0.7334943639291466,0.7334943639291466,0.5362318840579711,0.463768115942029,0.5793880837359099,0.4314090177133656,1242.0,666.0,576.0,0.7925585539117999,0.1880518726271942,0.5602134885564686,0.46698872785829315,0.5162418387450337,0.9045929500668268,666.0,576.0,1242.0,1.0,0.7334943639291466,749.0,1242.0,1.0,0.6030595813204509,911.0,0.4588364434687157,1.0,0.8036253776435045,70.85999999999999,0.05705314009661835,0.09460614152202937,173.87,-103.00999999999999,0.43536231884057974,0.51,0.05799854334912504,0.2785829307568438,0.4632164058800162,0.4588364434687157,0.004379962411300509
catboost,-0.16,-1.0,0.0,1242.0,1.0,0.7492492492492493,0.7152777777777778,0.7322635135135136,0.7334943639291466,0.7334943639291466,0.5362318840579711,0.463768115942029,0.5793880837359099,0.4314090177133656,1242.0,666.0,576.0,0.7925585539117999,0.1880518726271942,0.5602134885564686,0.46698872785829315,0.5162418387450337,0.9045929500668268,666.0,576.0,1242.0,1.0,0.7334943639291466,749.0,1242.0,1.0,0.6030595813204509,911.0,0.4588364434687157,1.0,0.8036253776435045,70.85999999999999,0.05705314009661835,0.09460614152202937,173.87,-103.00999999999999,0.43536231884057974,0.51,0.05799854334912504,0.2785829307568438,0.4632164058800162,0.4588364434687157,0.004379962411300509
catboost,-0.155,-1.0,0.0,1242.0,1.0,0.7492492492492493,0.7152777777777778,0.7322635135135136,0.7334943639291466,0.7334943639291466,0.5362318840579711,0.463768115942029,0.5793880837359099,0.4314090177133656,1242.0,666.0,576.0,0.7925585539117999,0.1880518726271942,0.5602134885564686,0.46698872785829315,0.5162418387450337,0.9045929500668268,666.0,576.0,1242.0,1.0,0.7334943639291466,749.0,1242.0,1.0,0.6030595813204509,911.0,0.4588364434687157,1.0,0.8036253776435045,70.85999999999999,0.05705314009661835,0.09460614152202937,173.87,-103.00999999999999,0.43536231884057974,0.51,0.05799854334912504,0.2785829307568438,0.4632164058800162,0.4588364434687157,0.004379962411300509
catboost,-0.15,-1.0,0.0,1242.0,1.0,0.7492492492492493,0.7152777777777778,0.7322635135135136,0.7334943639291466,0.7334943639291466,0.5362318840579711,0.463768115942029,0.5793880837359099,0.4314090177133656,1242.0,666.0,576.0,0.7925585539117999,0.1880518726271942,0.5602134885564686,0.46698872785829315,0.5162418387450337,0.9045929500668268,666.0,576.0,1242.0,1.0,0.7334943639291466,749.0,1242.0,1.0,0.6030595813204509,911.0,0.4588364434687157,1.0,0.8036253776435045,70.85999999999999,0.05705314009661835,0.09460614152202937,173.87,-103.00999999999999,0.43536231884057974,0.51,0.05799854334912504,0.2785829307568438,0.4632164058800162,0.4588364434687157,0.004379962411300509
catboost,-0.145,-1.0,0.0,1242.0,1.0,0.7492492492492493,0.7152777777777778,0.7322635135135136,0.7334943639291466,0.7334943639291466,0.5362318840579711,0.463768115942029,0.5793880837359099,0.4314090177133656,1242.0,666.0,576.0,0.7925585539117999,0.1880518726271942,0.5602134885564686,0.46698872785829315,0.5162418387450337,0.9045929500668268,666.0,576.0,1242.0,1.0,0.7334943639291466,749.0,1242.0,1.0,0.6030595813204509,911.0,0.4588364434687157,1.0,0.8036253776435045,70.85999999999999,0.05705314009661835,0.09460614152202937,173.87,-103.00999999999999,0.43536231884057974,0.51,0.05799854334912504,0.2785829307568438,0.4632164058800162,0.4588364434687157,0.004379962411300509
catboost,-0.14,-1.0,0.0,1242.0,1.0,0.7492492492492493,0.7152777777777778,0.7322635135135136,0.7334943639291466,0.7334943639291466,0.5362318840579711,0.463768115942029,0.5793880837359099,0.4314090177133656,1242.0,666.0,576.0,0.7925585539117999,0.1880518726271942,0.5602134885564686,0.46698872785829315,0.5162418387450337,0.9045929500668268,666.0,576.0,1242.0,1.0,0.7334943639291466,749.0,1242.0,1.0,0.6030595813204509,911.0,0.4588364434687157,1.0,0.8036253776435045,70.85999999999999,0.05705314009661835,0.09460614152202937,173.87,-103.00999999999999,0.43536231884057974,0.51,0.05799854334912504,0.2785829307568438,0.4632164058800162,0.4588364434687157,0.004379962411300509
catboost,-0.135,-1.0,0.0,1242.0,1.0,0.7492492492492493,0.7152777777777778,0.7322635135135136,0.7334943639291466,0.7334943639291466,0.5362318840579711,0.463768115942029,0.5793880837359099,0.4314090177133656,1242.0,666.0,576.0,0.7925585539117999,0.1880518726271942,0.5602134885564686,0.46698872785829315,0.5162418387450337,0.9045929500668268,666.0,576.0,1242.0,1.0,0.7334943639291466,749.0,1242.0,1.0,0.6030595813204509,911.0,0.4588364434687157,1.0,0.8036253776435045,70.85999999999999,0.05705314009661835,0.09460614152202937,173.87,-103.00999999999999,0.43536231884057974,0.51,0.05799854334912504,0.2785829307568438,0.4632164058800162,0.4588364434687157,0.004379962411300509
catboost,-0.13,-1.0,0.0,1242.0,1.0,0.7492492492492493,0.7152777777777778,0.7322635135135136,0.7334943639291466,0.7334943639291466,0.5362318840579711,0.463768115942029,0.5793880837359099,0.4314090177133656,1242.0,666.0,576.0,0.7925585539117999,0.1880518726271942,0.5602134885564686,0.46698872785829315,0.5162418387450337,0.9045929500668268,666.0,576.0,1242.0,1.0,0.7334943639291466,749.0,1242.0,1.0,0.6030595813204509,911.0,0.4588364434687157,1.0,0.8036253776435045,70.85999999999999,0.05705314009661835,0.09460614152202937,173.87,-103.00999999999999,0.43536231884057974,0.51,0.05799854334912504,0.2785829307568438,0.4632164058800162,0.4588364434687157,0.004379962411300509
catboost,-0.125,-1.0,0.0,1242.0,1.0,0.7492492492492493,0.7152777777777778,0.7322635135135136,0.7334943639291466,0.7334943639291466,0.5362318840579711,0.463768115942029,0.5793880837359099,0.4314090177133656,1242.0,666.0,576.0,0.7925585539117999,0.1880518726271942,0.5602134885564686,0.46698872785829315,0.5162418387450337,0.9045929500668268,666.0,576.0,1242.0,1.0,0.7334943639291466,749.0,1242.0,1.0,0.6030595813204509,911.0,0.4588364434687157,1.0,0.8036253776435045,70.85999999999999,0.05705314009661835,0.09460614152202937,173.87,-103.00999999999999,0.43536231884057974,0.51,0.05799854334912504,0.2785829307568438,0.4632164058800162,0.4588364434687157,0.004379962411300509
catboost,-0.12,-1.0,0.0,1242.0,1.0,0.7492492492492493,0.7152777777777778,0.7322635135135136,0.7334943639291466,0.7334943639291466,0.5362318840579711,0.463768115942029,0.5793880837359099,0.4314090177133656,1242.0,666.0,576.0,0.7925585539117999,0.1880518726271942,0.5602134885564686,0.46698872785829315,0.5162418387450337,0.9045929500668268,666.0,576.0,1242.0,1.0,0.7334943639291466,749.0,1242.0,1.0,0.6030595813204509,911.0,0.4588364434687157,1.0,0.8036253776435045,70.85999999999999,0.05705314009661835,0.09460614152202937,173.87,-103.00999999999999,0.43536231884057974,0.51,0.05799854334912504,0.2785829307568438,0.4632164058800162,0.4588364434687157,0.004379962411300509
catboost,-0.115,-1.0,0.0,1242.0,1.0,0.7492492492492493,0.7152777777777778,0.7322635135135136,0.7334943639291466,0.7334943639291466,0.5362318840579711,0.463768115942029,0.5793880837359099,0.4314090177133656,1242.0,666.0,576.0,0.7925585539117999,0.1880518726271942,0.5602134885564686,0.46698872785829315,0.5162418387450337,0.9045929500668268,666.0,576.0,1242.0,1.0,0.7334943639291466,749.0,1242.0,1.0,0.6030595813204509,911.0,0.4588364434687157,1.0,0.8036253776435045,70.85999999999999,0.05705314009661835,0.09460614152202937,173.87,-103.00999999999999,0.43536231884057974,0.51,0.05799854334912504,0.2785829307568438,0.4632164058800162,0.4588364434687157,0.004379962411300509
catboost,-0.11,-1.0,0.0,1242.0,1.0,0.7492492492492493,0.7152777777777778,0.7322635135135136,0.7334943639291466,0.7334943639291466,0.5362318840579711,0.463768115942029,0.5793880837359099,0.4314090177133656,1242.0,666.0,576.0,0.7925585539117999,0.1880518726271942,0.5602134885564686,0.46698872785829315,0.5162418387450337,0.9045929500668268,666.0,576.0,1242.0,1.0,0.7334943639291466,749.0,1242.0,1.0,0.6030595813204509,911.0,0.4588364434687157,1.0,0.8036253776435045,70.85999999999999,0.05705314009661835,0.09460614152202937,173.87,-103.00999999999999,0.43536231884057974,0.51,0.05799854334912504,0.2785829307568438,0.4632164058800162,0.4588364434687157,0.004379962411300509
catboost,-0.105,-1.0,0.0,1242.0,1.0,0.7492492492492493,0.7152777777777778,0.7322635135135136,0.7334943639291466,0.7334943639291466,0.5362318840579711,0.463768115942029,0.5793880837359099,0.4314090177133656,1242.0,666.0,576.0,0.7925585539117999,0.1880518726271942,0.5602134885564686,0.46698872785829315,0.5162418387450337,0.9045929500668268,666.0,576.0,1242.0,1.0,0.7334943639291466,749.0,1242.0,1.0,0.6030595813204509,911.0,0.4588364434687157,1.0,0.8036253776435045,70.85999999999999,0.05705314009661835,0.09460614152202937,173.87,-103.00999999999999,0.43536231884057974,0.51,0.05799854334912504,0.2785829307568438,0.4632164058800162,0.4588364434687157,0.004379962411300509
catboost,-0.1,-1.0,0.0,1242.0,1.0,0.7492492492492493,0.7152777777777778,0.7322635135135136,0.7334943639291466,0.7334943639291466,0.5362318840579711,0.463768115942029,0.5793880837359099,0.4314090177133656,1242.0,666.0,576.0,0.7925585539117999,0.1880518726271942,0.5602134885564686,0.46698872785829315,0.5162418387450337,0.9045929500668268,666.0,576.0,1242.0,1.0,0.7334943639291466,749.0,1242.0,1.0,0.6030595813204509,911.0,0.4588364434687157,1.0,0.8036253776435045,70.85999999999999,0.05705314009661835,0.09460614152202937,173.87,-103.00999999999999,0.43536231884057974,0.51,0.05799854334912504,0.2785829307568438,0.4632164058800162,0.4588364434687157,0.004379962411300509
catboost,-0.095,-1.0,0.0,1242.0,1.0,0.7492492492492493,0.7152777777777778,0.7322635135135136,0.7334943639291466,0.7334943639291466,0.5362318840579711,0.463768115942029,0.5793880837359099,0.4314090177133656,1242.0,666.0,576.0,0.7925585539117999,0.1880518726271942,0.5602134885564686,0.46698872785829315,0.5162418387450337,0.9045929500668268,666.0,576.0,1242.0,1.0,0.7334943639291466,749.0,1242.0,1.0,0.6030595813204509,911.0,0.4588364434687157,1.0,0.8036253776435045,70.85999999999999,0.05705314009661835,0.09460614152202937,173.87,-103.00999999999999,0.43536231884057974,0.51,0.05799854334912504,0.2785829307568438,0.4632164058800162,0.4588364434687157,0.004379962411300509
catboost,-0.09,-1.0,0.0,1242.0,1.0,0.7492492492492493,0.7152777777777778,0.7322635135135136,0.7334943639291466,0.7334943639291466,0.5362318840579711,0.463768115942029,0.5793880837359099,0.4314090177133656,1242.0,666.0,576.0,0.7925585539117999,0.1880518726271942,0.5602134885564686,0.46698872785829315,0.5162418387450337,0.9045929500668268,666.0,576.0,1242.0,1.0,0.7334943639291466,749.0,1242.0,1.0,0.6030595813204509,911.0,0.4588364434687157,1.0,0.8036253776435045,70.85999999999999,0.05705314009661835,0.09460614152202937,173.87,-103.00999999999999,0.43536231884057974,0.51,0.05799854334912504,0.2785829307568438,0.4632164058800162,0.4588364434687157,0.004379962411300509
catboost,-0.085,-1.0,0.0,1242.0,1.0,0.7492492492492493,0.7152777777777778,0.7322635135135136,0.7334943639291466,0.7334943639291466,0.5362318840579711,0.463768115942029,0.5793880837359099,0.4314090177133656,1242.0,666.0,576.0,0.7925585539117999,0.1880518726271942,0.5602134885564686,0.46698872785829315,0.5162418387450337,0.9045929500668268,666.0,576.0,1242.0,1.0,0.7334943639291466,749.0,1242.0,1.0,0.6030595813204509,911.0,0.4588364434687157,1.0,0.8036253776435045,70.85999999999999,0.05705314009661835,0.09460614152202937,173.87,-103.00999999999999,0.43536231884057974,0.51,0.05799854334912504,0.2785829307568438,0.4632164058800162,0.4588364434687157,0.004379962411300509
catboost,-0.08,-1.0,0.0,1242.0,1.0,0.7492492492492493,0.7152777777777778,0.7322635135135136,0.7334943639291466,0.7334943639291466,0.5362318840579711,0.463768115942029,0.5793880837359099,0.4314090177133656,1242.0,666.0,576.0,0.7925585539117999,0.1880518726271942,0.5602134885564686,0.46698872785829315,0.5162418387450337,0.9045929500668268,666.0,576.0,1242.0,1.0,0.7334943639291466,749.0,1242.0,1.0,0.6030595813204509,911.0,0.4588364434687157,1.0,0.8036253776435045,70.85999999999999,0.05705314009661835,0.09460614152202937,173.87,-103.00999999999999,0.43536231884057974,0.51,0.05799854334912504,0.2785829307568438,0.4632164058800162,0.4588364434687157,0.004379962411300509
catboost,-0.075,-1.0,0.0,1242.0,1.0,0.7492492492492493,0.7152777777777778,0.7322635135135136,0.7334943639291466,0.7334943639291466,0.5362318840579711,0.463768115942029,0.5793880837359099,0.4314090177133656,1242.0,666.0,576.0,0.7925585539117999,0.1880518726271942,0.5602134885564686,0.46698872785829315,0.5162418387450337,0.9045929500668268,666.0,576.0,1242.0,1.0,0.7334943639291466,749.0,1242.0,1.0,0.6030595813204509,911.0,0.4588364434687157,1.0,0.8036253776435045,70.85999999999999,0.05705314009661835,0.09460614152202937,173.87,-103.00999999999999,0.43536231884057974,0.51,0.05799854334912504,0.2785829307568438,0.4632164058800162,0.4588364434687157,0.004379962411300509
catboost,-0.07,-1.0,0.0,1242.0,1.0,0.7492492492492493,0.7152777777777778,0.7322635135135136,0.7334943639291466,0.7334943639291466,0.5362318840579711,0.463768115942029,0.5793880837359099,0.4314090177133656,1242.0,666.0,576.0,0.7925585539117999,0.1880518726271942,0.5602134885564686,0.46698872785829315,0.5162418387450337,0.9045929500668268,666.0,576.0,1242.0,1.0,0.7334943639291466,749.0,1242.0,1.0,0.6030595813204509,911.0,0.4588364434687157,1.0,0.8036253776435045,70.85999999999999,0.05705314009661835,0.09460614152202937,173.87,-103.00999999999999,0.43536231884057974,0.51,0.05799854334912504,0.2785829307568438,0.4632164058800162,0.4588364434687157,0.004379962411300509
catboost,-0.065,-1.0,0.0,1242.0,1.0,0.7492492492492493,0.7152777777777778,0.7322635135135136,0.7334943639291466,0.7334943639291466,0.5362318840579711,0.463768115942029,0.5793880837359099,0.4314090177133656,1242.0,666.0,576.0,0.7925585539117999,0.1880518726271942,0.5602134885564686,0.46698872785829315,0.5162418387450337,0.9045929500668268,666.0,576.0,1242.0,1.0,0.7334943639291466,749.0,1242.0,1.0,0.6030595813204509,911.0,0.4588364434687157,1.0,0.8036253776435045,70.85999999999999,0.05705314009661835,0.09460614152202937,173.87,-103.00999999999999,0.43536231884057974,0.51,0.05799854334912504,0.2785829307568438,0.4632164058800162,0.4588364434687157,0.004379962411300509
catboost,-0.06,-1.0,0.0,1242.0,1.0,0.7492492492492493,0.7152777777777778,0.7322635135135136,0.7334943639291466,0.7334943639291466,0.5362318840579711,0.463768115942029,0.5793880837359099,0.4314090177133656,1242.0,666.0,576.0,0.7925585539117999,0.1880518726271942,0.5602134885564686,0.46698872785829315,0.5162418387450337,0.9045929500668268,666.0,576.0,1242.0,1.0,0.7334943639291466,748.0,1240.0,0.998389694041868,0.6022544283413849,911.0,0.4588364434687157,1.0,0.803030303030303,71.41999999999999,0.05750402576489532,0.09548128342245987,173.87,-102.45,0.4344605475040258,0.51,0.05799854334912504,0.2785829307568438,0.4631554441405602,0.4593406593406593,0.0038147847999008833
catboost,-0.055,-1.0,0.0,1242.0,1.0,0.7492492492492493,0.7152777777777778,0.7322635135135136,0.7334943639291466,0.7334943639291466,0.5362318840579711,0.463768115942029,0.5793880837359099,0.4314090177133656,1242.0,666.0,576.0,0.7925585539117999,0.1880518726271942,0.5602134885564686,0.46698872785829315,0.5162418387450337,0.9045929500668268,666.0,576.0,1242.0,1.0,0.7334943639291466,745.0,1237.0,0.9959742351046699,0.5998389694041868,911.0,0.4566410537870472,1.0,0.8054711246200608,70.54999999999998,0.056803542673107874,0.0946979865771812,172.83999999999997,-102.29,0.4335507246376812,0.51,0.05799854334912504,0.2785829307568438,0.46353811190221245,0.4581497797356828,0.005388332166529619
catboost,-0.05,-1.0,0.0,1242.0,1.0,0.7492492492492493,0.7152777777777778,0.7322635135135136,0.7334943639291466,0.7334943639291466,0.5362318840579711,0.463768115942029,0.5793880837359099,0.4314090177133656,1242.0,666.0,576.0,0.7925585539117999,0.1880518726271942,0.5602134885564686,0.46698872785829315,0.5162418387450337,0.9045929500668268,666.0,576.0,1242.0,1.0,0.7334943639291466,745.0,1237.0,0.9959742351046699,0.5998389694041868,911.0,0.4566410537870472,1.0,0.8054711246200608,70.54999999999998,0.056803542673107874,0.0946979865771812,172.83999999999997,-102.29,0.4335507246376812,0.51,0.05799854334912504,0.2785829307568438,0.46353811190221245,0.4581497797356828,0.005388332166529619
catboost,-0.045,-1.0,0.0,1242.0,1.0,0.7492492492492493,0.7152777777777778,0.7322635135135136,0.7334943639291466,0.7334943639291466,0.5362318840579711,0.463768115942029,0.5793880837359099,0.4314090177133656,1242.0,666.0,576.0,0.7925585539117999,0.1880518726271942,0.5602134885564686,0.46698872785829315,0.5162418387450337,0.9045929500668268,666.0,576.0,1242.0,1.0,0.7334943639291466,744.0,1235.0,0.9943639291465378,0.5990338164251208,911.0,0.4566410537870472,1.0,0.8048780487804879,71.10999999999999,0.057254428341384854,0.09557795698924729,172.83999999999997,-101.73,0.4326892109500806,0.51,0.05799854334912504,0.2785829307568438,0.4637396955378423,0.45865490628445427,0.005084789253388011
catboost,-0.04,-1.0,0.0,1242.0,1.0,0.7492492492492493,0.7152777777777778,0.7322635135135136,0.7334943639291466,0.7334943639291466,0.5362318840579711,0.463768115942029,0.5793880837359099,0.4314090177133656,1242.0,666.0,576.0,0.7925585539117999,0.1880518726271942,0.5602134885564686,0.46698872785829315,0.5162418387450337,0.9045929500668268,666.0,576.0,1242.0,1.0,0.7334943639291466,738.0,1225.0,0.9863123993558777,0.5942028985507246,911.0,0.4544456641053787,1.0,0.8024691358024691,72.16999999999999,0.058107890499194834,0.09779132791327912,171.86,-99.69,0.42858293075684384,0.51,0.05799854334912504,0.2785829307568438,0.46487721595074116,0.4594894561598224,0.005387759790918767
catboost,-0.035,-1.0,0.0,1242.0,1.0,0.7492492492492493,0.7152777777777778,0.7322635135135136,0.7334943639291466,0.7334943639291466,0.5362318840579711,0.463768115942029,0.5793880837359099,0.4314090177133656,1242.0,666.0,576.0,0.7925585539117999,0.1880518726271942,0.5602134885564686,0.46698872785829315,0.5162418387450337,0.9045929500668268,666.0,576.0,1242.0,1.0,0.7334943639291466,734.0,1216.0,0.9790660225442834,0.5909822866344605,911.0,0.4500548847420417,1.0,0.8024691358024691,69.81,0.05620772946859903,0.09510899182561307,169.5,-99.69,0.4252093397745571,0.51,0.05799854334912504,0.2785829307568438,0.4658838476432723,0.45964125560538116,0.006242592037891126
catboost,-0.03,-1.0,0.0,1242.0,1.0,0.7492492492492493,0.7152777777777778,0.7322635135135136,0.7334943639291466,0.7334943639291466,0.5362318840579711,0.463768115942029,0.5793880837359099,0.4314090177133656,1242.0,666.0,576.0,0.7925585539117999,0.1880518726271942,0.5602134885564686,0.46698872785829315,0.5162418387450337,0.9045929500668268,666.0,576.0,1242.0,1.0,0.7334943639291466,719.0,1198.0,0.964573268921095,0.5789049919484702,911.0,0.4445664105378705,1.0,0.7961783439490446,72.75999999999999,0.058582930756843794,0.10119610570236438,167.2,-94.44,0.4176167471819646,0.51,0.05799854334912504,0.2785829307568438,0.465319546299833,0.4581447963800905,0.00717474991974254
catboost,-0.025,-1.0,0.0,1242.0,1.0,0.7492492492492493,0.7152777777777778,0.7322635135135136,0.7334943639291466,0.7334943639291466,0.5362318840579711,0.463768115942029,0.5793880837359099,0.4314090177133656,1242.0,666.0,576.0,0.7925585539117999,0.1880518726271942,0.5602134885564686,0.46698872785829315,0.5162418387450337,0.9045929500668268,666.0,576.0,1242.0,1.0,0.7334943639291466,714.0,1188.0,0.9565217391304348,0.5748792270531401,911.0,0.4445664105378705,1.0,0.7928802588996764,74.31,0.059830917874396136,0.10407563025210084,167.2,-92.89,0.4153623188405797,0.51,0.05799854334912504,0.2785829307568438,0.4671557840999445,0.46075085324232085,0.00640493085762367
catboost,-0.02,-1.0,0.0,1242.0,1.0,0.7492492492492493,0.7152777777777778,0.7322635135135136,0.7334943639291466,0.7334943639291466,0.5362318840579711,0.463768115942029,0.5793880837359099,0.4314090177133656,1242.0,666.0,576.0,0.7925585539117999,0.1880518726271942,0.5602134885564686,0.46698872785829315,0.5162418387450337,0.9045929500668268,666.0,576.0,1242.0,1.0,0.7334943639291466,706.0,1177.0,0.9476650563607085,0.5684380032206119,911.0,0.44017563117453345,1.0,0.7901639344262295,74.33999999999999,0.05985507246376811,0.10529745042492916,165.19,-90.85,0.4106843800322061,0.51,0.05799854334912504,0.2785829307568438,0.46722620648315205,0.4598623853211009,0.007363821162051143
catboost,-0.015,-1.0,0.0,1242.0,1.0,0.7492492492492493,0.7152777777777778,0.7322635135135136,0.7334943639291466,0.7334943639291466,0.5362318840579711,0.463768115942029,0.5793880837359099,0.4314090177133656,1242.0,666.0,576.0,0.7925585539117999,0.1880518726271942,0.5602134885564686,0.46698872785829315,0.5162418387450337,0.9045929500668268,666.0,576.0,1242.0,1.0,0.7334943639291466,696.0,1162.0,0.9355877616747182,0.5603864734299517,911.0,0.43468715697036225,1.0,0.7866666666666666,74.38999999999999,0.059895330112721405,0.10688218390804598,162.94,-88.55000000000001,0.40512882447665055,0.51,0.05799854334912504,0.2785829307568438,0.4678100710431282,0.4593967517401392,0.008413319302988997
catboost,-0.01,-1.0,0.0,1242.0,1.0,0.7492492492492493,0.7152777777777778,0.7322635135135136,0.7334943639291466,0.7334943639291466,0.5362318840579711,0.463768115942029,0.5793880837359099,0.4314090177133656,1242.0,666.0,576.0,0.7925585539117999,0.1880518726271942,0.5602134885564686,0.46698872785829315,0.5162418387450337,0.9045929500668268,666.0,576.0,1242.0,1.0,0.7334943639291466,675.0,1136.0,0.9146537842190016,0.5434782608695652,911.0,0.424807903402854,1.0,0.78125,76.0,0.061191626409017714,0.11259259259259259,159.08,-83.08000000000001,0.39461352657004833,0.51,0.05799854334912504,0.2785829307568438,0.4657492512993273,0.4563679245283019,0.009381326771025433
catboost,-0.005,-1.0,0.0,1242.0,1.0,0.7492492492492493,0.7152777777777778,0.7322635135135136,0.7334943639291466,0.7334943639291466,0.5362318840579711,0.463768115942029,0.5793880837359099,0.4314090177133656,1242.0,666.0,576.0,0.7925585539117999,0.1880518726271942,0.5602134885564686,0.46698872785829315,0.5162418387450337,0.9045929500668268,666.0,576.0,1242.0,1.0,0.7334943639291466,633.0,1079.0,0.8687600644122383,0.5096618357487923,911.0,0.41931942919868276,1.0,0.8406374501992032,76.66999999999999,0.06173107890499194,0.12112164296998418,156.32999999999998,-79.66,0.3875925925925926,0.51,0.05799854334912504,0.2785829307568438,0.4713418122087875,0.4613526570048309,0.009989155203956601
catboost,0.0,-1.0,0.0,1242.0,1.0,0.7492492492492493,0.7152777777777778,0.7322635135135136,0.7334943639291466,0.7334943639291466,0.5362318840579711,0.463768115942029,0.5793880837359099,0.4314090177133656,1242.0,666.0,576.0,0.7925585539117999,0.1880518726271942,0.5602134885564686,0.46698872785829315,0.5162418387450337,0.9045929500668268,666.0,576.0,1242.0,1.0,0.7334943639291466,560.0,894.0,0.7198067632850241,0.45088566827697263,911.0,0.41712403951701427,1.0,0.9166666666666666,77.85,0.06268115942028984,0.13901785714285714,155.09999999999997,-77.25,0.3806280193236715,0.51,0.05799854334912504,0.2785829307568438,0.5426795819150013,0.5322128851540616,0.010466696760939698
catboost,0.005,-1.0,0.0,1242.0,1.0,0.7492492492492493,0.7152777777777778,0.7322635135135136,0.7334943639291466,0.7334943639291466,0.5362318840579711,0.463768115942029,0.5793880837359099,0.4314090177133656,1242.0,666.0,576.0,0.7925585539117999,0.1880518726271942,0.5602134885564686,0.46698872785829315,0.5162418387450337,0.9045929500668268,666.0,576.0,1242.0,1.0,0.7334943639291466,529.0,846.0,0.6811594202898551,0.42592592592592593,911.0,0.4039517014270033,1.0,0.9316770186335404,78.50999999999999,0.06321256038647342,0.14841209829867674,149.47,-70.96000000000001,0.3649436392914654,0.51,0.05799854334912504,0.2785829307568438,0.5467671726903874,0.5372262773722628,0.009540895318124631
catboost,0.01,-1.0,0.0,1242.0,1.0,0.7492492492492493,0.7152777777777778,0.7322635135135136,0.7334943639291466,0.7334943639291466,0.5362318840579711,0.463768115942029,0.5793880837359099,0.4314090177133656,1242.0,666.0,576.0,0.7925585539117999,0.1880518726271942,0.5602134885564686,0.46698872785829315,0.5162418387450337,0.9045929500668268,666.0,576.0,1242.0,1.0,0.7334943639291466,521.0,827.0,0.6658615136876006,0.4194847020933977,911.0,0.39846322722283206,1.0,0.930379746835443,76.49,0.06158615136876006,0.1468138195777351,146.62,-70.13,0.3599194847020934,0.51,0.05799854334912504,0.2785829307568438,0.5539202686514765,0.5426008968609866,0.011319371790489918
catboost,0.015,-1.0,0.0,1242.0,1.0,0.7492492492492493,0.7152777777777778,0.7322635135135136,0.7334943639291466,0.7334943639291466,0.5362318840579711,0.463768115942029,0.5793880837359099,0.4314090177133656,1242.0,666.0,576.0,0.7925585539117999,0.1880518726271942,0.5602134885564686,0.46698872785829315,0.5162418387450337,0.9045929500668268,666.0,576.0,1242.0,1.0,0.7334943639291466,515.0,811.0,0.6529790660225443,0.4146537842190016,911.0,0.39626783754116357,1.0,0.9415584415584416,76.14999999999999,0.06131239935587761,0.1478640776699029,145.54000000000002,-69.38999999999999,0.3550805152979066,0.51,0.05799854334912504,0.2785829307568438,0.5602298380122477,0.5494672754946728,0.010762562517574903
catboost,0.02,-1.0,0.0,1242.0,1.0,0.7492492492492493,0.7152777777777778,0.7322635135135136,0.7334943639291466,0.7334943639291466,0.5362318840579711,0.463768115942029,0.5793880837359099,0.4314090177133656,1242.0,666.0,576.0,0.7925585539117999,0.1880518726271942,0.5602134885564686,0.46698872785829315,0.5162418387450337,0.9045929500668268,666.0,576.0,1242.0,1.0,0.7334943639291466,481.0,764.0,0.6151368760064412,0.38727858293075684,911.0,0.3732162458836443,1.0,0.9361702127659575,73.49000000000001,0.059170692431562005,0.15278586278586279,136.3,-62.81,0.3362238325281804,0.36,0.05799854334912504,0.2785829307568438,0.5595097026449284,0.5457463884430177,0.013763314201910681
catboost,0.025,-1.0,0.0,1242.0,1.0,0.7492492492492493,0.7152777777777778,0.7322635135135136,0.7334943639291466,0.7334943639291466,0.5362318840579711,0.463768115942029,0.5793880837359099,0.4314090177133656,1242.0,666.0,576.0,0.7925585539117999,0.1880518726271942,0.5602134885564686,0.46698872785829315,0.5162418387450337,0.9045929500668268,666.0,576.0,1242.0,1.0,0.7334943639291466,452.0,716.0,0.5764895330112721,0.3639291465378422,911.0,0.3611416026344676,1.0,0.9349593495934959,75.32999999999998,0.060652173913043464,0.16665929203539825,130.60999999999999,-55.28,0.3215458937198068,0.26,0.05799854334912504,0.2785829307568438,0.5661655848826362,0.554806070826307,0.01135951405632929
catboost,0.03,-1.0,0.0,1242.0,1.0,0.7492492492492493,0.7152777777777778,0.7322635135135136,0.7334943639291466,0.7334943639291466,0.5362318840579711,0.463768115942029,0.5793880837359099,0.4314090177133656,1242.0,666.0,576.0,0.7925585539117999,0.1880518726271942,0.5602134885564686,0.46698872785829315,0.5162418387450337,0.9045929500668268,666.0,576.0,1242.0,1.0,0.7334943639291466,443.0,699.0,0.5628019323671497,0.35668276972624796,911.0,0.3556531284302964,1.0,0.9327731092436975,75.22,0.060563607085346215,0.16979683972911963,128.26,-53.04,0.3135990338164251,0.26,0.05799854334912504,0.2785829307568438,0.5684816229856624,0.5586206896551724,0.009860933330489985
catboost,0.035,-1.0,0.0,1242.0,1.0,0.7492492492492493,0.7152777777777778,0.7322635135135136,0.7334943639291466,0.7334943639291466,0.5362318840579711,0.463768115942029,0.5793880837359099,0.4314090177133656,1242.0,666.0,576.0,0.7925585539117999,0.1880518726271942,0.5602134885564686,0.46698872785829315,0.5162418387450337,0.9045929500668268,666.0,576.0,1242.0,1.0,0.7334943639291466,427.0,676.0,0.5442834138486312,0.3438003220611916,911.0,0.34796926454445665,1.0,0.9272727272727272,76.42999999999998,0.06153784219001609,0.17899297423887586,125.33000000000001,-48.9,0.3036714975845411,0.21,0.05799854334912504,0.2785829307568438,0.5688425270538997,0.5600706713780919,0.00877185567580785
catboost,0.04,-1.0,0.0,1242.0,1.0,0.7492492492492493,0.7152777777777778,0.7322635135135136,0.7334943639291466,0.7334943639291466,0.5362318840579711,0.463768115942029,0.5793880837359099,0.4314090177133656,1242.0,666.0,576.0,0.7925585539117999,0.1880518726271942,0.5602134885564686,0.46698872785829315,0.5162418387450337,0.9045929500668268,666.0,576.0,1242.0,1.0,0.7334943639291466,372.0,594.0,0.4782608695652174,0.2995169082125604,911.0,0.3084522502744237,1.0,0.9120879120879121,69.38,0.05586151368760064,0.186505376344086,109.74,-40.36,0.2702415458937198,0.0,0.05799854334912504,0.2785829307568438,0.5798504396960166,0.558648111332008,0.021202328364008594
catboost,0.045,-1.0,0.0,1242.0,1.0,0.7492492492492493,0.7152777777777778,0.7322635135135136,0.7334943639291466,0.7334943639291466,0.5362318840579711,0.463768115942029,0.5793880837359099,0.4314090177133656,1242.0,666.0,576.0,0.7925585539117999,0.1880518726271942,0.5602134885564686,0.46698872785829315,0.5162418387450337,0.9045929500668268,666.0,576.0,1242.0,1.0,0.7334943639291466,363.0,576.0,0.463768115942029,0.2922705314009662,911.0,0.3018660812294182,1.0,0.9090909090909091,67.82,0.054605475040257645,0.186831955922865,107.1,-39.28,0.26438003220611916,0.0,0.05799854334912504,0.2785829307568438,0.5845644068736697,0.5635245901639344,0.021039816709735315
catboost,0.05,-1.0,0.0,1242.0,1.0,0.7492492492492493,0.7152777777777778,0.7322635135135136,0.7334943639291466,0.7334943639291466,0.5362318840579711,0.463768115942029,0.5793880837359099,0.4314090177133656,1242.0,666.0,576.0,0.7925585539117999,0.1880518726271942,0.5602134885564686,0.46698872785829315,0.5162418387450337,0.9045929500668268,666.0,576.0,1242.0,1.0,0.7334943639291466,356.0,564.0,0.45410628019323673,0.286634460547504,911.0,0.29857299670691545,1.0,0.9166666666666666,67.64,0.054460547504025764,0.19,105.83,-38.19,0.26061996779388086,0.0,0.05799854334912504,0.2785829307568438,0.5878589302255334,0.5666666666666667,0.02119226355886672
catboost,0.055,-1.0,0.0,1242.0,1.0,0.7492492492492493,0.7152777777777778,0.7322635135135136,0.7334943639291466,0.7334943639291466,0.5362318840579711,0.463768115942029,0.5793880837359099,0.4314090177133656,1242.0,666.0,576.0,0.7925585539117999,0.1880518726271942,0.5602134885564686,0.46698872785829315,0.5162418387450337,0.9045929500668268,666.0,576.0,1242.0,1.0,0.7334943639291466,327.0,519.0,0.4178743961352657,0.2632850241545894,911.0,0.27771679473106475,1.0,0.918918918918919,66.72999999999999,0.05372785829307568,0.20406727828746174,99.36999999999999,-32.64,0.2382367149758454,0.0,0.05799854334912504,0.2785829307568438,0.5880286729050807,0.5685393258426966,0.019489347062384033
catboost,0.06,-1.0,0.0,1242.0,1.0,0.7492492492492493,0.7152777777777778,0.7322635135135136,0.7334943639291466,0.7334943639291466,0.5362318840579711,0.463768115942029,0.5793880837359099,0.4314090177133656,1242.0,666.0,576.0,0.7925585539117999,0.1880518726271942,0.5602134885564686,0.46698872785829315,0.5162418387450337,0.9045929500668268,666.0,576.0,1242.0,1.0,0.7334943639291466,314.0,494.0,0.3977455716586151,0.2528180354267311,911.0,0.2689352360043908,1.0,0.9130434782608695,64.91,0.05226247987117552,0.20671974522292993,95.8,-30.89,0.22938003220611916,0.0,0.05799854334912504,0.2785829307568438,0.5920980493665138,0.5764705882352941,0.01562746113121971
catboost,0.065,-1.0,0.0,1242.0,1.0,0.7492492492492493,0.7152777777777778,0.7322635135135136,0.7334943639291466,0.7334943639291466,0.5362318840579711,0.463768115942029,0.5793880837359099,0.4314090177133656,1242.0,666.0,576.0,0.7925585539117999,0.1880518726271942,0.5602134885564686,0.46698872785829315,0.5162418387450337,0.9045929500668268,666.0,576.0,1242.0,1.0,0.7334943639291466,304.0,473.0,0.3808373590982287,0.24476650563607086,911.0,0.26125137211855104,1.0,0.9090909090909091,63.709999999999994,0.05129629629629629,0.20957236842105262,92.92,-29.21,0.22132045088566826,0.0,0.05799854334912504,0.2785829307568438,0.597787499659163,0.5847665847665847,0.013020914892578284
catboost,0.07,-1.0,0.0,1242.0,1.0,0.7492492492492493,0.7152777777777778,0.7322635135135136,0.7334943639291466,0.7334943639291466,0.5362318840579711,0.463768115942029,0.5793880837359099,0.4314090177133656,1242.0,666.0,576.0,0.7925585539117999,0.1880518726271942,0.5602134885564686,0.46698872785829315,0.5162418387450337,0.9045929500668268,666.0,576.0,1242.0,1.0,0.7334943639291466,296.0,461.0,0.3711755233494364,0.23832528180354268,911.0,0.2579582875960483,1.0,0.9016393442622951,63.84,0.051400966183574884,0.2156756756756757,91.39999999999999,-27.560000000000002,0.2169162640901771,0.0,0.05799854334912504,0.2785829307568438,0.6020523109957909,0.5875,0.014552310995790907
catboost,0.075,-1.0,0.0,1242.0,1.0,0.7492492492492493,0.7152777777777778,0.7322635135135136,0.7334943639291466,0.7334943639291466,0.5362318840579711,0.463768115942029,0.5793880837359099,0.4314090177133656,1242.0,666.0,576.0,0.7925585539117999,0.1880518726271942,0.5602134885564686,0.46698872785829315,0.5162418387450337,0.9045929500668268,666.0,576.0,1242.0,1.0,0.7334943639291466,293.0,453.0,0.3647342995169082,0.2359098228663446,911.0,0.25466520307354557,1.0,0.9016393442622951,62.92,0.05066022544283414,0.21474402730375428,90.47999999999999,-27.560000000000002,0.21250402576489538,0.0,0.05799854334912504,0.2785829307568438,0.6035065128238393,0.5918367346938775,0.011669778129961728
catboost,0.08,-1.0,0.0,1242.0,1.0,0.7492492492492493,0.7152777777777778,0.7322635135135136,0.7334943639291466,0.7334943639291466,0.5362318840579711,0.463768115942029,0.5793880837359099,0.4314090177133656,1242.0,666.0,576.0,0.7925585539117999,0.1880518726271942,0.5602134885564686,0.46698872785829315,0.5162418387450337,0.9045929500668268,666.0,576.0,1242.0,1.0,0.7334943639291466,288.0,445.0,0.35829307568438,0.2318840579710145,911.0,0.2502744237102086,1.0,0.9,61.67,0.049653784219001615,0.21413194444444442,89.07000000000001,-27.4,0.20885668276972624,0.0,0.05799854334912504,0.2785829307568438,0.6065393674681062,0.5922077922077922,0.014331575260314033
catboost,0.085,-1.0,0.0,1242.0,1.0,0.7492492492492493,0.7152777777777778,0.7322635135135136,0.7334943639291466,0.7334943639291466,0.5362318840579711,0.463768115942029,0.5793880837359099,0.4314090177133656,1242.0,666.0,576.0,0.7925585539117999,0.1880518726271942,0.5602134885564686,0.46698872785829315,0.5162418387450337,0.9045929500668268,666.0,576.0,1242.0,1.0,0.7334943639291466,275.0,426.0,0.34299516908212563,0.2214170692431562,911.0,0.23819978046103182,1.0,0.9137931034482759,58.15,0.04681964573268921,0.21145454545454548,85.13,-26.98,0.20049114331723025,0.0,0.05799854334912504,0.2785829307568438,0.6134806780127408,0.5896739130434783,0.023806764969262484
catboost,0.09,-1.0,0.0,1242.0,1.0,0.7492492492492493,0.7152777777777778,0.7322635135135136,0.7334943639291466,0.7334943639291466,0.5362318840579711,0.463768115942029,0.5793880837359099,0.4314090177133656,1242.0,666.0,576.0,0.7925585539117999,0.1880518726271942,0.5602134885564686,0.46698872785829315,0.5162418387450337,0.9045929500668268,666.0,576.0,1242.0,1.0,0.7334943639291466,251.0,388.0,0.31239935587761675,0.20209339774557167,911.0,0.21514818880351264,1.0,0.9090909090909091,53.239999999999995,0.04286634460547504,0.21211155378486055,78.19,-24.95,0.18033816425120772,0.0,0.05799854334912504,0.2785829307568438,0.6127485218072574,0.5885885885885885,0.024159933218668828
catboost,0.095,-1.0,0.0,1242.0,1.0,0.7492492492492493,0.7152777777777778,0.7322635135135136,0.7334943639291466,0.7334943639291466,0.5362318840579711,0.463768115942029,0.5793880837359099,0.4314090177133656,1242.0,666.0,576.0,0.7925585539117999,0.1880518726271942,0.5602134885564686,0.46698872785829315,0.5162418387450337,0.9045929500668268,666.0,576.0,1242.0,1.0,0.7334943639291466,213.0,337.0,0.2713365539452496,0.17149758454106281,911.0,0.18880351262349068,1.0,0.9024390243902439,48.31999999999999,0.038904991948470205,0.22685446009389668,66.93,-18.61,0.15834943639291466,0.0,0.05799854334912504,0.2785829307568438,0.6191043091193247,0.581081081081081,0.03802322803824365
catboost,0.1,-1.0,0.0,1242.0,1.0,0.7492492492492493,0.7152777777777778,0.7322635135135136,0.7334943639291466,0.7334943639291466,0.5362318840579711,0.463768115942029,0.5793880837359099,0.4314090177133656,1242.0,666.0,576.0,0.7925585539117999,0.1880518726271942,0.5602134885564686,0.46698872785829315,0.5162418387450337,0.9045929500668268,666.0,576.0,1242.0,1.0,0.7334943639291466,208.0,326.0,0.26247987117552335,0.16747181964573268,911.0,0.18441273326015367,1.0,0.925,46.81999999999999,0.03769726247987117,0.22509615384615383,65.22,-18.4,0.15419484702093397,0.0,0.05799854334912504,0.2785829307568438,0.6231764102445462,0.5874125874125874,0.03576382283195878
catboost,0.105,-1.0,0.0,1242.0,1.0,0.7492492492492493,0.7152777777777778,0.7322635135135136,0.7334943639291466,0.7334943639291466,0.5362318840579711,0.463768115942029,0.5793880837359099,0.4314090177133656,1242.0,666.0,576.0,0.7925585539117999,0.1880518726271942,0.5602134885564686,0.46698872785829315,0.5162418387450337,0.9045929500668268,666.0,576.0,1242.0,1.0,0.7334943639291466,201.0,316.0,0.25442834138486314,0.16183574879227053,911.0,0.1800219538968167,1.0,0.9459459459459459,45.839999999999996,0.03690821256038647,0.22805970149253726,63.209999999999994,-17.37,0.15057165861513686,0.0,0.05799854334912504,0.2785829307568438,0.6267261694227875,0.5878136200716846,0.03891254935110289
catboost,0.11,-1.0,0.0,1242.0,1.0,0.7492492492492493,0.7152777777777778,0.7322635135135136,0.7334943639291466,0.7334943639291466,0.5362318840579711,0.463768115942029,0.5793880837359099,0.4314090177133656,1242.0,666.0,576.0,0.7925585539117999,0.1880518726271942,0.5602134885564686,0.46698872785829315,0.5162418387450337,0.9045929500668268,666.0,576.0,1242.0,1.0,0.7334943639291466,196.0,309.0,0.24879227053140096,0.15780998389694043,911.0,0.1778265642151482,1.0,0.9411764705882353,45.54,0.03666666666666667,0.23234693877551016,61.83,-16.29,0.1487842190016103,0.0,0.05799854334912504,0.2785829307568438,0.6281872587776458,0.5890909090909091,0.0390963496867367
catboost,0.115,-1.0,0.0,1242.0,1.0,0.7492492492492493,0.7152777777777778,0.7322635135135136,0.7334943639291466,0.7334943639291466,0.5362318840579711,0.463768115942029,0.5793880837359099,0.4314090177133656,1242.0,666.0,576.0,0.7925585539117999,0.1880518726271942,0.5602134885564686,0.46698872785829315,0.5162418387450337,0.9045929500668268,666.0,576.0,1242.0,1.0,0.7334943639291466,187.0,297.0,0.2391304347826087,0.15056360708534622,911.0,0.17014270032930845,1.0,0.9375,44.18,0.03557165861513688,0.23625668449197856,59.599999999999994,-15.420000000000002,0.14228663446054754,0.0,0.05799854334912504,0.2785829307568438,0.629243350758083,0.5849056603773585,0.04433769038072455
catboost,0.12,-1.0,0.0,1242.0,1.0,0.7492492492492493,0.7152777777777778,0.7322635135135136,0.7334943639291466,0.7334943639291466,0.5362318840579711,0.463768115942029,0.5793880837359099,0.4314090177133656,1242.0,666.0,576.0,0.7925585539117999,0.1880518726271942,0.5602134885564686,0.46698872785829315,0.5162418387450337,0.9045929500668268,666.0,576.0,1242.0,1.0,0.7334943639291466,171.0,267.0,0.21497584541062803,0.13768115942028986,911.0,0.15697036223929747,1.0,0.9285714285714286,41.69,0.03356682769726248,0.24380116959064327,55.269999999999996,-13.58,0.127512077294686,0.0,0.05799854334912504,0.2785829307568438,0.6431840670333127,0.5983263598326359,0.04485770720067672
catboost,0.125,-1.0,0.0,1242.0,1.0,0.7492492492492493,0.7152777777777778,0.7322635135135136,0.7334943639291466,0.7334943639291466,0.5362318840579711,0.463768115942029,0.5793880837359099,0.4314090177133656,1242.0,666.0,576.0,0.7925585539117999,0.1880518726271942,0.5602134885564686,0.46698872785829315,0.5162418387450337,0.9045929500668268,666.0,576.0,1242.0,1.0,0.7334943639291466,156.0,241.0,0.19404186795491143,0.12560386473429952,911.0,0.14709110867178923,1.0,0.9090909090909091,41.239999999999995,0.03320450885668277,0.2643589743589743,51.75999999999999,-10.52,0.11570853462157811,0.0,0.05799854334912504,0.2785829307568438,0.6509488498130823,0.6118721461187214,0.03907670369436089
catboost,0.13,-1.0,0.0,1242.0,1.0,0.7492492492492493,0.7152777777777778,0.7322635135135136,0.7334943639291466,0.7334943639291466,0.5362318840579711,0.463768115942029,0.5793880837359099,0.4314090177133656,1242.0,666.0,576.0,0.7925585539117999,0.1880518726271942,0.5602134885564686,0.46698872785829315,0.5162418387450337,0.9045929500668268,666.0,576.0,1242.0,1.0,0.7334943639291466,146.0,221.0,0.177938808373591,0.11755233494363929,911.0,0.14050493962678376,1.0,1.0,40.04,0.032238325281803544,0.2742465753424657,49.519999999999996,-9.48,0.10685185185185184,0.0,0.05799854334912504,0.2785829307568438,0.6638566493153499,0.6305418719211823,0.03331477739416766
catboost,0.135,-1.0,0.0,1242.0,1.0,0.7492492492492493,0.7152777777777778,0.7322635135135136,0.7334943639291466,0.7334943639291466,0.5362318840579711,0.463768115942029,0.5793880837359099,0.4314090177133656,1242.0,666.0,576.0,0.7925585539117999,0.1880518726271942,0.5602134885564686,0.46698872785829315,0.5162418387450337,0.9045929500668268,666.0,576.0,1242.0,1.0,0.7334943639291466,97.0,153.0,0.12318840579710146,0.07809983896940419,911.0,0.09110867178924259,1.0,1.0,26.93,0.021682769726247986,0.2776288659793814,33.87,-6.94,0.07099838969404187,0.0,0.05799854334912504,0.2785829307568438,0.6565619663345209,0.5971223021582733,0.059439664176247575
catboost,0.14,-1.0,0.0,1242.0,1.0,0.7492492492492493,0.7152777777777778,0.7322635135135136,0.7334943639291466,0.7334943639291466,0.5362318840579711,0.463768115942029,0.5793880837359099,0.4314090177133656,1242.0,666.0,576.0,0.7925585539117999,0.1880518726271942,0.5602134885564686,0.46698872785829315,0.5162418387450337,0.9045929500668268,666.0,576.0,1242.0,1.0,0.7334943639291466,88.0,128.0,0.10305958132045089,0.07085346215780998,911.0,0.08122941822173436,1.0,1.0,23.770000000000003,0.01913848631239936,0.27011363636363633,30.71,-6.94,0.05952495974235105,0.0,0.05799854334912504,0.2785829307568438,0.6764456979482233,0.6491228070175439,0.02732289093067941
catboost,0.145,-1.0,0.0,1242.0,1.0,0.7492492492492493,0.7152777777777778,0.7322635135135136,0.7334943639291466,0.7334943639291466,0.5362318840579711,0.463768115942029,0.5793880837359099,0.4314090177133656,1242.0,666.0,576.0,0.7925585539117999,0.1880518726271942,0.5602134885564686,0.46698872785829315,0.5162418387450337,0.9045929500668268,666.0,576.0,1242.0,1.0,0.7334943639291466,83.0,123.0,0.09903381642512077,0.06682769726247988,911.0,0.07574094401756312,1.0,1.0,21.67,0.01744766505636071,0.26108433734939757,28.61,-6.94,0.057190016103059585,0.0,0.05799854334912504,0.2785829307568438,0.6762406450434622,0.6330275229357798,0.043213122107682356
catboost,0.15,-1.0,0.0,1242.0,1.0,0.7492492492492493,0.7152777777777778,0.7322635135135136,0.7334943639291466,0.7334943639291466,0.5362318840579711,0.463768115942029,0.5793880837359099,0.4314090177133656,1242.0,666.0,576.0,0.7925585539117999,0.1880518726271942,0.5602134885564686,0.46698872785829315,0.5162418387450337,0.9045929500668268,666.0,576.0,1242.0,1.0,0.7334943639291466,82.0,122.0,0.09822866344605476,0.06602254428341385,911.0,0.07464324917672886,1.0,1.0,21.28,0.01713365539452496,0.25951219512195123,28.22,-6.94,0.05669887278582931,0.0,0.05799854334912504,0.2785829307568438,0.6752069585357275,0.6296296296296297,0.04557732890609789
catboost,0.155,-1.0,0.0,1242.0,1.0,0.7492492492492493,0.7152777777777778,0.7322635135135136,0.7334943639291466,0.7334943639291466,0.5362318840579711,0.463768115942029,0.5793880837359099,0.4314090177133656,1242.0,666.0,576.0,0.7925585539117999,0.1880518726271942,0.5602134885564686,0.46698872785829315,0.5162418387450337,0.9045929500668268,666.0,576.0,1242.0,1.0,0.7334943639291466,79.0,116.0,0.09339774557165861,0.06360708534621579,911.0,0.07135016465422613,1.0,1.0,19.86,0.015990338164251206,0.2513924050632911,26.8,-6.94,0.05415458937198067,0.0,0.05799854334912504,0.2785829307568438,0.6819418610952719,0.6372549019607843,0.044686959134487614
catboost,0.16,-1.0,0.0,1242.0,1.0,0.7492492492492493,0.7152777777777778,0.7322635135135136,0.7334943639291466,0.7334943639291466,0.5362318840579711,0.463768115942029,0.5793880837359099,0.4314090177133656,1242.0,666.0,576.0,0.7925585539117999,0.1880518726271942,0.5602134885564686,0.46698872785829315,0.5162418387450337,0.9045929500668268,666.0,576.0,1242.0,1.0,0.7334943639291466,72.0,105.0,0.08454106280193237,0.057971014492753624,911.0,0.06366630076838639,1.0,1.0,16.880000000000003,0.013590982286634462,0.23444444444444443,23.82,-6.94,0.04879227053140097,0.0,0.05799854334912504,0.2785829307568438,0.6943549652451456,0.6373626373626373,0.0569923278825083
catboost,0.165,-1.0,0.0,1242.0,1.0,0.7492492492492493,0.7152777777777778,0.7322635135135136,0.7334943639291466,0.7334943639291466,0.5362318840579711,0.463768115942029,0.5793880837359099,0.4314090177133656,1242.0,666.0,576.0,0.7925585539117999,0.1880518726271942,0.5602134885564686,0.46698872785829315,0.5162418387450337,0.9045929500668268,666.0,576.0,1242.0,1.0,0.7334943639291466,63.0,94.0,0.07568438003220612,0.050724637681159424,911.0,0.05598243688254665,1.0,1.0,14.97,0.012053140096618358,0.2376190476190476,20.69,-5.720000000000001,0.04359098228663446,0.0,0.05799854334912504,0.2785829307568438,0.6976997137545842,0.6219512195121951,0.07574849424238905
catboost,0.17,-1.0,0.0,1242.0,1.0,0.7492492492492493,0.7152777777777778,0.7322635135135136,0.7334943639291466,0.7334943639291466,0.5362318840579711,0.463768115942029,0.5793880837359099,0.4314090177133656,1242.0,666.0,576.0,0.7925585539117999,0.1880518726271942,0.5602134885564686,0.46698872785829315,0.5162418387450337,0.9045929500668268,666.0,576.0,1242.0,1.0,0.7334943639291466,62.0,91.0,0.07326892109500806,0.0499194847020934,911.0,0.05598243688254665,1.0,1.0,15.58,0.01254428341384863,0.25129032258064515,20.69,-5.109999999999999,0.04219806763285024,0.0,0.05799854334912504,0.2785829307568438,0.6997255399317821,0.6375,0.06222553993178215
catboost,0.175,-1.0,0.0,1242.0,1.0,0.7492492492492493,0.7152777777777778,0.7322635135135136,0.7334943639291466,0.7334943639291466,0.5362318840579711,0.463768115942029,0.5793880837359099,0.4314090177133656,1242.0,666.0,576.0,0.7925585539117999,0.1880518726271942,0.5602134885564686,0.46698872785829315,0.5162418387450337,0.9045929500668268,666.0,576.0,1242.0,1.0,0.7334943639291466,56.0,83.0,0.06682769726247988,0.04508856682769726,911.0,0.05159165751920966,1.0,1.0,14.14,0.011384863123993559,0.2525,18.229999999999997,-4.09,0.03951690821256038,0.0,0.05799854334912504,0.2785829307568438,0.7065004044248087,0.6351351351351351,0.07136526928967357
catboost,0.18,-1.0,0.0,1242.0,1.0,0.7492492492492493,0.7152777777777778,0.7322635135135136,0.7334943639291466,0.7334943639291466,0.5362318840579711,0.463768115942029,0.5793880837359099,0.4314090177133656,1242.0,666.0,576.0,0.7925585539117999,0.1880518726271942,0.5602134885564686,0.46698872785829315,0.5162418387450337,0.9045929500668268,666.0,576.0,1242.0,1.0,0.7334943639291466,48.0,68.0,0.05475040257648953,0.03864734299516908,911.0,0.043907793633369926,1.0,1.0,12.67,0.010201288244766505,0.26395833333333335,16.1,-3.4299999999999997,0.03130434782608695,0.0,0.05799854334912504,0.2785829307568438,0.7088472269161535,0.6666666666666666,0.04218056024948691
catboost,0.185,-1.0,0.0,1242.0,1.0,0.7492492492492493,0.7152777777777778,0.7322635135135136,0.7334943639291466,0.7334943639291466,0.5362318840579711,0.463768115942029,0.5793880837359099,0.4314090177133656,1242.0,666.0,576.0,0.7925585539117999,0.1880518726271942,0.5602134885564686,0.46698872785829315,0.5162418387450337,0.9045929500668268,666.0,576.0,1242.0,1.0,0.7334943639291466,39.0,54.0,0.043478260869565216,0.03140096618357488,911.0,0.03512623490669594,1.0,1.0,10.559999999999999,0.008502415458937197,0.27076923076923076,13.78,-3.2199999999999998,0.024106280193236716,0.0,0.05799854334912504,0.2785829307568438,0.7175136448356787,0.6808510638297872,0.03666258100589148
catboost,0.19,-1.0,0.0,1242.0,1.0,0.7492492492492493,0.7152777777777778,0.7322635135135136,0.7334943639291466,0.7334943639291466,0.5362318840579711,0.463768115942029,0.5793880837359099,0.4314090177133656,1242.0,666.0,576.0,0.7925585539117999,0.1880518726271942,0.5602134885564686,0.46698872785829315,0.5162418387450337,0.9045929500668268,666.0,576.0,1242.0,1.0,0.7334943639291466,36.0,50.0,0.040257648953301126,0.028985507246376812,911.0,0.031833150384193196,1.0,1.0,9.19,0.0073993558776167465,0.25527777777777777,12.41,-3.2199999999999998,0.02230273752012883,0.0,0.05799854334912504,0.2785829307568438,0.7164933716751122,0.6744186046511628,0.04207476702394941
catboost,0.195,-1.0,0.0,1242.0,1.0,0.7492492492492493,0.7152777777777778,0.7322635135135136,0.7334943639291466,0.7334943639291466,0.5362318840579711,0.463768115942029,0.5793880837359099,0.4314090177133656,1242.0,666.0,576.0,0.7925585539117999,0.1880518726271942,0.5602134885564686,0.46698872785829315,0.5162418387450337,0.9045929500668268,666.0,576.0,1242.0,1.0,0.7334943639291466,36.0,50.0,0.040257648953301126,0.028985507246376812,911.0,0.031833150384193196,1.0,1.0,9.19,0.0073993558776167465,0.25527777777777777,12.41,-3.2199999999999998,0.02230273752012883,0.0,0.05799854334912504,0.2785829307568438,0.7164933716751122,0.6744186046511628,0.04207476702394941
catboost,0.2,-1.0,0.0,1242.0,1.0,0.7492492492492493,0.7152777777777778,0.7322635135135136,0.7334943639291466,0.7334943639291466,0.5362318840579711,0.463768115942029,0.5793880837359099,0.4314090177133656,1242.0,666.0,576.0,0.7925585539117999,0.1880518726271942,0.5602134885564686,0.46698872785829315,0.5162418387450337,0.9045929500668268,666.0,576.0,1242.0,1.0,0.7334943639291466,33.0,45.0,0.036231884057971016,0.026570048309178744,911.0,0.030735455543358946,1.0,1.0,9.67,0.007785829307568438,0.29303030303030303,11.969999999999999,-2.3,0.020209339774557168,0.0,0.05799854334912504,0.2785829307568438,0.7184698111704637,0.7,0.018469811170463757
catboost,-0.25,0.0,0.0,1242.0,1.0,0.7492492492492493,0.7152777777777778,0.7322635135135136,0.7334943639291466,0.7334943639291466,0.5362318840579711,0.463768115942029,0.5793880837359099,0.4314090177133656,1242.0,666.0,576.0,0.7925585539117999,0.1880518726271942,0.5602134885564686,0.46698872785829315,0.5162418387450337,0.9045929500668268,666.0,576.0,1242.0,1.0,0.7334943639291466,934.0,1242.0,1.0,0.7520128824476651,911.0,0.6619099890230515,1.0,0.8308157099697885,106.00999999999999,0.08535426731078904,0.11350107066381156,221.17000000000002,-115.16,0.4778341384863124,0.56,0.09454172229548724,0.16988727858293076,0.6862683551819065,0.6619099890230515,0.024358366158855005
catboost,-0.245,0.0,0.0,1242.0,1.0,0.7492492492492493,0.7152777777777778,0.7322635135135136,0.7334943639291466,0.7334943639291466,0.5362318840579711,0.463768115942029,0.5793880837359099,0.4314090177133656,1242.0,666.0,576.0,0.7925585539117999,0.1880518726271942,0.5602134885564686,0.46698872785829315,0.5162418387450337,0.9045929500668268,666.0,576.0,1242.0,1.0,0.7334943639291466,934.0,1242.0,1.0,0.7520128824476651,911.0,0.6619099890230515,1.0,0.8308157099697885,106.00999999999999,0.08535426731078904,0.11350107066381156,221.17000000000002,-115.16,0.4778341384863124,0.56,0.09454172229548724,0.16988727858293076,0.6862683551819065,0.6619099890230515,0.024358366158855005
catboost,-0.24,0.0,0.0,1242.0,1.0,0.7492492492492493,0.7152777777777778,0.7322635135135136,0.7334943639291466,0.7334943639291466,0.5362318840579711,0.463768115942029,0.5793880837359099,0.4314090177133656,1242.0,666.0,576.0,0.7925585539117999,0.1880518726271942,0.5602134885564686,0.46698872785829315,0.5162418387450337,0.9045929500668268,666.0,576.0,1242.0,1.0,0.7334943639291466,934.0,1242.0,1.0,0.7520128824476651,911.0,0.6619099890230515,1.0,0.8308157099697885,106.00999999999999,0.08535426731078904,0.11350107066381156,221.17000000000002,-115.16,0.4778341384863124,0.56,0.09454172229548724,0.16988727858293076,0.6862683551819065,0.6619099890230515,0.024358366158855005
catboost,-0.235,0.0,0.0,1242.0,1.0,0.7492492492492493,0.7152777777777778,0.7322635135135136,0.7334943639291466,0.7334943639291466,0.5362318840579711,0.463768115942029,0.5793880837359099,0.4314090177133656,1242.0,666.0,576.0,0.7925585539117999,0.1880518726271942,0.5602134885564686,0.46698872785829315,0.5162418387450337,0.9045929500668268,666.0,576.0,1242.0,1.0,0.7334943639291466,934.0,1242.0,1.0,0.7520128824476651,911.0,0.6619099890230515,1.0,0.8308157099697885,106.00999999999999,0.08535426731078904,0.11350107066381156,221.17000000000002,-115.16,0.4778341384863124,0.56,0.09454172229548724,0.16988727858293076,0.6862683551819065,0.6619099890230515,0.024358366158855005
catboost,-0.23,0.0,0.0,1242.0,1.0,0.7492492492492493,0.7152777777777778,0.7322635135135136,0.7334943639291466,0.7334943639291466,0.5362318840579711,0.463768115942029,0.5793880837359099,0.4314090177133656,1242.0,666.0,576.0,0.7925585539117999,0.1880518726271942,0.5602134885564686,0.46698872785829315,0.5162418387450337,0.9045929500668268,666.0,576.0,1242.0,1.0,0.7334943639291466,934.0,1242.0,1.0,0.7520128824476651,911.0,0.6619099890230515,1.0,0.8308157099697885,106.00999999999999,0.08535426731078904,0.11350107066381156,221.17000000000002,-115.16,0.4778341384863124,0.56,0.09454172229548724,0.16988727858293076,0.6862683551819065,0.6619099890230515,0.024358366158855005
catboost,-0.225,0.0,0.0,1242.0,1.0,0.7492492492492493,0.7152777777777778,0.7322635135135136,0.7334943639291466,0.7334943639291466,0.5362318840579711,0.463768115942029,0.5793880837359099,0.4314090177133656,1242.0,666.0,576.0,0.7925585539117999,0.1880518726271942,0.5602134885564686,0.46698872785829315,0.5162418387450337,0.9045929500668268,666.0,576.0,1242.0,1.0,0.7334943639291466,934.0,1242.0,1.0,0.7520128824476651,911.0,0.6619099890230515,1.0,0.8308157099697885,106.00999999999999,0.08535426731078904,0.11350107066381156,221.17000000000002,-115.16,0.4778341384863124,0.56,0.09454172229548724,0.16988727858293076,0.6862683551819065,0.6619099890230515,0.024358366158855005
catboost,-0.22,0.0,0.0,1242.0,1.0,0.7492492492492493,0.7152777777777778,0.7322635135135136,0.7334943639291466,0.7334943639291466,0.5362318840579711,0.463768115942029,0.5793880837359099,0.4314090177133656,1242.0,666.0,576.0,0.7925585539117999,0.1880518726271942,0.5602134885564686,0.46698872785829315,0.5162418387450337,0.9045929500668268,666.0,576.0,1242.0,1.0,0.7334943639291466,934.0,1242.0,1.0,0.7520128824476651,911.0,0.6619099890230515,1.0,0.8308157099697885,106.00999999999999,0.08535426731078904,0.11350107066381156,221.17000000000002,-115.16,0.4778341384863124,0.56,0.09454172229548724,0.16988727858293076,0.6862683551819065,0.6619099890230515,0.024358366158855005
catboost,-0.215,0.0,0.0,1242.0,1.0,0.7492492492492493,0.7152777777777778,0.7322635135135136,0.7334943639291466,0.7334943639291466,0.5362318840579711,0.463768115942029,0.5793880837359099,0.4314090177133656,1242.0,666.0,576.0,0.7925585539117999,0.1880518726271942,0.5602134885564686,0.46698872785829315,0.5162418387450337,0.9045929500668268,666.0,576.0,1242.0,1.0,0.7334943639291466,934.0,1242.0,1.0,0.7520128824476651,911.0,0.6619099890230515,1.0,0.8308157099697885,106.00999999999999,0.08535426731078904,0.11350107066381156,221.17000000000002,-115.16,0.4778341384863124,0.56,0.09454172229548724,0.16988727858293076,0.6862683551819065,0.6619099890230515,0.024358366158855005
catboost,-0.21,0.0,0.0,1242.0,1.0,0.7492492492492493,0.7152777777777778,0.7322635135135136,0.7334943639291466,0.7334943639291466,0.5362318840579711,0.463768115942029,0.5793880837359099,0.4314090177133656,1242.0,666.0,576.0,0.7925585539117999,0.1880518726271942,0.5602134885564686,0.46698872785829315,0.5162418387450337,0.9045929500668268,666.0,576.0,1242.0,1.0,0.7334943639291466,934.0,1242.0,1.0,0.7520128824476651,911.0,0.6619099890230515,1.0,0.8308157099697885,106.00999999999999,0.08535426731078904,0.11350107066381156,221.17000000000002,-115.16,0.4778341384863124,0.56,0.09454172229548724,0.16988727858293076,0.6862683551819065,0.6619099890230515,0.024358366158855005
catboost,-0.205,0.0,0.0,1242.0,1.0,0.7492492492492493,0.7152777777777778,0.7322635135135136,0.7334943639291466,0.7334943639291466,0.5362318840579711,0.463768115942029,0.5793880837359099,0.4314090177133656,1242.0,666.0,576.0,0.7925585539117999,0.1880518726271942,0.5602134885564686,0.46698872785829315,0.5162418387450337,0.9045929500668268,666.0,576.0,1242.0,1.0,0.7334943639291466,934.0,1242.0,1.0,0.7520128824476651,911.0,0.6619099890230515,1.0,0.8308157099697885,106.00999999999999,0.08535426731078904,0.11350107066381156,221.17000000000002,-115.16,0.4778341384863124,0.56,0.09454172229548724,0.16988727858293076,0.6862683551819065,0.6619099890230515,0.024358366158855005
catboost,-0.2,0.0,0.0,1242.0,1.0,0.7492492492492493,0.7152777777777778,0.7322635135135136,0.7334943639291466,0.7334943639291466,0.5362318840579711,0.463768115942029,0.5793880837359099,0.4314090177133656,1242.0,666.0,576.0,0.7925585539117999,0.1880518726271942,0.5602134885564686,0.46698872785829315,0.5162418387450337,0.9045929500668268,666.0,576.0,1242.0,1.0,0.7334943639291466,934.0,1242.0,1.0,0.7520128824476651,911.0,0.6619099890230515,1.0,0.8308157099697885,106.00999999999999,0.08535426731078904,0.11350107066381156,221.17000000000002,-115.16,0.4778341384863124,0.56,0.09454172229548724,0.16988727858293076,0.6862683551819065,0.6619099890230515,0.024358366158855005
catboost,-0.195,0.0,0.0,1242.0,1.0,0.7492492492492493,0.7152777777777778,0.7322635135135136,0.7334943639291466,0.7334943639291466,0.5362318840579711,0.463768115942029,0.5793880837359099,0.4314090177133656,1242.0,666.0,576.0,0.7925585539117999,0.1880518726271942,0.5602134885564686,0.46698872785829315,0.5162418387450337,0.9045929500668268,666.0,576.0,1242.0,1.0,0.7334943639291466,934.0,1242.0,1.0,0.7520128824476651,911.0,0.6619099890230515,1.0,0.8308157099697885,106.00999999999999,0.08535426731078904,0.11350107066381156,221.17000000000002,-115.16,0.4778341384863124,0.56,0.09454172229548724,0.16988727858293076,0.6862683551819065,0.6619099890230515,0.024358366158855005
catboost,-0.19,0.0,0.0,1242.0,1.0,0.7492492492492493,0.7152777777777778,0.7322635135135136,0.7334943639291466,0.7334943639291466,0.5362318840579711,0.463768115942029,0.5793880837359099,0.4314090177133656,1242.0,666.0,576.0,0.7925585539117999,0.1880518726271942,0.5602134885564686,0.46698872785829315,0.5162418387450337,0.9045929500668268,666.0,576.0,1242.0,1.0,0.7334943639291466,934.0,1242.0,1.0,0.7520128824476651,911.0,0.6619099890230515,1.0,0.8308157099697885,106.00999999999999,0.08535426731078904,0.11350107066381156,221.17000000000002,-115.16,0.4778341384863124,0.56,0.09454172229548724,0.16988727858293076,0.6862683551819065,0.6619099890230515,0.024358366158855005
catboost,-0.185,0.0,0.0,1242.0,1.0,0.7492492492492493,0.7152777777777778,0.7322635135135136,0.7334943639291466,0.7334943639291466,0.5362318840579711,0.463768115942029,0.5793880837359099,0.4314090177133656,1242.0,666.0,576.0,0.7925585539117999,0.1880518726271942,0.5602134885564686,0.46698872785829315,0.5162418387450337,0.9045929500668268,666.0,576.0,1242.0,1.0,0.7334943639291466,934.0,1242.0,1.0,0.7520128824476651,911.0,0.6619099890230515,1.0,0.8308157099697885,106.00999999999999,0.08535426731078904,0.11350107066381156,221.17000000000002,-115.16,0.4778341384863124,0.56,0.09454172229548724,0.16988727858293076,0.6862683551819065,0.6619099890230515,0.024358366158855005
catboost,-0.18,0.0,0.0,1242.0,1.0,0.7492492492492493,0.7152777777777778,0.7322635135135136,0.7334943639291466,0.7334943639291466,0.5362318840579711,0.463768115942029,0.5793880837359099,0.4314090177133656,1242.0,666.0,576.0,0.7925585539117999,0.1880518726271942,0.5602134885564686,0.46698872785829315,0.5162418387450337,0.9045929500668268,666.0,576.0,1242.0,1.0,0.7334943639291466,934.0,1242.0,1.0,0.7520128824476651,911.0,0.6619099890230515,1.0,0.8308157099697885,106.00999999999999,0.08535426731078904,0.11350107066381156,221.17000000000002,-115.16,0.4778341384863124,0.56,0.09454172229548724,0.16988727858293076,0.6862683551819065,0.6619099890230515,0.024358366158855005
catboost,-0.175,0.0,0.0,1242.0,1.0,0.7492492492492493,0.7152777777777778,0.7322635135135136,0.7334943639291466,0.7334943639291466,0.5362318840579711,0.463768115942029,0.5793880837359099,0.4314090177133656,1242.0,666.0,576.0,0.7925585539117999,0.1880518726271942,0.5602134885564686,0.46698872785829315,0.5162418387450337,0.9045929500668268,666.0,576.0,1242.0,1.0,0.7334943639291466,934.0,1242.0,1.0,0.7520128824476651,911.0,0.6619099890230515,1.0,0.8308157099697885,106.00999999999999,0.08535426731078904,0.11350107066381156,221.17000000000002,-115.16,0.4778341384863124,0.56,0.09454172229548724,0.16988727858293076,0.6862683551819065,0.6619099890230515,0.024358366158855005
catboost,-0.17,0.0,0.0,1242.0,1.0,0.7492492492492493,0.7152777777777778,0.7322635135135136,0.7334943639291466,0.7334943639291466,0.5362318840579711,0.463768115942029,0.5793880837359099,0.4314090177133656,1242.0,666.0,576.0,0.7925585539117999,0.1880518726271942,0.5602134885564686,0.46698872785829315,0.5162418387450337,0.9045929500668268,666.0,576.0,1242.0,1.0,0.7334943639291466,934.0,1242.0,1.0,0.7520128824476651,911.0,0.6619099890230515,1.0,0.8308157099697885,106.00999999999999,0.08535426731078904,0.11350107066381156,221.17000000000002,-115.16,0.4778341384863124,0.56,0.09454172229548724,0.16988727858293076,0.6862683551819065,0.6619099890230515,0.024358366158855005
catboost,-0.165,0.0,0.0,1242.0,1.0,0.7492492492492493,0.7152777777777778,0.7322635135135136,0.7334943639291466,0.7334943639291466,0.5362318840579711,0.463768115942029,0.5793880837359099,0.4314090177133656,1242.0,666.0,576.0,0.7925585539117999,0.1880518726271942,0.5602134885564686,0.46698872785829315,0.5162418387450337,0.9045929500668268,666.0,576.0,1242.0,1.0,0.7334943639291466,934.0,1242.0,1.0,0.7520128824476651,911.0,0.6619099890230515,1.0,0.8308157099697885,106.00999999999999,0.08535426731078904,0.11350107066381156,221.17000000000002,-115.16,0.4778341384863124,0.56,0.09454172229548724,0.16988727858293076,0.6862683551819065,0.6619099890230515,0.024358366158855005
catboost,-0.16,0.0,0.0,1242.0,1.0,0.7492492492492493,0.7152777777777778,0.7322635135135136,0.7334943639291466,0.7334943639291466,0.5362318840579711,0.463768115942029,0.5793880837359099,0.4314090177133656,1242.0,666.0,576.0,0.7925585539117999,0.1880518726271942,0.5602134885564686,0.46698872785829315,0.5162418387450337,0.9045929500668268,666.0,576.0,1242.0,1.0,0.7334943639291466,934.0,1242.0,1.0,0.7520128824476651,911.0,0.6619099890230515,1.0,0.8308157099697885,106.00999999999999,0.08535426731078904,0.11350107066381156,221.17000000000002,-115.16,0.4778341384863124,0.56,0.09454172229548724,0.16988727858293076,0.6862683551819065,0.6619099890230515,0.024358366158855005
catboost,-0.155,0.0,0.0,1242.0,1.0,0.7492492492492493,0.7152777777777778,0.7322635135135136,0.7334943639291466,0.7334943639291466,0.5362318840579711,0.463768115942029,0.5793880837359099,0.4314090177133656,1242.0,666.0,576.0,0.7925585539117999,0.1880518726271942,0.5602134885564686,0.46698872785829315,0.5162418387450337,0.9045929500668268,666.0,576.0,1242.0,1.0,0.7334943639291466,934.0,1242.0,1.0,0.7520128824476651,911.0,0.6619099890230515,1.0,0.8308157099697885,106.00999999999999,0.08535426731078904,0.11350107066381156,221.17000000000002,-115.16,0.4778341384863124,0.56,0.09454172229548724,0.16988727858293076,0.6862683551819065,0.6619099890230515,0.024358366158855005
catboost,-0.15,0.0,0.0,1242.0,1.0,0.7492492492492493,0.7152777777777778,0.7322635135135136,0.7334943639291466,0.7334943639291466,0.5362318840579711,0.463768115942029,0.5793880837359099,0.4314090177133656,1242.0,666.0,576.0,0.7925585539117999,0.1880518726271942,0.5602134885564686,0.46698872785829315,0.5162418387450337,0.9045929500668268,666.0,576.0,1242.0,1.0,0.7334943639291466,934.0,1242.0,1.0,0.7520128824476651,911.0,0.6619099890230515,1.0,0.8308157099697885,106.00999999999999,0.08535426731078904,0.11350107066381156,221.17000000000002,-115.16,0.4778341384863124,0.56,0.09454172229548724,0.16988727858293076,0.6862683551819065,0.6619099890230515,0.024358366158855005
catboost,-0.145,0.0,0.0,1242.0,1.0,0.7492492492492493,0.7152777777777778,0.7322635135135136,0.7334943639291466,0.7334943639291466,0.5362318840579711,0.463768115942029,0.5793880837359099,0.4314090177133656,1242.0,666.0,576.0,0.7925585539117999,0.1880518726271942,0.5602134885564686,0.46698872785829315,0.5162418387450337,0.9045929500668268,666.0,576.0,1242.0,1.0,0.7334943639291466,934.0,1242.0,1.0,0.7520128824476651,911.0,0.6619099890230515,1.0,0.8308157099697885,106.00999999999999,0.08535426731078904,0.11350107066381156,221.17000000000002,-115.16,0.4778341384863124,0.56,0.09454172229548724,0.16988727858293076,0.6862683551819065,0.6619099890230515,0.024358366158855005
catboost,-0.14,0.0,0.0,1242.0,1.0,0.7492492492492493,0.7152777777777778,0.7322635135135136,0.7334943639291466,0.7334943639291466,0.5362318840579711,0.463768115942029,0.5793880837359099,0.4314090177133656,1242.0,666.0,576.0,0.7925585539117999,0.1880518726271942,0.5602134885564686,0.46698872785829315,0.5162418387450337,0.9045929500668268,666.0,576.0,1242.0,1.0,0.7334943639291466,934.0,1242.0,1.0,0.7520128824476651,911.0,0.6619099890230515,1.0,0.8308157099697885,106.00999999999999,0.08535426731078904,0.11350107066381156,221.17000000000002,-115.16,0.4778341384863124,0.56,0.09454172229548724,0.16988727858293076,0.6862683551819065,0.6619099890230515,0.024358366158855005
catboost,-0.135,0.0,0.0,1242.0,1.0,0.7492492492492493,0.7152777777777778,0.7322635135135136,0.7334943639291466,0.7334943639291466,0.5362318840579711,0.463768115942029,0.5793880837359099,0.4314090177133656,1242.0,666.0,576.0,0.7925585539117999,0.1880518726271942,0.5602134885564686,0.46698872785829315,0.5162418387450337,0.9045929500668268,666.0,576.0,1242.0,1.0,0.7334943639291466,934.0,1242.0,1.0,0.7520128824476651,911.0,0.6619099890230515,1.0,0.8308157099697885,106.00999999999999,0.08535426731078904,0.11350107066381156,221.17000000000002,-115.16,0.4778341384863124,0.56,0.09454172229548724,0.16988727858293076,0.6862683551819065,0.6619099890230515,0.024358366158855005
catboost,-0.13,0.0,0.0,1242.0,1.0,0.7492492492492493,0.7152777777777778,0.7322635135135136,0.7334943639291466,0.7334943639291466,0.5362318840579711,0.463768115942029,0.5793880837359099,0.4314090177133656,1242.0,666.0,576.0,0.7925585539117999,0.1880518726271942,0.5602134885564686,0.46698872785829315,0.5162418387450337,0.9045929500668268,666.0,576.0,1242.0,1.0,0.7334943639291466,934.0,1242.0,1.0,0.7520128824476651,911.0,0.6619099890230515,1.0,0.8308157099697885,106.00999999999999,0.08535426731078904,0.11350107066381156,221.17000000000002,-115.16,0.4778341384863124,0.56,0.09454172229548724,0.16988727858293076,0.6862683551819065,0.6619099890230515,0.024358366158855005
catboost,-0.125,0.0,0.0,1242.0,1.0,0.7492492492492493,0.7152777777777778,0.7322635135135136,0.7334943639291466,0.7334943639291466,0.5362318840579711,0.463768115942029,0.5793880837359099,0.4314090177133656,1242.0,666.0,576.0,0.7925585539117999,0.1880518726271942,0.5602134885564686,0.46698872785829315,0.5162418387450337,0.9045929500668268,666.0,576.0,1242.0,1.0,0.7334943639291466,934.0,1242.0,1.0,0.7520128824476651,911.0,0.6619099890230515,1.0,0.8308157099697885,106.00999999999999,0.08535426731078904,0.11350107066381156,221.17000000000002,-115.16,0.4778341384863124,0.56,0.09454172229548724,0.16988727858293076,0.6862683551819065,0.6619099890230515,0.024358366158855005
catboost,-0.12,0.0,0.0,1242.0,1.0,0.7492492492492493,0.7152777777777778,0.7322635135135136,0.7334943639291466,0.7334943639291466,0.5362318840579711,0.463768115942029,0.5793880837359099,0.4314090177133656,1242.0,666.0,576.0,0.7925585539117999,0.1880518726271942,0.5602134885564686,0.46698872785829315,0.5162418387450337,0.9045929500668268,666.0,576.0,1242.0,1.0,0.7334943639291466,934.0,1242.0,1.0,0.7520128824476651,911.0,0.6619099890230515,1.0,0.8308157099697885,106.00999999999999,0.08535426731078904,0.11350107066381156,221.17000000000002,-115.16,0.4778341384863124,0.56,0.09454172229548724,0.16988727858293076,0.6862683551819065,0.6619099890230515,0.024358366158855005
catboost,-0.115,0.0,0.0,1242.0,1.0,0.7492492492492493,0.7152777777777778,0.7322635135135136,0.7334943639291466,0.7334943639291466,0.5362318840579711,0.463768115942029,0.5793880837359099,0.4314090177133656,1242.0,666.0,576.0,0.7925585539117999,0.1880518726271942,0.5602134885564686,0.46698872785829315,0.5162418387450337,0.9045929500668268,666.0,576.0,1242.0,1.0,0.7334943639291466,934.0,1242.0,1.0,0.7520128824476651,911.0,0.6619099890230515,1.0,0.8308157099697885,106.00999999999999,0.08535426731078904,0.11350107066381156,221.17000000000002,-115.16,0.4778341384863124,0.56,0.09454172229548724,0.16988727858293076,0.6862683551819065,0.6619099890230515,0.024358366158855005
catboost,-0.11,0.0,0.0,1242.0,1.0,0.7492492492492493,0.7152777777777778,0.7322635135135136,0.7334943639291466,0.7334943639291466,0.5362318840579711,0.463768115942029,0.5793880837359099,0.4314090177133656,1242.0,666.0,576.0,0.7925585539117999,0.1880518726271942,0.5602134885564686,0.46698872785829315,0.5162418387450337,0.9045929500668268,666.0,576.0,1242.0,1.0,0.7334943639291466,934.0,1242.0,1.0,0.7520128824476651,911.0,0.6619099890230515,1.0,0.8308157099697885,106.00999999999999,0.08535426731078904,0.11350107066381156,221.17000000000002,-115.16,0.4778341384863124,0.56,0.09454172229548724,0.16988727858293076,0.6862683551819065,0.6619099890230515,0.024358366158855005
catboost,-0.105,0.0,0.0,1242.0,1.0,0.7492492492492493,0.7152777777777778,0.7322635135135136,0.7334943639291466,0.7334943639291466,0.5362318840579711,0.463768115942029,0.5793880837359099,0.4314090177133656,1242.0,666.0,576.0,0.7925585539117999,0.1880518726271942,0.5602134885564686,0.46698872785829315,0.5162418387450337,0.9045929500668268,666.0,576.0,1242.0,1.0,0.7334943639291466,934.0,1242.0,1.0,0.7520128824476651,911.0,0.6619099890230515,1.0,0.8308157099697885,106.00999999999999,0.08535426731078904,0.11350107066381156,221.17000000000002,-115.16,0.4778341384863124,0.56,0.09454172229548724,0.16988727858293076,0.6862683551819065,0.6619099890230515,0.024358366158855005
catboost,-0.1,0.0,0.0,1242.0,1.0,0.7492492492492493,0.7152777777777778,0.7322635135135136,0.7334943639291466,0.7334943639291466,0.5362318840579711,0.463768115942029,0.5793880837359099,0.4314090177133656,1242.0,666.0,576.0,0.7925585539117999,0.1880518726271942,0.5602134885564686,0.46698872785829315,0.5162418387450337,0.9045929500668268,666.0,576.0,1242.0,1.0,0.7334943639291466,934.0,1242.0,1.0,0.7520128824476651,911.0,0.6619099890230515,1.0,0.8308157099697885,106.00999999999999,0.08535426731078904,0.11350107066381156,221.17000000000002,-115.16,0.4778341384863124,0.56,0.09454172229548724,0.16988727858293076,0.6862683551819065,0.6619099890230515,0.024358366158855005
catboost,-0.095,0.0,0.0,1242.0,1.0,0.7492492492492493,0.7152777777777778,0.7322635135135136,0.7334943639291466,0.7334943639291466,0.5362318840579711,0.463768115942029,0.5793880837359099,0.4314090177133656,1242.0,666.0,576.0,0.7925585539117999,0.1880518726271942,0.5602134885564686,0.46698872785829315,0.5162418387450337,0.9045929500668268,666.0,576.0,1242.0,1.0,0.7334943639291466,934.0,1242.0,1.0,0.7520128824476651,911.0,0.6619099890230515,1.0,0.8308157099697885,106.00999999999999,0.08535426731078904,0.11350107066381156,221.17000000000002,-115.16,0.4778341384863124,0.56,0.09454172229548724,0.16988727858293076,0.6862683551819065,0.6619099890230515,0.024358366158855005
catboost,-0.09,0.0,0.0,1242.0,1.0,0.7492492492492493,0.7152777777777778,0.7322635135135136,0.7334943639291466,0.7334943639291466,0.5362318840579711,0.463768115942029,0.5793880837359099,0.4314090177133656,1242.0,666.0,576.0,0.7925585539117999,0.1880518726271942,0.5602134885564686,0.46698872785829315,0.5162418387450337,0.9045929500668268,666.0,576.0,1242.0,1.0,0.7334943639291466,934.0,1242.0,1.0,0.7520128824476651,911.0,0.6619099890230515,1.0,0.8308157099697885,106.00999999999999,0.08535426731078904,0.11350107066381156,221.17000000000002,-115.16,0.4778341384863124,0.56,0.09454172229548724,0.16988727858293076,0.6862683551819065,0.6619099890230515,0.024358366158855005
catboost,-0.085,0.0,0.0,1242.0,1.0,0.7492492492492493,0.7152777777777778,0.7322635135135136,0.7334943639291466,0.7334943639291466,0.5362318840579711,0.463768115942029,0.5793880837359099,0.4314090177133656,1242.0,666.0,576.0,0.7925585539117999,0.1880518726271942,0.5602134885564686,0.46698872785829315,0.5162418387450337,0.9045929500668268,666.0,576.0,1242.0,1.0,0.7334943639291466,934.0,1242.0,1.0,0.7520128824476651,911.0,0.6619099890230515,1.0,0.8308157099697885,106.00999999999999,0.08535426731078904,0.11350107066381156,221.17000000000002,-115.16,0.4778341384863124,0.56,0.09454172229548724,0.16988727858293076,0.6862683551819065,0.6619099890230515,0.024358366158855005
catboost,-0.08,0.0,0.0,1242.0,1.0,0.7492492492492493,0.7152777777777778,0.7322635135135136,0.7334943639291466,0.7334943639291466,0.5362318840579711,0.463768115942029,0.5793880837359099,0.4314090177133656,1242.0,666.0,576.0,0.7925585539117999,0.1880518726271942,0.5602134885564686,0.46698872785829315,0.5162418387450337,0.9045929500668268,666.0,576.0,1242.0,1.0,0.7334943639291466,934.0,1242.0,1.0,0.7520128824476651,911.0,0.6619099890230515,1.0,0.8308157099697885,106.00999999999999,0.08535426731078904,0.11350107066381156,221.17000000000002,-115.16,0.4778341384863124,0.56,0.09454172229548724,0.16988727858293076,0.6862683551819065,0.6619099890230515,0.024358366158855005
catboost,-0.075,0.0,0.0,1242.0,1.0,0.7492492492492493,0.7152777777777778,0.7322635135135136,0.7334943639291466,0.7334943639291466,0.5362318840579711,0.463768115942029,0.5793880837359099,0.4314090177133656,1242.0,666.0,576.0,0.7925585539117999,0.1880518726271942,0.5602134885564686,0.46698872785829315,0.5162418387450337,0.9045929500668268,666.0,576.0,1242.0,1.0,0.7334943639291466,934.0,1242.0,1.0,0.7520128824476651,911.0,0.6619099890230515,1.0,0.8308157099697885,106.00999999999999,0.08535426731078904,0.11350107066381156,221.17000000000002,-115.16,0.4778341384863124,0.56,0.09454172229548724,0.16988727858293076,0.6862683551819065,0.6619099890230515,0.024358366158855005
catboost,-0.07,0.0,0.0,1242.0,1.0,0.7492492492492493,0.7152777777777778,0.7322635135135136,0.7334943639291466,0.7334943639291466,0.5362318840579711,0.463768115942029,0.5793880837359099,0.4314090177133656,1242.0,666.0,576.0,0.7925585539117999,0.1880518726271942,0.5602134885564686,0.46698872785829315,0.5162418387450337,0.9045929500668268,666.0,576.0,1242.0,1.0,0.7334943639291466,934.0,1242.0,1.0,0.7520128824476651,911.0,0.6619099890230515,1.0,0.8308157099697885,106.00999999999999,0.08535426731078904,0.11350107066381156,221.17000000000002,-115.16,0.4778341384863124,0.56,0.09454172229548724,0.16988727858293076,0.6862683551819065,0.6619099890230515,0.024358366158855005
catboost,-0.065,0.0,0.0,1242.0,1.0,0.7492492492492493,0.7152777777777778,0.7322635135135136,0.7334943639291466,0.7334943639291466,0.5362318840579711,0.463768115942029,0.5793880837359099,0.4314090177133656,1242.0,666.0,576.0,0.7925585539117999,0.1880518726271942,0.5602134885564686,0.46698872785829315,0.5162418387450337,0.9045929500668268,666.0,576.0,1242.0,1.0,0.7334943639291466,934.0,1242.0,1.0,0.7520128824476651,911.0,0.6619099890230515,1.0,0.8308157099697885,106.00999999999999,0.08535426731078904,0.11350107066381156,221.17000000000002,-115.16,0.4778341384863124,0.56,0.09454172229548724,0.16988727858293076,0.6862683551819065,0.6619099890230515,0.024358366158855005
catboost,-0.06,0.0,0.0,1242.0,1.0,0.7492492492492493,0.7152777777777778,0.7322635135135136,0.7334943639291466,0.7334943639291466,0.5362318840579711,0.463768115942029,0.5793880837359099,0.4314090177133656,1242.0,666.0,576.0,0.7925585539117999,0.1880518726271942,0.5602134885564686,0.46698872785829315,0.5162418387450337,0.9045929500668268,666.0,576.0,1242.0,1.0,0.7334943639291466,934.0,1242.0,1.0,0.7520128824476651,911.0,0.6619099890230515,1.0,0.8308157099697885,106.00999999999999,0.08535426731078904,0.11350107066381156,221.17000000000002,-115.16,0.4778341384863124,0.56,0.09454172229548724,0.16988727858293076,0.6862683551819065,0.6619099890230515,0.024358366158855005
catboost,-0.055,0.0,0.0,1242.0,1.0,0.7492492492492493,0.7152777777777778,0.7322635135135136,0.7334943639291466,0.7334943639291466,0.5362318840579711,0.463768115942029,0.5793880837359099,0.4314090177133656,1242.0,666.0,576.0,0.7925585539117999,0.1880518726271942,0.5602134885564686,0.46698872785829315,0.5162418387450337,0.9045929500668268,666.0,576.0,1242.0,1.0,0.7334943639291466,934.0,1242.0,1.0,0.7520128824476651,911.0,0.6619099890230515,1.0,0.8308157099697885,106.00999999999999,0.08535426731078904,0.11350107066381156,221.17000000000002,-115.16,0.4778341384863124,0.56,0.09454172229548724,0.16988727858293076,0.6862683551819065,0.6619099890230515,0.024358366158855005
catboost,-0.05,0.0,0.0,1242.0,1.0,0.7492492492492493,0.7152777777777778,0.7322635135135136,0.7334943639291466,0.7334943639291466,0.5362318840579711,0.463768115942029,0.5793880837359099,0.4314090177133656,1242.0,666.0,576.0,0.7925585539117999,0.1880518726271942,0.5602134885564686,0.46698872785829315,0.5162418387450337,0.9045929500668268,666.0,576.0,1242.0,1.0,0.7334943639291466,934.0,1242.0,1.0,0.7520128824476651,911.0,0.6619099890230515,1.0,0.8308157099697885,106.00999999999999,0.08535426731078904,0.11350107066381156,221.17000000000002,-115.16,0.4778341384863124,0.56,0.09454172229548724,0.16988727858293076,0.6862683551819065,0.6619099890230515,0.024358366158855005
catboost,-0.045,0.0,0.0,1242.0,1.0,0.7492492492492493,0.7152777777777778,0.7322635135135136,0.7334943639291466,0.7334943639291466,0.5362318840579711,0.463768115942029,0.5793880837359099,0.4314090177133656,1242.0,666.0,576.0,0.7925585539117999,0.1880518726271942,0.5602134885564686,0.46698872785829315,0.5162418387450337,0.9045929500668268,666.0,576.0,1242.0,1.0,0.7334943639291466,934.0,1242.0,1.0,0.7520128824476651,911.0,0.6619099890230515,1.0,0.8308157099697885,106.00999999999999,0.08535426731078904,0.11350107066381156,221.17000000000002,-115.16,0.4778341384863124,0.56,0.09454172229548724,0.16988727858293076,0.6862683551819065,0.6619099890230515,0.024358366158855005
catboost,-0.04,0.0,0.0,1242.0,1.0,0.7492492492492493,0.7152777777777778,0.7322635135135136,0.7334943639291466,0.7334943639291466,0.5362318840579711,0.463768115942029,0.5793880837359099,0.4314090177133656,1242.0,666.0,576.0,0.7925585539117999,0.1880518726271942,0.5602134885564686,0.46698872785829315,0.5162418387450337,0.9045929500668268,666.0,576.0,1242.0,1.0,0.7334943639291466,934.0,1242.0,1.0,0.7520128824476651,911.0,0.6619099890230515,1.0,0.8308157099697885,106.00999999999999,0.08535426731078904,0.11350107066381156,221.17000000000002,-115.16,0.4778341384863124,0.56,0.09454172229548724,0.16988727858293076,0.6862683551819065,0.6619099890230515,0.024358366158855005
catboost,-0.035,0.0,0.0,1242.0,1.0,0.7492492492492493,0.7152777777777778,0.7322635135135136,0.7334943639291466,0.7334943639291466,0.5362318840579711,0.463768115942029,0.5793880837359099,0.4314090177133656,1242.0,666.0,576.0,0.7925585539117999,0.1880518726271942,0.5602134885564686,0.46698872785829315,0.5162418387450337,0.9045929500668268,666.0,576.0,1242.0,1.0,0.7334943639291466,934.0,1242.0,1.0,0.7520128824476651,911.0,0.6619099890230515,1.0,0.8308157099697885,106.00999999999999,0.08535426731078904,0.11350107066381156,221.17000000000002,-115.16,0.4778341384863124,0.56,0.09454172229548724,0.16988727858293076,0.6862683551819065,0.6619099890230515,0.024358366158855005
catboost,-0.03,0.0,0.0,1242.0,1.0,0.7492492492492493,0.7152777777777778,0.7322635135135136,0.7334943639291466,0.7334943639291466,0.5362318840579711,0.463768115942029,0.5793880837359099,0.4314090177133656,1242.0,666.0,576.0,0.7925585539117999,0.1880518726271942,0.5602134885564686,0.46698872785829315,0.5162418387450337,0.9045929500668268,666.0,576.0,1242.0,1.0,0.7334943639291466,934.0,1242.0,1.0,0.7520128824476651,911.0,0.6619099890230515,1.0,0.8308157099697885,106.00999999999999,0.08535426731078904,0.11350107066381156,221.17000000000002,-115.16,0.4778341384863124,0.56,0.09454172229548724,0.16988727858293076,0.6862683551819065,0.6619099890230515,0.024358366158855005
catboost,-0.025,0.0,0.0,1242.0,1.0,0.7492492492492493,0.7152777777777778,0.7322635135135136,0.7334943639291466,0.7334943639291466,0.5362318840579711,0.463768115942029,0.5793880837359099,0.4314090177133656,1242.0,666.0,576.0,0.7925585539117999,0.1880518726271942,0.5602134885564686,0.46698872785829315,0.5162418387450337,0.9045929500668268,666.0,576.0,1242.0,1.0,0.7334943639291466,934.0,1242.0,1.0,0.7520128824476651,911.0,0.6619099890230515,1.0,0.8308157099697885,106.00999999999999,0.08535426731078904,0.11350107066381156,221.17000000000002,-115.16,0.4778341384863124,0.56,0.09454172229548724,0.16988727858293076,0.6862683551819065,0.6619099890230515,0.024358366158855005
catboost,-0.02,0.0,0.0,1242.0,1.0,0.7492492492492493,0.7152777777777778,0.7322635135135136,0.7334943639291466,0.7334943639291466,0.5362318840579711,0.463768115942029,0.5793880837359099,0.4314090177133656,1242.0,666.0,576.0,0.7925585539117999,0.1880518726271942,0.5602134885564686,0.46698872785829315,0.5162418387450337,0.9045929500668268,666.0,576.0,1242.0,1.0,0.7334943639291466,934.0,1242.0,1.0,0.7520128824476651,911.0,0.6619099890230515,1.0,0.8308157099697885,106.00999999999999,0.08535426731078904,0.11350107066381156,221.17000000000002,-115.16,0.4778341384863124,0.56,0.09454172229548724,0.16988727858293076,0.6862683551819065,0.6619099890230515,0.024358366158855005
catboost,-0.015,0.0,0.0,1242.0,1.0,0.7492492492492493,0.7152777777777778,0.7322635135135136,0.7334943639291466,0.7334943639291466,0.5362318840579711,0.463768115942029,0.5793880837359099,0.4314090177133656,1242.0,666.0,576.0,0.7925585539117999,0.1880518726271942,0.5602134885564686,0.46698872785829315,0.5162418387450337,0.9045929500668268,666.0,576.0,1242.0,1.0,0.7334943639291466,934.0,1242.0,1.0,0.7520128824476651,911.0,0.6619099890230515,1.0,0.8308157099697885,106.00999999999999,0.08535426731078904,0.11350107066381156,221.17000000000002,-115.16,0.4778341384863124,0.56,0.09454172229548724,0.16988727858293076,0.6862683551819065,0.6619099890230515,0.024358366158855005
catboost,-0.01,0.0,0.0,1242.0,1.0,0.7492492492492493,0.7152777777777778,0.7322635135135136,0.7334943639291466,0.7334943639291466,0.5362318840579711,0.463768115942029,0.5793880837359099,0.4314090177133656,1242.0,666.0,576.0,0.7925585539117999,0.1880518726271942,0.5602134885564686,0.46698872785829315,0.5162418387450337,0.9045929500668268,666.0,576.0,1242.0,1.0,0.7334943639291466,932.0,1240.0,0.998389694041868,0.750402576489533,911.0,0.6619099890230515,1.0,0.8328267477203647,106.03,0.08537037037037037,0.11376609442060086,221.17000000000002,-115.13999999999999,0.4778180354267311,0.56,0.09454172229548724,0.16988727858293076,0.6862683551819065,0.6619099890230515,0.024358366158855005
catboost,-0.005,0.0,0.0,1242.0,1.0,0.7492492492492493,0.7152777777777778,0.7322635135135136,0.7334943639291466,0.7334943639291466,0.5362318840579711,0.463768115942029,0.5793880837359099,0.4314090177133656,1242.0,666.0,576.0,0.7925585539117999,0.1880518726271942,0.5602134885564686,0.46698872785829315,0.5162418387450337,0.9045929500668268,666.0,576.0,1242.0,1.0,0.7334943639291466,903.0,1205.0,0.9702093397745571,0.7270531400966184,911.0,0.6608122941822173,1.0,0.8870431893687708,105.32,0.08479871175523349,0.11663344407530453,220.18,-114.85999999999999,0.47753623188405797,0.56,0.09454172229548724,0.16988727858293076,0.6915523705501593,0.665929203539823,0.02562316701033629
catboost,0.0,0.0,0.0,1242.0,1.0,0.7492492492492493,0.7152777777777778,0.7322635135135136,0.7334943639291466,0.7334943639291466,0.5362318840579711,0.463768115942029,0.5793880837359099,0.4314090177133656,1242.0,666.0,576.0,0.7925585539117999,0.1880518726271942,0.5602134885564686,0.46698872785829315,0.5162418387450337,0.9045929500668268,666.0,576.0,1242.0,1.0,0.7334943639291466,821.0,1031.0,0.8301127214170693,0.6610305958132046,911.0,0.6454445664105378,1.0,0.9356223175965666,106.08999999999999,0.08541867954911432,0.12922046285018268,214.26999999999998,-108.18,0.46442028985507244,0.56,0.09454172229548724,0.16988727858293076,0.7671568800066209,0.7368421052631579,0.030314774743463002
catboost,0.005,0.0,0.0,1242.0,1.0,0.7492492492492493,0.7152777777777778,0.7322635135135136,0.7334943639291466,0.7334943639291466,0.5362318840579711,0.463768115942029,0.5793880837359099,0.4314090177133656,1242.0,666.0,576.0,0.7925585539117999,0.1880518726271942,0.5602134885564686,0.46698872785829315,0.5162418387450337,0.9045929500668268,666.0,576.0,1242.0,1.0,0.7334943639291466,795.0,987.0,0.7946859903381642,0.6400966183574879,911.0,0.6322722283205269,1.0,0.9406392694063926,106.39999999999999,0.08566827697262479,0.13383647798742138,209.54,-103.14,0.4501771336553945,0.56,0.09454172229548724,0.16988727858293076,0.7799225459631147,0.75,0.02992254596311472
catboost,0.01,0.0,0.0,1242.0,1.0,0.7492492492492493,0.7152777777777778,0.7322635135135136,0.7334943639291466,0.7334943639291466,0.5362318840579711,0.463768115942029,0.5793880837359099,0.4314090177133656,1242.0,666.0,576.0,0.7925585539117999,0.1880518726271942,0.5602134885564686,0.46698872785829315,0.5162418387450337,0.9045929500668268,666.0,576.0,1242.0,1.0,0.7334943639291466,794.0,985.0,0.7930756843800322,0.6392914653784219,911.0,0.6311745334796927,1.0,0.9406392694063926,106.16,0.08547504025764895,0.1337027707808564,209.29999999999998,-103.14,0.4492753623188406,0.56,0.09454172229548724,0.16988727858293076,0.7804855879717718,0.7506527415143603,0.029832846457411466
catboost,0.015,0.0,0.0,1242.0,1.0,0.7492492492492493,0.7152777777777778,0.7322635135135136,0.7334943639291466,0.7334943639291466,0.5362318840579711,0.463768115942029,0.5793880837359099,0.4314090177133656,1242.0,666.0,576.0,0.7925585539117999,0.1880518726271942,0.5602134885564686,0.46698872785829315,0.5162418387450337,0.9045929500668268,666.0,576.0,1242.0,1.0,0.7334943639291466,787.0,977.0,0.7866344605475041,0.6336553945249598,911.0,0.6278814489571899,1.0,0.9395348837209302,107.18,0.0862962962962963,0.13618805590851332,208.48,-101.30000000000001,0.4457487922705313,0.56,0.09454172229548724,0.16988727858293076,0.7809576961252512,0.7506561679790026,0.030301528146248646
catboost,0.02,0.0,0.0,1242.0,1.0,0.7492492492492493,0.7152777777777778,0.7322635135135136,0.7334943639291466,0.7334943639291466,0.5362318840579711,0.463768115942029,0.5793880837359099,0.4314090177133656,1242.0,666.0,576.0,0.7925585539117999,0.1880518726271942,0.5602134885564686,0.46698872785829315,0.5162418387450337,0.9045929500668268,666.0,576.0,1242.0,1.0,0.7334943639291466,772.0,955.0,0.7689210950080515,0.6215780998389694,911.0,0.6169045005488474,1.0,0.9380952380952381,106.13,0.08545088566827697,0.13747409326424867,204.52999999999997,-98.4,0.43582930756843796,0.56,0.09454172229548724,0.16988727858293076,0.7831778871397096,0.7543624161073825,0.028815471032327067
catboost,0.025,0.0,0.0,1242.0,1.0,0.7492492492492493,0.7152777777777778,0.7322635135135136,0.7334943639291466,0.7334943639291466,0.5362318840579711,0.463768115942029,0.5793880837359099,0.4314090177133656,1242.0,666.0,576.0,0.7925585539117999,0.1880518726271942,0.5602134885564686,0.46698872785829315,0.5162418387450337,0.9045929500668268,666.0,576.0,1242.0,1.0,0.7334943639291466,764.0,945.0,0.7608695652173914,0.6151368760064412,911.0,0.6114160263446762,1.0,0.9420289855072463,104.41,0.08406602254428341,0.13666230366492144,201.82999999999998,-97.42,0.4327697262479871,0.56,0.09454172229548724,0.16988727858293076,0.7853193843577222,0.7547425474254743,0.030576836932247886
catboost,0.03,0.0,0.0,1242.0,1.0,0.7492492492492493,0.7152777777777778,0.7322635135135136,0.7334943639291466,0.7334943639291466,0.5362318840579711,0.463768115942029,0.5793880837359099,0.4314090177133656,1242.0,666.0,576.0,0.7925585539117999,0.1880518726271942,0.5602134885564686,0.46698872785829315,0.5162418387450337,0.9045929500668268,666.0,576.0,1242.0,1.0,0.7334943639291466,725.0,905.0,0.7286634460547504,0.5837359098228664,911.0,0.5905598243688255,1.0,0.9358288770053476,107.55,0.08659420289855073,0.1483448275862069,193.62,-86.07,0.4144927536231884,0.56,0.09454172229548724,0.16988727858293076,0.7833216871730707,0.7493036211699164,0.03401806600315427
catboost,0.035,0.0,0.0,1242.0,1.0,0.7492492492492493,0.7152777777777778,0.7322635135135136,0.7334943639291466,0.7334943639291466,0.5362318840579711,0.463768115942029,0.5793880837359099,0.4314090177133656,1242.0,666.0,576.0,0.7925585539117999,0.1880518726271942,0.5602134885564686,0.46698872785829315,0.5162418387450337,0.9045929500668268,666.0,576.0,1242.0,1.0,0.7334943639291466,716.0,894.0,0.7198067632850241,0.5764895330112721,911.0,0.5861690450054885,1.0,0.9340659340659341,107.98999999999998,0.08694847020933975,0.15082402234636874,191.36,-83.37,0.4098148148148148,0.56,0.09454172229548724,0.16988727858293076,0.7847776119409453,0.75,0.03477761194094531
catboost,0.04,0.0,0.0,1242.0,1.0,0.7492492492492493,0.7152777777777778,0.7322635135135136,0.7334943639291466,0.7334943639291466,0.5362318840579711,0.463768115942029,0.5793880837359099,0.4314090177133656,1242.0,666.0,576.0,0.7925585539117999,0.1880518726271942,0.5602134885564686,0.46698872785829315,0.5162418387450337,0.9045929500668268,666.0,576.0,1242.0,1.0,0.7334943639291466,709.0,880.0,0.7085346215780999,0.57085346215781,911.0,0.5828759604829857,1.0,0.9325842696629213,108.21000000000001,0.08712560386473431,0.15262341325811002,189.99,-81.78,0.40466988727858294,0.56,0.09454172229548724,0.16988727858293076,0.7868169107984772,0.7564102564102564,0.030406654388220766
catboost,0.045,0.0,0.0,1242.0,1.0,0.7492492492492493,0.7152777777777778,0.7322635135135136,0.7334943639291466,0.7334943639291466,0.5362318840579711,0.463768115942029,0.5793880837359099,0.4314090177133656,1242.0,666.0,576.0,0.7925585539117999,0.1880518726271942,0.5602134885564686,0.46698872785829315,0.5162418387450337,0.9045929500668268,666.0,576.0,1242.0,1.0,0.7334943639291466,641.0,806.0,0.6489533011272142,0.5161030595813204,911.0,0.5345773874862788,1.0,0.922077922077922,106.08999999999999,0.08541867954911432,0.16550702028081124,173.23000000000002,-67.13999999999999,0.36816425120772944,0.31,0.09454172229548724,0.16988727858293076,0.7790282463704982,0.7469325153374233,0.03209573103307484
catboost,0.05,0.0,0.0,1242.0,1.0,0.7492492492492493,0.7152777777777778,0.7322635135135136,0.7334943639291466,0.7334943639291466,0.5362318840579711,0.463768115942029,0.5793880837359099,0.4314090177133656,1242.0,666.0,576.0,0.7925585539117999,0.1880518726271942,0.5602134885564686,0.46698872785829315,0.5162418387450337,0.9045929500668268,666.0,576.0,1242.0,1.0,0.7334943639291466,621.0,778.0,0.6264090177133655,0.5,911.0,0.5236004390779363,1.0,0.9236111111111112,103.58999999999999,0.08340579710144927,0.16681159420289854,167.78,-64.19,0.3602898550724638,0.31,0.09454172229548724,0.16988727858293076,0.7855128692533024,0.7523659305993691,0.03314693865393337
catboost,0.055,0.0,0.0,1242.0,1.0,0.7492492492492493,0.7152777777777778,0.7322635135135136,0.7334943639291466,0.7334943639291466,0.5362318840579711,0.463768115942029,0.5793880837359099,0.4314090177133656,1242.0,666.0,576.0,0.7925585539117999,0.1880518726271942,0.5602134885564686,0.46698872785829315,0.5162418387450337,0.9045929500668268,666.0,576.0,1242.0,1.0,0.7334943639291466,605.0,755.0,0.6078904991948471,0.48711755233494364,911.0,0.5159165751920965,1.0,0.9185185185185185,105.1,0.08462157809983896,0.1737190082644628,164.8,-59.7,0.3500402576489533,0.26,0.09454172229548724,0.16988727858293076,0.7862231975998292,0.7580645161290323,0.02815868147079692
catboost,0.06,0.0,0.0,1242.0,1.0,0.7492492492492493,0.7152777777777778,0.7322635135135136,0.7334943639291466,0.7334943639291466,0.5362318840579711,0.463768115942029,0.5793880837359099,0.4314090177133656,1242.0,666.0,576.0,0.7925585539117999,0.1880518726271942,0.5602134885564686,0.46698872785829315,0.5162418387450337,0.9045929500668268,666.0,576.0,1242.0,1.0,0.7334943639291466,592.0,737.0,0.5933977455716586,0.47665056360708535,911.0,0.5071350164654226,1.0,0.9153846153846154,105.13,0.08464573268921094,0.17758445945945944,161.78,-56.650000000000006,0.34123993558776167,0.26,0.09454172229548724,0.16988727858293076,0.7859102259256009,0.7611202635914333,0.024789962334167637
catboost,0.065,0.0,0.0,1242.0,1.0,0.7492492492492493,0.7152777777777778,0.7322635135135136,0.7334943639291466,0.7334943639291466,0.5362318840579711,0.463768115942029,0.5793880837359099,0.4314090177133656,1242.0,666.0,576.0,0.7925585539117999,0.1880518726271942,0.5602134885564686,0.46698872785829315,0.5162418387450337,0.9045929500668268,666.0,576.0,1242.0,1.0,0.7334943639291466,579.0,722.0,0.5813204508856683,0.46618357487922707,911.0,0.4950603732162459,1.0,0.9140625,102.11000000000001,0.08221417069243157,0.17635578583765113,157.64,-55.53,0.3339130434782609,0.26,0.09454172229548724,0.16988727858293076,0.7896561589861609,0.7592592592592593,0.030396899726901627
catboost,0.07,0.0,0.0,1242.0,1.0,0.7492492492492493,0.7152777777777778,0.7322635135135136,0.7334943639291466,0.7334943639291466,0.5362318840579711,0.463768115942029,0.5793880837359099,0.4314090177133656,1242.0,666.0,576.0,0.7925585539117999,0.1880518726271942,0.5602134885564686,0.46698872785829315,0.5162418387450337,0.9045929500668268,666.0,576.0,1242.0,1.0,0.7334943639291466,563.0,701.0,0.5644122383252818,0.4533011272141707,911.0,0.4807903402854007,1.0,0.912,99.92,0.08045088566827698,0.17747779751332146,153.82,-53.900000000000006,0.32384057971014496,0.26,0.09454172229548724,0.16988727858293076,0.7882940431031076,0.7604166666666666,0.027877376436440948
catboost,0.075,0.0,0.0,1242.0,1.0,0.7492492492492493,0.7152777777777778,0.7322635135135136,0.7334943639291466,0.7334943639291466,0.5362318840579711,0.463768115942029,0.5793880837359099,0.4314090177133656,1242.0,666.0,576.0,0.7925585539117999,0.1880518726271942,0.5602134885564686,0.46698872785829315,0.5162418387450337,0.9045929500668268,666.0,576.0,1242.0,1.0,0.7334943639291466,556.0,694.0,0.5587761674718197,0.4476650563607085,911.0,0.47530186608122943,1.0,0.9105691056910569,99.74,0.08030595813204508,0.1793884892086331,152.21999999999997,-52.480000000000004,0.3199597423510467,0.21,0.09454172229548724,0.16988727858293076,0.7867705690954747,0.7583187390542907,0.028451830041184012
catboost,0.08,0.0,0.0,1242.0,1.0,0.7492492492492493,0.7152777777777778,0.7322635135135136,0.7334943639291466,0.7334943639291466,0.5362318840579711,0.463768115942029,0.5793880837359099,0.4314090177133656,1242.0,666.0,576.0,0.7925585539117999,0.1880518726271942,0.5602134885564686,0.46698872785829315,0.5162418387450337,0.9045929500668268,666.0,576.0,1242.0,1.0,0.7334943639291466,526.0,656.0,0.5281803542673108,0.42351046698872785,911.0,0.4544456641053787,1.0,0.9107142857142857,96.69,0.07785024154589372,0.1838212927756654,144.15999999999997,-47.470000000000006,0.3047987117552335,0.21,0.09454172229548724,0.16988727858293076,0.792262912120004,0.7610294117647058,0.03123350035529815
catboost,0.085,0.0,0.0,1242.0,1.0,0.7492492492492493,0.7152777777777778,0.7322635135135136,0.7334943639291466,0.7334943639291466,0.5362318840579711,0.463768115942029,0.5793880837359099,0.4314090177133656,1242.0,666.0,576.0,0.7925585539117999,0.1880518726271942,0.5602134885564686,0.46698872785829315,0.5162418387450337,0.9045929500668268,666.0,576.0,1242.0,1.0,0.7334943639291466,525.0,655.0,0.5273752012882448,0.4227053140096618,911.0,0.45334796926454446,1.0,0.9107142857142857,96.4,0.07761674718196458,0.18361904761904763,143.86999999999998,-47.470000000000006,0.3042270531400966,0.21,0.09454172229548724,0.16988727858293076,0.7921205506001673,0.7605893186003683,0.031531231999799014
catboost,0.09,0.0,0.0,1242.0,1.0,0.7492492492492493,0.7152777777777778,0.7322635135135136,0.7334943639291466,0.7334943639291466,0.5362318840579711,0.463768115942029,0.5793880837359099,0.4314090177133656,1242.0,666.0,576.0,0.7925585539117999,0.1880518726271942,0.5602134885564686,0.46698872785829315,0.5162418387450337,0.9045929500668268,666.0,576.0,1242.0,1.0,0.7334943639291466,484.0,604.0,0.4863123993558776,0.3896940418679549,911.0,0.41602634467618005,1.0,0.9047619047619048,92.21,0.07424315619967793,0.19051652892561985,136.05999999999997,-43.85,0.27547504025764896,0.0,0.09454172229548724,0.16988727858293076,0.7907187870181283,0.7595190380761523,0.03119974894197597
catboost,0.095,0.0,0.0,1242.0,1.0,0.7492492492492493,0.7152777777777778,0.7322635135135136,0.7334943639291466,0.7334943639291466,0.5362318840579711,0.463768115942029,0.5793880837359099,0.4314090177133656,1242.0,666.0,576.0,0.7925585539117999,0.1880518726271942,0.5602134885564686,0.46698872785829315,0.5162418387450337,0.9045929500668268,666.0,576.0,1242.0,1.0,0.7334943639291466,467.0,580.0,0.4669887278582931,0.37600644122383253,911.0,0.3995609220636663,1.0,0.9029126213592233,87.43,0.07039452495974236,0.18721627408993577,130.51,-43.08,0.2647342995169082,0.0,0.09454172229548724,0.16988727858293076,0.7940155895713079,0.7631027253668763,0.030912864204431623
catboost,0.1,0.0,0.0,1242.0,1.0,0.7492492492492493,0.7152777777777778,0.7322635135135136,0.7334943639291466,0.7334943639291466,0.5362318840579711,0.463768115942029,0.5793880837359099,0.4314090177133656,1242.0,666.0,576.0,0.7925585539117999,0.1880518726271942,0.5602134885564686,0.46698872785829315,0.5162418387450337,0.9045929500668268,666.0,576.0,1242.0,1.0,0.7334943639291466,459.0,565.0,0.45491143317230276,0.3695652173913043,911.0,0.39626783754116357,1.0,0.9081632653061225,86.50999999999999,0.0696537842190016,0.18847494553376906,128.54000000000002,-42.03,0.26187600644122383,0.0,0.09454172229548724,0.16988727858293076,0.8032530261301113,0.7730192719486081,0.030233754181503203
catboost,0.105,0.0,0.0,1242.0,1.0,0.7492492492492493,0.7152777777777778,0.7322635135135136,0.7334943639291466,0.7334943639291466,0.5362318840579711,0.463768115942029,0.5793880837359099,0.4314090177133656,1242.0,666.0,576.0,0.7925585539117999,0.1880518726271942,0.5602134885564686,0.46698872785829315,0.5162418387450337,0.9045929500668268,666.0,576.0,1242.0,1.0,0.7334943639291466,415.0,510.0,0.4106280193236715,0.33413848631239934,911.0,0.3699231613611416,1.0,0.8846153846153846,83.44999999999999,0.06719001610305957,0.2010843373493976,116.28,-32.83,0.24235104669887278,0.0,0.09454172229548724,0.16988727858293076,0.8166834436049155,0.7800925925925926,0.036590851012322956
catboost,0.11,0.0,0.0,1242.0,1.0,0.7492492492492493,0.7152777777777778,0.7322635135135136,0.7334943639291466,0.7334943639291466,0.5362318840579711,0.463768115942029,0.5793880837359099,0.4314090177133656,1242.0,666.0,576.0,0.7925585539117999,0.1880518726271942,0.5602134885564686,0.46698872785829315,0.5162418387450337,0.9045929500668268,666.0,576.0,1242.0,1.0,0.7334943639291466,403.0,491.0,0.39533011272141705,0.3244766505636071,911.0,0.3567508232711306,1.0,0.8846153846153846,81.57,0.06567632850241545,0.20240694789081887,114.4,-32.83,0.2318518518518519,0.0,0.09454172229548724,0.16988727858293076,0.8178662131886575,0.7869249394673123,0.03094127372134514
catboost,0.115,0.0,0.0,1242.0,1.0,0.7492492492492493,0.7152777777777778,0.7322635135135136,0.7334943639291466,0.7334943639291466,0.5362318840579711,0.463768115942029,0.5793880837359099,0.4314090177133656,1242.0,666.0,576.0,0.7925585539117999,0.1880518726271942,0.5602134885564686,0.46698872785829315,0.5162418387450337,0.9045929500668268,666.0,576.0,1242.0,1.0,0.7334943639291466,401.0,488.0,0.392914653784219,0.32286634460547503,911.0,0.3556531284302964,1.0,0.8831168831168831,81.94,0.06597423510466989,0.20433915211970075,114.26,-32.32,0.23025764895330114,0.0,0.09454172229548724,0.16988727858293076,0.8177845219834026,0.7883211678832117,0.029463354100190853
catboost,0.12,0.0,0.0,1242.0,1.0,0.7492492492492493,0.7152777777777778,0.7322635135135136,0.7334943639291466,0.7334943639291466,0.5362318840579711,0.463768115942029,0.5793880837359099,0.4314090177133656,1242.0,666.0,576.0,0.7925585539117999,0.1880518726271942,0.5602134885564686,0.46698872785829315,0.5162418387450337,0.9045929500668268,666.0,576.0,1242.0,1.0,0.7334943639291466,370.0,447.0,0.35990338164251207,0.29790660225442833,911.0,0.33150384193194293,1.0,0.8970588235294118,78.85,0.06348631239935587,0.2131081081081081,106.42999999999999,-27.58,0.21048309178743957,0.0,0.09454172229548724,0.16988727858293076,0.8224936059858182,0.7968337730870713,0.02565983289874696
catboost,0.125,0.0,0.0,1242.0,1.0,0.7492492492492493,0.7152777777777778,0.7322635135135136,0.7334943639291466,0.7334943639291466,0.5362318840579711,0.463768115942029,0.5793880837359099,0.4314090177133656,1242.0,666.0,576.0,0.7925585539117999,0.1880518726271942,0.5602134885564686,0.46698872785829315,0.5162418387450337,0.9045929500668268,666.0,576.0,1242.0,1.0,0.7334943639291466,354.0,427.0,0.3438003220611916,0.28502415458937197,911.0,0.31833150384193193,1.0,0.890625,74.76,0.06019323671497585,0.2111864406779661,100.54999999999998,-25.790000000000003,0.202914653784219,0.0,0.09454172229548724,0.16988727858293076,0.8284574075857595,0.7988980716253443,0.029559335960415156
catboost,0.13,0.0,0.0,1242.0,1.0,0.7492492492492493,0.7152777777777778,0.7322635135135136,0.7334943639291466,0.7334943639291466,0.5362318840579711,0.463768115942029,0.5793880837359099,0.4314090177133656,1242.0,666.0,576.0,0.7925585539117999,0.1880518726271942,0.5602134885564686,0.46698872785829315,0.5162418387450337,0.9045929500668268,666.0,576.0,1242.0,1.0,0.7334943639291466,335.0,399.0,0.321256038647343,0.26972624798711753,911.0,0.305159165751921,1.0,0.9122807017543859,71.69999999999999,0.05772946859903381,0.21402985074626862,95.91999999999999,-24.22,0.19294685990338162,0.0,0.09454172229548724,0.16988727858293076,0.8423623213734643,0.8128654970760234,0.029496824297440938
catboost,0.135,0.0,0.0,1242.0,1.0,0.7492492492492493,0.7152777777777778,0.7322635135135136,0.7334943639291466,0.7334943639291466,0.5362318840579711,0.463768115942029,0.5793880837359099,0.4314090177133656,1242.0,666.0,576.0,0.7925585539117999,0.1880518726271942,0.5602134885564686,0.46698872785829315,0.5162418387450337,0.9045929500668268,666.0,576.0,1242.0,1.0,0.7334943639291466,304.0,358.0,0.2882447665056361,0.24476650563607086,911.0,0.27661909989023054,1.0,0.9038461538461539,67.36,0.05423510466988728,0.22157894736842104,88.43,-21.07,0.17039452495974236,0.0,0.09454172229548724,0.16988727858293076,0.8476400064301274,0.8235294117647058,0.024110594665421536
catboost,0.14,0.0,0.0,1242.0,1.0,0.7492492492492493,0.7152777777777778,0.7322635135135136,0.7334943639291466,0.7334943639291466,0.5362318840579711,0.463768115942029,0.5793880837359099,0.4314090177133656,1242.0,666.0,576.0,0.7925585539117999,0.1880518726271942,0.5602134885564686,0.46698872785829315,0.5162418387450337,0.9045929500668268,666.0,576.0,1242.0,1.0,0.7334943639291466,259.0,296.0,0.23832528180354268,0.20853462157809985,911.0,0.23710208562019758,1.0,0.9302325581395349,59.459999999999994,0.047874396135265694,0.22957528957528958,78.14,-18.68,0.1406280193236715,0.0,0.09454172229548724,0.16988727858293076,0.871091768221635,0.8537549407114624,0.017336827510172625
catboost,0.145,0.0,0.0,1242.0,1.0,0.7492492492492493,0.7152777777777778,0.7322635135135136,0.7334943639291466,0.7334943639291466,0.5362318840579711,0.463768115942029,0.5793880837359099,0.4314090177133656,1242.0,666.0,576.0,0.7925585539117999,0.1880518726271942,0.5602134885564686,0.46698872785829315,0.5162418387450337,0.9045929500668268,666.0,576.0,1242.0,1.0,0.7334943639291466,258.0,292.0,0.23510466988727857,0.20772946859903382,911.0,0.23600439077936333,1.0,0.9302325581395349,59.17,0.047640901771336557,0.22934108527131783,77.85,-18.68,0.1389049919484702,0.0,0.09454172229548724,0.16988727858293076,0.8759835983542597,0.8634538152610441,0.012529783093215507
catboost,0.15,0.0,0.0,1242.0,1.0,0.7492492492492493,0.7152777777777778,0.7322635135135136,0.7334943639291466,0.7334943639291466,0.5362318840579711,0.463768115942029,0.5793880837359099,0.4314090177133656,1242.0,666.0,576.0,0.7925585539117999,0.1880518726271942,0.5602134885564686,0.46698872785829315,0.5162418387450337,0.9045929500668268,666.0,576.0,1242.0,1.0,0.7334943639291466,236.0,267.0,0.21497584541062803,0.19001610305958133,911.0,0.21624588364434688,1.0,0.9230769230769231,56.03999999999999,0.0451207729468599,0.23745762711864404,72.38,-16.34,0.12521739130434784,0.0,0.09454172229548724,0.16988727858293076,0.8717783229218085,0.8640350877192983,0.00774323520251019
catboost,0.155,0.0,0.0,1242.0,1.0,0.7492492492492493,0.7152777777777778,0.7322635135135136,0.7334943639291466,0.7334943639291466,0.5362318840579711,0.463768115942029,0.5793880837359099,0.4314090177133656,1242.0,666.0,576.0,0.7925585539117999,0.1880518726271942,0.5602134885564686,0.46698872785829315,0.5162418387450337,0.9045929500668268,666.0,576.0,1242.0,1.0,0.7334943639291466,212.0,241.0,0.19404186795491143,0.1706924315619968,911.0,0.1964873765093304,1.0,0.9090909090909091,53.42999999999999,0.04301932367149758,0.2520283018867924,66.21,-12.78,0.11176328502415458,0.0,0.09454172229548724,0.16988727858293076,0.8663889161176783,0.8605769230769231,0.005811993040755192
catboost,0.16,0.0,0.0,1242.0,1.0,0.7492492492492493,0.7152777777777778,0.7322635135135136,0.7334943639291466,0.7334943639291466,0.5362318840579711,0.463768115942029,0.5793880837359099,0.4314090177133656,1242.0,666.0,576.0,0.7925585539117999,0.1880518726271942,0.5602134885564686,0.46698872785829315,0.5162418387450337,0.9045929500668268,666.0,576.0,1242.0,1.0,0.7334943639291466,196.0,222.0,0.178743961352657,0.15780998389694043,911.0,0.17892425905598244,1.0,0.9090909090909091,49.64,0.03996779388083736,0.25326530612244896,62.42,-12.78,0.10037842190016102,0.0,0.09454172229548724,0.16988727858293076,0.8692315135346248,0.8624338624338624,0.006797651100762359
catboost,0.165,0.0,0.0,1242.0,1.0,0.7492492492492493,0.7152777777777778,0.7322635135135136,0.7334943639291466,0.7334943639291466,0.5362318840579711,0.463768115942029,0.5793880837359099,0.4314090177133656,1242.0,666.0,576.0,0.7925585539117999,0.1880518726271942,0.5602134885564686,0.46698872785829315,0.5162418387450337,0.9045929500668268,666.0,576.0,1242.0,1.0,0.7334943639291466,187.0,210.0,0.16908212560386474,0.15056360708534622,911.0,0.17233809001097694,1.0,0.9,48.63,0.03915458937198068,0.2600534759358289,60.379999999999995,-11.75,0.09557165861513686,0.0,0.09454172229548724,0.16988727858293076,0.8773075799718562,0.8722222222222222,0.005085357749633923
catboost,0.17,0.0,0.0,1242.0,1.0,0.7492492492492493,0.7152777777777778,0.7322635135135136,0.7334943639291466,0.7334943639291466,0.5362318840579711,0.463768115942029,0.5793880837359099,0.4314090177133656,1242.0,666.0,576.0,0.7925585539117999,0.1880518726271942,0.5602134885564686,0.46698872785829315,0.5162418387450337,0.9045929500668268,666.0,576.0,1242.0,1.0,0.7334943639291466,177.0,200.0,0.1610305958132045,0.14251207729468598,911.0,0.16136114160263446,1.0,0.9,46.18,0.03718196457326892,0.26090395480225986,57.93,-11.75,0.08949275362318841,0.0,0.09454172229548724,0.16988727858293076,0.8720550846760828,0.8647058823529412,0.007349202323141624
catboost,0.175,0.0,0.0,1242.0,1.0,0.7492492492492493,0.7152777777777778,0.7322635135135136,0.7334943639291466,0.7334943639291466,0.5362318840579711,0.463768115942029,0.5793880837359099,0.4314090177133656,1242.0,666.0,576.0,0.7925585539117999,0.1880518726271942,0.5602134885564686,0.46698872785829315,0.5162418387450337,0.9045929500668268,666.0,576.0,1242.0,1.0,0.7334943639291466,173.0,195.0,0.1570048309178744,0.1392914653784219,911.0,0.15697036223929747,1.0,0.9,44.42,0.03576489533011272,0.25676300578034683,56.17,-11.75,0.08735909822866345,0.0,0.09454172229548724,0.16988727858293076,0.8739289490536138,0.8666666666666667,0.00726228238694715
catboost,0.18,0.0,0.0,1242.0,1.0,0.7492492492492493,0.7152777777777778,0.7322635135135136,0.7334943639291466,0.7334943639291466,0.5362318840579711,0.463768115942029,0.5793880837359099,0.4314090177133656,1242.0,666.0,576.0,0.7925585539117999,0.1880518726271942,0.5602134885564686,0.46698872785829315,0.5162418387450337,0.9045929500668268,666.0,576.0,1242.0,1.0,0.7334943639291466,166.0,184.0,0.14814814814814814,0.13365539452495975,911.0,0.1525795828759605,1.0,0.8888888888888888,43.89,0.035338164251207727,0.2643975903614457,54.01,-10.120000000000001,0.08344605475040258,0.0,0.09454172229548724,0.16988727858293076,0.8812438002654595,0.8853503184713376,-0.004106518205878151
catboost,0.185,0.0,0.0,1242.0,1.0,0.7492492492492493,0.7152777777777778,0.7322635135135136,0.7334943639291466,0.7334943639291466,0.5362318840579711,0.463768115942029,0.5793880837359099,0.4314090177133656,1242.0,666.0,576.0,0.7925585539117999,0.1880518726271942,0.5602134885564686,0.46698872785829315,0.5162418387450337,0.9045929500668268,666.0,576.0,1242.0,1.0,0.7334943639291466,155.0,169.0,0.1360708534621578,0.1247987117552335,911.0,0.14050493962678376,1.0,0.8888888888888888,40.8,0.032850241545893714,0.26322580645161286,50.919999999999995,-10.120000000000001,0.07551529790660226,0.0,0.09454172229548724,0.16988727858293076,0.8874288170865671,0.9014084507042254,-0.013979633617658305
catboost,0.19,0.0,0.0,1242.0,1.0,0.7492492492492493,0.7152777777777778,0.7322635135135136,0.7334943639291466,0.7334943639291466,0.5362318840579711,0.463768115942029,0.5793880837359099,0.4314090177133656,1242.0,666.0,576.0,0.7925585539117999,0.1880518726271942,0.5602134885564686,0.46698872785829315,0.5162418387450337,0.9045929500668268,666.0,576.0,1242.0,1.0,0.7334943639291466,131.0,144.0,0.11594202898550725,0.10547504025764895,911.0,0.1163556531284303,1.0,0.88,36.339999999999996,0.029259259259259256,0.2774045801526717,45.489999999999995,-9.15,0.06082125603864734,0.0,0.09454172229548724,0.16988727858293076,0.8915523713120393,0.8907563025210085,0.0007960687910308906
catboost,0.195,0.0,0.0,1242.0,1.0,0.7492492492492493,0.7152777777777778,0.7322635135135136,0.7334943639291466,0.7334943639291466,0.5362318840579711,0.463768115942029,0.5793880837359099,0.4314090177133656,1242.0,666.0,576.0,0.7925585539117999,0.1880518726271942,0.5602134885564686,0.46698872785829315,0.5162418387450337,0.9045929500668268,666.0,576.0,1242.0,1.0,0.7334943639291466,127.0,138.0,0.1111111111111111,0.10225442834138486,911.0,0.11306256860592755,1.0,0.875,35.58,0.028647342995169082,0.28015748031496074,44.37,-8.79,0.05811594202898551,0.0,0.09454172229548724,0.16988727858293076,0.8934625630362516,0.9035087719298246,-0.010046208893572994
catboost,0.2,0.0,0.0,1242.0,1.0,0.7492492492492493,0.7152777777777778,0.7322635135135136,0.7334943639291466,0.7334943639291466,0.5362318840579711,0.463768115942029,0.5793880837359099,0.4314090177133656,1242.0,666.0,576.0,0.7925585539117999,0.1880518726271942,0.5602134885564686,0.46698872785829315,0.5162418387450337,0.9045929500668268,666.0,576.0,1242.0,1.0,0.7334943639291466,122.0,132.0,0.10628019323671498,0.09822866344605476,911.0,0.10867178924259056,1.0,0.8695652173913043,35.17999999999999,0.028325281803542667,0.2883606557377049,43.26,-8.08,0.05476650563607085,0.0,0.09454172229548724,0.16988727858293076,0.894451636221469,0.908256880733945,-0.013805244512476
catboost,-0.25,1.0,0.0,1242.0,1.0,0.7492492492492493,0.7152777777777778,0.7322635135135136,0.7334943639291466,0.7334943639291466,0.5362318840579711,0.463768115942029,0.5793880837359099,0.4314090177133656,1242.0,666.0,576.0,0.7925585539117999,0.1880518726271942,0.5602134885564686,0.46698872785829315,0.5162418387450337,0.9045929500668268,666.0,576.0,1242.0,1.0,0.7334943639291466,996.0,1242.0,1.0,0.8019323671497585,911.0,0.7299670691547749,1.0,0.9154078549848943,79.44,0.06396135265700482,0.07975903614457831,211.14999999999998,-131.71,0.5273913043478261,0.61,0.06038093407513404,0.3132045088566828,0.7219512379567792,0.7299670691547749,-0.00801583119799576
catboost,-0.245,1.0,0.0,1242.0,1.0,0.7492492492492493,0.7152777777777778,0.7322635135135136,0.7334943639291466,0.7334943639291466,0.5362318840579711,0.463768115942029,0.5793880837359099,0.4314090177133656,1242.0,666.0,576.0,0.7925585539117999,0.1880518726271942,0.5602134885564686,0.46698872785829315,0.5162418387450337,0.9045929500668268,666.0,576.0,1242.0,1.0,0.7334943639291466,996.0,1242.0,1.0,0.8019323671497585,911.0,0.7299670691547749,1.0,0.9154078549848943,79.44,0.06396135265700482,0.07975903614457831,211.14999999999998,-131.71,0.5273913043478261,0.61,0.06038093407513404,0.3132045088566828,0.7219512379567792,0.7299670691547749,-0.00801583119799576
catboost,-0.24,1.0,0.0,1242.0,1.0,0.7492492492492493,0.7152777777777778,0.7322635135135136,0.7334943639291466,0.7334943639291466,0.5362318840579711,0.463768115942029,0.5793880837359099,0.4314090177133656,1242.0,666.0,576.0,0.7925585539117999,0.1880518726271942,0.5602134885564686,0.46698872785829315,0.5162418387450337,0.9045929500668268,666.0,576.0,1242.0,1.0,0.7334943639291466,996.0,1242.0,1.0,0.8019323671497585,911.0,0.7299670691547749,1.0,0.9154078549848943,79.44,0.06396135265700482,0.07975903614457831,211.14999999999998,-131.71,0.5273913043478261,0.61,0.06038093407513404,0.3132045088566828,0.7219512379567792,0.7299670691547749,-0.00801583119799576
catboost,-0.235,1.0,0.0,1242.0,1.0,0.7492492492492493,0.7152777777777778,0.7322635135135136,0.7334943639291466,0.7334943639291466,0.5362318840579711,0.463768115942029,0.5793880837359099,0.4314090177133656,1242.0,666.0,576.0,0.7925585539117999,0.1880518726271942,0.5602134885564686,0.46698872785829315,0.5162418387450337,0.9045929500668268,666.0,576.0,1242.0,1.0,0.7334943639291466,996.0,1242.0,1.0,0.8019323671497585,911.0,0.7299670691547749,1.0,0.9154078549848943,79.44,0.06396135265700482,0.07975903614457831,211.14999999999998,-131.71,0.5273913043478261,0.61,0.06038093407513404,0.3132045088566828,0.7219512379567792,0.7299670691547749,-0.00801583119799576
catboost,-0.23,1.0,0.0,1242.0,1.0,0.7492492492492493,0.7152777777777778,0.7322635135135136,0.7334943639291466,0.7334943639291466,0.5362318840579711,0.463768115942029,0.5793880837359099,0.4314090177133656,1242.0,666.0,576.0,0.7925585539117999,0.1880518726271942,0.5602134885564686,0.46698872785829315,0.5162418387450337,0.9045929500668268,666.0,576.0,1242.0,1.0,0.7334943639291466,996.0,1242.0,1.0,0.8019323671497585,911.0,0.7299670691547749,1.0,0.9154078549848943,79.44,0.06396135265700482,0.07975903614457831,211.14999999999998,-131.71,0.5273913043478261,0.61,0.06038093407513404,0.3132045088566828,0.7219512379567792,0.7299670691547749,-0.00801583119799576
catboost,-0.225,1.0,0.0,1242.0,1.0,0.7492492492492493,0.7152777777777778,0.7322635135135136,0.7334943639291466,0.7334943639291466,0.5362318840579711,0.463768115942029,0.5793880837359099,0.4314090177133656,1242.0,666.0,576.0,0.7925585539117999,0.1880518726271942,0.5602134885564686,0.46698872785829315,0.5162418387450337,0.9045929500668268,666.0,576.0,1242.0,1.0,0.7334943639291466,996.0,1242.0,1.0,0.8019323671497585,911.0,0.7299670691547749,1.0,0.9154078549848943,79.44,0.06396135265700482,0.07975903614457831,211.14999999999998,-131.71,0.5273913043478261,0.61,0.06038093407513404,0.3132045088566828,0.7219512379567792,0.7299670691547749,-0.00801583119799576
catboost,-0.22,1.0,0.0,1242.0,1.0,0.7492492492492493,0.7152777777777778,0.7322635135135136,0.7334943639291466,0.7334943639291466,0.5362318840579711,0.463768115942029,0.5793880837359099,0.4314090177133656,1242.0,666.0,576.0,0.7925585539117999,0.1880518726271942,0.5602134885564686,0.46698872785829315,0.5162418387450337,0.9045929500668268,666.0,576.0,1242.0,1.0,0.7334943639291466,996.0,1242.0,1.0,0.8019323671497585,911.0,0.7299670691547749,1.0,0.9154078549848943,79.44,0.06396135265700482,0.07975903614457831,211.14999999999998,-131.71,0.5273913043478261,0.61,0.06038093407513404,0.3132045088566828,0.7219512379567792,0.7299670691547749,-0.00801583119799576
catboost,-0.215,1.0,0.0,1242.0,1.0,0.7492492492492493,0.7152777777777778,0.7322635135135136,0.7334943639291466,0.7334943639291466,0.5362318840579711,0.463768115942029,0.5793880837359099,0.4314090177133656,1242.0,666.0,576.0,0.7925585539117999,0.1880518726271942,0.5602134885564686,0.46698872785829315,0.5162418387450337,0.9045929500668268,666.0,576.0,1242.0,1.0,0.7334943639291466,996.0,1242.0,1.0,0.8019323671497585,911.0,0.7299670691547749,1.0,0.9154078549848943,79.44,0.06396135265700482,0.07975903614457831,211.14999999999998,-131.71,0.5273913043478261,0.61,0.06038093407513404,0.3132045088566828,0.7219512379567792,0.7299670691547749,-0.00801583119799576
catboost,-0.21,1.0,0.0,1242.0,1.0,0.7492492492492493,0.7152777777777778,0.7322635135135136,0.7334943639291466,0.7334943639291466,0.5362318840579711,0.463768115942029,0.5793880837359099,0.4314090177133656,1242.0,666.0,576.0,0.7925585539117999,0.1880518726271942,0.5602134885564686,0.46698872785829315,0.5162418387450337,0.9045929500668268,666.0,576.0,1242.0,1.0,0.7334943639291466,996.0,1242.0,1.0,0.8019323671497585,911.0,0.7299670691547749,1.0,0.9154078549848943,79.44,0.06396135265700482,0.07975903614457831,211.14999999999998,-131.71,0.5273913043478261,0.61,0.06038093407513404,0.3132045088566828,0.7219512379567792,0.7299670691547749,-0.00801583119799576
catboost,-0.205,1.0,0.0,1242.0,1.0,0.7492492492492493,0.7152777777777778,0.7322635135135136,0.7334943639291466,0.7334943639291466,0.5362318840579711,0.463768115942029,0.5793880837359099,0.4314090177133656,1242.0,666.0,576.0,0.7925585539117999,0.1880518726271942,0.5602134885564686,0.46698872785829315,0.5162418387450337,0.9045929500668268,666.0,576.0,1242.0,1.0,0.7334943639291466,996.0,1242.0,1.0,0.8019323671497585,911.0,0.7299670691547749,1.0,0.9154078549848943,79.44,0.06396135265700482,0.07975903614457831,211.14999999999998,-131.71,0.5273913043478261,0.61,0.06038093407513404,0.3132045088566828,0.7219512379567792,0.7299670691547749,-0.00801583119799576
catboost,-0.2,1.0,0.0,1242.0,1.0,0.7492492492492493,0.7152777777777778,0.7322635135135136,0.7334943639291466,0.7334943639291466,0.5362318840579711,0.463768115942029,0.5793880837359099,0.4314090177133656,1242.0,666.0,576.0,0.7925585539117999,0.1880518726271942,0.5602134885564686,0.46698872785829315,0.5162418387450337,0.9045929500668268,666.0,576.0,1242.0,1.0,0.7334943639291466,996.0,1242.0,1.0,0.8019323671497585,911.0,0.7299670691547749,1.0,0.9154078549848943,79.44,0.06396135265700482,0.07975903614457831,211.14999999999998,-131.71,0.5273913043478261,0.61,0.06038093407513404,0.3132045088566828,0.7219512379567792,0.7299670691547749,-0.00801583119799576
catboost,-0.195,1.0,0.0,1242.0,1.0,0.7492492492492493,0.7152777777777778,0.7322635135135136,0.7334943639291466,0.7334943639291466,0.5362318840579711,0.463768115942029,0.5793880837359099,0.4314090177133656,1242.0,666.0,576.0,0.7925585539117999,0.1880518726271942,0.5602134885564686,0.46698872785829315,0.5162418387450337,0.9045929500668268,666.0,576.0,1242.0,1.0,0.7334943639291466,996.0,1242.0,1.0,0.8019323671497585,911.0,0.7299670691547749,1.0,0.9154078549848943,79.44,0.06396135265700482,0.07975903614457831,211.14999999999998,-131.71,0.5273913043478261,0.61,0.06038093407513404,0.3132045088566828,0.7219512379567792,0.7299670691547749,-0.00801583119799576
catboost,-0.19,1.0,0.0,1242.0,1.0,0.7492492492492493,0.7152777777777778,0.7322635135135136,0.7334943639291466,0.7334943639291466,0.5362318840579711,0.463768115942029,0.5793880837359099,0.4314090177133656,1242.0,666.0,576.0,0.7925585539117999,0.1880518726271942,0.5602134885564686,0.46698872785829315,0.5162418387450337,0.9045929500668268,666.0,576.0,1242.0,1.0,0.7334943639291466,996.0,1242.0,1.0,0.8019323671497585,911.0,0.7299670691547749,1.0,0.9154078549848943,79.44,0.06396135265700482,0.07975903614457831,211.14999999999998,-131.71,0.5273913043478261,0.61,0.06038093407513404,0.3132045088566828,0.7219512379567792,0.7299670691547749,-0.00801583119799576
catboost,-0.185,1.0,0.0,1242.0,1.0,0.7492492492492493,0.7152777777777778,0.7322635135135136,0.7334943639291466,0.7334943639291466,0.5362318840579711,0.463768115942029,0.5793880837359099,0.4314090177133656,1242.0,666.0,576.0,0.7925585539117999,0.1880518726271942,0.5602134885564686,0.46698872785829315,0.5162418387450337,0.9045929500668268,666.0,576.0,1242.0,1.0,0.7334943639291466,996.0,1242.0,1.0,0.8019323671497585,911.0,0.7299670691547749,1.0,0.9154078549848943,79.44,0.06396135265700482,0.07975903614457831,211.14999999999998,-131.71,0.5273913043478261,0.61,0.06038093407513404,0.3132045088566828,0.7219512379567792,0.7299670691547749,-0.00801583119799576
catboost,-0.18,1.0,0.0,1242.0,1.0,0.7492492492492493,0.7152777777777778,0.7322635135135136,0.7334943639291466,0.7334943639291466,0.5362318840579711,0.463768115942029,0.5793880837359099,0.4314090177133656,1242.0,666.0,576.0,0.7925585539117999,0.1880518726271942,0.5602134885564686,0.46698872785829315,0.5162418387450337,0.9045929500668268,666.0,576.0,1242.0,1.0,0.7334943639291466,996.0,1242.0,1.0,0.8019323671497585,911.0,0.7299670691547749,1.0,0.9154078549848943,79.44,0.06396135265700482,0.07975903614457831,211.14999999999998,-131.71,0.5273913043478261,0.61,0.06038093407513404,0.3132045088566828,0.7219512379567792,0.7299670691547749,-0.00801583119799576
catboost,-0.175,1.0,0.0,1242.0,1.0,0.7492492492492493,0.7152777777777778,0.7322635135135136,0.7334943639291466,0.7334943639291466,0.5362318840579711,0.463768115942029,0.5793880837359099,0.4314090177133656,1242.0,666.0,576.0,0.7925585539117999,0.1880518726271942,0.5602134885564686,0.46698872785829315,0.5162418387450337,0.9045929500668268,666.0,576.0,1242.0,1.0,0.7334943639291466,996.0,1242.0,1.0,0.8019323671497585,911.0,0.7299670691547749,1.0,0.9154078549848943,79.44,0.06396135265700482,0.07975903614457831,211.14999999999998,-131.71,0.5273913043478261,0.61,0.06038093407513404,0.3132045088566828,0.7219512379567792,0.7299670691547749,-0.00801583119799576
catboost,-0.17,1.0,0.0,1242.0,1.0,0.7492492492492493,0.7152777777777778,0.7322635135135136,0.7334943639291466,0.7334943639291466,0.5362318840579711,0.463768115942029,0.5793880837359099,0.4314090177133656,1242.0,666.0,576.0,0.7925585539117999,0.1880518726271942,0.5602134885564686,0.46698872785829315,0.5162418387450337,0.9045929500668268,666.0,576.0,1242.0,1.0,0.7334943639291466,996.0,1242.0,1.0,0.8019323671497585,911.0,0.7299670691547749,1.0,0.9154078549848943,79.44,0.06396135265700482,0.07975903614457831,211.14999999999998,-131.71,0.5273913043478261,0.61,0.06038093407513404,0.3132045088566828,0.7219512379567792,0.7299670691547749,-0.00801583119799576
catboost,-0.165,1.0,0.0,1242.0,1.0,0.7492492492492493,0.7152777777777778,0.7322635135135136,0.7334943639291466,0.7334943639291466,0.5362318840579711,0.463768115942029,0.5793880837359099,0.4314090177133656,1242.0,666.0,576.0,0.7925585539117999,0.1880518726271942,0.5602134885564686,0.46698872785829315,0.5162418387450337,0.9045929500668268,666.0,576.0,1242.0,1.0,0.7334943639291466,996.0,1242.0,1.0,0.8019323671497585,911.0,0.7299670691547749,1.0,0.9154078549848943,79.44,0.06396135265700482,0.07975903614457831,211.14999999999998,-131.71,0.5273913043478261,0.61,0.06038093407513404,0.3132045088566828,0.7219512379567792,0.7299670691547749,-0.00801583119799576
catboost,-0.16,1.0,0.0,1242.0,1.0,0.7492492492492493,0.7152777777777778,0.7322635135135136,0.7334943639291466,0.7334943639291466,0.5362318840579711,0.463768115942029,0.5793880837359099,0.4314090177133656,1242.0,666.0,576.0,0.7925585539117999,0.1880518726271942,0.5602134885564686,0.46698872785829315,0.5162418387450337,0.9045929500668268,666.0,576.0,1242.0,1.0,0.7334943639291466,996.0,1242.0,1.0,0.8019323671497585,911.0,0.7299670691547749,1.0,0.9154078549848943,79.44,0.06396135265700482,0.07975903614457831,211.14999999999998,-131.71,0.5273913043478261,0.61,0.06038093407513404,0.3132045088566828,0.7219512379567792,0.7299670691547749,-0.00801583119799576
catboost,-0.155,1.0,0.0,1242.0,1.0,0.7492492492492493,0.7152777777777778,0.7322635135135136,0.7334943639291466,0.7334943639291466,0.5362318840579711,0.463768115942029,0.5793880837359099,0.4314090177133656,1242.0,666.0,576.0,0.7925585539117999,0.1880518726271942,0.5602134885564686,0.46698872785829315,0.5162418387450337,0.9045929500668268,666.0,576.0,1242.0,1.0,0.7334943639291466,996.0,1242.0,1.0,0.8019323671497585,911.0,0.7299670691547749,1.0,0.9154078549848943,79.44,0.06396135265700482,0.07975903614457831,211.14999999999998,-131.71,0.5273913043478261,0.61,0.06038093407513404,0.3132045088566828,0.7219512379567792,0.7299670691547749,-0.00801583119799576
catboost,-0.15,1.0,0.0,1242.0,1.0,0.7492492492492493,0.7152777777777778,0.7322635135135136,0.7334943639291466,0.7334943639291466,0.5362318840579711,0.463768115942029,0.5793880837359099,0.4314090177133656,1242.0,666.0,576.0,0.7925585539117999,0.1880518726271942,0.5602134885564686,0.46698872785829315,0.5162418387450337,0.9045929500668268,666.0,576.0,1242.0,1.0,0.7334943639291466,996.0,1242.0,1.0,0.8019323671497585,911.0,0.7299670691547749,1.0,0.9154078549848943,79.44,0.06396135265700482,0.07975903614457831,211.14999999999998,-131.71,0.5273913043478261,0.61,0.06038093407513404,0.3132045088566828,0.7219512379567792,0.7299670691547749,-0.00801583119799576
catboost,-0.145,1.0,0.0,1242.0,1.0,0.7492492492492493,0.7152777777777778,0.7322635135135136,0.7334943639291466,0.7334943639291466,0.5362318840579711,0.463768115942029,0.5793880837359099,0.4314090177133656,1242.0,666.0,576.0,0.7925585539117999,0.1880518726271942,0.5602134885564686,0.46698872785829315,0.5162418387450337,0.9045929500668268,666.0,576.0,1242.0,1.0,0.7334943639291466,996.0,1242.0,1.0,0.8019323671497585,911.0,0.7299670691547749,1.0,0.9154078549848943,79.44,0.06396135265700482,0.07975903614457831,211.14999999999998,-131.71,0.5273913043478261,0.61,0.06038093407513404,0.3132045088566828,0.7219512379567792,0.7299670691547749,-0.00801583119799576
catboost,-0.14,1.0,0.0,1242.0,1.0,0.7492492492492493,0.7152777777777778,0.7322635135135136,0.7334943639291466,0.7334943639291466,0.5362318840579711,0.463768115942029,0.5793880837359099,0.4314090177133656,1242.0,666.0,576.0,0.7925585539117999,0.1880518726271942,0.5602134885564686,0.46698872785829315,0.5162418387450337,0.9045929500668268,666.0,576.0,1242.0,1.0,0.7334943639291466,996.0,1242.0,1.0,0.8019323671497585,911.0,0.7299670691547749,1.0,0.9154078549848943,79.44,0.06396135265700482,0.07975903614457831,211.14999999999998,-131.71,0.5273913043478261,0.61,0.06038093407513404,0.3132045088566828,0.7219512379567792,0.7299670691547749,-0.00801583119799576
catboost,-0.135,1.0,0.0,1242.0,1.0,0.7492492492492493,0.7152777777777778,0.7322635135135136,0.7334943639291466,0.7334943639291466,0.5362318840579711,0.463768115942029,0.5793880837359099,0.4314090177133656,1242.0,666.0,576.0,0.7925585539117999,0.1880518726271942,0.5602134885564686,0.46698872785829315,0.5162418387450337,0.9045929500668268,666.0,576.0,1242.0,1.0,0.7334943639291466,996.0,1242.0,1.0,0.8019323671497585,911.0,0.7299670691547749,1.0,0.9154078549848943,79.44,0.06396135265700482,0.07975903614457831,211.14999999999998,-131.71,0.5273913043478261,0.61,0.06038093407513404,0.3132045088566828,0.7219512379567792,0.7299670691547749,-0.00801583119799576
catboost,-0.13,1.0,0.0,1242.0,1.0,0.7492492492492493,0.7152777777777778,0.7322635135135136,0.7334943639291466,0.7334943639291466,0.5362318840579711,0.463768115942029,0.5793880837359099,0.4314090177133656,1242.0,666.0,576.0,0.7925585539117999,0.1880518726271942,0.5602134885564686,0.46698872785829315,0.5162418387450337,0.9045929500668268,666.0,576.0,1242.0,1.0,0.7334943639291466,996.0,1242.0,1.0,0.8019323671497585,911.0,0.7299670691547749,1.0,0.9154078549848943,79.44,0.06396135265700482,0.07975903614457831,211.14999999999998,-131.71,0.5273913043478261,0.61,0.06038093407513404,0.3132045088566828,0.7219512379567792,0.7299670691547749,-0.00801583119799576
catboost,-0.125,1.0,0.0,1242.0,1.0,0.7492492492492493,0.7152777777777778,0.7322635135135136,0.7334943639291466,0.7334943639291466,0.5362318840579711,0.463768115942029,0.5793880837359099,0.4314090177133656,1242.0,666.0,576.0,0.7925585539117999,0.1880518726271942,0.5602134885564686,0.46698872785829315,0.5162418387450337,0.9045929500668268,666.0,576.0,1242.0,1.0,0.7334943639291466,996.0,1242.0,1.0,0.8019323671497585,911.0,0.7299670691547749,1.0,0.9154078549848943,79.44,0.06396135265700482,0.07975903614457831,211.14999999999998,-131.71,0.5273913043478261,0.61,0.06038093407513404,0.3132045088566828,0.7219512379567792,0.7299670691547749,-0.00801583119799576
catboost,-0.12,1.0,0.0,1242.0,1.0,0.7492492492492493,0.7152777777777778,0.7322635135135136,0.7334943639291466,0.7334943639291466,0.5362318840579711,0.463768115942029,0.5793880837359099,0.4314090177133656,1242.0,666.0,576.0,0.7925585539117999,0.1880518726271942,0.5602134885564686,0.46698872785829315,0.5162418387450337,0.9045929500668268,666.0,576.0,1242.0,1.0,0.7334943639291466,996.0,1242.0,1.0,0.8019323671497585,911.0,0.7299670691547749,1.0,0.9154078549848943,79.44,0.06396135265700482,0.07975903614457831,211.14999999999998,-131.71,0.5273913043478261,0.61,0.06038093407513404,0.3132045088566828,0.7219512379567792,0.7299670691547749,-0.00801583119799576
catboost,-0.115,1.0,0.0,1242.0,1.0,0.7492492492492493,0.7152777777777778,0.7322635135135136,0.7334943639291466,0.7334943639291466,0.5362318840579711,0.463768115942029,0.5793880837359099,0.4314090177133656,1242.0,666.0,576.0,0.7925585539117999,0.1880518726271942,0.5602134885564686,0.46698872785829315,0.5162418387450337,0.9045929500668268,666.0,576.0,1242.0,1.0,0.7334943639291466,996.0,1242.0,1.0,0.8019323671497585,911.0,0.7299670691547749,1.0,0.9154078549848943,79.44,0.06396135265700482,0.07975903614457831,211.14999999999998,-131.71,0.5273913043478261,0.61,0.06038093407513404,0.3132045088566828,0.7219512379567792,0.7299670691547749,-0.00801583119799576
catboost,-0.11,1.0,0.0,1242.0,1.0,0.7492492492492493,0.7152777777777778,0.7322635135135136,0.7334943639291466,0.7334943639291466,0.5362318840579711,0.463768115942029,0.5793880837359099,0.4314090177133656,1242.0,666.0,576.0,0.7925585539117999,0.1880518726271942,0.5602134885564686,0.46698872785829315,0.5162418387450337,0.9045929500668268,666.0,576.0,1242.0,1.0,0.7334943639291466,996.0,1242.0,1.0,0.8019323671497585,911.0,0.7299670691547749,1.0,0.9154078549848943,79.44,0.06396135265700482,0.07975903614457831,211.14999999999998,-131.71,0.5273913043478261,0.61,0.06038093407513404,0.3132045088566828,0.7219512379567792,0.7299670691547749,-0.00801583119799576
catboost,-0.105,1.0,0.0,1242.0,1.0,0.7492492492492493,0.7152777777777778,0.7322635135135136,0.7334943639291466,0.7334943639291466,0.5362318840579711,0.463768115942029,0.5793880837359099,0.4314090177133656,1242.0,666.0,576.0,0.7925585539117999,0.1880518726271942,0.5602134885564686,0.46698872785829315,0.5162418387450337,0.9045929500668268,666.0,576.0,1242.0,1.0,0.7334943639291466,996.0,1242.0,1.0,0.8019323671497585,911.0,0.7299670691547749,1.0,0.9154078549848943,79.44,0.06396135265700482,0.07975903614457831,211.14999999999998,-131.71,0.5273913043478261,0.61,0.06038093407513404,0.3132045088566828,0.7219512379567792,0.7299670691547749,-0.00801583119799576
catboost,-0.1,1.0,0.0,1242.0,1.0,0.7492492492492493,0.7152777777777778,0.7322635135135136,0.7334943639291466,0.7334943639291466,0.5362318840579711,0.463768115942029,0.5793880837359099,0.4314090177133656,1242.0,666.0,576.0,0.7925585539117999,0.1880518726271942,0.5602134885564686,0.46698872785829315,0.5162418387450337,0.9045929500668268,666.0,576.0,1242.0,1.0,0.7334943639291466,996.0,1242.0,1.0,0.8019323671497585,911.0,0.7299670691547749,1.0,0.9154078549848943,79.44,0.06396135265700482,0.07975903614457831,211.14999999999998,-131.71,0.5273913043478261,0.61,0.06038093407513404,0.3132045088566828,0.7219512379567792,0.7299670691547749,-0.00801583119799576
catboost,-0.095,1.0,0.0,1242.0,1.0,0.7492492492492493,0.7152777777777778,0.7322635135135136,0.7334943639291466,0.7334943639291466,0.5362318840579711,0.463768115942029,0.5793880837359099,0.4314090177133656,1242.0,666.0,576.0,0.7925585539117999,0.1880518726271942,0.5602134885564686,0.46698872785829315,0.5162418387450337,0.9045929500668268,666.0,576.0,1242.0,1.0,0.7334943639291466,996.0,1242.0,1.0,0.8019323671497585,911.0,0.7299670691547749,1.0,0.9154078549848943,79.44,0.06396135265700482,0.07975903614457831,211.14999999999998,-131.71,0.5273913043478261,0.61,0.06038093407513404,0.3132045088566828,0.7219512379567792,0.7299670691547749,-0.00801583119799576
catboost,-0.09,1.0,0.0,1242.0,1.0,0.7492492492492493,0.7152777777777778,0.7322635135135136,0.7334943639291466,0.7334943639291466,0.5362318840579711,0.463768115942029,0.5793880837359099,0.4314090177133656,1242.0,666.0,576.0,0.7925585539117999,0.1880518726271942,0.5602134885564686,0.46698872785829315,0.5162418387450337,0.9045929500668268,666.0,576.0,1242.0,1.0,0.7334943639291466,996.0,1242.0,1.0,0.8019323671497585,911.0,0.7299670691547749,1.0,0.9154078549848943,79.44,0.06396135265700482,0.07975903614457831,211.14999999999998,-131.71,0.5273913043478261,0.61,0.06038093407513404,0.3132045088566828,0.7219512379567792,0.7299670691547749,-0.00801583119799576
catboost,-0.085,1.0,0.0,1242.0,1.0,0.7492492492492493,0.7152777777777778,0.7322635135135136,0.7334943639291466,0.7334943639291466,0.5362318840579711,0.463768115942029,0.5793880837359099,0.4314090177133656,1242.0,666.0,576.0,0.7925585539117999,0.1880518726271942,0.5602134885564686,0.46698872785829315,0.5162418387450337,0.9045929500668268,666.0,576.0,1242.0,1.0,0.7334943639291466,996.0,1242.0,1.0,0.8019323671497585,911.0,0.7299670691547749,1.0,0.9154078549848943,79.44,0.06396135265700482,0.07975903614457831,211.14999999999998,-131.71,0.5273913043478261,0.61,0.06038093407513404,0.3132045088566828,0.7219512379567792,0.7299670691547749,-0.00801583119799576
catboost,-0.08,1.0,0.0,1242.0,1.0,0.7492492492492493,0.7152777777777778,0.7322635135135136,0.7334943639291466,0.7334943639291466,0.5362318840579711,0.463768115942029,0.5793880837359099,0.4314090177133656,1242.0,666.0,576.0,0.7925585539117999,0.1880518726271942,0.5602134885564686,0.46698872785829315,0.5162418387450337,0.9045929500668268,666.0,576.0,1242.0,1.0,0.7334943639291466,996.0,1241.0,0.999194847020934,0.8019323671497585,911.0,0.7299670691547749,1.0,0.9154078549848943,79.44,0.06396135265700482,0.07975903614457831,211.14999999999998,-131.71,0.5271417069243156,0.61,0.06038093407513404,0.3132045088566828,0.7221473621074244,0.7307692307692307,-0.008621868661806364
catboost,-0.075,1.0,0.0,1242.0,1.0,0.7492492492492493,0.7152777777777778,0.7322635135135136,0.7334943639291466,0.7334943639291466,0.5362318840579711,0.463768115942029,0.5793880837359099,0.4314090177133656,1242.0,666.0,576.0,0.7925585539117999,0.1880518726271942,0.5602134885564686,0.46698872785829315,0.5162418387450337,0.9045929500668268,666.0,576.0,1242.0,1.0,0.7334943639291466,994.0,1239.0,0.9975845410628019,0.8003220611916264,911.0,0.7299670691547749,1.0,0.9148936170212766,80.31,0.06466183574879228,0.08079476861167002,211.14999999999998,-130.84,0.5264412238325282,0.61,0.06038093407513404,0.3132045088566828,0.7221473621074244,0.7307692307692307,-0.008621868661806364
catboost,-0.07,1.0,0.0,1242.0,1.0,0.7492492492492493,0.7152777777777778,0.7322635135135136,0.7334943639291466,0.7334943639291466,0.5362318840579711,0.463768115942029,0.5793880837359099,0.4314090177133656,1242.0,666.0,576.0,0.7925585539117999,0.1880518726271942,0.5602134885564686,0.46698872785829315,0.5162418387450337,0.9045929500668268,666.0,576.0,1242.0,1.0,0.7334943639291466,993.0,1238.0,0.9967793880837359,0.7995169082125604,911.0,0.7299670691547749,1.0,0.9146341463414634,80.97,0.06519323671497584,0.08154078549848941,211.14999999999998,-130.18,0.5259098228663447,0.61,0.06038093407513404,0.3132045088566828,0.7221473621074244,0.7307692307692307,-0.008621868661806364
catboost,-0.065,1.0,0.0,1242.0,1.0,0.7492492492492493,0.7152777777777778,0.7322635135135136,0.7334943639291466,0.7334943639291466,0.5362318840579711,0.463768115942029,0.5793880837359099,0.4314090177133656,1242.0,666.0,576.0,0.7925585539117999,0.1880518726271942,0.5602134885564686,0.46698872785829315,0.5162418387450337,0.9045929500668268,666.0,576.0,1242.0,1.0,0.7334943639291466,993.0,1238.0,0.9967793880837359,0.7995169082125604,911.0,0.7299670691547749,1.0,0.9146341463414634,80.97,0.06519323671497584,0.08154078549848941,211.14999999999998,-130.18,0.5259098228663447,0.61,0.06038093407513404,0.3132045088566828,0.7221473621074244,0.7307692307692307,-0.008621868661806364
catboost,-0.06,1.0,0.0,1242.0,1.0,0.7492492492492493,0.7152777777777778,0.7322635135135136,0.7334943639291466,0.7334943639291466,0.5362318840579711,0.463768115942029,0.5793880837359099,0.4314090177133656,1242.0,666.0,576.0,0.7925585539117999,0.1880518726271942,0.5602134885564686,0.46698872785829315,0.5162418387450337,0.9045929500668268,666.0,576.0,1242.0,1.0,0.7334943639291466,991.0,1236.0,0.9951690821256038,0.7979066022544283,911.0,0.7299670691547749,1.0,0.9171779141104295,81.08999999999999,0.06528985507246376,0.08182643794147326,211.14999999999998,-130.06,0.5258132045088566,0.61,0.06038093407513404,0.3132045088566828,0.7221473621074244,0.7307692307692307,-0.008621868661806364
catboost,-0.055,1.0,0.0,1242.0,1.0,0.7492492492492493,0.7152777777777778,0.7322635135135136,0.7334943639291466,0.7334943639291466,0.5362318840579711,0.463768115942029,0.5793880837359099,0.4314090177133656,1242.0,666.0,576.0,0.7925585539117999,0.1880518726271942,0.5602134885564686,0.46698872785829315,0.5162418387450337,0.9045929500668268,666.0,576.0,1242.0,1.0,0.7334943639291466,990.0,1233.0,0.9927536231884058,0.7971014492753623,911.0,0.7299670691547749,1.0,0.916923076923077,81.5,0.06561996779388084,0.08232323232323233,211.14999999999998,-129.65,0.5248228663446055,0.61,0.06038093407513404,0.3132045088566828,0.7234348790307908,0.7323788546255506,-0.00894397559475979
catboost,-0.05,1.0,0.0,1242.0,1.0,0.7492492492492493,0.7152777777777778,0.7322635135135136,0.7334943639291466,0.7334943639291466,0.5362318840579711,0.463768115942029,0.5793880837359099,0.4314090177133656,1242.0,666.0,576.0,0.7925585539117999,0.1880518726271942,0.5602134885564686,0.46698872785829315,0.5162418387450337,0.9045929500668268,666.0,576.0,1242.0,1.0,0.7334943639291466,990.0,1233.0,0.9927536231884058,0.7971014492753623,911.0,0.7299670691547749,1.0,0.916923076923077,81.5,0.06561996779388084,0.08232323232323233,211.14999999999998,-129.65,0.5248228663446055,0.61,0.06038093407513404,0.3132045088566828,0.7234348790307908,0.7323788546255506,-0.00894397559475979
catboost,-0.045,1.0,0.0,1242.0,1.0,0.7492492492492493,0.7152777777777778,0.7322635135135136,0.7334943639291466,0.7334943639291466,0.5362318840579711,0.463768115942029,0.5793880837359099,0.4314090177133656,1242.0,666.0,576.0,0.7925585539117999,0.1880518726271942,0.5602134885564686,0.46698872785829315,0.5162418387450337,0.9045929500668268,666.0,576.0,1242.0,1.0,0.7334943639291466,988.0,1229.0,0.9895330112721417,0.7954911433172303,911.0,0.7299670691547749,1.0,0.9195046439628483,81.66999999999999,0.06575684380032205,0.08266194331983805,211.14999999999998,-129.48000000000002,0.5244685990338164,0.61,0.06038093407513404,0.3132045088566828,0.7249765395658664,0.7339955849889624,-0.009019045423096061
catboost,-0.04,1.0,0.0,1242.0,1.0,0.7492492492492493,0.7152777777777778,0.7322635135135136,0.7334943639291466,0.7334943639291466,0.5362318840579711,0.463768115942029,0.5793880837359099,0.4314090177133656,1242.0,666.0,576.0,0.7925585539117999,0.1880518726271942,0.5602134885564686,0.46698872785829315,0.5162418387450337,0.9045929500668268,666.0,576.0,1242.0,1.0,0.7334943639291466,978.0,1218.0,0.9806763285024155,0.7874396135265701,911.0,0.7299670691547749,1.0,0.9233226837060703,83.11999999999998,0.06692431561996777,0.08498977505112475,211.14999999999998,-128.03,0.5232528180354268,0.61,0.06038093407513404,0.3132045088566828,0.7257351196775839,0.7348066298342542,-0.009071510156670293
catboost,-0.035,1.0,0.0,1242.0,1.0,0.7492492492492493,0.7152777777777778,0.7322635135135136,0.7334943639291466,0.7334943639291466,0.5362318840579711,0.463768115942029,0.5793880837359099,0.4314090177133656,1242.0,666.0,576.0,0.7925585539117999,0.1880518726271942,0.5602134885564686,0.46698872785829315,0.5162418387450337,0.9045929500668268,666.0,576.0,1242.0,1.0,0.7334943639291466,955.0,1192.0,0.9597423510466989,0.7689210950080515,911.0,0.721185510428101,1.0,0.9395973154362416,83.04999999999998,0.06686795491143316,0.08696335078534032,207.77999999999997,-124.73000000000002,0.5162399355877617,0.61,0.06038093407513404,0.3132045088566828,0.7269276624659454,0.7348993288590604,-0.007971666393114973
catboost,-0.03,1.0,0.0,1242.0,1.0,0.7492492492492493,0.7152777777777778,0.7322635135135136,0.7334943639291466,0.7334943639291466,0.5362318840579711,0.463768115942029,0.5793880837359099,0.4314090177133656,1242.0,666.0,576.0,0.7925585539117999,0.1880518726271942,0.5602134885564686,0.46698872785829315,0.5162418387450337,0.9045929500668268,666.0,576.0,1242.0,1.0,0.7334943639291466,933.0,1163.0,0.9363929146537843,0.751207729468599,911.0,0.7058177826564215,1.0,0.9379310344827586,83.71999999999998,0.06740740740740739,0.08973204715969989,203.17000000000002,-119.45,0.5026006441223833,0.61,0.06038093407513404,0.3132045088566828,0.7281513330676109,0.736540664375716,-0.008389331308105041
catboost,-0.025,1.0,0.0,1242.0,1.0,0.7492492492492493,0.7152777777777778,0.7322635135135136,0.7334943639291466,0.7334943639291466,0.5362318840579711,0.463768115942029,0.5793880837359099,0.4314090177133656,1242.0,666.0,576.0,0.7925585539117999,0.1880518726271942,0.5602134885564686,0.46698872785829315,0.5162418387450337,0.9045929500668268,666.0,576.0,1242.0,1.0,0.7334943639291466,919.0,1136.0,0.9146537842190016,0.7399355877616747,911.0,0.7047200878155873,1.0,0.9422382671480144,84.66,0.06816425120772947,0.09212187159956474,202.48,-117.82000000000001,0.4998470209339774,0.61,0.06038093407513404,0.3132045088566828,0.7390212071620221,0.7473806752037253,-0.008359468041703177
catboost,-0.02,1.0,0.0,1242.0,1.0,0.7492492492492493,0.7152777777777778,0.7322635135135136,0.7334943639291466,0.7334943639291466,0.5362318840579711,0.463768115942029,0.5793880837359099,0.4314090177133656,1242.0,666.0,576.0,0.7925585539117999,0.1880518726271942,0.5602134885564686,0.46698872785829315,0.5162418387450337,0.9045929500668268,666.0,576.0,1242.0,1.0,0.7334943639291466,888.0,1092.0,0.8792270531400966,0.714975845410628,911.0,0.6959385290889133,1.0,0.9488188976377953,84.82,0.06829307568438003,0.09551801801801801,199.06,-114.24000000000001,0.4920450885668277,0.61,0.06038093407513404,0.3132045088566828,0.749883440750324,0.7565632458233891,-0.006679805073065093
catboost,-0.015,1.0,0.0,1242.0,1.0,0.7492492492492493,0.7152777777777778,0.7322635135135136,0.7334943639291466,0.7334943639291466,0.5362318840579711,0.463768115942029,0.5793880837359099,0.4314090177133656,1242.0,666.0,576.0,0.7925585539117999,0.1880518726271942,0.5602134885564686,0.46698872785829315,0.5162418387450337,0.9045929500668268,666.0,576.0,1242.0,1.0,0.7334943639291466,860.0,1037.0,0.8349436392914654,0.6924315619967794,911.0,0.686059275521405,1.0,0.948936170212766,83.6,0.06731078904991948,0.09720930232558139,194.7,-111.1,0.48290660225442833,0.61,0.06038093407513404,0.3132045088566828,0.7739278745237673,0.7793017456359103,-0.005373871112142936
catboost,-0.01,1.0,0.0,1242.0,1.0,0.7492492492492493,0.7152777777777778,0.7322635135135136,0.7334943639291466,0.7334943639291466,0.5362318840579711,0.463768115942029,0.5793880837359099,0.4314090177133656,1242.0,666.0,576.0,0.7925585539117999,0.1880518726271942,0.5602134885564686,0.46698872785829315,0.5162418387450337,0.9045929500668268,666.0,576.0,1242.0,1.0,0.7334943639291466,810.0,933.0,0.751207729468599,0.6521739130434783,911.0,0.6706915477497256,1.0,0.9396984924623115,86.4,0.06956521739130435,0.10666666666666667,189.33999999999997,-102.94,0.4644766505636071,0.61,0.06038093407513404,0.3132045088566828,0.8259145552181155,0.832425068119891,-0.0065105129017755115
catboost,-0.005,1.0,0.0,1242.0,1.0,0.7492492492492493,0.7152777777777778,0.7322635135135136,0.7334943639291466,0.7334943639291466,0.5362318840579711,0.463768115942029,0.5793880837359099,0.4314090177133656,1242.0,666.0,576.0,0.7925585539117999,0.1880518726271942,0.5602134885564686,0.46698872785829315,0.5162418387450337,0.9045929500668268,666.0,576.0,1242.0,1.0,0.7334943639291466,800.0,917.0,0.7383252818035426,0.644122383252818,911.0,0.6684961580680571,1.0,0.9528795811518325,88.1,0.07093397745571658,0.11012499999999999,188.70999999999998,-100.61,0.4606843800322062,0.61,0.06038093407513404,0.3132045088566828,0.8309945480634277,0.8388429752066116,-0.0078484271431839
catboost,0.0,1.0,0.0,1242.0,1.0,0.7492492492492493,0.7152777777777778,0.7322635135135136,0.7334943639291466,0.7334943639291466,0.5362318840579711,0.463768115942029,0.5793880837359099,0.4314090177133656,1242.0,666.0,576.0,0.7925585539117999,0.1880518726271942,0.5602134885564686,0.46698872785829315,0.5162418387450337,0.9045929500668268,666.0,576.0,1242.0,1.0,0.7334943639291466,742.0,852.0,0.6859903381642513,0.5974235104669887,911.0,0.6289791437980241,1.0,0.9467455621301775,89.18,0.0718035426731079,0.12018867924528302,176.87,-87.69,0.42787439613526573,0.61,0.06038093407513404,0.3132045088566828,0.8297184518764417,0.8389458272327965,-0.009227375356354872
catboost,0.005,1.0,0.0,1242.0,1.0,0.7492492492492493,0.7152777777777778,0.7322635135135136,0.7334943639291466,0.7334943639291466,0.5362318840579711,0.463768115942029,0.5793880837359099,0.4314090177133656,1242.0,666.0,576.0,0.7925585539117999,0.1880518726271942,0.5602134885564686,0.46698872785829315,0.5162418387450337,0.9045929500668268,666.0,576.0,1242.0,1.0,0.7334943639291466,721.0,829.0,0.6674718196457327,0.5805152979066023,911.0,0.6158068057080132,1.0,0.95,90.38999999999999,0.07277777777777776,0.12536754507628295,172.84,-82.44999999999999,0.4162962962962963,0.56,0.06038093407513404,0.3132045088566828,0.8292697192266509,0.8385650224215246,-0.009295303194873705
catboost,0.01,1.0,0.0,1242.0,1.0,0.7492492492492493,0.7152777777777778,0.7322635135135136,0.7334943639291466,0.7334943639291466,0.5362318840579711,0.463768115942029,0.5793880837359099,0.4314090177133656,1242.0,666.0,576.0,0.7925585539117999,0.1880518726271942,0.5602134885564686,0.46698872785829315,0.5162418387450337,0.9045929500668268,666.0,576.0,1242.0,1.0,0.7334943639291466,718.0,825.0,0.6642512077294686,0.5780998389694042,911.0,0.6158068057080132,1.0,0.9490445859872612,91.52,0.07368760064412239,0.1274651810584958,172.84,-81.32,0.4151771336553946,0.535,0.06038093407513404,0.3132045088566828,0.830275897163902,0.8398203592814372,-0.009544462117535124
catboost,0.015,1.0,0.0,1242.0,1.0,0.7492492492492493,0.7152777777777778,0.7322635135135136,0.7334943639291466,0.7334943639291466,0.5362318840579711,0.463768115942029,0.5793880837359099,0.4314090177133656,1242.0,666.0,576.0,0.7925585539117999,0.1880518726271942,0.5602134885564686,0.46698872785829315,0.5162418387450337,0.9045929500668268,666.0,576.0,1242.0,1.0,0.7334943639291466,711.0,817.0,0.6578099838969405,0.572463768115942,911.0,0.6125137211855104,1.0,0.9477124183006536,93.24,0.07507246376811594,0.13113924050632908,172.12,-78.88,0.41120772946859907,0.485,0.06038093407513404,0.3132045088566828,0.8306059167428481,0.8403614457831325,-0.009755529040284427
catboost,0.02,1.0,0.0,1242.0,1.0,0.7492492492492493,0.7152777777777778,0.7322635135135136,0.7334943639291466,0.7334943639291466,0.5362318840579711,0.463768115942029,0.5793880837359099,0.4314090177133656,1242.0,666.0,576.0,0.7925585539117999,0.1880518726271942,0.5602134885564686,0.46698872785829315,0.5162418387450337,0.9045929500668268,666.0,576.0,1242.0,1.0,0.7334943639291466,685.0,790.0,0.6360708534621579,0.5515297906602254,911.0,0.5938529088913282,1.0,0.9444444444444444,93.1,0.07495974235104669,0.13591240875912408,166.49,-73.39,0.39702093397745575,0.41,0.06038093407513404,0.3132045088566828,0.8268948635567827,0.8374613003095975,-0.010566436752814878
catboost,0.025,1.0,0.0,1242.0,1.0,0.7492492492492493,0.7152777777777778,0.7322635135135136,0.7334943639291466,0.7334943639291466,0.5362318840579711,0.463768115942029,0.5793880837359099,0.4314090177133656,1242.0,666.0,576.0,0.7925585539117999,0.1880518726271942,0.5602134885564686,0.46698872785829315,0.5162418387450337,0.9045929500668268,666.0,576.0,1242.0,1.0,0.7334943639291466,669.0,772.0,0.6215780998389694,0.538647342995169,911.0,0.5806805708013172,1.0,0.9428571428571428,91.30999999999999,0.07351851851851851,0.13648729446935726,162.96,-71.65,0.38834138486312403,0.36,0.06038093407513404,0.3132045088566828,0.8268596496925749,0.8370253164556962,-0.010165666763121362
catboost,0.03,1.0,0.0,1242.0,1.0,0.7492492492492493,0.7152777777777778,0.7322635135135136,0.7334943639291466,0.7334943639291466,0.5362318840579711,0.463768115942029,0.5793880837359099,0.4314090177133656,1242.0,666.0,576.0,0.7925585539117999,0.1880518726271942,0.5602134885564686,0.46698872785829315,0.5162418387450337,0.9045929500668268,666.0,576.0,1242.0,1.0,0.7334943639291466,652.0,754.0,0.607085346215781,0.5249597423510467,911.0,0.5631174533479693,1.0,0.9424460431654677,86.72999999999999,0.06983091787439613,0.13302147239263803,157.77,-71.03999999999999,0.3787359098228663,0.31,0.06038093407513404,0.3132045088566828,0.8250344822894771,0.8341463414634146,-0.009111859173937531
catboost,0.035,1.0,0.0,1242.0,1.0,0.7492492492492493,0.7152777777777778,0.7322635135135136,0.7334943639291466,0.7334943639291466,0.5362318840579711,0.463768115942029,0.5793880837359099,0.4314090177133656,1242.0,666.0,576.0,0.7925585539117999,0.1880518726271942,0.5602134885564686,0.46698872785829315,0.5162418387450337,0.9045929500668268,666.0,576.0,1242.0,1.0,0.7334943639291466,637.0,731.0,0.5885668276972624,0.5128824476650563,911.0,0.5565312843029637,1.0,0.9461538461538461,87.53,0.07047504025764896,0.13740973312401883,154.68,-67.15,0.3713446054750403,0.31,0.06038093407513404,0.3132045088566828,0.8317782500687058,0.8435940099833611,-0.011815759914655333
catboost,0.04,1.0,0.0,1242.0,1.0,0.7492492492492493,0.7152777777777778,0.7322635135135136,0.7334943639291466,0.7334943639291466,0.5362318840579711,0.463768115942029,0.5793880837359099,0.4314090177133656,1242.0,666.0,576.0,0.7925585539117999,0.1880518726271942,0.5602134885564686,0.46698872785829315,0.5162418387450337,0.9045929500668268,666.0,576.0,1242.0,1.0,0.7334943639291466,616.0,703.0,0.5660225442834138,0.49597423510466987,911.0,0.5433589462129528,1.0,0.9421487603305785,86.78999999999999,0.06987922705314009,0.14089285714285713,149.6,-62.81,0.3603301127214171,0.31,0.06038093407513404,0.3132045088566828,0.836552218928533,0.8505154639175257,-0.013963244988992707
catboost,0.045,1.0,0.0,1242.0,1.0,0.7492492492492493,0.7152777777777778,0.7322635135135136,0.7334943639291466,0.7334943639291466,0.5362318840579711,0.463768115942029,0.5793880837359099,0.4314090177133656,1242.0,666.0,576.0,0.7925585539117999,0.1880518726271942,0.5602134885564686,0.46698872785829315,0.5162418387450337,0.9045929500668268,666.0,576.0,1242.0,1.0,0.7334943639291466,601.0,685.0,0.5515297906602254,0.48389694041867953,911.0,0.5345773874862788,1.0,0.9385964912280702,88.78999999999999,0.07148953301127213,0.14773710482529118,146.98000000000002,-58.19,0.3509259259259259,0.26,0.06038093407513404,0.3132045088566828,0.8366798301850501,0.8528896672504378,-0.0162098370653877
catboost,0.05,1.0,0.0,1242.0,1.0,0.7492492492492493,0.7152777777777778,0.7322635135135136,0.7334943639291466,0.7334943639291466,0.5362318840579711,0.463768115942029,0.5793880837359099,0.4314090177133656,1242.0,666.0,576.0,0.7925585539117999,0.1880518726271942,0.5602134885564686,0.46698872785829315,0.5162418387450337,0.9045929500668268,666.0,576.0,1242.0,1.0,0.7334943639291466,558.0,636.0,0.5120772946859904,0.4492753623188406,911.0,0.5049396267837541,1.0,0.9489795918367347,85.87,0.06913848631239936,0.1538888888888889,136.55,-50.68,0.3301207729468599,0.21,0.06038093407513404,0.3132045088566828,0.8392959664968663,0.8550185873605948,-0.015722620863728443
catboost,0.055,1.0,0.0,1242.0,1.0,0.7492492492492493,0.7152777777777778,0.7322635135135136,0.7334943639291466,0.7334943639291466,0.5362318840579711,0.463768115942029,0.5793880837359099,0.4314090177133656,1242.0,666.0,576.0,0.7925585539117999,0.1880518726271942,0.5602134885564686,0.46698872785829315,0.5162418387450337,0.9045929500668268,666.0,576.0,1242.0,1.0,0.7334943639291466,531.0,602.0,0.48470209339774556,0.427536231884058,911.0,0.48957189901207465,1.0,0.9411764705882353,87.38999999999999,0.0703623188405797,0.1645762711864407,130.84,-43.45,0.3146296296296296,0.0,0.06038093407513404,0.3132045088566828,0.848153066894956,0.8626692456479691,-0.014516178753013143
catboost,0.06,1.0,0.0,1242.0,1.0,0.7492492492492493,0.7152777777777778,0.7322635135135136,0.7334943639291466,0.7334943639291466,0.5362318840579711,0.463768115942029,0.5793880837359099,0.4314090177133656,1242.0,666.0,576.0,0.7925585539117999,0.1880518726271942,0.5602134885564686,0.46698872785829315,0.5162418387450337,0.9045929500668268,666.0,576.0,1242.0,1.0,0.7334943639291466,513.0,582.0,0.46859903381642515,0.41304347826086957,911.0,0.47200878155872666,1.0,0.9518072289156626,84.01999999999998,0.0676489533011272,0.16378167641325533,126.5,-42.480000000000004,0.30388083735909827,0.0,0.06038093407513404,0.3132045088566828,0.8489860276379311,0.8617234468937875,-0.012737419255856475
catboost,0.065,1.0,0.0,1242.0,1.0,0.7492492492492493,0.7152777777777778,0.7322635135135136,0.7334943639291466,0.7334943639291466,0.5362318840579711,0.463768115942029,0.5793880837359099,0.4314090177133656,1242.0,666.0,576.0,0.7925585539117999,0.1880518726271942,0.5602134885564686,0.46698872785829315,0.5162418387450337,0.9045929500668268,666.0,576.0,1242.0,1.0,0.7334943639291466,510.0,578.0,0.46537842190016104,0.4106280193236715,911.0,0.46871569703622395,1.0,0.9518072289156626,83.39999999999999,0.06714975845410627,0.1635294117647059,125.88,-42.480000000000004,0.30143317230273753,0.0,0.06038093407513404,0.3132045088566828,0.848467007072001,0.8626262626262626,-0.014159255554261674
catboost,0.07,1.0,0.0,1242.0,1.0,0.7492492492492493,0.7152777777777778,0.7322635135135136,0.7334943639291466,0.7334943639291466,0.5362318840579711,0.463768115942029,0.5793880837359099,0.4314090177133656,1242.0,666.0,576.0,0.7925585539117999,0.1880518726271942,0.5602134885564686,0.46698872785829315,0.5162418387450337,0.9045929500668268,666.0,576.0,1242.0,1.0,0.7334943639291466,464.0,530.0,0.42673107890499196,0.37359098228663445,911.0,0.42371020856201974,1.0,0.9487179487179487,76.91,0.06192431561996779,0.16575431034482757,116.54,-39.629999999999995,0.27262479871175527,0.0,0.06038093407513404,0.3132045088566828,0.8454537833292126,0.8539823008849557,-0.008528517555743131
catboost,0.075,1.0,0.0,1242.0,1.0,0.7492492492492493,0.7152777777777778,0.7322635135135136,0.7334943639291466,0.7334943639291466,0.5362318840579711,0.463768115942029,0.5793880837359099,0.4314090177133656,1242.0,666.0,576.0,0.7925585539117999,0.1880518726271942,0.5602134885564686,0.46698872785829315,0.5162418387450337,0.9045929500668268,666.0,576.0,1242.0,1.0,0.7334943639291466,442.0,507.0,0.4082125603864734,0.355877616747182,911.0,0.4039517014270033,1.0,0.9459459459459459,74.42999999999999,0.05992753623188405,0.16839366515837104,111.22,-36.79,0.2595169082125604,0.0,0.06038093407513404,0.3132045088566828,0.8430831870085774,0.8498845265588915,-0.006801339550314034
catboost,0.08,1.0,0.0,1242.0,1.0,0.7492492492492493,0.7152777777777778,0.7322635135135136,0.7334943639291466,0.7334943639291466,0.5362318840579711,0.463768115942029,0.5793880837359099,0.4314090177133656,1242.0,666.0,576.0,0.7925585539117999,0.1880518726271942,0.5602134885564686,0.46698872785829315,0.5162418387450337,0.9045929500668268,666.0,576.0,1242.0,1.0,0.7334943639291466,433.0,498.0,0.40096618357487923,0.34863123993558776,911.0,0.39626783754116357,1.0,0.9444444444444444,73.27000000000001,0.05899355877616748,0.1692147806004619,108.84,-35.57,0.2548148148148148,0.0,0.06038093407513404,0.3132045088566828,0.8437323346028647,0.8474178403755869,-0.0036855057727221974
catboost,0.085,1.0,0.0,1242.0,1.0,0.7492492492492493,0.7152777777777778,0.7322635135135136,0.7334943639291466,0.7334943639291466,0.5362318840579711,0.463768115942029,0.5793880837359099,0.4314090177133656,1242.0,666.0,576.0,0.7925585539117999,0.1880518726271942,0.5602134885564686,0.46698872785829315,0.5162418387450337,0.9045929500668268,666.0,576.0,1242.0,1.0,0.7334943639291466,425.0,484.0,0.3896940418679549,0.3421900161030596,911.0,0.3918770581778266,1.0,0.9411764705882353,71.75,0.05776972624798712,0.1688235294117647,105.97999999999999,-34.230000000000004,0.25103864734299514,0.0,0.06038093407513404,0.3132045088566828,0.8535925262285564,0.8581730769230769,-0.004580550694520458
catboost,0.09,1.0,0.0,1242.0,1.0,0.7492492492492493,0.7152777777777778,0.7322635135135136,0.7334943639291466,0.7334943639291466,0.5362318840579711,0.463768115942029,0.5793880837359099,0.4314090177133656,1242.0,666.0,576.0,0.7925585539117999,0.1880518726271942,0.5602134885564686,0.46698872785829315,0.5162418387450337,0.9045929500668268,666.0,576.0,1242.0,1.0,0.7334943639291466,379.0,429.0,0.34541062801932365,0.30515297906602257,911.0,0.34577387486278816,1.0,0.9375,65.06,0.05238325281803543,0.17166226912928761,97.69999999999999,-32.64,0.21798711755233496,0.0,0.06038093407513404,0.3132045088566828,0.855863099622626,0.863013698630137,-0.007150599007511027
catboost,0.095,1.0,0.0,1242.0,1.0,0.7492492492492493,0.7152777777777778,0.7322635135135136,0.7334943639291466,0.7334943639291466,0.5362318840579711,0.463768115942029,0.5793880837359099,0.4314090177133656,1242.0,666.0,576.0,0.7925585539117999,0.1880518726271942,0.5602134885564686,0.46698872785829315,0.5162418387450337,0.9045929500668268,666.0,576.0,1242.0,1.0,0.7334943639291466,361.0,403.0,0.3244766505636071,0.29066022544283415,911.0,0.3336992316136114,1.0,0.9473684210526315,62.39,0.05023349436392915,0.17282548476454293,92.16,-29.770000000000003,0.20960547504025767,0.0,0.06038093407513404,0.3132045088566828,0.8699055031489341,0.8786127167630058,-0.008707213614071674
catboost,0.1,1.0,0.0,1242.0,1.0,0.7492492492492493,0.7152777777777778,0.7322635135135136,0.7334943639291466,0.7334943639291466,0.5362318840579711,0.463768115942029,0.5793880837359099,0.4314090177133656,1242.0,666.0,576.0,0.7925585539117999,0.1880518726271942,0.5602134885564686,0.46698872785829315,0.5162418387450337,0.9045929500668268,666.0,576.0,1242.0,1.0,0.7334943639291466,348.0,385.0,0.30998389694041867,0.28019323671497587,911.0,0.32491767288693746,1.0,0.9615384615384616,58.97,0.047479871175523346,0.16945402298850573,86.99,-28.02,0.2044283413848631,0.0,0.06038093407513404,0.3132045088566828,0.8860170665359569,0.8888888888888888,-0.0028718223529319298
catboost,0.105,1.0,0.0,1242.0,1.0,0.7492492492492493,0.7152777777777778,0.7322635135135136,0.7334943639291466,0.7334943639291466,0.5362318840579711,0.463768115942029,0.5793880837359099,0.4314090177133656,1242.0,666.0,576.0,0.7925585539117999,0.1880518726271942,0.5602134885564686,0.46698872785829315,0.5162418387450337,0.9045929500668268,666.0,576.0,1242.0,1.0,0.7334943639291466,309.0,337.0,0.2713365539452496,0.24879227053140096,911.0,0.29637760702524696,1.0,0.9487179487179487,55.51,0.04469404186795491,0.17964401294498383,77.69999999999999,-22.189999999999998,0.18399355877616747,0.0,0.06038093407513404,0.3132045088566828,0.9012447679776067,0.9060402684563759,-0.004795500478769199
catboost,0.11,1.0,0.0,1242.0,1.0,0.7492492492492493,0.7152777777777778,0.7322635135135136,0.7334943639291466,0.7334943639291466,0.5362318840579711,0.463768115942029,0.5793880837359099,0.4314090177133656,1242.0,666.0,576.0,0.7925585539117999,0.1880518726271942,0.5602134885564686,0.46698872785829315,0.5162418387450337,0.9045929500668268,666.0,576.0,1242.0,1.0,0.7334943639291466,292.0,317.0,0.25523349436392917,0.23510466988727857,911.0,0.28210757409440174,1.0,0.9428571428571428,54.28,0.0437037037037037,0.1858904109589041,74.53,-20.25,0.1736876006441224,0.0,0.06038093407513404,0.3132045088566828,0.9052636166421782,0.9113475177304965,-0.006083901088318244
catboost,0.115,1.0,0.0,1242.0,1.0,0.7492492492492493,0.7152777777777778,0.7322635135135136,0.7334943639291466,0.7334943639291466,0.5362318840579711,0.463768115942029,0.5793880837359099,0.4314090177133656,1242.0,666.0,576.0,0.7925585539117999,0.1880518726271942,0.5602134885564686,0.46698872785829315,0.5162418387450337,0.9045929500668268,666.0,576.0,1242.0,1.0,0.7334943639291466,261.0,283.0,0.2278582930756844,0.21014492753623187,911.0,0.2524698133918771,1.0,0.9354838709677419,50.64,0.04077294685990338,0.19402298850574712,68.35,-17.71,0.15328502415458936,0.0,0.06038093407513404,0.3132045088566828,0.8987285936028606,0.9126984126984127,-0.01396981909555206
catboost,0.12,1.0,0.0,1242.0,1.0,0.7492492492492493,0.7152777777777778,0.7322635135135136,0.7334943639291466,0.7334943639291466,0.5362318840579711,0.463768115942029,0.5793880837359099,0.4314090177133656,1242.0,666.0,576.0,0.7925585539117999,0.1880518726271942,0.5602134885564686,0.46698872785829315,0.5162418387450337,0.9045929500668268,666.0,576.0,1242.0,1.0,0.7334943639291466,203.0,221.0,0.177938808373591,0.16344605475040258,911.0,0.1942919868276619,1.0,0.9615384615384616,42.769999999999996,0.03443639291465378,0.2106896551724138,57.42999999999999,-14.66,0.11538647342995169,0.0,0.06038093407513404,0.3132045088566828,0.8926310199719077,0.9076923076923077,-0.01506128772039994
catboost,0.125,1.0,0.0,1242.0,1.0,0.7492492492492493,0.7152777777777778,0.7322635135135136,0.7334943639291466,0.7334943639291466,0.5362318840579711,0.463768115942029,0.5793880837359099,0.4314090177133656,1242.0,666.0,576.0,0.7925585539117999,0.1880518726271942,0.5602134885564686,0.46698872785829315,0.5162418387450337,0.9045929500668268,666.0,576.0,1242.0,1.0,0.7334943639291466,187.0,201.0,0.16183574879227053,0.15056360708534622,911.0,0.18111964873765093,1.0,0.9545454545454546,40.129999999999995,0.03231078904991948,0.2145989304812834,52.0,-11.870000000000001,0.10644927536231882,0.0,0.06038093407513404,0.3132045088566828,0.9036632594940264,0.9217877094972067,-0.018124450003180304
catboost,0.13,1.0,0.0,1242.0,1.0,0.7492492492492493,0.7152777777777778,0.7322635135135136,0.7334943639291466,0.7334943639291466,0.5362318840579711,0.463768115942029,0.5793880837359099,0.4314090177133656,1242.0,666.0,576.0,0.7925585539117999,0.1880518726271942,0.5602134885564686,0.46698872785829315,0.5162418387450337,0.9045929500668268,666.0,576.0,1242.0,1.0,0.7334943639291466,180.0,192.0,0.15458937198067632,0.14492753623188406,911.0,0.17453347969264543,1.0,0.9523809523809523,38.45,0.030958132045088568,0.21361111111111114,49.66,-11.21,0.10239130434782609,0.0,0.06038093407513404,0.3132045088566828,0.9076136277542831,0.9298245614035088,-0.02221093364922566
catboost,0.135,1.0,0.0,1242.0,1.0,0.7492492492492493,0.7152777777777778,0.7322635135135136,0.7334943639291466,0.7334943639291466,0.5362318840579711,0.463768115942029,0.5793880837359099,0.4314090177133656,1242.0,666.0,576.0,0.7925585539117999,0.1880518726271942,0.5602134885564686,0.46698872785829315,0.5162418387450337,0.9045929500668268,666.0,576.0,1242.0,1.0,0.7334943639291466,171.0,181.0,0.1457326892109501,0.13768115942028986,911.0,0.16575192096597147,1.0,0.95,36.44,0.02933977455716586,0.21309941520467834,46.989999999999995,-10.55,0.09642512077294686,0.0,0.06038093407513404,0.3132045088566828,0.9223193744174464,0.937888198757764,-0.015568824340317589
catboost,0.14,1.0,0.0,1242.0,1.0,0.7492492492492493,0.7152777777777778,0.7322635135135136,0.7334943639291466,0.7334943639291466,0.5362318840579711,0.463768115942029,0.5793880837359099,0.4314090177133656,1242.0,666.0,576.0,0.7925585539117999,0.1880518726271942,0.5602134885564686,0.46698872785829315,0.5162418387450337,0.9045929500668268,666.0,576.0,1242.0,1.0,0.7334943639291466,160.0,167.0,0.13446054750402575,0.1288244766505636,911.0,0.15697036223929747,1.0,0.9411764705882353,35.25,0.028381642512077296,0.2203125,44.519999999999996,-9.27,0.09031400966183575,0.0,0.06038093407513404,0.3132045088566828,0.9409547012247477,0.9533333333333334,-0.012378632108585697
catboost,0.145,1.0,0.0,1242.0,1.0,0.7492492492492493,0.7152777777777778,0.7322635135135136,0.7334943639291466,0.7334943639291466,0.5362318840579711,0.463768115942029,0.5793880837359099,0.4314090177133656,1242.0,666.0,576.0,0.7925585539117999,0.1880518726271942,0.5602134885564686,0.46698872785829315,0.5162418387450337,0.9045929500668268,666.0,576.0,1242.0,1.0,0.7334943639291466,158.0,165.0,0.13285024154589373,0.12721417069243157,911.0,0.15587266739846323,1.0,0.9375,35.269999999999996,0.02839774557165861,0.2232278481012659,44.18,-8.91,0.08949275362318841,0.0,0.06038093407513404,0.3132045088566828,0.9422362764007527,0.9530201342281879,-0.010783857827435184
catboost,0.15,1.0,0.0,1242.0,1.0,0.7492492492492493,0.7152777777777778,0.7322635135135136,0.7334943639291466,0.7334943639291466,0.5362318840579711,0.463768115942029,0.5793880837359099,0.4314090177133656,1242.0,666.0,576.0,0.7925585539117999,0.1880518726271942,0.5602134885564686,0.46698872785829315,0.5162418387450337,0.9045929500668268,666.0,576.0,1242.0,1.0,0.7334943639291466,155.0,162.0,0.13043478260869565,0.1247987117552335,911.0,0.1525795828759605,1.0,0.9375,34.05,0.027415458937198066,0.2196774193548387,42.96,-8.91,0.08805958132045089,0.0,0.06038093407513404,0.3132045088566828,0.9442895538600102,0.952054794520548,-0.007765240660537742
catboost,0.155,1.0,0.0,1242.0,1.0,0.7492492492492493,0.7152777777777778,0.7322635135135136,0.7334943639291466,0.7334943639291466,0.5362318840579711,0.463768115942029,0.5793880837359099,0.4314090177133656,1242.0,666.0,576.0,0.7925585539117999,0.1880518726271942,0.5602134885564686,0.46698872785829315,0.5162418387450337,0.9045929500668268,666.0,576.0,1242.0,1.0,0.7334943639291466,137.0,143.0,0.11513687600644122,0.11030595813204509,911.0,0.13611416026344675,1.0,0.9230769230769231,30.43,0.024500805152979067,0.22211678832116788,37.81,-7.379999999999999,0.07824476650563608,0.0,0.06038093407513404,0.3132045088566828,0.9496879665115249,0.9538461538461539,-0.0041581873346290266
catboost,0.16,1.0,0.0,1242.0,1.0,0.7492492492492493,0.7152777777777778,0.7322635135135136,0.7334943639291466,0.7334943639291466,0.5362318840579711,0.463768115942029,0.5793880837359099,0.4314090177133656,1242.0,666.0,576.0,0.7925585539117999,0.1880518726271942,0.5602134885564686,0.46698872785829315,0.5162418387450337,0.9045929500668268,666.0,576.0,1242.0,1.0,0.7334943639291466,118.0,124.0,0.0998389694041868,0.09500805152979067,911.0,0.11964873765093303,1.0,0.8888888888888888,28.67,0.023083735909822867,0.24296610169491528,33.26,-4.59,0.06758454106280193,0.0,0.06038093407513404,0.3132045088566828,0.9470095015651729,0.9478260869565217,-0.0008165853913487675
catboost,0.165,1.0,0.0,1242.0,1.0,0.7492492492492493,0.7152777777777778,0.7322635135135136,0.7334943639291466,0.7334943639291466,0.5362318840579711,0.463768115942029,0.5793880837359099,0.4314090177133656,1242.0,666.0,576.0,0.7925585539117999,0.1880518726271942,0.5602134885564686,0.46698872785829315,0.5162418387450337,0.9045929500668268,666.0,576.0,1242.0,1.0,0.7334943639291466,102.0,106.0,0.0853462157809984,0.0821256038647343,911.0,0.10428100987925357,1.0,0.8571428571428571,26.529999999999998,0.021360708534621575,0.2600980392156863,29.749999999999996,-3.2199999999999998,0.05713365539452497,0.0,0.06038093407513404,0.3132045088566828,0.9513481410084816,0.9595959595959596,-0.008247818587477918
catboost,0.17,1.0,0.0,1242.0,1.0,0.7492492492492493,0.7152777777777778,0.7322635135135136,0.7334943639291466,0.7334943639291466,0.5362318840579711,0.463768115942029,0.5793880837359099,0.4314090177133656,1242.0,666.0,576.0,0.7925585539117999,0.1880518726271942,0.5602134885564686,0.46698872785829315,0.5162418387450337,0.9045929500668268,666.0,576.0,1242.0,1.0,0.7334943639291466,74.0,77.0,0.061996779388083734,0.05958132045088567,911.0,0.07354555433589462,1.0,0.8571428571428571,20.21,0.016272141706924315,0.2731081081081081,23.43,-3.2199999999999998,0.03902576489533011,0.0,0.06038093407513404,0.3132045088566828,0.9359025879204093,0.9571428571428572,-0.021240269222447927
catboost,0.175,1.0,0.0,1242.0,1.0,0.7492492492492493,0.7152777777777778,0.7322635135135136,0.7334943639291466,0.7334943639291466,0.5362318840579711,0.463768115942029,0.5793880837359099,0.4314090177133656,1242.0,666.0,576.0,0.7925585539117999,0.1880518726271942,0.5602134885564686,0.46698872785829315,0.5162418387450337,0.9045929500668268,666.0,576.0,1242.0,1.0,0.7334943639291466,73.0,75.0,0.06038647342995169,0.05877616747181964,911.0,0.07354555433589462,1.0,0.8333333333333334,20.67,0.016642512077294686,0.2831506849315068,23.43,-2.76,0.03820450885668277,0.0,0.06038093407513404,0.3132045088566828,0.9419491241397622,0.9710144927536232,-0.029065368613860998
catboost,0.18,1.0,0.0,1242.0,1.0,0.7492492492492493,0.7152777777777778,0.7322635135135136,0.7334943639291466,0.7334943639291466,0.5362318840579711,0.463768115942029,0.5793880837359099,0.4314090177133656,1242.0,666.0,576.0,0.7925585539117999,0.1880518726271942,0.5602134885564686,0.46698872785829315,0.5162418387450337,0.9045929500668268,666.0,576.0,1242.0,1.0,0.7334943639291466,69.0,71.0,0.0571658615136876,0.05555555555555555,911.0,0.07025246981339188,1.0,0.8,19.560000000000002,0.015748792270531404,0.2834782608695651,22.009999999999998,-2.45,0.03668276972624799,0.0,0.06038093407513404,0.3132045088566828,0.9506927639614441,0.9696969696969697,-0.019004205735525637
catboost,0.185,1.0,0.0,1242.0,1.0,0.7492492492492493,0.7152777777777778,0.7322635135135136,0.7334943639291466,0.7334943639291466,0.5362318840579711,0.463768115942029,0.5793880837359099,0.4314090177133656,1242.0,666.0,576.0,0.7925585539117999,0.1880518726271942,0.5602134885564686,0.46698872785829315,0.5162418387450337,0.9045929500668268,666.0,576.0,1242.0,1.0,0.7334943639291466,68.0,70.0,0.05636070853462158,0.05475040257648953,911.0,0.06915477497255763,1.0,0.8,19.17,0.015434782608695654,0.2819117647058823,21.619999999999997,-2.45,0.03619162640901771,0.0,0.06038093407513404,0.3132045088566828,0.9499341910993125,0.9692307692307692,-0.019296578131456688
catboost,0.19,1.0,0.0,1242.0,1.0,0.7492492492492493,0.7152777777777778,0.7322635135135136,0.7334943639291466,0.7334943639291466,0.5362318840579711,0.463768115942029,0.5793880837359099,0.4314090177133656,1242.0,666.0,576.0,0.7925585539117999,0.1880518726271942,0.5602134885564686,0.46698872785829315,0.5162418387450337,0.9045929500668268,666.0,576.0,1242.0,1.0,0.7334943639291466,63.0,65.0,0.05233494363929147,0.050724637681159424,911.0,0.06366630076838639,1.0,0.8,17.97,0.014468599033816424,0.2852380952380952,20.419999999999998,-2.45,0.033132045088566826,0.0,0.06038093407513404,0.3132045088566828,0.9560697326652808,0.9666666666666667,-0.010596934001385838
catboost,0.195,1.0,0.0,1242.0,1.0,0.7492492492492493,0.7152777777777778,0.7322635135135136,0.7334943639291466,0.7334943639291466,0.5362318840579711,0.463768115942029,0.5793880837359099,0.4314090177133656,1242.0,666.0,576.0,0.7925585539117999,0.1880518726271942,0.5602134885564686,0.46698872785829315,0.5162418387450337,0.9045929500668268,666.0,576.0,1242.0,1.0,0.7334943639291466,63.0,64.0,0.05152979066022544,0.050724637681159424,911.0,0.06366630076838639,1.0,0.8,17.97,0.014468599033816424,0.2852380952380952,20.419999999999998,-2.45,0.03284219001610305,0.0,0.06038093407513404,0.3132045088566828,0.9587149823714721,0.9830508474576272,-0.02433586508615504
catboost,0.2,1.0,0.0,1242.0,1.0,0.7492492492492493,0.7152777777777778,0.7322635135135136,0.7334943639291466,0.7334943639291466,0.5362318840579711,0.463768115942029,0.5793880837359099,0.4314090177133656,1242.0,666.0,576.0,0.7925585539117999,0.1880518726271942,0.5602134885564686,0.46698872785829315,0.5162418387450337,0.9045929500668268,666.0,576.0,1242.0,1.0,0.7334943639291466,61.0,62.0,0.0499194847020934,0.04911433172302738,911.0,0.06147091108671789,1.0,0.8,17.439999999999998,0.01404186795491143,0.28590163934426227,19.89,-2.45,0.031658615136876005,0.0,0.06038093407513404,0.3132045088566828,0.9600159284827448,0.9824561403508771,-0.022440211868132387
