blend_weight,t_up,t_down,sample_count,coverage,precision_up,precision_down,balanced_precision,all_sample_accuracy,accepted_sample_accuracy,share_up_predictions,share_down_predictions,selected_t_up,selected_t_down,accepted_count,up_prediction_count,down_prediction_count,roc_auc,brier_score,log_loss,utility,downside_risk,selection_score,up_signal_count,down_signal_count,total_signal_count,signal_coverage,overall_signal_accuracy,continuation_sample_count,continuation_coverage,continuation_accepted_accuracy,continuation_accepted_count,reversal_sample_count,reversal_coverage,reversal_accepted_accuracy,reversal_accepted_count
1.0,0.5,0.2,7468.0,0.549812533476165,0.6530295183842568,0.8319672131147541,0.7424983657495055,0.6419389394750937,0.6636629322942036,0.9405747686312713,0.05942523136872869,0.5,0.2,4106.0,3862.0,244.0,0.6961988163015858,0.2203954518243519,0.6303574109733224,0.17996786288162828,0.43002597049163016,0.4185046374661483,3862.0,244.0,4106.0,0.549812533476165,0.6636629322942036,4825.0,0.5649740932642487,0.9383712399119589,2726.0,2643.0,0.5221339387060159,0.12101449275362319,1380.0
1.0,0.5,0.21,7468.0,0.553963577932512,0.6530295183842568,0.8290909090909091,0.741060213737583,0.6419389394750937,0.6647328982354364,0.9335267101764564,0.06647328982354363,0.5,0.21,4137.0,3862.0,275.0,0.6961988163015858,0.2203954518243519,0.6303574109733224,0.18251205141938945,0.4309591201686783,0.423502004895392,3862.0,275.0,4137.0,0.553963577932512,0.6647328982354364,4825.0,0.5701554404145077,0.9389312977099237,2751.0,2643.0,0.5244040862656073,0.1204906204906205,1386.0
1.0,0.5,0.22,7468.0,0.5602570969469738,0.6530295183842568,0.8136645962732919,0.7333470573287744,0.6419389394750937,0.6653919694072657,0.9230401529636711,0.07695984703632887,0.5,0.22,4184.0,3862.0,322.0,0.6961988163015858,0.2203954518243519,0.6303574109733224,0.18532404927691482,0.43297404522099187,0.42802577041846607,3862.0,322.0,4184.0,0.5602570969469738,0.6653919694072657,4825.0,0.5772020725388601,0.9396768402154398,2785.0,2643.0,0.5293227393113886,0.11937097927090778,1399.0
1.0,0.5,0.23,7468.0,0.5666845206213176,0.6530295183842568,0.8,0.7265147591921284,0.6419389394750937,0.6658790170132325,0.9125708884688091,0.08742911153119093,0.5,0.23,4232.0,3862.0,370.0,0.6961988163015858,0.2203954518243519,0.6303574109733224,0.18800214247455807,0.43513353016445394,0.4320562067545214,3862.0,370.0,4232.0,0.5666845206213176,0.6658790170132325,4825.0,0.5842487046632124,0.9404043987229515,2819.0,2643.0,0.5346197502837684,0.11818825194621373,1413.0
1.0,0.5,0.24,7468.0,0.5753883235136583,0.6530295183842568,0.7908045977011494,0.7219170580427031,0.6419389394750937,0.666976960670235,0.8987665813358157,0.10123341866418431,0.5,0.24,4297.0,3862.0,435.0,0.6961988163015858,0.2203954518243519,0.6303574109733224,0.1921531869309052,0.43774143999783316,0.43896503591676483,3862.0,435.0,4297.0,0.5753883235136583,0.666976960670235,4825.0,0.5941968911917098,0.9414021625392396,2867.0,2643.0,0.541051835035944,0.11678321678321678,1430.0
1.0,0.5,0.25,7468.0,0.5823513658275308,0.6530295183842568,0.7946611909650924,0.7238453546746746,0.6419389394750937,0.6688893998620372,0.8880202345366751,0.1119797654633249,0.5,0.25,4349.0,3862.0,487.0,0.6961988163015858,0.2203954518243519,0.6303574109733224,0.19670594536689873,0.43911582780664604,0.44795913267219645,3862.0,487.0,4349.0,0.5823513658275308,0.6688893998620372,4825.0,0.6031088082901555,0.9422680412371134,2910.0,2643.0,0.544457056375331,0.11605281445448228,1439.0
1.0,0.5,0.26,7468.0,0.5905195500803428,0.6530295183842568,0.7846715328467153,0.718850525615486,0.6419389394750937,0.6693877551020408,0.8757369614512471,0.12426303854875284,0.5,0.26,4410.0,3862.0,548.0,0.6961988163015858,0.2203954518243519,0.6303574109733224,0.20005356186395293,0.44185177843728884,0.45276169889253065,3862.0,548.0,4410.0,0.5905195500803428,0.6693877551020408,4825.0,0.6120207253886011,0.9431087030138842,2953.0,2643.0,0.5512674990541052,0.11461908030199039,1457.0
1.0,0.5,0.27,7468.0,0.598821638993037,0.6530295183842568,0.7754098360655738,0.7142196772249153,0.6419389394750937,0.6697227191413238,0.8635957066189625,0.13640429338103757,0.5,0.27,4472.0,3862.0,610.0,0.6961988163015858,0.2203954518243519,0.6303574109733224,0.20326727370112477,0.44472146636513527,0.457066476602759,3862.0,610.0,4472.0,0.598821638993037,0.6697227191413238,4825.0,0.6207253886010363,0.9439065108514191,2995.0,2643.0,0.5588346575860764,0.11374407582938388,1477.0
1.0,0.5,0.28,7468.0,0.6114086770219603,0.6530295183842568,0.7613636363636364,0.7071965773739466,0.6419389394750937,0.6697328077091547,0.8458169075777485,0.15418309242225142,0.5,0.28,4566.0,3862.0,704.0,0.6961988163015858,0.2203954518243519,0.6303574109733224,0.20755222281735408,0.44936424769033767,0.4618796975596973,3862.0,704.0,4566.0,0.6114086770219603,0.6697328077091547,4825.0,0.6337823834196891,0.9450621321124918,3058.0,2643.0,0.5705637533106318,0.11140583554376658,1508.0
1.0,0.5,0.29,7468.0,0.6245313336904125,0.6530295183842568,0.7506234413965087,0.7018264798903828,0.6419389394750937,0.6698113207547169,0.8280445969125214,0.17195540308747856,0.5,0.29,4664.0,3862.0,802.0,0.6961988163015858,0.2203954518243519,0.6303574109733224,0.2121049812533476,0.4541070096557996,0.46708149564596513,3862.0,802.0,4664.0,0.6245313336904125,0.6698113207547169,4825.0,0.6474611398963731,0.9462227912932138,3124.0,2643.0,0.5826712069617859,0.10909090909090909,1540.0
1.0,0.5,0.3,7468.0,0.6369844670594537,0.6530295183842568,0.7508379888268156,0.7019337536055362,0.6419389394750937,0.6714315745217574,0.8118562118982552,0.18814378810174479,0.5,0.3,4757.0,3862.0,895.0,0.6961988163015858,0.2203954518243519,0.6303574109733224,0.2183985002678093,0.45748550074928296,0.4773889006539222,3862.0,895.0,4757.0,0.6369844670594537,0.6714315745217574,4825.0,0.6617616580310881,0.9473849044785468,3193.0,2643.0,0.5917517972001514,0.10805626598465473,1564.0
1.0,0.5,0.31,7468.0,0.65037493304767,0.6530295183842568,0.7527638190954774,0.7028966687398671,0.6419389394750937,0.6734609841465925,0.7951410335598106,0.20485896644018942,0.5,0.31,4857.0,3862.0,995.0,0.6961988163015858,0.2203954518243519,0.6303574109733224,0.2256293519014461,0.4608392242128614,0.48960535485414325,3862.0,995.0,4857.0,0.65037493304767,0.6734609841465925,4825.0,0.677720207253886,0.9486238532110092,3270.0,2643.0,0.6004540295119183,0.10649023314429741,1587.0
1.0,0.5,0.32,7468.0,0.664301017675415,0.6530295183842568,0.7461328480436761,0.6995811832139665,0.6419389394750937,0.6736545051400927,0.7784720822414836,0.22152791775851643,0.5,0.32,4961.0,3862.0,1099.0,0.6961988163015858,0.2203954518243519,0.6303574109733224,0.23071772897696838,0.46560889633814273,0.4955183004265719,3862.0,1099.0,4961.0,0.664301017675415,0.6736545051400927,4825.0,0.6926424870466321,0.9494314781567923,3342.0,2643.0,0.6125614831630722,0.10438542310067943,1619.0
1.0,0.5,0.33,7468.0,0.6794322442420996,0.6530295183842568,0.7367986798679867,0.6949140991261218,0.6419389394750937,0.6730390224674813,0.7611351990540007,0.2388648009459992,0.5,0.33,5074.0,3862.0,1212.0,0.6961988163015858,0.2203954518243519,0.6303574109733224,0.23513658275307978,0.4713256101088821,0.49888352703507943,3862.0,1212.0,5074.0,0.6794322442420996,0.6730390224674813,4825.0,0.7077720207253886,0.9505124450951684,3415.0,2643.0,0.6276958002270148,0.10186859553948162,1659.0
1.0,0.5,0.34,7468.0,0.6955008034279593,0.6530295183842568,0.7252252252252253,0.689127371804741,0.6419389394750937,0.6715440893338468,0.7435502502887947,0.2564497497112052,0.5,0.34,5194.0,3862.0,1332.0,0.6961988163015858,0.2203954518243519,0.6303574109733224,0.23861810391001614,0.47795538469502735,0.4992476527119221,3862.0,1332.0,5194.0,0.6955008034279593,0.6715440893338468,4825.0,0.7233160621761658,0.951002865329513,3490.0,2643.0,0.64472190692395,0.09917840375586855,1704.0
1.0,0.5,0.35,7468.0,0.7094268880557043,0.6530295183842568,0.7137883008356546,0.6834089096099557,0.6419389394750937,0.6694979237448093,0.7289543223858059,0.271045677614194,0.5,0.35,5298.0,3862.0,1436.0,0.6961988163015858,0.2203954518243519,0.6303574109733224,0.2404927691483663,0.48421798753626344,0.49666219623936547,3862.0,1436.0,5298.0,0.7094268880557043,0.6694979237448093,4825.0,0.7353367875647668,0.951803833145434,3548.0,2643.0,0.6621263715474839,0.09714285714285714,1750.0
1.0,0.5,0.36,7468.0,0.7269683985002678,0.6530295183842568,0.7077217613273772,0.680375639855817,0.6419389394750937,0.6688156198194879,0.711364892245349,0.28863510775465095,0.5,0.36,5429.0,3862.0,1567.0,0.6961988163015858,0.2203954518243519,0.6303574109733224,0.24544724156400638,0.490673596669039,0.500225084924554,3862.0,1567.0,5429.0,0.7269683985002678,0.6688156198194879,4825.0,0.7527461139896373,0.9523678414096917,3632.0,2643.0,0.6799091940976163,0.09571508069003895,1797.0
1.0,0.5,0.37,7468.0,0.7449116229244778,0.6530295183842568,0.7042915931804821,0.6786605557823695,0.6419389394750937,0.6687039367247888,0.694229732158907,0.30577026784109296,0.5,0.37,5563.0,3862.0,1701.0,0.6961988163015858,0.2203954518243519,0.6303574109733224,0.2513390465988216,0.4967758932988074,0.5059405055463165,3862.0,1701.0,5563.0,0.7449116229244778,0.6687039367247888,4825.0,0.7711917098445595,0.9527008868583714,3721.0,2643.0,0.6969353007945517,0.09500542888165038,1842.0
1.0,0.5,0.38,7468.0,0.762185324049277,0.6530295183842568,0.7,0.6765147591921283,0.6419389394750937,0.6681307097680955,0.6784961349262122,0.32150386507378775,0.5,0.38,5692.0,3862.0,1830.0,0.6961988163015858,0.2203954518243519,0.6303574109733224,0.2562935190144616,0.5029372749333735,0.5095934061527136,3862.0,1830.0,5692.0,0.762185324049277,0.6681307097680955,4825.0,0.7877720207253887,0.9531702183635885,3801.0,2643.0,0.7154748391978812,0.09518773135906927,1891.0
1.0,0.5,0.39,7468.0,0.7794590251740761,0.6530295183842568,0.6962736089841756,0.6746515636842162,0.6419389394750937,0.6675828895378801,0.6634598866174197,0.33654011338258033,0.5,0.39,5821.0,3862.0,1959.0,0.6961988163015858,0.2203954518243519,0.6303574109733224,0.26124799143010186,0.5090240828015774,0.51323306746557,3862.0,1959.0,5821.0,0.7794590251740761,0.6675828895378801,4825.0,0.805181347150259,0.9526383526383526,3885.0,2643.0,0.7325009458948165,0.09555785123966942,1936.0
1.0,0.5,0.4,7468.0,0.7984734868773433,0.6530295183842568,0.6939552594002856,0.6734923888922713,0.6419389394750937,0.6674492705014254,0.6476605735368103,0.35233942646318966,0.5,0.4,5963.0,3862.0,2101.0,0.6961988163015858,0.2203954518243519,0.6303574109733224,0.26740760578468126,0.5152988846740608,0.5189368999970243,3862.0,2101.0,5963.0,0.7984734868773433,0.6674492705014254,4825.0,0.824041450777202,0.9527162977867203,3976.0,2643.0,0.7517972001513432,0.09662808253648716,1987.0
1.0,0.5,0.41,7468.0,0.8157471880021425,0.6530295183842568,0.6923766816143497,0.6727030999993033,0.6419389394750937,0.6674326986211425,0.633946158896914,0.36605384110308603,0.5,0.41,6092.0,3862.0,2230.0,0.6961988163015858,0.2203954518243519,0.6303574109733224,0.27316550615961444,0.5208558734633449,0.5244550749581561,3862.0,2230.0,6092.0,0.8157471880021425,0.6674326986211425,4825.0,0.8416580310880829,0.9512435360748585,4061.0,2643.0,0.7684449489216799,0.0999507631708518,2031.0
1.0,0.5,0.42,7468.0,0.834895554365292,0.6530295183842568,0.6822587442056468,0.6676441312949518,0.6419389394750937,0.6641539695268645,0.6194065757818765,0.3805934242181235,0.5,0.42,6235.0,3862.0,2373.0,0.6961988163015858,0.2203954518243519,0.6303574109733224,0.2741028387787895,0.5295246526775229,0.5176394288590683,3862.0,2373.0,6235.0,0.834895554365292,0.6641539695268645,4825.0,0.8569948186528498,0.9494558645707376,4135.0,2643.0,0.7945516458569807,0.10238095238095238,2100.0
1.0,0.5,0.43,7468.0,0.8559185859667916,0.6530295183842568,0.675098814229249,0.6640641663067529,0.6419389394750937,0.6617647058823529,0.6041927409261577,0.3958072590738423,0.5,0.43,6392.0,3862.0,2530.0,0.6961988163015858,0.2203954518243519,0.6303574109733224,0.2769148366363149,0.5380537841751867,0.5146601413849611,3862.0,2530.0,6392.0,0.8559185859667916,0.6617647058823529,4825.0,0.8758549222797928,0.945338381448178,4226.0,2643.0,0.8195232690124858,0.1084949215143121,2166.0
1.0,0.5,0.44,7468.0,0.8746652383502946,0.6530295183842568,0.6655430711610487,0.6592862947726528,0.6419389394750937,0.6581445192896509,0.5912431108389468,0.4087568891610533,0.5,0.44,6532.0,3862.0,2670.0,0.6961988163015858,0.2203954518243519,0.6303574109733224,0.27664702731655055,0.5468172505662857,0.5059222748186053,3862.0,2670.0,6532.0,0.8746652383502946,0.6581445192896509,4825.0,0.8903626943005182,0.9425046554934823,4296.0,2643.0,0.8460083238743852,0.11180679785330948,2236.0
1.0,0.5,0.45,7468.0,0.8971612212104981,0.6530295183842568,0.6613812544045102,0.6572053863943835,0.6419389394750937,0.6565671641791044,0.5764179104477611,0.4235820895522388,0.5,0.45,6700.0,3862.0,2838.0,0.6961988163015858,0.2203954518243519,0.6303574109733224,0.2809319764327798,0.555080735018663,0.5061101182395283,3862.0,2838.0,6700.0,0.8971612212104981,0.6565671641791044,4825.0,0.9110880829015544,0.9392629663330301,4396.0,2643.0,0.8717366628830874,0.1171875,2304.0
1.0,0.5,0.46,7468.0,0.9188537761114087,0.6530295183842568,0.6513333333333333,0.652181425858795,0.6419389394750937,0.6522879626930924,0.5628096764791606,0.4371903235208394,0.5,0.46,6862.0,3862.0,3000.0,0.6961988163015858,0.2203954518243519,0.6303574109733224,0.2798607391537226,0.5652402307681603,0.495118223933552,3862.0,3000.0,6862.0,0.9188537761114087,0.6522879626930924,4825.0,0.9293264248704663,0.9337644959857271,4484.0,2643.0,0.899735149451381,0.12153069806560135,2378.0
1.0,0.5,0.47,7468.0,0.9400107123727905,0.6530295183842568,0.6478784040531982,0.6504539612187274,0.6419389394750937,0.6507122507122507,0.5501424501424501,0.44985754985754983,0.5,0.47,7020.0,3862.0,3158.0,0.6961988163015858,0.2203954518243519,0.6303574109733224,0.2833422603106588,0.573004560218386,0.494485175131364,3862.0,3158.0,7020.0,0.9400107123727905,0.6507122507122507,4825.0,0.9461139896373058,0.9290251916757941,4565.0,2643.0,0.9288687097994703,0.13319755600814664,2455.0
1.0,0.5,0.48,7468.0,0.960765934654526,0.6530295183842568,0.6426199818895261,0.6478247501368914,0.6419389394750937,0.6482229965156795,0.5382578397212544,0.46174216027874565,0.5,0.48,7175.0,3862.0,3313.0,0.6961988163015858,0.2203954518243519,0.6303574109733224,0.28481521156936274,0.581356484046219,0.48991491345733296,3862.0,3313.0,7175.0,0.960765934654526,0.6482229965156795,4825.0,0.9649740932642487,0.9237542955326461,4656.0,2643.0,0.9530836171017782,0.1389440254069075,2519.0
1.0,0.5,0.49,7468.0,0.9799143010176754,0.6530295183842568,0.6368634259259259,0.6449464721550914,0.6419389394750937,0.6453949166438918,0.5277398196228478,0.4722601803771522,0.5,0.49,7318.0,3862.0,3456.0,0.6961988163015858,0.2203954518243519,0.6303574109733224,0.28494911622924485,0.5894765410041483,0.48339347948239997,3862.0,3456.0,7318.0,0.9799143010176754,0.6453949166438918,4825.0,0.9815544041450778,0.9174408783783784,4736.0,2643.0,0.9769201664774877,0.1463981409759876,2582.0
1.0,0.51,0.2,7468.0,0.5287895018746652,0.6585695006747638,0.8319672131147541,0.7452683568947589,0.6419389394750937,0.6692833628766777,0.9382122056216764,0.06178779437832363,0.51,0.2,3949.0,3705.0,244.0,0.6961988163015858,0.2203954518243519,0.6303574109733224,0.17903053026245316,0.41818594644739804,0.42811225911192285,3705.0,244.0,3949.0,0.5287895018746652,0.6692833628766777,4825.0,0.5477720207253886,0.9481649640559969,2643.0,2643.0,0.4941354521377223,0.10490045941807044,1306.0
1.0,0.51,0.21,7468.0,0.5329405463310123,0.6585695006747638,0.8290909090909091,0.7438302048828365,0.6419389394750937,0.6703517587939698,0.9309045226130653,0.06909547738693467,0.51,0.21,3980.0,3705.0,275.0,0.6961988163015858,0.2203954518243519,0.6303574109733224,0.1815747188002142,0.41914545657253527,0.43320216395758965,3705.0,275.0,3980.0,0.5329405463310123,0.6703517587939698,4825.0,0.5529533678756476,0.9486506746626686,2668.0,2643.0,0.4964055996973137,0.10442073170731707,1312.0
1.0,0.51,0.22,7468.0,0.539234065345474,0.6585695006747638,0.8136645962732919,0.7361170484740278,0.6419389394750937,0.6709709461137323,0.9200397318102806,0.0799602681897194,0.51,0.22,4027.0,3705.0,322.0,0.6961988163015858,0.2203954518243519,0.6303574109733224,0.1843867166577397,0.42121689703033893,0.437747673366624,3705.0,322.0,4027.0,0.539234065345474,0.6709709461137323,4825.0,0.56,0.9492968171724648,2702.0,2643.0,0.501324252743095,0.10339622641509434,1325.0
1.0,0.51,0.23,7468.0,0.5456614890198179,0.6585695006747638,0.8,0.7292847503373819,0.6419389394750937,0.6714110429447853,0.90920245398773,0.09079754601226994,0.51,0.23,4075.0,3705.0,370.0,0.6961988163015858,0.2203954518243519,0.6303574109733224,0.18706480985538296,0.42343634655307694,0.4417778761274447,3705.0,370.0,4075.0,0.5456614890198179,0.6714110429447853,4825.0,0.5670466321243524,0.9499269005847953,2736.0,2643.0,0.5066212637154749,0.10231516056758776,1339.0
1.0,0.51,0.24,7468.0,0.5543652919121586,0.6585695006747638,0.7908045977011494,0.7246870491879567,0.6419389394750937,0.672463768115942,0.894927536231884,0.10507246376811594,0.51,0.24,4140.0,3705.0,435.0,0.6961988163015858,0.2203954518243519,0.6303574109733224,0.19121585431173002,0.42611585138341695,0.4487414718108549,3705.0,435.0,4140.0,0.5543652919121586,0.672463768115942,4825.0,0.5769948186528497,0.9507902298850575,2784.0,2643.0,0.5130533484676504,0.10103244837758112,1356.0
1.0,0.51,0.25,7468.0,0.561328334226031,0.6585695006747638,0.7946611909650924,0.726615345819928,0.6419389394750937,0.6743797709923665,0.8838263358778626,0.11617366412213741,0.51,0.25,4192.0,3705.0,487.0,0.6961988163015858,0.2203954518243519,0.6303574109733224,0.19576861274772364,0.427527614007743,0.4579086972009674,3705.0,487.0,4192.0,0.561328334226031,0.6743797709923665,4825.0,0.5859067357512954,0.9515387336399009,2827.0,2643.0,0.5164585698070374,0.10036630036630037,1365.0
1.0,0.51,0.26,7468.0,0.5694965184788431,0.6585695006747638,0.7846715328467153,0.7216205167607396,0.6419389394750937,0.6748177756877498,0.8711497766282624,0.1288502233717376,0.51,0.26,4253.0,3705.0,548.0,0.6961988163015858,0.2203954518243519,0.6303574109733224,0.1991162292447777,0.4303372452124411,0.4626981081929862,3705.0,548.0,4253.0,0.5694965184788431,0.6748177756877498,4825.0,0.5948186528497409,0.9522648083623694,2870.0,2643.0,0.5232690124858116,0.09906001446131597,1383.0
1.0,0.51,0.27,7468.0,0.5777986073915372,0.6585695006747638,0.7754098360655738,0.7169896683701689,0.6419389394750937,0.6750869061413673,0.8586326767091541,0.1413673232908459,0.51,0.27,4315.0,3705.0,610.0,0.6961988163015858,0.2203954518243519,0.6303574109733224,0.20232994108194968,0.4332832020224114,0.4669692712238686,3705.0,610.0,4315.0,0.5777986073915372,0.6750869061413673,4825.0,0.6035233160621761,0.9529532967032966,2912.0,2643.0,0.5308361710177828,0.09836065573770492,1403.0
1.0,0.51,0.28,7468.0,0.5903856454204607,0.6585695006747638,0.7613636363636364,0.7099665685192,0.6419389394750937,0.6749829893399864,0.8403266046722613,0.15967339532773872,0.51,0.28,4409.0,3705.0,704.0,0.6961988163015858,0.2203954518243519,0.6303574109733224,0.20661489019817886,0.4380472321692501,0.47167263031203954,3705.0,704.0,4409.0,0.5903856454204607,0.6749829893399864,4825.0,0.616580310880829,0.9539495798319327,2975.0,2643.0,0.5425652667423383,0.09623430962343096,1434.0
1.0,0.51,0.29,7468.0,0.6035083020889127,0.6585695006747638,0.7506234413965087,0.7045964710356363,0.6419389394750937,0.674950077656978,0.822054581761704,0.177945418238296,0.51,0.29,4507.0,3705.0,802.0,0.6961988163015858,0.2203954518243519,0.6303574109733224,0.21116764863417245,0.44291119508019905,0.47677198269042576,3705.0,802.0,4507.0,0.6035083020889127,0.674950077656978,4825.0,0.6302590673575129,0.954949029924367,3041.0,2643.0,0.5546727203934922,0.0941336971350614,1466.0
1.0,0.51,0.3,7468.0,0.6159614354579539,0.6585695006747638,0.7508379888268156,0.7047037447507898,0.6419389394750937,0.6765217391304348,0.8054347826086956,0.19456521739130433,0.51,0.3,4600.0,3705.0,895.0,0.6961988163015858,0.2203954518243519,0.6303574109733224,0.21746116764863416,0.4463744324047468,0.48717209558152474,3705.0,895.0,4600.0,0.6159614354579539,0.6765217391304348,4825.0,0.644559585492228,0.9559485530546624,3110.0,2643.0,0.5637533106318577,0.09328859060402685,1490.0
1.0,0.51,0.31,7468.0,0.6293519014461704,0.6585695006747638,0.7527638190954774,0.7056666598851207,0.6419389394750937,0.6785106382978724,0.7882978723404256,0.21170212765957447,0.51,0.31,4700.0,3705.0,995.0,0.6961988163015858,0.2203954518243519,0.6303574109733224,0.22469201928227112,0.4498110059591135,0.4995253924549258,3705.0,995.0,4700.0,0.6293519014461704,0.6785106382978724,4825.0,0.660518134715026,0.9570128647631001,3187.0,2643.0,0.5724555429436247,0.09187045604758758,1513.0
1.0,0.51,0.32,7468.0,0.6432779860739154,0.6585695006747638,0.7461328480436761,0.7023511743592199,0.6419389394750937,0.678601165695254,0.7712323064113239,0.2287676935886761,0.51,0.32,4804.0,3705.0,1099.0,0.6961988163015858,0.2203954518243519,0.6303574109733224,0.2297803963577933,0.45469637656139406,0.5053490817223785,3705.0,1099.0,4804.0,0.6432779860739154,0.678601165695254,4825.0,0.675440414507772,0.9576557226142989,3259.0,2643.0,0.5845629965947786,0.08996763754045307,1545.0
1.0,0.51,0.33,7468.0,0.6584092126405999,0.6585695006747638,0.7367986798679867,0.6976840902713752,0.6419389394750937,0.6778523489932886,0.7535082367297132,0.24649176327028677,0.51,0.33,4917.0,3705.0,1212.0,0.6961988163015858,0.2203954518243519,0.6303574109733224,0.2341992501339047,0.46054856557517104,0.5085223744892514,3705.0,1212.0,4917.0,0.6584092126405999,0.6778523489932886,4825.0,0.6905699481865285,0.9585834333733494,3332.0,2643.0,0.5996973136587211,0.08769716088328075,1585.0
1.0,0.51,0.34,7468.0,0.6744777718264595,0.6585695006747638,0.7252252252252253,0.6918973629499945,0.6419389394750937,0.6761961485010919,0.7355568790946992,0.26444312090530075,0.51,0.34,5037.0,3705.0,1332.0,0.6961988163015858,0.2203954518243519,0.6303574109733224,0.23768077129084086,0.4673312532538449,0.5085916459384271,3705.0,1332.0,5037.0,0.6744777718264595,0.6761961485010919,4825.0,0.7061139896373057,0.9589081303199296,3407.0,2643.0,0.6167234203556564,0.0852760736196319,1630.0
1.0,0.51,0.35,7468.0,0.6884038564542047,0.6585695006747638,0.7137883008356546,0.6861789007552093,0.6419389394750937,0.6739933865006807,0.7206769111067886,0.27932308889321145,0.51,0.35,5141.0,3705.0,1436.0,0.6961988163015858,0.2203954518243519,0.6303574109733224,0.23955543652919115,0.47373432423934275,0.5056746456230213,3705.0,1436.0,5141.0,0.6884038564542047,0.6739933865006807,4825.0,0.7181347150259068,0.9595959595959596,3465.0,2643.0,0.6341278849791903,0.08353221957040573,1676.0
1.0,0.51,0.36,7468.0,0.7059453668987681,0.6585695006747638,0.7077217613273772,0.6831456310010705,0.6419389394750937,0.6731790591805766,0.7027693474962063,0.2972306525037936,0.51,0.36,5272.0,3705.0,1567.0,0.6961988163015858,0.2203954518243519,0.6303574109733224,0.2445099089448313,0.4803308536591923,0.5090447700416049,3705.0,1567.0,5272.0,0.7059453668987681,0.6731790591805766,4825.0,0.7355440414507772,0.9599887292194984,3549.0,2643.0,0.6519107075293228,0.0824143934997098,1723.0
1.0,0.51,0.37,7468.0,0.723888591322978,0.6585695006747638,0.7042915931804821,0.681430546927623,0.6419389394750937,0.6729559748427673,0.6853496115427303,0.3146503884572697,0.51,0.37,5406.0,3705.0,1701.0,0.6961988163015858,0.2203954518243519,0.6303574109733224,0.25040171397964645,0.4865628825461985,0.5146338180777099,3705.0,1701.0,5406.0,0.723888591322978,0.6729559748427673,4825.0,0.7539896373056995,0.9601429356789445,3638.0,2643.0,0.6689368142262581,0.08201357466063348,1768.0
1.0,0.51,0.38,7468.0,0.7411622924477772,0.6585695006747638,0.7,0.6792847503373819,0.6419389394750937,0.6722673893405601,0.6693766937669376,0.33062330623306235,0.51,0.38,5535.0,3705.0,1830.0,0.6961988163015858,0.2203954518243519,0.6303574109733224,0.25535618639528657,0.49285195852937963,0.5181194514418561,3705.0,1830.0,5535.0,0.7411622924477772,0.6722673893405601,4825.0,0.7705699481865285,0.9604626143087681,3718.0,2643.0,0.6874763526295876,0.0825536598789213,1817.0
1.0,0.51,0.39,7468.0,0.7584359935725763,0.6585695006747638,0.6962736089841756,0.6774215548294698,0.6419389394750937,0.6716101694915254,0.6541313559322034,0.3458686440677966,0.51,0.39,5664.0,3705.0,1959.0,0.6961988163015858,0.2203954518243519,0.6303574109733224,0.2603106588109266,0.4990617871374494,0.5216000613952696,3705.0,1959.0,5664.0,0.7584359935725763,0.6716101694915254,4825.0,0.7879792746113989,0.9597580220936349,3802.0,2643.0,0.7045024593265229,0.08324382384532761,1862.0
1.0,0.51,0.4,7468.0,0.7774504552758436,0.6585695006747638,0.6939552594002856,0.6762623800375247,0.6419389394750937,0.6713744402342404,0.6381329658973476,0.3618670341026524,0.51,0.4,5806.0,3705.0,2101.0,0.6961988163015858,0.2203954518243519,0.6303574109733224,0.2664702731655061,0.5054602764364068,0.5271834120065246,3705.0,2101.0,5806.0,0.7774504552758436,0.6713744402342404,4825.0,0.806839378238342,0.9596712047264321,3893.0,2643.0,0.7237987135830496,0.08468374281233665,1913.0
1.0,0.51,0.41,7468.0,0.7947241564006428,0.6585695006747638,0.6923766816143497,0.6754730911445568,0.6419389394750937,0.6712721145745577,0.624262847514743,0.37573715248525696,0.51,0.41,5935.0,3705.0,2230.0,0.6961988163015858,0.2203954518243519,0.6303574109733224,0.2722281735404392,0.5111242426554445,0.5326066557245099,3705.0,2230.0,5935.0,0.7947241564006428,0.6712721145745577,4825.0,0.8244559585492228,0.9580191050779286,3978.0,2643.0,0.7404464623533863,0.08840061318344404,1957.0
1.0,0.51,0.42,7468.0,0.8138725227637922,0.6585695006747638,0.6822587442056468,0.6704141224402054,0.6419389394750937,0.6678183613030603,0.6095755182625864,0.3904244817374136,0.51,0.42,6078.0,3705.0,2373.0,0.6961988163015858,0.2203954518243519,0.6303574109733224,0.27316550615961444,0.5199552945226049,0.5253634476602846,3705.0,2373.0,6078.0,0.8138725227637922,0.6678183613030603,4825.0,0.8397927461139897,0.956071076011846,4052.0,2643.0,0.7665531592886871,0.09131293188548864,2026.0
1.0,0.51,0.43,7468.0,0.834895554365292,0.6585695006747638,0.675098814229249,0.6668341574520065,0.6419389394750937,0.6652766639935846,0.5942261427425822,0.4057738572574178,0.51,0.43,6235.0,3705.0,2530.0,0.6961988163015858,0.2203954518243519,0.6303574109733224,0.2759775040171399,0.5286388419082313,0.5220530202074104,3705.0,2530.0,6235.0,0.834895554365292,0.6652766639935846,4825.0,0.8586528497409326,0.9517258025585325,4143.0,2643.0,0.7915247824441922,0.0979923518164436,2092.0
1.0,0.51,0.44,7468.0,0.8536422067487949,0.6585695006747638,0.6655430711610487,0.6620562859179062,0.6419389394750937,0.6614901960784314,0.5811764705882353,0.4188235294117647,0.51,0.44,6375.0,3705.0,2670.0,0.6961988163015858,0.2203954518243519,0.6303574109733224,0.27570969469737555,0.5375558166606605,0.5128950076479613,3705.0,2670.0,6375.0,0.8536422067487949,0.6614901960784314,4825.0,0.873160621761658,0.9487301210538809,4213.0,2643.0,0.8180098373060916,0.10175763182238667,2162.0
1.0,0.51,0.45,7468.0,0.8761381896089984,0.6585695006747638,0.6613812544045102,0.6599753775396371,0.6419389394750937,0.6597890875745072,0.5662540119211371,0.4337459880788629,0.51,0.45,6543.0,3705.0,2838.0,0.6961988163015858,0.2203954518243519,0.6303574109733224,0.2799946438136048,0.5459594974883181,0.5128487462929351,3705.0,2838.0,6543.0,0.8761381896089984,0.6597890875745072,4825.0,0.8938860103626943,0.9452817064688153,4313.0,2643.0,0.8437381763147938,0.10762331838565023,2230.0
1.0,0.51,0.46,7468.0,0.897830744509909,0.6585695006747638,0.6513333333333333,0.6549514170040486,0.6419389394750937,0.6553318419090232,0.5525727069351231,0.44742729306487694,0.51,0.46,6705.0,3705.0,3000.0,0.6961988163015858,0.2203954518243519,0.6303574109733224,0.2789234065345475,0.5562856001980284,0.5014032476038485,3705.0,3000.0,6705.0,0.897830744509909,0.6553318419090232,4825.0,0.9121243523316063,0.9395591910929334,4401.0,2643.0,0.8717366628830874,0.11241319444444445,2304.0
1.0,0.51,0.47,7468.0,0.9189876807712909,0.6585695006747638,0.6478784040531982,0.653223952363981,0.6419389394750937,0.6536500072854436,0.5398513769488562,0.4601486230511438,0.51,0.47,6863.0,3705.0,3158.0,0.6961988163015858,0.2203954518243519,0.6303574109733224,0.2824049276914836,0.5641731795644876,0.5005642556590257,3705.0,3158.0,6863.0,0.9189876807712909,0.6536500072854436,4825.0,0.9289119170984456,0.9346273984828202,4482.0,2643.0,0.9008702232311767,0.124737505249895,2381.0
1.0,0.51,0.48,7468.0,0.9397429030530262,0.6585695006747638,0.6426199818895261,0.6505947412821449,0.6419389394750937,0.6510401823881448,0.5279281846679966,0.47207181533200343,0.51,0.48,7018.0,3705.0,3313.0,0.6961988163015858,0.2203954518243519,0.6303574109733224,0.28387787895018746,0.5726539199651212,0.49572327902248137,3705.0,3313.0,7018.0,0.9397429030530262,0.6510401823881448,4825.0,0.9477720207253886,0.92914935490925,4573.0,2643.0,0.9250851305334846,0.130879345603272,2445.0
1.0,0.51,0.49,7468.0,0.9588912694161756,0.6585695006747638,0.6368634259259259,0.6477164633003449,0.6419389394750937,0.6480938416422287,0.5173858399664851,0.48261416003351487,0.51,0.49,7161.0,3705.0,3456.0,0.6961988163015858,0.2203954518243519,0.6303574109733224,0.28401178361006957,0.5808956385643234,0.48892049579163877,3705.0,3456.0,7161.0,0.9588912694161756,0.6480938416422287,4825.0,0.9643523316062176,0.9226305609284333,4653.0,2643.0,0.9489216799091941,0.13875598086124402,2508.0
1.0,0.51,0.5,7468.0,0.9789769683985002,0.6585695006747638,0.6300610094287299,0.6443152550517468,0.6419389394750937,0.6445082752017508,0.5067706196142798,0.4932293803857202,0.51,0.5,7311.0,3705.0,3606.0,0.6961988163015858,0.2203954518243519,0.6303574109733224,0.28294054633101234,0.5899306832448571,0.47961659626640374,3705.0,3606.0,7311.0,0.9789769683985002,0.6445082752017508,4825.0,0.9827979274611399,0.9131168283424715,4742.0,2643.0,0.9720015134317064,0.14869599065784353,2569.0
1.0,0.52,0.2,7468.0,0.511381896089984,0.6643356643356644,0.8319672131147541,0.7481514387252093,0.6419389394750937,0.6750458235140089,0.9361089290390154,0.06389107096098455,0.52,0.2,3819.0,3575.0,244.0,0.6961988163015858,0.2203954518243519,0.6303574109733224,0.17903053026245314,0.40764651711227146,0.43918081658268077,3575.0,244.0,3819.0,0.511381896089984,0.6750458235140089,4825.0,0.532020725388601,0.9579275418776783,2567.0,2643.0,0.47370412410139995,0.0950479233226837,1252.0
1.0,0.52,0.21,7468.0,0.515532940546331,0.6643356643356644,0.8290909090909091,0.7467132867132867,0.6419389394750937,0.6761038961038961,0.9285714285714286,0.07142857142857142,0.52,0.21,3850.0,3575.0,275.0,0.6961988163015858,0.2203954518243519,0.6303574109733224,0.18157471880021425,0.408630775729213,0.44434910335911215,3575.0,275.0,3850.0,0.515532940546331,0.6761038961038961,4825.0,0.5372020725388601,0.9583333333333334,2592.0,2643.0,0.4759742716609913,0.0945945945945946,1258.0
1.0,0.52,0.22,7468.0,0.5218264595607928,0.6643356643356644,0.8136645962732919,0.7390001303044782,0.6419389394750937,0.6766743648960739,0.9173723376956633,0.08262766230433667,0.52,0.22,3897.0,3575.0,322.0,0.6961988163015858,0.2203954518243519,0.6303574109733224,0.1843867166577397,0.4107552451905228,0.44889680367249996,3575.0,322.0,3897.0,0.5218264595607928,0.6766743648960739,4825.0,0.5442487046632124,0.9588728103579589,2626.0,2643.0,0.4808929247067726,0.0936270653029111,1271.0
1.0,0.52,0.23,7468.0,0.5282538832351366,0.6643356643356644,0.8,0.7321678321678322,0.6419389394750937,0.6770595690747782,0.9062103929024081,0.09378960709759189,0.52,0.23,3945.0,3575.0,370.0,0.6961988163015858,0.2203954518243519,0.6303574109733224,0.1870648098553829,0.4130309149323774,0.45290752602867435,3575.0,370.0,3945.0,0.5282538832351366,0.6770595690747782,4825.0,0.5512953367875648,0.9593984962406015,2660.0,2643.0,0.4861899356791525,0.09260700389105059,1285.0
1.0,0.52,0.24,7468.0,0.5369576861274772,0.6643356643356644,0.7908045977011494,0.7275701310184068,0.6419389394750937,0.6780548628428927,0.8915211970074813,0.1084788029925187,0.52,0.24,4010.0,3575.0,435.0,0.6961988163015858,0.2203954518243519,0.6303574109733224,0.19121585431173,0.4157774836470508,0.4598994939178841,3575.0,435.0,4010.0,0.5369576861274772,0.6780548628428927,4825.0,0.5612435233160622,0.9601181683899557,2708.0,2643.0,0.492622020431328,0.0913978494623656,1302.0
1.0,0.52,0.25,7468.0,0.5439207284413498,0.6643356643356644,0.7946611909650924,0.7294984276503784,0.6419389394750937,0.6799606105366814,0.8801083210241261,0.11989167897587395,0.52,0.25,4062.0,3575.0,487.0,0.6961988163015858,0.2203954518243519,0.6303574109733224,0.1957686127477236,0.41722422969766876,0.46921678755230134,3575.0,487.0,4062.0,0.5439207284413498,0.6799606105366814,4825.0,0.5701554404145077,0.960741548527808,2751.0,2643.0,0.4960272417707151,0.09077040427154844,1311.0
1.0,0.52,0.26,7468.0,0.5520889126941617,0.6643356643356644,0.7846715328467153,0.7245035985911898,0.6419389394750937,0.6803298569003153,0.8670870725200097,0.1329129274799903,0.52,0.26,4123.0,3575.0,548.0,0.6961988163015858,0.2203954518243519,0.6303574109733224,0.19911622924477773,0.4201027751927997,0.47397027823345467,3575.0,548.0,4123.0,0.5520889126941617,0.6803298569003153,4825.0,0.5790673575129534,0.9613457408732999,2794.0,2643.0,0.5028376844494892,0.08954100827689992,1329.0
1.0,0.52,0.27,7468.0,0.560391001606856,0.6643356643356644,0.7754098360655738,0.719872750200619,0.6419389394750937,0.6805256869772999,0.8542413381123058,0.14575866188769415,0.52,0.27,4185.0,3575.0,610.0,0.6961988163015858,0.2203954518243519,0.6303574109733224,0.20232994108194965,0.4231199951106697,0.4781857237189393,3575.0,610.0,4185.0,0.560391001606856,0.6805256869772999,4825.0,0.5877720207253886,0.9619181946403385,2836.0,2643.0,0.5104048429814605,0.08895478131949593,1349.0
1.0,0.52,0.28,7468.0,0.5729780396357793,0.6643356643356644,0.7613636363636364,0.7128496503496504,0.6419389394750937,0.6802991353119888,0.8354755784061697,0.16452442159383032,0.52,0.28,4279.0,3575.0,704.0,0.6961988163015858,0.2203954518243519,0.6303574109733224,0.20661489019817894,0.42799716671819243,0.482748266261821,3575.0,704.0,4279.0,0.5729780396357793,0.6802991353119888,4825.0,0.6008290155440414,0.9627457744049672,2899.0,2643.0,0.5221339387060159,0.08695652173913043,1380.0
1.0,0.52,0.29,7468.0,0.5861006963042313,0.6643356643356644,0.7506234413965087,0.7074795528660865,0.6419389394750937,0.680146218871373,0.8167694768106009,0.18323052318939914,0.52,0.29,4377.0,3575.0,802.0,0.6961988163015858,0.2203954518243519,0.6303574109733224,0.21116764863417242,0.4329740452209918,0.4877143352239314,3575.0,802.0,4377.0,0.5861006963042313,0.680146218871373,4825.0,0.6145077720207254,0.963575042158516,2965.0,2643.0,0.5342413923571698,0.08498583569405099,1412.0
1.0,0.52,0.3,7468.0,0.5985538296732726,0.6643356643356644,0.7508379888268156,0.70758682658124,0.6419389394750937,0.68165548098434,0.7997762863534675,0.20022371364653244,0.52,0.3,4470.0,3575.0,895.0,0.6961988163015858,0.2203954518243519,0.6303574109733224,0.21746116764863416,0.43651612915483345,0.49817441584501015,3575.0,895.0,4470.0,0.5985538296732726,0.68165548098434,4825.0,0.6288082901554404,0.964403427818062,3034.0,2643.0,0.5433219825955353,0.08426183844011143,1436.0
1.0,0.52,0.31,7468.0,0.611944295661489,0.6643356643356644,0.7527638190954774,0.7085497417155708,0.6419389394750937,0.6835886214442013,0.7822757111597374,0.21772428884026257,0.52,0.31,4570.0,3575.0,995.0,0.6961988163015858,0.2203954518243519,0.6303574109733224,0.224692019282271,0.44002970148571674,0.5106292109910323,3575.0,995.0,4570.0,0.611944295661489,0.6835886214442013,4825.0,0.6447668393782383,0.9652844744455159,3111.0,2643.0,0.5520242149073024,0.08293351610692255,1459.0
1.0,0.52,0.32,7468.0,0.625870380289234,0.6643356643356644,0.7461328480436761,0.7052342561896703,0.6419389394750937,0.6835686777920411,0.7648694908001712,0.23513050919982884,0.52,0.32,4674.0,3575.0,1099.0,0.6961988163015858,0.2203954518243519,0.6303574109733224,0.2297803963577933,0.4450224623159154,0.5163343781839832,3575.0,1099.0,4674.0,0.625870380289234,0.6835686777920411,4825.0,0.6596891191709845,0.9657555765001571,3183.0,2643.0,0.5641316685584563,0.08115358819584172,1491.0
1.0,0.52,0.33,7468.0,0.6410016068559186,0.6643356643356644,0.7367986798679867,0.7005671721018256,0.6419389394750937,0.6826822644662628,0.7468142886985586,0.2531857113014414,0.52,0.33,4787.0,3575.0,1212.0,0.6961988163015858,0.2203954518243519,0.6303574109733224,0.23419925013390464,0.45100019773943223,0.5192885752773317,3575.0,1212.0,4787.0,0.6410016068559186,0.6826822644662628,4825.0,0.674818652849741,0.9665233415233415,3256.0,2643.0,0.5792659856223988,0.0790333115610712,1531.0
1.0,0.52,0.34,7468.0,0.6570701660417783,0.6643356643356644,0.7252252252252253,0.6947804447804449,0.6419389394750937,0.6808640717342572,0.7285510495210923,0.27144895047890766,0.52,0.34,4907.0,3575.0,1332.0,0.6961988163015858,0.2203954518243519,0.6303574109733224,0.23768077129084098,0.4579243358628897,0.5190393972903127,3575.0,1332.0,4907.0,0.6570701660417783,0.6808640717342572,4825.0,0.6903626943005181,0.9666766736715701,3331.0,2643.0,0.5962920923193341,0.07677664974619289,1576.0
1.0,0.52,0.35,7468.0,0.6709962506695233,0.6643356643356644,0.7137883008356546,0.6890619825856594,0.6419389394750937,0.6785072839752544,0.7134304530033926,0.28656954699660747,0.52,0.35,5011.0,3575.0,1436.0,0.6961988163015858,0.2203954518243519,0.6303574109733224,0.23955543652919115,0.464457110043722,0.5157751519976526,3575.0,1436.0,5011.0,0.6709962506695233,0.6785072839752544,4825.0,0.7023834196891192,0.9672469755089997,3389.0,2643.0,0.613696556942868,0.0752157829839704,1622.0
1.0,0.52,0.36,7468.0,0.6885377611140868,0.6643356643356644,0.7077217613273772,0.6860287128315208,0.6419389394750937,0.6775573706728899,0.6952547646830027,0.30474523531699726,0.52,0.36,5142.0,3575.0,1567.0,0.6961988163015858,0.2203954518243519,0.6303574109733224,0.24450990894483127,0.47118353757811593,0.5189271047151022,3575.0,1567.0,5142.0,0.6885377611140868,0.6775573706728899,4825.0,0.7197927461139897,0.967463288223438,3473.0,2643.0,0.6314793794930004,0.07429598562013182,1669.0
1.0,0.52,0.37,7468.0,0.7064809855382967,0.6643356643356644,0.7042915931804821,0.6843136287580732,0.6419389394750937,0.6772175890826384,0.6775966641394996,0.3224033358605004,0.52,0.37,5276.0,3575.0,1701.0,0.6961988163015858,0.2203954518243519,0.6303574109733224,0.25040171397964656,0.47753495765161014,0.5243631067577871,3575.0,1701.0,5276.0,0.7064809855382967,0.6772175890826384,4825.0,0.7382383419689119,0.9674340258281864,3562.0,2643.0,0.6485054861899356,0.07409568261376896,1714.0
1.0,0.52,0.38,7468.0,0.7237546866630958,0.6643356643356644,0.7,0.6821678321678322,0.6419389394750937,0.6764107308048104,0.6614246068455134,0.3385753931544866,0.52,0.38,5405.0,3575.0,1830.0,0.6961988163015858,0.2203954518243519,0.6303574109733224,0.2553561863952866,0.483941370554228,0.5276593445665599,3575.0,1830.0,5405.0,0.7237546866630958,0.6764107308048104,4825.0,0.7548186528497409,0.9676002196595277,3642.0,2643.0,0.6670450245932652,0.07487237663074305,1763.0
1.0,0.52,0.39,7468.0,0.741028387787895,0.6643356643356644,0.6962736089841756,0.6803046366599199,0.6419389394750937,0.6756414889772316,0.6460065052403325,0.3539934947596675,0.52,0.39,5534.0,3575.0,1959.0,0.6961988163015858,0.2203954518243519,0.6303574109733224,0.2603106588109266,0.4902640762777589,0.5309600915230992,3575.0,1959.0,5534.0,0.741028387787895,0.6756414889772316,4825.0,0.7722279792746114,0.9667203435319377,3726.0,2643.0,0.6840711312902006,0.07577433628318585,1808.0
1.0,0.52,0.4,7468.0,0.7600428494911623,0.6643356643356644,0.6939552594002856,0.679145461867975,0.6419389394750937,0.6752995066948555,0.6298449612403101,0.3701550387596899,0.52,0.4,5676.0,3575.0,2101.0,0.6961988163015858,0.2203954518243519,0.6303574109733224,0.2664702731655061,0.49677589329880745,0.5363993638983322,3575.0,2101.0,5676.0,0.7600428494911623,0.6752995066948555,4825.0,0.7910880829015544,0.9664658108462143,3817.0,2643.0,0.7033673855467272,0.07746100053792361,1859.0
1.0,0.52,0.41,7468.0,0.7773165506159614,0.6643356643356644,0.6923766816143497,0.678356172975007,0.6419389394750937,0.6751076658053402,0.615848406546081,0.384151593453919,0.52,0.41,5805.0,3575.0,2230.0,0.6961988163015858,0.2203954518243519,0.6303574109733224,0.27222817354043916,0.5025377483709668,0.5417069153966995,3575.0,2230.0,5805.0,0.7773165506159614,0.6751076658053402,4825.0,0.8087046632124353,0.964633521271143,3902.0,2643.0,0.720015134317064,0.0814503415659485,1903.0
1.0,0.52,0.42,7468.0,0.7964649169791109,0.6643356643356644,0.6822587442056468,0.6732972042706555,0.6419389394750937,0.6714862138533961,0.6010423671822461,0.39895763281775387,0.52,0.42,5948.0,3575.0,2373.0,0.6961988163015858,0.2203954518243519,0.6303574109733224,0.27316550615961444,0.5115170626770413,0.5340300961418448,3575.0,2373.0,5948.0,0.7964649169791109,0.6714862138533961,4825.0,0.824041450777202,0.9625251509054326,3976.0,2643.0,0.7461218312523648,0.08468559837728194,1972.0
1.0,0.52,0.43,7468.0,0.8174879485806106,0.6643356643356644,0.675098814229249,0.6697172392824566,0.6419389394750937,0.6687960687960688,0.5855855855855856,0.4144144144144144,0.52,0.43,6105.0,3575.0,2530.0,0.6961988163015858,0.2203954518243519,0.6303574109733224,0.2759775040171398,0.5203414477837945,0.5303777071624137,3575.0,2530.0,6105.0,0.8174879485806106,0.6687960687960688,4825.0,0.842901554404145,0.9579542660437669,4067.0,2643.0,0.7710934544078698,0.09175662414131501,2038.0
1.0,0.52,0.44,7468.0,0.8362346009641135,0.6643356643356644,0.6655430711610487,0.6649393677483566,0.6419389394750937,0.6648518815052041,0.5724579663730984,0.4275420336269015,0.52,0.44,6245.0,3575.0,2670.0,0.6961988163015858,0.2203954518243519,0.6303574109733224,0.2757096946973754,0.5293981990273192,0.520798323840062,3575.0,2670.0,6245.0,0.8362346009641135,0.6648518815052041,4825.0,0.8574093264248704,0.9547981629199903,4137.0,2643.0,0.7975785092697693,0.09582542694497154,2108.0
1.0,0.52,0.45,7468.0,0.8587305838243171,0.6643356643356644,0.6613812544045102,0.6628584593700872,0.6419389394750937,0.6630282239201621,0.5574614065180102,0.4425385934819897,0.52,0.45,6413.0,3575.0,2838.0,0.6961988163015858,0.2203954518243519,0.6303574109733224,0.27999464381360467,0.5379293355129057,0.520504507430581,3575.0,2838.0,6413.0,0.8587305838243171,0.6630282239201621,4825.0,0.8781347150259068,0.951144677838093,4237.0,2643.0,0.8233068482784714,0.10202205882352941,2176.0
1.0,0.52,0.46,7468.0,0.8804231387252276,0.6643356643356644,0.6513333333333333,0.6578344988344988,0.6419389394750937,0.658403041825095,0.5437262357414449,0.45627376425855515,0.52,0.46,6575.0,3575.0,3000.0,0.6961988163015858,0.2203954518243519,0.6303574109733224,0.27892340653454734,0.5484066612426769,0.5086068901907816,3575.0,3000.0,6575.0,0.8804231387252276,0.658403041825095,4825.0,0.8963730569948186,0.9452023121387283,4325.0,2643.0,0.8513053348467651,0.10711111111111112,2250.0
1.0,0.52,0.47,7468.0,0.9015800749866095,0.6643356643356644,0.6478784040531982,0.6561070341944313,0.6419389394750937,0.6566166641912966,0.5309668795484925,0.4690331204515075,0.52,0.47,6733.0,3575.0,3158.0,0.6961988163015858,0.2203954518243519,0.6303574109733224,0.2824049276914837,0.5564059432173267,0.5075519611787811,3575.0,3158.0,6733.0,0.9015800749866095,0.6566166641912966,4825.0,0.913160621761658,0.9400817067635043,4406.0,2643.0,0.8804388951948543,0.11989686291362268,2327.0
1.0,0.52,0.48,7468.0,0.922335297268345,0.6643356643356644,0.6426199818895261,0.6534778231125953,0.6419389394750937,0.6538908246225319,0.5190185830429733,0.48098141695702673,0.52,0.48,6888.0,3575.0,3313.0,0.6961988163015858,0.2203954518243519,0.6303574109733224,0.2838778789501874,0.5650032824321278,0.5024358048473617,3575.0,3313.0,6888.0,0.922335297268345,0.6538908246225319,4825.0,0.932020725388601,0.9344007115855014,4497.0,2643.0,0.9046538024971623,0.12630698452530323,2391.0
1.0,0.52,0.49,7468.0,0.9414836636314944,0.6643356643356644,0.6368634259259259,0.6505995451307951,0.6419389394750937,0.650832029583274,0.5084625231119329,0.49153747688806715,0.52,0.49,7031.0,3575.0,3456.0,0.6961988163015858,0.2203954518243519,0.6303574109733224,0.2840117836100695,0.5733549860345791,0.49535068243557706,3575.0,3456.0,7031.0,0.9414836636314944,0.650832029583274,4825.0,0.94860103626943,0.9276818876993664,4577.0,2643.0,0.9284903518728718,0.13447432762836187,2454.0
1.0,0.52,0.5,7468.0,0.961569362613819,0.6643356643356644,0.6300610094287299,0.6471983368821972,0.6419389394750937,0.6471243559392842,0.4978415262498259,0.5021584737501741,0.52,0.5,7181.0,3575.0,3606.0,0.6961988163015858,0.2203954518243519,0.6303574109733224,0.2829405463310123,0.5825070026543916,0.4857290041865545,3575.0,3606.0,7181.0,0.961569362613819,0.6471243559392842,4825.0,0.9670466321243524,0.9179168452636091,4666.0,2643.0,0.9515701853953841,0.14473161033797216,2515.0
1.0,0.53,0.2,7468.0,0.492635243706481,0.6713245997088791,0.8319672131147541,0.7516459064118166,0.6419389394750937,0.6819787985865724,0.933677629790704,0.066322370209296,0.53,0.2,3679.0,3435.0,244.0,0.6961988163015858,0.2203954518243519,0.6303574109733224,0.17929833958221741,0.39581365825616954,0.452986742226505,3435.0,244.0,3679.0,0.492635243706481,0.6819787985865724,4825.0,0.517720207253886,0.9643714971977582,2498.0,2643.0,0.446840711312902,0.0846740050804403,1181.0
1.0,0.53,0.21,7468.0,0.49678628816282805,0.6713245997088791,0.8290909090909091,0.7502077543998942,0.6419389394750937,0.6830188679245283,0.9258760107816711,0.07412398921832884,0.53,0.21,3710.0,3435.0,275.0,0.6961988163015858,0.2203954518243519,0.6303574109733224,0.18184252811997853,0.3968272672352856,0.4582410109740796,3435.0,275.0,3710.0,0.49678628816282805,0.6830188679245283,4825.0,0.5229015544041451,0.9647245342845818,2523.0,2643.0,0.44911085887249336,0.08424599831508003,1187.0
1.0,0.53,0.22,7468.0,0.5030798071772897,0.6713245997088791,0.8136645962732919,0.7424945979910855,0.6419389394750937,0.6835240883683791,0.9142933191376098,0.08570668086239021,0.53,0.22,3757.0,3435.0,322.0,0.6961988163015858,0.2203954518243519,0.6303574109733224,0.18465452597750406,0.3990145869512703,0.4627763796516417,3435.0,322.0,3757.0,0.5030798071772897,0.6835240883683791,4825.0,0.5299481865284974,0.9651935862338679,2557.0,2643.0,0.4540295119182747,0.08333333333333333,1200.0
1.0,0.53,0.23,7468.0,0.5095072308516336,0.6713245997088791,0.8,0.7356622998544395,0.6419389394750937,0.6838370565045992,0.9027595269382391,0.09724047306176084,0.53,0.23,3805.0,3435.0,370.0,0.6961988163015858,0.2203954518243519,0.6303574109733224,0.18733261917514732,0.4013568310596484,0.4667483014567317,3435.0,370.0,3805.0,0.5095072308516336,0.6838370565045992,4825.0,0.5369948186528497,0.9656503280586646,2591.0,2643.0,0.45932652289065456,0.08237232289950576,1214.0
1.0,0.53,0.24,7468.0,0.5182110337439743,0.6713245997088791,0.7908045977011494,0.7310645987050143,0.6419389394750937,0.6847545219638242,0.8875968992248062,0.1124031007751938,0.53,0.24,3870.0,3435.0,435.0,0.6961988163015858,0.2203954518243519,0.6303574109733224,0.19148366363149433,0.40418273720712017,0.47375517557883745,3435.0,435.0,3870.0,0.5182110337439743,0.6847545219638242,4825.0,0.5469430051813472,0.9662751042061387,2639.0,2643.0,0.4657586076428301,0.08123476848090982,1231.0
1.0,0.53,0.25,7468.0,0.5251740760578468,0.6713245997088791,0.7946611909650924,0.7329928953369858,0.6419389394750937,0.6866394696583376,0.8758286588475268,0.12417134115247323,0.53,0.25,3922.0,3435.0,487.0,0.6961988163015858,0.2203954518243519,0.6303574109733224,0.19603642206748792,0.40567083577104657,0.4832401168175851,3435.0,487.0,3922.0,0.5251740760578468,0.6866394696583376,4825.0,0.5558549222797927,0.9668158090976883,2682.0,2643.0,0.4691638289822172,0.08064516129032258,1240.0
1.0,0.53,0.26,7468.0,0.5333422603106588,0.6713245997088791,0.7846715328467153,0.7279980662777972,0.6419389394750937,0.6869194074817977,0.8624152648757218,0.13758473512427818,0.53,0.26,3983.0,3435.0,548.0,0.6961988163015858,0.2203954518243519,0.6303574109733224,0.1993840385645421,0.40863077572921297,0.4879320168891727,3435.0,548.0,3983.0,0.5333422603106588,0.6869194074817977,4825.0,0.5647668393782384,0.9673394495412844,2725.0,2643.0,0.4759742716609913,0.0794912559618442,1258.0
1.0,0.53,0.27,7468.0,0.541644349223353,0.6713245997088791,0.7754098360655738,0.7233672178872265,0.6419389394750937,0.6870210135970334,0.8491965389369592,0.1508034610630408,0.53,0.27,4045.0,3435.0,610.0,0.6961988163015858,0.2203954518243519,0.6303574109733224,0.20259775040171402,0.4117320723611649,0.49206210543636847,3435.0,610.0,4045.0,0.541644349223353,0.6870210135970334,4825.0,0.5734715025906736,0.9678352005782436,2767.0,2643.0,0.48354143019296253,0.07902973395931143,1278.0
1.0,0.53,0.28,7468.0,0.5542313872522764,0.6713245997088791,0.7613636363636364,0.7163441180362577,0.6419389394750937,0.6866392848514133,0.8299106064266731,0.1700893935733269,0.53,0.28,4139.0,3435.0,704.0,0.6961988163015858,0.2203954518243519,0.6303574109733224,0.2068826995179432,0.41674253906598807,0.4964280823877806,3435.0,704.0,4139.0,0.5542313872522764,0.6866392848514133,4825.0,0.5865284974093264,0.9685512367491166,2830.0,2643.0,0.49527052591751797,0.07715813598166539,1309.0
1.0,0.53,0.29,7468.0,0.5673540439207284,0.6713245997088791,0.7506234413965087,0.710974020552694,0.6419389394750937,0.6863346707576116,0.8107151286287467,0.18928487137125324,0.53,0.29,4237.0,3435.0,802.0,0.6961988163015858,0.2203954518243519,0.6303574109733224,0.21143545795393684,0.421852216994762,0.5012074120652592,3435.0,802.0,4237.0,0.5673540439207284,0.6863346707576116,4825.0,0.6002072538860104,0.9692679558011049,2896.0,2643.0,0.5073779795686719,0.07531692766592095,1341.0
1.0,0.53,0.3,7468.0,0.5798071772897697,0.6713245997088791,0.7508379888268156,0.7110812942678474,0.6419389394750937,0.6877598152424942,0.7933025404157044,0.2066974595842956,0.53,0.3,4330.0,3435.0,895.0,0.6961988163015858,0.2203954518243519,0.6303574109733224,0.21772897696839846,0.4254868977544263,0.5117172305833557,3435.0,895.0,4330.0,0.5798071772897697,0.6877598152424942,4825.0,0.6145077720207254,0.9699831365935919,2965.0,2643.0,0.5164585698070374,0.07472527472527472,1365.0
1.0,0.53,0.31,7468.0,0.5931976432779861,0.6713245997088791,0.7527638190954774,0.7120442094021783,0.6419389394750937,0.6896162528216704,0.7753950338600452,0.22460496613995484,0.53,0.31,4430.0,3435.0,995.0,0.6961988163015858,0.2203954518243519,0.6303574109733224,0.2249598286020353,0.42909079148587587,0.5242709306881972,3435.0,995.0,4430.0,0.5931976432779861,0.6896162528216704,4825.0,0.6304663212435233,0.9707429322813939,3042.0,2643.0,0.5251608021188043,0.07348703170028818,1388.0
1.0,0.53,0.32,7468.0,0.6071237279057311,0.6713245997088791,0.7461328480436761,0.7087287238762776,0.6419389394750937,0.6894574327304808,0.7576091751213057,0.24239082487869432,0.53,0.32,4534.0,3435.0,1099.0,0.6961988163015858,0.2203954518243519,0.6303574109733224,0.23004820567755752,0.4342093517119211,0.5298094220462217,3435.0,1099.0,4534.0,0.6071237279057311,0.6894574327304808,4825.0,0.6453886010362694,0.9710982658959537,3114.0,2643.0,0.5372682557699584,0.07183098591549296,1420.0
1.0,0.53,0.33,7468.0,0.6222549544724156,0.6713245997088791,0.7367986798679867,0.704061639788433,0.6419389394750937,0.6884011190015064,0.7391865719819238,0.26081342801807617,0.53,0.33,4647.0,3435.0,1212.0,0.6961988163015858,0.2203954518243519,0.6303574109733224,0.234467059453669,0.44033390456490323,0.5324755986831117,3435.0,1212.0,4647.0,0.6222549544724156,0.6884011190015064,4825.0,0.660518134715026,0.9717602761217445,3187.0,2643.0,0.5524025728339008,0.06986301369863014,1460.0
1.0,0.53,0.34,7468.0,0.6383235136582753,0.6713245997088791,0.7252252252252253,0.6982749124670522,0.6419389394750937,0.6863855674428362,0.7205789804908748,0.27942101950912523,0.53,0.34,4767.0,3435.0,1332.0,0.6961988163015858,0.2203954518243519,0.6303574109733224,0.23794858061060528,0.4474231403535528,0.5318200136510124,3435.0,1332.0,4767.0,0.6383235136582753,0.6863855674428362,4825.0,0.6760621761658031,0.9717964438994482,3262.0,2643.0,0.5694286795308362,0.06777408637873754,1505.0
1.0,0.53,0.35,7468.0,0.6522495982860204,0.6713245997088791,0.7137883008356546,0.6925564502722669,0.6419389394750937,0.6838431533566003,0.705194005337713,0.294805994662287,0.53,0.35,4871.0,3435.0,1436.0,0.6961988163015858,0.2203954518243519,0.6303574109733224,0.23982324584895554,0.45410700965579953,0.5281205547360629,3435.0,1436.0,4871.0,0.6522495982860204,0.6838431533566003,4825.0,0.6880829015544041,0.9722891566265061,3320.0,2643.0,0.58683314415437,0.06640876853642812,1551.0
1.0,0.53,0.36,7468.0,0.6697911087305838,0.6713245997088791,0.7077217613273772,0.6895231805181281,0.6419389394750937,0.6827269092363055,0.6867253098760496,0.31327469012395043,0.53,0.36,5002.0,3435.0,1567.0,0.6961988163015858,0.2203954518243519,0.6303574109733224,0.24477771826459566,0.46098448480723736,0.530989060004808,3435.0,1567.0,5002.0,0.6697911087305838,0.6827269092363055,4825.0,0.7054922279792746,0.9723854289071681,3404.0,2643.0,0.6046159667045025,0.06570713391739674,1598.0
1.0,0.53,0.37,7468.0,0.6877343331547938,0.6713245997088791,0.7042915931804821,0.6878080964446807,0.6419389394750937,0.6822429906542056,0.6688084112149533,0.33119158878504673,0.53,0.37,5136.0,3435.0,1701.0,0.6961988163015858,0.2203954518243519,0.6303574109733224,0.2506695232994108,0.46747449655322537,0.5362207460463466,3435.0,1701.0,5136.0,0.6877343331547938,0.6822429906542056,4825.0,0.7239378238341969,0.9722301746349843,3493.0,2643.0,0.6216420734014377,0.06573341448569689,1643.0
1.0,0.53,0.38,7468.0,0.7050080342795929,0.6713245997088791,0.7,0.6856622998544395,0.6419389394750937,0.6812915479582147,0.6524216524216524,0.3475783475783476,0.53,0.38,5265.0,3435.0,1830.0,0.6961988163015858,0.2203954518243519,0.6303574109733224,0.25562399571505096,0.47401689767588556,0.5392719056396102,3435.0,1830.0,5265.0,0.7050080342795929,0.6812915479582147,4825.0,0.7405181347150259,0.9722921914357683,3573.0,2643.0,0.6401816118047673,0.06678486997635934,1692.0
1.0,0.53,0.39,7468.0,0.7222817354043921,0.6713245997088791,0.6962736089841756,0.6837991043465274,0.6419389394750937,0.6803856136447906,0.6368186874304783,0.3631813125695217,0.53,0.39,5394.0,3435.0,1959.0,0.6961988163015858,0.2203954518243519,0.6303574109733224,0.260578468130691,0.48047022138406303,0.5423405167131015,3435.0,1959.0,5394.0,0.7222817354043921,0.6803856136447906,4825.0,0.7579274611398964,0.9712879409351928,3657.0,2643.0,0.6572077185017026,0.06793321819228555,1737.0
1.0,0.53,0.4,7468.0,0.7412961971076594,0.6713245997088791,0.6939552594002856,0.6826399295545824,0.6419389394750937,0.6799132947976878,0.6204841040462428,0.37951589595375723,0.53,0.4,5536.0,3435.0,2101.0,0.6961988163015858,0.2203954518243519,0.6303574109733224,0.2667380824852704,0.48711298208033266,0.5475897631512541,3435.0,2101.0,5536.0,0.7412961971076594,0.6799132947976878,4825.0,0.7767875647668394,0.9709178228388474,3748.0,2643.0,0.6765039727582293,0.06991051454138703,1788.0
1.0,0.53,0.41,7468.0,0.7585698982324585,0.6713245997088791,0.6923766816143497,0.6818506406616145,0.6419389394750937,0.6796116504854369,0.6063548102383054,0.3936451897616946,0.53,0.41,5665.0,3435.0,2230.0,0.6961988163015858,0.2203954518243519,0.6303574109733224,0.27249598286020354,0.49298778654864,0.5527438818878692,3435.0,2230.0,5665.0,0.7585698982324585,0.6796116504854369,4825.0,0.7944041450777202,0.9689538220714845,3833.0,2643.0,0.6931517215285661,0.07423580786026202,1832.0
1.0,0.53,0.42,7468.0,0.7777182645956079,0.6713245997088791,0.6822587442056468,0.676791671957263,0.6419389394750937,0.6757920110192838,0.5914256198347108,0.40857438016528924,0.53,0.42,5808.0,3435.0,2373.0,0.6961988163015858,0.2203954518243519,0.6303574109733224,0.2734333154793787,0.5021379039249224,0.5445382898644141,3435.0,2373.0,5808.0,0.7777182645956079,0.6757920110192838,4825.0,0.809740932642487,0.9667263885334015,3907.0,2643.0,0.7192584184638668,0.0778537611783272,1901.0
1.0,0.53,0.43,7468.0,0.7987412961971077,0.6713245997088791,0.675098814229249,0.6732117069690641,0.6419389394750937,0.6729253981559095,0.575859178541492,0.42414082145850796,0.53,0.43,5965.0,3435.0,2530.0,0.6961988163015858,0.2203954518243519,0.6303574109733224,0.2762453133369041,0.5111242426554445,0.5404660751400215,3435.0,2530.0,5965.0,0.7987412961971077,0.6729253981559095,4825.0,0.82860103626943,0.9619809904952477,3998.0,2643.0,0.7442300416193719,0.08540925266903915,1967.0
1.0,0.53,0.44,7468.0,0.8174879485806106,0.6713245997088791,0.6655430711610487,0.6684338354349639,0.6419389394750937,0.6687960687960688,0.5626535626535627,0.43734643734643736,0.53,0.44,6105.0,3435.0,2670.0,0.6961988163015858,0.2203954518243519,0.6303574109733224,0.2759775040171398,0.5203414477837945,0.5303777071624137,3435.0,2670.0,6105.0,0.8174879485806106,0.6687960687960688,4825.0,0.8431088082901554,0.9587020648967551,4068.0,2643.0,0.7707150964812712,0.0898379970544919,2037.0
1.0,0.53,0.45,7468.0,0.8399839314408142,0.6713245997088791,0.6613812544045102,0.6663529270566947,0.6419389394750937,0.6668260800255061,0.547584887613582,0.45241511238641796,0.53,0.45,6273.0,3435.0,2838.0,0.6961988163015858,0.2203954518243519,0.6303574109733224,0.28026245313336906,0.5290186567161148,0.5297780136396308,3435.0,2838.0,6273.0,0.8399839314408142,0.6668260800255061,4825.0,0.8638341968911917,0.95489443378119,4168.0,2643.0,0.7964434354899735,0.09643705463182897,2105.0
1.0,0.53,0.46,7468.0,0.8616764863417247,0.6713245997088791,0.6513333333333333,0.6613289665211062,0.6419389394750937,0.662004662004662,0.5337995337995338,0.4662004662004662,0.53,0.46,6435.0,3435.0,3000.0,0.6961988163015858,0.2203954518243519,0.6303574109733224,0.2791912158543117,0.5396690052649925,0.517337874012648,3435.0,3000.0,6435.0,0.8616764863417247,0.662004662004662,4825.0,0.8820725388601036,0.9487781954887218,4256.0,2643.0,0.8244419220582672,0.10188159706287288,2179.0
1.0,0.53,0.47,7468.0,0.8828334226031066,0.6713245997088791,0.6478784040531982,0.6596015018810386,0.6419389394750937,0.6600940391324132,0.521007128772941,0.478992871227059,0.53,0.47,6593.0,3435.0,3158.0,0.6961988163015858,0.2203954518243519,0.6303574109733224,0.28267273701124795,0.547795895198138,0.5160183555391651,3435.0,3158.0,6593.0,0.8828334226031066,0.6600940391324132,4825.0,0.898860103626943,0.9435093382522481,4337.0,2643.0,0.8535754824063564,0.11524822695035461,2256.0
1.0,0.53,0.48,7468.0,0.903588644884842,0.6713245997088791,0.6426199818895261,0.6569722907992026,0.6419389394750937,0.6572317723770006,0.5090397154712507,0.49096028452874924,0.53,0.48,6748.0,3435.0,3313.0,0.6961988163015858,0.2203954518243519,0.6303574109733224,0.2841456882699518,0.5565262602136983,0.5105701358294285,3435.0,3313.0,6748.0,0.903588644884842,0.6572317723770006,4825.0,0.917720207253886,0.9376693766937669,4428.0,2643.0,0.8777903897086644,0.12198275862068965,2320.0
1.0,0.53,0.49,7468.0,0.9227370112479915,0.6713245997088791,0.6368634259259259,0.6540940128174025,0.6419389394750937,0.6540415034102453,0.49847627340008704,0.501523726599913,0.53,0.49,6891.0,3435.0,3456.0,0.6961988163015858,0.2203954518243519,0.6303574109733224,0.28427959292983396,0.5650032824321278,0.5031467989108251,3435.0,3456.0,6891.0,0.9227370112479915,0.6540415034102453,4825.0,0.934300518134715,0.9307897071872228,4508.0,2643.0,0.9016269390843739,0.13050776332354175,2383.0
1.0,0.53,0.5,7468.0,0.942822710230316,0.6713245997088791,0.6300610094287299,0.6506928045688045,0.6419389394750937,0.6501917341286749,0.4878568385172561,0.512143161482744,0.53,0.5,7041.0,3435.0,3606.0,0.6961988163015858,0.2203954518243519,0.6303574109733224,0.2832083556507767,0.5742884095032474,0.49314656358074244,3435.0,3606.0,7041.0,0.942822710230316,0.6501917341286749,4825.0,0.9527461139896373,0.9208179247335219,4597.0,2643.0,0.9247067726068862,0.1411620294599018,2444.0
1.0,0.54,0.2,7468.0,0.4702731655061596,0.6774785801713586,0.8319672131147541,0.7547228966430564,0.6419389394750937,0.6882118451025057,0.9305239179954442,0.06947608200455581,0.54,0.2,3512.0,3268.0,244.0,0.6961988163015858,0.2203954518243519,0.6303574109733224,0.17702196036422063,0.38291722678794365,0.46229824092571814,3268.0,244.0,3512.0,0.4702731655061596,0.6882118451025057,4825.0,0.49865284974093266,0.9738154613466334,2406.0,2643.0,0.41846386681800984,0.06690777576853527,1106.0
1.0,0.54,0.21,7468.0,0.47442420996250667,0.6774785801713586,0.8290909090909091,0.7532847446311339,0.6419389394750937,0.6892464013547841,0.9223821620095964,0.07761783799040362,0.54,0.21,3543.0,3268.0,275.0,0.6961988163015858,0.2203954518243519,0.6303574109733224,0.1795661489019818,0.38396488189711103,0.467662948795664,3268.0,275.0,3543.0,0.47442420996250667,0.6892464013547841,4825.0,0.5038341968911917,0.9740847387906212,2431.0,2643.0,0.4207340143776012,0.06654676258992806,1112.0
1.0,0.54,0.22,7468.0,0.4807177289769684,0.6774785801713586,0.8136645962732919,0.7455715882223253,0.6419389394750937,0.6896935933147632,0.9103064066852368,0.08969359331476323,0.54,0.22,3590.0,3268.0,322.0,0.6961988163015858,0.2203954518243519,0.6303574109733224,0.18237814675950723,0.3862250524095124,0.47220693122240204,3268.0,322.0,3590.0,0.4807177289769684,0.6896935933147632,4825.0,0.510880829015544,0.9744421906693712,2465.0,2643.0,0.42565266742338254,0.06577777777777778,1125.0
1.0,0.54,0.23,7468.0,0.48714515265131225,0.6774785801713586,0.8,0.7387392900856793,0.6419389394750937,0.6899395272127543,0.8982957669048928,0.1017042330951072,0.54,0.23,3638.0,3268.0,370.0,0.6961988163015858,0.2203954518243519,0.6303574109733224,0.18505623995715056,0.3886443828837371,0.4761582776111037,3268.0,370.0,3638.0,0.48714515265131225,0.6899395272127543,4825.0,0.5179274611398964,0.9747899159663865,2499.0,2643.0,0.43094967839576237,0.0649692712906058,1139.0
1.0,0.54,0.24,7468.0,0.49584895554365294,0.6774785801713586,0.7908045977011494,0.734141588936254,0.6419389394750937,0.6907912503375642,0.8825276802592492,0.11747231974075074,0.54,0.24,3703.0,3268.0,435.0,0.6961988163015858,0.2203954518243519,0.6303574109733224,0.18920728441349763,0.39156204561356256,0.48321150257813456,3268.0,435.0,3703.0,0.49584895554365294,0.6907912503375642,4825.0,0.5278756476683938,0.9752650176678446,2547.0,2643.0,0.437381763147938,0.06401384083044982,1156.0
1.0,0.54,0.25,7468.0,0.5028119978575254,0.6774785801713586,0.7946611909650924,0.7360698855682255,0.6419389394750937,0.692676431424767,0.8703062583222371,0.12969374167776299,0.54,0.25,3755.0,3268.0,487.0,0.6961988163015858,0.2203954518243519,0.6303574109733224,0.19376004284949114,0.3930979235559724,0.4929052819631647,3268.0,487.0,3755.0,0.5028119978575254,0.692676431424767,4825.0,0.5367875647668394,0.9756756756756757,2590.0,2643.0,0.440786984487325,0.06351931330472103,1165.0
1.0,0.54,0.26,7468.0,0.5109801821103375,0.6774785801713586,0.7846715328467153,0.7310750565090369,0.6419389394750937,0.6928721174004193,0.8563941299790356,0.14360587002096437,0.54,0.26,3816.0,3268.0,548.0,0.6961988163015858,0.2203954518243519,0.6303574109733224,0.1971076593465453,0.39615181607799815,0.4975558645621275,3268.0,548.0,3816.0,0.5109801821103375,0.6928721174004193,4825.0,0.5456994818652849,0.9760729206228637,2633.0,2643.0,0.4475974271660991,0.06255283178360102,1183.0
1.0,0.54,0.27,7468.0,0.5192822710230316,0.6774785801713586,0.7754098360655738,0.7264442081184662,0.6419389394750937,0.6928829293450232,0.8427024239298607,0.15729757607013925,0.54,0.27,3878.0,3268.0,610.0,0.6961988163015858,0.2203954518243519,0.6303574109733224,0.20032137118371715,0.39935003433035693,0.501618514994302,3268.0,610.0,3878.0,0.5192822710230316,0.6928829293450232,4825.0,0.5544041450777202,0.9764485981308412,2675.0,2643.0,0.4551645856980704,0.06234413965087282,1203.0
1.0,0.54,0.28,7468.0,0.531869309051955,0.6774785801713586,0.7613636363636364,0.7194211082674975,0.6419389394750937,0.6923464249748238,0.8227593152064451,0.1772406847935549,0.54,0.28,3972.0,3268.0,704.0,0.6961988163015858,0.2203954518243519,0.6303574109733224,0.20460632029994644,0.40451389886628647,0.5058078866347675,3268.0,704.0,3972.0,0.531869309051955,0.6923464249748238,4825.0,0.567461139896373,0.9769905040175311,2738.0,2643.0,0.46689368142262583,0.060777957860615885,1234.0
1.0,0.54,0.29,7468.0,0.5449919657204071,0.6774785801713586,0.7506234413965087,0.7140510107839337,0.6419389394750937,0.6918918918918919,0.802948402948403,0.19705159705159705,0.54,0.29,4070.0,3268.0,802.0,0.6961988163015858,0.2203954518243519,0.6303574109733224,0.20915907873594006,0.4097760894589062,0.5104228482733746,3268.0,802.0,4070.0,0.5449919657204071,0.6918918918918919,4825.0,0.581139896373057,0.9775320970042796,2804.0,2643.0,0.4790011350737798,0.05924170616113744,1266.0
1.0,0.54,0.3,7468.0,0.5574450990894483,0.6774785801713586,0.7508379888268156,0.7141582844990871,0.6419389394750937,0.6932500600528465,0.7850108095123709,0.2149891904876291,0.54,0.3,4163.0,3268.0,895.0,0.6961988163015858,0.2203954518243519,0.6303574109733224,0.2154525977504017,0.4135169291208321,0.5210248543112129,3268.0,895.0,4163.0,0.5574450990894483,0.6932500600528465,4825.0,0.5954404145077721,0.9780717020536025,2873.0,2643.0,0.4880817253121453,0.05891472868217054,1290.0
1.0,0.54,0.31,7468.0,0.5708355650776648,0.6774785801713586,0.7527638190954774,0.715121199633418,0.6419389394750937,0.6950504339666901,0.7665962936898898,0.23340370631011026,0.54,0.31,4263.0,3268.0,995.0,0.6961988163015858,0.2203954518243519,0.6303574109733224,0.22268344938403853,0.4172242296976688,0.5337260722978638,3268.0,995.0,4263.0,0.5708355650776648,0.6950504339666901,4825.0,0.6113989637305699,0.9786440677966102,2950.0,2643.0,0.4967839576239122,0.057882711348057884,1313.0
1.0,0.54,0.32,7468.0,0.5847616497054098,0.6774785801713586,0.7461328480436761,0.7118057141075174,0.6419389394750937,0.694756125486604,0.7483398213876803,0.25166017861231965,0.54,0.32,4367.0,3268.0,1099.0,0.6961988163015858,0.2203954518243519,0.6303574109733224,0.22777182645956076,0.42248658158919616,0.5391220369716597,3268.0,1099.0,4367.0,0.5847616497054098,0.694756125486604,4825.0,0.6263212435233161,0.9788219722038385,3022.0,2643.0,0.5088914112750662,0.05650557620817844,1345.0
1.0,0.54,0.33,7468.0,0.5998928762720943,0.6774785801713586,0.7367986798679867,0.7071386300196727,0.6419389394750937,0.6935267857142857,0.7294642857142857,0.27053571428571427,0.54,0.33,4480.0,3268.0,1212.0,0.6961988163015858,0.2203954518243519,0.6303574109733224,0.23219068023567221,0.42877861189454286,0.5415164697925254,3268.0,1212.0,4480.0,0.5998928762720943,0.6935267857142857,4825.0,0.6414507772020726,0.9793214862681745,3095.0,2643.0,0.5240257283390087,0.054873646209386284,1385.0
1.0,0.54,0.34,7468.0,0.6159614354579539,0.6774785801713586,0.7252252252252253,0.701351902698292,0.6419389394750937,0.691304347826087,0.7104347826086956,0.28956521739130436,0.54,0.34,4600.0,3268.0,1332.0,0.6961988163015858,0.2203954518243519,0.6303574109733224,0.23567220139260844,0.4360557499135549,0.5404634646815891,3268.0,1332.0,4600.0,0.6159614354579539,0.691304347826087,4825.0,0.6569948186528497,0.979179810725552,3170.0,2643.0,0.541051835035944,0.05314685314685315,1430.0
1.0,0.54,0.35,7468.0,0.629887520085699,0.6774785801713586,0.7137883008356546,0.6956334405035066,0.6419389394750937,0.688562925170068,0.6947278911564626,0.3052721088435374,0.54,0.35,4704.0,3268.0,1436.0,0.6961988163015858,0.2203954518243519,0.6303574109733224,0.23754686663095875,0.44291119508019905,0.5363306894691283,3268.0,1436.0,4704.0,0.629887520085699,0.688562925170068,4825.0,0.6690155440414508,0.9795539033457249,3228.0,2643.0,0.5584562996594779,0.0521680216802168,1476.0
1.0,0.54,0.36,7468.0,0.6474290305302625,0.6774785801713586,0.7077217613273772,0.6926001707493679,0.6419389394750937,0.6872802481902792,0.6759048603929679,0.32409513960703207,0.54,0.36,4835.0,3268.0,1567.0,0.6961988163015858,0.2203954518243519,0.6303574109733224,0.24250133904659882,0.44995982680882946,0.5389399777452316,3268.0,1567.0,4835.0,0.6474290305302625,0.6872802481902792,4825.0,0.6864248704663213,0.9794685990338164,3312.0,2643.0,0.5762391222096103,0.051871306631648066,1523.0
1.0,0.54,0.37,7468.0,0.6653722549544724,0.6774785801713586,0.7042915931804821,0.6908850866759204,0.6419389394750937,0.6866572751056551,0.6576776011269874,0.3423223988730127,0.54,0.37,4969.0,3268.0,1701.0,0.6961988163015858,0.2203954518243519,0.6303574109733224,0.24839314408141408,0.4566065652578039,0.5439981878954571,3268.0,1701.0,4969.0,0.6653722549544724,0.6866572751056551,4825.0,0.7048704663212435,0.9791237871214349,3401.0,2643.0,0.5932652289065455,0.05229591836734694,1568.0
1.0,0.54,0.38,7468.0,0.6826459560792716,0.6774785801713586,0.7,0.6887392900856792,0.6419389394750937,0.6855629658689683,0.6410357002746175,0.3589642997253825,0.54,0.38,5098.0,3268.0,1830.0,0.6961988163015858,0.2203954518243519,0.6303574109733224,0.2533476164970542,0.4633024603767054,0.5468298534202913,3268.0,1830.0,5098.0,0.6826459560792716,0.6855629658689683,4825.0,0.7214507772020725,0.9790290146509624,3481.0,2643.0,0.6118047673098751,0.05380333951762523,1617.0
1.0,0.54,0.39,7468.0,0.6999196572040707,0.6774785801713586,0.6962736089841756,0.6868760945777671,0.6419389394750937,0.6845226707480391,0.6252152286206237,0.3747847713793763,0.54,0.39,5227.0,3268.0,1959.0,0.6961988163015858,0.2203954518243519,0.6303574109733224,0.25830208891269424,0.4699029518375983,0.5496924160671484,3268.0,1959.0,5227.0,0.6999196572040707,0.6845226707480391,4825.0,0.738860103626943,0.9778401122019635,3565.0,2643.0,0.6288308740068105,0.05535499398315283,1662.0
1.0,0.54,0.4,7468.0,0.7189341189073379,0.6774785801713586,0.6939552594002856,0.6857169197858222,0.6419389394750937,0.6839262432482771,0.6086794561370833,0.39132054386291676,0.54,0.4,5369.0,3268.0,2101.0,0.6961988163015858,0.2203954518243519,0.6303574109733224,0.26446170326727364,0.47669299115891367,0.5547841234760484,3268.0,2101.0,5369.0,0.7189341189073379,0.6839262432482771,4825.0,0.757720207253886,0.9772975929978118,3656.0,2643.0,0.6481271282633371,0.05779334500875657,1713.0
1.0,0.54,0.41,7468.0,0.7362078200321371,0.6774785801713586,0.6923766816143497,0.6849276308928542,0.6419389394750937,0.6835212804656239,0.5943979628955984,0.4056020371044016,0.54,0.41,5498.0,3268.0,2230.0,0.6961988163015858,0.2203954518243519,0.6303574109733224,0.27021960364220676,0.48269463244888605,0.5598148093573863,3268.0,2230.0,5498.0,0.7362078200321371,0.6835212804656239,4825.0,0.7753367875647669,0.97514033680834,3741.0,2643.0,0.6647748770336739,0.06260671599317018,1757.0
1.0,0.54,0.42,7468.0,0.7553561863952866,0.6774785801713586,0.6822587442056468,0.6798686621885027,0.6419389394750937,0.6794894522247829,0.5793299060450274,0.4206700939549725,0.54,0.42,5641.0,3268.0,2373.0,0.6961988163015858,0.2203954518243519,0.6303574109733224,0.27115693626138193,0.4920362030043646,0.5510914331215921,3268.0,2373.0,5641.0,0.7553561863952866,0.6794894522247829,4825.0,0.7906735751295336,0.9727391874180865,3815.0,2643.0,0.6908815739689746,0.06681270536692223,1826.0
1.0,0.54,0.43,7468.0,0.7763792179967863,0.6774785801713586,0.675098814229249,0.6762886972003038,0.6419389394750937,0.6764401517764747,0.5636426353915143,0.4363573646084857,0.54,0.43,5798.0,3268.0,2530.0,0.6961988163015858,0.2203954518243519,0.6303574109733224,0.2739689341189074,0.5012036930619521,0.5466219381688454,3268.0,2530.0,5798.0,0.7763792179967863,0.6764401517764747,4825.0,0.8095336787564766,0.967741935483871,3906.0,2643.0,0.7158531971244798,0.07505285412262157,1892.0
1.0,0.54,0.44,7468.0,0.7951258703802893,0.6774785801713586,0.6655430711610487,0.6715108256662037,0.6419389394750937,0.6721118221623442,0.5503536544291007,0.4496463455708993,0.54,0.44,5938.0,3268.0,2670.0,0.6961988163015858,0.2203954518243519,0.6303574109733224,0.273701124799143,0.5106000125250421,0.5360382257838654,3268.0,2670.0,5938.0,0.7951258703802893,0.6721118221623442,4825.0,0.824041450777202,0.9642857142857143,3976.0,2643.0,0.7423382519863791,0.0800203873598369,1962.0
1.0,0.54,0.45,7468.0,0.8176218532404927,0.6774785801713586,0.6613812544045102,0.6694299172879344,0.6419389394750937,0.669996724533246,0.5352112676056338,0.4647887323943662,0.54,0.45,6106.0,3268.0,2838.0,0.6961988163015858,0.2203954518243519,0.6303574109733224,0.2779860739153723,0.5194399769584165,0.5351649588911527,3268.0,2838.0,6106.0,0.8176218532404927,0.669996724533246,4825.0,0.8447668393782384,0.9602551521099116,4076.0,2643.0,0.7680665909950813,0.08719211822660099,2030.0
1.0,0.54,0.46,7468.0,0.8393144081414033,0.6774785801713586,0.6513333333333333,0.6644059567523459,0.6419389394750937,0.6649649010848756,0.5213784301212508,0.4786215698787492,0.54,0.46,6268.0,3268.0,3000.0,0.6961988163015858,0.2203954518243519,0.6303574109733224,0.27691483663631505,0.5302827413300797,0.5222022424145739,3268.0,3000.0,6268.0,0.8393144081414033,0.6649649010848756,4825.0,0.8630051813471502,0.9538904899135446,4164.0,2643.0,0.796065077563375,0.09315589353612168,2104.0
1.0,0.54,0.47,7468.0,0.8604713444027852,0.6774785801713586,0.6478784040531982,0.6626784921122784,0.6419389394750937,0.6629318394024276,0.5085589791472145,0.49144102085278557,0.54,0.47,6426.0,3268.0,3158.0,0.6961988163015858,0.2203954518243519,0.6303574109733224,0.28039635779325117,0.5385512912478876,0.5206493092673483,3268.0,3158.0,6426.0,0.8604713444027852,0.6629318394024276,4825.0,0.8797927461139896,0.9484098939929329,4245.0,2643.0,0.8251986379114642,0.10729023383768914,2181.0
1.0,0.54,0.48,7468.0,0.8812265666845206,0.6774785801713586,0.6426199818895261,0.6600492810304424,0.6419389394750937,0.6599301018082359,0.4965810667071874,0.5034189332928126,0.54,0.48,6581.0,3268.0,3313.0,0.6961988163015858,0.2203954518243519,0.6303574109733224,0.28186930905195506,0.5474291084846354,0.5148964581591412,3268.0,3313.0,6581.0,0.8812265666845206,0.6599301018082359,4825.0,0.8986528497409326,0.9423431734317343,4336.0,2643.0,0.8494135452137722,0.11447661469933185,2245.0
1.0,0.54,0.49,7468.0,0.90037493304767,0.6774785801713586,0.6368634259259259,0.6571710030486423,0.6419389394750937,0.6566032123735871,0.4860202260559191,0.5139797739440809,0.54,0.49,6724.0,3268.0,3456.0,0.6961988163015858,0.2203954518243519,0.6303574109733224,0.28200321371183706,0.5560448360230643,0.5071591271825782,3268.0,3456.0,6724.0,0.90037493304767,0.6566032123735871,4825.0,0.9152331606217616,0.9352355072463768,4416.0,2643.0,0.8732500945894817,0.12348353552859619,2308.0
1.0,0.54,0.5,7468.0,0.9204606320299946,0.6774785801713586,0.6300610094287299,0.6537697948000443,0.6419389394750937,0.6526040151294734,0.47541460576083794,0.5245853942391621,0.54,0.5,6874.0,3268.0,3606.0,0.6961988163015858,0.2203954518243519,0.6303574109733224,0.2809319764327799,0.5654770798172172,0.496805240140922,3268.0,3606.0,6874.0,0.9204606320299946,0.6526040151294734,4825.0,0.933678756476684,0.9249722530521642,4505.0,2643.0,0.896329928111994,0.1346559729843816,2369.0
1.0,0.55,0.2,7468.0,0.45206213176218535,0.6813537675606641,0.8319672131147541,0.7566604903377091,0.6419389394750937,0.692239336492891,0.9277251184834123,0.07227488151658767,0.55,0.2,3376.0,3132.0,244.0,0.6961988163015858,0.2203954518243519,0.6303574109733224,0.1738082485270488,0.3729972407640146,0.4659773036686152,3132.0,244.0,3376.0,0.45206213176218535,0.692239336492891,4825.0,0.48393782383419687,0.9777301927194861,2335.0,2643.0,0.3938706015891033,0.05187319884726225,1041.0
1.0,0.55,0.21,7468.0,0.4562131762185324,0.6813537675606641,0.8290909090909091,0.7552223383257866,0.6419389394750937,0.6932785441737599,0.9192838274141474,0.08071617258585266,0.55,0.21,3407.0,3132.0,275.0,0.6961988163015858,0.2203954518243519,0.6303574109733224,0.17635243706480985,0.37407267953816314,0.47143896550407727,3132.0,275.0,3407.0,0.4562131762185324,0.6932785441737599,4825.0,0.48911917098445595,0.9779661016949153,2360.0,2643.0,0.3961407491486947,0.05157593123209169,1047.0
1.0,0.55,0.22,7468.0,0.4625066952329941,0.6813537675606641,0.8136645962732919,0.747509181916978,0.6419389394750937,0.6936884771279676,0.9067747539085119,0.09322524609148813,0.55,0.22,3454.0,3132.0,322.0,0.6961988163015858,0.2203954518243519,0.6303574109733224,0.17916443492233528,0.3763922557058386,0.47600457290587145,3132.0,322.0,3454.0,0.4625066952329941,0.6936884771279676,4825.0,0.4961658031088083,0.9782790309106099,2394.0,2643.0,0.401059402194476,0.0509433962264151,1060.0
1.0,0.55,0.23,7468.0,0.468934118907338,0.6813537675606641,0.8,0.7406768837803321,0.6419389394750937,0.6938892061679041,0.894346087949743,0.105653912050257,0.55,0.23,3502.0,3132.0,370.0,0.6961988163015858,0.2203954518243519,0.6303574109733224,0.18184252811997859,0.3788743794368784,0.47995467096574707,3132.0,370.0,3502.0,0.468934118907338,0.6938892061679041,4825.0,0.5032124352331606,0.9785831960461285,2428.0,2643.0,0.40635641316685583,0.05027932960893855,1074.0
1.0,0.55,0.24,7468.0,0.4776379217996786,0.6813537675606641,0.7908045977011494,0.7360791826309068,0.6419389394750937,0.6947014297729184,0.8780487804878049,0.12195121951219512,0.55,0.24,3567.0,3132.0,435.0,0.6961988163015858,0.2203954518243519,0.6303574109733224,0.18599357257632562,0.381866697437308,0.4870641347478609,3132.0,435.0,3567.0,0.4776379217996786,0.6947014297729184,4825.0,0.513160621761658,0.9789983844911146,2476.0,2643.0,0.4127884979190314,0.04949587534372136,1091.0
1.0,0.55,0.25,7468.0,0.48460096411355114,0.6813537675606641,0.7946611909650924,0.7380074792628782,0.6419389394750937,0.6966012710693562,0.865432439900525,0.134567560099475,0.55,0.25,3619.0,3132.0,487.0,0.6961988163015858,0.2203954518243519,0.6303574109733224,0.19054633101231924,0.38344141214873484,0.49693727640040963,3132.0,487.0,3619.0,0.48460096411355114,0.6966012710693562,4825.0,0.5220725388601036,0.9793568876538309,2519.0,2643.0,0.41619371925841847,0.04909090909090909,1100.0
1.0,0.55,0.26,7468.0,0.49276914836636315,0.6813537675606641,0.7846715328467153,0.7330126502036898,0.6419389394750937,0.6967391304347826,0.8510869565217392,0.14891304347826087,0.55,0.26,3680.0,3132.0,548.0,0.6961988163015858,0.2203954518243519,0.6303574109733224,0.19389394750937336,0.38657159806237046,0.5015731845827174,3132.0,548.0,3680.0,0.49276914836636315,0.6967391304347826,4825.0,0.5309844559585493,0.9797033567525371,2562.0,2643.0,0.4230041619371926,0.04830053667262969,1118.0
1.0,0.55,0.27,7468.0,0.5010712372790573,0.6813537675606641,0.7754098360655738,0.728381801813119,0.6419389394750937,0.6966862640299305,0.8369855692143239,0.1630144307856761,0.55,0.27,3742.0,3132.0,610.0,0.6961988163015858,0.2203954518243519,0.6303574109733224,0.19710765934654526,0.38984841793478664,0.5056007675770976,3132.0,610.0,3742.0,0.5010712372790573,0.6966862640299305,4825.0,0.5396891191709845,0.9800307219662059,2604.0,2643.0,0.43057132046916385,0.048330404217926184,1138.0
1.0,0.55,0.28,7468.0,0.5136582753079807,0.6813537675606641,0.7613636363636364,0.7213587019621502,0.6419389394750937,0.6960375391032325,0.8164754953076121,0.1835245046923879,0.55,0.28,3836.0,3132.0,704.0,0.6961988163015858,0.2203954518243519,0.6303574109733224,0.2013926084627745,0.39513647442700495,0.5096786085233407,3132.0,704.0,3836.0,0.5136582753079807,0.6960375391032325,4825.0,0.5527461139896374,0.9805024371953506,2667.0,2643.0,0.44230041619371924,0.04704875962360992,1169.0
1.0,0.55,0.29,7468.0,0.5267809319764328,0.6813537675606641,0.7506234413965087,0.7159886044785864,0.6419389394750937,0.6954753431621759,0.7961362480935434,0.20386375190645653,0.55,0.29,3934.0,3132.0,802.0,0.6961988163015858,0.2203954518243519,0.6303574109733224,0.20594536689876805,0.4005218877150566,0.5141925403220007,3132.0,802.0,3934.0,0.5267809319764328,0.6954753431621759,4825.0,0.5664248704663213,0.9809732894255397,2733.0,2643.0,0.45440786984487325,0.04579517069109076,1201.0
1.0,0.55,0.3,7468.0,0.539234065345474,0.6813537675606641,0.7508379888268156,0.7160958781937399,0.6419389394750937,0.6967966227961262,0.7777501862428607,0.22224981375713931,0.55,0.3,4027.0,3132.0,895.0,0.6961988163015858,0.2203954518243519,0.6303574109733224,0.21223888591322984,0.4043483519394164,0.5248911857690214,3132.0,895.0,4027.0,0.539234065345474,0.6967966227961262,4825.0,0.5807253886010363,0.9814418272662384,2802.0,2643.0,0.46348846008323874,0.045714285714285714,1225.0
1.0,0.55,0.31,7468.0,0.5526245313336904,0.6813537675606641,0.7527638190954774,0.7170587933280708,0.6419389394750937,0.6985703901138842,0.7589047734431791,0.24109522655682095,0.55,0.31,4127.0,3132.0,995.0,0.6961988163015858,0.2203954518243519,0.6303574109733224,0.21946973754686666,0.40813894312281923,0.5377329001433286,3132.0,995.0,4127.0,0.5526245313336904,0.6985703901138842,4825.0,0.5966839378238342,0.981938172976728,2879.0,2643.0,0.47219069239500566,0.04487179487179487,1248.0
1.0,0.55,0.32,7468.0,0.5665506159614354,0.6813537675606641,0.7461328480436761,0.7137433078021701,0.6419389394750937,0.6981800992673127,0.7402505317891751,0.25974946821082484,0.55,0.32,4231.0,3132.0,1099.0,0.6961988163015858,0.2203954518243519,0.6303574109733224,0.22455811462238887,0.4135169291208321,0.5430445498321343,3132.0,1099.0,4231.0,0.5665506159614354,0.6981800992673127,4825.0,0.6116062176165803,0.9820399864452728,2951.0,2643.0,0.48429814604615967,0.04375,1280.0
1.0,0.55,0.33,7468.0,0.5816818425281199,0.6813537675606641,0.7367986798679867,0.7090762237143254,0.6419389394750937,0.6968232044198895,0.7209944751381215,0.27900552486187846,0.55,0.33,4344.0,3132.0,1212.0,0.6961988163015858,0.2203954518243519,0.6303574109733224,0.2289769683985003,0.419943373640792,0.5452567721531925,3132.0,1212.0,4344.0,0.5816818425281199,0.6968232044198895,4825.0,0.6267357512953368,0.982473544973545,3024.0,2643.0,0.49943246311010214,0.04242424242424243,1320.0
1.0,0.55,0.34,7468.0,0.5977504017139796,0.6813537675606641,0.7252252252252253,0.7032894963929447,0.6419389394750937,0.6944444444444444,0.7016129032258065,0.29838709677419356,0.55,0.34,4464.0,3132.0,1332.0,0.6961988163015858,0.2203954518243519,0.6303574109733224,0.2324584895554365,0.4273709817936538,0.5439267041010138,3132.0,1332.0,4464.0,0.5977504017139796,0.6944444444444444,4825.0,0.642279792746114,0.9822523394643433,3099.0,2643.0,0.5164585698070374,0.041025641025641026,1365.0
1.0,0.55,0.35,7468.0,0.6116764863417247,0.6813537675606641,0.7137883008356546,0.6975710341981594,0.6419389394750937,0.6915499124343257,0.6856392294220666,0.31436077057793343,0.55,0.35,4568.0,3132.0,1436.0,0.6961988163015858,0.2203954518243519,0.6303574109733224,0.2343331547937868,0.4343635180053326,0.5394862714757502,3132.0,1436.0,4568.0,0.6116764863417247,0.6915499124343257,4825.0,0.654300518134715,0.9825783972125436,3157.0,2643.0,0.5338630344305714,0.040396881644223954,1411.0
1.0,0.55,0.36,7468.0,0.6292179967862882,0.6813537675606641,0.7077217613273772,0.6945377644440207,0.6419389394750937,0.690146839753139,0.6665247925090445,0.33347520749095555,0.55,0.36,4699.0,3132.0,1567.0,0.6961988163015858,0.2203954518243519,0.6303574109733224,0.2392876272094269,0.44154862109220844,0.5419281496509454,3132.0,1567.0,4699.0,0.6292179967862882,0.690146839753139,4825.0,0.6717098445595855,0.982412835544585,3241.0,2643.0,0.5516458569807038,0.04046639231824417,1458.0
1.0,0.55,0.37,7468.0,0.6471612212104981,0.6813537675606641,0.7042915931804821,0.692822680370573,0.6419389394750937,0.6894268570246224,0.6480446927374302,0.35195530726256985,0.55,0.37,4833.0,3132.0,1701.0,0.6961988163015858,0.2203954518243519,0.6303574109733224,0.24517943224424207,0.4483200803924893,0.5468847882735827,3132.0,1701.0,4833.0,0.6471612212104981,0.6894268570246224,4825.0,0.6901554404145078,0.9819819819819819,3330.0,2643.0,0.5686719636776391,0.04125083166999335,1503.0
1.0,0.55,0.38,7468.0,0.6644349223352972,0.6813537675606641,0.7,0.6906768837803321,0.6419389394750937,0.6882305521966949,0.6311970979443773,0.3688029020556227,0.55,0.38,4962.0,3132.0,1830.0,0.6961988163015858,0.2203954518243519,0.6303574109733224,0.2501339046598822,0.45513790090225126,0.549578279822499,3132.0,1830.0,4962.0,0.6644349223352972,0.6882305521966949,4825.0,0.7067357512953368,0.9818181818181818,3410.0,2643.0,0.5872115020809686,0.043170103092783504,1552.0
1.0,0.55,0.39,7468.0,0.6817086234600964,0.6813537675606641,0.6962736089841756,0.6888136882724198,0.6419389394750937,0.6870948733058339,0.6152032999410725,0.3847967000589275,0.55,0.39,5091.0,3132.0,1959.0,0.6961988163015858,0.2203954518243519,0.6303574109733224,0.2550883770755223,0.4618550889535451,0.5523125828352189,3132.0,1959.0,5091.0,0.6817086234600964,0.6870948733058339,4825.0,0.7241450777202073,0.9805380652547224,3494.0,2643.0,0.6042376087779039,0.045084533500313086,1597.0
1.0,0.55,0.4,7468.0,0.7007230851633637,0.6813537675606641,0.6939552594002856,0.6876545134804748,0.6419389394750937,0.6864131473342251,0.598509459201223,0.401490540798777,0.55,0.4,5233.0,3132.0,2101.0,0.6961988163015858,0.2203954518243519,0.6303574109733224,0.26124799143010174,0.46876171651131127,0.557315118167927,3132.0,2101.0,5233.0,0.7007230851633637,0.6864131473342251,4825.0,0.7430051813471502,0.9799163179916318,3585.0,2643.0,0.6235338630344306,0.047936893203883495,1648.0
1.0,0.55,0.41,7468.0,0.7179967862881629,0.6813537675606641,0.6923766816143497,0.6868652245875069,0.6419389394750937,0.6859380828049235,0.5841104065647147,0.41588959343528537,0.55,0.41,5362.0,3132.0,2230.0,0.6961988163015858,0.2203954518243519,0.6303574109733224,0.2670058918050348,0.4748636090937734,0.5622791190813444,3132.0,2230.0,5362.0,0.7179967862881629,0.6859380828049235,4825.0,0.7606217616580311,0.9776566757493188,3670.0,2643.0,0.6401816118047673,0.05319148936170213,1692.0
1.0,0.55,0.42,7468.0,0.7371451526513123,0.6813537675606641,0.6822587442056468,0.6818062558831555,0.6419389394750937,0.6817438692098092,0.5689373297002724,0.4310626702997275,0.55,0.42,5505.0,3132.0,2373.0,0.6961988163015858,0.2203954518243519,0.6303574109733224,0.2679432244242099,0.48435623678605727,0.5531945375621578,3132.0,2373.0,5505.0,0.7371451526513123,0.6817438692098092,4825.0,0.7759585492227979,0.9751602564102564,3744.0,2643.0,0.6662883087400681,0.05792163543441227,1761.0
1.0,0.55,0.43,7468.0,0.758168184252812,0.6813537675606641,0.675098814229249,0.6782262908949566,0.6419389394750937,0.6785588131402331,0.5531614270575769,0.4468385729424232,0.55,0.43,5662.0,3132.0,2530.0,0.6961988163015858,0.2203954518243519,0.6303574109733224,0.27075522228173543,0.4936663660667377,0.5484579077950241,3132.0,2530.0,5662.0,0.758168184252812,0.6785588131402331,4825.0,0.794818652849741,0.970013037809648,3835.0,2643.0,0.6912599318955732,0.06677613574165299,1827.0
1.0,0.55,0.44,7468.0,0.776914836636315,0.6813537675606641,0.6655430711610487,0.6734484193608564,0.6419389394750937,0.6740779041709756,0.5398138572905895,0.46018614270941055,0.55,0.44,5802.0,3132.0,2670.0,0.6961988163015858,0.2203954518243519,0.6303574109733224,0.27048741296197115,0.503203449746891,0.5375309193488738,3132.0,2670.0,5802.0,0.776914836636315,0.6740779041709756,4825.0,0.8093264248704664,0.9664532650448143,3905.0,2643.0,0.7177449867574726,0.07221929362150764,1897.0
1.0,0.55,0.45,7468.0,0.7994108194965185,0.6813537675606641,0.6613812544045102,0.6713675109825872,0.6419389394750937,0.671859296482412,0.5246231155778894,0.47537688442211057,0.55,0.45,5970.0,3132.0,2838.0,0.6961988163015858,0.2203954518243519,0.6303574109733224,0.2747723620782003,0.5121710931994884,0.5364854942549007,3132.0,2838.0,5970.0,0.7994108194965185,0.671859296482412,4825.0,0.8300518134715026,0.9622971285892634,4005.0,2643.0,0.7434733257661748,0.07989821882951655,1965.0
1.0,0.55,0.46,7468.0,0.821103374397429,0.6813537675606641,0.6513333333333333,0.6663435504469988,0.6419389394750937,0.6666666666666666,0.5107632093933464,0.4892367906066536,0.55,0.46,6132.0,3132.0,3000.0,0.6961988163015858,0.2203954518243519,0.6303574109733224,0.27370112479914294,0.523164529377846,0.5231645293778457,3132.0,3000.0,6132.0,0.821103374397429,0.6666666666666666,4825.0,0.8482901554404145,0.9557781578304422,4093.0,2643.0,0.7714718123344684,0.08631682197155469,2039.0
1.0,0.55,0.47,7468.0,0.8422603106588109,0.6813537675606641,0.6478784040531982,0.6646160858069312,0.6419389394750937,0.6645468998410174,0.49793322734499207,0.502066772655008,0.55,0.47,6290.0,3132.0,3158.0,0.6961988163015858,0.2203954518243519,0.6303574109733224,0.2771826459560792,0.5315438197847528,0.5214671596940466,3132.0,3158.0,6290.0,0.8422603106588109,0.6645468998410174,4825.0,0.8650777202072539,0.9501677048394825,4174.0,2643.0,0.8006053726825577,0.10113421550094517,2116.0
1.0,0.55,0.48,7468.0,0.8630155329405463,0.6813537675606641,0.6426199818895261,0.6619868747250951,0.6419389394750937,0.6614429790535299,0.48595810705973624,0.5140418929402638,0.55,0.48,6445.0,3132.0,3313.0,0.6961988163015858,0.2203954518243519,0.6303574109733224,0.2786555972147831,0.5405367405300787,0.5155164789381732,3132.0,3313.0,6445.0,0.8630155329405463,0.6614429790535299,4825.0,0.883937823834197,0.9439624853458383,4265.0,2643.0,0.8248202799848657,0.10871559633027524,2180.0
1.0,0.55,0.49,7468.0,0.8821638993036958,0.6813537675606641,0.6368634259259259,0.659108596743295,0.6419389394750937,0.6580145719489982,0.47540983606557374,0.5245901639344263,0.55,0.49,6588.0,3132.0,3456.0,0.6961988163015858,0.2203954518243519,0.6303574109733224,0.27878950187466517,0.5492605927194443,0.5075723719671029,3132.0,3456.0,6588.0,0.8821638993036958,0.6580145719489982,4825.0,0.900518134715026,0.9367088607594937,4345.0,2643.0,0.8486568293605751,0.1181453410610789,2243.0
1.0,0.55,0.5,7468.0,0.9022495982860204,0.6813537675606641,0.6300610094287299,0.655707388494697,0.6419389394750937,0.6539032353814188,0.46482635796972394,0.5351736420302761,0.55,0.5,6738.0,3132.0,3606.0,0.6961988163015858,0.2203954518243519,0.6303574109733224,0.27771826459560794,0.55880736112296,0.49698390521827573,3132.0,3606.0,6738.0,0.9022495982860204,0.6539032353814188,4825.0,0.9189637305699482,0.9262516914749662,4434.0,2643.0,0.8717366628830874,0.12977430555555555,2304.0
1.0,0.56,0.2,7468.0,0.4317086234600964,0.6865771812080537,0.8319672131147541,0.7592721971614038,0.6419389394750937,0.6975806451612904,0.924317617866005,0.07568238213399504,0.56,0.2,3224.0,2980.0,244.0,0.6961988163015858,0.2203954518243519,0.6303574109733224,0.17059453668987684,0.36132678199257495,0.4721336618036314,2980.0,244.0,3224.0,0.4317086234600964,0.6975806451612904,4825.0,0.4659067357512953,0.9822064056939501,2248.0,2643.0,0.3692773363601968,0.042008196721311473,976.0
1.0,0.56,0.21,7468.0,0.4358596679164435,0.6865771812080537,0.8290909090909091,0.7578340451494814,0.6419389394750937,0.6986175115207374,0.9155145929339478,0.08448540706605223,0.56,0.21,3255.0,2980.0,275.0,0.6961988163015858,0.2203954518243519,0.6303574109733224,0.17313872522763796,0.3624368515264456,0.4777072874859269,2980.0,275.0,3255.0,0.4358596679164435,0.6986175115207374,4825.0,0.4710880829015544,0.9824021117465904,2273.0,2643.0,0.37154748391978815,0.04175152749490835,982.0
1.0,0.56,0.22,7468.0,0.4421531869309052,0.6865771812080537,0.8136645962732919,0.7501208887406727,0.6419389394750937,0.6989703210175651,0.9024833434282253,0.09751665657177468,0.56,0.22,3302.0,2980.0,322.0,0.6961988163015858,0.2203954518243519,0.6303574109733224,0.17595072308516332,0.3648304152930111,0.4822808507998153,2980.0,322.0,3302.0,0.4421531869309052,0.6989703210175651,4825.0,0.4781347150259067,0.9826614651061986,2307.0,2643.0,0.3764661369655694,0.04120603015075377,995.0
1.0,0.56,0.23,7468.0,0.44858061060524906,0.6865771812080537,0.8,0.7432885906040269,0.6419389394750937,0.6991044776119403,0.8895522388059701,0.11044776119402985,0.56,0.23,3350.0,2980.0,370.0,0.6961988163015858,0.2203954518243519,0.6303574109733224,0.17862881628280664,0.36739066014424104,0.48620946491311257,2980.0,370.0,3350.0,0.44858061060524906,0.6991044776119403,4825.0,0.48518134715025907,0.982913284920974,2341.0,2643.0,0.3817631479379493,0.040634291377601585,1009.0
1.0,0.56,0.24,7468.0,0.4572844134975897,0.6865771812080537,0.7908045977011494,0.7386908894546016,0.6419389394750937,0.6998535871156661,0.8726207906295754,0.1273792093704246,0.56,0.24,3415.0,2980.0,435.0,0.6961988163015858,0.2203954518243519,0.6303574109733224,0.18277986073915367,0.3704757433074641,0.49336525816067145,2980.0,435.0,3415.0,0.4572844134975897,0.6998535871156661,4825.0,0.49512953367875645,0.9832565927166178,2389.0,2643.0,0.38819523269012485,0.03996101364522417,1026.0
1.0,0.56,0.25,7468.0,0.46424745581146226,0.6865771812080537,0.7946611909650924,0.740619186086573,0.6419389394750937,0.7017594462070955,0.8595327372368041,0.14046726276319585,0.56,0.25,3467.0,2980.0,487.0,0.6961988163015858,0.2203954518243519,0.6303574109733224,0.18733261917514735,0.3720986674501233,0.5034487773333876,2980.0,487.0,3467.0,0.46424745581146226,0.7017594462070955,4825.0,0.5040414507772021,0.9835526315789473,2432.0,2643.0,0.39160045402951194,0.03961352657004831,1035.0
1.0,0.56,0.26,7468.0,0.4724156400642742,0.6865771812080537,0.7846715328467153,0.7356243570273845,0.6419389394750937,0.7018140589569161,0.844671201814059,0.15532879818594103,0.56,0.26,3528.0,2980.0,548.0,0.6961988163015858,0.2203954518243519,0.6303574109733224,0.19068023567220135,0.37532346342326695,0.5080424067630533,2980.0,548.0,3528.0,0.4724156400642742,0.7018140589569161,4825.0,0.5129533678756477,0.9838383838383838,2475.0,2643.0,0.39841089670828606,0.0389363722697056,1053.0
1.0,0.56,0.27,7468.0,0.4807177289769684,0.6865771812080537,0.7754098360655738,0.7309935086368138,0.6419389394750937,0.7016713091922006,0.83008356545961,0.16991643454038996,0.56,0.27,3590.0,2980.0,610.0,0.6961988163015858,0.2203954518243519,0.6303574109733224,0.19389394750937333,0.3786976244100265,0.512002016942781,2980.0,610.0,3590.0,0.4807177289769684,0.7016713091922006,4825.0,0.521658031088083,0.9841080651569328,2517.0,2643.0,0.40597805524025726,0.0391425908667288,1073.0
1.0,0.56,0.28,7468.0,0.4933047670058918,0.6865771812080537,0.7613636363636364,0.723970408785845,0.6419389394750937,0.7008686210640608,0.8089033659066233,0.19109663409337677,0.56,0.28,3684.0,2980.0,704.0,0.6961988163015858,0.2203954518243519,0.6303574109733224,0.19817889662560256,0.38413921329401485,0.5159038436253556,2980.0,704.0,3684.0,0.4933047670058918,0.7008686210640608,4825.0,0.5347150259067357,0.9844961240310077,2580.0,2643.0,0.4177071509648127,0.03804347826086957,1104.0
1.0,0.56,0.29,7468.0,0.5064274236743439,0.6865771812080537,0.7506234413965087,0.7186003113022812,0.6419389394750937,0.7001586462189318,0.7879428873611846,0.21205711263881544,0.56,0.29,3782.0,2980.0,802.0,0.6961988163015858,0.2203954518243519,0.6303574109733224,0.20273165506159613,0.3896766406988927,0.5202561146544297,2980.0,802.0,3782.0,0.5064274236743439,0.7001586462189318,4825.0,0.5483937823834197,0.9848828420256992,2646.0,2643.0,0.4298146046159667,0.03697183098591549,1136.0
1.0,0.56,0.3,7468.0,0.5188805570433851,0.6865771812080537,0.7508379888268156,0.7187075850174347,0.6419389394750937,0.7014193548387097,0.7690322580645161,0.23096774193548386,0.56,0.3,3875.0,2980.0,895.0,0.6961988163015858,0.2203954518243519,0.6303574109733224,0.2090251740760578,0.3936085510804658,0.5310483562978452,2980.0,895.0,3875.0,0.5188805570433851,0.7014193548387097,4825.0,0.5626943005181347,0.9852670349907919,2715.0,2643.0,0.4388951948543322,0.03706896551724138,1160.0
1.0,0.56,0.31,7468.0,0.5322710230316015,0.6865771812080537,0.7527638190954774,0.7196705001517656,0.6419389394750937,0.7031446540880503,0.7496855345911949,0.25031446540880503,0.56,0.31,3975.0,2980.0,995.0,0.6961988163015858,0.2203954518243519,0.6303574109733224,0.21625602570969463,0.3975015706396057,0.5440381665957312,2980.0,995.0,3975.0,0.5322710230316015,0.7031446540880503,4825.0,0.5786528497409327,0.9856733524355301,2792.0,2643.0,0.4475974271660991,0.03634826711749789,1183.0
1.0,0.56,0.32,7468.0,0.5461971076593466,0.6865771812080537,0.7461328480436761,0.7163550146258648,0.6419389394750937,0.7026231919588134,0.7305712184358911,0.2694287815641089,0.56,0.32,4079.0,2980.0,1099.0,0.6961988163015858,0.2203954518243519,0.6303574109733224,0.22134440278521691,0.40302152850321143,0.5492123550006663,2980.0,1099.0,4079.0,0.5461971076593466,0.7026231919588134,4825.0,0.5935751295336787,0.9856843575418994,2864.0,2643.0,0.45970488081725314,0.03539094650205761,1215.0
1.0,0.56,0.33,7468.0,0.561328334226031,0.6865771812080537,0.7367986798679867,0.7116879305380202,0.6419389394750937,0.7010973282442748,0.7108778625954199,0.28912213740458015,0.56,0.33,4192.0,2980.0,1212.0,0.6961988163015858,0.2203954518243519,0.6303574109733224,0.22576325656132834,0.40961266927714934,0.551162777654648,2980.0,1212.0,4192.0,0.561328334226031,0.7010973282442748,4825.0,0.6087046632124352,0.986040177051413,2937.0,2643.0,0.4748391978811956,0.034262948207171316,1255.0
1.0,0.56,0.34,7468.0,0.5773968934118907,0.6865771812080537,0.7252252252252253,0.7059012032166394,0.6419389394750937,0.6985157699443414,0.6910946196660482,0.30890538033395176,0.56,0.34,4312.0,2980.0,1332.0,0.6961988163015858,0.2203954518243519,0.6303574109733224,0.2292447777182646,0.41722422969766876,0.5494522163403146,2980.0,1332.0,4312.0,0.5773968934118907,0.6985157699443414,4825.0,0.6242487046632125,0.9857237715803453,3012.0,2643.0,0.49186530457813094,0.03307692307692308,1300.0
1.0,0.56,0.35,7468.0,0.5913229780396357,0.6865771812080537,0.7137883008356546,0.7001827410218542,0.6419389394750937,0.6954257246376812,0.6748188405797102,0.32518115942028986,0.56,0.35,4416.0,2980.0,1436.0,0.6961988163015858,0.2203954518243519,0.6303574109733224,0.23111944295661488,0.4243839859626073,0.5445998213914202,2980.0,1436.0,4416.0,0.5913229780396357,0.6954257246376812,4825.0,0.6362694300518135,0.9859934853420196,3070.0,2643.0,0.5092697692016648,0.03268945022288262,1346.0
1.0,0.56,0.36,7468.0,0.6088644884841993,0.6865771812080537,0.7077217613273772,0.6971494712677154,0.6419389394750937,0.6938640862106884,0.655377171761601,0.34462282823839896,0.56,0.36,4547.0,2980.0,1567.0,0.6961988163015858,0.2203954518243519,0.6303574109733224,0.236073915372255,0.43173520421199396,0.5468025610817138,2980.0,1567.0,4547.0,0.6088644884841993,0.6938640862106884,4825.0,0.6536787564766839,0.9857324032974001,3154.0,2643.0,0.5270525917517972,0.033022254127781765,1393.0
1.0,0.56,0.37,7468.0,0.6268077129084092,0.6865771812080537,0.7042915931804821,0.6954343871942679,0.6419389394750937,0.6930143131809442,0.6366161076693014,0.36338389233069857,0.56,0.37,4681.0,2980.0,1701.0,0.6961988163015858,0.2203954518243519,0.6303574109733224,0.2419657204070701,0.4386581770019448,0.551604262938423,2980.0,1701.0,4681.0,0.6268077129084092,0.6930143131809442,4825.0,0.6721243523316062,0.9851988899167438,3243.0,2643.0,0.5440786984487325,0.034075104311543813,1438.0
1.0,0.56,0.38,7468.0,0.6440814140332084,0.6865771812080537,0.7,0.6932885906040268,0.6419389394750937,0.6916839916839916,0.6195426195426196,0.3804573804573805,0.56,0.38,4810.0,2980.0,1830.0,0.6961988163015858,0.2203954518243519,0.6303574109733224,0.2469201928227102,0.44562384429611607,0.5541000464477666,2980.0,1830.0,4810.0,0.6440814140332084,0.6916839916839916,4825.0,0.6887046632124353,0.9849533554017454,3323.0,2643.0,0.562618236852062,0.0363147276395427,1487.0
1.0,0.56,0.39,7468.0,0.6613551151580075,0.6865771812080537,0.6962736089841756,0.6914253950961147,0.6419389394750937,0.6904231625835189,0.6033610042518729,0.39663899574812717,0.56,0.39,4939.0,2980.0,1959.0,0.6961988163015858,0.2203954518243519,0.6303574109733224,0.2518746652383502,0.4524822924268182,0.5566508777337114,2980.0,1959.0,4939.0,0.6613551151580075,0.6904231625835189,4825.0,0.7061139896373057,0.9835632521279718,3407.0,2643.0,0.5796443435489973,0.038511749347258484,1532.0
1.0,0.56,0.4,7468.0,0.6803695768612747,0.6865771812080537,0.6939552594002856,0.6902662203041696,0.6419389394750937,0.689628025979138,0.5864987207242669,0.4135012792757331,0.56,0.4,5081.0,2980.0,2101.0,0.6961988163015858,0.2203954518243519,0.6303574109733224,0.25803427959292985,0.45952981256298536,0.5615180398280741,2980.0,2101.0,5081.0,0.6803695768612747,0.689628025979138,4825.0,0.7249740932642487,0.9828473413379074,3498.0,2643.0,0.598940597805524,0.041692987997473153,1583.0
1.0,0.56,0.41,7468.0,0.697643277986074,0.6865771812080537,0.6923766816143497,0.6894769314112017,0.6419389394750937,0.6890595009596929,0.5719769673704415,0.42802303262955854,0.56,0.41,5210.0,2980.0,2230.0,0.6961988163015858,0.2203954518243519,0.6303574109733224,0.2637921799678629,0.4657526693526356,0.5663782460646248,2980.0,2230.0,5210.0,0.697643277986074,0.6890595009596929,4825.0,0.7425906735751295,0.9804632989115266,3583.0,2643.0,0.6155883465758608,0.04732636754763368,1627.0
1.0,0.56,0.42,7468.0,0.7167916443492234,0.6865771812080537,0.6822587442056468,0.6844179627068503,0.6419389394750937,0.6846628059032318,0.5566971791518774,0.44330282084812256,0.56,0.42,5353.0,2980.0,2373.0,0.6961988163015858,0.2203954518243519,0.6303574109733224,0.26472951258703803,0.475427245623442,0.556824445851626,2980.0,2373.0,5353.0,0.7167916443492234,0.6846628059032318,4825.0,0.7579274611398964,0.977850697292863,3657.0,2643.0,0.6416950435111616,0.052476415094339625,1696.0
1.0,0.56,0.43,7468.0,0.737814675950723,0.6865771812080537,0.675098814229249,0.6808379977186514,0.6419389394750937,0.6813067150635209,0.5408348457350273,0.4591651542649728,0.56,0.43,5510.0,2980.0,2530.0,0.6961988163015858,0.2203954518243519,0.6303574109733224,0.26754151044456354,0.4849088396318217,0.551735684273565,2980.0,2530.0,5510.0,0.737814675950723,0.6813067150635209,4825.0,0.7767875647668394,0.9725186766275347,3748.0,2643.0,0.6666666666666666,0.061861520998864925,1762.0
1.0,0.56,0.44,7468.0,0.7565613283342261,0.6865771812080537,0.6655430711610487,0.6760601261845511,0.6419389394750937,0.6766371681415929,0.5274336283185841,0.4725663716814159,0.56,0.44,5650.0,2980.0,2670.0,0.6961988163015858,0.2203954518243519,0.6303574109733224,0.26727370112479915,0.49461481336967,0.5403673604191905,2980.0,2670.0,5650.0,0.7565613283342261,0.6766371681415929,4825.0,0.7912953367875648,0.9688318491356731,3818.0,2643.0,0.6931517215285661,0.06768558951965066,1832.0
1.0,0.56,0.45,7468.0,0.7790573111944296,0.6865771812080537,0.6613812544045102,0.673979217806282,0.6419389394750937,0.6742866964592643,0.5122035063595738,0.48779649364042627,0.56,0.45,5818.0,2980.0,2838.0,0.6961988163015858,0.2203954518243519,0.6303574109733224,0.2715586502410283,0.50373537743214,0.5390898920487492,2980.0,2838.0,5818.0,0.7790573111944296,0.6742866964592643,4825.0,0.812020725388601,0.9645227156712608,3918.0,2643.0,0.7188800605372683,0.07578947368421053,1900.0
1.0,0.56,0.46,7468.0,0.8007498660953402,0.6865771812080537,0.6513333333333333,0.6689552572706935,0.6419389394750937,0.6688963210702341,0.4983277591973244,0.5016722408026756,0.56,0.46,5980.0,2980.0,3000.0,0.6961988163015858,0.2203954518243519,0.6303574109733224,0.2704874129619711,0.514908949783051,0.5253111507887692,2980.0,3000.0,5980.0,0.8007498660953402,0.6688963210702341,4825.0,0.830259067357513,0.9578132800798802,4006.0,2643.0,0.7468785471055619,0.08257345491388045,1974.0
1.0,0.56,0.47,7468.0,0.821906802356722,0.6865771812080537,0.6478784040531982,0.6672277926306259,0.6419389394750937,0.6666666666666666,0.48550016291951775,0.5144998370804822,0.56,0.47,6138.0,2980.0,3158.0,0.6961988163015858,0.2203954518243519,0.6303574109733224,0.27396893411890727,0.5234204181333657,0.5234204181333655,2980.0,3158.0,6138.0,0.821906802356722,0.6666666666666666,4825.0,0.8470466321243524,0.9520430633716662,4087.0,2643.0,0.7760121074536511,0.09800097513408093,2051.0
1.0,0.56,0.48,7468.0,0.8426620246384574,0.6865771812080537,0.6426199818895261,0.6645985815487898,0.6419389394750937,0.6634355633243286,0.473542030827904,0.526457969172096,0.56,0.48,6293.0,2980.0,3313.0,0.6961988163015858,0.2203954518243519,0.6303574109733224,0.27544188537761116,0.5325505324665661,0.5172126748270665,2980.0,3313.0,6293.0,0.8426620246384574,0.6634355633243286,4825.0,0.8659067357512953,0.9456677836285304,4178.0,2643.0,0.8002270147559591,0.10591016548463357,2115.0
1.0,0.56,0.49,7468.0,0.8618103910016068,0.6865771812080537,0.6368634259259259,0.6617203035669899,0.6419389394750937,0.6598819142324425,0.4630205096333126,0.5369794903666874,0.56,0.49,6436.0,2980.0,3456.0,0.6961988163015858,0.2203954518243519,0.6303574109733224,0.2755757900374932,0.5414030850318983,0.5090029917750781,2980.0,3456.0,6436.0,0.8618103910016068,0.6598819142324425,4825.0,0.8824870466321244,0.93823391263504,4258.0,2643.0,0.8240635641316686,0.11570247933884298,2178.0
1.0,0.56,0.5,7468.0,0.8818960899839314,0.6865771812080537,0.6300610094287299,0.6583190953183917,0.6419389394750937,0.6556331612511388,0.4524749468569693,0.5475250531430307,0.56,0.5,6586.0,2980.0,3606.0,0.6961988163015858,0.2203954518243519,0.6303574109733224,0.274504552758436,0.5510859902163615,0.4981156437140834,2980.0,3606.0,6586.0,0.8818960899839314,0.6556331612511388,4825.0,0.9009326424870466,0.927536231884058,4347.0,2643.0,0.8471433976541809,0.12773559624832515,2239.0
1.0,0.57,0.2,7468.0,0.4121585431173005,0.6940719830628087,0.8319672131147541,0.7630195980887814,0.6419389394750937,0.705003248862898,0.9207277452891488,0.0792722547108512,0.57,0.2,3078.0,2834.0,244.0,0.6961988163015858,0.2203954518243519,0.6303574109733224,0.16898768077129087,0.34869102536917235,0.48463444274878376,2834.0,244.0,3078.0,0.4121585431173005,0.705003248862898,4825.0,0.4505699481865285,0.9862005519779209,2174.0,2643.0,0.3420355656451003,0.028761061946902654,904.0
1.0,0.57,0.21,7468.0,0.41630958757364755,0.6940719830628087,0.8290909090909091,0.7615814460768588,0.6419389394750937,0.7060147957542618,0.9115471212608556,0.08845287873914442,0.57,0.21,3109.0,2834.0,275.0,0.6961988163015858,0.2203954518243519,0.6303574109733224,0.17153186930905198,0.3498411913029936,0.4903135296051805,2834.0,275.0,3109.0,0.41630958757364755,0.7060147957542618,4825.0,0.45575129533678754,0.9863574351978172,2199.0,2643.0,0.34430571320469167,0.02857142857142857,910.0
1.0,0.57,0.22,7468.0,0.4226031065881093,0.6940719830628087,0.8136645962732919,0.7538682896680503,0.6419389394750937,0.7062737642585551,0.8979721166032953,0.10202788339670468,0.57,0.22,3156.0,2834.0,322.0,0.6961988163015858,0.2203954518243519,0.6303574109733224,0.17434386716657743,0.3523203367828288,0.4948447448664976,2834.0,322.0,3156.0,0.4226031065881093,0.7062737642585551,4825.0,0.4627979274611399,0.986565158978952,2233.0,2643.0,0.34922436625047293,0.028169014084507043,923.0
1.0,0.57,0.23,7468.0,0.42903053026245314,0.6940719830628087,0.8,0.7470359915314044,0.6419389394750937,0.7063046192259675,0.8845193508114857,0.11548064918851436,0.57,0.23,3204.0,2834.0,370.0,0.6961988163015858,0.2203954518243519,0.6303574109733224,0.1770219603642207,0.3549708226729575,0.4986943969964398,2834.0,370.0,3204.0,0.42903053026245314,0.7063046192259675,4825.0,0.4698445595854922,0.9867666519629467,2267.0,2643.0,0.3545213772228528,0.02774813233724653,937.0
1.0,0.57,0.24,7468.0,0.43773433315479376,0.6940719830628087,0.7908045977011494,0.7424382903819791,0.6419389394750937,0.7069440195778526,0.8669317834200061,0.13306821657999388,0.57,0.24,3269.0,2834.0,435.0,0.6961988163015858,0.2203954518243519,0.6303574109733224,0.18117300482056778,0.3581629017180772,0.5058396722594556,2834.0,435.0,3269.0,0.43773433315479376,0.7069440195778526,4825.0,0.47979274611398964,0.9870410367170627,2315.0,2643.0,0.36095346197502837,0.027253668763102725,954.0
1.0,0.57,0.25,7468.0,0.44469737546866633,0.6940719830628087,0.7946611909650924,0.7443665870139505,0.6419389394750937,0.7088226437819933,0.8533574224631135,0.14664257753688648,0.57,0.25,3321.0,2834.0,487.0,0.6961988163015858,0.2203954518243519,0.6303574109733224,0.1857257632565613,0.3598413624169024,0.5161323367861876,2834.0,487.0,3321.0,0.44469737546866633,0.7088226437819933,4825.0,0.4887046632124352,0.9872773536895675,2358.0,2643.0,0.36435868331441545,0.02699896157840083,963.0
1.0,0.57,0.26,7468.0,0.4528655597214783,0.6940719830628087,0.7846715328467153,0.7393717579547621,0.6419389394750937,0.7087522176227085,0.8379657007687759,0.16203429923122412,0.57,0.26,3382.0,2834.0,548.0,0.6961988163015858,0.2203954518243519,0.6303574109733224,0.18907337975361543,0.3631750128848782,0.520612302734465,2834.0,548.0,3382.0,0.4528655597214783,0.7087522176227085,4825.0,0.49761658031088085,0.9875052061640983,2401.0,2643.0,0.3711691259931896,0.026503567787971458,981.0
1.0,0.57,0.27,7468.0,0.4611676486341725,0.6940719830628087,0.7754098360655738,0.7347409095641912,0.6419389394750937,0.7084785133565621,0.8228803716608595,0.17711962833914052,0.57,0.27,3444.0,2834.0,610.0,0.6961988163015858,0.2203954518243519,0.6303574109733224,0.19228709159078733,0.3666609858189068,0.5244274657728586,2834.0,610.0,3444.0,0.4611676486341725,0.7084785133565621,4825.0,0.5063212435233161,0.9877200163733115,2443.0,2643.0,0.3787362845251608,0.026973026973026972,1001.0
1.0,0.57,0.28,7468.0,0.4737546866630959,0.6940719830628087,0.7613636363636364,0.7277178097132225,0.6419389394750937,0.7074618428490673,0.8010175240248728,0.1989824759751272,0.57,0.28,3538.0,2834.0,704.0,0.6961988163015858,0.2203954518243519,0.6303574109733224,0.19657204070701667,0.37227855562473594,0.5280240769633938,2834.0,704.0,3538.0,0.4737546866630959,0.7074618428490673,4825.0,0.519378238341969,0.9880287310454908,2506.0,2643.0,0.3904653802497162,0.02616279069767442,1032.0
1.0,0.57,0.29,7468.0,0.4868773433315479,0.6940719830628087,0.7506234413965087,0.7223477122296587,0.6419389394750937,0.7065456545654566,0.7794279427942794,0.22057205720572057,0.57,0.29,3636.0,2834.0,802.0,0.6961988163015858,0.2203954518243519,0.6303574109733224,0.2011247991430102,0.3779897777642523,0.5320905775088165,2834.0,802.0,3636.0,0.4868773433315479,0.7065456545654566,4825.0,0.5330569948186529,0.9883359253499222,2572.0,2643.0,0.40257283390087023,0.02537593984962406,1064.0
1.0,0.57,0.3,7468.0,0.49933047670058917,0.6940719830628087,0.7508379888268156,0.7224549859448122,0.6419389394750937,0.7076964333601502,0.7599892732636095,0.24001072673639046,0.57,0.3,3729.0,2834.0,895.0,0.6961988163015858,0.2203954518243519,0.6303574109733224,0.2074183181574719,0.38204198626794755,0.5429202171826155,2834.0,895.0,3729.0,0.49933047670058917,0.7076964333601502,4825.0,0.5473575129533679,0.988640666414237,2641.0,2643.0,0.4116534241392357,0.025735294117647058,1088.0
1.0,0.57,0.31,7468.0,0.5127209426888055,0.6940719830628087,0.7527638190954774,0.723417901079143,0.6419389394750937,0.7093235831809872,0.7401410289892922,0.25985897101070776,0.57,0.31,3829.0,2834.0,995.0,0.6961988163015858,0.2203954518243519,0.6303574109733224,0.2146491697911087,0.38605166292718956,0.5560115145303548,2834.0,995.0,3829.0,0.5127209426888055,0.7093235831809872,4825.0,0.5633160621761658,0.9889624724061811,2718.0,2643.0,0.42035565645100265,0.025202520252025202,1111.0
1.0,0.57,0.32,7468.0,0.5266470273165507,0.6940719830628087,0.7461328480436761,0.7201024155532424,0.6419389394750937,0.7086193745232647,0.7205695397915077,0.27943046020849227,0.57,0.32,3933.0,2834.0,1099.0,0.6961988163015858,0.2203954518243519,0.6303574109733224,0.21973754686663102,0.39173299608912165,0.560937038902486,2834.0,1099.0,3933.0,0.5266470273165507,0.7086193745232647,4825.0,0.5782383419689119,0.9888888888888889,2790.0,2643.0,0.43246311010215666,0.024496937882764653,1143.0
1.0,0.57,0.33,7468.0,0.5417782538832351,0.6940719830628087,0.7367986798679867,0.7154353314653977,0.6419389394750937,0.7068709836875927,0.7004448838358873,0.2995551161641127,0.57,0.33,4046.0,2834.0,1212.0,0.6961988163015858,0.2203954518243519,0.6303574109733224,0.22415640064274236,0.398510886451357,0.5624850117365697,2834.0,1212.0,4046.0,0.5417782538832351,0.7068709836875927,4825.0,0.5933678756476684,0.9891721969961579,2863.0,2643.0,0.4475974271660991,0.023668639053254437,1183.0
1.0,0.57,0.34,7468.0,0.5578468130690948,0.6940719830628087,0.7252252252252253,0.709648604144017,0.6419389394750937,0.7040326452232357,0.6802688430148823,0.3197311569851176,0.57,0.34,4166.0,2834.0,1332.0,0.6961988163015858,0.2203954518243519,0.6303574109733224,0.22763792179967862,0.40633046358193237,0.5602285385963383,2834.0,1332.0,4166.0,0.5578468130690948,0.7040326452232357,4825.0,0.6089119170984456,0.9887678692988427,2938.0,2643.0,0.46462353386303445,0.02280130293159609,1228.0
1.0,0.57,0.35,7468.0,0.5717728976968398,0.6940719830628087,0.7137883008356546,0.7039301419492316,0.6419389394750937,0.7007025761124122,0.6637002341920375,0.3362997658079625,0.57,0.35,4270.0,2834.0,1436.0,0.6961988163015858,0.2203954518243519,0.6303574109733224,0.22951258703802888,0.4136788069618813,0.5548086659880004,2834.0,1436.0,4270.0,0.5717728976968398,0.7007025761124122,4825.0,0.6209326424870466,0.9889853137516689,2996.0,2643.0,0.4820279984865683,0.022762951334379906,1274.0
1.0,0.57,0.36,7468.0,0.5893144081414033,0.6940719830628087,0.7077217613273772,0.700896872195093,0.6419389394750937,0.6989320608952511,0.6439445580549875,0.3560554419450125,0.57,0.36,4401.0,2834.0,1567.0,0.6961988163015858,0.2203954518243519,0.6303574109733224,0.23446705945366897,0.421216897030339,0.5566421031699045,2834.0,1567.0,4401.0,0.5893144081414033,0.6989320608952511,4825.0,0.6383419689119171,0.9886363636363636,3080.0,2643.0,0.4998108210367007,0.023467070401211203,1321.0
1.0,0.57,0.37,7468.0,0.6072576325656133,0.6940719830628087,0.7042915931804821,0.6991817881216453,0.6419389394750937,0.6979051819184123,0.6249173098125689,0.37508269018743107,0.57,0.37,4535.0,2834.0,1701.0,0.6961988163015858,0.2203954518243519,0.6303574109733224,0.24035886448848418,0.428309915877002,0.5611797802914004,2834.0,1701.0,4535.0,0.6072576325656133,0.6979051819184123,4825.0,0.6567875647668394,0.9880088355948249,3169.0,2643.0,0.516836927733636,0.024890190336749635,1366.0
1.0,0.57,0.38,7468.0,0.6245313336904125,0.6940719830628087,0.7,0.6970359915314044,0.6419389394750937,0.6963979416809606,0.6076329331046312,0.39236706689536877,0.57,0.38,4664.0,2834.0,1830.0,0.6961988163015858,0.2203954518243519,0.6303574109733224,0.24531333690412432,0.4354411537660905,0.5633673684318348,2834.0,1830.0,4664.0,0.6245313336904125,0.6963979416809606,4825.0,0.6733678756476684,0.9876885195444752,3249.0,2643.0,0.5353764661369655,0.02756183745583039,1415.0
1.0,0.57,0.39,7468.0,0.6418050348152116,0.6940719830628087,0.6962736089841756,0.6951727960234921,0.6419389394750937,0.6949718339244731,0.5912789484665136,0.4087210515334863,0.57,0.39,4793.0,2834.0,1959.0,0.6961988163015858,0.2203954518243519,0.6303574109733224,0.2502678093197643,0.44245746998748214,0.565631334751439,2834.0,1959.0,4793.0,0.6418050348152116,0.6949718339244731,4825.0,0.6907772020725389,0.9861986198619862,3333.0,2643.0,0.5524025728339008,0.030136986301369864,1460.0
1.0,0.57,0.4,7468.0,0.6608194965184788,0.6940719830628087,0.6939552594002856,0.6940136212315471,0.6419389394750937,0.6940222897669707,0.5742654508611955,0.4257345491388045,0.57,0.4,4935.0,2834.0,2101.0,0.6961988163015858,0.2203954518243519,0.6303574109733224,0.2564274236743439,0.4496621358554303,0.5702668809027479,2834.0,2101.0,4935.0,0.6608194965184788,0.6940222897669707,4825.0,0.7096373056994819,0.9853971962616822,3424.0,2643.0,0.5716988270904275,0.033752481800132364,1511.0
1.0,0.57,0.41,7468.0,0.678093197643278,0.6940719830628087,0.6923766816143497,0.6932243323385792,0.6419389394750937,0.6933254344391785,0.5596366508688784,0.44036334913112163,0.57,0.41,5064.0,2834.0,2230.0,0.6961988163015858,0.2203954518243519,0.6303574109733224,0.2621853240492769,0.4560196671164529,0.5749430188113425,2834.0,2230.0,5064.0,0.678093197643278,0.6933254344391785,4825.0,0.7272538860103627,0.9829011114277572,3509.0,2643.0,0.5883465758607643,0.03987138263665595,1555.0
1.0,0.57,0.42,7468.0,0.6972415640064275,0.6940719830628087,0.6822587442056468,0.6881653636342278,0.6419389394750937,0.6886883042058767,0.5442673324371039,0.4557326675628961,0.57,0.42,5207.0,2834.0,2373.0,0.6961988163015858,0.2203954518243519,0.6303574109733224,0.263122656668452,0.465896397999585,0.5647664540833957,2834.0,2373.0,5207.0,0.6972415640064275,0.6886883042058767,4825.0,0.7425906735751295,0.9801842031816913,3583.0,2643.0,0.6144532727960651,0.04556650246305419,1624.0
1.0,0.57,0.43,7468.0,0.7182645956079271,0.6940719830628087,0.675098814229249,0.6845853986460289,0.6419389394750937,0.6851230425055929,0.5283370618941089,0.4716629381058911,0.57,0.43,5364.0,2834.0,2530.0,0.6961988163015858,0.2203954518243519,0.6303574109733224,0.26593465452597753,0.4755680503786759,0.559193693340468,2834.0,2530.0,5364.0,0.7182645956079271,0.6851230425055929,4825.0,0.7614507772020725,0.9746869896570496,3674.0,2643.0,0.6394248959515701,0.05562130177514793,1690.0
1.0,0.57,0.44,7468.0,0.7370112479914301,0.6940719830628087,0.6655430711610487,0.6798075271119287,0.6419389394750937,0.6802325581395349,0.5148982558139535,0.4851017441860465,0.57,0.44,5504.0,2834.0,2670.0,0.6961988163015858,0.2203954518243519,0.6303574109733224,0.2656668452062132,0.4854608134469851,0.5472467351584196,2834.0,2670.0,5504.0,0.7370112479914301,0.6802325581395349,4825.0,0.7759585492227979,0.9708867521367521,3744.0,2643.0,0.6659099508134695,0.061931818181818185,1760.0
1.0,0.57,0.45,7468.0,0.7595072308516336,0.6940719830628087,0.6613812544045102,0.6777266187336595,0.6419389394750937,0.6777150916784203,0.49964739069111425,0.5003526093088858,0.57,0.45,5672.0,2834.0,2838.0,0.6961988163015858,0.2203954518243519,0.6303574109733224,0.2699517943224423,0.49475015741745415,0.5456325587273452,2834.0,2838.0,5672.0,0.7595072308516336,0.6777150916784203,4825.0,0.7966839378238342,0.9664412070759626,3844.0,2643.0,0.6916382898221718,0.07056892778993436,1828.0
1.0,0.57,0.46,7468.0,0.7811997857525442,0.6940719830628087,0.6513333333333333,0.6727026581980711,0.6419389394750937,0.6720946177579705,0.48577305450805625,0.5142269454919438,0.57,0.46,5834.0,2834.0,3000.0,0.6961988163015858,0.2203954518243519,0.6303574109733224,0.26888055704338515,0.5061221338319236,0.5312562701173562,2834.0,3000.0,5834.0,0.7811997857525442,0.6720946177579705,4825.0,0.8149222797927461,0.9595625635808749,3932.0,2643.0,0.7196367763904654,0.07781282860147214,1902.0
1.0,0.57,0.47,7468.0,0.802356722013926,0.6940719830628087,0.6478784040531982,0.6709751935580035,0.6419389394750937,0.6697263017356475,0.47296395193591456,0.5270360480640854,0.57,0.47,5992.0,2834.0,3158.0,0.6961988163015858,0.2203954518243519,0.6303574109733224,0.2723620782003213,0.5147789058487171,0.5290855454756395,2834.0,3158.0,5992.0,0.802356722013926,0.6697263017356475,4825.0,0.8317098445595855,0.9536506354348367,4013.0,2643.0,0.7487703367385546,0.09398686205154118,1979.0
1.0,0.57,0.48,7468.0,0.8231119442956615,0.6940719830628087,0.6426199818895261,0.6683459824761674,0.6419389394750937,0.6663413047014805,0.4610379046689442,0.5389620953310558,0.57,0.48,6147.0,2834.0,3313.0,0.6961988163015858,0.2203954518243519,0.6303574109733224,0.27383502945902527,0.524059593384491,0.5225265082746391,2834.0,3313.0,6147.0,0.8231119442956615,0.6663413047014805,4825.0,0.8505699481865285,0.9471247563352827,4104.0,2643.0,0.7729852440408627,0.10230053842388644,2043.0
1.0,0.57,0.49,7468.0,0.8422603106588109,0.6940719830628087,0.6368634259259259,0.6654677044943673,0.6419389394750937,0.6626391096979333,0.4505564387917329,0.5494435612082671,0.57,0.49,6290.0,2834.0,3456.0,0.6961988163015858,0.2203954518243519,0.6303574109733224,0.2739689341189074,0.5330531758370376,0.5139617331586143,2834.0,3456.0,6290.0,0.8422603106588109,0.6626391096979333,4825.0,0.8671502590673575,0.9395315487571702,4184.0,2643.0,0.7968217934165721,0.11253561253561253,2106.0
1.0,0.57,0.5,7468.0,0.8623460096411355,0.6940719830628087,0.6300610094287299,0.6620664962457693,0.6419389394750937,0.6582298136645963,0.4400621118012422,0.5599378881987578,0.57,0.5,6440.0,2834.0,3606.0,0.6961988163015858,0.2203954518243519,0.6303574109733224,0.2728976968398501,0.5428850305549442,0.5026804599141194,2834.0,3606.0,6440.0,0.8623460096411355,0.6582298136645963,4825.0,0.8855958549222798,0.9286215773461268,4273.0,2643.0,0.8199016269390844,0.12505768343331794,2167.0
1.0,0.58,0.2,7468.0,0.3928762720942689,0.7014869888475836,0.8319672131147541,0.7667271009811689,0.6419389394750937,0.7123381049761418,0.9168370824812543,0.08316291751874574,0.58,0.2,2934.0,2690.0,244.0,0.6961988163015858,0.2203954518243519,0.6303574109733224,0.16684520621317625,0.3361778293411782,0.4963004447382798,2690.0,244.0,2934.0,0.3928762720942689,0.7123381049761418,4825.0,0.43253886010362697,0.9913751796837565,2087.0,2643.0,0.3204691638289822,0.024793388429752067,847.0
1.0,0.58,0.21,7468.0,0.39702731655061596,0.7014869888475836,0.8290909090909091,0.7652889489692464,0.6419389394750937,0.7133220910623946,0.9072512647554806,0.09274873524451939,0.58,0.21,2965.0,2690.0,275.0,0.6961988163015858,0.2203954518243519,0.6303574109733224,0.16938939475093737,0.33737065803036176,0.5020869204804798,2690.0,275.0,2965.0,0.39702731655061596,0.7133220910623946,4825.0,0.437720207253886,0.9914772727272727,2112.0,2643.0,0.3227393113885736,0.0246189917936694,853.0
1.0,0.58,0.22,7468.0,0.40332083556507764,0.7014869888475836,0.8136645962732919,0.7575757925604378,0.6419389394750937,0.7134794156706508,0.8930942895086321,0.10690571049136786,0.58,0.22,3012.0,2690.0,322.0,0.6961988163015858,0.2203954518243519,0.6303574109733224,0.1722013926084628,0.33994076171931403,0.5065629427242617,2690.0,322.0,3012.0,0.40332083556507764,0.7134794156706508,4825.0,0.44476683937823835,0.9916123019571296,2146.0,2643.0,0.3276579644343549,0.02424942263279446,866.0
1.0,0.58,0.23,7468.0,0.40974825923942154,0.7014869888475836,0.8,0.7507434944237918,0.6419389394750937,0.7133986928104575,0.8790849673202614,0.12091503267973856,0.58,0.23,3060.0,2690.0,370.0,0.6961988163015858,0.2203954518243519,0.6303574109733224,0.17487948580610607,0.34268700984521977,0.5103183977854698,2690.0,370.0,3060.0,0.40974825923942154,0.7133986928104575,4825.0,0.45181347150259066,0.9917431192660551,2180.0,2643.0,0.33295497540673474,0.023863636363636365,880.0
1.0,0.58,0.24,7468.0,0.41845206213176217,0.7014869888475836,0.7908045977011494,0.7461457932743665,0.6419389394750937,0.71392,0.8608,0.1392,0.58,0.24,3125.0,2690.0,435.0,0.6961988163015858,0.2203954518243519,0.6303574109733224,0.17903053026245314,0.345992436239081,0.5174405897669477,2690.0,435.0,3125.0,0.41845206213176217,0.71392,4825.0,0.4617616580310881,0.9919210053859964,2228.0,2643.0,0.33938706015891035,0.023411371237458192,897.0
1.0,0.58,0.25,7468.0,0.4254151044456347,0.7014869888475836,0.7946611909650924,0.7480740899063381,0.6419389394750937,0.7157695939565628,0.8467107333962858,0.1532892666037142,0.58,0.25,3177.0,2690.0,487.0,0.6961988163015858,0.2203954518243519,0.6303574109733224,0.1835832886984467,0.3477296476770337,0.5279483355096493,2690.0,487.0,3177.0,0.4254151044456347,0.7157695939565628,4825.0,0.4706735751295337,0.9920739762219286,2271.0,2643.0,0.3427922814982974,0.023178807947019868,906.0
1.0,0.58,0.26,7468.0,0.4335832886984467,0.7014869888475836,0.7846715328467153,0.7430792608471495,0.6419389394750937,0.7155651636812848,0.8307597282273008,0.1692402717726992,0.58,0.26,3238.0,2690.0,548.0,0.6961988163015858,0.2203954518243519,0.6303574109733224,0.18693090519550082,0.3511782905469428,0.5322963014153443,2690.0,548.0,3238.0,0.4335832886984467,0.7155651636812848,4825.0,0.47958549222797925,0.9922212618841832,2314.0,2643.0,0.3496027241770715,0.022727272727272728,924.0
1.0,0.58,0.27,7468.0,0.4418853776111409,0.7014869888475836,0.7754098360655738,0.7384484124565787,0.6419389394750937,0.7151515151515152,0.8151515151515152,0.18484848484848485,0.58,0.27,3300.0,2690.0,610.0,0.6961988163015858,0.2203954518243519,0.6303574109733224,0.1901446170326728,0.3547821589218292,0.5359475166691464,2690.0,610.0,3300.0,0.4418853776111409,0.7151515151515152,4825.0,0.4882901554404145,0.9923599320882852,2356.0,2643.0,0.35716988270904276,0.023305084745762712,944.0
1.0,0.58,0.28,7468.0,0.4544724156400643,0.7014869888475836,0.7613636363636364,0.7314253126056101,0.6419389394750937,0.7139068945197408,0.7925751325869181,0.20742486741308191,0.58,0.28,3394.0,2690.0,704.0,0.6961988163015858,0.2203954518243519,0.6303574109733224,0.19442956614890203,0.360584837098818,0.5392061621704264,2690.0,704.0,3394.0,0.4544724156400643,0.7139068945197408,4825.0,0.5013471502590674,0.9925589086399339,2419.0,2643.0,0.3688989784335982,0.022564102564102566,975.0
1.0,0.58,0.29,7468.0,0.4675950723085163,0.7014869888475836,0.7506234413965087,0.7260552151220462,0.6419389394750937,0.7127720504009164,0.7703321878579611,0.22966781214203894,0.58,0.29,3492.0,2690.0,802.0,0.6961988163015858,0.2203954518243519,0.6303574109733224,0.19898232458489556,0.3664783402355593,0.542957939770729,2690.0,802.0,3492.0,0.4675950723085163,0.7127720504009164,4825.0,0.5150259067357513,0.9927565392354125,2485.0,2643.0,0.38100643208475216,0.021847070506454815,1007.0
1.0,0.58,0.3,7468.0,0.48004820567755757,0.7014869888475836,0.7508379888268156,0.7261624888371996,0.6419389394750937,0.7138075313807531,0.7503486750348675,0.2496513249651325,0.58,0.3,3585.0,2690.0,895.0,0.6961988163015858,0.2203954518243519,0.6303574109733224,0.20527584359935727,0.37065641912571834,0.5538170472901814,2690.0,895.0,3585.0,0.48004820567755757,0.7138075313807531,4825.0,0.5293264248704663,0.9929522317932654,2554.0,2643.0,0.39008702232311765,0.02230843840931135,1031.0
1.0,0.58,0.31,7468.0,0.493438671665774,0.7014869888475836,0.7527638190954774,0.7271254039715305,0.6419389394750937,0.7153324287652646,0.7299864314789688,0.2700135685210312,0.58,0.31,3685.0,2690.0,995.0,0.6961988163015858,0.2203954518243519,0.6303574109733224,0.21250669523299412,0.3747879243203947,0.5670051819794724,2690.0,995.0,3685.0,0.493438671665774,0.7153324287652646,4825.0,0.5452849740932643,0.9931584948688712,2631.0,2643.0,0.3987892546348846,0.021821631878557873,1054.0
1.0,0.58,0.32,7468.0,0.507364756293519,0.7014869888475836,0.7461328480436761,0.7238099184456299,0.6419389394750937,0.7144365267880707,0.7099498548429665,0.29005014515703353,0.58,0.32,3789.0,2690.0,1099.0,0.6961988163015858,0.2203954518243519,0.6303574109733224,0.21759507230851627,0.38063741538700757,0.5716597042549788,2690.0,1099.0,3789.0,0.507364756293519,0.7144365267880707,4825.0,0.5602072538860103,0.9929707732149463,2703.0,2643.0,0.4108967082860386,0.02117863720073665,1086.0
1.0,0.58,0.33,7468.0,0.5224959828602035,0.7014869888475836,0.7367986798679867,0.7191428343577853,0.6419389394750937,0.7124551512045105,0.6893900563813429,0.3106099436186571,0.58,0.33,3902.0,2690.0,1212.0,0.6961988163015858,0.2203954518243519,0.6303574109733224,0.22201392608462775,0.38760937603183426,0.5727774914980225,2690.0,1212.0,3902.0,0.5224959828602035,0.7124551512045105,4825.0,0.5753367875647668,0.9931556195965417,2776.0,2643.0,0.4260310253499811,0.020426287744227355,1126.0
1.0,0.58,0.34,7468.0,0.5385645420460632,0.7014869888475836,0.7252252252252253,0.7133561070364045,0.6419389394750937,0.7093485827946295,0.6688214818498259,0.331178518150174,0.58,0.34,4022.0,2690.0,1332.0,0.6961988163015858,0.2203954518243519,0.6303574109733224,0.225495447241564,0.39564447096130334,0.5699446442248373,2690.0,1332.0,4022.0,0.5385645420460632,0.7093485827946295,4825.0,0.5908808290155441,0.9926341634514205,2851.0,2643.0,0.4430571320469164,0.01964133219470538,1171.0
1.0,0.58,0.35,7468.0,0.5524906266738082,0.7014869888475836,0.7137883008356546,0.7076376448416191,0.6419389394750937,0.7057682985942801,0.6519631604459525,0.3480368395540475,0.58,0.35,4126.0,2690.0,1436.0,0.6961988163015858,0.2203954518243519,0.6303574109733224,0.22737011247991426,0.403187620217867,0.563931284291547,2690.0,1436.0,4126.0,0.5524906266738082,0.7057682985942801,4825.0,0.6029015544041451,0.9927810244070128,2909.0,2643.0,0.4604615966704502,0.01972062448644207,1217.0
1.0,0.58,0.36,7468.0,0.5700321371183718,0.7014869888475836,0.7077217613273772,0.7046043750874804,0.6419389394750937,0.7037820061075875,0.6319003993422598,0.36809960065774017,0.58,0.36,4257.0,2690.0,1567.0,0.6961988163015858,0.2203954518243519,0.6303574109733224,0.23232458489555433,0.4109182109756256,0.5653791403986598,2690.0,1567.0,4257.0,0.5700321371183718,0.7037820061075875,4825.0,0.6203108808290155,0.9923154026060809,2993.0,2643.0,0.4782444192205827,0.020569620253164556,1264.0
1.0,0.58,0.37,7468.0,0.5879753615425817,0.7014869888475836,0.7042915931804821,0.7028892910140329,0.6419389394750937,0.7025734456843543,0.6126167160100205,0.3873832839899795,0.58,0.37,4391.0,2690.0,1701.0,0.6961988163015858,0.2203954518243519,0.6303574109733224,0.23821638993036953,0.41818594644739804,0.5696422654899854,2690.0,1701.0,4391.0,0.5879753615425817,0.7025734456843543,4825.0,0.6387564766839379,0.9915639195327709,3082.0,2643.0,0.49527052591751797,0.02215431627196333,1309.0
1.0,0.58,0.38,7468.0,0.6052490626673809,0.7014869888475836,0.7,0.7007434944237918,0.6419389394750937,0.7008849557522124,0.5951327433628318,0.40486725663716816,0.58,0.38,4520.0,2690.0,1830.0,0.6961988163015858,0.2203954518243519,0.6303574109733224,0.2431708623460097,0.4254868977544263,0.5715119869245845,2690.0,1830.0,4520.0,0.6052490626673809,0.7008849557522124,4825.0,0.6553367875647669,0.9911448450347881,3162.0,2643.0,0.5138100643208475,0.025036818851251842,1358.0
1.0,0.58,0.39,7468.0,0.62252276379218,0.7014869888475836,0.6962736089841756,0.6988802989158795,0.6419389394750937,0.699290169929017,0.5786190578619058,0.42138094213809424,0.58,0.39,4649.0,2690.0,1959.0,0.6961988163015858,0.2203954518243519,0.6303574109733224,0.24812533476164977,0.43266466751430616,0.5734818518626679,2690.0,1959.0,4649.0,0.62252276379218,0.699290169929017,4825.0,0.6727461139896374,0.9895255699322243,3246.0,2643.0,0.5308361710177828,0.027797576621525304,1403.0
1.0,0.58,0.4,7468.0,0.6415372254954472,0.7014869888475836,0.6939552594002856,0.6977211241239346,0.6419389394750937,0.6981840951784596,0.5614694218326028,0.4385305781673972,0.58,0.4,4791.0,2690.0,2101.0,0.6961988163015858,0.2203954518243519,0.6303574109733224,0.25428494911622923,0.44002970148571674,0.5778813299594578,2690.0,2101.0,4791.0,0.6415372254954472,0.6981840951784596,4825.0,0.6916062176165804,0.9886125262211567,3337.0,2643.0,0.5501324252743095,0.03163686382393398,1454.0
1.0,0.58,0.41,7468.0,0.6588109266202464,0.7014869888475836,0.6923766816143497,0.6969318352309667,0.6419389394750937,0.6973577235772358,0.5467479674796748,0.4532520325203252,0.58,0.41,4920.0,2690.0,2230.0,0.6961988163015858,0.2203954518243519,0.6303574109733224,0.26004284949116235,0.44652439862177973,0.5823709752340473,2690.0,2230.0,4920.0,0.6588109266202464,0.6973577235772358,4825.0,0.7092227979274611,0.9859731151373465,3422.0,2643.0,0.5667801740446462,0.038050734312416554,1498.0
1.0,0.58,0.42,7468.0,0.6779592929833959,0.7014869888475836,0.6822587442056468,0.6918728665266152,0.6419389394750937,0.6924748173019949,0.5313055500691289,0.468694449930871,0.58,0.42,5063.0,2690.0,2373.0,0.6961988163015858,0.2203954518243519,0.6303574109733224,0.26098018211033747,0.45660656525780396,0.5715646728885421,2690.0,2373.0,5063.0,0.6779592929833959,0.6924748173019949,4825.0,0.724559585492228,0.9831235697940504,3496.0,2643.0,0.5928868709799471,0.04403318442884493,1567.0
1.0,0.58,0.43,7468.0,0.6989823245848955,0.7014869888475836,0.675098814229249,0.6882929015384163,0.6419389394750937,0.6886973180076629,0.5153256704980843,0.4846743295019157,0.58,0.43,5220.0,2690.0,2530.0,0.6961988163015858,0.2203954518243519,0.6303574109733224,0.2637921799678629,0.4664708697319869,0.5655062236135473,2690.0,2530.0,5220.0,0.6989823245848955,0.6886973180076629,4825.0,0.743419689119171,0.9774184555338723,3587.0,2643.0,0.6178584941354521,0.054500918554807105,1633.0
1.0,0.58,0.44,7468.0,0.7177289769683985,0.7014869888475836,0.6655430711610487,0.6835150300043162,0.6419389394750937,0.6835820895522388,0.5018656716417911,0.498134328358209,0.58,0.44,5360.0,2690.0,2670.0,0.6961988163015858,0.2203954518243519,0.6303574109733224,0.2635243706480985,0.4765525187848135,0.5529807529295476,2690.0,2670.0,5360.0,0.7177289769683985,0.6835820895522388,4825.0,0.7579274611398964,0.9734755263877495,3657.0,2643.0,0.6443435489973515,0.061068702290076333,1703.0
1.0,0.58,0.45,7468.0,0.740224959828602,0.7014869888475836,0.6613812544045102,0.6814341216260469,0.6419389394750937,0.6808972503617945,0.4866136034732272,0.5133863965267728,0.58,0.45,5528.0,2690.0,2838.0,0.6961988163015858,0.2203954518243519,0.6303574109733224,0.2678093197643278,0.48601216037475553,0.5510341954362309,2690.0,2838.0,5528.0,0.740224959828602,0.6808972503617945,4825.0,0.7786528497409326,0.9688581314878892,3757.0,2643.0,0.6700718880060538,0.07001693958215698,1771.0
1.0,0.58,0.46,7468.0,0.7619175147295126,0.7014869888475836,0.6513333333333333,0.6764101610904585,0.6419389394750937,0.6750439367311072,0.4727592267135325,0.5272407732864675,0.58,0.46,5690.0,2690.0,3000.0,0.6961988163015858,0.2203954518243519,0.6303574109733224,0.2667380824852705,0.49758387847891644,0.5360665689183349,2690.0,3000.0,5690.0,0.7619175147295126,0.6750439367311072,4825.0,0.7968911917098446,0.9617685305591678,3845.0,2643.0,0.6980703745743473,0.07750677506775068,1845.0
1.0,0.58,0.47,7468.0,0.7830744509908945,0.7014869888475836,0.6478784040531982,0.6746826964503909,0.6419389394750937,0.6725376196990424,0.45998632010943913,0.5400136798905609,0.58,0.47,5848.0,2690.0,3158.0,0.6961988163015858,0.2203954518243519,0.6303574109733224,0.27021960364220665,0.5063866345731727,0.533623095858309,2690.0,3158.0,5848.0,0.7830744509908945,0.6725376196990424,4825.0,0.813678756476684,0.9556800815078961,3926.0,2643.0,0.7272039349224366,0.09417273673257023,1922.0
1.0,0.58,0.48,7468.0,0.8038296732726299,0.7014869888475836,0.6426199818895261,0.6720534853685549,0.6419389394750937,0.6689988339163752,0.4481092786939863,0.5518907213060137,0.58,0.48,6003.0,2690.0,3313.0,0.6961988163015858,0.2203954518243519,0.6303574109733224,0.27169255490091054,0.5158183393268018,0.5267213943100558,2690.0,3313.0,6003.0,0.8038296732726299,0.6689988339163752,4825.0,0.832538860103627,0.9489668907144635,4017.0,2643.0,0.7514188422247446,0.1027190332326284,1986.0
1.0,0.58,0.49,7468.0,0.8229780396357793,0.7014869888475836,0.6368634259259259,0.6691752073867547,0.6419389394750937,0.6651480637813212,0.4376830458835015,0.5623169541164985,0.58,0.49,6146.0,2690.0,3456.0,0.6961988163015858,0.2203954518243519,0.6303574109733224,0.2718264595607927,0.5249531312769677,0.5178109118038117,2690.0,3456.0,6146.0,0.8229780396357793,0.6651480637813212,4825.0,0.849119170984456,0.9411764705882353,4097.0,2643.0,0.775255391600454,0.11322596388482187,2049.0
1.0,0.58,0.5,7468.0,0.8430637386181039,0.7014869888475836,0.6300610094287299,0.6657739991381568,0.6419389394750937,0.6605781448538754,0.4272554002541296,0.5727445997458704,0.58,0.5,6296.0,2690.0,3606.0,0.6961988163015858,0.2203954518243519,0.6303574109733224,0.2707552222817354,0.5349338820528985,0.5061470797898738,2690.0,3606.0,6296.0,0.8430637386181039,0.6605781448538754,4825.0,0.8675647668393782,0.9300047778308648,4186.0,2643.0,0.7983352251229663,0.12606635071090047,2110.0
1.0,0.59,0.2,7468.0,0.3741296197107659,0.7058823529411765,0.8319672131147541,0.7689247830279653,0.6419389394750937,0.7168933428775949,0.9126700071581961,0.08732999284180387,0.59,0.2,2794.0,2550.0,244.0,0.6961988163015858,0.2203954518243519,0.6303574109733224,0.16229244777718266,0.3254513572975102,0.4986688306505467,2550.0,244.0,2794.0,0.3741296197107659,0.7168933428775949,4825.0,0.41450777202072536,0.995,2000.0,2643.0,0.30041619371925843,0.0163727959697733,794.0
1.0,0.59,0.21,7468.0,0.37828066416711303,0.7058823529411765,0.8290909090909091,0.7674866310160429,0.6419389394750937,0.7178761061946902,0.9026548672566371,0.09734513274336283,0.59,0.21,2825.0,2550.0,275.0,0.6961988163015858,0.2203954518243519,0.6303574109733224,0.16483663631494375,0.3266833542225325,0.5045761719547521,2550.0,275.0,2825.0,0.37828066416711303,0.7178761061946902,4825.0,0.41968911917098445,0.9950617283950617,2025.0,2643.0,0.3026863412788498,0.01625,800.0
1.0,0.59,0.22,7468.0,0.3845741831815747,0.7058823529411765,0.8136645962732919,0.7597734746072342,0.6419389394750937,0.717966573816156,0.887883008356546,0.11211699164345404,0.59,0.22,2872.0,2550.0,322.0,0.6961988163015858,0.2203954518243519,0.6303574109733224,0.16764863417246922,0.32933687085498453,0.509049089272149,2550.0,322.0,2872.0,0.3845741831815747,0.717966573816156,4825.0,0.4267357512953368,0.9951432734337057,2059.0,2643.0,0.3076049943246311,0.015990159901599015,813.0
1.0,0.59,0.23,7468.0,0.39100160685591856,0.7058823529411765,0.8,0.7529411764705882,0.6419389394750937,0.7178082191780822,0.8732876712328768,0.1267123287671233,0.59,0.23,2920.0,2550.0,370.0,0.6961988163015858,0.2203954518243519,0.6303574109733224,0.1703267273701125,0.33217079905208863,0.5127685150415738,2550.0,370.0,2920.0,0.39100160685591856,0.7178082191780822,4825.0,0.4337823834196891,0.9952221691352127,2093.0,2643.0,0.31290200529701095,0.015719467956469165,827.0
1.0,0.59,0.24,7468.0,0.39970540974825924,0.7058823529411765,0.7908045977011494,0.748343475321163,0.6419389394750937,0.7182579564489112,0.8542713567839196,0.1457286432160804,0.59,0.24,2985.0,2550.0,435.0,0.6961988163015858,0.2203954518243519,0.6303574109733224,0.17447777182645957,0.3355798250206645,0.5199292651628132,2550.0,435.0,2985.0,0.39970540974825924,0.7182579564489112,4825.0,0.44373056994818655,0.9953292853806632,2141.0,2643.0,0.3193340900491865,0.015402843601895734,844.0
1.0,0.59,0.25,7468.0,0.40666845206213176,0.7058823529411765,0.7946611909650924,0.7502717719531344,0.6419389394750937,0.7201185380309516,0.8396443859071452,0.1603556140928548,0.59,0.25,3037.0,2550.0,487.0,0.6961988163015858,0.2203954518243519,0.6303574109733224,0.17903053026245314,0.33737065803036176,0.5306641997489339,2550.0,487.0,3037.0,0.40666845206213176,0.7201185380309516,4825.0,0.4526424870466321,0.9954212454212454,2184.0,2643.0,0.3227393113885736,0.015240328253223915,853.0
1.0,0.59,0.26,7468.0,0.4148366363149438,0.7058823529411765,0.7846715328467153,0.7452769428939459,0.6419389394750937,0.7198192382182053,0.8231116849580374,0.17688831504196256,0.59,0.26,3098.0,2550.0,548.0,0.6961988163015858,0.2203954518243519,0.6303574109733224,0.1823781467595072,0.3409241041312836,0.5349523385101475,2550.0,548.0,3098.0,0.4148366363149438,0.7198192382182053,4825.0,0.4615544041450777,0.9955096542433768,2227.0,2643.0,0.3295497540673477,0.014925373134328358,871.0
1.0,0.59,0.27,7468.0,0.4231387252276379,0.7058823529411765,0.7754098360655738,0.7406460945033752,0.6419389394750937,0.7193037974683544,0.8069620253164557,0.1930379746835443,0.59,0.27,3160.0,2550.0,610.0,0.6961988163015858,0.2203954518243519,0.6303574109733224,0.18559185859667912,0.34463521775274125,0.5385168115054106,2550.0,610.0,3160.0,0.4231387252276379,0.7193037974683544,4825.0,0.47025906735751294,0.9955927721463199,2269.0,2643.0,0.337116912599319,0.015712682379349047,891.0
1.0,0.59,0.28,7468.0,0.4357257632565613,0.7058823529411765,0.7613636363636364,0.7336229946524064,0.6419389394750937,0.7178856791641057,0.7836508912108174,0.21634910878918254,0.59,0.28,3254.0,2550.0,704.0,0.6961988163015858,0.2203954518243519,0.6303574109733224,0.1898768077129084,0.350605872414919,0.5415676765624784,2550.0,704.0,3254.0,0.4357257632565613,0.7178856791641057,4825.0,0.4833160621761658,0.9957118353344768,2332.0,2643.0,0.3488460083238744,0.015184381778741865,922.0
1.0,0.59,0.29,7468.0,0.4488484199250134,0.7058823529411765,0.7506234413965087,0.7282528971688427,0.6419389394750937,0.7165871121718377,0.7607398568019093,0.2392601431980907,0.59,0.29,3352.0,2550.0,802.0,0.6961988163015858,0.2203954518243519,0.6303574109733224,0.19442956614890197,0.3566643055984937,0.5451332333989608,2550.0,802.0,3352.0,0.4488484199250134,0.7165871121718377,4825.0,0.4969948186528497,0.9958298582151793,2398.0,2643.0,0.36095346197502837,0.014675052410901468,954.0
1.0,0.59,0.3,7468.0,0.46130155329405464,0.7058823529411765,0.7508379888268156,0.7283601708839961,0.6419389394750937,0.7175616835994194,0.7402031930333817,0.2597968069666183,0.59,0.3,3445.0,2550.0,895.0,0.6961988163015858,0.2203954518243519,0.6303574109733224,0.20072308516336365,0.36095600017917073,0.5560874041814766,2550.0,895.0,3445.0,0.46130155329405464,0.7175616835994194,4825.0,0.5112953367875648,0.9959464937170652,2467.0,2643.0,0.37003405221339386,0.015337423312883436,978.0
1.0,0.59,0.31,7468.0,0.474692019282271,0.7058823529411765,0.7527638190954774,0.729323086018327,0.6419389394750937,0.7190409026798308,0.7193229901269393,0.28067700987306066,0.59,0.31,3545.0,2550.0,995.0,0.6961988163015858,0.2203954518243519,0.6303574109733224,0.20795393679700055,0.36519726346542525,0.5694290664275156,2550.0,995.0,3545.0,0.474692019282271,0.7190409026798308,4825.0,0.5272538860103627,0.9960691823899371,2544.0,2643.0,0.3787362845251608,0.014985014985014986,1001.0
1.0,0.59,0.32,7468.0,0.4886181039100161,0.7058823529411765,0.7461328480436761,0.7260076004924263,0.6419389394750937,0.7180049328583173,0.6988215949575226,0.3011784050424774,0.59,0.32,3649.0,2550.0,1099.0,0.6961988163015858,0.2203954518243519,0.6303574109733224,0.21304231387252276,0.3711979189310558,0.573931864936161,2550.0,1099.0,3649.0,0.4886181039100161,0.7180049328583173,4825.0,0.5421761658031088,0.9957951070336392,2616.0,2643.0,0.3908437381763148,0.01452081316553727,1033.0
1.0,0.59,0.33,7468.0,0.5037493304767006,0.7058823529411765,0.7367986798679867,0.7213405164045816,0.6419389394750937,0.7158426368952685,0.6778309409888357,0.32216905901116427,0.59,0.33,3762.0,2550.0,1212.0,0.6961988163015858,0.2203954518243519,0.6303574109733224,0.21746116764863418,0.3783438666266881,0.5747712248846976,2550.0,1212.0,3762.0,0.5037493304767006,0.7158426368952685,4825.0,0.5573056994818653,0.995909259947936,2689.0,2643.0,0.40597805524025726,0.013979496738117428,1073.0
1.0,0.59,0.34,7468.0,0.5198178896625603,0.7058823529411765,0.7252252252252253,0.7155537890832009,0.6419389394750937,0.7125193199381762,0.6568778979907264,0.34312210200927357,0.59,0.34,3882.0,2550.0,1332.0,0.6961988163015858,0.2203954518243519,0.6303574109733224,0.22094268880557041,0.38657159806237046,0.5715440293932896,2550.0,1332.0,3882.0,0.5198178896625603,0.7125193199381762,4825.0,0.5728497409326425,0.9952966714905933,2764.0,2643.0,0.4230041619371926,0.013416815742397137,1118.0
1.0,0.59,0.35,7468.0,0.5337439742903053,0.7058823529411765,0.7137883008356546,0.7098353268884156,0.6419389394750937,0.7087305569493226,0.6397390868038133,0.36026091319618664,0.59,0.35,3986.0,2550.0,1436.0,0.6961988163015858,0.2203954518243519,0.6303574109733224,0.22281735404392072,0.39428835910180293,0.5651126869469423,2550.0,1436.0,3986.0,0.5337439742903053,0.7087305569493226,4825.0,0.5848704663212435,0.9953933380581148,2822.0,2643.0,0.44040862656072643,0.013745704467353952,1164.0
1.0,0.59,0.36,7468.0,0.5512854847348688,0.7058823529411765,0.7077217613273772,0.7068020571342768,0.6419389394750937,0.7065824629584649,0.6193830459072139,0.380616954092786,0.59,0.36,4117.0,2550.0,1567.0,0.6961988163015858,0.2203954518243519,0.6303574109733224,0.22777182645956084,0.40219004107219514,0.566328857503149,2550.0,1567.0,4117.0,0.5512854847348688,0.7065824629584649,4825.0,0.602279792746114,0.9948382656572609,2906.0,2643.0,0.45819144911085885,0.01486374896779521,1211.0
1.0,0.59,0.37,7468.0,0.5692287091590787,0.7058823529411765,0.7042915931804821,0.7050869730608293,0.6419389394750937,0.7052458245118796,0.5998588567395907,0.40014114326040934,0.59,0.37,4251.0,2550.0,1701.0,0.6961988163015858,0.2203954518243519,0.6303574109733224,0.23366363149437602,0.4096126692771494,0.57045020581694,2550.0,1701.0,4251.0,0.5692287091590787,0.7052458245118796,4825.0,0.6207253886010363,0.9939899833055091,2995.0,2643.0,0.4752175558077942,0.016719745222929936,1256.0
1.0,0.59,0.38,7468.0,0.5865024102838778,0.7058823529411765,0.7,0.7029411764705882,0.6419389394750937,0.7034246575342465,0.5821917808219178,0.4178082191780822,0.59,0.38,4380.0,2550.0,1830.0,0.6961988163015858,0.2203954518243519,0.6303574109733224,0.238618103910016,0.4170637279684376,0.5721382319012744,2550.0,1830.0,4380.0,0.5865024102838778,0.7034246575342465,4825.0,0.6373056994818653,0.9934959349593496,3075.0,2643.0,0.49375709421112374,0.01992337164750958,1305.0
1.0,0.59,0.39,7468.0,0.603776111408677,0.7058823529411765,0.6962736089841756,0.701077980962676,0.6419389394750937,0.7017076957196717,0.5655355954757152,0.43446440452428475,0.59,0.39,4509.0,2550.0,1959.0,0.6961988163015858,0.2203954518243519,0.6303574109733224,0.2435725763256561,0.4243839859626073,0.5739438442126263,2550.0,1959.0,4509.0,0.603776111408677,0.7017076957196717,4825.0,0.6547150259067358,0.9917695473251029,3159.0,2643.0,0.5107832009080591,0.022962962962962963,1350.0
1.0,0.59,0.4,7468.0,0.6227905731119443,0.7058823529411765,0.6939552594002856,0.6999188061707311,0.6419389394750937,0.7004945173081057,0.5482691894216297,0.4517308105783702,0.59,0.4,4651.0,2550.0,2101.0,0.6961988163015858,0.2203954518243519,0.6303574109733224,0.24973219068023564,0.4318902536708305,0.5782306698464457,2550.0,2101.0,4651.0,0.6227905731119443,0.7004945173081057,4825.0,0.6735751295336787,0.9907692307692307,3250.0,2643.0,0.5300794551645857,0.027123483226266953,1401.0
1.0,0.59,0.41,7468.0,0.6400642742367434,0.7058823529411765,0.6923766816143497,0.6991295172777632,0.6419389394750937,0.699581589958159,0.5334728033472803,0.4665271966527197,0.59,0.41,4780.0,2550.0,2230.0,0.6961988163015858,0.2203954518243519,0.6303574109733224,0.25549009105516873,0.43850552059328435,0.5826382543816063,2550.0,2230.0,4780.0,0.6400642742367434,0.699581589958159,4825.0,0.6911917098445596,0.9880059970014993,3335.0,2643.0,0.5467272039349225,0.033910034602076124,1445.0
1.0,0.59,0.42,7468.0,0.6592126405998929,0.7058823529411765,0.6822587442056468,0.6940705485734117,0.6419389394750937,0.6944952264879138,0.517976843388178,0.48202315661182205,0.59,0.42,4923.0,2550.0,2373.0,0.6961988163015858,0.2203954518243519,0.6303574109733224,0.25642742367434385,0.44876787815392327,0.5714032491122094,2550.0,2373.0,4923.0,0.6592126405998929,0.6944952264879138,4825.0,0.7065284974093264,0.9850396010560282,3409.0,2643.0,0.5728339008702232,0.040290620871862616,1514.0
1.0,0.59,0.43,7468.0,0.6802356722013926,0.7058823529411765,0.675098814229249,0.6904905835852128,0.6419389394750937,0.6905511811023622,0.5019685039370079,0.49803149606299213,0.59,0.43,5080.0,2550.0,2530.0,0.6961988163015858,0.2203954518243519,0.6303574109733224,0.25923942153186935,0.4588007468768568,0.5650370521333302,2550.0,2530.0,5080.0,0.6802356722013926,0.6905511811023622,4825.0,0.7253886010362695,0.9791428571428571,3500.0,2643.0,0.5978055240257283,0.05126582278481013,1580.0
1.0,0.59,0.44,7468.0,0.6989823245848955,0.7058823529411765,0.6655430711610487,0.6857127120511126,0.6419389394750937,0.6852490421455939,0.4885057471264368,0.5114942528735632,0.59,0.44,5220.0,2550.0,2670.0,0.6961988163015858,0.2203954518243519,0.6303574109733224,0.258971612212105,0.4690472856614728,0.5521226113629267,2550.0,2670.0,5220.0,0.6989823245848955,0.6852490421455939,4825.0,0.7398963730569948,0.9750700280112045,3570.0,2643.0,0.6242905788876277,0.05818181818181818,1650.0
1.0,0.59,0.45,7468.0,0.7214783074450991,0.7058823529411765,0.6613812544045102,0.6836318036728434,0.6419389394750937,0.6824424647364514,0.4732739420935412,0.5267260579064588,0.59,0.45,5388.0,2550.0,2838.0,0.6961988163015858,0.2203954518243519,0.6303574109733224,0.2632565613283343,0.47865527580752976,0.5499919767607271,2550.0,2838.0,5388.0,0.7214783074450991,0.6824424647364514,4825.0,0.7606217616580311,0.9702997275204359,3670.0,2643.0,0.6500189178963299,0.06752037252619325,1718.0
1.0,0.59,0.46,7468.0,0.7431708623460096,0.7058823529411765,0.6513333333333333,0.6786078431372549,0.6419389394750937,0.6763963963963964,0.4594594594594595,0.5405405405405406,0.59,0.46,5550.0,2550.0,3000.0,0.6961988163015858,0.2203954518243519,0.6303574109733224,0.26218532404927686,0.49040062107257404,0.5346349755345767,2550.0,3000.0,5550.0,0.7431708623460096,0.6763963963963964,4825.0,0.778860103626943,0.9630122405534859,3758.0,2643.0,0.6780174044646236,0.07533482142857142,1792.0
1.0,0.59,0.47,7468.0,0.7643277986073915,0.7058823529411765,0.6478784040531982,0.6768803784971873,0.6419389394750937,0.673791170287316,0.44674141555711283,0.5532585844428872,0.59,0.47,5708.0,2550.0,3158.0,0.6961988163015858,0.2203954518243519,0.6303574109733224,0.2656668452062132,0.49933002783789115,0.5320466032386554,2550.0,3158.0,5708.0,0.7643277986073915,0.673791170287316,4825.0,0.7956476683937824,0.9567595728054181,3839.0,2643.0,0.7071509648127128,0.09256286784376672,1869.0
1.0,0.59,0.48,7468.0,0.785083020889127,0.7058823529411765,0.6426199818895261,0.6742511674153513,0.6419389394750937,0.6701347433054751,0.4349309227358008,0.5650690772641992,0.59,0.48,5863.0,2550.0,3313.0,0.6961988163015858,0.2203954518243519,0.6303574109733224,0.2671397964649171,0.5088925350327954,0.5249434371201797,2550.0,3313.0,5863.0,0.785083020889127,0.6701347433054751,4825.0,0.8145077720207254,0.9498727735368957,3930.0,2643.0,0.7313658721150208,0.10139679255043973,1933.0
1.0,0.59,0.49,7468.0,0.8042313872522764,0.7058823529411765,0.6368634259259259,0.6713728894335512,0.6419389394750937,0.6661671661671662,0.4245754245754246,0.5754245754245755,0.59,0.49,6006.0,2550.0,3456.0,0.6961988163015858,0.2203954518243519,0.6303574109733224,0.2672737011247992,0.5181494408602006,0.5158235830209281,2550.0,3456.0,6006.0,0.8042313872522764,0.6661671661671662,4825.0,0.8310880829015544,0.9418952618453865,4010.0,2643.0,0.7552024214907302,0.11222444889779559,1996.0
1.0,0.59,0.5,7468.0,0.824317086234601,0.7058823529411765,0.6300610094287299,0.6679716811849532,0.6419389394750937,0.6614684860298895,0.4142300194931774,0.5857699805068226,0.59,0.5,6156.0,2550.0,3606.0,0.6961988163015858,0.2203954518243519,0.6303574109733224,0.26620246384574175,0.5282587540158985,0.5039243776312888,2550.0,3606.0,6156.0,0.824317086234601,0.6614684860298895,4825.0,0.8495336787564767,0.9304708465479385,4099.0,2643.0,0.7782822550132426,0.12542537676227516,2057.0
1.0,0.6,0.2,7468.0,0.3560524906266738,0.7151138716356108,0.8319672131147541,0.7735405423751824,0.6419389394750937,0.7258367807446409,0.9082361790146671,0.09176382098533283,0.6,0.2,2659.0,2415.0,244.0,0.6961988163015858,0.2203954518243519,0.6303574109733224,0.16081949651847888,0.31243638881234287,0.5147271645591548,2415.0,244.0,2659.0,0.3560524906266738,0.7258367807446409,4825.0,0.39917098445595856,0.9963655244029076,1926.0,2643.0,0.2773363601967461,0.015006821282401092,733.0
1.0,0.6,0.21,7468.0,0.3602035350830209,0.7151138716356108,0.8290909090909091,0.77210239036326,0.6419389394750937,0.7267657992565055,0.8977695167286245,0.10223048327137546,0.6,0.21,2690.0,2415.0,275.0,0.6961988163015858,0.2203954518243519,0.6303574109733224,0.1633636850562399,0.31371950053095277,0.5207316879561391,2415.0,275.0,2690.0,0.3602035350830209,0.7267657992565055,4825.0,0.40435233160621764,0.9964120963608406,1951.0,2643.0,0.2796065077563375,0.014884979702300407,739.0
1.0,0.6,0.22,7468.0,0.36649705409748257,0.7151138716356108,0.8136645962732919,0.7643892339544514,0.6419389394750937,0.7267080745341615,0.8823529411764706,0.11764705882352941,0.6,0.22,2737.0,2415.0,322.0,0.6961988163015858,0.2203954518243519,0.6303574109733224,0.16617568291376542,0.3164817302655219,0.5250719615768888,2415.0,322.0,2737.0,0.36649705409748257,0.7267080745341615,4825.0,0.41139896373056994,0.9964735516372796,1985.0,2643.0,0.2845251608021188,0.014627659574468085,752.0
1.0,0.6,0.23,7468.0,0.37292447777182647,0.7151138716356108,0.8,0.7575569358178054,0.6419389394750937,0.7263913824057451,0.8671454219030521,0.13285457809694792,0.6,0.23,2785.0,2415.0,370.0,0.6961988163015858,0.2203954518243519,0.6303574109733224,0.1688537761114087,0.3194297275304991,0.5286100871600518,2415.0,370.0,2785.0,0.37292447777182647,0.7263913824057451,4825.0,0.4184455958549223,0.9965329370975731,2019.0,2643.0,0.28982217177449865,0.014360313315926894,766.0
1.0,0.6,0.24,7468.0,0.3816282806641671,0.7151138716356108,0.7908045977011494,0.7529592346683801,0.6419389394750937,0.7266666666666667,0.8473684210526315,0.15263157894736842,0.6,0.24,2850.0,2415.0,435.0,0.6961988163015858,0.2203954518243519,0.6303574109733224,0.17300482056775576,0.32297326522207015,0.5356629764658725,2415.0,435.0,2850.0,0.3816282806641671,0.7266666666666667,4825.0,0.4283937823834197,0.9966134494436382,2067.0,2643.0,0.29625425652667425,0.0140485312899106,783.0
1.0,0.6,0.25,7468.0,0.3885913229780396,0.7151138716356108,0.7946611909650924,0.7548875313003516,0.6419389394750937,0.7284631288766368,0.832184700206754,0.16781529979324603,0.6,0.25,2902.0,2415.0,487.0,0.6961988163015858,0.2203954518243519,0.6303574109733224,0.1775575790037493,0.3248336066159799,0.5466108659553163,2415.0,487.0,2902.0,0.3885913229780396,0.7284631288766368,4825.0,0.43730569948186526,0.9966824644549763,2110.0,2643.0,0.2996594778660613,0.013888888888888888,792.0
1.0,0.6,0.26,7468.0,0.3967595072308516,0.7151138716356108,0.7846715328467153,0.749892702241163,0.6419389394750937,0.7279784002699966,0.8150523118461019,0.1849476881538981,0.6,0.26,2963.0,2415.0,548.0,0.6961988163015858,0.2203954518243519,0.6303574109733224,0.18090519550080342,0.32852268698679565,0.5506627172694304,2415.0,548.0,2963.0,0.3967595072308516,0.7279784002699966,4825.0,0.4462176165803109,0.9967487227124942,2153.0,2643.0,0.3064699205448354,0.013580246913580247,810.0
1.0,0.6,0.27,7468.0,0.4050615961435458,0.7151138716356108,0.7754098360655738,0.7452618538505923,0.6419389394750937,0.7272727272727273,0.7983471074380165,0.20165289256198346,0.6,0.27,3025.0,2415.0,610.0,0.6961988163015858,0.2203954518243519,0.6303574109733224,0.1841189073379754,0.3323722978871512,0.553953829811919,2415.0,610.0,3025.0,0.4050615961435458,0.7272727272727273,4825.0,0.45492227979274613,0.9968109339407745,2195.0,2643.0,0.31403707907680667,0.014457831325301205,830.0
1.0,0.6,0.28,7468.0,0.4176486341724692,0.7151138716356108,0.7613636363636364,0.7382387539996236,0.6419389394750937,0.7255530618788073,0.774286630330234,0.22571336966976596,0.6,0.28,3119.0,2415.0,704.0,0.6961988163015858,0.2203954518243519,0.6303574109733224,0.1884038564542046,0.3385592841130373,0.5564870476016862,2415.0,704.0,3119.0,0.4176486341724692,0.7255530618788073,4825.0,0.467979274611399,0.9968999114260407,2258.0,2643.0,0.3257661748013621,0.013937282229965157,861.0
1.0,0.6,0.29,7468.0,0.43077129084092125,0.7151138716356108,0.7506234413965087,0.7328686565160598,0.6419389394750937,0.7239664283493938,0.7506994093876282,0.24930059061237178,0.6,0.29,3217.0,2415.0,802.0,0.6961988163015858,0.2203954518243519,0.6303574109733224,0.19295661489019816,0.3448294331627762,0.5595711860220276,2415.0,802.0,3217.0,0.43077129084092125,0.7239664283493938,4825.0,0.4816580310880829,0.9969879518072289,2324.0,2643.0,0.33787362845251606,0.013437849944008958,893.0
1.0,0.6,0.3,7468.0,0.4432244242099625,0.7151138716356108,0.7508379888268156,0.7329759302312132,0.6419389394750937,0.724773413897281,0.729607250755287,0.270392749244713,0.6,0.3,3310.0,2415.0,895.0,0.6961988163015858,0.2203954518243519,0.6303574109733224,0.1992501339046599,0.34926658178625003,0.5704815298550386,2415.0,895.0,3310.0,0.4432244242099625,0.724773413897281,4825.0,0.4959585492227979,0.9970748015043878,2393.0,2643.0,0.34695421869088156,0.014176663031624863,917.0
1.0,0.6,0.31,7468.0,0.4566148901981789,0.7151138716356108,0.7527638190954774,0.7339388453655441,0.6419389394750937,0.726099706744868,0.7082111436950147,0.29178885630498536,0.6,0.31,3410.0,2415.0,995.0,0.6961988163015858,0.2203954518243519,0.6303574109733224,0.20648098553829672,0.3536480628109549,0.5838600780026685,2415.0,995.0,3410.0,0.4566148901981789,0.726099706744868,4825.0,0.5119170984455959,0.9971659919028341,2470.0,2643.0,0.35565645100264853,0.013829787234042552,940.0
1.0,0.6,0.32,7468.0,0.47054097482592394,0.7151138716356108,0.7461328480436761,0.7306233598396434,0.6419389394750937,0.7248150256118384,0.6872509960159362,0.31274900398406374,0.6,0.32,3514.0,2415.0,1099.0,0.6961988163015858,0.2203954518243519,0.6303574109733224,0.211569362613819,0.35984136241690234,0.5879517607225501,2415.0,1099.0,3514.0,0.47054097482592394,0.7248150256118384,4825.0,0.5268393782383419,0.996852871754524,2542.0,2643.0,0.3677639046538025,0.013374485596707819,972.0
1.0,0.6,0.33,7468.0,0.48567220139260847,0.7151138716356108,0.7367986798679867,0.7259562757517988,0.6419389394750937,0.7223600771987869,0.6658395368072787,0.33416046319272125,0.6,0.33,3627.0,2415.0,1212.0,0.6961988163015858,0.2203954518243519,0.6303574109733224,0.2159882163899304,0.367208377493405,0.5881897844060203,2415.0,1212.0,3627.0,0.48567220139260847,0.7223600771987869,4825.0,0.5419689119170984,0.9969407265774378,2615.0,2643.0,0.382898221717745,0.012845849802371542,1012.0
1.0,0.6,0.34,7468.0,0.5017407605784682,0.7151138716356108,0.7252252252252253,0.720169548430418,0.6419389394750937,0.718708299973312,0.644515612489992,0.355484387510008,0.6,0.34,3747.0,2415.0,1332.0,0.6961988163015858,0.2203954518243519,0.6303574109733224,0.21946973754686663,0.3756800653691925,0.584193194630082,2415.0,1332.0,3747.0,0.5017407605784682,0.718708299973312,4825.0,0.5575129533678757,0.9962825278810409,2690.0,2643.0,0.3999243284146803,0.01229895931882687,1057.0
1.0,0.6,0.35,7468.0,0.5156668452062132,0.7151138716356108,0.7137883008356546,0.7144510862356327,0.6419389394750937,0.7146195793300442,0.6271098415995845,0.37289015840041545,0.6,0.35,3851.0,2415.0,1436.0,0.6961988163015858,0.2203954518243519,0.6303574109733224,0.22134440278521694,0.3836159814326016,0.5769947382239221,2415.0,1436.0,3851.0,0.5156668452062132,0.7146195793300442,4825.0,0.5695336787564766,0.9963609898107715,2748.0,2643.0,0.41732879303821413,0.012692656391659111,1103.0
1.0,0.6,0.36,7468.0,0.5332083556507766,0.7151138716356108,0.7077217613273772,0.7114178164814939,0.6419389394750937,0.7122049221496736,0.6064791562029131,0.3935208437970869,0.6,0.36,3982.0,2415.0,1567.0,0.6961988163015858,0.2203954518243519,0.6303574109733224,0.226298875200857,0.39173299608912165,0.5776865300092633,2415.0,1567.0,3982.0,0.5332083556507766,0.7122049221496736,4825.0,0.5869430051813471,0.9957627118644068,2832.0,2643.0,0.4351116155883466,0.01391304347826087,1150.0
1.0,0.6,0.37,7468.0,0.5511515800749867,0.7151138716356108,0.7042915931804821,0.7097027324080465,0.6419389394750937,0.7106413994169096,0.5867346938775511,0.413265306122449,0.6,0.37,4116.0,2415.0,1701.0,0.6961988163015858,0.2203954518243519,0.6303574109733224,0.23219068023567221,0.3993500343303569,0.5814214605615775,2415.0,1701.0,4116.0,0.5511515800749867,0.7106413994169096,4825.0,0.6053886010362695,0.9948647723382403,2921.0,2643.0,0.4521377222852819,0.015899581589958158,1195.0
1.0,0.6,0.38,7468.0,0.5684252811997857,0.7151138716356108,0.7,0.7075569358178053,0.6419389394750937,0.7085983510011779,0.568904593639576,0.43109540636042404,0.6,0.38,4245.0,2415.0,1830.0,0.6961988163015858,0.2203954518243519,0.6303574109733224,0.23714515265131225,0.4069890223018758,0.5826819389625076,2415.0,1830.0,4245.0,0.5684252811997857,0.7085983510011779,4825.0,0.6219689119170985,0.9943352215928024,3001.0,2643.0,0.47067726068861143,0.01929260450160772,1244.0
1.0,0.6,0.39,7468.0,0.585698982324585,0.7151138716356108,0.6962736089841756,0.7056937403098932,0.6419389394750937,0.7066758116140832,0.5521262002743484,0.44787379972565156,0.6,0.39,4374.0,2415.0,1959.0,0.6961988163015858,0.2203954518243519,0.6303574109733224,0.24209962506695235,0.4144872478482496,0.5840942666481959,2415.0,1959.0,4374.0,0.585698982324585,0.7066758116140832,4825.0,0.6393782383419689,0.9925445705024312,3085.0,2643.0,0.4877033673855467,0.022498060512024826,1289.0
1.0,0.6,0.4,7468.0,0.6047134440278522,0.7151138716356108,0.6939552594002856,0.7045345655179482,0.6419389394750937,0.7052701505757307,0.5347652790079717,0.46523472099202834,0.6,0.4,4516.0,2415.0,2101.0,0.6961988163015858,0.2203954518243519,0.6303574109733224,0.24825923942153189,0.4221695184439068,0.5880558130691234,2415.0,2101.0,4516.0,0.6047134440278522,0.7052701505757307,4825.0,0.658238341968912,0.9914987405541562,3176.0,2643.0,0.5069996216420734,0.026865671641791045,1340.0
1.0,0.6,0.41,7468.0,0.6219871451526513,0.7151138716356108,0.6923766816143497,0.7037452766249803,0.6419389394750937,0.7041980624327233,0.5199138858988159,0.48008611410118407,0.6,0.41,4645.0,2415.0,2230.0,0.6961988163015858,0.2203954518243519,0.6303574109733224,0.25401713979646484,0.42893473009083005,0.5922046455475286,2415.0,2230.0,4645.0,0.6219871451526513,0.7041980624327233,4825.0,0.6758549222797927,0.988653787181846,3261.0,2643.0,0.5236473704124102,0.03395953757225433,1384.0
1.0,0.6,0.42,7468.0,0.6411355115158007,0.7151138716356108,0.6822587442056468,0.6986863079206288,0.6419389394750937,0.6988304093567251,0.5043859649122807,0.4956140350877193,0.6,0.42,4788.0,2415.0,2373.0,0.6961988163015858,0.2203954518243519,0.6303574109733224,0.25495447241564007,0.4394206635447181,0.5802059246804044,2415.0,2373.0,4788.0,0.6411355115158007,0.6988304093567251,4825.0,0.6911917098445596,0.9856071964017991,3335.0,2643.0,0.5497540673477109,0.040605643496214726,1453.0
1.0,0.6,0.43,7468.0,0.6621585431173005,0.7151138716356108,0.675098814229249,0.6951063429324299,0.6419389394750937,0.6946410515672397,0.4883720930232558,0.5116279069767442,0.6,0.43,4945.0,2415.0,2530.0,0.6961988163015858,0.2203954518243519,0.6303574109733224,0.2577664702731655,0.44966213585543036,0.5732447758421877,2415.0,2530.0,4945.0,0.6621585431173005,0.6946410515672397,4825.0,0.7100518134715026,0.9795680093403386,3426.0,2643.0,0.5747256905032161,0.05200789993416721,1519.0
1.0,0.6,0.44,7468.0,0.6809051955008034,0.7151138716356108,0.6655430711610487,0.6903284713983298,0.6419389394750937,0.6890855457227139,0.4749262536873156,0.5250737463126843,0.6,0.44,5085.0,2415.0,2670.0,0.6961988163015858,0.2203954518243519,0.6303574109733224,0.2574986609534012,0.4601122333449754,0.5596431528920859,2415.0,2670.0,5085.0,0.6809051955008034,0.6890855457227139,4825.0,0.724559585492228,0.9754004576659039,3496.0,2643.0,0.6012107453651154,0.0591567023285085,1589.0
1.0,0.6,0.45,7468.0,0.703401178361007,0.7151138716356108,0.6613812544045102,0.6882475630200605,0.6419389394750937,0.686084142394822,0.4597372929754426,0.5402627070245574,0.6,0.45,5253.0,2415.0,2838.0,0.6961988163015858,0.2203954518243519,0.6303574109733224,0.26178361006963036,0.4699029518375984,0.557101437745606,2415.0,2838.0,5253.0,0.703401178361007,0.686084142394822,4825.0,0.7452849740932642,0.9705228031145717,3596.0,2643.0,0.6269390843738176,0.0687990343995172,1657.0
1.0,0.6,0.46,7468.0,0.7250937332619175,0.7151138716356108,0.6513333333333333,0.683223602484472,0.6419389394750937,0.6797783933518006,0.44598337950138506,0.554016620498615,0.6,0.46,5415.0,2415.0,3000.0,0.6961988163015858,0.2203954518243519,0.6303574109733224,0.26071237279057313,0.48186168164284676,0.5410523034363452,2415.0,3000.0,5415.0,0.7250937332619175,0.6797783933518006,4825.0,0.7635233160621762,0.9630836047774158,3684.0,2643.0,0.6549375709421112,0.07683419988445984,1731.0
1.0,0.6,0.47,7468.0,0.7462506695232994,0.7151138716356108,0.6478784040531982,0.6814961378444044,0.6419389394750937,0.6770141754889647,0.4333393145523058,0.5666606854476942,0.6,0.47,5573.0,2415.0,3158.0,0.6961988163015858,0.2203954518243519,0.6303574109733224,0.2641938939475095,0.49094642048587644,0.5381318264547971,2415.0,3158.0,5573.0,0.7462506695232994,0.6770141754889647,4825.0,0.7803108808290156,0.9567065073041169,3765.0,2643.0,0.6840711312902006,0.09457964601769911,1808.0
1.0,0.6,0.48,7468.0,0.7670058918050349,0.7151138716356108,0.6426199818895261,0.6788669267625684,0.6419389394750937,0.6731843575418994,0.42161312849162014,0.5783868715083799,0.6,0.48,5728.0,2415.0,3313.0,0.6961988163015858,0.2203954518243519,0.6303574109733224,0.26566684520621314,0.5006690756372025,0.5306236357180607,2415.0,3313.0,5728.0,0.7670058918050349,0.6731843575418994,4825.0,0.7991709844559586,0.9496887966804979,3856.0,2643.0,0.7082860385925085,0.10363247863247864,1872.0
1.0,0.6,0.49,7468.0,0.7861542581681843,0.7151138716356108,0.6368634259259259,0.6759886487807684,0.6419389394750937,0.6690512689490717,0.4113438937148697,0.5886561062851303,0.6,0.49,5871.0,2415.0,3456.0,0.6961988163015858,0.2203954518243519,0.6303574109733224,0.2658007498660954,0.5100752436171005,0.5211010594853036,2415.0,3456.0,5871.0,0.7861542581681843,0.6690512689490717,4825.0,0.8157512953367876,0.9415650406504065,3936.0,2643.0,0.7321225879682179,0.11472868217054263,1935.0
1.0,0.6,0.5,7468.0,0.8062399571505089,0.7151138716356108,0.6300610094287299,0.6725874405321703,0.6419389394750937,0.6641753861484804,0.401096163428002,0.598903836571998,0.6,0.5,6021.0,2415.0,3606.0,0.6961988163015858,0.2203954518243519,0.6303574109733224,0.26472951258703814,0.5203414477837945,0.5087611485007727,2415.0,3606.0,6021.0,0.8062399571505089,0.6641753861484804,4825.0,0.8341968911917098,0.9299378881987578,4025.0,2643.0,0.7552024214907302,0.1282565130260521,1996.0
1.0,0.61,0.2,7468.0,0.339046598821639,0.7185314685314685,0.8319672131147541,0.7752493408231114,0.6419389394750937,0.7294628751974723,0.9036334913112164,0.09636650868878358,0.61,0.2,2532.0,2288.0,244.0,0.6961988163015858,0.2203954518243519,0.6303574109733224,0.15559721478307445,0.3028608459660679,0.5137581065876946,2288.0,244.0,2532.0,0.339046598821639,0.7294628751974723,4825.0,0.38134715025906735,0.9983695652173913,1840.0,2643.0,0.2618236852062051,0.014450867052023121,692.0
1.0,0.61,0.21,7468.0,0.3431976432779861,0.7185314685314685,0.8290909090909091,0.7738111888111888,0.6419389394750937,0.7303940694498634,0.8927038626609443,0.1072961373390558,0.61,0.21,2563.0,2288.0,275.0,0.6961988163015858,0.2203954518243519,0.6303574109733224,0.15814140332083554,0.30418435196205484,0.5198867144242934,2288.0,275.0,2563.0,0.3431976432779861,0.7303940694498634,4825.0,0.38652849740932643,0.9983914209115281,1865.0,2643.0,0.26409383276579645,0.014326647564469915,698.0
1.0,0.61,0.22,7468.0,0.34949116229244775,0.7185314685314685,0.8136645962732919,0.7660980324023803,0.6419389394750937,0.7302681992337164,0.8766283524904215,0.12337164750957855,0.61,0.22,2610.0,2288.0,322.0,0.6961988163015858,0.2203954518243519,0.6303574109733224,0.16095340117836096,0.30703237705011405,0.5242228937702229,2288.0,322.0,2610.0,0.34949116229244775,0.7302681992337164,4825.0,0.39357512953367874,0.9984202211690363,1899.0,2643.0,0.2690124858115778,0.014064697609001406,711.0
1.0,0.61,0.23,7468.0,0.35591858596679166,0.7185314685314685,0.8,0.7592657342657343,0.6419389394750937,0.7298720842738902,0.8607975921745673,0.13920240782543267,0.61,0.23,2658.0,2288.0,370.0,0.6961988163015858,0.2203954518243519,0.6303574109733224,0.1636314943760043,0.31007022719924865,0.5277239799964929,2288.0,370.0,2658.0,0.35591858596679166,0.7298720842738902,4825.0,0.4006217616580311,0.9984480082772892,1933.0,2643.0,0.2743094967839576,0.013793103448275862,725.0
1.0,0.61,0.24,7468.0,0.3646223888591323,0.7185314685314685,0.7908045977011494,0.7546680331163089,0.6419389394750937,0.7300771208226221,0.8402497245684907,0.15975027543150935,0.61,0.24,2723.0,2288.0,435.0,0.6961988163015858,0.2203954518243519,0.6303574109733224,0.16778253883235136,0.31371950053095277,0.5348170532861004,2288.0,435.0,2723.0,0.3646223888591323,0.7300771208226221,4825.0,0.4105699481865285,0.9984856133266027,1981.0,2643.0,0.28074158153613316,0.013477088948787063,742.0
1.0,0.61,0.25,7468.0,0.3715854311730048,0.7185314685314685,0.7946611909650924,0.7565963297482805,0.6419389394750937,0.7318918918918919,0.8245045045045045,0.1754954954954955,0.61,0.25,2775.0,2288.0,487.0,0.6961988163015858,0.2203954518243519,0.6303574109733224,0.1723352972683449,0.31563438810169264,0.5459965826436537,2288.0,487.0,2775.0,0.3715854311730048,0.7318918918918919,4825.0,0.4194818652849741,0.9985177865612648,2024.0,2643.0,0.28414680287552024,0.013315579227696404,751.0
1.0,0.61,0.26,7468.0,0.3797536154258168,0.7185314685314685,0.7846715328467153,0.7516015006890919,0.6419389394750937,0.731311706629055,0.8067700987306065,0.19322990126939352,0.61,0.26,2836.0,2288.0,548.0,0.6961988163015858,0.2203954518243519,0.6303574109733224,0.17568291376539902,0.3194297275304991,0.5499892421522504,2288.0,548.0,2836.0,0.3797536154258168,0.731311706629055,4825.0,0.4283937823834197,0.9985486211901307,2067.0,2643.0,0.29095724555429436,0.013003901170351105,769.0
1.0,0.61,0.27,7468.0,0.388055704338511,0.7185314685314685,0.7754098360655738,0.7469706522985211,0.6419389394750937,0.7305037957211871,0.7895100069013112,0.21048999309868874,0.61,0.27,2898.0,2288.0,610.0,0.6961988163015858,0.2203954518243519,0.6303574109733224,0.178896625602571,0.3233875992798271,0.5531956883967337,2288.0,610.0,2898.0,0.388055704338511,0.7305037957211871,4825.0,0.4370984455958549,0.9985775248933144,2109.0,2643.0,0.2985244040862656,0.01394169835234474,789.0
1.0,0.61,0.28,7468.0,0.4006427423674344,0.7185314685314685,0.7613636363636364,0.7399475524475525,0.6419389394750937,0.7286096256684492,0.7647058823529411,0.23529411764705882,0.61,0.28,2992.0,2288.0,704.0,0.6961988163015858,0.2203954518243519,0.6303574109733224,0.18318157471880026,0.3297432089131133,0.5555279677255407,2288.0,704.0,2992.0,0.4006427423674344,0.7286096256684492,4825.0,0.4501554404145078,0.9986187845303868,2172.0,2643.0,0.310253499810821,0.013414634146341463,820.0
1.0,0.61,0.29,7468.0,0.41376539903588644,0.7185314685314685,0.7506234413965087,0.7345774549639886,0.6419389394750937,0.7268608414239482,0.7404530744336569,0.25954692556634307,0.61,0.29,3090.0,2288.0,802.0,0.6961988163015858,0.2203954518243519,0.6303574109733224,0.1877343331547938,0.3361778293411782,0.5584375790714833,2288.0,802.0,3090.0,0.41376539903588644,0.7268608414239482,4825.0,0.4638341968911917,0.9986595174262735,2238.0,2643.0,0.322360953461975,0.012910798122065728,852.0
1.0,0.61,0.3,7468.0,0.4262185324049277,0.7185314685314685,0.7508379888268156,0.734684728679142,0.6419389394750937,0.7276154571159283,0.7188187244737669,0.2811812755262331,0.61,0.3,3183.0,2288.0,895.0,0.6961988163015858,0.2203954518243519,0.6303574109733224,0.19402785216925547,0.34072766268361027,0.5694514224089403,2288.0,895.0,3183.0,0.4262185324049277,0.7276154571159283,4825.0,0.4781347150259067,0.9986996098829649,2307.0,2643.0,0.3314415437003405,0.0136986301369863,876.0
1.0,0.61,0.31,7468.0,0.4396089983931441,0.7185314685314685,0.7527638190954774,0.7356476438134729,0.6419389394750937,0.7289064879683217,0.696923545537618,0.30307645446238196,0.61,0.31,3283.0,2288.0,995.0,0.6961988163015858,0.2203954518243519,0.6303574109733224,0.20125870380289237,0.34521753619294293,0.5829909628067341,2288.0,995.0,3283.0,0.4396089983931441,0.7289064879683217,4825.0,0.49409326424870464,0.9987416107382551,2384.0,2643.0,0.34014377601210743,0.013348164627363738,899.0
1.0,0.61,0.32,7468.0,0.45353508302088913,0.7185314685314685,0.7461328480436761,0.7323321582875724,0.6419389394750937,0.7274874520224387,0.6755240625922645,0.32447593740773545,0.61,0.32,3387.0,2288.0,1099.0,0.6961988163015858,0.2203954518243519,0.6303574109733224,0.20634708087841452,0.3515593848430693,0.5869480087141599,2288.0,1099.0,3387.0,0.45353508302088913,0.7274874520224387,4825.0,0.5090155440414508,0.998371335504886,2456.0,2643.0,0.35225122966326144,0.01288936627282492,931.0
1.0,0.61,0.33,7468.0,0.46866630958757366,0.7185314685314685,0.7367986798679867,0.7276650741997277,0.6419389394750937,0.7248571428571429,0.6537142857142857,0.3462857142857143,0.61,0.33,3500.0,2288.0,1212.0,0.6961988163015858,0.2203954518243519,0.6303574109733224,0.210765934654526,0.35909634844498745,0.5869342185383285,2288.0,1212.0,3500.0,0.46866630958757366,0.7248571428571429,4825.0,0.5241450777202072,0.9984183471727955,2529.0,2643.0,0.3673855467272039,0.012358393408856848,971.0
1.0,0.61,0.34,7468.0,0.4847348687734333,0.7185314685314685,0.7252252252252253,0.721878346878347,0.6419389394750937,0.7209944751381215,0.6320441988950276,0.3679558011049724,0.61,0.34,3620.0,2288.0,1332.0,0.6961988163015858,0.2203954518243519,0.6303574109733224,0.21424745581146223,0.36775495439352757,0.5825821059699446,2288.0,1332.0,3620.0,0.4847348687734333,0.7209944751381215,4825.0,0.5396891191709845,0.9976958525345622,2604.0,2643.0,0.38441165342413924,0.011811023622047244,1016.0
1.0,0.61,0.35,7468.0,0.4986609534011784,0.7185314685314685,0.7137883008356546,0.7161598846835615,0.6419389394750937,0.716702470461869,0.6143931256713212,0.38560687432867885,0.61,0.35,3724.0,2288.0,1436.0,0.6961988163015858,0.2203954518243519,0.6303574109733224,0.21612212104981254,0.3758582394675989,0.5750096668253125,2288.0,1436.0,3724.0,0.4986609534011784,0.716702470461869,4825.0,0.5517098445595855,0.9977460555972952,2662.0,2643.0,0.4018161180476731,0.01224105461393597,1062.0
1.0,0.61,0.36,7468.0,0.5162024638457419,0.7185314685314685,0.7077217613273772,0.7131266149294229,0.6419389394750937,0.7141374837872893,0.593514915693904,0.406485084306096,0.61,0.36,3855.0,2288.0,1567.0,0.6961988163015858,0.2203954518243519,0.6303574109733224,0.22107659346545264,0.38413921329401485,0.5755116525847719,2288.0,1567.0,3855.0,0.5162024638457419,0.7141374837872893,4825.0,0.569119170984456,0.9970866715222141,2746.0,2643.0,0.4195989405978055,0.013525698827772768,1109.0
1.0,0.61,0.37,7468.0,0.5341456882699518,0.7185314685314685,0.7042915931804821,0.7114115308559753,0.6419389394750937,0.7124592629731762,0.5735773376786162,0.4264226623213838,0.61,0.37,3989.0,2288.0,1701.0,0.6961988163015858,0.2203954518243519,0.6303574109733224,0.22696839850026776,0.3919038719952152,0.579143036645065,2288.0,1701.0,3989.0,0.5341456882699518,0.7124592629731762,4825.0,0.5875647668393782,0.9961199294532628,2835.0,2643.0,0.43662504729474083,0.01559792027729636,1154.0
1.0,0.61,0.38,7468.0,0.551419389394751,0.7185314685314685,0.7,0.7092657342657342,0.6419389394750937,0.7102962603205439,0.55560951918407,0.4443904808159301,0.61,0.38,4118.0,2288.0,1830.0,0.6961988163015858,0.2203954518243519,0.6303574109733224,0.23192287091590788,0.39968520017561515,0.5802638446807756,2288.0,1830.0,4118.0,0.551419389394751,0.7102962603205439,4825.0,0.6041450777202072,0.9955403087478559,2915.0,2643.0,0.4551645856980704,0.019118869492934332,1203.0
1.0,0.61,0.39,7468.0,0.5686930905195501,0.7185314685314685,0.6962736089841756,0.707402538757822,0.6419389394750937,0.7082646574052273,0.5387332234518484,0.4612667765481516,0.61,0.39,4247.0,2288.0,1959.0,0.6961988163015858,0.2203954518243519,0.6303574109733224,0.23687734333154797,0.407317902373565,0.5815539703783993,2288.0,1959.0,4247.0,0.5686930905195501,0.7082646574052273,4825.0,0.6215544041450777,0.9936645548516172,2999.0,2643.0,0.47219069239500566,0.022435897435897436,1248.0
1.0,0.61,0.4,7468.0,0.5877075522228173,0.7185314685314685,0.6939552594002856,0.7062433639658771,0.6419389394750937,0.706766917293233,0.5213032581453634,0.47869674185463656,0.61,0.4,4389.0,2288.0,2101.0,0.6961988163015858,0.2203954518243519,0.6303574109733224,0.24303695768612743,0.4151328670056672,0.5854437868028638,2288.0,2101.0,4389.0,0.5877075522228173,0.706766917293233,4825.0,0.6404145077720207,0.9925566343042072,3090.0,2643.0,0.49148694665153236,0.026943802925327175,1299.0
1.0,0.61,0.41,7468.0,0.6049812533476165,0.7185314685314685,0.6923766816143497,0.7054540750729091,0.6419389394750937,0.7056219566179726,0.5064187693669765,0.49358123063302345,0.61,0.41,4518.0,2288.0,2230.0,0.6961988163015858,0.2203954518243519,0.6303574109733224,0.24879485806106055,0.4220108975409024,0.5895460508503734,2288.0,2230.0,4518.0,0.6049812533476165,0.7056219566179726,4825.0,0.6580310880829016,0.9896062992125985,3175.0,2643.0,0.5081346954218691,0.03425167535368578,1343.0
1.0,0.61,0.42,7468.0,0.624129619710766,0.7185314685314685,0.6822587442056468,0.7003951063685576,0.6419389394750937,0.700064363870414,0.49088178502467283,0.5091182149753272,0.61,0.42,4661.0,2288.0,2373.0,0.6961988163015858,0.2203954518243519,0.6303574109733224,0.24973219068023564,0.4326646675143062,0.5771957116696573,2288.0,2373.0,4661.0,0.624129619710766,0.700064363870414,4825.0,0.6733678756476684,0.9864573714989228,3249.0,2643.0,0.5342413923571698,0.04107648725212465,1412.0
1.0,0.61,0.43,7468.0,0.6451526513122656,0.7185314685314685,0.675098814229249,0.6968151413803587,0.6419389394750937,0.6957243669572437,0.4748858447488584,0.5251141552511416,0.61,0.43,4818.0,2288.0,2530.0,0.6961988163015858,0.2203954518243519,0.6303574109733224,0.25254418853776117,0.4430623335234583,0.569996972049961,2288.0,2530.0,4818.0,0.6451526513122656,0.6957243669572437,4825.0,0.6922279792746114,0.9802395209580839,3340.0,2643.0,0.559213015512675,0.05277401894451962,1478.0
1.0,0.61,0.44,7468.0,0.6638993036957687,0.7185314685314685,0.6655430711610487,0.6920372698462587,0.6419389394750937,0.6899959661153691,0.46147640177490923,0.5385235982250908,0.61,0.44,4958.0,2288.0,2670.0,0.6961988163015858,0.2203954518243519,0.6303574109733224,0.2522763792179968,0.45366448201163595,0.5560858061873272,2288.0,2670.0,4958.0,0.6638993036957687,0.6899959661153691,4825.0,0.7067357512953368,0.9759530791788856,3410.0,2643.0,0.5856980703745743,0.060077519379844964,1548.0
1.0,0.61,0.45,7468.0,0.6863952865559722,0.7185314685314685,0.6613812544045102,0.6899563614679893,0.6419389394750937,0.6868903628560281,0.44635193133047213,0.5536480686695279,0.61,0.45,5126.0,2288.0,2838.0,0.6961988163015858,0.2203954518243519,0.6303574109733224,0.25656132833422607,0.46359139240377734,0.5534212509941667,2288.0,2838.0,5126.0,0.6863952865559722,0.6868903628560281,4825.0,0.7274611398963731,0.9709401709401709,3510.0,2643.0,0.6114264093832765,0.06992574257425743,1616.0
1.0,0.61,0.46,7468.0,0.7080878414568827,0.7185314685314685,0.6513333333333333,0.6849324009324009,0.6419389394750937,0.6804084720121029,0.43267776096822996,0.56732223903177,0.61,0.46,5288.0,2288.0,3000.0,0.6961988163015858,0.2203954518243519,0.6303574109733224,0.25549009105516873,0.4757088134571999,0.5370724355481287,2288.0,3000.0,5288.0,0.7080878414568827,0.6804084720121029,4825.0,0.745699481865285,0.9633129516397999,3598.0,2643.0,0.6394248959515701,0.07810650887573964,1690.0
1.0,0.61,0.47,7468.0,0.7292447777182646,0.7185314685314685,0.6478784040531982,0.6832049362923334,0.6419389394750937,0.6775615130370914,0.42012486228424534,0.5798751377157547,0.61,0.47,5446.0,2288.0,3158.0,0.6961988163015858,0.2203954518243519,0.6303574109733224,0.25897161221210496,0.48490883963182174,0.5340624691616989,2288.0,3158.0,5446.0,0.7292447777182646,0.6775615130370914,4825.0,0.7624870466321243,0.9567817341668932,3679.0,2643.0,0.6685584562996595,0.09620826259196379,1767.0
1.0,0.61,0.48,7468.0,0.75,0.7185314685314685,0.6426199818895261,0.6805757252104974,0.6419389394750937,0.6736297089805392,0.40849848241385467,0.5915015175861453,0.61,0.48,5601.0,2288.0,3313.0,0.6961988163015858,0.2203954518243519,0.6303574109733224,0.2604445634708088,0.4947501574174541,0.5264163327007376,2288.0,3313.0,5601.0,0.75,0.6736297089805392,4825.0,0.7813471502590673,0.9496021220159151,3770.0,2643.0,0.6927733636019675,0.10540688148552703,1831.0
1.0,0.61,0.49,7468.0,0.7691483663631494,0.7185314685314685,0.6368634259259259,0.6776974472286972,0.6419389394750937,0.6693941504178273,0.3983286908077994,0.6016713091922006,0.61,0.49,5744.0,2288.0,3456.0,0.6961988163015858,0.2203954518243519,0.6303574109733224,0.260578468130691,0.5042667440117672,0.5167472795402315,2288.0,3456.0,5744.0,0.7691483663631494,0.6693941504178273,4825.0,0.7979274611398963,0.9412987012987013,3850.0,2643.0,0.7166099129776768,0.11668426610348469,1894.0
1.0,0.61,0.5,7468.0,0.789234065345474,0.7185314685314685,0.6300610094287299,0.6742962389800993,0.6419389394750937,0.66440447913132,0.38819138106549034,0.6118086189345097,0.61,0.5,5894.0,2288.0,3606.0,0.6961988163015858,0.2203954518243519,0.6303574109733224,0.2595072308516336,0.5146488290542592,0.5042413704282883,2288.0,3606.0,5894.0,0.789234065345474,0.66440447913132,4825.0,0.8163730569948187,0.9294237116019294,3939.0,2643.0,0.7396897465001891,0.13043478260869565,1955.0
1.0,0.62,0.2,7468.0,0.32217461167648637,0.7210915818686402,0.8319672131147541,0.7765293974916971,0.6419389394750937,0.7323358270989194,0.8985868661679135,0.10141313383208644,0.62,0.2,2406.0,2162.0,244.0,0.6961988163015858,0.2203954518243519,0.6303574109733224,0.1497054097482593,0.2936572848817368,0.5097963423878602,2162.0,244.0,2406.0,0.32217461167648637,0.7323358270989194,4825.0,0.36373056994818653,0.9994301994301994,1755.0,2643.0,0.246311010215664,0.01228878648233487,651.0
1.0,0.62,0.21,7468.0,0.32632565613283343,0.7210915818686402,0.8290909090909091,0.7750912454797747,0.6419389394750937,0.7332786212556421,0.8871563397620025,0.11284366023799754,0.62,0.21,2437.0,2162.0,275.0,0.6961988163015858,0.2203954518243519,0.6303574109733224,0.15224959828602033,0.2950220820945553,0.5160617036023221,2162.0,275.0,2437.0,0.32632565613283343,0.7332786212556421,4825.0,0.3689119170984456,0.999438202247191,1780.0,2643.0,0.24858115777525538,0.0121765601217656,657.0
1.0,0.62,0.22,7468.0,0.3326191751472951,0.7210915818686402,0.8136645962732919,0.767378089070966,0.6419389394750937,0.7330917874396136,0.8703703703703703,0.12962962962962962,0.62,0.22,2484.0,2162.0,322.0,0.6961988163015858,0.2203954518243519,0.6303574109733224,0.1550615961435458,0.2979576975039824,0.5204148019752814,2162.0,322.0,2484.0,0.3326191751472951,0.7330917874396136,4825.0,0.3759585492227979,0.9994487320837927,1814.0,2643.0,0.2534998108210367,0.011940298507462687,670.0
1.0,0.62,0.23,7468.0,0.339046598821639,0.7210915818686402,0.8,0.7605457909343201,0.6419389394750937,0.7326224328593997,0.8538704581358609,0.146129541864139,0.62,0.23,2532.0,2162.0,370.0,0.6961988163015858,0.2203954518243519,0.6303574109733224,0.15773968934118907,0.3010871215117395,0.5239004861755229,2162.0,370.0,2532.0,0.339046598821639,0.7326224328593997,4825.0,0.3830051813471503,0.9994588744588745,1848.0,2643.0,0.25879682179341656,0.011695906432748537,684.0
1.0,0.62,0.24,7468.0,0.34775040171397964,0.7210915818686402,0.7908045977011494,0.7559480897848948,0.6419389394750937,0.7327685791297651,0.8324990373507893,0.16750096264921063,0.62,0.24,2597.0,2162.0,435.0,0.6961988163015858,0.2203954518243519,0.6303574109733224,0.16189073379753616,0.3048439501748751,0.531061002538075,2162.0,435.0,2597.0,0.34775040171397964,0.7327685791297651,4825.0,0.39295336787564766,0.9994725738396625,1896.0,2643.0,0.2652289065455921,0.011412268188302425,701.0
1.0,0.62,0.25,7468.0,0.35471344402785215,0.7210915818686402,0.7946611909650924,0.7578763864168663,0.6419389394750937,0.7346168365420913,0.816157040392601,0.18384295960739902,0.62,0.25,2649.0,2162.0,487.0,0.6961988163015858,0.2203954518243519,0.6303574109733224,0.1664434922335297,0.3068142367902135,0.5424894684640617,2162.0,487.0,2649.0,0.35471344402785215,0.7346168365420913,4825.0,0.40186528497409324,0.999484270242393,1939.0,2643.0,0.2686341278849792,0.011267605633802818,710.0
1.0,0.62,0.26,7468.0,0.36288162828066417,0.7210915818686402,0.7846715328467153,0.7528815573576777,0.6419389394750937,0.7339483394833949,0.7977859778597786,0.2022140221402214,0.62,0.26,2710.0,2162.0,548.0,0.6961988163015858,0.2203954518243519,0.6303574109733224,0.16979110873058387,0.3107173309859625,0.5464487873650493,2162.0,548.0,2710.0,0.36288162828066417,0.7339483394833949,4825.0,0.41077720207253887,0.9994954591321897,1982.0,2643.0,0.2754445705637533,0.01098901098901099,728.0
1.0,0.62,0.27,7468.0,0.37118371719335835,0.7210915818686402,0.7754098360655738,0.748250708967107,0.6419389394750937,0.733044733044733,0.7799422799422799,0.22005772005772006,0.62,0.27,2772.0,2162.0,610.0,0.6961988163015858,0.2203954518243519,0.6303574109733224,0.1730048205677558,0.31478476505828756,0.5495971843990642,2162.0,610.0,2772.0,0.37118371719335835,0.733044733044733,4825.0,0.4194818652849741,0.9995059288537549,2024.0,2643.0,0.28301172909572453,0.012032085561497326,748.0
1.0,0.62,0.28,7468.0,0.3837707552222817,0.7210915818686402,0.7613636363636364,0.7412276091161383,0.6419389394750937,0.7309839497557572,0.7543614794138171,0.24563852058618282,0.62,0.28,2866.0,2162.0,704.0,0.6961988163015858,0.2203954518243519,0.6303574109733224,0.17728976968398502,0.3213105861454744,0.5517707082446281,2162.0,704.0,2866.0,0.3837707552222817,0.7309839497557572,4825.0,0.43253886010362697,0.9995208433157643,2087.0,2643.0,0.29474082482027997,0.011553273427471117,779.0
1.0,0.62,0.29,7468.0,0.3968934118907338,0.7210915818686402,0.7506234413965087,0.7358575116325745,0.6419389394750937,0.7290823211875843,0.7294197031039136,0.27058029689608637,0.62,0.29,2964.0,2162.0,802.0,0.6961988163015858,0.2203954518243519,0.6303574109733224,0.18184252811997856,0.32791072243123986,0.5545488929783606,2162.0,802.0,2964.0,0.3968934118907338,0.7290823211875843,4825.0,0.4462176165803109,0.9995355318160706,2153.0,2643.0,0.306848278471434,0.011097410604192354,811.0
1.0,0.62,0.3,7468.0,0.40934654525977504,0.7210915818686402,0.7508379888268156,0.7359647853477279,0.6419389394750937,0.7298004579653254,0.7072293097808309,0.2927706902191691,0.62,0.3,3057.0,2162.0,895.0,0.6961988163015858,0.2203954518243519,0.6303574109733224,0.18813604713444024,0.3325736746386692,0.5656973521396247,2162.0,895.0,3057.0,0.40934654525977504,0.7298004579653254,4825.0,0.4605181347150259,0.9995499549954996,2222.0,2643.0,0.31592886870979947,0.011976047904191617,835.0
1.0,0.62,0.31,7468.0,0.42273701124799146,0.7210915818686402,0.7527638190954774,0.7369277004820588,0.6419389394750937,0.7310738042445359,0.6848273677541971,0.315172632245803,0.62,0.31,3157.0,2162.0,995.0,0.6961988163015858,0.2203954518243519,0.6303574109733224,0.19536689876807714,0.33717214629912295,0.5794277520028508,2162.0,995.0,3157.0,0.42273701124799146,0.7310738042445359,4825.0,0.47647668393782383,0.9995650282731623,2299.0,2643.0,0.3246311010215664,0.011655011655011656,858.0
1.0,0.62,0.32,7468.0,0.4366630958757365,0.7210915818686402,0.7461328480436761,0.7336122149561581,0.6419389394750937,0.7295308187672493,0.662986813860779,0.3370131861392211,0.62,0.32,3261.0,2162.0,1099.0,0.6961988163015858,0.2203954518243519,0.6303574109733224,0.2004552758435994,0.3436624943401135,0.5832911043391725,2162.0,1099.0,3261.0,0.4366630958757365,0.7295308187672493,4825.0,0.49139896373056996,0.9991564740615774,2371.0,2643.0,0.3367385546727204,0.011235955056179775,890.0
1.0,0.62,0.33,7468.0,0.451794322442421,0.7210915818686402,0.7367986798679867,0.7289451308683135,0.6419389394750937,0.7267338470657972,0.6407824540604624,0.35921754593953764,0.62,0.33,3374.0,2162.0,1212.0,0.6961988163015858,0.2203954518243519,0.6303574109733224,0.20487412961971074,0.35136888936181465,0.583074187335766,2162.0,1212.0,3374.0,0.451794322442421,0.7267338470657972,4825.0,0.5065284974093264,0.9991816693944353,2444.0,2643.0,0.3518728717366629,0.010752688172043012,930.0
1.0,0.62,0.34,7468.0,0.46786288162828066,0.7210915818686402,0.7252252252252253,0.7231584035469327,0.6419389394750937,0.7226674298797939,0.6187750429307384,0.38122495706926157,0.62,0.34,3494.0,2162.0,1332.0,0.6961988163015858,0.2203954518243519,0.6303574109733224,0.20835565077664703,0.36021329157294685,0.5784229945175493,2162.0,1332.0,3494.0,0.46786288162828066,0.7226674298797939,4825.0,0.5220725388601036,0.9984120682810639,2519.0,2643.0,0.3688989784335982,0.010256410256410256,975.0
1.0,0.62,0.35,7468.0,0.4817889662560257,0.7210915818686402,0.7137883008356546,0.7174399413521474,0.6419389394750937,0.7181767648693719,0.6008893829905503,0.3991106170094497,0.62,0.35,3598.0,2162.0,1436.0,0.6961988163015858,0.2203954518243519,0.6303574109733224,0.2102303160149973,0.36848246243276517,0.5705300453840644,2162.0,1436.0,3598.0,0.4817889662560257,0.7181767648693719,4825.0,0.5340932642487046,0.9984478075281334,2577.0,2643.0,0.38630344305713205,0.010773751224289911,1021.0
1.0,0.62,0.36,7468.0,0.49933047670058917,0.7210915818686402,0.7077217613273772,0.7144066715980086,0.6419389394750937,0.7154733172432287,0.5797801019039958,0.4202198980960043,0.62,0.36,3729.0,2162.0,1567.0,0.6961988163015858,0.2203954518243519,0.6303574109733224,0.21518478843063735,0.3769255153673945,0.5708947249721043,2162.0,1567.0,3729.0,0.49933047670058917,0.7154733172432287,4825.0,0.5515025906735751,0.9977452085682075,2661.0,2643.0,0.40408626560726446,0.012172284644194757,1068.0
1.0,0.62,0.37,7468.0,0.5172737011247991,0.7210915818686402,0.7042915931804821,0.7126915875245612,0.6419389394750937,0.7136940201915609,0.5596686513072742,0.4403313486927259,0.62,0.37,3863.0,2162.0,1701.0,0.6961988163015858,0.2203954518243519,0.6303574109733224,0.22107659346545253,0.3848357491575767,0.5744700016809755,2162.0,1701.0,3863.0,0.5172737011247991,0.7136940201915609,4825.0,0.5699481865284974,0.9967272727272727,2750.0,2643.0,0.4211123723041998,0.014375561545372867,1113.0
1.0,0.62,0.38,7468.0,0.5345474022495983,0.7210915818686402,0.7,0.71054579093432,0.6419389394750937,0.7114228456913828,0.5415831663326653,0.45841683366733466,0.62,0.38,3992.0,2162.0,1830.0,0.6961988163015858,0.2203954518243519,0.6303574109733224,0.2260310658810927,0.39275713638870113,0.5754983040139998,2162.0,1830.0,3992.0,0.5345474022495983,0.7114228456913828,4825.0,0.5865284974093264,0.996113074204947,2830.0,2643.0,0.43965191070752935,0.018072289156626505,1162.0
1.0,0.62,0.39,7468.0,0.5518211033743974,0.7210915818686402,0.6962736089841756,0.7086825954264079,0.6419389394750937,0.709293860713419,0.5246299441883038,0.47537005581169617,0.62,0.39,4121.0,2162.0,1959.0,0.6961988163015858,0.2203954518243519,0.6303574109733224,0.23098553829673268,0.40052188771505653,0.57671139925582,2162.0,1959.0,4121.0,0.5518211033743974,0.709293860713419,4825.0,0.6039378238341969,0.9941660947151681,2914.0,2643.0,0.4566780174044646,0.021541010770505385,1207.0
1.0,0.62,0.4,7468.0,0.5708355650776648,0.7210915818686402,0.6939552594002856,0.7075234206344629,0.6419389394750937,0.7077175697865353,0.50715458597232,0.49284541402768006,0.62,0.4,4263.0,2162.0,2101.0,0.6961988163015858,0.2203954518243519,0.6303574109733224,0.2371451526513123,0.40846689732850594,0.580573736090517,2162.0,2101.0,4263.0,0.5708355650776648,0.7077175697865353,4825.0,0.6227979274611399,0.9930116472545757,3005.0,2643.0,0.4759742716609913,0.026232114467408585,1258.0
1.0,0.62,0.41,7468.0,0.5881092662024638,0.7210915818686402,0.6923766816143497,0.706734131741495,0.6419389394750937,0.706511839708561,0.49225865209471764,0.5077413479052824,0.62,0.41,4392.0,2162.0,2230.0,0.6961988163015858,0.2203954518243519,0.6303574109733224,0.24290305302624532,0.4154553003490379,0.5846671177914311,2162.0,2230.0,4392.0,0.5881092662024638,0.706511839708561,4825.0,0.6404145077720207,0.989967637540453,3090.0,2643.0,0.492622020431328,0.03379416282642089,1302.0
1.0,0.62,0.42,7468.0,0.6072576325656133,0.7210915818686402,0.6822587442056468,0.7016751630371435,0.6419389394750937,0.7007717750826902,0.47673649393605294,0.5232635060639471,0.62,0.42,4535.0,2162.0,2373.0,0.6961988163015858,0.2203954518243519,0.6303574109733224,0.24384038564542043,0.42627294479018535,0.5720287637899244,2162.0,2373.0,4535.0,0.6072576325656133,0.7007717750826902,4825.0,0.6557512953367876,0.9867256637168141,3164.0,2643.0,0.5187287173666288,0.040846097738876735,1371.0
1.0,0.62,0.43,7468.0,0.628280664167113,0.7210915818686402,0.675098814229249,0.6980951980489446,0.6419389394750937,0.6962915601023018,0.46078431372549017,0.5392156862745098,0.62,0.43,4692.0,2162.0,2530.0,0.6961988163015858,0.2203954518243519,0.6303574109733224,0.24665238350294585,0.4368227790901976,0.5646509186555394,2162.0,2530.0,4692.0,0.628280664167113,0.6962915601023018,4825.0,0.6746113989637306,0.9803379416282642,3255.0,2643.0,0.5437003405221339,0.05288796102992345,1437.0
1.0,0.62,0.44,7468.0,0.647027316550616,0.7210915818686402,0.6655430711610487,0.6933173265148445,0.6419389394750937,0.6903973509933775,0.4474337748344371,0.5525662251655629,0.62,0.44,4832.0,2162.0,2670.0,0.6961988163015858,0.2203954518243519,0.6303574109733224,0.2463845741831816,0.44757275518480477,0.550490554505375,2162.0,2670.0,4832.0,0.647027316550616,0.6903973509933775,4825.0,0.689119170984456,0.9759398496240601,3325.0,2643.0,0.5701853953840333,0.06038487060384871,1507.0
1.0,0.62,0.45,7468.0,0.6695232994108195,0.7210915818686402,0.6613812544045102,0.6912364181365752,0.6419389394750937,0.6872,0.4324,0.5676,0.62,0.45,5000.0,2162.0,2838.0,0.6961988163015858,0.2203954518243519,0.6303574109733224,0.25066952329941083,0.4576318258772048,0.5477536944003374,2162.0,2838.0,5000.0,0.6695232994108195,0.6872,4825.0,0.7098445595854922,0.9708029197080292,3425.0,2643.0,0.5959137343927355,0.07047619047619047,1575.0
1.0,0.62,0.46,7468.0,0.69121585431173,0.7210915818686402,0.6513333333333333,0.6862124576009867,0.6419389394750937,0.6805501743510267,0.418829910887253,0.581170089112747,0.62,0.46,5162.0,2162.0,3000.0,0.6961988163015858,0.2203954518243519,0.6303574109733224,0.24959828602035347,0.46990295183759834,0.5311698618710026,2162.0,3000.0,5162.0,0.69121585431173,0.6805501743510267,4825.0,0.7280829015544041,0.9629945915172218,3513.0,2643.0,0.6239122209610292,0.07883565797453002,1649.0
1.0,0.62,0.47,7468.0,0.712372790573112,0.7210915818686402,0.6478784040531982,0.6844849929609191,0.6419389394750937,0.6776315789473685,0.406390977443609,0.593609022556391,0.62,0.47,5320.0,2162.0,3158.0,0.6961988163015858,0.2203954518243519,0.6303574109733224,0.25307980717728984,0.4792144527222766,0.5281138866735295,2162.0,3158.0,5320.0,0.712372790573112,0.6776315789473685,4825.0,0.7448704663212435,0.9563160823594881,3594.0,2643.0,0.6530457813091184,0.09733487833140209,1726.0
1.0,0.62,0.48,7468.0,0.7331280128548473,0.7210915818686402,0.6426199818895261,0.6818557818790831,0.6419389394750937,0.6736073059360731,0.39488584474885846,0.6051141552511415,0.62,0.48,5475.0,2162.0,3313.0,0.6961988163015858,0.2203954518243519,0.6303574109733224,0.2545527584359936,0.48917034579932056,0.5203765122353154,2162.0,3313.0,5475.0,0.7331280128548473,0.6736073059360731,4825.0,0.7637305699481866,0.9489823609226594,3685.0,2643.0,0.6772606886114264,0.10670391061452514,1790.0
1.0,0.62,0.49,7468.0,0.7522763792179968,0.7210915818686402,0.6368634259259259,0.6789775038972831,0.6419389394750937,0.6692773228907084,0.3848344606621574,0.6151655393378427,0.62,0.49,5618.0,2162.0,3456.0,0.6961988163015858,0.2203954518243519,0.6303574109733224,0.2546866630958757,0.498793402182768,0.5106055171967838,2162.0,3456.0,5618.0,0.7522763792179968,0.6692773228907084,4825.0,0.7803108808290156,0.9405046480743692,3765.0,2643.0,0.7010972379871359,0.1181867242309768,1853.0
1.0,0.62,0.5,7468.0,0.7723620782003213,0.7210915818686402,0.6300610094287299,0.675576295648685,0.6419389394750937,0.6641816920943134,0.3748266296809986,0.6251733703190014,0.62,0.5,5768.0,2162.0,3606.0,0.6961988163015858,0.2203954518243519,0.6303574109733224,0.2536154258168184,0.5092870764036247,0.49798127140344095,2162.0,3606.0,5768.0,0.7723620782003213,0.6641816920943134,4825.0,0.7987564766839378,0.928386092371562,3854.0,2643.0,0.7241770715096482,0.13218390804597702,1914.0
1.0,0.63,0.2,7468.0,0.30262453133369044,0.7316468253968254,0.8319672131147541,0.7818070192557898,0.6419389394750937,0.7424778761061946,0.8920353982300885,0.1079646017699115,0.63,0.2,2260.0,2016.0,244.0,0.6961988163015858,0.2203954518243519,0.6303574109733224,0.14675950723085163,0.27916395191969073,0.5257108098006547,2016.0,244.0,2260.0,0.30262453133369044,0.7424778761061946,4825.0,0.34632124352331606,1.0,1671.0,2643.0,0.22285281876655316,0.011884550084889643,589.0
1.0,0.63,0.21,7468.0,0.3067755757900375,0.7316468253968254,0.8290909090909091,0.7803688672438672,0.6419389394750937,0.7433435181143605,0.8799650807507639,0.12003491924923614,0.63,0.21,2291.0,2016.0,275.0,0.6961988163015858,0.2203954518243519,0.6303574109733224,0.14930369576861272,0.2805992516217967,0.5320887169358898,2016.0,275.0,2291.0,0.3067755757900375,0.7433435181143605,4825.0,0.35150259067357514,1.0,1696.0,2643.0,0.22512296632614454,0.011764705882352941,595.0
1.0,0.63,0.22,7468.0,0.3130690948044992,0.7316468253968254,0.8136645962732919,0.7726557108350587,0.6419389394750937,0.7429426860564585,0.8622754491017964,0.1377245508982036,0.63,0.22,2338.0,2016.0,322.0,0.6961988163015858,0.2203954518243519,0.6303574109733224,0.1521156936261382,0.2836841563943614,0.5362149778103071,2016.0,322.0,2338.0,0.3130690948044992,0.7429426860564585,4825.0,0.35854922279792745,1.0,1730.0,2643.0,0.23004161937192585,0.011513157894736841,608.0
1.0,0.63,0.23,7468.0,0.3194965184788431,0.7316468253968254,0.8,0.7658234126984127,0.6419389394750937,0.742246437552389,0.8449287510477788,0.1550712489522213,0.63,0.23,2386.0,2016.0,370.0,0.6961988163015858,0.2203954518243519,0.6303574109733224,0.15479378682378148,0.2869692768007244,0.539408917043313,2016.0,370.0,2386.0,0.3194965184788431,0.742246437552389,4825.0,0.3655958549222798,1.0,1764.0,2643.0,0.23533863034430572,0.011254019292604502,622.0
1.0,0.63,0.24,7468.0,0.3282003213711837,0.7316468253968254,0.7908045977011494,0.7612257115489873,0.6419389394750937,0.7421460628314973,0.8225214198286414,0.17747858017135862,0.63,0.24,2451.0,2016.0,435.0,0.6961988163015858,0.2203954518243519,0.6303574109733224,0.1589448312801285,0.29090848225090926,0.546374000683274,2016.0,435.0,2451.0,0.3282003213711837,0.7421460628314973,4825.0,0.3755440414507772,1.0,1812.0,2643.0,0.24177071509648126,0.010954616588419406,639.0
1.0,0.63,0.25,7468.0,0.3351633636850562,0.7316468253968254,0.7946611909650924,0.7631540081809589,0.6419389394750937,0.7439073112265282,0.805433479824211,0.19456652017578904,0.63,0.25,2503.0,2016.0,487.0,0.6961988163015858,0.2203954518243519,0.6303574109733224,0.16349758971612213,0.29297250209613024,0.5580646256776524,2016.0,487.0,2503.0,0.3351633636850562,0.7439073112265282,4825.0,0.3844559585492228,1.0,1855.0,2643.0,0.24517593643586832,0.010802469135802469,648.0
1.0,0.63,0.26,7468.0,0.34333154793786824,0.7316468253968254,0.7846715328467153,0.7581591791217703,0.6419389394750937,0.7429797191887676,0.7862714508580343,0.21372854914196568,0.63,0.26,2564.0,2016.0,548.0,0.6961988163015858,0.2203954518243519,0.6303574109733224,0.16684520621317625,0.2970575211341164,0.561659592311243,2016.0,548.0,2564.0,0.34333154793786824,0.7429797191887676,4825.0,0.3933678756476684,1.0,1898.0,2643.0,0.25198637911464244,0.010510510510510511,666.0
1.0,0.63,0.27,7468.0,0.3516336368505624,0.7316468253968254,0.7754098360655738,0.7535283307311995,0.6419389394750937,0.7418126428027418,0.7677075399847677,0.2322924600152323,0.63,0.27,2626.0,2016.0,610.0,0.6961988163015858,0.2203954518243519,0.6303574109733224,0.17005891805034817,0.3013094080842932,0.5643996287124666,2016.0,610.0,2626.0,0.3516336368505624,0.7418126428027418,4825.0,0.40207253886010363,1.0,1940.0,2643.0,0.2595535376466137,0.011661807580174927,686.0
1.0,0.63,0.28,7468.0,0.3642206748794858,0.7316468253968254,0.7613636363636364,0.7465052308802309,0.6419389394750937,0.7393382352941177,0.7411764705882353,0.25882352941176473,0.63,0.28,2720.0,2016.0,704.0,0.6961988163015858,0.2203954518243519,0.6303574109733224,0.1743438671665774,0.3081207618068834,0.5658296641361951,2016.0,704.0,2720.0,0.3642206748794858,0.7393382352941177,4825.0,0.4151295336787565,1.0,2003.0,2643.0,0.27128263337116915,0.011157601115760111,717.0
1.0,0.63,0.29,7468.0,0.37734333154793787,0.7316468253968254,0.7506234413965087,0.741135133396667,0.6419389394750937,0.7370475514549326,0.7154009936124911,0.28459900638750885,0.63,0.29,2818.0,2016.0,802.0,0.6961988163015858,0.2203954518243519,0.6303574109733224,0.178896625602571,0.31499738566007723,0.5679305090983311,2016.0,802.0,2818.0,0.37734333154793787,0.7370475514549326,4825.0,0.4288082901554404,1.0,2069.0,2643.0,0.2833900870223231,0.010680907877169559,749.0
1.0,0.63,0.3,7468.0,0.3897964649169791,0.7316468253968254,0.7508379888268156,0.7412424071118204,0.6419389394750937,0.7375472346272759,0.6925455170044659,0.3074544829955342,0.63,0.3,2911.0,2016.0,895.0,0.6961988163015858,0.2203954518243519,0.6303574109733224,0.1851901446170327,0.3198486519433421,0.5789930440283276,2016.0,895.0,2911.0,0.3897964649169791,0.7375472346272759,4825.0,0.4431088082901554,1.0,2138.0,2643.0,0.2924706772606886,0.01164294954721863,773.0
1.0,0.63,0.31,7468.0,0.4031869309051955,0.7316468253968254,0.7527638190954774,0.7422053222461513,0.6419389394750937,0.7386250415144471,0.6695450016605778,0.3304549983394221,0.63,0.31,3011.0,2016.0,995.0,0.6961988163015858,0.2203954518243519,0.6303574109733224,0.19242099625066955,0.3246274284888185,0.5927441102140183,2016.0,995.0,3011.0,0.4031869309051955,0.7386250415144471,4825.0,0.45906735751295336,1.0,2215.0,2643.0,0.3011729095724555,0.011306532663316583,796.0
1.0,0.63,0.32,7468.0,0.41711301553294056,0.7316468253968254,0.7461328480436761,0.7388898367202508,0.6419389394750937,0.7367576243980738,0.647191011235955,0.35280898876404493,0.63,0.32,3115.0,2016.0,1099.0,0.6961988163015858,0.2203954518243519,0.6303574109733224,0.19750937332619173,0.331363578420101,0.596050339231279,2016.0,1099.0,3115.0,0.41711301553294056,0.7367576243980738,4825.0,0.4739896373056995,0.9995627459554001,2287.0,2643.0,0.3132803632236095,0.010869565217391304,828.0
1.0,0.63,0.33,7468.0,0.4322442420996251,0.7316468253968254,0.7367986798679867,0.7342227526324061,0.6419389394750937,0.7335811648079306,0.6245353159851301,0.3754646840148699,0.63,0.33,3228.0,2016.0,1212.0,0.6961988163015858,0.2203954518243519,0.6303574109733224,0.20192822710230313,0.339349388534385,0.5950452068719213,2016.0,1212.0,3228.0,0.4322442420996251,0.7335811648079306,4825.0,0.48911917098445595,0.9995762711864407,2360.0,2643.0,0.328414680287552,0.010368663594470046,868.0
1.0,0.63,0.34,7468.0,0.44831280128548473,0.7316468253968254,0.7252252252252253,0.7284360253110254,0.6419389394750937,0.7290919952210275,0.6021505376344086,0.3978494623655914,0.63,0.34,3348.0,2016.0,1332.0,0.6961988163015858,0.2203954518243519,0.6303574109733224,0.20540974825923947,0.3484989619971954,0.589412797909259,2016.0,1332.0,3348.0,0.44831280128548473,0.7290919952210275,4825.0,0.5046632124352332,0.9987679671457905,2435.0,2643.0,0.3454407869844873,0.009857612267250822,913.0
1.0,0.63,0.35,7468.0,0.46223888591322976,0.7316468253968254,0.7137883008356546,0.7227175631162399,0.6419389394750937,0.7242178447276941,0.5840092699884125,0.4159907300115875,0.63,0.35,3452.0,2016.0,1436.0,0.6961988163015858,0.2203954518243519,0.6303574109733224,0.20728441349758975,0.3570395443194213,0.5805643010572105,2016.0,1436.0,3452.0,0.46223888591322976,0.7242178447276941,4825.0,0.5166839378238341,0.9987966305655837,2493.0,2643.0,0.36284525160802117,0.010427528675703858,959.0
1.0,0.63,0.36,7468.0,0.47978039635779324,0.7316468253968254,0.7077217613273772,0.7196842933621013,0.6419389394750937,0.7211833658945018,0.5626569913480324,0.4373430086519676,0.63,0.36,3583.0,2016.0,1567.0,0.6961988163015858,0.2203954518243519,0.6303574109733224,0.21223888591322979,0.3657468458131686,0.5802890396535259,2016.0,1567.0,3583.0,0.47978039635779324,0.7211833658945018,4825.0,0.5340932642487046,0.9980597594101669,2577.0,2643.0,0.38062807415815364,0.011928429423459244,1006.0
1.0,0.63,0.37,7468.0,0.4977236207820032,0.7316468253968254,0.7042915931804821,0.7179692092886537,0.6419389394750937,0.7191283292978208,0.5423728813559322,0.4576271186440678,0.63,0.37,3717.0,2016.0,1701.0,0.6961988163015858,0.2203954518243519,0.6303574109733224,0.21813069094804494,0.3738936545556492,0.583403029953211,2016.0,1701.0,3717.0,0.4977236207820032,0.7191283292978208,4825.0,0.552538860103627,0.9969992498124531,2666.0,2643.0,0.3976541808550889,0.014272121788772598,1051.0
1.0,0.63,0.38,7468.0,0.5149973219068024,0.7316468253968254,0.7,0.7158234126984127,0.6419389394750937,0.7165886635465418,0.5241809672386896,0.47581903276131043,0.63,0.38,3846.0,2016.0,1830.0,0.6961988163015858,0.2203954518243519,0.6303574109733224,0.22308516336368503,0.3820419862679476,0.5839283936902757,2016.0,1830.0,3846.0,0.5149973219068024,0.7165886635465418,4825.0,0.569119170984456,0.9963583394027676,2746.0,2643.0,0.41619371925841847,0.01818181818181818,1100.0
1.0,0.63,0.39,7468.0,0.5322710230316015,0.7316468253968254,0.6962736089841756,0.7139602171905004,0.6419389394750937,0.7142138364779874,0.5071698113207547,0.4928301886792453,0.63,0.39,3975.0,2016.0,1959.0,0.6961988163015858,0.2203954518243519,0.6303574109733224,0.2280396357793251,0.3900201195145427,0.5846868517018189,2016.0,1959.0,3975.0,0.5322710230316015,0.7142138364779874,4825.0,0.5865284974093264,0.9943462897526502,2830.0,2643.0,0.43321982595535374,0.021834061135371178,1145.0
1.0,0.63,0.4,7468.0,0.5512854847348688,0.7316468253968254,0.6939552594002856,0.7128010423985555,0.6419389394750937,0.7124119504493563,0.48967694923487975,0.5103230507651202,0.63,0.4,4117.0,2016.0,2101.0,0.6961988163015858,0.2203954518243519,0.6303574109733224,0.2341992501339047,0.39817473212206983,0.5881821000688346,2016.0,2101.0,4117.0,0.5512854847348688,0.7124119504493563,4825.0,0.6053886010362695,0.9931530297843204,2921.0,2643.0,0.45251608021188044,0.026755852842809364,1196.0
1.0,0.63,0.41,7468.0,0.5685591858596679,0.7316468253968254,0.6923766816143497,0.7120117535055875,0.6419389394750937,0.7110221384832783,0.47479981158737633,0.5252001884126236,0.63,0.41,4246.0,2016.0,2230.0,0.6961988163015858,0.2203954518243519,0.6303574109733224,0.23995715050883765,0.4053406193257902,0.5919889077683909,2016.0,2230.0,4246.0,0.5685591858596679,0.7110221384832783,4825.0,0.6230051813471502,0.9900199600798403,3006.0,2643.0,0.4691638289822172,0.03467741935483871,1240.0
1.0,0.63,0.42,7468.0,0.5877075522228173,0.7316468253968254,0.6822587442056468,0.706952784801236,0.6419389394750937,0.7049441786283892,0.45933014354066987,0.5406698564593302,0.63,0.42,4389.0,2016.0,2373.0,0.6961988163015858,0.2203954518243519,0.6303574109733224,0.2408944831280129,0.41642110242806163,0.5784876936433075,2016.0,2373.0,4389.0,0.5877075522228173,0.7049441786283892,4825.0,0.6383419689119171,0.9866883116883117,3080.0,2643.0,0.49527052591751797,0.04201680672268908,1309.0
1.0,0.63,0.43,7468.0,0.6087305838243171,0.7316468253968254,0.675098814229249,0.7033728198130371,0.6419389394750937,0.7001759788825341,0.4434667839859217,0.5565332160140783,0.63,0.43,4546.0,2016.0,2530.0,0.6961988163015858,0.2203954518243519,0.6303574109733224,0.24370648098553835,0.4272142921525325,0.5704548875404324,2016.0,2530.0,4546.0,0.6087305838243171,0.7001759788825341,4825.0,0.6572020725388601,0.9801324503311258,3171.0,2643.0,0.5202421490730231,0.05454545454545454,1375.0
1.0,0.63,0.44,7468.0,0.62747723620782,0.7316468253968254,0.6655430711610487,0.6985949482789371,0.6419389394750937,0.6939820742637645,0.43021766965428937,0.5697823303457106,0.63,0.44,4686.0,2016.0,2670.0,0.6961988163015858,0.2203954518243519,0.6303574109733224,0.24343867166577404,0.4382000482325658,0.5555423205626255,2016.0,2670.0,4686.0,0.62747723620782,0.6939820742637645,4825.0,0.6717098445595855,0.9756248071582845,3241.0,2643.0,0.5467272039349225,0.06228373702422145,1445.0
1.0,0.63,0.45,7468.0,0.6499732190680235,0.7316468253968254,0.6613812544045102,0.6965140399006677,0.6419389394750937,0.6905644829007005,0.415327564894932,0.584672435105068,0.63,0.45,4854.0,2016.0,2838.0,0.6961988163015858,0.2203954518243519,0.6303574109733224,0.24772362078200325,0.44846939599376245,0.5523757540535692,2016.0,2838.0,4854.0,0.6499732190680235,0.6905644829007005,4825.0,0.6924352331606217,0.9703681532475307,3341.0,2643.0,0.5724555429436247,0.07270323859881031,1513.0
1.0,0.63,0.46,7468.0,0.6716657739689341,0.7316468253968254,0.6513333333333333,0.6914900793650793,0.6419389394750937,0.6836124401913876,0.4019138755980861,0.5980861244019139,0.63,0.46,5016.0,2016.0,3000.0,0.6961988163015858,0.2203954518243519,0.6303574109733224,0.2466523835029459,0.4609844848072374,0.5350557158254136,2016.0,3000.0,5016.0,0.6716657739689341,0.6836124401913876,4825.0,0.7106735751295337,0.9623797025371829,3429.0,2643.0,0.6004540295119183,0.08128544423440454,1587.0
1.0,0.63,0.47,7468.0,0.692822710230316,0.7316468253968254,0.6478784040531982,0.6897626147250118,0.6419389394750937,0.6805179744878237,0.3896405102435253,0.6103594897564747,0.63,0.47,5174.0,2016.0,3158.0,0.6961988163015858,0.2203954518243519,0.6303574109733224,0.2501339046598821,0.47047253138224443,0.5316652683738852,2016.0,3158.0,5174.0,0.692822710230316,0.6805179744878237,4825.0,0.7274611398963731,0.9555555555555556,3510.0,2643.0,0.6295875898600075,0.10036057692307693,1664.0
1.0,0.63,0.48,7468.0,0.7135779325120514,0.7316468253968254,0.6426199818895261,0.6871334036431758,0.6419389394750937,0.6762994933383374,0.37830737474197784,0.6216926252580222,0.63,0.48,5329.0,2016.0,3313.0,0.6961988163015858,0.2203954518243519,0.6303574109733224,0.25160685591858595,0.48060954869491795,0.5235161402885512,2016.0,3313.0,5329.0,0.7135779325120514,0.6762994933383374,4825.0,0.7463212435233161,0.9480699805609553,3601.0,2643.0,0.6538024971623155,0.1099537037037037,1728.0
1.0,0.63,0.49,7468.0,0.7327262988752009,0.7316468253968254,0.6368634259259259,0.6842551256613756,0.6419389394750937,0.6717836257309941,0.3684210526315789,0.631578947368421,0.63,0.49,5472.0,2016.0,3456.0,0.6961988163015858,0.2203954518243519,0.6303574109733224,0.25174076057846817,0.49040062107257404,0.5133369530158348,2016.0,3456.0,5472.0,0.7327262988752009,0.6717836257309941,4825.0,0.7629015544041451,0.9394186362401521,3681.0,2643.0,0.677639046538025,0.12171970965940815,1791.0
1.0,0.63,0.5,7468.0,0.7528119978575254,0.7316468253968254,0.6300610094287299,0.6808539174127777,0.6419389394750937,0.6664887940234792,0.35859124866595515,0.6414087513340448,0.63,0.5,5622.0,2016.0,3606.0,0.6961988163015858,0.2203954518243519,0.6303574109733224,0.2506695232994108,0.5010700921817798,0.5002683800342889,2016.0,3606.0,5622.0,0.7528119978575254,0.6664887940234792,4825.0,0.7813471502590673,0.9270557029177718,3770.0,2643.0,0.7007188800605373,0.13606911447084233,1852.0
1.0,0.64,0.2,7468.0,0.28347616497054096,0.7389215162840364,0.8319672131147541,0.7854443646993952,0.6419389394750937,0.7496457250826641,0.8847425602267359,0.11525743977326405,0.64,0.2,2117.0,1873.0,244.0,0.6961988163015858,0.2203954518243519,0.6303574109733224,0.14153722549544723,0.2664009567128971,0.5312939834821362,1873.0,244.0,2117.0,0.28347616497054096,0.7496457250826641,4825.0,0.3278756476683938,1.0,1582.0,2643.0,0.2024214907302308,0.009345794392523364,535.0
1.0,0.64,0.21,7468.0,0.2876272094268881,0.7389215162840364,0.8290909090909091,0.7840062126874727,0.6419389394750937,0.750465549348231,0.8719739292364991,0.12802607076350092,0.64,0.21,2148.0,1873.0,275.0,0.6961988163015858,0.2203954518243519,0.6303574109733224,0.1440814140332084,0.26790464291766175,0.5378085742153063,1873.0,275.0,2148.0,0.2876272094268881,0.750465549348231,4825.0,0.33305699481865286,1.0,1607.0,2643.0,0.20469163828982218,0.009242144177449169,541.0
1.0,0.64,0.22,7468.0,0.29392072844134975,0.7389215162840364,0.8136645962732919,0.7762930562786641,0.6419389394750937,0.7498861047835991,0.8533029612756264,0.14669703872437356,0.64,0.22,2195.0,1873.0,322.0,0.6961988163015858,0.2203954518243519,0.6303574109733224,0.1468934118907338,0.27113402271811626,0.5417741765423926,1873.0,322.0,2195.0,0.29392072844134975,0.7498861047835991,4825.0,0.34010362694300517,1.0,1641.0,2643.0,0.2096102913356035,0.009025270758122744,554.0
1.0,0.64,0.23,7468.0,0.3003481521156936,0.7389215162840364,0.8,0.7694607581420182,0.6419389394750937,0.7489968791796701,0.8350423539901917,0.16495764600980828,0.64,0.23,2243.0,1873.0,370.0,0.6961988163015858,0.2203954518243519,0.6303574109733224,0.14957150508837705,0.27456934190411403,0.544749475855942,1873.0,370.0,2243.0,0.3003481521156936,0.7489968791796701,4825.0,0.3471502590673575,1.0,1675.0,2643.0,0.21490730230798336,0.008802816901408451,568.0
1.0,0.64,0.24,7468.0,0.3090519550080343,0.7389215162840364,0.7908045977011494,0.7648630569925929,0.6419389394750937,0.7487001733102253,0.811525129982669,0.18847487001733101,0.64,0.24,2308.0,1873.0,435.0,0.6961988163015858,0.2203954518243519,0.6303574109733224,0.15372254954472417,0.27868387598075184,0.5516018786653502,1873.0,435.0,2308.0,0.3090519550080343,0.7487001733102253,4825.0,0.3570984455958549,1.0,1723.0,2643.0,0.2213393870601589,0.008547008547008548,585.0
1.0,0.64,0.25,7468.0,0.3160149973219068,0.7389215162840364,0.7946611909650924,0.7667913536245643,0.6419389394750937,0.7504237288135593,0.7936440677966101,0.20635593220338982,0.64,0.25,2360.0,1873.0,487.0,0.6961988163015858,0.2203954518243519,0.6303574109733224,0.15827530798071773,0.28083775506614944,0.5635827274841911,1873.0,487.0,2360.0,0.3160149973219068,0.7504237288135593,4825.0,0.36601036269430054,1.0,1766.0,2643.0,0.22474460839954596,0.008417508417508417,594.0
1.0,0.64,0.26,7468.0,0.3241831815747188,0.7389215162840364,0.7846715328467153,0.7617965245653758,0.6419389394750937,0.7492771581990912,0.7736472532011566,0.22635274679884346,0.64,0.26,2421.0,1873.0,548.0,0.6961988163015858,0.2203954518243519,0.6303574109733224,0.1616229244777718,0.2850967003465202,0.5669056298488462,1873.0,548.0,2421.0,0.3241831815747188,0.7492771581990912,4825.0,0.3749222797927461,1.0,1809.0,2643.0,0.23155505107832008,0.008169934640522876,612.0
1.0,0.64,0.27,7468.0,0.33248527048741294,0.7389215162840364,0.7754098360655738,0.7571656761748051,0.6419389394750937,0.7478856222311719,0.7543294401933145,0.24567055980668545,0.64,0.27,2483.0,1873.0,610.0,0.6961988163015858,0.2203954518243519,0.6303574109733224,0.16483663631494375,0.2895242944663446,0.569336112600751,1873.0,610.0,2483.0,0.33248527048741294,0.7478856222311719,4825.0,0.38362694300518135,1.0,1851.0,2643.0,0.23912220961029135,0.00949367088607595,632.0
1.0,0.64,0.28,7468.0,0.34507230851633636,0.7389215162840364,0.7613636363636364,0.7501425763238363,0.6419389394750937,0.7450523864959255,0.726814124951494,0.273185875048506,0.64,0.28,2577.0,1873.0,704.0,0.6961988163015858,0.2203954518243519,0.6303574109733224,0.16912158543117303,0.2966064084651268,0.5701885751772532,1873.0,704.0,2577.0,0.34507230851633636,0.7450523864959255,4825.0,0.3966839378238342,1.0,1914.0,2643.0,0.2508513053348468,0.00904977375565611,663.0
1.0,0.64,0.29,7468.0,0.35819496518478844,0.7389215162840364,0.7506234413965087,0.7447724788402725,0.6419389394750937,0.7424299065420561,0.7001869158878504,0.2998130841121495,0.64,0.29,2675.0,1873.0,802.0,0.6961988163015858,0.2203954518243519,0.6303574109733224,0.1736743438671666,0.3037438240669445,0.5717790127936532,1873.0,802.0,2675.0,0.35819496518478844,0.7424299065420561,4825.0,0.41036269430051814,1.0,1980.0,2643.0,0.26295875898600074,0.008633093525179856,695.0
1.0,0.64,0.3,7468.0,0.3706480985538297,0.7389215162840364,0.7508379888268156,0.744879752555426,0.6419389394750937,0.7427745664739884,0.6766618497109826,0.32333815028901736,0.64,0.3,2768.0,1873.0,895.0,0.6961988163015858,0.2203954518243519,0.6303574109733224,0.17996786288162828,0.3087719511809658,0.5828504247011488,1873.0,895.0,2768.0,0.3706480985538297,0.7427745664739884,4825.0,0.42466321243523314,1.0,2049.0,2643.0,0.27203934922436623,0.009735744089012517,719.0
1.0,0.64,0.31,7468.0,0.38403856454204605,0.7389215162840364,0.7527638190954774,0.7458426676897569,0.6419389394750937,0.7437238493723849,0.653068340306834,0.346931659693166,0.64,0.31,2868.0,1873.0,995.0,0.6961988163015858,0.2203954518243519,0.6303574109733224,0.1871987145152651,0.31371950053095277,0.5967072948874447,1873.0,995.0,2868.0,0.38403856454204605,0.7437238493723849,4825.0,0.4406217616580311,1.0,2126.0,2643.0,0.28074158153613316,0.009433962264150943,742.0
1.0,0.64,0.32,7468.0,0.39796464916979113,0.7389215162840364,0.7461328480436761,0.7425271821638562,0.6419389394750937,0.7415881561238223,0.6302153432032301,0.36978465679676986,0.64,0.32,2972.0,1873.0,1099.0,0.6961988163015858,0.2203954518243519,0.6303574109733224,0.19228709159078736,0.3206848589963391,0.5996138769775298,1873.0,1099.0,2972.0,0.39796464916979113,0.7415881561238223,4825.0,0.4555440414507772,0.9995450409463148,2198.0,2643.0,0.29284903518728717,0.00904392764857881,774.0
1.0,0.64,0.33,7468.0,0.4130958757364756,0.7389215162840364,0.7367986798679867,0.7378600980760115,0.6419389394750937,0.7380875202593193,0.6071312803889789,0.39286871961102104,0.64,0.33,3085.0,1873.0,1212.0,0.6961988163015858,0.2203954518243519,0.6303574109733224,0.1967059453668988,0.328930030834505,0.5980175931879802,1873.0,1212.0,3085.0,0.4130958757364756,0.7380875202593193,4825.0,0.4706735751295337,0.9995596653456627,2271.0,2643.0,0.30798335225122964,0.0085995085995086,814.0
1.0,0.64,0.34,7468.0,0.4291644349223353,0.7389215162840364,0.7252252252252253,0.7320733707546307,0.6419389394750937,0.733229329173167,0.584399375975039,0.415600624024961,0.64,0.34,3205.0,1873.0,1332.0,0.6961988163015858,0.2203954518243519,0.6303574109733224,0.20018746652383507,0.3383614697320753,0.5916378915198278,1873.0,1332.0,3205.0,0.4291644349223353,0.733229329173167,4825.0,0.4862176165803109,0.9987212276214834,2346.0,2643.0,0.32500945894816496,0.008149010477299184,859.0
1.0,0.64,0.35,7468.0,0.44309051955008033,0.7389215162840364,0.7137883008356546,0.7263549085598455,0.6419389394750937,0.7280145058930191,0.5660320338470837,0.4339679661529163,0.64,0.35,3309.0,1873.0,1436.0,0.6961988163015858,0.2203954518243519,0.6303574109733224,0.20206213176218535,0.3471515431248254,0.5820574206392907,1873.0,1436.0,3309.0,0.44309051955008033,0.7280145058930191,4825.0,0.4982383419689119,0.9987520798668885,2404.0,2643.0,0.3424139235716988,0.008839779005524863,905.0
1.0,0.64,0.36,7468.0,0.4606320299946438,0.7389215162840364,0.7077217613273772,0.7233216388057068,0.6419389394750937,0.7247093023255814,0.5444767441860465,0.4555232558139535,0.64,0.36,3440.0,1873.0,1567.0,0.6961988163015858,0.2203954518243519,0.6303574109733224,0.2070166041778254,0.3561007061329831,0.5813428634441309,1873.0,1567.0,3440.0,0.4606320299946438,0.7247093023255814,4825.0,0.5156476683937824,0.9979903536977492,2488.0,2643.0,0.3601967461218313,0.01050420168067227,952.0
1.0,0.64,0.37,7468.0,0.4785752544188538,0.7389215162840364,0.7042915931804821,0.7216065547322592,0.6419389394750937,0.7224398433128147,0.5240626748740906,0.47593732512590936,0.64,0.37,3574.0,1873.0,1701.0,0.6961988163015858,0.2203954518243519,0.6303574109733224,0.2129084092126406,0.36446319787203013,0.5841698433634354,1873.0,1701.0,3574.0,0.4785752544188538,0.7224398433128147,4825.0,0.5340932642487046,0.996895615056267,2577.0,2643.0,0.37722285281876655,0.013039117352056168,997.0
1.0,0.64,0.38,7468.0,0.49584895554365294,0.7389215162840364,0.7,0.7194607581420182,0.6419389394750937,0.7196867404806914,0.5058061031596003,0.49419389684039966,0.64,0.38,3703.0,1873.0,1830.0,0.6961988163015858,0.2203954518243519,0.6303574109733224,0.2178628816282807,0.37281769936214953,0.584368397747801,1873.0,1830.0,3703.0,0.49584895554365294,0.7196867404806914,4825.0,0.5506735751295336,0.996236356793376,2657.0,2643.0,0.3957623912220961,0.017208413001912046,1046.0
1.0,0.64,0.39,7468.0,0.513122656668452,0.7389215162840364,0.6962736089841756,0.717597562634106,0.6419389394750937,0.7171189979123174,0.4887787056367432,0.5112212943632568,0.64,0.39,3832.0,1873.0,1959.0,0.6961988163015858,0.2203954518243519,0.6303574109733224,0.22281735404392075,0.3809890435593465,0.5848392698180377,1873.0,1959.0,3832.0,0.513122656668452,0.7171189979123174,4825.0,0.5680829015544041,0.9941627143378329,2741.0,2643.0,0.4127884979190314,0.021081576535288724,1091.0
1.0,0.64,0.4,7468.0,0.5321371183717193,0.7389215162840364,0.6939552594002856,0.716438387842161,0.6419389394750937,0.7151484650226472,0.4713135379969804,0.5286864620030196,0.64,0.4,3974.0,1873.0,2101.0,0.6961988163015858,0.2203954518243519,0.6303574109733224,0.2289769683985002,0.389332858858085,0.5881264917379198,1873.0,2101.0,3974.0,0.5321371183717193,0.7151484650226472,4825.0,0.5869430051813471,0.9929378531073446,2832.0,2643.0,0.4320847521755581,0.02626970227670753,1142.0
1.0,0.64,0.41,7468.0,0.5494108194965185,0.7389215162840364,0.6923766816143497,0.715649098949193,0.6419389394750937,0.7136241774311479,0.4564952473799659,0.5435047526200342,0.64,0.41,4103.0,1873.0,2230.0,0.6961988163015858,0.2203954518243519,0.6303574109733224,0.2347348687734333,0.3966585122766718,0.5917807421455367,1873.0,2230.0,4103.0,0.5494108194965185,0.7136241774311479,4825.0,0.604559585492228,0.9897154610901612,2917.0,2643.0,0.44873250094589484,0.03456998313659359,1186.0
1.0,0.64,0.42,7468.0,0.5685591858596679,0.7389215162840364,0.6822587442056468,0.7105901302448416,0.6419389394750937,0.7072538860103627,0.44112105511069244,0.5588789448893076,0.64,0.42,4246.0,1873.0,2373.0,0.6961988163015858,0.2203954518243519,0.6303574109733224,0.23567220139260842,0.4079748671591545,0.5776635287209265,1873.0,2373.0,4246.0,0.5685591858596679,0.7072538860103627,4825.0,0.6198963730569949,0.986292209963223,2991.0,2643.0,0.4748391978811956,0.04223107569721116,1255.0
1.0,0.64,0.43,7468.0,0.5895822174611677,0.7389215162840364,0.675098814229249,0.7070101652566427,0.6419389394750937,0.7022484669543493,0.42539177833295483,0.5746082216670452,0.64,0.43,4403.0,1873.0,2530.0,0.6961988163015858,0.2203954518243519,0.6303574109733224,0.2384841992501339,0.4189856908123676,0.5691941383194711,1873.0,2530.0,4403.0,0.5895822174611677,0.7022484669543493,4825.0,0.6387564766839379,0.9795587280986372,3082.0,2643.0,0.4998108210367007,0.05526116578349735,1321.0
1.0,0.64,0.44,7468.0,0.6083288698446706,0.7389215162840364,0.6655430711610487,0.7022322937225425,0.6419389394750937,0.6957957296940348,0.4122826326216157,0.5877173673783843,0.64,0.44,4543.0,1873.0,2670.0,0.6961988163015858,0.2203954518243519,0.6303574109733224,0.23821638993036962,0.43018163600640896,0.553757692080609,1873.0,2670.0,4543.0,0.6083288698446706,0.6957957296940348,4825.0,0.6532642487046633,0.9749365482233503,3152.0,2643.0,0.5262958758986,0.06326383896477354,1391.0
1.0,0.64,0.45,7468.0,0.6308248527048741,0.7389215162840364,0.6613812544045102,0.7001513853442733,0.6419389394750937,0.6922097219274039,0.3975801316068775,0.6024198683931224,0.64,0.45,4711.0,1873.0,2838.0,0.6961988163015858,0.2203954518243519,0.6303574109733224,0.2425013390465988,0.4406378976315333,0.5503415397315219,1873.0,2838.0,4711.0,0.6308248527048741,0.6922097219274039,4825.0,0.6739896373056995,0.9695571955719557,3252.0,2643.0,0.5520242149073024,0.07402330363262509,1459.0
1.0,0.64,0.46,7468.0,0.6525174076057847,0.7389215162840364,0.6513333333333333,0.6951274248086848,0.6419389394750937,0.6849989739380259,0.38436281551405704,0.615637184485943,0.64,0.46,4873.0,1873.0,3000.0,0.6961988163015858,0.2203954518243519,0.6303574109733224,0.24143010176754157,0.45336922361263293,0.5325242411554251,1873.0,3000.0,4873.0,0.6525174076057847,0.6849989739380259,4825.0,0.6922279792746114,0.9613772455089821,3340.0,2643.0,0.5800227014755959,0.08284409654272668,1533.0
1.0,0.64,0.47,7468.0,0.6736743438671666,0.7389215162840364,0.6478784040531982,0.6933999601686173,0.6419389394750937,0.6817730073544027,0.37229179089644204,0.627708209103558,0.64,0.47,5031.0,1873.0,3158.0,0.6961988163015858,0.2203954518243519,0.6303574109733224,0.2449116229244778,0.463013348048784,0.5289515387765309,1873.0,3158.0,5031.0,0.6736743438671666,0.6817730073544027,4825.0,0.7090155440414507,0.9543992984507454,3421.0,2643.0,0.6091562618236852,0.10248447204968944,1610.0
1.0,0.64,0.48,7468.0,0.6944295661489019,0.7389215162840364,0.6426199818895261,0.6907707490867812,0.6419389394750937,0.6774006941766294,0.36116467412263786,0.6388353258773621,0.64,0.48,5186.0,1873.0,3313.0,0.6961988163015858,0.2203954518243519,0.6303574109733224,0.24638457418318158,0.4733101477708461,0.5205562892399025,1873.0,3313.0,5186.0,0.6944295661489019,0.6774006941766294,4825.0,0.7278756476683937,0.946753986332574,3512.0,2643.0,0.6333711691259932,0.11230585424133811,1674.0
1.0,0.64,0.49,7468.0,0.7135779325120514,0.7389215162840364,0.6368634259259259,0.6878924711049812,0.6419389394750937,0.6727340964533683,0.3514730718708951,0.648526928129105,0.64,0.49,5329.0,1873.0,3456.0,0.6961988163015858,0.2203954518243519,0.6303574109733224,0.2465184788430637,0.48324913536859415,0.5101270975995308,1873.0,3456.0,5329.0,0.7135779325120514,0.6727340964533683,4825.0,0.7444559585492228,0.9379175946547884,3592.0,2643.0,0.6572077185017026,0.12435233160621761,1737.0
1.0,0.64,0.5,7468.0,0.733663631494376,0.7389215162840364,0.6300610094287299,0.6844912628563831,0.6419389394750937,0.6672750501916408,0.34185070268297135,0.6581492973170286,0.64,0.5,5479.0,1873.0,3606.0,0.6961988163015858,0.2203954518243519,0.6303574109733224,0.24544724156400638,0.4940730664235653,0.49678328620647016,1873.0,3606.0,5479.0,0.733663631494376,0.6672750501916408,4825.0,0.7629015544041451,0.9252920402064656,3681.0,2643.0,0.6802875520242149,0.13904338153503892,1798.0
1.0,0.65,0.2,7468.0,0.2631226566684521,0.747821034282394,0.8319672131147541,0.789894123698574,0.6419389394750937,0.7582697201017812,0.8758269720101781,0.12417302798982188,0.65,0.2,1965.0,1721.0,244.0,0.6961988163015858,0.2203954518243519,0.6303574109733224,0.13591322978039638,0.252199749095886,0.5389110428048933,1721.0,244.0,1965.0,0.2631226566684521,0.7582697201017812,4825.0,0.30797927461139896,1.0,1486.0,2643.0,0.18123344684071133,0.008350730688935281,479.0
1.0,0.65,0.21,7468.0,0.26727370112479915,0.747821034282394,0.8290909090909091,0.7884559716866515,0.6419389394750937,0.7590180360721442,0.8622244488977956,0.1377755511022044,0.65,0.21,1996.0,1721.0,275.0,0.6961988163015858,0.2203954518243519,0.6303574109733224,0.13845741831815744,0.25378759111375176,0.5455641771551335,1721.0,275.0,1996.0,0.26727370112479915,0.7590180360721442,4825.0,0.31316062176165804,1.0,1511.0,2643.0,0.1835035944003027,0.008247422680412371,485.0
1.0,0.65,0.22,7468.0,0.2735672201392608,0.747821034282394,0.8136645962732919,0.780742815277843,0.6419389394750937,0.758198727361723,0.8423886441507586,0.15761135584924132,0.65,0.22,2043.0,1721.0,322.0,0.6961988163015858,0.2203954518243519,0.6303574109733224,0.14126941617568292,0.25719428839262537,0.5492712029437649,1721.0,322.0,2043.0,0.2735672201392608,0.758198727361723,4825.0,0.32020725388601035,1.0,1545.0,2643.0,0.188422247446084,0.008032128514056224,498.0
1.0,0.65,0.23,7468.0,0.2799946438136047,0.747821034282394,0.8,0.7739105171411971,0.6419389394750937,0.7570540411286466,0.8230511716881874,0.17694882831181252,0.65,0.23,2091.0,1721.0,370.0,0.6961988163015858,0.2203954518243519,0.6303574109733224,0.1439475093733262,0.26081328037532764,0.5519178669359788,1721.0,370.0,2091.0,0.2799946438136047,0.7570540411286466,4825.0,0.3272538860103627,1.0,1579.0,2643.0,0.19371925841846388,0.0078125,512.0
1.0,0.65,0.24,7468.0,0.28869844670594536,0.747821034282394,0.7908045977011494,0.7693128159917717,0.6419389394750937,0.7564935064935064,0.7982374768089053,0.2017625231910946,0.65,0.24,2156.0,1721.0,435.0,0.6961988163015858,0.2203954518243519,0.6303574109733224,0.14809855382967324,0.26514137066503984,0.5585644875343505,1721.0,435.0,2156.0,0.28869844670594536,0.7564935064935064,4825.0,0.3372020725388601,1.0,1627.0,2643.0,0.20015134317063943,0.007561436672967864,529.0
1.0,0.65,0.25,7468.0,0.29566148901981787,0.747821034282394,0.7946611909650924,0.7712411126237432,0.6419389394750937,0.7581521739130435,0.7794384057971014,0.22056159420289856,0.65,0.25,2208.0,1721.0,487.0,0.6961988163015858,0.2203954518243519,0.6303574109733224,0.15265131226566683,0.26740435369880483,0.5708632269974485,1721.0,487.0,2208.0,0.29566148901981787,0.7581521739130435,4825.0,0.3461139896373057,1.0,1670.0,2643.0,0.2035565645100265,0.007434944237918215,538.0
1.0,0.65,0.26,7468.0,0.3038296732726299,0.747821034282394,0.7846715328467153,0.7662462835645547,0.6419389394750937,0.756721022476862,0.7584839136183341,0.24151608638166594,0.65,0.26,2269.0,1721.0,548.0,0.6961988163015858,0.2203954518243519,0.6303574109733224,0.15599892876272092,0.2718738167881462,0.573791660431504,1721.0,548.0,2269.0,0.3038296732726299,0.756721022476862,4825.0,0.3550259067357513,1.0,1713.0,2643.0,0.2103670071888006,0.007194244604316547,556.0
1.0,0.65,0.27,7468.0,0.31213176218532407,0.747821034282394,0.7754098360655738,0.7616154351739839,0.6419389394750937,0.7550407550407551,0.7383097383097383,0.2616902616902617,0.65,0.27,2331.0,1721.0,610.0,0.6961988163015858,0.2203954518243519,0.6303574109733224,0.1592126405998929,0.2765132199239588,0.5757867223985762,1721.0,610.0,2331.0,0.31213176218532407,0.7550407550407551,4825.0,0.36373056994818653,1.0,1755.0,2643.0,0.21793416572077184,0.008680555555555556,576.0
1.0,0.65,0.28,7468.0,0.3247188002142475,0.747821034282394,0.7613636363636364,0.7545923353230152,0.6419389394750937,0.7517525773195877,0.7096907216494845,0.29030927835051545,0.65,0.28,2425.0,1721.0,704.0,0.6961988163015858,0.2203954518243519,0.6303574109733224,0.16349758971612216,0.2839200684155008,0.5758578131816057,1721.0,704.0,2425.0,0.3247188002142475,0.7517525773195877,4825.0,0.3767875647668394,1.0,1818.0,2643.0,0.22966326144532728,0.008237232289950576,607.0
1.0,0.65,0.29,7468.0,0.3378414568826995,0.747821034282394,0.7506234413965087,0.7492222378394513,0.6419389394750937,0.7487118509710662,0.6821244550138724,0.31787554498612763,0.65,0.29,2523.0,1721.0,802.0,0.6961988163015858,0.2203954518243519,0.6303574109733224,0.1680503481521157,0.2913684168973911,0.5767624025334792,1721.0,802.0,2523.0,0.3378414568826995,0.7487118509710662,4825.0,0.3904663212435233,1.0,1884.0,2643.0,0.24177071509648126,0.00782472613458529,639.0
1.0,0.65,0.3,7468.0,0.35029459025174076,0.747821034282394,0.7508379888268156,0.7493295115546048,0.6419389394750937,0.7488532110091743,0.6578746177370031,0.34212538226299694,0.65,0.3,2616.0,1721.0,895.0,0.6961988163015858,0.2203954518243519,0.6303574109733224,0.17434386716657743,0.2966064084651268,0.587795348282489,1721.0,895.0,2616.0,0.35029459025174076,0.7488532110091743,4825.0,0.4047668393782383,1.0,1953.0,2643.0,0.2508513053348468,0.00904977375565611,663.0
1.0,0.65,0.31,7468.0,0.36368505623995717,0.747821034282394,0.7527638190954774,0.7502924266889357,0.6419389394750937,0.7496318114874816,0.6336524300441826,0.36634756995581735,0.65,0.31,2716.0,1721.0,995.0,0.6961988163015858,0.2203954518243519,0.6303574109733224,0.18157471880021425,0.3017534899878897,0.6017319594464389,1721.0,995.0,2716.0,0.36368505623995717,0.7496318114874816,4825.0,0.42072538860103625,1.0,2030.0,2643.0,0.2595535376466137,0.008746355685131196,686.0
1.0,0.65,0.32,7468.0,0.3776111408677022,0.747821034282394,0.7461328480436761,0.746976941163035,0.6419389394750937,0.7471631205673759,0.6102836879432624,0.38971631205673757,0.65,0.32,2820.0,1721.0,1099.0,0.6961988163015858,0.2203954518243519,0.6303574109733224,0.18666309587573648,0.3089887093341484,0.6041097627094011,1721.0,1099.0,2820.0,0.3776111408677022,0.7471631205673759,4825.0,0.4356476683937824,0.9995242626070409,2102.0,2643.0,0.27166099129776766,0.008356545961002786,718.0
1.0,0.65,0.33,7468.0,0.39274236743438673,0.747821034282394,0.7367986798679867,0.7423098570751904,0.6419389394750937,0.7432662802591203,0.5867712240027276,0.4132287759972724,0.65,0.33,2933.0,1721.0,1212.0,0.6961988163015858,0.2203954518243519,0.6303574109733224,0.19108194965184788,0.3175377282958191,0.6017614054158483,1721.0,1212.0,2933.0,0.39274236743438673,0.7432662802591203,4825.0,0.45077720207253885,0.9995402298850574,2175.0,2643.0,0.2867953083617102,0.0079155672823219,758.0
1.0,0.65,0.34,7468.0,0.4088109266202464,0.747821034282394,0.7252252252252253,0.7365231297538096,0.6419389394750937,0.7379626596790042,0.5637078283655421,0.43629217163445794,0.65,0.34,3053.0,1721.0,1332.0,0.6961988163015858,0.2203954518243519,0.6303574109733224,0.1945634708087841,0.327297613657251,0.5944542908049819,1721.0,1332.0,3053.0,0.4088109266202464,0.7379626596790042,4825.0,0.46632124352331605,0.9986666666666667,2250.0,2643.0,0.30382141505864546,0.007471980074719801,803.0
1.0,0.65,0.35,7468.0,0.42273701124799146,0.747821034282394,0.7137883008356546,0.7308046675590243,0.6419389394750937,0.7323408299018055,0.545137789040228,0.4548622109597719,0.65,0.35,3157.0,1721.0,1436.0,0.6961988163015858,0.2203954518243519,0.6303574109733224,0.19643813604713442,0.33637692786579243,0.5839821931113814,1721.0,1436.0,3157.0,0.42273701124799146,0.7323408299018055,4825.0,0.4783419689119171,0.9987001733102253,2308.0,2643.0,0.32122587968217936,0.008244994110718492,849.0
1.0,0.65,0.36,7468.0,0.4402785216925549,0.747821034282394,0.7077217613273772,0.7277713978048856,0.6419389394750937,0.7287104622871047,0.523418491484185,0.4765815085158151,0.65,0.36,3288.0,1721.0,1567.0,0.6961988163015858,0.2203954518243519,0.6303574109733224,0.20139260846277454,0.34560520339672285,0.5827244685074792,1721.0,1567.0,3288.0,0.4402785216925549,0.7287104622871047,4825.0,0.4957512953367876,0.9979096989966555,2392.0,2643.0,0.3390087022323118,0.010044642857142858,896.0
1.0,0.65,0.37,7468.0,0.45822174611676486,0.747821034282394,0.7042915931804821,0.726056313731438,0.6419389394750937,0.7261835184102864,0.5029222676797195,0.4970777323202805,0.65,0.37,3422.0,1721.0,1701.0,0.6961988163015858,0.2203954518243519,0.6303574109733224,0.20728441349758972,0.3542155647477784,0.5851928433613244,1721.0,1701.0,3422.0,0.45822174611676486,0.7261835184102864,4825.0,0.5141968911917099,0.9967754937525192,2481.0,2643.0,0.35603480892924705,0.012752391073326248,941.0
1.0,0.65,0.38,7468.0,0.475495447241564,0.747821034282394,0.7,0.723910517141197,0.6419389394750937,0.7231765699802872,0.4846522106448888,0.5153477893551113,0.65,0.38,3551.0,1721.0,1830.0,0.6961988163015858,0.2203954518243519,0.6303574109733224,0.21223888591322976,0.3628061199375875,0.5849925738566389,1721.0,1830.0,3551.0,0.475495447241564,0.7231765699802872,4825.0,0.5307772020725389,0.9960952752830925,2561.0,2643.0,0.3745743473325766,0.01717171717171717,990.0
1.0,0.65,0.39,7468.0,0.49276914836636315,0.747821034282394,0.6962736089841756,0.7220473216332848,0.6419389394750937,0.7203804347826087,0.4676630434782609,0.5323369565217392,0.65,0.39,3680.0,1721.0,1959.0,0.6961988163015858,0.2203954518243519,0.6303574109733224,0.21719335832886985,0.37119791893105575,0.5851146982567275,1721.0,1959.0,3680.0,0.49276914836636315,0.7203804347826087,4825.0,0.5481865284974093,0.9939508506616257,2645.0,2643.0,0.39160045402951194,0.021256038647342997,1035.0
1.0,0.65,0.4,7468.0,0.5117836100696305,0.747821034282394,0.6939552594002856,0.7208881468413397,0.6419389394750937,0.7182103610675039,0.4502878074306646,0.5497121925693355,0.65,0.4,3822.0,1721.0,2101.0,0.6961988163015858,0.2203954518243519,0.6303574109733224,0.2233529726834494,0.3797569205335046,0.588147208402865,1721.0,2101.0,3822.0,0.5117836100696305,0.7182103610675039,4825.0,0.5670466321243524,0.9926900584795322,2736.0,2643.0,0.4108967082860386,0.026703499079189688,1086.0
1.0,0.65,0.41,7468.0,0.5290573111944296,0.747821034282394,0.6923766816143497,0.7200988579483718,0.6419389394750937,0.7165274614021767,0.4355859276132625,0.5644140723867376,0.65,0.41,3951.0,1721.0,2230.0,0.6961988163015858,0.2203954518243519,0.6303574109733224,0.22911087305838249,0.38726375904288224,0.591614546180689,1721.0,2230.0,3951.0,0.5290573111944296,0.7165274614021767,4825.0,0.5846632124352331,0.989365473236441,2821.0,2643.0,0.42754445705637534,0.035398230088495575,1130.0
1.0,0.65,0.42,7468.0,0.548205677557579,0.747821034282394,0.6822587442056468,0.7150398892440204,0.6419389394750937,0.709819247679531,0.42037127503663896,0.579628724963361,0.65,0.42,4094.0,1721.0,2373.0,0.6961988163015858,0.2203954518243519,0.6303574109733224,0.23004820567755752,0.39884675746458154,0.5767834421920461,1721.0,2373.0,4094.0,0.548205677557579,0.709819247679531,4825.0,0.6,0.9858376511226252,2895.0,2643.0,0.4536511539916761,0.043369474562135114,1199.0
1.0,0.65,0.43,7468.0,0.5692287091590787,0.747821034282394,0.675098814229249,0.7114599242558215,0.6419389394750937,0.7045401082098329,0.4048459186073865,0.5951540813926135,0.65,0.43,4251.0,1721.0,2530.0,0.6961988163015858,0.2203954518243519,0.6303574109733224,0.23286020353508297,0.4101027344605226,0.5678094388748793,1721.0,2530.0,4251.0,0.5692287091590787,0.7045401082098329,4825.0,0.618860103626943,0.978901540522438,2986.0,2643.0,0.4786227771471812,0.05691699604743083,1265.0
1.0,0.65,0.44,7468.0,0.5879753615425817,0.747821034282394,0.6655430711610487,0.7066820527217214,0.6419389394750937,0.6977909360054657,0.3919380551127306,0.6080619448872694,0.65,0.44,4391.0,1721.0,2670.0,0.6961988163015858,0.2203954518243519,0.6303574109733224,0.2325923942153187,0.4215346767036272,0.5517752324296913,1721.0,2670.0,4391.0,0.5879753615425817,0.6977909360054657,4825.0,0.6333678756476684,0.9741492146596858,3056.0,2643.0,0.5051078320090806,0.0651685393258427,1335.0
1.0,0.65,0.45,7468.0,0.6104713444027852,0.747821034282394,0.6613812544045102,0.7046011443434521,0.6419389394750937,0.6940118447027857,0.37749506470717265,0.6225049352928274,0.65,0.45,4559.0,1721.0,2838.0,0.6961988163015858,0.2203954518243519,0.6303574109733224,0.23687734333154786,0.4322001857190932,0.5480732104208427,1721.0,2838.0,4559.0,0.6104713444027852,0.6940118447027857,4825.0,0.6540932642487046,0.9686311787072244,3156.0,2643.0,0.5308361710177828,0.07626514611546685,1403.0
1.0,0.65,0.46,7468.0,0.6321638993036958,0.747821034282394,0.6513333333333333,0.6995771838078637,0.6419389394750937,0.686507095954247,0.3645414107180682,0.6354585892819318,0.65,0.46,4721.0,1721.0,3000.0,0.6961988163015858,0.2203954518243519,0.6303574109733224,0.2358061060524906,0.44517288397385857,0.5296955734310574,1721.0,3000.0,4721.0,0.6321638993036958,0.686507095954247,4825.0,0.6723316062176166,0.9602342786683107,3244.0,2643.0,0.5588346575860764,0.08530805687203792,1477.0
1.0,0.65,0.47,7468.0,0.6533208355650777,0.747821034282394,0.6478784040531982,0.6978497191677961,0.6419389394750937,0.6831317893010863,0.3527362164377946,0.6472637835622054,0.65,0.47,4879.0,1721.0,3158.0,0.6961988163015858,0.2203954518243519,0.6303574109733224,0.23928762720942692,0.4549907737282432,0.5259175372913135,1721.0,3158.0,4879.0,0.6533208355650777,0.6831317893010863,4825.0,0.689119170984456,0.9530827067669173,3325.0,2643.0,0.5879682179341658,0.10553410553410554,1554.0
1.0,0.65,0.48,7468.0,0.674076057846813,0.747821034282394,0.6426199818895261,0.69522050808596,0.6419389394750937,0.678585617798967,0.3418752483114819,0.658124751688518,0.65,0.48,5034.0,1721.0,3313.0,0.6961988163015858,0.2203954518243519,0.6303574109733224,0.24076057846813062,0.4654650789149936,0.5172473497460804,1721.0,3313.0,5034.0,0.674076057846813,0.678585617798967,4825.0,0.707979274611399,0.9452576112412178,3416.0,2643.0,0.6121831252364737,0.11557478368355995,1618.0
1.0,0.65,0.49,7468.0,0.6932244242099626,0.747821034282394,0.6368634259259259,0.69234223010416,0.6419389394750937,0.6737492756422638,0.3324319103728028,0.6675680896271973,0.65,0.49,5177.0,1721.0,3456.0,0.6961988163015858,0.2203954518243519,0.6303574109733224,0.24089448312801284,0.47556805037867594,0.5065405107348951,1721.0,3456.0,5177.0,0.6932244242099626,0.6737492756422638,4825.0,0.724559585492228,0.9362128146453089,3496.0,2643.0,0.6360196746121831,0.12790005948839978,1681.0
1.0,0.65,0.5,7468.0,0.713310123192287,0.747821034282394,0.6300610094287299,0.6889410218555619,0.6419389394750937,0.6681058757274263,0.32307114698704714,0.6769288530129529,0.65,0.5,5327.0,1721.0,3606.0,0.6961988163015858,0.2203954518243519,0.6303574109733224,0.2398232458489555,0.4865628825461985,0.492892603303304,1721.0,3606.0,5327.0,0.713310123192287,0.6681058757274263,4825.0,0.7430051813471502,0.9232914923291492,3585.0,2643.0,0.6590995081346954,0.14293915040183697,1742.0
1.0,0.66,0.2,7468.0,0.24692019282271024,0.756875,0.8319672131147541,0.794421106557377,0.6419389394750937,0.7668112798264642,0.8676789587852495,0.13232104121475055,0.66,0.2,1844.0,1600.0,244.0,0.6961988163015858,0.2203954518243519,0.6303574109733224,0.1317621853240493,0.23995625382417202,0.5491091947976403,1600.0,244.0,1844.0,0.24692019282271024,0.7668112798264642,4825.0,0.29264248704663215,1.0,1412.0,2643.0,0.16345062429057888,0.004629629629629629,432.0
1.0,0.66,0.21,7468.0,0.25107123727905734,0.756875,0.8290909090909091,0.7929829545454545,0.6419389394750937,0.7674666666666666,0.8533333333333334,0.14666666666666667,0.66,0.21,1875.0,1600.0,275.0,0.6961988163015858,0.2203954518243519,0.6303574109733224,0.13430637386181038,0.2416245676842971,0.5558473426315366,1600.0,275.0,1875.0,0.25107123727905734,0.7674666666666666,4825.0,0.2978238341968912,1.0,1437.0,2643.0,0.16572077185017026,0.0045662100456621,438.0
1.0,0.66,0.22,7468.0,0.257364756293519,0.756875,0.8136645962732919,0.7852697981366459,0.6419389394750937,0.7663891779396462,0.8324661810613944,0.1675338189386056,0.66,0.22,1922.0,1600.0,322.0,0.6961988163015858,0.2203954518243519,0.6303574109733224,0.13711837171933586,0.24520031053628702,0.5592096169023563,1600.0,322.0,1922.0,0.257364756293519,0.7663891779396462,4825.0,0.30487046632124354,1.0,1471.0,2643.0,0.17063942489595157,0.004434589800443459,451.0
1.0,0.66,0.23,7468.0,0.26379217996786286,0.756875,0.8,0.7784375,0.6419389394750937,0.7649746192893401,0.8121827411167513,0.18781725888324874,0.66,0.23,1970.0,1600.0,370.0,0.6961988163015858,0.2203954518243519,0.6303574109733224,0.13979646491697909,0.24899368973016542,0.5614458144239582,1600.0,370.0,1970.0,0.26379217996786286,0.7649746192893401,4825.0,0.31191709844559584,1.0,1505.0,2643.0,0.17593643586833144,0.004301075268817204,465.0
1.0,0.66,0.24,7468.0,0.27249598286020354,0.756875,0.7908045977011494,0.7738397988505747,0.6419389394750937,0.7641277641277642,0.7862407862407862,0.21375921375921375,0.66,0.24,2035.0,1600.0,435.0,0.6961988163015858,0.2203954518243519,0.6303574109733224,0.14394750937332623,0.25352364138959244,0.5677873218621082,1600.0,435.0,2035.0,0.27249598286020354,0.7641277641277642,4825.0,0.3218652849740933,1.0,1553.0,2643.0,0.182368520620507,0.004149377593360996,482.0
1.0,0.66,0.25,7468.0,0.27945902517407606,0.756875,0.7946611909650924,0.7757680954825461,0.6419389394750937,0.7656923814087206,0.7666506947771922,0.23334930522280786,0.66,0.25,2087.0,1600.0,487.0,0.6961988163015858,0.2203954518243519,0.6303574109733224,0.14850026780931977,0.2558893875923309,0.5803299199179857,1600.0,487.0,2087.0,0.27945902517407606,0.7656923814087206,4825.0,0.33077720207253886,1.0,1596.0,2643.0,0.18577374195989407,0.004073319755600814,491.0
1.0,0.66,0.26,7468.0,0.2876272094268881,0.756875,0.7846715328467153,0.7707732664233576,0.6419389394750937,0.7639664804469274,0.74487895716946,0.25512104283054005,0.66,0.26,2148.0,1600.0,548.0,0.6961988163015858,0.2203954518243519,0.6303574109733224,0.1518478843063739,0.2605564479345255,0.5827830610606548,1600.0,548.0,2148.0,0.2876272094268881,0.7639664804469274,4825.0,0.33968911917098443,1.0,1639.0,2643.0,0.1925841846386682,0.003929273084479371,509.0
1.0,0.66,0.27,7468.0,0.2959292983395822,0.756875,0.7754098360655738,0.7661424180327869,0.6419389394750937,0.7619909502262443,0.7239819004524887,0.27601809954751133,0.66,0.27,2210.0,1600.0,610.0,0.6961988163015858,0.2203954518243519,0.6303574109733224,0.15506159614354575,0.26539376612501325,0.5842699261839642,1600.0,610.0,2210.0,0.2959292983395822,0.7619909502262443,4825.0,0.34839378238341967,1.0,1681.0,2643.0,0.20015134317063943,0.005671077504725898,529.0
1.0,0.66,0.28,7468.0,0.3085163363685056,0.756875,0.7613636363636364,0.7591193181818181,0.6419389394750937,0.7582465277777778,0.6944444444444444,0.3055555555555556,0.66,0.28,2304.0,1600.0,704.0,0.6961988163015858,0.2203954518243519,0.6303574109733224,0.15934654525977504,0.2731023536228959,0.5834682240776412,1600.0,704.0,2304.0,0.3085163363685056,0.7582465277777778,4825.0,0.3614507772020725,1.0,1744.0,2643.0,0.21188043889519487,0.005357142857142857,560.0
1.0,0.66,0.29,7468.0,0.3216389930369577,0.756875,0.7506234413965087,0.7537492206982543,0.6419389394750937,0.7547876769358868,0.6661115736885929,0.33388842631140714,0.66,0.29,2402.0,1600.0,802.0,0.6961988163015858,0.2203954518243519,0.6303574109733224,0.16389930369576863,0.28083775506614944,0.583608509679061,1600.0,802.0,2402.0,0.3216389930369577,0.7547876769358868,4825.0,0.37512953367875645,1.0,1810.0,2643.0,0.22398789254634885,0.005067567567567568,592.0
1.0,0.66,0.3,7468.0,0.33409212640599895,0.756875,0.7508379888268156,0.7538564944134079,0.6419389394750937,0.7547094188376754,0.6412825651302605,0.3587174348697395,0.66,0.3,2495.0,1600.0,895.0,0.6961988163015858,0.2203954518243519,0.6303574109733224,0.17019282271023034,0.2862684960799639,0.5945216642445003,1600.0,895.0,2495.0,0.33409212640599895,0.7547094188376754,4825.0,0.3894300518134715,1.0,1879.0,2643.0,0.23306848278471434,0.006493506493506494,616.0
1.0,0.66,0.31,7468.0,0.3474825923942153,0.756875,0.7527638190954774,0.7548194095477387,0.6419389394750937,0.7552986512524085,0.6165703275529865,0.3834296724470135,0.66,0.31,2595.0,1600.0,995.0,0.6961988163015858,0.2203954518243519,0.6303574109733224,0.17742367434386716,0.29159811217697224,0.6084527537550994,1600.0,995.0,2595.0,0.3474825923942153,0.7552986512524085,4825.0,0.40538860103626945,1.0,1956.0,2643.0,0.24177071509648126,0.006259780907668232,639.0
1.0,0.66,0.32,7468.0,0.3614086770219604,0.756875,0.7461328480436761,0.751503924021838,0.6419389394750937,0.7525009262689886,0.5928121526491293,0.4071878473508707,0.66,0.32,2699.0,1600.0,1099.0,0.6961988163015858,0.2203954518243519,0.6303574109733224,0.18251205141938945,0.29907910793180703,0.6102467426812173,1600.0,1099.0,2699.0,0.3614086770219604,0.7525009262689886,4825.0,0.4203108808290155,0.9995069033530573,2028.0,2643.0,0.25387816874763525,0.005961251862891207,671.0
1.0,0.66,0.33,7468.0,0.37653990358864486,0.756875,0.7367986798679867,0.7468368399339933,0.6419389394750937,0.748221906116643,0.5689900426742532,0.4310099573257468,0.66,0.33,2812.0,1600.0,1212.0,0.6961988163015858,0.2203954518243519,0.6303574109733224,0.1869309051955008,0.30790339263569677,0.6071089493212325,1600.0,1212.0,2812.0,0.37653990358864486,0.748221906116643,4825.0,0.43544041450777204,0.9995240361732508,2101.0,2643.0,0.2690124858115778,0.005625879043600563,711.0
1.0,0.66,0.34,7468.0,0.39260846277450456,0.756875,0.7252252252252253,0.7410501126126126,0.6419389394750937,0.7424965893587995,0.5457025920873124,0.4542974079126876,0.66,0.34,2932.0,1600.0,1332.0,0.6961988163015858,0.2203954518243519,0.6303574109733224,0.19041242635243708,0.31795914550620136,0.598858152198435,1600.0,1332.0,2932.0,0.39260846277450456,0.7424965893587995,4825.0,0.45098445595854925,0.9986213235294118,2176.0,2643.0,0.28603859250851305,0.005291005291005291,756.0
1.0,0.66,0.35,7468.0,0.4065345474022496,0.756875,0.7137883008356546,0.7353316504178273,0.6419389394750937,0.7364953886693018,0.5270092226613966,0.47299077733860345,0.66,0.35,3036.0,1600.0,1436.0,0.6961988163015858,0.2203954518243519,0.6303574109733224,0.19228709159078738,0.32729761365725096,0.5874992165147656,1600.0,1436.0,3036.0,0.4065345474022496,0.7364953886693018,4825.0,0.46300518134715024,0.9986571172784243,2234.0,2643.0,0.3034430571320469,0.006234413965087282,802.0
1.0,0.66,0.36,7468.0,0.42407605784681307,0.756875,0.7077217613273772,0.7322983806636886,0.6419389394750937,0.732554467950742,0.5052099778970635,0.49479002210293654,0.66,0.36,3167.0,1600.0,1567.0,0.6961988163015858,0.2203954518243519,0.6303574109733224,0.19724156400642737,0.33677477179888765,0.5856779679572152,1600.0,1567.0,3167.0,0.42407605784681307,0.732554467950742,4825.0,0.4804145077720207,0.9978429680759275,2318.0,2643.0,0.32122587968217936,0.008244994110718492,849.0
1.0,0.66,0.37,7468.0,0.44201928227102305,0.756875,0.7042915931804821,0.730583296590241,0.6419389394750937,0.7297788548924569,0.48470160557406844,0.5152983944259315,0.66,0.37,3301.0,1600.0,1701.0,0.6961988163015858,0.2203954518243519,0.6303574109733224,0.20313336904124268,0.34560520339672285,0.5877613156421848,1600.0,1701.0,3301.0,0.44201928227102305,0.7297788548924569,4825.0,0.498860103626943,0.9966763606148733,2407.0,2643.0,0.33825198637911463,0.011185682326621925,894.0
1.0,0.66,0.38,7468.0,0.4592929833958222,0.756875,0.7,0.7284375,0.6419389394750937,0.726530612244898,0.46647230320699706,0.5335276967930029,0.66,0.38,3430.0,1600.0,1830.0,0.6961988163015858,0.2203954518243519,0.6303574109733224,0.20808784145688275,0.35440453011984724,0.587147803631389,1600.0,1830.0,3430.0,0.4592929833958222,0.726530612244898,4825.0,0.515440414507772,0.995979091274628,2487.0,2643.0,0.3567915247824442,0.015906680805938492,943.0
1.0,0.66,0.39,7468.0,0.47656668452062134,0.756875,0.6962736089841756,0.7265743044920878,0.6419389394750937,0.7235178420904749,0.44956448440573193,0.5504355155942681,0.66,0.39,3559.0,1600.0,1959.0,0.6961988163015858,0.2203954518243519,0.6303574109733224,0.2130423138725228,0.3629906132726427,0.586908603370706,1600.0,1959.0,3559.0,0.47656668452062134,0.7235178420904749,4825.0,0.5328497409326425,0.9937767405678725,2571.0,2643.0,0.3738176314793795,0.020242914979757085,988.0
1.0,0.66,0.4,7468.0,0.4955811462238886,0.756875,0.6939552594002856,0.7254151297001428,0.6419389394750937,0.7211564442042692,0.4323155903809781,0.5676844096190219,0.66,0.4,3701.0,1600.0,2101.0,0.6961988163015858,0.2203954518243519,0.6303574109733224,0.21920192822710236,0.3717386299517352,0.589666799642433,1600.0,2101.0,3701.0,0.4955811462238886,0.7211564442042692,4825.0,0.5517098445595855,0.9924868519909842,2662.0,2643.0,0.39311388573590617,0.02598652550529355,1039.0
1.0,0.66,0.41,7468.0,0.5128548473486877,0.756875,0.6923766816143497,0.7246258408071748,0.6419389394750937,0.7193211488250653,0.4177545691906005,0.5822454308093995,0.66,0.41,3830.0,1600.0,2230.0,0.6961988163015858,0.2203954518243519,0.6303574109733224,0.2249598286020353,0.37940415044293624,0.5929292769712863,1600.0,2230.0,3830.0,0.5128548473486877,0.7193211488250653,4825.0,0.5693264248704664,0.9890789952675646,2747.0,2643.0,0.4097616345062429,0.03508771929824561,1083.0
1.0,0.66,0.42,7468.0,0.5320032137118371,0.756875,0.6822587442056468,0.7195668721028234,0.6419389394750937,0.7123080795368739,0.4027183488547697,0.5972816511452304,0.66,0.42,3973.0,1600.0,2373.0,0.6961988163015858,0.2203954518243519,0.6303574109733224,0.2258971612212105,0.39121992056299143,0.5774173280750364,1600.0,2373.0,3973.0,0.5320032137118371,0.7123080795368739,4825.0,0.5846632124352331,0.9854661467564694,2821.0,2643.0,0.4358683314415437,0.043402777777777776,1152.0
1.0,0.66,0.43,7468.0,0.5530262453133369,0.756875,0.675098814229249,0.7159869071146245,0.6419389394750937,0.7067796610169491,0.387409200968523,0.612590799031477,0.66,0.43,4130.0,1600.0,2530.0,0.6961988163015858,0.2203954518243519,0.6303574109733224,0.22870915907873587,0.4026891395571781,0.567954624577754,1600.0,2530.0,4130.0,0.5530262453133369,0.7067796610169491,4825.0,0.6035233160621761,0.9783653846153846,2912.0,2643.0,0.4608399545970488,0.05747126436781609,1218.0
1.0,0.66,0.44,7468.0,0.5717728976968398,0.756875,0.6655430711610487,0.7112090355805243,0.6419389394750937,0.6997658079625293,0.3747072599531616,0.6252927400468384,0.66,0.44,4270.0,1600.0,2670.0,0.6961988163015858,0.2203954518243519,0.6303574109733224,0.22844134975897162,0.4143256858667274,0.5513569579474549,1600.0,2670.0,4270.0,0.5717728976968398,0.6997658079625293,4825.0,0.6180310880829015,0.9735077129443327,2982.0,2643.0,0.4873250094589482,0.06599378881987578,1288.0
1.0,0.66,0.45,7468.0,0.5942688805570434,0.756875,0.6613812544045102,0.7091281272022552,0.6419389394750937,0.6958089229382605,0.3605227579990987,0.6394772420009013,0.66,0.45,4438.0,1600.0,2838.0,0.6961988163015858,0.2203954518243519,0.6303574109733224,0.23272629887520085,0.425172072037806,0.5473696749642272,1600.0,2838.0,4438.0,0.5942688805570434,0.6958089229382605,4825.0,0.6387564766839379,0.9678780012978585,3082.0,2643.0,0.5130533484676504,0.07743362831858407,1356.0
1.0,0.66,0.46,7468.0,0.6159614354579539,0.756875,0.6513333333333333,0.7041041666666666,0.6419389394750937,0.6880434782608695,0.34782608695652173,0.6521739130434783,0.66,0.46,4600.0,1600.0,3000.0,0.6961988163015858,0.2203954518243519,0.6303574109733224,0.2316550615961435,0.4383528110220182,0.5284671519638268,1600.0,3000.0,4600.0,0.6159614354579539,0.6880434782608695,4825.0,0.6569948186528497,0.9593059936908518,3170.0,2643.0,0.541051835035944,0.08671328671328671,1430.0
1.0,0.66,0.47,7468.0,0.6371183717193358,0.756875,0.6478784040531982,0.7023767020265991,0.6419389394750937,0.6845313156788566,0.3362757461118117,0.6637242538881883,0.66,0.47,4758.0,1600.0,3158.0,0.6961988163015858,0.2203954518243519,0.6303574109733224,0.23513658275307975,0.4483200803924893,0.5244837183006068,1600.0,3158.0,4758.0,0.6371183717193358,0.6845313156788566,4825.0,0.6737823834196891,0.9520147646877883,3251.0,2643.0,0.5701853953840333,0.1074983410749834,1507.0
1.0,0.66,0.48,7468.0,0.6578735940010713,0.756875,0.6426199818895261,0.699747490944763,0.6419389394750937,0.6798290250356198,0.3256665988194586,0.6743334011805414,0.66,0.48,4913.0,1600.0,3313.0,0.6961988163015858,0.2203954518243519,0.6303574109733224,0.23660953401178367,0.4589466526674356,0.5155491006124342,1600.0,3313.0,4913.0,0.6578735940010713,0.6798290250356198,4825.0,0.6926424870466321,0.9440454817474566,3342.0,2643.0,0.5944003026863413,0.11775938892425207,1571.0
1.0,0.66,0.49,7468.0,0.6770219603642207,0.756875,0.6368634259259259,0.696869212962963,0.6419389394750937,0.6748417721518988,0.31645569620253167,0.6835443037974683,0.66,0.49,5056.0,1600.0,3456.0,0.6961988163015858,0.2203954518243519,0.6303574109733224,0.23674343867166583,0.46919000505794817,0.5045790322034384,1600.0,3456.0,5056.0,0.6770219603642207,0.6748417721518988,4825.0,0.7092227979274611,0.934833430742256,3422.0,2643.0,0.6182368520620507,0.1303549571603427,1634.0
1.0,0.66,0.5,7468.0,0.6971076593465453,0.756875,0.6300610094287299,0.6934680047143649,0.6419389394750937,0.6690357280061467,0.3073376872839032,0.6926623127160968,0.66,0.5,5206.0,1600.0,3606.0,0.6961988163015858,0.2203954518243519,0.6303574109733224,0.23567220139260847,0.4803308536591923,0.4906455614858842,1600.0,3606.0,5206.0,0.6971076593465453,0.6690357280061467,4825.0,0.7276683937823835,0.9216747365422956,3511.0,2643.0,0.641316685584563,0.1457227138643068,1695.0
1.0,0.67,0.2,7468.0,0.22978039635779324,0.7622282608695652,0.8319672131147541,0.7970977369921597,0.6419389394750937,0.7721445221445221,0.8578088578088578,0.14219114219114218,0.67,0.2,1716.0,1472.0,244.0,0.6961988163015858,0.2203954518243519,0.6303574109733224,0.12506695232994106,0.22881591293860243,0.5465832805234133,1472.0,244.0,1716.0,0.22978039635779324,0.7721445221445221,4825.0,0.2744041450777202,1.0,1324.0,2643.0,0.14831630722663638,0.002551020408163265,392.0
1.0,0.67,0.21,7468.0,0.23393144081414033,0.7622282608695652,0.8290909090909091,0.7956595849802371,0.6419389394750937,0.7727532913566113,0.842587292501431,0.15741270749856898,0.67,0.21,1747.0,1472.0,275.0,0.6961988163015858,0.2203954518243519,0.6303574109733224,0.12761114086770217,0.23056484982151784,0.5534717931483789,1472.0,275.0,1747.0,0.23393144081414033,0.7727532913566113,4825.0,0.2795854922279793,1.0,1349.0,2643.0,0.15058645478622776,0.002512562814070352,398.0
1.0,0.67,0.22,7468.0,0.24022495982860204,0.7622282608695652,0.8136645962732919,0.7879464285714286,0.6419389394750937,0.7714604236343366,0.8205128205128205,0.1794871794871795,0.67,0.22,1794.0,1472.0,322.0,0.6961988163015858,0.2203954518243519,0.6303574109733224,0.13042313872522762,0.23430943333909374,0.556627775786042,1472.0,322.0,1794.0,0.24022495982860204,0.7714604236343366,4825.0,0.2866321243523316,1.0,1383.0,2643.0,0.15550510783200908,0.0024330900243309003,411.0
1.0,0.67,0.23,7468.0,0.2466523835029459,0.7622282608695652,0.8,0.7811141304347826,0.6419389394750937,0.7698154180238871,0.7991313789359392,0.2008686210640608,0.67,0.23,1842.0,1472.0,370.0,0.6961988163015858,0.2203954518243519,0.6303574109733224,0.13310123192287093,0.23827625939240674,0.5586004760284252,1472.0,370.0,1842.0,0.2466523835029459,0.7698154180238871,4825.0,0.29367875647668396,1.0,1417.0,2643.0,0.16080211880438894,0.002352941176470588,425.0
1.0,0.67,0.24,7468.0,0.25535618639528657,0.7622282608695652,0.7908045977011494,0.7765164292853572,0.6419389394750937,0.7687467226009439,0.7718930256948086,0.2281069743051914,0.67,0.24,1907.0,1472.0,435.0,0.6961988163015858,0.2203954518243519,0.6303574109733224,0.137252276379218,0.24300608018737777,0.5648100503221366,1472.0,435.0,1907.0,0.25535618639528657,0.7687467226009439,4825.0,0.30362694300518134,1.0,1465.0,2643.0,0.16723420355656451,0.0022624434389140274,442.0
1.0,0.67,0.25,7468.0,0.2623192287091591,0.7622282608695652,0.7946611909650924,0.7784447259173288,0.6419389394750937,0.7702909647779479,0.7514037774374681,0.24859622256253192,0.67,0.25,1959.0,1472.0,487.0,0.6961988163015858,0.2203954518243519,0.6303574109733224,0.14180503481521156,0.24547321024293825,0.5776802881050479,1472.0,487.0,1959.0,0.2623192287091591,0.7702909647779479,4825.0,0.31253886010362697,1.0,1508.0,2643.0,0.17063942489595157,0.0022172949002217295,451.0
1.0,0.67,0.26,7468.0,0.2704874129619711,0.7622282608695652,0.7846715328467153,0.7734498968581403,0.6419389394750937,0.7683168316831683,0.7287128712871287,0.2712871287128713,0.67,0.26,2020.0,1472.0,548.0,0.6961988163015858,0.2203954518243519,0.6303574109733224,0.14515265131226568,0.25033453781860127,0.5798346987080423,1472.0,548.0,2020.0,0.2704874129619711,0.7683168316831683,4825.0,0.32145077720207255,1.0,1551.0,2643.0,0.1774498675747257,0.0021321961620469083,469.0
1.0,0.67,0.27,7468.0,0.2787895018746652,0.7622282608695652,0.7754098360655738,0.7688190484675694,0.6419389394750937,0.766090297790586,0.7070124879923151,0.2929875120076849,0.67,0.27,2082.0,1472.0,610.0,0.6961988163015858,0.2203954518243519,0.6303574109733224,0.14836636314943763,0.2553655602516005,0.5809959769173993,1472.0,610.0,2082.0,0.2787895018746652,0.766090297790586,4825.0,0.3301554404145078,1.0,1593.0,2643.0,0.18501702610669693,0.00408997955010225,489.0
1.0,0.67,0.28,7468.0,0.29137653990358864,0.7622282608695652,0.7613636363636364,0.7617959486166008,0.6419389394750937,0.7619485294117647,0.6764705882352942,0.3235294117647059,0.67,0.28,2176.0,1472.0,704.0,0.6961988163015858,0.2203954518243519,0.6303574109733224,0.15265131226566686,0.26336782988618956,0.5796125985912282,1472.0,704.0,2176.0,0.29137653990358864,0.7619485294117647,4825.0,0.34321243523316064,1.0,1656.0,2643.0,0.19674612183125237,0.0038461538461538464,520.0
1.0,0.67,0.29,7468.0,0.3044991965720407,0.7622282608695652,0.7506234413965087,0.756425851133037,0.6419389394750937,0.7581354441512753,0.6473175021987687,0.3526824978012313,0.67,0.29,2274.0,1472.0,802.0,0.6961988163015858,0.2203954518243519,0.6303574109733224,0.15720407070166045,0.2713808448199507,0.5792747487611312,1472.0,802.0,2274.0,0.3044991965720407,0.7581354441512753,4825.0,0.35689119170984457,1.0,1722.0,2643.0,0.20885357548240635,0.0036231884057971015,552.0
1.0,0.67,0.3,7468.0,0.31695232994108197,0.7622282608695652,0.7508379888268156,0.7565331248481904,0.6419389394750937,0.7579214195183777,0.6218842416561048,0.3781157583438952,0.67,0.3,2367.0,1472.0,895.0,0.6961988163015858,0.2203954518243519,0.6303574109733224,0.1634975897161221,0.27699705794914126,0.5902502753157093,1472.0,895.0,2367.0,0.31695232994108197,0.7579214195183777,4825.0,0.37119170984455957,1.0,1791.0,2643.0,0.21793416572077184,0.005208333333333333,576.0
1.0,0.67,0.31,7468.0,0.3303427959292983,0.7622282608695652,0.7527638190954774,0.7574960399825212,0.6419389394750937,0.7584110255370896,0.5966761248479935,0.40332387515200646,0.67,0.31,2467.0,1472.0,995.0,0.6961988163015858,0.2203954518243519,0.6303574109733224,0.17072844134975898,0.28250164121606386,0.6043449539437609,1472.0,995.0,2467.0,0.3303427959292983,0.7584110255370896,4825.0,0.3871502590673575,1.0,1868.0,2643.0,0.2266363980325388,0.005008347245409015,599.0
1.0,0.67,0.32,7468.0,0.3442688805570434,0.7622282608695652,0.7461328480436761,0.7541805544566207,0.6419389394750937,0.7553481135744846,0.5725398677557371,0.42746013224426294,0.67,0.32,2571.0,1472.0,1099.0,0.6961988163015858,0.2203954518243519,0.6303574109733224,0.17581681842528118,0.2902172135933379,0.6058111310779849,1472.0,1099.0,2571.0,0.3442688805570434,0.7553481135744846,4825.0,0.40207253886010363,0.9994845360824742,1940.0,2643.0,0.23874385168369278,0.004754358161648178,631.0
1.0,0.67,0.33,7468.0,0.3594001071237279,0.7622282608695652,0.7367986798679867,0.749513470368776,0.6419389394750937,0.7507451564828614,0.5484351713859911,0.45156482861400893,0.67,0.33,2684.0,1472.0,1212.0,0.6961988163015858,0.2203954518243519,0.6303574109733224,0.18023567220139264,0.29930288582164993,0.6021848793960255,1472.0,1212.0,2684.0,0.3594001071237279,0.7507451564828614,4825.0,0.4172020725388601,0.9995032290114257,2013.0,2643.0,0.25387816874763525,0.004470938897168405,671.0
1.0,0.67,0.34,7468.0,0.3754686663095876,0.7622282608695652,0.7252252252252253,0.7437267430473953,0.6419389394750937,0.7446504992867332,0.5249643366619116,0.47503566333808844,0.67,0.34,2804.0,1472.0,1332.0,0.6961988163015858,0.2203954518243519,0.6303574109733224,0.18371719335832887,0.30963807336248134,0.5933288221415144,1472.0,1332.0,2804.0,0.3754686663095876,0.7446504992867332,4825.0,0.4327461139896373,0.9985632183908046,2088.0,2643.0,0.2709042754445706,0.004189944134078212,716.0
1.0,0.67,0.35,7468.0,0.3893947509373326,0.7622282608695652,0.7137883008356546,0.7380082808526098,0.6419389394750937,0.7383081155433288,0.5061898211829436,0.4938101788170564,0.67,0.35,2908.0,1472.0,1436.0,0.6961988163015858,0.2203954518243519,0.6303574109733224,0.18559185859667918,0.31922005916033336,0.581391592636297,1472.0,1436.0,2908.0,0.3893947509373326,0.7383081155433288,4825.0,0.44476683937823835,0.9986020503261882,2146.0,2643.0,0.2883087400681044,0.005249343832020997,762.0
1.0,0.67,0.36,7468.0,0.4069362613818961,0.7622282608695652,0.7077217613273772,0.7349750110984712,0.6419389394750937,0.7341230667982889,0.48436985850608755,0.5156301414939125,0.67,0.36,3039.0,1472.0,1567.0,0.6961988163015858,0.2203954518243519,0.6303574109733224,0.1905463310123192,0.32893003083450506,0.579291378561263,1472.0,1567.0,3039.0,0.4069362613818961,0.7341230667982889,4825.0,0.46217616580310883,0.9977578475336323,2230.0,2643.0,0.30609156261823683,0.007416563658838072,809.0
1.0,0.67,0.37,7468.0,0.42487948580610607,0.7622282608695652,0.7042915931804821,0.7332599270250236,0.6419389394750937,0.7311692404664355,0.4639142767097384,0.5360857232902616,0.67,0.37,3173.0,1472.0,1701.0,0.6961988163015858,0.2203954518243519,0.6303574109733224,0.1964381360471344,0.3379654936224789,0.5812372557376041,1472.0,1701.0,3173.0,0.42487948580610607,0.7311692404664355,4825.0,0.4806217616580311,0.9965502371711945,2319.0,2643.0,0.32311766931517216,0.01053864168618267,854.0
1.0,0.67,0.38,7468.0,0.4421531869309052,0.7622282608695652,0.7,0.7311141304347826,0.6419389394750937,0.7277407631738341,0.44579043004239854,0.5542095699576014,0.67,0.38,3302.0,1472.0,1830.0,0.6961988163015858,0.2203954518243519,0.6303574109733224,0.20139260846277454,0.34695862755387036,0.5804513635606465,1472.0,1830.0,3302.0,0.4421531869309052,0.7277407631738341,4825.0,0.4972020725388601,0.995831596498541,2399.0,2643.0,0.3416572077185017,0.015503875968992248,903.0
1.0,0.67,0.39,7468.0,0.45942688805570436,0.7622282608695652,0.6962736089841756,0.7292509349268703,0.6419389394750937,0.7245700961818712,0.42902943748178374,0.5709705625182163,0.67,0.39,3431.0,1472.0,1959.0,0.6961988163015858,0.2203954518243519,0.6303574109733224,0.20634708087841458,0.3557244770726986,0.5800755758402419,1472.0,1959.0,3431.0,0.45942688805570436,0.7245700961818712,4825.0,0.5146113989637305,0.9935561820378574,2483.0,2643.0,0.358683314415437,0.020042194092827006,948.0
1.0,0.67,0.4,7468.0,0.4784413497589716,0.7622282608695652,0.6939552594002856,0.7280917601349254,0.6419389394750937,0.7220822837951302,0.41197872935908203,0.588021270640918,0.67,0.4,3573.0,1472.0,2101.0,0.6961988163015858,0.2203954518243519,0.6303574109733224,0.21250669523299415,0.3646468528082873,0.5827739732192871,1472.0,2101.0,3573.0,0.4784413497589716,0.7220822837951302,4825.0,0.5334715025906736,0.9922299922299922,2574.0,2643.0,0.3779795686719637,0.026026026026026026,999.0
1.0,0.67,0.41,7468.0,0.49571505088377077,0.7622282608695652,0.6923766816143497,0.7273024712419575,0.6419389394750937,0.7201512695840087,0.39762290653700705,0.602377093462993,0.67,0.41,3702.0,1472.0,2230.0,0.6961988163015858,0.2203954518243519,0.6303574109733224,0.2182645956079272,0.3724583569178195,0.5860107353050635,1472.0,2230.0,3702.0,0.49571505088377077,0.7201512695840087,4825.0,0.5510880829015544,0.9887175629936066,2659.0,2643.0,0.3946273174423004,0.03547459252157239,1043.0
1.0,0.67,0.42,7468.0,0.5148634172469202,0.7622282608695652,0.6822587442056468,0.7222435025376059,0.6419389394750937,0.7128738621586476,0.38283485045513654,0.6171651495448635,0.67,0.42,3845.0,1472.0,2373.0,0.6961988163015858,0.2203954518243519,0.6303574109733224,0.21920192822710227,0.3844876389559344,0.5701143704446235,1472.0,2373.0,3845.0,0.5148634172469202,0.7128738621586476,4825.0,0.5664248704663213,0.9849981705085986,2733.0,2643.0,0.4207340143776012,0.044064748201438846,1112.0
1.0,0.67,0.43,7468.0,0.53588644884842,0.7622282608695652,0.675098814229249,0.718663537549407,0.6419389394750937,0.7071464267866067,0.367816091954023,0.632183908045977,0.67,0.43,4002.0,1472.0,2530.0,0.6961988163015858,0.2203954518243519,0.6303574109733224,0.22201392608462772,0.3961518160779982,0.5604263746222874,1472.0,2530.0,4002.0,0.53588644884842,0.7071464267866067,4825.0,0.5852849740932643,0.9776912181303116,2824.0,2643.0,0.4457056375331063,0.05857385398981324,1178.0
1.0,0.67,0.44,7468.0,0.5546331012319229,0.7622282608695652,0.6655430711610487,0.713885666015307,0.6419389394750937,0.6999034282955094,0.3553838725253501,0.6446161274746499,0.67,0.44,4142.0,1472.0,2670.0,0.6961988163015858,0.2203954518243519,0.6303574109733224,0.22174611676486344,0.40797486715915443,0.5435288656601447,1472.0,2670.0,4142.0,0.5546331012319229,0.6999034282955094,4825.0,0.5997927461139896,0.9727021423635107,2894.0,2643.0,0.47219069239500566,0.0673076923076923,1248.0
1.0,0.67,0.45,7468.0,0.5771290840921264,0.7622282608695652,0.6613812544045102,0.7118047576370377,0.6419389394750937,0.6958236658932715,0.3415313225058005,0.6584686774941996,0.67,0.45,4310.0,1472.0,2838.0,0.6961988163015858,0.2203954518243519,0.6303574109733224,0.22603106588109267,0.41898569081236753,0.539472041259555,1472.0,2838.0,4310.0,0.5771290840921264,0.6958236658932715,4825.0,0.6205181347150259,0.966933867735471,2994.0,2643.0,0.4979190314037079,0.0790273556231003,1316.0
1.0,0.67,0.46,7468.0,0.598821638993037,0.7622282608695652,0.6513333333333333,0.7067807971014493,0.6419389394750937,0.6878354203935599,0.3291592128801431,0.6708407871198568,0.67,0.46,4472.0,1472.0,3000.0,0.6961988163015858,0.2203954518243519,0.6303574109733224,0.22495982860203537,0.43235506842813903,0.5203126897989067,1472.0,3000.0,4472.0,0.598821638993037,0.6878354203935599,4825.0,0.6387564766839379,0.9581440622972096,3082.0,2643.0,0.5259175179720015,0.08848920863309352,1390.0
1.0,0.67,0.47,7468.0,0.6199785752544189,0.7622282608695652,0.6478784040531982,0.7050533324613817,0.6419389394750937,0.6842332613390929,0.31792656587473,0.68207343412527,0.67,0.47,4630.0,1472.0,3158.0,0.6961988163015858,0.2203954518243519,0.6303574109733224,0.22844134975897168,0.4424574699874821,0.5163012611481838,1472.0,3158.0,4630.0,0.6199785752544189,0.6842332613390929,4825.0,0.6555440414507772,0.9506797344293393,3163.0,2643.0,0.5550510783200908,0.10974778459441036,1467.0
1.0,0.67,0.48,7468.0,0.6407337975361542,0.7622282608695652,0.6426199818895261,0.7024241213795457,0.6419389394750937,0.6794148380355277,0.3076280041797283,0.6923719958202716,0.67,0.48,4785.0,1472.0,3313.0,0.6961988163015858,0.2203954518243519,0.6303574109733224,0.22991430101767543,0.4532215222815874,0.5072890180948407,1472.0,3313.0,4785.0,0.6407337975361542,0.6794148380355277,4825.0,0.6744041450777202,0.9425322679778734,3254.0,2643.0,0.5792659856223988,0.1201828870019595,1531.0
1.0,0.67,0.49,7468.0,0.6598821638993037,0.7622282608695652,0.6368634259259259,0.6995458433977455,0.6419389394750937,0.674310064935065,0.2987012987012987,0.7012987012987013,0.67,0.49,4928.0,1472.0,3456.0,0.6961988163015858,0.2203954518243519,0.6303574109733224,0.2300482056775576,0.46359139240377734,0.4962305371649156,1472.0,3456.0,4928.0,0.6598821638993037,0.674310064935065,4825.0,0.6909844559585492,0.9331133773245351,3334.0,2643.0,0.6031025349981082,0.1329987452948557,1594.0
1.0,0.67,0.5,7468.0,0.6799678628816282,0.7622282608695652,0.6300610094287299,0.6961446351491476,0.6419389394750937,0.6683733753446238,0.2898779046868846,0.7101220953131154,0.67,0.5,5078.0,1472.0,3606.0,0.6961988163015858,0.2203954518243519,0.6303574109733224,0.22897696839850018,0.4748636090937734,0.48219523251208557,1472.0,3606.0,5078.0,0.6799678628816282,0.6683733753446238,4825.0,0.7094300518134715,0.9196611159801343,3423.0,2643.0,0.6261823685206205,0.1486404833836858,1655.0
1.0,0.68,0.2,7468.0,0.21197107659346545,0.7699775952203136,0.8319672131147541,0.8009724041675339,0.6419389394750937,0.7795325331648768,0.8458622867972204,0.15413771320277952,0.68,0.2,1583.0,1339.0,244.0,0.6961988163015858,0.2203954518243519,0.6303574109733224,0.11850562399571504,0.21617753421406954,0.5481865838952765,1339.0,244.0,1583.0,0.21197107659346545,0.7795325331648768,4825.0,0.2555440414507772,1.0,1233.0,2643.0,0.13242527430949677,0.002857142857142857,350.0
1.0,0.68,0.21,7468.0,0.21612212104981254,0.7699775952203136,0.8290909090909091,0.7995342521556114,0.6419389394750937,0.7800495662949195,0.8296158612143743,0.17038413878562578,0.68,0.21,1614.0,1339.0,275.0,0.6961988163015858,0.2203954518243519,0.6303574109733224,0.12104981253347619,0.21802787495677745,0.5552033773547236,1339.0,275.0,1614.0,0.21612212104981254,0.7800495662949195,4825.0,0.2607253886010363,1.0,1258.0,2643.0,0.13469542186908814,0.0028089887640449437,356.0
1.0,0.68,0.22,7468.0,0.22241564006427425,0.7699775952203136,0.8136645962732919,0.7918210957468028,0.6419389394750937,0.7784467188440698,0.8061408789885611,0.1938591210114389,0.68,0.22,1661.0,1339.0,322.0,0.6961988163015858,0.2203954518243519,0.6303574109733224,0.1238618103910016,0.2219840418512924,0.5579761921533841,1339.0,322.0,1661.0,0.22241564006427425,0.7784467188440698,4825.0,0.2677720207253886,1.0,1292.0,2643.0,0.13961407491486946,0.0027100271002710027,369.0
1.0,0.68,0.23,7468.0,0.2288430637386181,0.7699775952203136,0.8,0.7849887976101568,0.6419389394750937,0.7764774722059684,0.7834991222937391,0.21650087770626097,0.68,0.23,1709.0,1339.0,370.0,0.6961988163015858,0.2203954518243519,0.6303574109733224,0.1265399035886449,0.22616715074251303,0.5594972708159026,1339.0,370.0,1709.0,0.2288430637386181,0.7764774722059684,4825.0,0.27481865284974094,1.0,1326.0,2643.0,0.14491108588724932,0.0026109660574412533,383.0
1.0,0.68,0.24,7468.0,0.23754686663095875,0.7699775952203136,0.7908045977011494,0.7803910964607315,0.6419389394750937,0.7750845546786922,0.7547914317925591,0.2452085682074408,0.68,0.24,1774.0,1339.0,435.0,0.6961988163015858,0.2203954518243519,0.6303574109733224,0.13069094804499196,0.23114488809615366,0.56540704456603,1339.0,435.0,1774.0,0.23754686663095875,0.7750845546786922,4825.0,0.2847668393782383,1.0,1374.0,2643.0,0.1513431706394249,0.0025,400.0
1.0,0.68,0.25,7468.0,0.24450990894483127,0.7699775952203136,0.7946611909650924,0.782319393092703,0.6419389394750937,0.7765607886089814,0.7332968236582694,0.2667031763417306,0.68,0.25,1826.0,1339.0,487.0,0.6961988163015858,0.2203954518243519,0.6303574109733224,0.13524370648098552,0.23373724827661266,0.5786142665671048,1339.0,487.0,1826.0,0.24450990894483127,0.7765607886089814,4825.0,0.29367875647668396,1.0,1417.0,2643.0,0.15474839197881196,0.0024449877750611247,409.0
1.0,0.68,0.26,7468.0,0.2526780931976433,0.7699775952203136,0.7846715328467153,0.7773245640335145,0.6419389394750937,0.7742448330683624,0.7095919448860626,0.29040805511393747,0.68,0.26,1887.0,1339.0,548.0,0.6961988163015858,0.2203954518243519,0.6303574109733224,0.1385913229780396,0.23883757055748542,0.5802743791713553,1339.0,548.0,1887.0,0.2526780931976433,0.7742448330683624,4825.0,0.30259067357512953,1.0,1460.0,2643.0,0.16155883465758608,0.00234192037470726,427.0
1.0,0.68,0.27,7468.0,0.26098018211033747,0.7699775952203136,0.7754098360655738,0.7726937156429436,0.6419389394750937,0.7716777834787071,0.6870189840944074,0.31298101590559263,0.68,0.27,1949.0,1339.0,610.0,0.6961988163015858,0.2203954518243519,0.6303574109733224,0.14180503481521162,0.24410566082654234,0.5809166175624909,1339.0,610.0,1949.0,0.26098018211033747,0.7716777834787071,4825.0,0.31129533678756477,1.0,1502.0,2643.0,0.16912599318955732,0.0044742729306487695,447.0
1.0,0.68,0.28,7468.0,0.2735672201392608,0.7699775952203136,0.7613636363636364,0.765670615791975,0.6419389394750937,0.7670093000489476,0.6554087126774352,0.34459128732256483,0.68,0.28,2043.0,1339.0,704.0,0.6961988163015858,0.2203954518243519,0.6303574109733224,0.1460899839314408,0.2524650829400177,0.5786542132091582,1339.0,704.0,2043.0,0.2735672201392608,0.7670093000489476,4825.0,0.3243523316062176,1.0,1565.0,2643.0,0.18085508891411275,0.0041841004184100415,478.0
1.0,0.68,0.29,7468.0,0.2866898768077129,0.7699775952203136,0.7506234413965087,0.7603005183084112,0.6419389394750937,0.7627276973376926,0.625408687529192,0.374591312470808,0.68,0.29,2141.0,1339.0,802.0,0.6961988163015858,0.2203954518243519,0.6303574109733224,0.15064274236743436,0.26081328037532764,0.5775884653981171,1339.0,802.0,2141.0,0.2866898768077129,0.7627276973376926,4825.0,0.33803108808290155,1.0,1631.0,2643.0,0.19296254256526674,0.00392156862745098,510.0
1.0,0.68,0.3,7468.0,0.29914301017675415,0.7699775952203136,0.7508379888268156,0.7604077920235646,0.6419389394750937,0.7623097582811101,0.599373321396598,0.40062667860340195,0.68,0.3,2234.0,1339.0,895.0,0.6961988163015858,0.2203954518243519,0.6303574109733224,0.1569362613818961,0.2666521599339278,0.5885429970669744,1339.0,895.0,2234.0,0.29914301017675415,0.7623097582811101,4825.0,0.35233160621761656,1.0,1700.0,2643.0,0.20204313280363223,0.0056179775280898875,534.0
1.0,0.68,0.31,7468.0,0.3125334761649705,0.7699775952203136,0.7527638190954774,0.7613707071578955,0.6419389394750937,0.7626392459297343,0.5736932305055699,0.42630676949443014,0.68,0.31,2334.0,1339.0,995.0,0.6961988163015858,0.2203954518243519,0.6303574109733224,0.16416711301553288,0.27236589649719145,0.6027447456778999,1339.0,995.0,2334.0,0.3125334761649705,0.7626392459297343,4825.0,0.3682901554404145,1.0,1777.0,2643.0,0.21074536511539918,0.005385996409335727,557.0
1.0,0.68,0.32,7468.0,0.3264595607927156,0.7699775952203136,0.7461328480436761,0.7580552216319949,0.6419389394750937,0.7592288761279737,0.5492206726825266,0.45077932731747333,0.68,0.32,2438.0,1339.0,1099.0,0.6961988163015858,0.2203954518243519,0.6303574109733224,0.16925549009105517,0.28036054528201754,0.6037065234011417,1339.0,1099.0,2438.0,0.3264595607927156,0.7592288761279737,4825.0,0.3832124352331606,0.9994591671173607,1849.0,2643.0,0.22285281876655316,0.0050933786078098476,589.0
1.0,0.68,0.33,7468.0,0.3415907873594001,0.7699775952203136,0.7367986798679867,0.7533881375441502,0.6419389394750937,0.7542140337122697,0.5248921991375931,0.4751078008624069,0.68,0.33,2551.0,1339.0,1212.0,0.6961988163015858,0.2203954518243519,0.6303574109733224,0.1736743438671666,0.28975545162449795,0.5993824892455724,1339.0,1212.0,2551.0,0.3415907873594001,0.7542140337122697,4825.0,0.3983419689119171,0.9994797086368367,1922.0,2643.0,0.23798713583049566,0.0047694753577106515,629.0
1.0,0.68,0.34,7468.0,0.35765934654525977,0.7699775952203136,0.7252252252252253,0.7476014102227695,0.6419389394750937,0.7476600524148259,0.5013103706476975,0.4986896293523025,0.68,0.34,2671.0,1339.0,1332.0,0.6961988163015858,0.2203954518243519,0.6303574109733224,0.17715586502410285,0.30041927494849335,0.5896954017164048,1339.0,1332.0,2671.0,0.35765934654525977,0.7476600524148259,4825.0,0.4138860103626943,0.9984977466199298,1997.0,2643.0,0.25501324252743096,0.004451038575667656,674.0
1.0,0.68,0.35,7468.0,0.3715854311730048,0.7699775952203136,0.7137883008356546,0.741882948027984,0.6419389394750937,0.7409009009009009,0.48252252252252253,0.5174774774774775,0.68,0.35,2775.0,1339.0,1436.0,0.6961988163015858,0.2203954518243519,0.6303574109733224,0.1790305302624531,0.31028607841035316,0.5769853780732158,1339.0,1436.0,2775.0,0.3715854311730048,0.7409009009009009,4825.0,0.42590673575129534,0.9985401459854014,2055.0,2643.0,0.2724177071509648,0.005555555555555556,720.0
1.0,0.68,0.36,7468.0,0.3891269416175683,0.7699775952203136,0.7077217613273772,0.7388496782738454,0.6419389394750937,0.7364074328974536,0.4607708189951824,0.5392291810048176,0.68,0.36,2906.0,1339.0,1567.0,0.6961988163015858,0.2203954518243519,0.6303574109733224,0.18398500267809323,0.32026702838371846,0.5744737558736676,1339.0,1567.0,2906.0,0.3891269416175683,0.7364074328974536,4825.0,0.4433160621761658,0.9976624590930341,2139.0,2643.0,0.2902005297010972,0.007822685788787484,767.0
1.0,0.68,0.37,7468.0,0.40707016604177826,0.7699775952203136,0.7042915931804821,0.7371345942003978,0.6419389394750937,0.7332236842105263,0.44046052631578947,0.5595394736842105,0.68,0.37,3040.0,1339.0,1701.0,0.6961988163015858,0.2203954518243519,0.6303574109733224,0.1898768077129084,0.3295401025132373,0.576187256922035,1339.0,1701.0,3040.0,0.40707016604177826,0.7332236842105263,4825.0,0.4617616580310881,0.9964093357271095,2228.0,2643.0,0.30722663639803255,0.011083743842364532,812.0
1.0,0.68,0.38,7468.0,0.4243438671665774,0.7699775952203136,0.7,0.7349887976101568,0.6419389394750937,0.7295676869674976,0.422530766803408,0.5774692331965919,0.68,0.38,3169.0,1339.0,1830.0,0.6961988163015858,0.2203954518243519,0.6303574109733224,0.19483128012854847,0.3387569829819224,0.575135834584244,1339.0,1830.0,3169.0,0.4243438671665774,0.7295676869674976,4825.0,0.4783419689119171,0.9956672443674177,2308.0,2643.0,0.3257661748013621,0.016260162601626018,861.0
1.0,0.68,0.39,7468.0,0.44161756829137655,0.7699775952203136,0.6962736089841756,0.7331256021022445,0.6419389394750937,0.7261976955730746,0.4060036385688296,0.5939963614311704,0.68,0.39,3298.0,1339.0,1959.0,0.6961988163015858,0.2203954518243519,0.6303574109733224,0.1997857525441885,0.34772964767703374,0.574543338133039,1339.0,1959.0,3298.0,0.44161756829137655,0.7261976955730746,4825.0,0.4957512953367876,0.9933110367892977,2392.0,2643.0,0.3427922814982974,0.02097130242825607,906.0
1.0,0.68,0.4,7468.0,0.4606320299946438,0.7699775952203136,0.6939552594002856,0.7319664273102996,0.6419389394750937,0.723546511627907,0.3892441860465116,0.6107558139534883,0.68,0.4,3440.0,1339.0,2101.0,0.6961988163015858,0.2203954518243519,0.6303574109733224,0.20594536689876805,0.3568519742805662,0.5771170730215675,1339.0,2101.0,3440.0,0.4606320299946438,0.723546511627907,4825.0,0.5146113989637305,0.9919452275473218,2483.0,2643.0,0.3620885357548241,0.027168234064785787,957.0
1.0,0.68,0.41,7468.0,0.47790573111944296,0.7699775952203136,0.6923766816143497,0.7311771384173317,0.6419389394750937,0.7214906136172597,0.37517511908097506,0.6248248809190249,0.68,0.41,3569.0,1339.0,2230.0,0.6961988163015858,0.2203954518243519,0.6303574109733224,0.21170326727370115,0.364830415293011,0.5802785579258054,1339.0,2230.0,3569.0,0.47790573111944296,0.7214906136172597,4825.0,0.5322279792746114,0.9883177570093458,2568.0,2643.0,0.3787362845251608,0.03696303696303696,1001.0
1.0,0.68,0.42,7468.0,0.4970540974825924,0.7699775952203136,0.6822587442056468,0.7261181697129802,0.6419389394750937,0.7139008620689655,0.36072198275862066,0.6392780172413793,0.68,0.42,3712.0,1339.0,2373.0,0.6961988163015858,0.2203954518243519,0.6303574109733224,0.2126405998928763,0.3771031010146404,0.5638792131932664,1339.0,2373.0,3712.0,0.4970540974825924,0.7139008620689655,4825.0,0.5475647668393783,0.9844814534443603,2642.0,2643.0,0.4048429814604616,0.04579439252336449,1070.0
1.0,0.68,0.43,7468.0,0.5180771290840921,0.7699775952203136,0.675098814229249,0.7225382047247813,0.6419389394750937,0.7079348668906694,0.34608425949857846,0.6539157405014215,0.68,0.43,3869.0,1339.0,2530.0,0.6961988163015858,0.2203954518243519,0.6303574109733224,0.2154525977504017,0.38898877318869396,0.5538787044784147,1339.0,2530.0,3869.0,0.5180771290840921,0.7079348668906694,4825.0,0.5664248704663213,0.9769484083424808,2733.0,2643.0,0.4298146046159667,0.06073943661971831,1136.0
1.0,0.68,0.44,7468.0,0.536823781467595,0.7699775952203136,0.6655430711610487,0.7177603331906812,0.6419389394750937,0.7004240458967324,0.3339985033674233,0.6660014966325767,0.68,0.44,4009.0,1339.0,2670.0,0.6961988163015858,0.2203954518243519,0.6303574109733224,0.21518478843063737,0.4010230623274412,0.5365895596671092,1339.0,2670.0,4009.0,0.536823781467595,0.7004240458967324,4825.0,0.5809326424870467,0.9718159115233678,2803.0,2643.0,0.45629965947786605,0.06965174129353234,1206.0
1.0,0.68,0.45,7468.0,0.5593197643277986,0.7699775952203136,0.6613812544045102,0.7156794248124119,0.6419389394750937,0.696193440268135,0.3205649988029686,0.6794350011970314,0.68,0.45,4177.0,1339.0,2838.0,0.6961988163015858,0.2203954518243519,0.6303574109733224,0.2194697375468666,0.4122196179107273,0.5324097350320582,1339.0,2838.0,4177.0,0.5593197643277986,0.696193440268135,4825.0,0.6016580310880829,0.9658973475714778,2903.0,2643.0,0.4820279984865683,0.08163265306122448,1274.0
1.0,0.68,0.46,7468.0,0.5810123192287091,0.7699775952203136,0.6513333333333333,0.7106554642768235,0.6419389394750937,0.6879465314588615,0.3085964507951141,0.6914035492048859,0.68,0.46,4339.0,1339.0,3000.0,0.6961988163015858,0.2203954518243519,0.6303574109733224,0.21839850026780935,0.42580149069777795,0.5129115445554476,1339.0,3000.0,4339.0,0.5810123192287091,0.6879465314588615,4825.0,0.6198963730569949,0.9568706118355065,2991.0,2643.0,0.5100264850548619,0.09124629080118694,1348.0
1.0,0.68,0.47,7468.0,0.602169255490091,0.7699775952203136,0.6478784040531982,0.7089279996367559,0.6419389394750937,0.6842339337336002,0.29775405826106294,0.7022459417389371,0.68,0.47,4497.0,1339.0,3158.0,0.6961988163015858,0.2203954518243519,0.6303574109733224,0.2218800214247456,0.4360557499135549,0.5088340687371553,1339.0,3158.0,4497.0,0.602169255490091,0.6842339337336002,4825.0,0.6366839378238341,0.94921875,3072.0,2643.0,0.5391600454029511,0.11298245614035088,1425.0
1.0,0.68,0.48,7468.0,0.6229244777718265,0.7699775952203136,0.6426199818895261,0.7062987885549199,0.6419389394750937,0.6792777300085985,0.2878331900257954,0.7121668099742047,0.68,0.48,4652.0,1339.0,3313.0,0.6961988163015858,0.2203954518243519,0.6303574109733224,0.22335297268344942,0.4469739953780181,0.49970015032877635,1339.0,3313.0,4652.0,0.6229244777718265,0.6792777300085985,4825.0,0.6555440414507772,0.9408789124249131,3163.0,2643.0,0.5633749527052592,0.12357286769644056,1489.0
1.0,0.68,0.49,7468.0,0.6420728441349759,0.7699775952203136,0.6368634259259259,0.7034205105731197,0.6419389394750937,0.6740354535974974,0.27924921793534935,0.7207507820646507,0.68,0.49,4795.0,1339.0,3456.0,0.6961988163015858,0.2203954518243519,0.6303574109733224,0.22348687734333156,0.45748550074928296,0.4885113888359266,1339.0,3456.0,4795.0,0.6420728441349759,0.6740354535974974,4825.0,0.6721243523316062,0.931236509404872,3243.0,2643.0,0.5872115020809686,0.13659793814432988,1552.0
1.0,0.68,0.5,7468.0,0.6621585431173005,0.7699775952203136,0.6300610094287299,0.7000193023245218,0.6419389394750937,0.6679474216380182,0.27077856420626895,0.729221435793731,0.68,0.5,4945.0,1339.0,3606.0,0.6961988163015858,0.2203954518243519,0.6303574109733224,0.22241564006427428,0.46890452282582334,0.47433033642734035,1339.0,3606.0,4945.0,0.6621585431173005,0.6679474216380182,4825.0,0.6905699481865285,0.9174669867947179,3332.0,2643.0,0.6102913356034809,0.15251084934903905,1613.0
1.0,0.69,0.2,7468.0,0.19590251740760578,0.7744052502050861,0.8319672131147541,0.8031862316599201,0.6419389394750937,0.7840054682159945,0.8332194121667806,0.16678058783321942,0.69,0.2,1463.0,1219.0,244.0,0.6961988163015858,0.2203954518243519,0.6303574109733224,0.11127477236207818,0.20570336050430435,0.5409477613261926,1219.0,244.0,1463.0,0.19590251740760578,0.7840054682159945,4825.0,0.23751295336787565,1.0,1146.0,2643.0,0.11993946273174423,0.0031545741324921135,317.0
1.0,0.69,0.21,7468.0,0.20005356186395287,0.7744052502050861,0.8290909090909091,0.8017480796479977,0.6419389394750937,0.784471218206158,0.8159303882195449,0.18406961178045517,0.69,0.21,1494.0,1219.0,275.0,0.6961988163015858,0.2203954518243519,0.6303574109733224,0.11381896089983931,0.20764705748470597,0.5481366424285715,1219.0,275.0,1494.0,0.20005356186395287,0.784471218206158,4825.0,0.2426943005181347,1.0,1171.0,2643.0,0.1222096102913356,0.0030959752321981426,323.0
1.0,0.69,0.22,7468.0,0.20634708087841458,0.7744052502050861,0.8136645962732919,0.794034923239189,0.6419389394750937,0.782608695652174,0.7910447761194029,0.208955223880597,0.69,0.22,1541.0,1219.0,322.0,0.6961988163015858,0.2203954518243519,0.6303574109733224,0.11663095875736477,0.21179721683847713,0.5506727637800407,1219.0,322.0,1541.0,0.20634708087841458,0.782608695652174,4825.0,0.24974093264248703,1.0,1205.0,2643.0,0.1271282633371169,0.002976190476190476,336.0
1.0,0.69,0.23,7468.0,0.21277450455275843,0.7744052502050861,0.8,0.787202625102543,0.6419389394750937,0.7803650094398993,0.7671491504090623,0.2328508495909377,0.69,0.23,1589.0,1219.0,370.0,0.6961988163015858,0.2203954518243519,0.6303574109733224,0.11930905195500802,0.21617753421406954,0.5519031031081258,1219.0,370.0,1589.0,0.21277450455275843,0.7803650094398993,4825.0,0.2567875647668394,1.0,1239.0,2643.0,0.13242527430949677,0.002857142857142857,350.0
1.0,0.69,0.24,7468.0,0.22147830744509908,0.7744052502050861,0.7908045977011494,0.7826049239531178,0.6419389394750937,0.7787182587666264,0.7370012091898428,0.2629987908101572,0.69,0.24,1654.0,1219.0,435.0,0.6961988163015858,0.2203954518243519,0.6303574109733224,0.12346009641135512,0.2213800025225223,0.5576840500703978,1219.0,435.0,1654.0,0.22147830744509908,0.7787182587666264,4825.0,0.2667357512953368,1.0,1287.0,2643.0,0.13885735906167235,0.0027247956403269754,367.0
1.0,0.69,0.25,7468.0,0.22844134975897162,0.7744052502050861,0.7946611909650924,0.7845332205850892,0.6419389394750937,0.7801875732708089,0.7145369284876905,0.2854630715123095,0.69,0.25,1706.0,1219.0,487.0,0.6961988163015858,0.2203954518243519,0.6303574109733224,0.1280128548473487,0.22408535752210912,0.5712682714430302,1219.0,487.0,1706.0,0.22844134975897162,0.7801875732708089,4825.0,0.2756476683937824,1.0,1330.0,2643.0,0.1422625804010594,0.0026595744680851063,376.0
1.0,0.69,0.26,7468.0,0.2366095340117836,0.7744052502050861,0.7846715328467153,0.7795383915259007,0.6419389394750937,0.7775891341256367,0.6898698358800226,0.31013016411997735,0.69,0.26,1767.0,1219.0,548.0,0.6961988163015858,0.2203954518243519,0.6303574109733224,0.1313604713444028,0.22940037343842842,0.5726253596516495,1219.0,548.0,1767.0,0.2366095340117836,0.7775891341256367,4825.0,0.284559585492228,1.0,1373.0,2643.0,0.14907302307983353,0.0025380710659898475,394.0
1.0,0.69,0.27,7468.0,0.24491162292447777,0.7744052502050861,0.7754098360655738,0.77490754313533,0.6419389394750937,0.7747402952433023,0.6664844177145981,0.33351558228540185,0.69,0.27,1829.0,1219.0,610.0,0.6961988163015858,0.2203954518243519,0.6303574109733224,0.1345741831815747,0.2348802245218859,0.5729481204963478,1219.0,610.0,1829.0,0.24491162292447777,0.7747402952433023,4825.0,0.2932642487046632,1.0,1415.0,2643.0,0.15664018161180476,0.004830917874396135,414.0
1.0,0.69,0.28,7468.0,0.2574986609534012,0.7744052502050861,0.7613636363636364,0.7678844432843612,0.6419389394750937,0.7696307852314093,0.6339053562142486,0.3660946437857514,0.69,0.28,1923.0,1219.0,704.0,0.6961988163015858,0.2203954518243519,0.6303574109733224,0.13885913229780397,0.2435564910401663,0.5701311088231432,1219.0,704.0,1923.0,0.2574986609534012,0.7696307852314093,4825.0,0.3063212435233161,1.0,1478.0,2643.0,0.1683692773363602,0.0044943820224719105,445.0
1.0,0.69,0.29,7468.0,0.27062131762185326,0.7744052502050861,0.7506234413965087,0.7625143458007975,0.6419389394750937,0.7649678377041069,0.6031667491340921,0.396833250865908,0.69,0.29,2021.0,1219.0,802.0,0.6961988163015858,0.2203954518243519,0.6303574109733224,0.14341189073379756,0.252199749095886,0.5686440658561979,1219.0,802.0,2021.0,0.27062131762185326,0.7649678377041069,4825.0,0.32,1.0,1544.0,2643.0,0.18047673098751418,0.0041928721174004195,477.0
1.0,0.69,0.3,7468.0,0.2830744509908945,0.7744052502050861,0.7508379888268156,0.7626216195159509,0.6419389394750937,0.7644276253547777,0.576631977294229,0.42336802270577106,0.69,0.3,2114.0,1219.0,895.0,0.6961988163015858,0.2203954518243519,0.6303574109733224,0.14970540974825927,0.2582334614671724,0.5797289355829294,1219.0,895.0,2114.0,0.2830744509908945,0.7644276253547777,4825.0,0.334300518134715,1.0,1613.0,2643.0,0.18955732122587968,0.005988023952095809,501.0
1.0,0.69,0.31,7468.0,0.29646491697911087,0.7744052502050861,0.7527638190954774,0.7635845346502818,0.6419389394750937,0.7646793134598012,0.5505871725383921,0.44941282746160793,0.69,0.31,2214.0,1219.0,995.0,0.6961988163015858,0.2203954518243519,0.6303574109733224,0.15693626138189606,0.26412937700794925,0.5941643567242159,1219.0,995.0,2214.0,0.29646491697911087,0.7646793134598012,4825.0,0.35025906735751294,1.0,1690.0,2643.0,0.19825955353764663,0.0057251908396946565,524.0
1.0,0.69,0.32,7468.0,0.3103910016068559,0.7744052502050861,0.7461328480436761,0.7602690491243811,0.6419389394750937,0.7610008628127696,0.5258843830888698,0.4741156169111303,0.69,0.32,2318.0,1219.0,1099.0,0.6961988163015858,0.2203954518243519,0.6303574109733224,0.16202463845741827,0.27236589649719145,0.5948785826021689,1219.0,1099.0,2318.0,0.3103910016068559,0.7610008628127696,4825.0,0.3651813471502591,0.9994324631101021,1762.0,2643.0,0.2103670071888006,0.00539568345323741,556.0
1.0,0.69,0.33,7468.0,0.32552222817354043,0.7744052502050861,0.7367986798679867,0.7556019650365364,0.6419389394750937,0.755656108597285,0.5014397367338543,0.4985602632661456,0.69,0.33,2431.0,1219.0,1212.0,0.6961988163015858,0.2203954518243519,0.6303574109733224,0.16644349223352972,0.2820272468574718,0.5901681276832281,1219.0,1212.0,2431.0,0.32552222817354043,0.755656108597285,4825.0,0.38031088082901554,0.9994550408719346,1835.0,2643.0,0.2255013242527431,0.0050335570469798654,596.0
1.0,0.69,0.34,7468.0,0.3415907873594001,0.7744052502050861,0.7252252252252253,0.7498152377151557,0.6419389394750937,0.7487259898079185,0.4778518228145825,0.5221481771854175,0.69,0.34,2551.0,1219.0,1332.0,0.6961988163015858,0.2203954518243519,0.6303574109733224,0.169925013390466,0.2929725020961303,0.5800032841809506,1219.0,1332.0,2551.0,0.3415907873594001,0.7487259898079185,4825.0,0.39585492227979274,0.9984293193717277,1910.0,2643.0,0.2425274309496784,0.0046801872074883,641.0
1.0,0.69,0.35,7468.0,0.35551687198714516,0.7744052502050861,0.7137883008356546,0.7440967755203703,0.6419389394750937,0.7416195856873823,0.4591337099811676,0.5408662900188324,0.69,0.35,2655.0,1219.0,1436.0,0.6961988163015858,0.2203954518243519,0.6303574109733224,0.1717996786288163,0.30308183165469427,0.5668425510393189,1219.0,1436.0,2655.0,0.35551687198714516,0.7416195856873823,4825.0,0.4078756476683938,0.9984756097560976,1968.0,2643.0,0.2599318955732123,0.005822416302765648,687.0
1.0,0.69,0.36,7468.0,0.37305838243170863,0.7744052502050861,0.7077217613273772,0.7410635057662316,0.6419389394750937,0.7368987796123474,0.4375448671931084,0.5624551328068916,0.69,0.36,2786.0,1219.0,1567.0,0.6961988163015858,0.2203954518243519,0.6303574109733224,0.17675415104445633,0.31329238052277325,0.5641827316371905,1219.0,1567.0,2786.0,0.37305838243170863,0.7368987796123474,4825.0,0.42528497409326427,0.9975633528265108,2052.0,2643.0,0.2777147181233447,0.008174386920980926,734.0
1.0,0.69,0.37,7468.0,0.39100160685591856,0.7744052502050861,0.7042915931804821,0.7393484216927841,0.6419389394750937,0.7335616438356164,0.4174657534246575,0.5825342465753425,0.69,0.37,2920.0,1219.0,1701.0,0.6961988163015858,0.2203954518243519,0.6303574109733224,0.1826459560792715,0.32276589873827055,0.5658774882763508,1219.0,1701.0,2920.0,0.39100160685591856,0.7335616438356164,4825.0,0.44373056994818655,0.9962634283045306,2141.0,2643.0,0.29474082482027997,0.011553273427471117,779.0
1.0,0.69,0.38,7468.0,0.4082753079807177,0.7744052502050861,0.7,0.737202625102543,0.6419389394750937,0.7297474581830108,0.39980321416857983,0.6001967858314201,0.69,0.38,3049.0,1219.0,1830.0,0.6961988163015858,0.2203954518243519,0.6303574109733224,0.1876004284949116,0.33217079905208863,0.5647709823689031,1219.0,1830.0,3049.0,0.4082753079807177,0.7297474581830108,4825.0,0.46031088082901556,0.9954975236380009,2221.0,2643.0,0.3132803632236095,0.016908212560386472,828.0
1.0,0.69,0.39,7468.0,0.42554900910551685,0.7744052502050861,0.6962736089841756,0.7353394295946308,0.6419389394750937,0.7262429200755192,0.38357457520453114,0.6164254247954688,0.69,0.39,3178.0,1219.0,1959.0,0.6961988163015858,0.2203954518243519,0.6303574109733224,0.19255490091055164,0.3413166478469555,0.5641532639125537,1219.0,1959.0,3178.0,0.42554900910551685,0.7262429200755192,4825.0,0.47772020725388603,0.993058568329718,2305.0,2643.0,0.33030646992054485,0.021764032073310423,873.0
1.0,0.69,0.4,7468.0,0.44456347080878417,0.7744052502050861,0.6939552594002856,0.7341802548026859,0.6419389394750937,0.7234939759036144,0.36716867469879516,0.6328313253012048,0.69,0.4,3320.0,1219.0,2101.0,0.6961988163015858,0.2203954518243519,0.6303574109733224,0.1987145152651312,0.35060587241491903,0.566774634709956,1219.0,2101.0,3320.0,0.44456347080878417,0.7234939759036144,4825.0,0.496580310880829,0.991652754590985,2396.0,2643.0,0.3496027241770715,0.02813852813852814,924.0
1.0,0.69,0.41,7468.0,0.4618371719335833,0.7744052502050861,0.6923766816143497,0.733390965909718,0.6419389394750937,0.7213685126123514,0.3534357784865178,0.6465642215134821,0.69,0.41,3449.0,1219.0,2230.0,0.6961988163015858,0.2203954518243519,0.6303574109733224,0.20447241564006424,0.3587232612289863,0.5700004369372131,1219.0,2230.0,3449.0,0.4618371719335833,0.7213685126123514,4825.0,0.5141968911917099,0.9879081015719468,2481.0,2643.0,0.36625047294740826,0.038223140495867766,968.0
1.0,0.69,0.42,7468.0,0.48098553829673274,0.7744052502050861,0.6822587442056468,0.7283319972053665,0.6419389394750937,0.7135300668151447,0.3393652561247216,0.6606347438752784,0.69,0.42,3592.0,1219.0,2373.0,0.6961988163015858,0.2203954518243519,0.6303574109733224,0.2054097482592394,0.3711979189310558,0.5533698810886681,1219.0,2373.0,3592.0,0.48098553829673274,0.7135300668151447,4825.0,0.5295336787564767,0.9839530332681018,2555.0,2643.0,0.392357169882709,0.04725168756027001,1037.0
1.0,0.69,0.43,7468.0,0.5020085698982325,0.7744052502050861,0.675098814229249,0.7247520322171676,0.6419389394750937,0.7073886369698587,0.32515337423312884,0.6748466257668712,0.69,0.43,3749.0,1219.0,2530.0,0.6961988163015858,0.2203954518243519,0.6303574109733224,0.20822174611676492,0.38326676335254245,0.543281510495172,1219.0,2530.0,3749.0,0.5020085698982325,0.7073886369698587,4825.0,0.5483937823834197,0.9761904761904762,2646.0,2643.0,0.41732879303821413,0.06255666364460562,1103.0
1.0,0.69,0.44,7468.0,0.5207552222817354,0.7744052502050861,0.6655430711610487,0.7199741606830674,0.6419389394750937,0.6996657238364619,0.31344818719465156,0.6865518128053484,0.69,0.44,3889.0,1219.0,2670.0,0.6961988163015858,0.2203954518243519,0.6303574109733224,0.20795393679700058,0.3954752112868358,0.5258330506236782,1219.0,2670.0,3889.0,0.5207552222817354,0.6996657238364619,4825.0,0.5629015544041451,0.9709131075110456,2716.0,2643.0,0.4438138479001135,0.07161125319693094,1173.0
1.0,0.69,0.45,7468.0,0.5432512051419389,0.7744052502050861,0.6613812544045102,0.7178932523047982,0.6419389394750937,0.6953413852600444,0.30046832634951937,0.6995316736504806,0.69,0.45,4057.0,1219.0,2838.0,0.6961988163015858,0.2203954518243519,0.6303574109733224,0.2122388859132298,0.4068244825650916,0.5216964440660764,1219.0,2838.0,4057.0,0.5432512051419389,0.6953413852600444,4825.0,0.5836269430051814,0.96484375,2816.0,2643.0,0.4695421869088157,0.08380338436744561,1241.0
1.0,0.69,0.46,7468.0,0.5649437600428495,0.7744052502050861,0.6513333333333333,0.7128692917692097,0.6419389394750937,0.6868926285849728,0.28893102630955203,0.711068973690448,0.69,0.46,4219.0,1219.0,3000.0,0.6961988163015858,0.2203954518243519,0.6303574109733224,0.21116764863417253,0.4205806173664432,0.5020860208833317,1219.0,3000.0,4219.0,0.5649437600428495,0.6868926285849728,4825.0,0.6018652849740933,0.9555785123966942,2904.0,2643.0,0.49754067347710934,0.0935361216730038,1315.0
1.0,0.69,0.47,7468.0,0.5861006963042313,0.7744052502050861,0.6478784040531982,0.7111418271291421,0.6419389394750937,0.6831162896961389,0.27850125656842584,0.7214987434315742,0.69,0.47,4377.0,1219.0,3158.0,0.6961988163015858,0.2203954518243519,0.6303574109733224,0.2146491697911087,0.4309591201686783,0.49807315762825616,1219.0,3158.0,4377.0,0.5861006963042313,0.6831162896961389,4825.0,0.6186528497409326,0.9477386934673366,2985.0,2643.0,0.5266742338251986,0.11566091954022989,1392.0
1.0,0.69,0.48,7468.0,0.6068559185859668,0.7744052502050861,0.6426199818895261,0.7085126160473061,0.6419389394750937,0.6780670785525155,0.26897616946160635,0.7310238305383936,0.69,0.48,4532.0,1219.0,3313.0,0.6961988163015858,0.2203954518243519,0.6303574109733224,0.21612212104981254,0.44200327913724474,0.48896044724298365,1219.0,3313.0,4532.0,0.6068559185859668,0.6780670785525155,4825.0,0.6375129533678756,0.9392067620286085,3076.0,2643.0,0.5508891411275066,0.12637362637362637,1456.0
1.0,0.69,0.49,7468.0,0.6260042849491162,0.7744052502050861,0.6368634259259259,0.705634338065506,0.6419389394750937,0.6727272727272727,0.26074866310160427,0.7392513368983957,0.69,0.49,4675.0,1219.0,3456.0,0.6961988163015858,0.2203954518243519,0.6303574109733224,0.21625602570969468,0.4526302349818345,0.47777635914749206,1219.0,3456.0,4675.0,0.6260042849491162,0.6727272727272727,4825.0,0.6540932642487046,0.929340937896071,3156.0,2643.0,0.5747256905032161,0.13956550362080317,1519.0
1.0,0.69,0.5,7468.0,0.6460899839314408,0.7744052502050861,0.6300610094287299,0.702233129816908,0.6419389394750937,0.6665284974093264,0.2526424870466321,0.7473575129533678,0.69,0.5,4825.0,1219.0,3606.0,0.6961988163015858,0.2203954518243519,0.6303574109733224,0.21518478843063735,0.46416871690194905,0.4635917514365643,1219.0,3606.0,4825.0,0.6460899839314408,0.6665284974093264,4825.0,0.672538860103627,0.9152542372881356,3245.0,2643.0,0.5978055240257283,0.15569620253164557,1580.0
1.0,0.7,0.2,7468.0,0.18036957686127478,0.7815049864007253,0.8319672131147541,0.8067360997577397,0.6419389394750937,0.7906458797327395,0.8188567186340014,0.18114328136599853,0.7,0.2,1347.0,1103.0,244.0,0.6961988163015858,0.2203954518243519,0.6303574109733224,0.10484734868773436,0.19432219144186855,0.5395541698545502,1103.0,244.0,1347.0,0.18036957686127478,0.7906458797327395,4825.0,0.2205181347150259,1.0,1064.0,2643.0,0.10707529322739312,0.0035335689045936395,283.0
1.0,0.7,0.21,7468.0,0.18452062131762184,0.7815049864007253,0.8290909090909091,0.8052979477458172,0.6419389394750937,0.7910014513788098,0.8004354136429608,0.1995645863570392,0.7,0.21,1378.0,1103.0,275.0,0.6961988163015858,0.2203954518243519,0.6303574109733224,0.10739153722549542,0.1963785681943506,0.5468597628189901,1103.0,275.0,1378.0,0.18452062131762184,0.7910014513788098,4825.0,0.22569948186528496,1.0,1089.0,2643.0,0.1093454407869845,0.0034602076124567475,289.0
1.0,0.7,0.22,7468.0,0.19081414033208355,0.7815049864007253,0.8136645962732919,0.7975847913370087,0.6419389394750937,0.7887719298245615,0.7740350877192983,0.22596491228070176,0.7,0.22,1425.0,1103.0,322.0,0.6961988163015858,0.2203954518243519,0.6303574109733224,0.1102035350830209,0.2007618056915491,0.5489267976217441,1103.0,322.0,1425.0,0.19081414033208355,0.7887719298245615,4825.0,0.2327461139896373,1.0,1123.0,2643.0,0.1142640938327658,0.0033112582781456954,302.0
1.0,0.7,0.23,7468.0,0.19724156400642742,0.7815049864007253,0.8,0.7907524932003627,0.6419389394750937,0.7861507128309573,0.7488119484046164,0.25118805159538354,0.7,0.23,1473.0,1103.0,370.0,0.6961988163015858,0.2203954518243519,0.6303574109733224,0.11288162828066418,0.20537762259526138,0.5496296376120807,1103.0,370.0,1473.0,0.19724156400642742,0.7861507128309573,4825.0,0.23979274611398962,1.0,1157.0,2643.0,0.11956110480514567,0.0031645569620253164,316.0
1.0,0.7,0.24,7468.0,0.20594536689876808,0.7815049864007253,0.7908045977011494,0.7861547920509373,0.6419389394750937,0.7841352405721717,0.7171651495448634,0.28283485045513657,0.7,0.24,1538.0,1103.0,435.0,0.6961988163015858,0.2203954518243519,0.6303574109733224,0.11703267273701125,0.21084673836907797,0.5550603895619703,1103.0,435.0,1538.0,0.20594536689876808,0.7841352405721717,4825.0,0.24974093264248703,1.0,1205.0,2643.0,0.12599318955732122,0.003003003003003003,333.0
1.0,0.7,0.25,7468.0,0.2129084092126406,0.7815049864007253,0.7946611909650924,0.7880830886829089,0.6419389394750937,0.7855345911949686,0.6937106918238993,0.3062893081761006,0.7,0.25,1590.0,1103.0,487.0,0.6961988163015858,0.2203954518243519,0.6303574109733224,0.12158543117300484,0.21368549089682687,0.5689924508337797,1103.0,487.0,1590.0,0.2129084092126406,0.7855345911949686,4825.0,0.25865284974093267,1.0,1248.0,2643.0,0.12939841089670828,0.0029239766081871343,342.0
1.0,0.7,0.26,7468.0,0.2210765934654526,0.7815049864007253,0.7846715328467153,0.7830882596237203,0.6419389394750937,0.7825560266505148,0.6680799515445185,0.3319200484554815,0.7,0.26,1651.0,1103.0,548.0,0.6961988163015858,0.2203954518243519,0.6303574109733224,0.12493304767005892,0.2192527602966422,0.5698128840021369,1103.0,548.0,1651.0,0.2210765934654526,0.7825560266505148,4825.0,0.26756476683937824,1.0,1291.0,2643.0,0.1362088535754824,0.002777777777777778,360.0
1.0,0.7,0.27,7468.0,0.22937868237814676,0.7815049864007253,0.7754098360655738,0.7784574112331495,0.6419389394750937,0.7793345008756567,0.6438995913601868,0.3561004086398132,0.7,0.27,1713.0,1103.0,610.0,0.6961988163015858,0.2203954518243519,0.6303574109733224,0.12814675950723084,0.22497991340441476,0.5695920029841928,1103.0,610.0,1713.0,0.22937868237814676,0.7793345008756567,4825.0,0.2762694300518135,1.0,1333.0,2643.0,0.14377601210745364,0.005263157894736842,380.0
1.0,0.7,0.28,7468.0,0.24196572040707018,0.7815049864007253,0.7613636363636364,0.7714343113821809,0.6419389394750937,0.7736579966795795,0.6104039845047039,0.38959601549529604,0.7,0.28,1807.0,1103.0,704.0,0.6961988163015858,0.2203954518243519,0.6303574109733224,0.13243170862346013,0.23402351568123453,0.5658906039333522,1103.0,704.0,1807.0,0.24196572040707018,0.7736579966795795,4825.0,0.28932642487046634,1.0,1396.0,2643.0,0.15550510783200908,0.004866180048661801,411.0
1.0,0.7,0.29,7468.0,0.25508837707552223,0.7815049864007253,0.7506234413965087,0.766064213898617,0.6419389394750937,0.768503937007874,0.579002624671916,0.420997375328084,0.7,0.29,1905.0,1103.0,802.0,0.6961988163015858,0.2203954518243519,0.6303574109733224,0.13698446705945366,0.2430060801873778,0.563707981931264,1103.0,802.0,1905.0,0.25508837707552223,0.768503937007874,4825.0,0.30300518134715027,1.0,1462.0,2643.0,0.16761256148316309,0.004514672686230248,443.0
1.0,0.7,0.3,7468.0,0.2675415104445635,0.7815049864007253,0.7508379888268156,0.7661714876137704,0.6419389394750937,0.7677677677677678,0.5520520520520521,0.44794794794794796,0.7,0.3,1998.0,1103.0,895.0,0.6961988163015858,0.2203954518243519,0.6303574109733224,0.1432779860739154,0.24926243637043277,0.5748077735266447,1103.0,895.0,1998.0,0.2675415104445635,0.7677677677677678,4825.0,0.31730569948186527,1.0,1531.0,2643.0,0.17669315172152858,0.006423982869379015,467.0
1.0,0.7,0.31,7468.0,0.28093197643277984,0.7815049864007253,0.7527638190954774,0.7671344027481013,0.6419389394750937,0.7678741658722593,0.5257387988560533,0.4742612011439466,0.7,0.31,2098.0,1103.0,995.0,0.6961988163015858,0.2203954518243519,0.6303574109733224,0.15050883770755222,0.2553655602516005,0.5893858105190944,1103.0,995.0,2098.0,0.28093197643277984,0.7678741658722593,4825.0,0.3332642487046632,1.0,1608.0,2643.0,0.1853953840332955,0.006122448979591836,490.0
1.0,0.7,0.32,7468.0,0.2948580610605249,0.7815049864007253,0.7461328480436761,0.7638189172222007,0.6419389394750937,0.7638510445049954,0.5009082652134423,0.49909173478655766,0.7,0.32,2202.0,1103.0,1099.0,0.6961988163015858,0.2203954518243519,0.6303574109733224,0.15559721478307442,0.26387577217077973,0.5896608601200882,1103.0,1099.0,2202.0,0.2948580610605249,0.7638510445049954,4825.0,0.34818652849740933,0.9994047619047619,1680.0,2643.0,0.19750283768444948,0.005747126436781609,522.0
1.0,0.7,0.33,7468.0,0.30998928762720945,0.7815049864007253,0.7367986798679867,0.7591518331343561,0.6419389394750937,0.7580993520518359,0.4764578833693304,0.5235421166306695,0.7,0.33,2315.0,1103.0,1212.0,0.6961988163015858,0.2203954518243519,0.6303574109733224,0.16001606855918588,0.2738368301270152,0.58434823571747,1103.0,1212.0,2315.0,0.30998928762720945,0.7580993520518359,4825.0,0.3633160621761658,0.9994295493439818,1753.0,2643.0,0.21263715474839198,0.005338078291814947,562.0
1.0,0.7,0.34,7468.0,0.3260578468130691,0.7815049864007253,0.7252252252252253,0.7533651058129753,0.6419389394750937,0.7507186858316222,0.45297741273100617,0.5470225872689939,0.7,0.34,2435.0,1103.0,1332.0,0.6961988163015858,0.2203954518243519,0.6303574109733224,0.1634975897161221,0.2850967003465201,0.573481171537234,1103.0,1332.0,2435.0,0.3260578468130691,0.7507186858316222,4825.0,0.378860103626943,0.9983588621444202,1828.0,2643.0,0.22966326144532728,0.004942339373970346,607.0
1.0,0.7,0.35,7468.0,0.3399839314408141,0.7815049864007253,0.7137883008356546,0.7476466436181899,0.6419389394750937,0.7432059866089011,0.43442300118156757,0.5655769988184325,0.7,0.35,2539.0,1103.0,1436.0,0.6961988163015858,0.2203954518243519,0.6303574109733224,0.16537225495447241,0.2954756136184014,0.559681568740377,1103.0,1436.0,2539.0,0.3399839314408141,0.7432059866089011,4825.0,0.39088082901554405,0.9984093319194062,1886.0,2643.0,0.24706772606886115,0.006125574272588055,653.0
1.0,0.7,0.36,7468.0,0.3575254418853776,0.7815049864007253,0.7077217613273772,0.7446133738640512,0.6419389394750937,0.7382022471910112,0.41310861423220974,0.5868913857677902,0.7,0.36,2670.0,1103.0,1567.0,0.6961988163015858,0.2203954518243519,0.6303574109733224,0.17032672737011248,0.30594012037918883,0.5567322362265068,1103.0,1567.0,2670.0,0.3575254418853776,0.7382022471910112,4825.0,0.4082901554404145,0.9974619289340102,1970.0,2643.0,0.26485054861899354,0.008571428571428572,700.0
1.0,0.7,0.37,7468.0,0.3754686663095876,0.7815049864007253,0.7042915931804821,0.7428982897906037,0.6419389394750937,0.7346647646219686,0.3933666191155492,0.6066333808844507,0.7,0.37,2804.0,1103.0,1701.0,0.6961988163015858,0.2203954518243519,0.6303574109733224,0.17621853240492769,0.31563438810169264,0.5582995359433166,1103.0,1701.0,2804.0,0.3754686663095876,0.7346647646219686,4825.0,0.4267357512953368,0.9961146187469645,2059.0,2643.0,0.28187665531592887,0.012080536912751677,745.0
1.0,0.7,0.38,7468.0,0.39274236743438673,0.7815049864007253,0.7,0.7407524932003626,0.6419389394750937,0.7306512103648142,0.3760654619843164,0.6239345380156835,0.7,0.38,2933.0,1103.0,1830.0,0.6961988163015858,0.2203954518243519,0.6303574109733224,0.18117300482056775,0.3252455707721621,0.5570345028540952,1103.0,1830.0,2933.0,0.39274236743438673,0.7306512103648142,4825.0,0.4433160621761658,0.9953249181860683,2139.0,2643.0,0.30041619371925843,0.017632241813602016,794.0
1.0,0.7,0.39,7468.0,0.4100160685591859,0.7815049864007253,0.6962736089841756,0.7388892976924504,0.6419389394750937,0.7269758327890268,0.360222077073808,0.6397779229261921,0.7,0.39,3062.0,1103.0,1959.0,0.6961988163015858,0.2203954518243519,0.6303574109733224,0.18612747723620782,0.33458077598913094,0.5563005725178134,1103.0,1959.0,3062.0,0.4100160685591859,0.7269758327890268,4825.0,0.4607253886010363,0.9928025191183086,2223.0,2643.0,0.3174423004161937,0.02264600715137068,839.0
1.0,0.7,0.4,7468.0,0.42903053026245314,0.7815049864007253,0.6939552594002856,0.7377301229005054,0.6419389394750937,0.7240948813982522,0.34425717852684146,0.6557428214731585,0.7,0.4,3204.0,1103.0,2101.0,0.6961988163015858,0.2203954518243519,0.6303574109733224,0.19228709159078736,0.3440519137220906,0.5588897602996857,1103.0,2101.0,3204.0,0.42903053026245314,0.7240948813982522,4825.0,0.47958549222797925,0.9913569576490925,2314.0,2643.0,0.3367385546727204,0.029213483146067417,890.0
1.0,0.7,0.41,7468.0,0.4463042313872523,0.7815049864007253,0.6923766816143497,0.7369408340075375,0.6419389394750937,0.7218721872187218,0.3309330933093309,0.669066906690669,0.7,0.41,3333.0,1103.0,2230.0,0.6961988163015858,0.2203954518243519,0.6303574109733224,0.19804499196572037,0.35232033678282887,0.5621162654819889,1103.0,2230.0,3333.0,0.4463042313872523,0.7218721872187218,4825.0,0.4972020725388601,0.9874947894956232,2399.0,2643.0,0.35338630344305716,0.03961456102783726,934.0
1.0,0.7,0.42,7468.0,0.4654525977504017,0.7815049864007253,0.6822587442056468,0.731881865303186,0.6419389394750937,0.7137514384349828,0.3173187571921749,0.682681242807825,0.7,0.42,3476.0,1103.0,2373.0,0.6961988163015858,0.2203954518243519,0.6303574109733224,0.1989823245848956,0.36501388546568064,0.5451363153788963,1103.0,2373.0,3476.0,0.4654525977504017,0.7137514384349828,4825.0,0.5125388601036269,0.983420946219167,2473.0,2643.0,0.3794930003783579,0.04885343968095713,1003.0
1.0,0.7,0.43,7468.0,0.4864756293519015,0.7815049864007253,0.675098814229249,0.7283019003149871,0.6419389394750937,0.7074043490228461,0.3036058353977429,0.6963941646022571,0.7,0.43,3633.0,1103.0,2530.0,0.6961988163015858,0.2203954518243519,0.6303574109733224,0.201794322442421,0.377280603072488,0.5348653516747313,1103.0,2530.0,3633.0,0.4864756293519015,0.7074043490228461,4825.0,0.5313989637305699,0.9754290171606864,2564.0,2643.0,0.40446462353386303,0.06454630495790459,1069.0
1.0,0.7,0.44,7468.0,0.5052222817354044,0.7815049864007253,0.6655430711610487,0.7235240287808871,0.6419389394750937,0.699443413729128,0.292340312748476,0.707659687251524,0.7,0.44,3773.0,1103.0,2670.0,0.6961988163015858,0.2203954518243519,0.6303574109733224,0.20152651312265665,0.3896766406988927,0.5171634429028512,1103.0,2670.0,3773.0,0.5052222817354044,0.699443413729128,4825.0,0.5459067357512953,0.9700075930144267,2634.0,2643.0,0.43094967839576237,0.07374890254609306,1139.0
1.0,0.7,0.45,7468.0,0.5277182645956079,0.7815049864007253,0.6613812544045102,0.7214431204026177,0.6419389394750937,0.6950012687135245,0.2798782035016493,0.7201217964983506,0.7,0.45,3941.0,1103.0,2838.0,0.6961988163015858,0.2203954518243519,0.6303574109733224,0.20581146223888594,0.40118998140327605,0.5130024970189979,1103.0,2838.0,3941.0,0.5277182645956079,0.6950012687135245,4825.0,0.5666321243523316,0.9637893196781273,2734.0,2643.0,0.4566780174044646,0.08616404308202154,1207.0
1.0,0.7,0.46,7468.0,0.5494108194965185,0.7815049864007253,0.6513333333333333,0.7164191598670293,0.6419389394750937,0.6863270777479893,0.26882768705825005,0.7311723129417499,0.7,0.46,4103.0,1103.0,3000.0,0.6961988163015858,0.2203954518243519,0.6303574109733224,0.20474022495982863,0.41513286700566715,0.49319203857938243,1103.0,3000.0,4103.0,0.5494108194965185,0.6863270777479893,4825.0,0.5848704663212435,0.9542877391920623,2822.0,2643.0,0.48467650397275824,0.09601873536299765,1281.0
1.0,0.7,0.47,7468.0,0.5705677557579004,0.7815049864007253,0.6478784040531982,0.7146916952269617,0.6419389394750937,0.6824689040131424,0.2588594226707346,0.7411405773292654,0.7,0.47,4261.0,1103.0,3158.0,0.6961988163015858,0.2203954518243519,0.6303574109733224,0.20822174611676483,0.42564422329049384,0.489191993508291,1103.0,3158.0,4261.0,0.5705677557579004,0.6824689040131424,4825.0,0.6016580310880829,0.9462624870823286,2903.0,2643.0,0.5138100643208475,0.11855670103092783,1358.0
1.0,0.7,0.48,7468.0,0.5913229780396357,0.7815049864007253,0.6426199818895261,0.7120624841451257,0.6419389394750937,0.6773097826086957,0.2497735507246377,0.7502264492753623,0.7,0.48,4416.0,1103.0,3313.0,0.6961988163015858,0.2203954518243519,0.6303574109733224,0.20969469737546867,0.43682277909019757,0.48004524354754347,1103.0,3313.0,4416.0,0.5913229780396357,0.6773097826086957,4825.0,0.6205181347150259,0.9375417501670007,2994.0,2643.0,0.5380249716231555,0.12939521800281295,1422.0
1.0,0.7,0.49,7468.0,0.6104713444027852,0.7815049864007253,0.6368634259259259,0.7091842061633256,0.6419389394750937,0.6718578635665716,0.24193902171528844,0.7580609782847115,0.7,0.49,4559.0,1103.0,3456.0,0.6961988163015858,0.2203954518243519,0.6303574109733224,0.2098286020353508,0.44757275518480477,0.4688145102771317,1103.0,3456.0,4559.0,0.6104713444027852,0.6718578635665716,4825.0,0.6370984455958549,0.9274560832791151,3074.0,2643.0,0.5618615209988649,0.14276094276094276,1485.0
1.0,0.7,0.5,7468.0,0.6305570433851098,0.7815049864007253,0.6300610094287299,0.7057829979147277,0.6419389394750937,0.6655340836695689,0.23423232108727968,0.7657676789127204,0.7,0.5,4709.0,1103.0,3606.0,0.6961988163015858,0.2203954518243519,0.6303574109733224,0.2087573647562935,0.4592383251803013,0.4545730469562474,1103.0,3606.0,4709.0,0.6305570433851098,0.6655340836695689,4825.0,0.6555440414507772,0.9130572241542839,3163.0,2643.0,0.5849413545213772,0.1591203104786546,1546.0
1.0,0.71,0.2,7468.0,0.16630958757364755,0.7895791583166333,0.8319672131147541,0.8107731857156937,0.6419389394750937,0.7979066022544283,0.8035426731078905,0.1964573268921095,0.71,0.2,1242.0,998.0,244.0,0.6961988163015858,0.2203954518243519,0.6303574109733224,0.09908944831280128,0.18333049290945339,0.5404962739163167,998.0,244.0,1242.0,0.16630958757364755,0.7979066022544283,4825.0,0.20518134715025907,1.0,990.0,2643.0,0.09534619750283768,0.003968253968253968,252.0
1.0,0.71,0.21,7468.0,0.17046063202999465,0.7895791583166333,0.8290909090909091,0.8093350337037712,0.6419389394750937,0.798114689709348,0.783974862529458,0.21602513747054203,0.71,0.21,1273.0,998.0,275.0,0.6961988163015858,0.2203954518243519,0.6303574109733224,0.10163363685056238,0.18550875340456616,0.5478643728951971,998.0,275.0,1273.0,0.17046063202999465,0.798114689709348,4825.0,0.21036269430051813,1.0,1015.0,2643.0,0.09761634506242906,0.003875968992248062,258.0
1.0,0.71,0.22,7468.0,0.17675415104445635,0.7895791583166333,0.8136645962732919,0.8016218772949626,0.6419389394750937,0.7954545454545454,0.7560606060606061,0.24393939393939393,0.71,0.22,1320.0,998.0,322.0,0.6961988163015858,0.2203954518243519,0.6303574109733224,0.10444563470808783,0.19014273104219434,0.5493012230107835,998.0,322.0,1320.0,0.17675415104445635,0.7954545454545454,4825.0,0.21740932642487046,1.0,1049.0,2643.0,0.10253499810821037,0.0036900369003690036,271.0
1.0,0.71,0.23,7468.0,0.18318157471880023,0.7895791583166333,0.8,0.7947895791583166,0.6419389394750937,0.7923976608187134,0.72953216374269,0.27046783625730997,0.71,0.23,1368.0,998.0,370.0,0.6961988163015858,0.2203954518243519,0.6303574109733224,0.10712372790573112,0.19501005975727137,0.5493241119923137,998.0,370.0,1368.0,0.18318157471880023,0.7923976608187134,4825.0,0.2244559585492228,1.0,1083.0,2643.0,0.10783200908059024,0.0035087719298245615,285.0
1.0,0.71,0.24,7468.0,0.19188537761114086,0.7895791583166333,0.7908045977011494,0.7901918780088913,0.6419389394750937,0.7899511514305653,0.6964410327983251,0.3035589672016748,0.71,0.24,1433.0,998.0,435.0,0.6961988163015858,0.2203954518243519,0.6303574109733224,0.1112747723620782,0.20076180569154914,0.5542626595670344,998.0,435.0,1433.0,0.19188537761114086,0.7899511514305653,4825.0,0.2344041450777202,1.0,1131.0,2643.0,0.1142640938327658,0.0033112582781456954,302.0
1.0,0.71,0.25,7468.0,0.1988484199250134,0.7895791583166333,0.7946611909650924,0.7921201746408628,0.6419389394750937,0.7912457912457912,0.672053872053872,0.32794612794612793,0.71,0.25,1485.0,998.0,487.0,0.6961988163015858,0.2203954518243519,0.6303574109733224,0.11582753079807176,0.20374112143470405,0.5685034517452223,998.0,487.0,1485.0,0.1988484199250134,0.7912457912457912,4825.0,0.2433160621761658,1.0,1174.0,2643.0,0.11766931517215286,0.003215434083601286,311.0
1.0,0.71,0.26,7468.0,0.2070166041778254,0.7895791583166333,0.7846715328467153,0.7871253455816742,0.6419389394750937,0.7878395860284605,0.6455368693402329,0.35446313065976714,0.71,0.26,1546.0,998.0,548.0,0.6961988163015858,0.2203954518243519,0.6303574109733224,0.11917514729512585,0.20957272828626766,0.5686577078499333,998.0,548.0,1546.0,0.2070166041778254,0.7878395860284605,4825.0,0.2522279792746114,1.0,1217.0,2643.0,0.12447975785092698,0.00303951367781155,329.0
1.0,0.71,0.27,7468.0,0.21531869309051954,0.7895791583166333,0.7754098360655738,0.7824944971911035,0.6419389394750937,0.7842039800995025,0.6206467661691543,0.3793532338308458,0.71,0.27,1608.0,998.0,610.0,0.6961988163015858,0.2203954518243519,0.6303574109733224,0.12238885913229783,0.21555722437234817,0.5677789714015169,998.0,610.0,1608.0,0.21531869309051954,0.7842039800995025,4825.0,0.2609326424870466,1.0,1259.0,2643.0,0.13204691638289823,0.0057306590257879654,349.0
1.0,0.71,0.28,7468.0,0.22790573111944296,0.7895791583166333,0.7613636363636364,0.7754713973401348,0.6419389394750937,0.7779083431257344,0.5863689776733255,0.4136310223266745,0.71,0.28,1702.0,998.0,704.0,0.6961988163015858,0.2203954518243519,0.6303574109733224,0.12667380824852706,0.22497991340441473,0.5630449684671333,998.0,704.0,1702.0,0.22790573111944296,0.7779083431257344,4825.0,0.2739896373056995,1.0,1322.0,2643.0,0.14377601210745364,0.005263157894736842,380.0
1.0,0.71,0.29,7468.0,0.241028387787895,0.7895791583166333,0.7506234413965087,0.770101299856571,0.6419389394750937,0.7722222222222223,0.5544444444444444,0.44555555555555554,0.71,0.29,1800.0,998.0,802.0,0.6961988163015858,0.2203954518243519,0.6303574109733224,0.13122656668452062,0.23430943333909368,0.5600566943227119,998.0,802.0,1800.0,0.241028387787895,0.7722222222222223,4825.0,0.2876683937823834,1.0,1388.0,2643.0,0.15588346575860765,0.0048543689320388345,412.0
1.0,0.71,0.3,7468.0,0.2534815211569363,0.7895791583166333,0.7508379888268156,0.7702085735717245,0.6419389394750937,0.7712625462229266,0.5272054939249868,0.4727945060750132,0.71,0.3,1893.0,998.0,895.0,0.6961988163015858,0.2203954518243519,0.6303574109733224,0.13752008569898233,0.2407918556118063,0.5711160178136837,998.0,895.0,1893.0,0.2534815211569363,0.7712625462229266,4825.0,0.30196891191709846,1.0,1457.0,2643.0,0.16496405599697314,0.006880733944954129,436.0
1.0,0.71,0.31,7468.0,0.26687198714515264,0.7895791583166333,0.7527638190954774,0.7711714887060553,0.6419389394750937,0.7711991971901656,0.5007526342197692,0.4992473657802308,0.71,0.31,1993.0,998.0,995.0,0.6961988163015858,0.2203954518243519,0.6303574109733224,0.14475093733261918,0.24710427941714552,0.5857888729165227,998.0,995.0,1993.0,0.26687198714515264,0.7711991971901656,4825.0,0.3179274611398964,1.0,1534.0,2643.0,0.17366628830874006,0.006535947712418301,459.0
1.0,0.71,0.32,7468.0,0.2807980717728977,0.7895791583166333,0.7461328480436761,0.7678560031801547,0.6419389394750937,0.7668097281831188,0.4759179780639008,0.5240820219360992,0.71,0.32,2097.0,998.0,1099.0,0.6961988163015858,0.2203954518243519,0.6303574109733224,0.1498393144081414,0.2558893875923309,0.5855628317296898,998.0,1099.0,2097.0,0.2807980717728977,0.7668097281831188,4825.0,0.33284974093264247,0.9993773349937733,1606.0,2643.0,0.18577374195989407,0.006109979633401222,491.0
1.0,0.71,0.33,7468.0,0.2959292983395822,0.7895791583166333,0.7367986798679867,0.76318891909231,0.6419389394750937,0.7606334841628959,0.4515837104072398,0.5484162895927602,0.71,0.33,2210.0,998.0,1212.0,0.6961988163015858,0.2203954518243519,0.6303574109733224,0.15425816818425278,0.2661495163956995,0.5795921415649257,998.0,1212.0,2210.0,0.2959292983395822,0.7606334841628959,4825.0,0.34797927461139894,0.9994044073853484,1679.0,2643.0,0.20090805902383654,0.005649717514124294,531.0
1.0,0.71,0.34,7468.0,0.3119978575254419,0.7895791583166333,0.7252252252252253,0.7574021917709293,0.6419389394750937,0.7527896995708154,0.42832618025751074,0.5716738197424893,0.71,0.34,2330.0,998.0,1332.0,0.6961988163015858,0.2203954518243519,0.6303574109733224,0.15773968934118907,0.27772123449986036,0.5679784969458948,998.0,1332.0,2330.0,0.3119978575254419,0.7527896995708154,4825.0,0.36352331606217614,0.9982896237172177,1754.0,2643.0,0.21793416572077184,0.005208333333333333,576.0
1.0,0.71,0.35,7468.0,0.32592394215318693,0.7895791583166333,0.7137883008356546,0.7516837295761439,0.6419389394750937,0.7448644207066557,0.41002465078060807,0.589975349219392,0.71,0.35,2434.0,998.0,1436.0,0.6961988163015858,0.2203954518243519,0.6303574109733224,0.15961435457953937,0.28836572921695075,0.5535136058399442,998.0,1436.0,2434.0,0.32592394215318693,0.7448644207066557,4825.0,0.3755440414507772,0.9983443708609272,1812.0,2643.0,0.23533863034430572,0.006430868167202572,622.0
1.0,0.71,0.36,7468.0,0.3434654525977504,0.7895791583166333,0.7077217613273772,0.7486504598220052,0.6419389394750937,0.7395711500974659,0.38908382066276803,0.610916179337232,0.71,0.36,2565.0,998.0,1567.0,0.6961988163015858,0.2203954518243519,0.6303574109733224,0.16456882699517944,0.29907910793180703,0.550251831808669,998.0,1567.0,2565.0,0.3434654525977504,0.7395711500974659,4825.0,0.39295336787564766,0.9973628691983122,1896.0,2643.0,0.25312145289443816,0.008968609865470852,669.0
1.0,0.71,0.37,7468.0,0.3614086770219604,0.7895791583166333,0.7042915931804821,0.7469353757485577,0.6419389394750937,0.7358280844757318,0.3697665802148944,0.6302334197851056,0.71,0.37,2699.0,998.0,1701.0,0.6961988163015858,0.2203954518243519,0.6303574109733224,0.17046063202999467,0.3089887093341484,0.5516726886148261,998.0,1701.0,2699.0,0.3614086770219604,0.7358280844757318,4825.0,0.41139896373056994,0.9959697732997481,1985.0,2643.0,0.27014755959137343,0.012605042016806723,714.0
1.0,0.71,0.38,7468.0,0.3786823781467595,0.7895791583166333,0.7,0.7447895791583166,0.6419389394750937,0.7316124469589816,0.35289957567185287,0.6471004243281471,0.71,0.38,2828.0,998.0,1830.0,0.6961988163015858,0.2203954518243519,0.6303574109733224,0.1754151044456347,0.3188003087366171,0.5502350519696555,998.0,1830.0,2828.0,0.3786823781467595,0.7316124469589816,4825.0,0.42797927461139895,0.9951573849878934,2065.0,2643.0,0.288687097994703,0.01834862385321101,763.0
1.0,0.71,0.39,7468.0,0.3959560792715586,0.7895791583166333,0.6962736089841756,0.7429263836504044,0.6419389394750937,0.7277646263104498,0.3375042272573554,0.6624957727426446,0.71,0.39,2957.0,998.0,1959.0,0.6961988163015858,0.2203954518243519,0.6303574109733224,0.18036957686127478,0.3283188255417924,0.5493732397575086,998.0,1959.0,2957.0,0.3959560792715586,0.7277646263104498,4825.0,0.4453886010362694,0.9925546765937645,2149.0,2643.0,0.30571320469163826,0.023514851485148515,808.0
1.0,0.71,0.4,7468.0,0.41497054097482594,0.7895791583166333,0.6939552594002856,0.7417672088584595,0.6419389394750937,0.7247499193288157,0.32203936753791546,0.6779606324620845,0.71,0.4,3099.0,998.0,2101.0,0.6961988163015858,0.2203954518243519,0.6303574109733224,0.1865291912158543,0.3379654936224789,0.5519178576976705,998.0,2101.0,3099.0,0.41497054097482594,0.7247499193288157,4825.0,0.46424870466321244,0.9910714285714286,2240.0,2643.0,0.32500945894816496,0.030267753201396973,859.0
1.0,0.71,0.41,7468.0,0.4322442420996251,0.7895791583166333,0.6923766816143497,0.7409779199654916,0.6419389394750937,0.7224287484510533,0.30916976456009915,0.6908302354399009,0.71,0.41,3228.0,998.0,2230.0,0.6961988163015858,0.2203954518243519,0.6303574109733224,0.19228709159078738,0.34637923617679345,0.5551345794083431,998.0,2230.0,3228.0,0.4322442420996251,0.7224287484510533,4825.0,0.48186528497409326,0.9870967741935484,2325.0,2643.0,0.3416572077185017,0.04097452934662237,903.0
1.0,0.71,0.42,7468.0,0.4513926084627745,0.7895791583166333,0.6822587442056468,0.73591895126114,0.6419389394750937,0.7140314446751705,0.29605458320973005,0.7039454167902699,0.71,0.42,3371.0,998.0,2373.0,0.6961988163015858,0.2203954518243519,0.6303574109733224,0.1932244242099625,0.35928274676973565,0.5378060203202578,998.0,2373.0,3371.0,0.4513926084627745,0.7140314446751705,4825.0,0.4972020725388601,0.9829095456440183,2399.0,2643.0,0.3677639046538025,0.050411522633744855,972.0
1.0,0.71,0.43,7468.0,0.4724156400642742,0.7895791583166333,0.675098814229249,0.7323389862729411,0.6419389394750937,0.7074829931972789,0.2828798185941043,0.7171201814058957,0.71,0.43,3528.0,998.0,2530.0,0.6961988163015858,0.2203954518243519,0.6303574109733224,0.19603642206748795,0.37173862995173523,0.5273501494664151,998.0,2530.0,3528.0,0.4724156400642742,0.7074829931972789,4825.0,0.5160621761658031,0.9746987951807229,2490.0,2643.0,0.3927355278093076,0.06647398843930635,1038.0
1.0,0.71,0.44,7468.0,0.4911622924477772,0.7895791583166333,0.6655430711610487,0.727561114738841,0.6419389394750937,0.6992911668484187,0.27208287895310795,0.727917121046892,0.71,0.44,3668.0,998.0,2670.0,0.6961988163015858,0.2203954518243519,0.6303574109733224,0.1957686127477236,0.38431346561111646,0.5093982653884426,998.0,2670.0,3668.0,0.4911622924477772,0.6992911668484187,4825.0,0.5305699481865285,0.969140625,2560.0,2643.0,0.419220582671207,0.07581227436823104,1108.0
1.0,0.71,0.45,7468.0,0.5136582753079807,0.7895791583166333,0.6613812544045102,0.7254802063605718,0.6419389394750937,0.6947340980187695,0.2601668404588113,0.7398331595411888,0.71,0.45,3836.0,998.0,2838.0,0.6961988163015858,0.2203954518243519,0.6303574109733224,0.20005356186395282,0.395982773264209,0.505207739758094,998.0,2838.0,3836.0,0.5136582753079807,0.6947340980187695,4825.0,0.5512953367875648,0.9627819548872181,2660.0,2643.0,0.4449489216799092,0.08843537414965986,1176.0
1.0,0.71,0.46,7468.0,0.5353508302088913,0.7895791583166333,0.6513333333333333,0.7204562458249832,0.6419389394750937,0.6858429214607303,0.2496248124062031,0.7503751875937968,0.71,0.46,3998.0,998.0,3000.0,0.6961988163015858,0.2203954518243519,0.6303574109733224,0.19898232458489554,0.4101027344605226,0.4852011651340258,998.0,3000.0,3998.0,0.5353508302088913,0.6858429214607303,4825.0,0.5695336787564766,0.9530567685589519,2748.0,2643.0,0.4729474082482028,0.0984,1250.0
1.0,0.71,0.47,7468.0,0.5565077664702731,0.7895791583166333,0.6478784040531982,0.7187287811849157,0.6419389394750937,0.6819056785370549,0.2401347449470645,0.7598652550529356,0.71,0.47,4156.0,998.0,3158.0,0.6961988163015858,0.2203954518243519,0.6303574109733224,0.2024638457418318,0.42073977749224123,0.48120918575512006,998.0,3158.0,4156.0,0.5565077664702731,0.6819056785370549,4825.0,0.586321243523316,0.9448568398727466,2829.0,2643.0,0.5020809685962921,0.12132629992464206,1327.0
1.0,0.71,0.48,7468.0,0.5772629887520085,0.7895791583166333,0.6426199818895261,0.7160995701030797,0.6419389394750937,0.6766411505451171,0.23150081187659477,0.7684991881234052,0.71,0.48,4311.0,998.0,3313.0,0.6961988163015858,0.2203954518243519,0.6303574109733224,0.20393679700053555,0.4320452474865758,0.47202647914064166,998.0,3313.0,4311.0,0.5772629887520085,0.6766411505451171,4825.0,0.6051813471502591,0.935958904109589,2920.0,2643.0,0.5262958758986,0.13227893601725377,1391.0
1.0,0.71,0.49,7468.0,0.596411355115158,0.7895791583166333,0.6368634259259259,0.7132212921212796,0.6419389394750937,0.6710821733273462,0.22406825325550067,0.7759317467444993,0.71,0.49,4454.0,998.0,3456.0,0.6961988163015858,0.2203954518243519,0.6303574109733224,0.20407070166041777,0.442911195080199,0.4607485742677292,998.0,3456.0,4454.0,0.596411355115158,0.6710821733273462,4825.0,0.6217616580310881,0.9256666666666666,3000.0,2643.0,0.5501324252743095,0.14580467675378267,1454.0
1.0,0.71,0.5,7468.0,0.6164970540974826,0.7895791583166333,0.6300610094287299,0.7098200838726816,0.6419389394750937,0.6646394439617723,0.21676802780191137,0.7832319721980886,0.71,0.5,4604.0,998.0,3606.0,0.6961988163015858,0.2203954518243519,0.6303574109733224,0.2029994643813604,0.45469637656139406,0.44645058734914067,998.0,3606.0,4604.0,0.6164970540974826,0.6646394439617723,4825.0,0.6402072538860104,0.910974425380382,3089.0,2643.0,0.5732122587968218,0.16237623762376238,1515.0
1.0,0.72,0.2,7468.0,0.15010712372790574,0.7993158494868872,0.8319672131147541,0.8156415313008206,0.6419389394750937,0.8064228367528992,0.7823371989295272,0.21766280107047278,0.72,0.2,1121.0,877.0,244.0,0.6961988163015858,0.2203954518243519,0.6303574109733224,0.0919925013390466,0.1704620520656418,0.5396655749727921,877.0,244.0,1121.0,0.15010712372790574,0.8064228367528992,4825.0,0.18715025906735752,1.0,903.0,2643.0,0.08248202799848657,0.0045871559633027525,218.0
1.0,0.72,0.21,7468.0,0.1542581681842528,0.7993158494868872,0.8290909090909091,0.8142033792888981,0.6419389394750937,0.8064236111111112,0.7612847222222222,0.2387152777777778,0.72,0.21,1152.0,877.0,275.0,0.6961988163015858,0.2203954518243519,0.6303574109733224,0.09453668987680773,0.17280260169836142,0.5470790887849472,877.0,275.0,1152.0,0.1542581681842528,0.8064236111111112,4825.0,0.19233160621761658,1.0,928.0,2643.0,0.08475217555807794,0.004464285714285714,224.0
1.0,0.72,0.22,7468.0,0.16055168719871452,0.7993158494868872,0.8136645962732919,0.8064902228800895,0.6419389394750937,0.8031693077564637,0.731442869057548,0.26855713094245204,0.72,0.22,1199.0,877.0,322.0,0.6961988163015858,0.2203954518243519,0.6303574109733224,0.09734868773433314,0.17776810662261858,0.5476161589603545,877.0,322.0,1199.0,0.16055168719871452,0.8031693077564637,4825.0,0.1993782383419689,1.0,962.0,2643.0,0.08967082860385925,0.004219409282700422,237.0
1.0,0.72,0.23,7468.0,0.1669791108730584,0.7993158494868872,0.8,0.7996579247434437,0.6419389394750937,0.7995188452285485,0.7032878909382518,0.2967121090617482,0.72,0.23,1247.0,877.0,370.0,0.6961988163015858,0.2203954518243519,0.6303574109733224,0.10002678093197645,0.18296492825276917,0.5466992056192744,877.0,370.0,1247.0,0.1669791108730584,0.7995188452285485,4825.0,0.20642487046632124,1.0,996.0,2643.0,0.09496783957623912,0.00398406374501992,251.0
1.0,0.72,0.24,7468.0,0.17568291376539905,0.7993158494868872,0.7908045977011494,0.7950602235940183,0.6419389394750937,0.7964939024390244,0.6684451219512195,0.3315548780487805,0.72,0.24,1312.0,877.0,435.0,0.6961988163015858,0.2203954518243519,0.6303574109733224,0.10417782538832353,0.18908343181923096,0.5509622095706431,877.0,435.0,1312.0,0.17568291376539905,0.7964939024390244,4825.0,0.21637305699481865,1.0,1044.0,2643.0,0.10139992432841469,0.0037313432835820895,268.0
1.0,0.72,0.25,7468.0,0.18264595607927156,0.7993158494868872,0.7946611909650924,0.7969885202259898,0.6419389394750937,0.7976539589442815,0.6429618768328446,0.35703812316715544,0.72,0.25,1364.0,877.0,487.0,0.6961988163015858,0.2203954518243519,0.6303574109733224,0.10873058382431706,0.1922438194779672,0.5655868891888018,877.0,487.0,1364.0,0.18264595607927156,0.7976539589442815,4825.0,0.22528497409326426,1.0,1087.0,2643.0,0.10480514566780175,0.0036101083032490976,277.0
1.0,0.72,0.26,7468.0,0.19081414033208355,0.7993158494868872,0.7846715328467153,0.7919936911668013,0.6419389394750937,0.7936842105263158,0.6154385964912281,0.38456140350877194,0.72,0.26,1425.0,877.0,548.0,0.6961988163015858,0.2203954518243519,0.6303574109733224,0.11207820032137117,0.1984136336176428,0.564871467135942,877.0,548.0,1425.0,0.19081414033208355,0.7936842105263158,4825.0,0.23419689119170983,1.0,1130.0,2643.0,0.11161558834657587,0.003389830508474576,295.0
1.0,0.72,0.27,7468.0,0.19911622924477773,0.7993158494868872,0.7754098360655738,0.7873628427762305,0.6419389394750937,0.7895090786819099,0.589778076664425,0.410221923335575,0.72,0.27,1487.0,877.0,610.0,0.6961988163015858,0.2203954518243519,0.6303574109733224,0.11529191215854313,0.20472459193540307,0.5631561458670353,877.0,610.0,1487.0,0.19911622924477773,0.7895090786819099,4825.0,0.24290155440414507,1.0,1172.0,2643.0,0.1191827468785471,0.006349206349206349,315.0
1.0,0.72,0.28,7468.0,0.21170326727370112,0.7993158494868872,0.7613636363636364,0.7803397429252618,0.6419389394750937,0.782416192283365,0.5547122074636306,0.4452877925363694,0.72,0.28,1581.0,877.0,704.0,0.6961988163015858,0.2203954518243519,0.6303574109733224,0.11957686127477238,0.21462339807081698,0.5571473676663943,877.0,704.0,1581.0,0.21170326727370112,0.782416192283365,4825.0,0.2559585492227979,1.0,1235.0,2643.0,0.13091184260310254,0.005780346820809248,346.0
1.0,0.72,0.29,7468.0,0.2248259239421532,0.7993158494868872,0.7506234413965087,0.7749696454416979,0.6419389394750937,0.7760571768910065,0.5223347230494342,0.4776652769505658,0.72,0.29,1679.0,877.0,802.0,0.6961988163015858,0.2203954518243519,0.6303574109733224,0.12412961971076591,0.22438393907696166,0.553201892351977,877.0,802.0,1679.0,0.2248259239421532,0.7760571768910065,4825.0,0.26963730569948186,1.0,1301.0,2643.0,0.14301929625425652,0.005291005291005291,378.0
1.0,0.72,0.3,7468.0,0.23727905731119442,0.7993158494868872,0.7508379888268156,0.7750769191568514,0.6419389394750937,0.7748306997742663,0.494920993227991,0.505079006772009,0.72,0.3,1772.0,877.0,895.0,0.6961988163015858,0.2203954518243519,0.6303574109733224,0.13042313872522762,0.2311448880961537,0.5642484235730667,877.0,895.0,1772.0,0.23727905731119442,0.7748306997742663,4825.0,0.2839378238341969,1.0,1370.0,2643.0,0.15209988649262202,0.007462686567164179,402.0
1.0,0.72,0.31,7468.0,0.25066952329941083,0.7993158494868872,0.7527638190954774,0.7760398342911823,0.6419389394750937,0.7745726495726496,0.468482905982906,0.531517094017094,0.72,0.31,1872.0,877.0,995.0,0.6961988163015858,0.2203954518243519,0.6303574109733224,0.1376539903588645,0.237713622811721,0.5790748915887421,877.0,995.0,1872.0,0.25066952329941083,0.7745726495726496,4825.0,0.2998963730569948,1.0,1447.0,2643.0,0.16080211880438894,0.007058823529411765,425.0
1.0,0.72,0.32,7468.0,0.26459560792715586,0.7993158494868872,0.7461328480436761,0.7727243487652816,0.6419389394750937,0.7697368421052632,0.4438259109311741,0.5561740890688259,0.72,0.32,1976.0,877.0,1099.0,0.6961988163015858,0.2203954518243519,0.6303574109733224,0.14274236743438673,0.24683318303336885,0.5782948859638929,877.0,1099.0,1976.0,0.26459560792715586,0.7697368421052632,4825.0,0.3148186528497409,0.9993416721527321,1519.0,2643.0,0.17290957245554295,0.006564551422319475,457.0
1.0,0.72,0.33,7468.0,0.2797268344938404,0.7993158494868872,0.7367986798679867,0.768057264677437,0.6419389394750937,0.7630445189085687,0.41981809478219245,0.5801819052178075,0.72,0.33,2089.0,877.0,1212.0,0.6961988163015858,0.2203954518243519,0.6303574109733224,0.14716122121049816,0.25745447489152545,0.5716009452642153,877.0,1212.0,2089.0,0.2797268344938404,0.7630445189085687,4825.0,0.3299481865284974,0.9993718592964824,1592.0,2643.0,0.18804388951948545,0.006036217303822937,497.0
1.0,0.72,0.34,7468.0,0.29579539367970004,0.7993158494868872,0.7252252252252253,0.7622705373560562,0.6419389394750937,0.7546401086464464,0.397012222725215,0.6029877772747849,0.72,0.34,2209.0,877.0,1332.0,0.6961988163015858,0.2203954518243519,0.6303574109733224,0.15064274236743438,0.2693999362585909,0.5591788344850825,877.0,1332.0,2209.0,0.29579539367970004,0.7546401086464464,4825.0,0.3454922279792746,0.9982003599280144,1667.0,2643.0,0.20506999621642075,0.005535055350553505,542.0
1.0,0.72,0.35,7468.0,0.3097214783074451,0.7993158494868872,0.7137883008356546,0.7565520751612709,0.6419389394750937,0.7462170341547774,0.3791612624297449,0.6208387375702551,0.72,0.35,2313.0,877.0,1436.0,0.6961988163015858,0.2203954518243519,0.6303574109733224,0.1525174076057847,0.28036054528201754,0.5440045333496047,877.0,1436.0,2313.0,0.3097214783074451,0.7462170341547774,4825.0,0.35751295336787564,0.9982608695652174,1725.0,2643.0,0.2224744608399546,0.006802721088435374,588.0
1.0,0.72,0.36,7468.0,0.32726298875200854,0.7993158494868872,0.7077217613273772,0.7535188054071322,0.6419389394750937,0.7405891980360065,0.3588379705400982,0.6411620294599017,0.72,0.36,2444.0,877.0,1567.0,0.6961988163015858,0.2203954518243519,0.6303574109733224,0.15747188002142473,0.2913684168973911,0.5404562433301765,877.0,1567.0,2444.0,0.32726298875200854,0.7405891980360065,4825.0,0.3749222797927461,0.9972360420121614,1809.0,2643.0,0.24025728339008703,0.009448818897637795,635.0
1.0,0.72,0.37,7468.0,0.3452062131762185,0.7993158494868872,0.7042915931804821,0.7518037213336846,0.6419389394750937,0.7366175329712956,0.34018619084561674,0.6598138091543833,0.72,0.37,2578.0,877.0,1701.0,0.6961988163015858,0.2203954518243519,0.6303574109733224,0.16336368505624,0.3015315307890524,0.5417797754972667,877.0,1701.0,2578.0,0.3452062131762185,0.7366175329712956,4825.0,0.3933678756476684,0.9957850368809273,1898.0,2643.0,0.25728339008702233,0.013235294117647059,680.0
1.0,0.72,0.38,7468.0,0.36247991430101767,0.7993158494868872,0.7,0.7496579247434436,0.6419389394750937,0.7321758404137422,0.32397487994089397,0.676025120059106,0.72,0.38,2707.0,877.0,1830.0,0.6961988163015858,0.2203954518243519,0.6303574109733224,0.16831815747188003,0.31157804546304096,0.5402118664097139,877.0,1830.0,2707.0,0.36247991430101767,0.7321758404137422,4825.0,0.4099481865284974,0.9949443882709808,1978.0,2643.0,0.2758229284903519,0.019204389574759947,729.0
1.0,0.72,0.39,7468.0,0.3797536154258168,0.7993158494868872,0.6962736089841756,0.7477947292355314,0.6419389394750937,0.7281382228490832,0.3092383638928068,0.6907616361071932,0.72,0.39,2836.0,877.0,1959.0,0.6961988163015858,0.2203954518243519,0.6303574109733224,0.1732726298875201,0.3213105861454745,0.5392683508070609,877.0,1959.0,2836.0,0.3797536154258168,0.7281382228490832,4825.0,0.4273575129533679,0.9922405431619786,2062.0,2643.0,0.29284903518728717,0.02454780361757106,774.0
1.0,0.72,0.4,7468.0,0.3987680771290841,0.7993158494868872,0.6939552594002856,0.7466355544435863,0.6419389394750937,0.7249832102081935,0.2944929482874412,0.7055070517125588,0.72,0.4,2978.0,877.0,2101.0,0.6961988163015858,0.2203954518243519,0.6303574109733224,0.17943224424209964,0.3311614658191563,0.541827062512417,877.0,2101.0,2978.0,0.3987680771290841,0.7249832102081935,4825.0,0.4462176165803109,0.990710636321412,2153.0,2643.0,0.31214528944381387,0.03151515151515152,825.0
1.0,0.72,0.41,7468.0,0.4160417782538832,0.7993158494868872,0.6923766816143497,0.7458462655506184,0.6419389394750937,0.7225619568715803,0.28226585130350823,0.7177341486964918,0.72,0.41,3107.0,877.0,2230.0,0.6961988163015858,0.2203954518243519,0.6303574109733224,0.18519014461703268,0.3397437516988727,0.5450877129925069,877.0,2230.0,3107.0,0.4160417782538832,0.7225619568715803,4825.0,0.4638341968911917,0.9865951742627346,2238.0,2643.0,0.32879303821415057,0.04257767548906789,869.0
1.0,0.72,0.42,7468.0,0.43519014461703265,0.7993158494868872,0.6822587442056468,0.740787296846267,0.6419389394750937,0.7138461538461538,0.26984615384615385,0.7301538461538462,0.72,0.42,3250.0,877.0,2373.0,0.6961988163015858,0.2203954518243519,0.6303574109733224,0.18612747723620776,0.3528899739159678,0.5274377029496721,877.0,2373.0,3250.0,0.43519014461703265,0.7138461538461538,4825.0,0.47917098445595857,0.9822664359861591,2312.0,2643.0,0.3548997351494514,0.05223880597014925,938.0
1.0,0.72,0.43,7468.0,0.4562131762185324,0.7993158494868872,0.675098814229249,0.7372073318580681,0.6419389394750937,0.7070736718520693,0.25741121221015556,0.7425887877898444,0.72,0.43,3407.0,877.0,2530.0,0.6961988163015858,0.2203954518243519,0.6303574109733224,0.18893947509373327,0.36556374350091064,0.5168441303404658,877.0,2530.0,3407.0,0.4562131762185324,0.7070736718520693,4825.0,0.49803108808290153,0.9737827715355806,2403.0,2643.0,0.3798713583049565,0.06872509960159362,1004.0
1.0,0.72,0.44,7468.0,0.47495982860203534,0.7993158494868872,0.6655430711610487,0.7324294603239679,0.6419389394750937,0.6986185508880745,0.2472511981956583,0.7527488018043417,0.72,0.44,3547.0,877.0,2670.0,0.6961988163015858,0.2203954518243519,0.6303574109733224,0.18867166577396896,0.3783438666266882,0.49867774375772095,877.0,2670.0,3547.0,0.47495982860203534,0.6986185508880745,4825.0,0.5125388601036269,0.9680549939344926,2473.0,2643.0,0.40635641316685583,0.0782122905027933,1074.0
1.0,0.72,0.45,7468.0,0.4974558114622389,0.7993158494868872,0.6613812544045102,0.7303485519456987,0.6419389394750937,0.6939434724091521,0.2360699865410498,0.7639300134589502,0.72,0.45,3715.0,877.0,2838.0,0.6961988163015858,0.2203954518243519,0.6303574109733224,0.1929566148901982,0.39019174553803715,0.49451741892727497,877.0,2838.0,3715.0,0.4974558114622389,0.6939434724091521,4825.0,0.5332642487046632,0.9615235134084726,2573.0,2643.0,0.4320847521755581,0.09106830122591944,1142.0
1.0,0.72,0.46,7468.0,0.5191483663631494,0.7993158494868872,0.6513333333333333,0.7253245914101103,0.6419389394750937,0.6848078411142636,0.22620582924941965,0.7737941707505803,0.72,0.46,3877.0,877.0,3000.0,0.6961988163015858,0.2203954518243519,0.6303574109733224,0.19188537761114088,0.4045138988662865,0.4743604067720038,877.0,3000.0,3877.0,0.5191483663631494,0.6848078411142636,4825.0,0.5515025906735751,0.95152198421646,2661.0,2643.0,0.4600832387438517,0.10115131578947369,1216.0
1.0,0.72,0.47,7468.0,0.5403053026245314,0.7993158494868872,0.6478784040531982,0.7235971267700427,0.6419389394750937,0.6807930607187113,0.21734820322180917,0.7826517967781909,0.72,0.47,4035.0,877.0,3158.0,0.6961988163015858,0.2203954518243519,0.6303574109733224,0.1953668987680771,0.41529411496941193,0.4704302125313446,877.0,3158.0,4035.0,0.5403053026245314,0.6807930607187113,4825.0,0.5682901554404145,0.9431072210065645,2742.0,2643.0,0.489216799091941,0.12451662799690642,1293.0
1.0,0.72,0.48,7468.0,0.5610605249062668,0.7993158494868872,0.6426199818895261,0.7209679156882066,0.6419389394750937,0.6754176610978521,0.20930787589498806,0.7906921241050119,0.72,0.48,4190.0,877.0,3313.0,0.6961988163015858,0.2203954518243519,0.6303574109733224,0.19683985002678098,0.42674387803428754,0.4612599269929433,877.0,3313.0,4190.0,0.5610605249062668,0.6754176610978521,4825.0,0.5871502590673575,0.9339922343805154,2833.0,2643.0,0.513431706394249,0.13559322033898305,1357.0
1.0,0.72,0.49,7468.0,0.5802088912694162,0.7993158494868872,0.6368634259259259,0.7180896377064065,0.6419389394750937,0.6697438264481883,0.2024001846295869,0.7975998153704131,0.72,0.49,4333.0,877.0,3456.0,0.6961988163015858,0.2203954518243519,0.6303574109733224,0.1969737546866631,0.43774143999783316,0.4499773991871506,877.0,3456.0,4333.0,0.5802088912694162,0.6697438264481883,4825.0,0.6037305699481865,0.9234466186062479,2913.0,2643.0,0.5372682557699584,0.14929577464788732,1420.0
1.0,0.72,0.5,7468.0,0.6002945902517408,0.7993158494868872,0.6300610094287299,0.7146884294578085,0.6419389394750937,0.6631719830470667,0.19562792772696855,0.8043720722730314,0.72,0.5,4483.0,877.0,3606.0,0.6961988163015858,0.2203954518243519,0.6303574109733224,0.1959025174076058,0.44966213585543036,0.4356660296400627,877.0,3606.0,4483.0,0.6002945902517408,0.6631719830470667,4825.0,0.6221761658031089,0.9083944037308461,3002.0,2643.0,0.5603480892924707,0.1661039837947333,1481.0
1.0,0.73,0.2,7468.0,0.13537761114086772,0.817470664928292,0.8319672131147541,0.824718939021523,0.6419389394750937,0.820969337289812,0.7586547972304649,0.2413452027695351,0.73,0.2,1011.0,767.0,244.0,0.6961988163015858,0.2203954518243519,0.6303574109733224,0.08690412426352437,0.1556815449520966,0.5582172523420478,767.0,244.0,1011.0,0.13537761114086772,0.820969337289812,4825.0,0.1718134715025907,1.0,829.0,2643.0,0.06886114264093833,0.005494505494505495,182.0
1.0,0.73,0.21,7468.0,0.13952865559721478,0.817470664928292,0.8290909090909091,0.8232807870096006,0.6419389394750937,0.8205374280230326,0.736084452975048,0.263915547024952,0.73,0.21,1042.0,767.0,275.0,0.6961988163015858,0.2203954518243519,0.6303574109733224,0.08944831280128548,0.15824086513276098,0.5652668337362798,767.0,275.0,1042.0,0.13952865559721478,0.8205374280230326,4825.0,0.17699481865284974,1.0,854.0,2643.0,0.0711312902005297,0.005319148936170213,188.0
1.0,0.73,0.22,7468.0,0.14582217461167649,0.817470664928292,0.8136645962732919,0.815567630600792,0.6419389394750937,0.8163452708907254,0.7043158861340679,0.2956841138659321,0.73,0.22,1089.0,767.0,322.0,0.6961988163015858,0.2203954518243519,0.6303574109733224,0.09226031065881092,0.1636488068286255,0.5637701395246147,767.0,322.0,1089.0,0.14582217461167649,0.8163452708907254,4825.0,0.18404145077720208,1.0,888.0,2643.0,0.07604994324631101,0.004975124378109453,201.0
1.0,0.73,0.23,7468.0,0.15224959828602036,0.817470664928292,0.8,0.808735332464146,0.6419389394750937,0.8117854001759015,0.6745822339489885,0.3254177660510114,0.73,0.23,1137.0,767.0,370.0,0.6961988163015858,0.2203954518243519,0.6303574109733224,0.09493840385645422,0.16927964205651863,0.5608376926078119,767.0,370.0,1137.0,0.15224959828602036,0.8117854001759015,4825.0,0.1910880829015544,1.0,922.0,2643.0,0.08134695421869088,0.004651162790697674,215.0
1.0,0.73,0.24,7468.0,0.16095340117836102,0.817470664928292,0.7908045977011494,0.8041376313147207,0.6419389394750937,0.8078202995008319,0.6381031613976705,0.36189683860232946,0.73,0.24,1202.0,767.0,435.0,0.6961988163015858,0.2203954518243519,0.6303574109733224,0.09908944831280128,0.17587488857929626,0.5634087339769661,767.0,435.0,1202.0,0.16095340117836102,0.8078202995008319,4825.0,0.20103626943005182,1.0,970.0,2643.0,0.08777903897086645,0.004310344827586207,232.0
1.0,0.73,0.25,7468.0,0.16791644349223353,0.817470664928292,0.7946611909650924,0.8060659279466922,0.6419389394750937,0.8086124401913876,0.6116427432216905,0.3883572567783094,0.73,0.25,1254.0,767.0,487.0,0.6961988163015858,0.2203954518243519,0.6303574109733224,0.10364220674879486,0.1792682860176873,0.5781402224070415,767.0,487.0,1254.0,0.16791644349223353,0.8086124401913876,4825.0,0.20994818652849742,1.0,1013.0,2643.0,0.0911842603102535,0.004149377593360996,241.0
1.0,0.73,0.26,7468.0,0.17608462774504552,0.817470664928292,0.7846715328467153,0.8010710988875036,0.6419389394750937,0.8038022813688213,0.5832699619771863,0.41673003802281366,0.73,0.26,1315.0,767.0,548.0,0.6961988163015858,0.2203954518243519,0.6303574109733224,0.10698982324584894,0.18586931497586764,0.5756185374640239,767.0,548.0,1315.0,0.17608462774504552,0.8038022813688213,4825.0,0.218860103626943,1.0,1056.0,2643.0,0.09799470298902763,0.003861003861003861,259.0
1.0,0.73,0.27,7468.0,0.1843867166577397,0.817470664928292,0.7754098360655738,0.7964402504969329,0.6419389394750937,0.7988380537400145,0.5570079883805374,0.4429920116194626,0.73,0.27,1377.0,767.0,610.0,0.6961988163015858,0.2203954518243519,0.6303574109733224,0.11020353508302089,0.19259177237711742,0.5722130998785834,767.0,610.0,1377.0,0.1843867166577397,0.7988380537400145,4825.0,0.22756476683937824,1.0,1098.0,2643.0,0.10556186152099886,0.007168458781362007,279.0
1.0,0.73,0.28,7468.0,0.1969737546866631,0.817470664928292,0.7613636363636364,0.7894171506459642,0.6419389394750937,0.7906186267845003,0.521414004078858,0.4785859959211421,0.73,0.28,1471.0,767.0,704.0,0.6961988163015858,0.2203954518243519,0.6303574109733224,0.11448848419925013,0.20308282852990422,0.563752657120351,767.0,704.0,1471.0,0.1969737546866631,0.7906186267845003,4825.0,0.2406217616580311,1.0,1161.0,2643.0,0.1172909572455543,0.0064516129032258064,310.0
1.0,0.73,0.29,7468.0,0.21009641135511517,0.817470664928292,0.7506234413965087,0.7840470531624004,0.6419389394750937,0.7833014659018483,0.4888463989802422,0.5111536010197578,0.73,0.29,1569.0,767.0,802.0,0.6961988163015858,0.2203954518243519,0.6303574109733224,0.11904124263524372,0.21337193901714377,0.557904864077179,767.0,802.0,1569.0,0.21009641135511517,0.7833014659018483,4825.0,0.25430051813471505,1.0,1227.0,2643.0,0.12939841089670828,0.005847953216374269,342.0
1.0,0.73,0.3,7468.0,0.2225495447241564,0.817470664928292,0.7508379888268156,0.7841543268775538,0.6419389394750937,0.7815884476534296,0.4614921780986763,0.5385078219013237,0.73,0.3,1662.0,767.0,895.0,0.6961988163015858,0.2203954518243519,0.6303574109733224,0.12533476164970542,0.22047084055998312,0.5684867954935102,767.0,895.0,1662.0,0.2225495447241564,0.7815884476534296,4825.0,0.26860103626943005,1.0,1296.0,2643.0,0.13847900113507378,0.00819672131147541,366.0
1.0,0.73,0.31,7468.0,0.23594001071237278,0.817470664928292,0.7527638190954774,0.7851172420118847,0.6419389394750937,0.7809307604994324,0.43530079455164583,0.5646992054483542,0.73,0.31,1762.0,767.0,995.0,0.6961988163015858,0.2203954518243519,0.6303574109733224,0.13256561328334224,0.22734818828069703,0.5830950942950519,767.0,995.0,1762.0,0.23594001071237278,0.7809307604994324,4825.0,0.284559585492228,1.0,1373.0,2643.0,0.1471812334468407,0.007712082262210797,389.0
1.0,0.73,0.32,7468.0,0.24986609534011783,0.817470664928292,0.7461328480436761,0.781801756485984,0.6419389394750937,0.7754555198285101,0.41103965702036444,0.5889603429796356,0.73,0.32,1866.0,767.0,1099.0,0.6961988163015858,0.2203954518243519,0.6303574109733224,0.13765399035886447,0.23686716211967138,0.5811442545561387,767.0,1099.0,1866.0,0.24986609534011783,0.7754555198285101,4825.0,0.2994818652849741,0.9993079584775086,1445.0,2643.0,0.1592886870979947,0.007125890736342043,421.0
1.0,0.73,0.33,7468.0,0.26499732190680236,0.817470664928292,0.7367986798679867,0.7771346723981394,0.6419389394750937,0.7680646791308742,0.3875694795351187,0.6124305204648812,0.73,0.33,1979.0,767.0,1212.0,0.6961988163015858,0.2203954518243519,0.6303574109733224,0.1420728441349759,0.24791578990841473,0.5730689609865535,767.0,1212.0,1979.0,0.26499732190680236,0.7680646791308742,4825.0,0.3146113989637306,0.9993412384716732,1518.0,2643.0,0.1744230041619372,0.006507592190889371,461.0
1.0,0.73,0.34,7468.0,0.281065881092662,0.817470664928292,0.7252252252252253,0.7713479450767586,0.6419389394750937,0.7589328251548356,0.36541210100047644,0.6345878989995236,0.73,0.34,2099.0,767.0,1332.0,0.6961988163015858,0.2203954518243519,0.6303574109733224,0.14555436529191215,0.2602993620821513,0.5591806454215387,767.0,1332.0,2099.0,0.281065881092662,0.7589328251548356,4825.0,0.3301554404145078,0.9981167608286252,1593.0,2643.0,0.1914491108588725,0.005928853754940711,506.0
1.0,0.73,0.35,7468.0,0.2949919657204071,0.817470664928292,0.7137883008356546,0.7656294828819733,0.6419389394750937,0.7498865183840218,0.34816159782115297,0.651838402178847,0.73,0.35,2203.0,767.0,1436.0,0.6961988163015858,0.2203954518243519,0.6303574109733224,0.14742903053026243,0.2716274426398635,0.5427619135145001,767.0,1436.0,2203.0,0.2949919657204071,0.7498865183840218,4825.0,0.34217616580310883,0.9981829194427619,1651.0,2643.0,0.20885357548240635,0.007246376811594203,552.0
1.0,0.73,0.36,7468.0,0.3125334761649705,0.817470664928292,0.7077217613273772,0.7625962131278345,0.6419389394750937,0.7437874892887746,0.3286203941730934,0.6713796058269066,0.73,0.36,2334.0,767.0,1567.0,0.6961988163015858,0.2203954518243519,0.6303574109733224,0.15238350294590247,0.2829752402764843,0.538504721462607,767.0,1567.0,2334.0,0.3125334761649705,0.7437874892887746,4825.0,0.35958549222797925,0.9971181556195965,1735.0,2643.0,0.2266363980325388,0.01001669449081803,599.0
1.0,0.73,0.37,7468.0,0.3304767005891805,0.817470664928292,0.7042915931804821,0.7608811290543871,0.6419389394750937,0.7394651539708266,0.3107779578606159,0.6892220421393841,0.73,0.37,2468.0,767.0,1701.0,0.6961988163015858,0.2203954518243519,0.6303574109733224,0.1582753079807177,0.29342920151926155,0.5393986254988601,767.0,1701.0,2468.0,0.3304767005891805,0.7394651539708266,4825.0,0.37803108808290153,0.9956140350877193,1824.0,2643.0,0.2436625047294741,0.013975155279503106,644.0
1.0,0.73,0.38,7468.0,0.34775040171397964,0.817470664928292,0.7,0.7587353324641459,0.6419389394750937,0.7346938775510204,0.2953407778205622,0.7046592221794378,0.73,0.38,2597.0,767.0,1830.0,0.6961988163015858,0.2203954518243519,0.6303574109733224,0.16322978039635783,0.30374382406694445,0.5373929195030558,767.0,1830.0,2597.0,0.34775040171397964,0.7346938775510204,4825.0,0.3946113989637306,0.9947478991596639,1904.0,2643.0,0.26220204313280365,0.020202020202020204,693.0
1.0,0.73,0.39,7468.0,0.3650241028387788,0.817470664928292,0.6962736089841756,0.7568721369562338,0.6419389394750937,0.7303741746148202,0.28136463683052093,0.7186353631694791,0.73,0.39,2726.0,767.0,1959.0,0.6961988163015858,0.2203954518243519,0.6303574109733224,0.16818425281199784,0.31371950053095277,0.5360975410433695,767.0,1959.0,2726.0,0.3650241028387788,0.7303741746148202,4825.0,0.412020725388601,0.9919517102615694,1988.0,2643.0,0.2792281498297389,0.025745257452574527,738.0
1.0,0.73,0.4,7468.0,0.38403856454204605,0.817470664928292,0.6939552594002856,0.7557129621642888,0.6419389394750937,0.7269874476987448,0.2674337517433752,0.7325662482566249,0.73,0.4,2868.0,767.0,2101.0,0.6961988163015858,0.2203954518243519,0.6303574109733224,0.1743438671665774,0.32380140315899547,0.5384283868620845,767.0,2101.0,2868.0,0.38403856454204605,0.7269874476987448,4825.0,0.43088082901554403,0.9903799903799904,2079.0,2643.0,0.2985244040862656,0.032953105196451206,789.0
1.0,0.73,0.41,7468.0,0.4013122656668452,0.817470664928292,0.6923766816143497,0.7549236732713209,0.6419389394750937,0.724391057724391,0.2559225892559226,0.7440774107440774,0.73,0.41,2997.0,767.0,2230.0,0.6961988163015858,0.2203954518243519,0.6303574109733224,0.18010176754151044,0.33257367463866916,0.5415394580980751,767.0,2230.0,2997.0,0.4013122656668452,0.724391057724391,4825.0,0.44849740932642485,0.9861367837338263,2164.0,2643.0,0.31517215285660233,0.04441776710684274,833.0
1.0,0.73,0.42,7468.0,0.4204606320299946,0.817470664928292,0.6822587442056468,0.7498647045669694,0.6419389394750937,0.7152866242038216,0.24426751592356688,0.7557324840764331,0.73,0.42,3140.0,767.0,2373.0,0.6961988163015858,0.2203954518243519,0.6303574109733224,0.18103910016068553,0.34599243623908105,0.523245831985724,767.0,2373.0,3140.0,0.4204606320299946,0.7152866242038216,4825.0,0.4638341968911917,0.9816800714924039,2238.0,2643.0,0.34127884979190315,0.05432372505543237,902.0
1.0,0.73,0.43,7468.0,0.4414836636314944,0.817470664928292,0.675098814229249,0.7462847395787705,0.6419389394750937,0.708219593569912,0.23263572945101607,0.7673642705489839,0.73,0.43,3297.0,767.0,2530.0,0.6961988163015858,0.2203954518243519,0.6303574109733224,0.18385109801821103,0.35890985331506525,0.5122486783800256,767.0,2530.0,3297.0,0.4414836636314944,0.708219593569912,4825.0,0.4826943005181347,0.9729497638471447,2329.0,2643.0,0.36625047294740826,0.07128099173553719,968.0
1.0,0.73,0.44,7468.0,0.4602303160149973,0.817470664928292,0.6655430711610487,0.7415068680446704,0.6419389394750937,0.6994471923188827,0.22315973232470177,0.7768402676752982,0.73,0.44,3437.0,767.0,2670.0,0.6961988163015858,0.2203954518243519,0.6303574109733224,0.1835832886984467,0.37191869226791396,0.4936113524678704,767.0,2670.0,3437.0,0.4602303160149973,0.6994471923188827,4825.0,0.4972020725388601,0.9670696123384743,2399.0,2643.0,0.3927355278093076,0.08092485549132948,1038.0
1.0,0.73,0.45,7468.0,0.48272629887520085,0.817470664928292,0.6613812544045102,0.7394259596664011,0.6419389394750937,0.6945908460471567,0.21276005547850207,0.7872399445214979,0.73,0.45,3605.0,767.0,2838.0,0.6961988163015858,0.2203954518243519,0.6303574109733224,0.18786823781467593,0.3839648818971111,0.4892849494111233,767.0,2838.0,3605.0,0.48272629887520085,0.6945908460471567,4825.0,0.5179274611398964,0.9603841536614646,2499.0,2643.0,0.41846386681800984,0.09403254972875226,1106.0
1.0,0.73,0.46,7468.0,0.5044188537761114,0.817470664928292,0.6513333333333333,0.7344019991308126,0.6419389394750937,0.6851606052561721,0.20361029997345367,0.7963897000265463,0.73,0.46,3767.0,767.0,3000.0,0.6961988163015858,0.2203954518243519,0.6303574109733224,0.18679700053561868,0.398510886451357,0.4687375097804749,767.0,3000.0,3767.0,0.5044188537761114,0.6851606052561721,4825.0,0.5361658031088082,0.9501352918438346,2587.0,2643.0,0.44646235338630347,0.10423728813559321,1180.0
1.0,0.73,0.47,7468.0,0.5255757900374933,0.817470664928292,0.6478784040531982,0.732674534490745,0.6419389394750937,0.6810191082802548,0.1954140127388535,0.8045859872611465,0.73,0.47,3925.0,767.0,3158.0,0.6961988163015858,0.2203954518243519,0.6303574109733224,0.19027852169255494,0.40944918387080614,0.46471828297157797,767.0,3158.0,3925.0,0.5255757900374933,0.6810191082802548,4825.0,0.5529533678756476,0.9415292353823088,2668.0,2643.0,0.47559591373439275,0.1280827366746221,1257.0
1.0,0.73,0.48,7468.0,0.5463310123192288,0.817470664928292,0.6426199818895261,0.730045323408909,0.6419389394750937,0.6754901960784314,0.18799019607843137,0.8120098039215686,0.73,0.48,4080.0,767.0,3313.0,0.6961988163015858,0.2203954518243519,0.6303574109733224,0.19175147295125877,0.42105791725602904,0.45540403135244245,767.0,3313.0,4080.0,0.5463310123192288,0.6754901960784314,4825.0,0.5718134715025907,0.9322218194998187,2759.0,2643.0,0.4998108210367007,0.1392884178652536,1321.0
1.0,0.73,0.49,7468.0,0.5654793786823782,0.817470664928292,0.6368634259259259,0.727167045427109,0.6419389394750937,0.6696661141368695,0.18162443760359934,0.8183755623964006,0.73,0.49,4223.0,767.0,3456.0,0.6961988163015858,0.2203954518243519,0.6303574109733224,0.19188537761114086,0.43220018571909324,0.4439733807422655,767.0,3456.0,4223.0,0.5654793786823782,0.6696661141368695,4825.0,0.5883937823834197,0.9214512152166255,2839.0,2643.0,0.5236473704124102,0.1531791907514451,1384.0
1.0,0.73,0.5,7468.0,0.5855650776647028,0.817470664928292,0.6300610094287299,0.723765837178511,0.6419389394750937,0.6629316258861193,0.175394466041619,0.824605533958381,0.73,0.5,4373.0,767.0,3606.0,0.6961988163015858,0.2203954518243519,0.6303574109733224,0.19081414033208352,0.44426959007601413,0.4295007909486566,767.0,3606.0,4373.0,0.5855650776647028,0.6629316258861193,4825.0,0.606839378238342,0.9060792349726776,2928.0,2643.0,0.5467272039349225,0.17024221453287197,1445.0
1.0,0.74,0.2,7468.0,0.12412961971076593,0.8184480234260615,0.8319672131147541,0.8252076182704078,0.6419389394750937,0.8220064724919094,0.7367853290183387,0.2632146709816613,0.74,0.2,927.0,683.0,244.0,0.6961988163015858,0.2203954518243519,0.6303574109733224,0.07994108194965184,0.148641410382696,0.5378116484755727,683.0,244.0,927.0,0.12412961971076593,0.8220064724919094,4825.0,0.15792746113989636,1.0,762.0,2643.0,0.06242905788876277,0.0,165.0
1.0,0.74,0.21,7468.0,0.128280664167113,0.8184480234260615,0.8290909090909091,0.8237694662584853,0.6419389394750937,0.8215031315240083,0.7129436325678496,0.2870563674321503,0.74,0.21,958.0,683.0,275.0,0.6961988163015858,0.2203954518243519,0.6303574109733224,0.08248527048741296,0.1513198494575316,0.5451054226072483,683.0,275.0,958.0,0.128280664167113,0.8215031315240083,4825.0,0.16310880829015545,1.0,787.0,2643.0,0.06469920544835414,0.0,171.0
1.0,0.74,0.22,7468.0,0.1345741831815747,0.8184480234260615,0.8136645962732919,0.8160563098496767,0.6419389394750937,0.8169154228855722,0.6796019900497512,0.32039800995024875,0.74,0.22,1005.0,683.0,322.0,0.6961988163015858,0.2203954518243519,0.6303574109733224,0.0852972683449384,0.15696642130824717,0.5434109259421385,683.0,322.0,1005.0,0.1345741831815747,0.8169154228855722,4825.0,0.17015544041450778,1.0,821.0,2643.0,0.06961785849413545,0.0,184.0
1.0,0.74,0.23,7468.0,0.1410016068559186,0.8184480234260615,0.8,0.8092240117130307,0.6419389394750937,0.811965811965812,0.6486229819563153,0.3513770180436847,0.74,0.23,1053.0,683.0,370.0,0.6961988163015858,0.2203954518243519,0.6303574109733224,0.08797536154258169,0.1628285068919704,0.5402945910506292,683.0,370.0,1053.0,0.1410016068559186,0.811965811965812,4825.0,0.1772020725388601,1.0,855.0,2643.0,0.07491486946651532,0.0,198.0
1.0,0.74,0.24,7468.0,0.14970540974825924,0.8184480234260615,0.7908045977011494,0.8046263105636055,0.6419389394750937,0.8076923076923077,0.610912343470483,0.389087656529517,0.74,0.24,1118.0,683.0,435.0,0.6961988163015858,0.2203954518243519,0.6303574109733224,0.09212640599892877,0.16967469426719248,0.542959021655016,683.0,435.0,1118.0,0.14970540974825924,0.8076923076923077,4825.0,0.18715025906735752,1.0,903.0,2643.0,0.08134695421869088,0.0,215.0
1.0,0.74,0.25,7468.0,0.15666845206213176,0.8184480234260615,0.7946611909650924,0.8065546071955769,0.6419389394750937,0.8085470085470086,0.5837606837606838,0.41623931623931626,0.74,0.25,1170.0,683.0,487.0,0.6961988163015858,0.2203954518243519,0.6303574109733224,0.09667916443492233,0.17318961808839672,0.5582272511599216,683.0,487.0,1170.0,0.15666845206213176,0.8085470085470086,4825.0,0.1960621761658031,1.0,946.0,2643.0,0.08475217555807794,0.0,224.0
1.0,0.74,0.26,7468.0,0.16483663631494375,0.8184480234260615,0.7846715328467153,0.8015597781363883,0.6419389394750937,0.8034118602761983,0.5548334687246141,0.44516653127538586,0.74,0.26,1231.0,683.0,548.0,0.6961988163015858,0.2203954518243519,0.6303574109733224,0.10002678093197644,0.18001368751148802,0.5556620850044693,683.0,548.0,1231.0,0.16483663631494375,0.8034118602761983,4825.0,0.2049740932642487,1.0,989.0,2643.0,0.09156261823685206,0.0,242.0
1.0,0.74,0.27,7468.0,0.17313872522763793,0.8184480234260615,0.7754098360655738,0.7969289297458176,0.6419389394750937,0.7981438515081206,0.5282289249806651,0.4717710750193349,0.74,0.27,1293.0,683.0,610.0,0.6961988163015858,0.2203954518243519,0.6303574109733224,0.10324049276914836,0.1869468272778246,0.552245225406907,683.0,610.0,1293.0,0.17313872522763793,0.7981438515081206,4825.0,0.21367875647668394,1.0,1031.0,2643.0,0.09912977676882331,0.003816793893129771,262.0
1.0,0.74,0.28,7468.0,0.18572576325656132,0.8184480234260615,0.7613636363636364,0.7899058298948489,0.6419389394750937,0.7894736842105263,0.4924297043979812,0.5075702956020187,0.74,0.28,1387.0,683.0,704.0,0.6961988163015858,0.2203954518243519,0.6303574109733224,0.1075254418853776,0.1977376056434179,0.5437784155193992,683.0,704.0,1387.0,0.18572576325656132,0.7894736842105263,4825.0,0.2267357512953368,1.0,1094.0,2643.0,0.11085887249337874,0.0034129692832764505,293.0
1.0,0.74,0.29,7468.0,0.1988484199250134,0.8184480234260615,0.7506234413965087,0.7845357324112852,0.6419389394750937,0.7818181818181819,0.4599326599326599,0.54006734006734,0.74,0.29,1485.0,683.0,802.0,0.6961988163015858,0.2203954518243519,0.6303574109733224,0.1120782003213712,0.20829092587489523,0.5380848918434795,683.0,802.0,1485.0,0.1988484199250134,0.7818181818181819,4825.0,0.24041450777202072,1.0,1160.0,2643.0,0.12296632614453273,0.003076923076923077,325.0
1.0,0.74,0.3,7468.0,0.21130155329405464,0.8184480234260615,0.7508379888268156,0.7846430061264386,0.6419389394750937,0.7801013941698353,0.4328263624841572,0.5671736375158428,0.74,0.3,1578.0,683.0,895.0,0.6961988163015858,0.2203954518243519,0.6303574109733224,0.1183717193358329,0.21555722437234823,0.5491429001301321,683.0,895.0,1578.0,0.21130155329405464,0.7801013941698353,4825.0,0.2547150259067357,1.0,1229.0,2643.0,0.13204691638289823,0.0057306590257879654,349.0
1.0,0.74,0.31,7468.0,0.22469201928227103,0.8184480234260615,0.7527638190954774,0.7856059212607694,0.6419389394750937,0.7794994040524433,0.4070321811680572,0.5929678188319428,0.74,0.31,1678.0,683.0,995.0,0.6961988163015858,0.2203954518243519,0.6303574109733224,0.12560257096946972,0.22258644198692934,0.5642867096857828,683.0,995.0,1678.0,0.22469201928227103,0.7794994040524433,4825.0,0.27067357512953366,1.0,1306.0,2643.0,0.14074914869466515,0.005376344086021506,372.0
1.0,0.74,0.32,7468.0,0.23861810391001606,0.8184480234260615,0.7461328480436761,0.7822904357348688,0.6419389394750937,0.7738496071829405,0.3832772166105499,0.6167227833894501,0.74,0.32,1782.0,683.0,1099.0,0.6961988163015858,0.2203954518243519,0.6303574109733224,0.13069094804499196,0.23230061974198873,0.5625940567448661,683.0,1099.0,1782.0,0.23861810391001606,0.7738496071829405,4825.0,0.2855958549222798,0.9992743105950653,1378.0,2643.0,0.15285660234581913,0.0049504950495049506,404.0
1.0,0.74,0.33,7468.0,0.25374933047670056,0.8184480234260615,0.7367986798679867,0.7776233516470241,0.6419389394750937,0.7662269129287599,0.3604221635883905,0.6395778364116095,0.74,0.33,1895.0,683.0,1212.0,0.6961988163015858,0.2203954518243519,0.6303574109733224,0.13510980182110335,0.2435564910401663,0.5547370190959995,683.0,1212.0,1895.0,0.25374933047670056,0.7662269129287599,4825.0,0.30072538860103626,0.9993108201240524,1451.0,2643.0,0.16799091940976163,0.0045045045045045045,444.0
1.0,0.74,0.34,7468.0,0.26981788966256026,0.8184480234260615,0.7252252252252253,0.7718366243256434,0.6419389394750937,0.7568238213399504,0.3389578163771712,0.6610421836228287,0.74,0.34,2015.0,683.0,1332.0,0.6961988163015858,0.2203954518243519,0.6303574109733224,0.13859132297803967,0.2561508995538768,0.541053430690332,683.0,1332.0,2015.0,0.26981788966256026,0.7568238213399504,4825.0,0.31626943005181346,0.9980340760157274,1526.0,2643.0,0.18501702610669693,0.00408997955010225,489.0
1.0,0.74,0.35,7468.0,0.2837439742903053,0.8184480234260615,0.7137883008356546,0.766118162130858,0.6419389394750937,0.7475224162340727,0.32232184992921187,0.6776781500707881,0.74,0.35,2119.0,683.0,1436.0,0.6961988163015858,0.2203954518243519,0.6303574109733224,0.14046598821638992,0.2676546151983143,0.5248031613888442,683.0,1436.0,2119.0,0.2837439742903053,0.7475224162340727,4825.0,0.3282901554404145,0.9981060606060606,1584.0,2643.0,0.2024214907302308,0.005607476635514018,535.0
1.0,0.74,0.36,7468.0,0.30128548473486877,0.8184480234260615,0.7077217613273772,0.7630848923767193,0.6419389394750937,0.7413333333333333,0.3035555555555556,0.6964444444444444,0.74,0.36,2250.0,683.0,1567.0,0.6961988163015858,0.2203954518243519,0.6303574109733224,0.14542046063202996,0.27916395191969073,0.5209141783243711,683.0,1567.0,2250.0,0.30128548473486877,0.7413333333333333,4825.0,0.345699481865285,0.9970023980815348,1668.0,2643.0,0.22020431328036322,0.00859106529209622,582.0
1.0,0.74,0.37,7468.0,0.31922870915907875,0.8184480234260615,0.7042915931804821,0.7613698083032718,0.6419389394750937,0.736996644295302,0.286493288590604,0.7135067114093959,0.74,0.37,2384.0,683.0,1701.0,0.6961988163015858,0.2203954518243519,0.6303574109733224,0.1513122656668452,0.28975545162449795,0.5222067947937522,683.0,1701.0,2384.0,0.31922870915907875,0.736996644295302,4825.0,0.36414507772020727,0.9954467842914058,1757.0,2643.0,0.23723041997729852,0.012759170653907496,627.0
1.0,0.74,0.38,7468.0,0.3365024102838779,0.8184480234260615,0.7,0.7592240117130307,0.6419389394750937,0.7321925984878631,0.2717867091126144,0.7282132908873856,0.74,0.38,2513.0,683.0,1830.0,0.6961988163015858,0.2203954518243519,0.6303574109733224,0.15626673808248528,0.30019632925919715,0.520548463960599,683.0,1830.0,2513.0,0.3365024102838779,0.7321925984878631,4825.0,0.3807253886010363,0.994556341861731,1837.0,2643.0,0.25576995838062805,0.019230769230769232,676.0
1.0,0.74,0.39,7468.0,0.35377611140867704,0.8184480234260615,0.6962736089841756,0.7573608162051185,0.6419389394750937,0.7278576835730507,0.25851627554882667,0.7414837244511734,0.74,0.39,2642.0,683.0,1959.0,0.6961988163015858,0.2203954518243519,0.6303574109733224,0.16122121049812532,0.3102860784103532,0.5195889268512728,683.0,1959.0,2642.0,0.35377611140867704,0.7278576835730507,4825.0,0.39813471502590675,0.9916710046850599,1921.0,2643.0,0.2727960650775634,0.024965325936199722,721.0
1.0,0.74,0.4,7468.0,0.3727905731119443,0.8184480234260615,0.6939552594002856,0.7562016414131736,0.6419389394750937,0.7244971264367817,0.24533045977011494,0.7546695402298851,0.74,0.4,2784.0,683.0,2101.0,0.6961988163015858,0.2203954518243519,0.6303574109733224,0.16738082485270492,0.32047601178500035,0.5222881547995445,683.0,2101.0,2784.0,0.3727905731119443,0.7244971264367817,4825.0,0.41699481865284976,0.9900596421471173,2012.0,2643.0,0.29209231933409,0.03238341968911917,772.0
1.0,0.74,0.41,7468.0,0.39006427423674345,0.8184480234260615,0.6923766816143497,0.7554123525202057,0.6419389394750937,0.721936148300721,0.23446618606247854,0.7655338139375214,0.74,0.41,2913.0,683.0,2230.0,0.6961988163015858,0.2203954518243519,0.6303574109733224,0.17313872522763796,0.32933687085498453,0.5257192271796236,683.0,2230.0,2913.0,0.39006427423674345,0.721936148300721,4825.0,0.4346113989637306,0.9856938483547926,2097.0,2643.0,0.3087400681044268,0.04411764705882353,816.0
1.0,0.74,0.42,7468.0,0.4092126405998929,0.8184480234260615,0.6822587442056468,0.7503533838158541,0.6419389394750937,0.712696335078534,0.22349476439790575,0.7765052356020943,0.74,0.42,3056.0,683.0,2373.0,0.6961988163015858,0.2203954518243519,0.6303574109733224,0.17407605784681307,0.34288232876096125,0.5076845414456146,683.0,2373.0,3056.0,0.4092126405998929,0.712696335078534,4825.0,0.4499481865284974,0.981114693689544,2171.0,2643.0,0.3348467650397276,0.05423728813559322,885.0
1.0,0.74,0.43,7468.0,0.4302356722013926,0.8184480234260615,0.675098814229249,0.7467734188276552,0.6419389394750937,0.7055711173358232,0.2125739184562714,0.7874260815437286,0.74,0.43,3213.0,683.0,2530.0,0.6961988163015858,0.2203954518243519,0.6303574109733224,0.17688805570433852,0.3559126413159935,0.4969985192160967,683.0,2530.0,3213.0,0.4302356722013926,0.7055711173358232,4825.0,0.4688082901554404,0.9721485411140584,2262.0,2643.0,0.3598183881952327,0.07150368033648791,951.0
1.0,0.74,0.44,7468.0,0.44898232458489556,0.8184480234260615,0.6655430711610487,0.7419955472935551,0.6419389394750937,0.6966895317626006,0.20369818073367135,0.7963018192663287,0.74,0.44,3353.0,683.0,2670.0,0.6961988163015858,0.2203954518243519,0.6303574109733224,0.17662024638457416,0.36902715225327354,0.47861043640321294,683.0,2670.0,3353.0,0.44898232458489556,0.6966895317626006,4825.0,0.4833160621761658,0.9661234991423671,2332.0,2643.0,0.38630344305713205,0.08129285014691479,1021.0
1.0,0.74,0.45,7468.0,0.4714783074450991,0.8184480234260615,0.6613812544045102,0.7399146389152859,0.6419389394750937,0.6918489065606361,0.19397898324339677,0.8060210167566032,0.74,0.45,3521.0,683.0,2838.0,0.6961988163015858,0.2203954518243519,0.6303574109733224,0.1809051955008034,0.3811647360028835,0.474611574506816,683.0,2838.0,3521.0,0.4714783074450991,0.6918489065606361,4825.0,0.5040414507772021,0.9592927631578947,2432.0,2643.0,0.4120317820658343,0.0945821854912764,1089.0
1.0,0.74,0.46,7468.0,0.49317086234600965,0.8184480234260615,0.6513333333333333,0.7348906783796973,0.6419389394750937,0.6823241922345914,0.1854466467553625,0.8145533532446375,0.74,0.46,3683.0,683.0,3000.0,0.6961988163015858,0.2203954518243519,0.6303574109733224,0.17983395822174617,0.39581365825616954,0.4543399513145605,683.0,3000.0,3683.0,0.49317086234600965,0.6823241922345914,4825.0,0.522279792746114,0.9488095238095238,2520.0,2643.0,0.44003026863412786,0.10490111779879621,1163.0
1.0,0.74,0.47,7468.0,0.5143277986073915,0.8184480234260615,0.6478784040531982,0.7331632137396298,0.6419389394750937,0.6782087997917209,0.17781827649049728,0.8221817235095027,0.74,0.47,3841.0,683.0,3158.0,0.6961988163015858,0.2203954518243519,0.6303574109733224,0.18331547937868237,0.4068244825650917,0.45060090342363307,683.0,3158.0,3841.0,0.5143277986073915,0.6782087997917209,4825.0,0.5390673575129533,0.9400230680507498,2601.0,2643.0,0.4691638289822172,0.12903225806451613,1240.0
1.0,0.74,0.48,7468.0,0.535083020889127,0.8184480234260615,0.6426199818895261,0.7305340026577938,0.6419389394750937,0.6726726726726727,0.17092092092092093,0.8290790790790791,0.74,0.48,3996.0,683.0,3313.0,0.6961988163015858,0.2203954518243519,0.6303574109733224,0.18478843063738623,0.4185060275860676,0.44154305662750265,683.0,3313.0,3996.0,0.535083020889127,0.6726726726726727,4825.0,0.5579274611398963,0.9305349182763745,2692.0,2643.0,0.49337873628452517,0.14033742331288343,1304.0
1.0,0.74,0.49,7468.0,0.5542313872522764,0.8184480234260615,0.6368634259259259,0.7276557246759937,0.6419389394750937,0.6668277361681566,0.16501570427639525,0.8349842957236048,0.74,0.49,4139.0,683.0,3456.0,0.6961988163015858,0.2203954518243519,0.6303574109733224,0.1849223352972684,0.4297144702910341,0.43033769649885295,683.0,3456.0,4139.0,0.5542313872522764,0.6668277361681566,4825.0,0.5745077720207253,0.9195526695526696,2772.0,2643.0,0.5172152856602346,0.15435259692757863,1367.0
1.0,0.74,0.5,7468.0,0.574317086234601,0.8184480234260615,0.6300610094287299,0.7242545164273957,0.6419389394750937,0.6600606201911867,0.15924457915598042,0.8407554208440196,0.74,0.5,4289.0,683.0,3606.0,0.6961988163015858,0.2203954518243519,0.6303574109733224,0.183851098018211,0.44185177843728884,0.4160922440290792,683.0,3606.0,4289.0,0.574317086234601,0.6600606201911867,4825.0,0.5929533678756477,0.9038797623208669,2861.0,2643.0,0.5402951191827469,0.1715686274509804,1428.0
1.0,0.75,0.2,7468.0,0.11060524906266737,0.8350515463917526,0.8319672131147541,0.8335093797532533,0.6419389394750937,0.8341404358353511,0.7046004842615012,0.29539951573849876,0.75,0.2,826.0,582.0,244.0,0.6961988163015858,0.2203954518243519,0.6303574109733224,0.07391537225495448,0.1354434878606441,0.5457285058326685,582.0,244.0,826.0,0.11060524906266737,0.8341404358353511,4825.0,0.1427979274611399,1.0,689.0,2643.0,0.05183503594400303,0.0,137.0
1.0,0.75,0.21,7468.0,0.11475629351901447,0.8350515463917526,0.8290909090909091,0.8320712277413309,0.6419389394750937,0.8331388564760793,0.6791131855309218,0.3208868144690782,0.75,0.21,857.0,582.0,275.0,0.6961988163015858,0.2203954518243519,0.6303574109733224,0.07645956079271558,0.1383776223352224,0.5525428136602235,582.0,275.0,857.0,0.11475629351901447,0.8331388564760793,4825.0,0.14797927461139895,1.0,714.0,2643.0,0.0541051835035944,0.0,143.0
1.0,0.75,0.22,7468.0,0.12104981253347616,0.8350515463917526,0.8136645962732919,0.8243580713325223,0.6419389394750937,0.827433628318584,0.6438053097345132,0.3561946902654867,0.75,0.22,904.0,582.0,322.0,0.6961988163015858,0.2203954518243519,0.6303574109733224,0.07927155865024102,0.14453071279703,0.548475525486165,582.0,322.0,904.0,0.12104981253347616,0.827433628318584,4825.0,0.15502590673575128,1.0,748.0,2643.0,0.05902383654937571,0.0,156.0
1.0,0.75,0.23,7468.0,0.12747723620782003,0.8350515463917526,0.8,0.8175257731958763,0.6419389394750937,0.8214285714285714,0.6113445378151261,0.38865546218487396,0.75,0.23,952.0,582.0,370.0,0.6961988163015858,0.2203954518243519,0.6303574109733224,0.0819496518478843,0.15087674499394488,0.5431562819782013,582.0,370.0,952.0,0.12747723620782003,0.8214285714285714,4825.0,0.16207253886010362,1.0,782.0,2643.0,0.06432084752175558,0.0,170.0
1.0,0.75,0.24,7468.0,0.1361810391001607,0.8350515463917526,0.7908045977011494,0.812928072046451,0.6419389394750937,0.816125860373648,0.5722713864306784,0.4277286135693215,0.75,0.24,1017.0,582.0,435.0,0.6961988163015858,0.2203954518243519,0.6303574109733224,0.0861006963042314,0.15824086513276098,0.5441116378629162,582.0,435.0,1017.0,0.1361810391001607,0.816125860373648,4825.0,0.17202072538860103,1.0,830.0,2643.0,0.07075293227393113,0.0,187.0
1.0,0.75,0.25,7468.0,0.1431440814140332,0.8350515463917526,0.7946611909650924,0.8148563686784225,0.6419389394750937,0.8166510757717493,0.5444340505144996,0.45556594948550044,0.75,0.25,1069.0,582.0,487.0,0.6961988163015858,0.2203954518243519,0.6303574109733224,0.09065345474022497,0.16200405345825183,0.5595752254654925,582.0,487.0,1069.0,0.1431440814140332,0.8166510757717493,4825.0,0.18093264248704663,1.0,873.0,2643.0,0.07415815361331819,0.0,196.0
1.0,0.75,0.26,7468.0,0.15131226566684522,0.8350515463917526,0.7846715328467153,0.8098615396192339,0.6419389394750937,0.8106194690265487,0.5150442477876106,0.4849557522123894,0.75,0.26,1130.0,582.0,548.0,0.6961988163015858,0.2203954518243519,0.6303574109733224,0.09400107123727908,0.16927964205651863,0.5553005080545613,582.0,548.0,1130.0,0.15131226566684522,0.8106194690265487,4825.0,0.18984455958549223,1.0,916.0,2643.0,0.08096859629209231,0.0,214.0
1.0,0.75,0.27,7468.0,0.15961435457953937,0.8350515463917526,0.7754098360655738,0.8052306912286632,0.6419389394750937,0.8045302013422819,0.48825503355704697,0.511744966442953,0.75,0.27,1192.0,582.0,610.0,0.6961988163015858,0.2203954518243519,0.6303574109733224,0.09721478307445101,0.1766346108568312,0.5503722209530449,582.0,610.0,1192.0,0.15961435457953937,0.8045302013422819,4825.0,0.19854922279792747,1.0,958.0,2643.0,0.08853575482406356,0.004273504273504274,234.0
1.0,0.75,0.28,7468.0,0.17220139260846276,0.8350515463917526,0.7613636363636364,0.7982075913776945,0.6419389394750937,0.7947122861586314,0.4525660964230171,0.5474339035769828,0.75,0.28,1286.0,582.0,704.0,0.6961988163015858,0.2203954518243519,0.6303574109733224,0.10149973219068023,0.18801816457164788,0.5398400331261708,582.0,704.0,1286.0,0.17220139260846276,0.7947122861586314,4825.0,0.2116062176165803,1.0,1021.0,2643.0,0.100264850548619,0.0037735849056603774,265.0
1.0,0.75,0.29,7468.0,0.18532404927691484,0.8350515463917526,0.7506234413965087,0.7928374938941307,0.6419389394750937,0.7861271676300579,0.42052023121387283,0.5794797687861272,0.75,0.29,1384.0,582.0,802.0,0.6961988163015858,0.2203954518243519,0.6303574109733224,0.10605249062667384,0.1990873660610349,0.5326932227038503,582.0,802.0,1384.0,0.18532404927691484,0.7861271676300579,4825.0,0.22528497409326426,1.0,1087.0,2643.0,0.11237230419977298,0.003367003367003367,297.0
1.0,0.75,0.3,7468.0,0.1977771826459561,0.8350515463917526,0.7508379888268156,0.7929447676092841,0.6419389394750937,0.7840216655382533,0.3940419769803656,0.6059580230196344,0.75,0.3,1477.0,582.0,895.0,0.6961988163015858,0.2203954518243519,0.6303574109733224,0.11234600964113553,0.2066774939426407,0.5435812458240613,582.0,895.0,1477.0,0.1977771826459561,0.7840216655382533,4825.0,0.23958549222797929,1.0,1156.0,2643.0,0.12145289443813848,0.006230529595015576,321.0
1.0,0.75,0.31,7468.0,0.21116764863417248,0.8350515463917526,0.7527638190954774,0.793907682743615,0.6419389394750937,0.7831325301204819,0.36905516804058336,0.6309448319594166,0.75,0.31,1577.0,582.0,995.0,0.6961988163015858,0.2203954518243519,0.6303574109733224,0.11957686127477235,0.21399858335909624,0.5587740787709733,582.0,995.0,1577.0,0.21116764863417248,0.7831325301204819,4825.0,0.2555440414507772,1.0,1233.0,2643.0,0.1301551267499054,0.005813953488372093,344.0
1.0,0.75,0.32,7468.0,0.2250937332619175,0.8350515463917526,0.7461328480436761,0.7905921972177143,0.6419389394750937,0.776918500892326,0.34622248661511007,0.65377751338489,0.75,0.32,1681.0,582.0,1099.0,0.6961988163015858,0.2203954518243519,0.6303574109733224,0.12466523835029457,0.22408535752210912,0.5563292476082228,582.0,1099.0,1681.0,0.2250937332619175,0.776918500892326,4825.0,0.2704663212435233,0.9992337164750957,1305.0,2643.0,0.1422625804010594,0.005319148936170213,376.0
1.0,0.75,0.33,7468.0,0.24022495982860204,0.8350515463917526,0.7367986798679867,0.7859251131298697,0.6419389394750937,0.7686733556298774,0.32441471571906355,0.6755852842809364,0.75,0.33,1794.0,582.0,1212.0,0.6961988163015858,0.2203954518243519,0.6303574109733224,0.129084092126406,0.23573381991368572,0.5475841021609472,582.0,1212.0,1794.0,0.24022495982860204,0.7686733556298774,4825.0,0.2855958549222798,0.9992743105950653,1378.0,2643.0,0.15739689746500188,0.004807692307692308,416.0
1.0,0.75,0.34,7468.0,0.2562935190144617,0.8350515463917526,0.7252252252252253,0.7801383858084889,0.6419389394750937,0.7586206896551724,0.30407523510971785,0.6959247648902821,0.75,0.34,1914.0,582.0,1332.0,0.6961988163015858,0.2203954518243519,0.6303574109733224,0.13256561328334224,0.24872465270969768,0.5329813986636378,582.0,1332.0,1914.0,0.2562935190144617,0.7586206896551724,4825.0,0.301139896373057,0.9979353062629044,1453.0,2643.0,0.1744230041619372,0.004338394793926247,461.0
1.0,0.75,0.35,7468.0,0.27021960364220676,0.8350515463917526,0.7137883008356546,0.7744199236137036,0.6419389394750937,0.7487611496531219,0.288404360753221,0.711595639246779,0.75,0.35,2018.0,582.0,1436.0,0.6961988163015858,0.2203954518243519,0.6303574109733224,0.13444027852169257,0.2605564479345255,0.5159737154364175,582.0,1436.0,2018.0,0.27021960364220676,0.7487611496531219,4825.0,0.31316062176165804,0.9980145598941098,1511.0,2643.0,0.19182746878547105,0.005917159763313609,507.0
1.0,0.75,0.36,7468.0,0.28776111408677024,0.8350515463917526,0.7077217613273772,0.7713866538595648,0.6419389394750937,0.7422056770590972,0.2708236389018148,0.7291763610981852,0.75,0.36,2149.0,582.0,1567.0,0.6961988163015858,0.2203954518243519,0.6303574109733224,0.1393947509373326,0.27236589649719145,0.5117922351147586,582.0,1567.0,2149.0,0.28776111408677024,0.7422056770590972,4825.0,0.3305699481865285,0.9968652037617555,1595.0,2643.0,0.2096102913356035,0.009025270758122744,554.0
1.0,0.75,0.37,7468.0,0.30570433851098017,0.8350515463917526,0.7042915931804821,0.7696715697861174,0.6419389394750937,0.7376259307928165,0.25492772667542707,0.7450722733245729,0.75,0.37,2283.0,582.0,1701.0,0.6961988163015858,0.2203954518243519,0.6303574109733224,0.14528655597214782,0.28321174281695344,0.512996228641727,582.0,1701.0,2283.0,0.30570433851098017,0.7376259307928165,4825.0,0.3490155440414508,0.995249406175772,1684.0,2643.0,0.2266363980325388,0.01335559265442404,599.0
1.0,0.75,0.38,7468.0,0.3229780396357793,0.8350515463917526,0.7,0.7675257731958762,0.6419389394750937,0.7325870646766169,0.24129353233830847,0.7587064676616916,0.75,0.38,2412.0,582.0,1830.0,0.6961988163015858,0.2203954518243519,0.6303574109733224,0.1502410283877879,0.293885191229493,0.5112235419526997,582.0,1830.0,2412.0,0.3229780396357793,0.7325870646766169,4825.0,0.3655958549222798,0.9943310657596371,1764.0,2643.0,0.24517593643586832,0.020061728395061727,648.0
1.0,0.75,0.39,7468.0,0.34025174076057846,0.8350515463917526,0.6962736089841756,0.7656625776879641,0.6419389394750937,0.7280598189689099,0.22904368358913813,0.7709563164108618,0.75,0.39,2541.0,582.0,1959.0,0.6961988163015858,0.2203954518243519,0.6303574109733224,0.15519550080342798,0.3041843519620548,0.5102021185586421,582.0,1959.0,2541.0,0.34025174076057846,0.7280598189689099,4825.0,0.3830051813471503,0.9913419913419913,1848.0,2643.0,0.26220204313280365,0.025974025974025976,693.0
1.0,0.75,0.4,7468.0,0.3592662024638457,0.8350515463917526,0.6939552594002856,0.7645034028960191,0.6419389394750937,0.7245620573984346,0.21692135669027207,0.7830786433097279,0.75,0.4,2683.0,582.0,2101.0,0.6961988163015858,0.2203954518243519,0.6303574109733224,0.1613551151580075,0.31457200074532876,0.5129354004034116,582.0,2101.0,2683.0,0.3592662024638457,0.7245620573984346,4825.0,0.40186528497409324,0.9896854048478597,1939.0,2643.0,0.2814982973893303,0.033602150537634407,744.0
1.0,0.75,0.41,7468.0,0.37653990358864486,0.8350515463917526,0.6923766816143497,0.7637141140030512,0.6419389394750937,0.7219061166429588,0.2069701280227596,0.7930298719772404,0.75,0.41,2812.0,582.0,2230.0,0.6961988163015858,0.2203954518243519,0.6303574109733224,0.16711301553294056,0.3235945673645529,0.5164271356406165,582.0,2230.0,2812.0,0.37653990358864486,0.7219061166429588,4825.0,0.4194818652849741,0.9851778656126482,2024.0,2643.0,0.29814604615966706,0.04568527918781726,788.0
1.0,0.75,0.42,7468.0,0.39568826995179435,0.8350515463917526,0.6822587442056468,0.7586551452986997,0.6419389394750937,0.7123519458544839,0.19695431472081218,0.8030456852791878,0.75,0.42,2955.0,582.0,2373.0,0.6961988163015858,0.2203954518243519,0.6303574109733224,0.1680503481521157,0.3373706580303618,0.49811785391541646,582.0,2373.0,2955.0,0.39568826995179435,0.7123519458544839,4825.0,0.4348186528497409,0.9804575786463299,2098.0,2643.0,0.3242527430949678,0.056009334889148193,857.0
1.0,0.75,0.43,7468.0,0.41671130155329406,0.8350515463917526,0.675098814229249,0.7550751803105008,0.6419389394750937,0.7050128534704371,0.1870179948586118,0.8129820051413882,0.75,0.43,3112.0,582.0,2530.0,0.6961988163015858,0.2203954518243519,0.6303574109733224,0.17086234600964118,0.350605872414919,0.4873345241845717,582.0,2530.0,3112.0,0.41671130155329406,0.7050128534704371,4825.0,0.45367875647668393,0.9712197350388305,2189.0,2643.0,0.34922436625047293,0.07367280606717226,923.0
1.0,0.75,0.44,7468.0,0.435457953936797,0.8350515463917526,0.6655430711610487,0.7502973087764007,0.6419389394750937,0.6958794587945879,0.17896678966789667,0.8210332103321033,0.75,0.44,3252.0,582.0,2670.0,0.6961988163015858,0.2203954518243519,0.6303574109733224,0.17059453668987676,0.363911676953983,0.46878005706711245,582.0,2670.0,3252.0,0.435457953936797,0.6958794587945879,4825.0,0.4681865284974093,0.965028773793714,2259.0,2643.0,0.3757094211123723,0.08358509566968782,993.0
1.0,0.75,0.45,7468.0,0.4579539367970005,0.8350515463917526,0.6613812544045102,0.7482164003981314,0.6419389394750937,0.6909356725146198,0.17017543859649123,0.8298245614035088,0.75,0.45,3420.0,582.0,2838.0,0.6961988163015858,0.2203954518243519,0.6303574109733224,0.17487948580610602,0.3762143345161734,0.46484003867372037,582.0,2838.0,3420.0,0.4579539367970005,0.6909356725146198,4825.0,0.4889119170984456,0.9580330648579907,2359.0,2643.0,0.4014377601210745,0.09707822808671066,1061.0
1.0,0.75,0.46,7468.0,0.47964649169791107,0.8350515463917526,0.6513333333333333,0.7431924398625429,0.6419389394750937,0.6811836962590732,0.1624790619765494,0.8375209380234506,0.75,0.46,3582.0,582.0,3000.0,0.6961988163015858,0.2203954518243519,0.6303574109733224,0.17380824852704874,0.3910487457919168,0.44446696325561125,582.0,3000.0,3582.0,0.47964649169791107,0.6811836962590732,4825.0,0.5071502590673576,0.9472823865958316,2447.0,2643.0,0.42943624668936814,0.10748898678414097,1135.0
1.0,0.75,0.47,7468.0,0.500803427959293,0.8350515463917526,0.6478784040531982,0.7414649752224753,0.6419389394750937,0.6770053475935829,0.15561497326203208,0.8443850267379679,0.75,0.47,3740.0,582.0,3158.0,0.6961988163015858,0.2203954518243519,0.6303574109733224,0.177289769683985,0.40219004107219514,0.44081093905594887,582.0,3158.0,3740.0,0.500803427959293,0.6770053475935829,4825.0,0.5239378238341968,0.9382911392405063,2528.0,2643.0,0.4585698070374574,0.132013201320132,1212.0
1.0,0.75,0.48,7468.0,0.5215586502410284,0.8350515463917526,0.6426199818895261,0.7388357641406393,0.6419389394750937,0.6713735558408216,0.14942233632862645,0.8505776636713736,0.75,0.48,3895.0,582.0,3313.0,0.6961988163015858,0.2203954518243519,0.6303574109733224,0.17876272094268886,0.4140023727578983,0.4317915372123394,582.0,3313.0,3895.0,0.5215586502410284,0.6713735558408216,4825.0,0.5427979274611399,0.928598701794578,2619.0,2643.0,0.48278471433976544,0.14341692789968652,1276.0
1.0,0.75,0.49,7468.0,0.5407070166041779,0.8350515463917526,0.6368634259259259,0.7359574861588393,0.6419389394750937,0.6654284299157999,0.14413075780089152,0.8558692421991084,0.75,0.49,4038.0,582.0,3456.0,0.6961988163015858,0.2203954518243519,0.6303574109733224,0.17889662560257094,0.42532951402507146,0.4206071285991823,582.0,3456.0,4038.0,0.5407070166041779,0.6654284299157999,4825.0,0.5593782383419689,0.9173768062245276,2699.0,2643.0,0.5066212637154749,0.15758028379387604,1339.0
1.0,0.75,0.5,7468.0,0.5607927155865025,0.8350515463917526,0.6300610094287299,0.7325562779102412,0.6419389394750937,0.6585482330468004,0.13896848137535817,0.8610315186246418,0.75,0.5,4188.0,582.0,3606.0,0.6961988163015858,0.2203954518243519,0.6303574109733224,0.17782538832351374,0.4375884637778907,0.4063758600678596,582.0,3606.0,4188.0,0.5607927155865025,0.6585482330468004,4825.0,0.5778238341968912,0.9013629842180775,2788.0,2643.0,0.5297010972379871,0.175,1400.0
1.0,0.76,0.2,7468.0,0.0997589716122121,0.8502994011976048,0.8319672131147541,0.8411333071561795,0.6419389394750937,0.8442953020134228,0.6724832214765101,0.3275167785234899,0.76,0.2,745.0,501.0,244.0,0.6961988163015858,0.2203954518243519,0.6303574109733224,0.06869309051955008,0.12463121818521639,0.5511708183535863,501.0,244.0,745.0,0.0997589716122121,0.8442953020134228,4825.0,0.13036269430051814,1.0,629.0,2643.0,0.04388951948543322,0.0,116.0
1.0,0.76,0.21,7468.0,0.10391001606855918,0.8502994011976048,0.8290909090909091,0.839695155144257,0.6419389394750937,0.8427835051546392,0.645618556701031,0.3543814432989691,0.76,0.21,776.0,501.0,275.0,0.6961988163015858,0.2203954518243519,0.6303574109733224,0.0712372790573112,0.1278138040495783,0.5573519979866857,501.0,275.0,776.0,0.10391001606855918,0.8427835051546392,4825.0,0.1355440414507772,1.0,654.0,2643.0,0.0461596670450246,0.0,122.0
1.0,0.76,0.22,7468.0,0.11020353508302089,0.8502994011976048,0.8136645962732919,0.8319819987354484,0.6419389394750937,0.8359659781287971,0.6087484811664642,0.39125151883353587,0.76,0.22,823.0,501.0,322.0,0.6961988163015858,0.2203954518243519,0.6303574109733224,0.07404927691483665,0.13445121451326544,0.5507520120432283,501.0,322.0,823.0,0.11020353508302089,0.8359659781287971,4825.0,0.14259067357512953,1.0,688.0,2643.0,0.0510783200908059,0.0,135.0
1.0,0.76,0.23,7468.0,0.11663095875736476,0.8502994011976048,0.8,0.8251497005988024,0.6419389394750937,0.8289322617680827,0.5752009184845006,0.42479908151549944,0.76,0.23,871.0,501.0,370.0,0.6961988163015858,0.2203954518243519,0.6303574109733224,0.07672737011247992,0.14125082060803196,0.5431994644859215,501.0,370.0,871.0,0.11663095875736476,0.8289322617680827,4825.0,0.14963730569948186,1.0,722.0,2643.0,0.05637533106318578,0.0,149.0
1.0,0.76,0.24,7468.0,0.12533476164970542,0.8502994011976048,0.7908045977011494,0.8205519994493771,0.6419389394750937,0.8226495726495726,0.5352564102564102,0.46474358974358976,0.76,0.24,936.0,501.0,435.0,0.6961988163015858,0.2203954518243519,0.6303574109733224,0.080878414568827,0.14909115849184087,0.5424762634281437,501.0,435.0,936.0,0.12533476164970542,0.8226495726495726,4825.0,0.15958549222797927,1.0,770.0,2643.0,0.06280741581536133,0.0,166.0
1.0,0.76,0.25,7468.0,0.13229780396357793,0.8502994011976048,0.7946611909650924,0.8224802960813486,0.6419389394750937,0.8228744939271255,0.507085020242915,0.49291497975708504,0.76,0.25,988.0,501.0,487.0,0.6961988163015858,0.2203954518243519,0.6303574109733224,0.08543117300482057,0.15307944172676707,0.5580839075524424,501.0,487.0,988.0,0.13229780396357793,0.8228744939271255,4825.0,0.16849740932642487,1.0,813.0,2643.0,0.06621263715474839,0.0,175.0
1.0,0.76,0.26,7468.0,0.14046598821638992,0.8502994011976048,0.7846715328467153,0.8174854670221601,0.6419389394750937,0.8160152526215443,0.4775977121067683,0.5224022878932316,0.76,0.26,1049.0,501.0,548.0,0.6961988163015858,0.2203954518243519,0.6303574109733224,0.08877878950187465,0.16075944562375685,0.5522461784899003,501.0,548.0,1049.0,0.14046598821638992,0.8160152526215443,4825.0,0.17740932642487048,1.0,856.0,2643.0,0.0730230798335225,0.0,193.0
1.0,0.76,0.27,7468.0,0.1487680771290841,0.8502994011976048,0.7754098360655738,0.8128546186315893,0.6419389394750937,0.8091809180918091,0.45094509450945097,0.549054905490549,0.76,0.27,1111.0,501.0,610.0,0.6961988163015858,0.2203954518243519,0.6303574109733224,0.0919925013390466,0.1684867588121356,0.5459924684147978,501.0,610.0,1111.0,0.1487680771290841,0.8091809180918091,4825.0,0.1861139896373057,1.0,898.0,2643.0,0.08059023836549375,0.004694835680751174,213.0
1.0,0.76,0.28,7468.0,0.1613551151580075,0.8502994011976048,0.7613636363636364,0.8058315187806206,0.6419389394750937,0.7983402489626557,0.4157676348547718,0.5842323651452282,0.76,0.28,1205.0,501.0,704.0,0.6961988163015858,0.2203954518243519,0.6303574109733224,0.09627745045527586,0.1803852331854407,0.5337324389314071,501.0,704.0,1205.0,0.1613551151580075,0.7983402489626557,4825.0,0.19917098445595854,1.0,961.0,2643.0,0.0923193340900492,0.004098360655737705,244.0
1.0,0.76,0.29,7468.0,0.17447777182645957,0.8502994011976048,0.7506234413965087,0.8004614212970568,0.6419389394750937,0.7889485801995395,0.3844973138910207,0.6155026861089793,0.76,0.29,1303.0,501.0,802.0,0.6961988163015858,0.2203954518243519,0.6303574109733224,0.10083020889126941,0.1918952356563213,0.5254440452698541,501.0,802.0,1303.0,0.17447777182645957,0.7889485801995395,4825.0,0.2128497409326425,1.0,1027.0,2643.0,0.10442678774120318,0.0036231884057971015,276.0
1.0,0.76,0.3,7468.0,0.1869309051955008,0.8502994011976048,0.7508379888268156,0.8005686950122102,0.6419389394750937,0.7865329512893983,0.35888252148997135,0.6411174785100286,0.76,0.3,1396.0,501.0,895.0,0.6961988163015858,0.2203954518243519,0.6303574109733224,0.1071237279057311,0.19975882620020785,0.5362653052354571,501.0,895.0,1396.0,0.1869309051955008,0.7865329512893983,4825.0,0.2271502590673575,1.0,1096.0,2643.0,0.11350737797956867,0.006666666666666667,300.0
1.0,0.76,0.31,7468.0,0.2003213711837172,0.8502994011976048,0.7527638190954774,0.8015316101465411,0.6419389394750937,0.785427807486631,0.33489304812834225,0.6651069518716578,0.76,0.31,1496.0,501.0,995.0,0.6961988163015858,0.2203954518243519,0.6303574109733224,0.11435457953936796,0.20732437343972518,0.5515732551947827,501.0,995.0,1496.0,0.2003213711837172,0.785427807486631,4825.0,0.24310880829015544,1.0,1173.0,2643.0,0.1222096102913356,0.006191950464396285,323.0
1.0,0.76,0.32,7468.0,0.21424745581146223,0.8502994011976048,0.7461328480436761,0.7982161246206405,0.6419389394750937,0.77875,0.313125,0.686875,0.76,0.32,1600.0,501.0,1099.0,0.6961988163015858,0.2203954518243519,0.6303574109733224,0.11944295661489022,0.21772057688304522,0.5486066513550182,501.0,1099.0,1600.0,0.21424745581146223,0.77875,4825.0,0.25803108808290154,0.9991967871485944,1245.0,2643.0,0.1343170639424896,0.005633802816901409,355.0
1.0,0.76,0.33,7468.0,0.22937868237814676,0.8502994011976048,0.7367986798679867,0.7935490405327958,0.6419389394750937,0.7699941622883829,0.29246935201401053,0.7075306479859895,0.76,0.33,1713.0,501.0,1212.0,0.6961988163015858,0.2203954518243519,0.6303574109733224,0.1238618103910016,0.22969204599544274,0.5392516308268642,501.0,1212.0,1713.0,0.22937868237814676,0.7699941622883829,4825.0,0.273160621761658,0.9992412746585736,1318.0,2643.0,0.14945138100643207,0.005063291139240506,395.0
1.0,0.76,0.34,7468.0,0.24544724156400644,0.8502994011976048,0.7252252252252253,0.7877623132114151,0.6419389394750937,0.7594108019639935,0.2733224222585925,0.7266775777414075,0.76,0.34,1833.0,501.0,1332.0,0.6961988163015858,0.2203954518243519,0.6303574109733224,0.12734333154793787,0.24300608018737777,0.5240335198598555,501.0,1332.0,1833.0,0.24544724156400644,0.7594108019639935,4825.0,0.2887046632124352,0.9978463747307968,1393.0,2643.0,0.16647748770336737,0.004545454545454545,440.0
1.0,0.76,0.35,7468.0,0.25937332619175146,0.8502994011976048,0.7137883008356546,0.7820438510166297,0.6419389394750937,0.7490965410428497,0.2586473928755808,0.7413526071244192,0.76,0.35,1937.0,501.0,1436.0,0.6961988163015858,0.2203954518243519,0.6303574109733224,0.12921799678628815,0.2551032432226836,0.5065321598968923,501.0,1436.0,1937.0,0.25937332619175146,0.7490965410428497,4825.0,0.30072538860103626,0.9979324603721571,1451.0,2643.0,0.18388195232690124,0.006172839506172839,486.0
1.0,0.76,0.36,7468.0,0.27691483663631494,0.8502994011976048,0.7077217613273772,0.779010581262491,0.6419389394750937,0.7422630560928434,0.24226305609284332,0.7577369439071566,0.76,0.36,2068.0,501.0,1567.0,0.6961988163015858,0.2203954518243519,0.6303574109733224,0.13417246920192824,0.2671538577621393,0.5022292035228211,501.0,1567.0,2068.0,0.27691483663631494,0.7422630560928434,4825.0,0.31813471502590673,0.996742671009772,1535.0,2643.0,0.2016647748770337,0.009380863039399626,533.0
1.0,0.76,0.37,7468.0,0.2948580610605249,0.8502994011976048,0.7042915931804821,0.7772954971890434,0.6419389394750937,0.737511353315168,0.22752043596730245,0.7724795640326976,0.76,0.37,2202.0,501.0,1701.0,0.6961988163015858,0.2203954518243519,0.6303574109733224,0.14006427423674345,0.27820297160866336,0.5034607410080655,501.0,1701.0,2202.0,0.2948580610605249,0.737511353315168,4825.0,0.336580310880829,0.9950738916256158,1624.0,2643.0,0.218690881573969,0.01384083044982699,578.0
1.0,0.76,0.38,7468.0,0.31213176218532407,0.8502994011976048,0.7,0.7751497005988024,0.6419389394750937,0.7323037323037324,0.21492921492921493,0.7850707850707851,0.76,0.38,2331.0,501.0,1830.0,0.6961988163015858,0.2203954518243519,0.6303574109733224,0.14501874665238354,0.28906142559405995,0.5016883396127677,501.0,1830.0,2331.0,0.31213176218532407,0.7323037323037324,4825.0,0.353160621761658,0.994131455399061,1704.0,2643.0,0.23723041997729852,0.02073365231259968,627.0
1.0,0.76,0.39,7468.0,0.3294054633101232,0.8502994011976048,0.6962736089841756,0.7732865050908901,0.6419389394750937,0.7276422764227642,0.20365853658536584,0.7963414634146342,0.76,0.39,2460.0,501.0,1959.0,0.6961988163015858,0.2203954518243519,0.6303574109733224,0.14997321906802358,0.2995264965258496,0.5007010091178382,501.0,1959.0,2460.0,0.3294054633101232,0.7276422764227642,4825.0,0.3705699481865285,0.9910514541387024,1788.0,2643.0,0.2542565266742338,0.026785714285714284,672.0
1.0,0.76,0.4,7468.0,0.3484199250133905,0.8502994011976048,0.6939552594002856,0.7721273302989452,0.6419389394750937,0.7240584166026134,0.19254419677171405,0.8074558032282859,0.76,0.4,2602.0,501.0,2101.0,0.6961988163015858,0.2203954518243519,0.6303574109733224,0.15613283342260312,0.31007022719924865,0.503540229685688,501.0,2101.0,2602.0,0.3484199250133905,0.7240584166026134,4825.0,0.3894300518134715,0.9893560404470463,1879.0,2643.0,0.2735527809307605,0.034578146611341634,723.0
1.0,0.76,0.41,7468.0,0.3656936261381896,0.8502994011976048,0.6923766816143497,0.7713380414059773,0.6419389394750937,0.7213474917612596,0.18344928597583302,0.816550714024167,0.76,0.41,2731.0,501.0,2230.0,0.6961988163015858,0.2203954518243519,0.6303574109733224,0.16189073379753613,0.31922005916033336,0.5071446143559041,501.0,2230.0,2731.0,0.3656936261381896,0.7213474917612596,4825.0,0.4070466321243523,0.984725050916497,1964.0,2643.0,0.2902005297010972,0.0469361147327249,767.0
1.0,0.76,0.42,7468.0,0.38484199250133905,0.8502994011976048,0.6822587442056468,0.7662790727016258,0.6419389394750937,0.7115518441196939,0.174321503131524,0.8256784968684759,0.76,0.42,2874.0,501.0,2373.0,0.6961988163015858,0.2203954518243519,0.6303574109733224,0.16282806641671133,0.33317707460495216,0.48871329640485156,501.0,2373.0,2874.0,0.38484199250133905,0.7115518441196939,4825.0,0.4223834196891192,0.9798822374877331,2038.0,2643.0,0.31630722663639804,0.05741626794258373,836.0
1.0,0.76,0.43,7468.0,0.40586502410283876,0.8502994011976048,0.675098814229249,0.7626991077134269,0.6419389394750937,0.7040580666446717,0.1652919828439459,0.8347080171560541,0.76,0.43,3031.0,501.0,2530.0,0.6961988163015858,0.2203954518243519,0.6303574109733224,0.16564006427423675,0.3465724742594267,0.4779377376353522,501.0,2530.0,3031.0,0.40586502410283876,0.7040580666446717,4825.0,0.4412435233160622,0.9704086425551902,2129.0,2643.0,0.34127884979190315,0.07538802660753881,902.0
1.0,0.76,0.44,7468.0,0.42461167648634174,0.8502994011976048,0.6655430711610487,0.7579212361793268,0.6419389394750937,0.6947335225480921,0.15799432355723747,0.8420056764427626,0.76,0.44,3171.0,501.0,2670.0,0.6961988163015858,0.2203954518243519,0.6303574109733224,0.16537225495447241,0.3600273750229761,0.4593324464394374,501.0,2670.0,3171.0,0.42461167648634174,0.6947335225480921,4825.0,0.45575129533678754,0.9640745793542519,2199.0,2643.0,0.3677639046538025,0.08539094650205761,972.0
1.0,0.76,0.45,7468.0,0.4471076593465453,0.8502994011976048,0.6613812544045102,0.7558403278010575,0.6419389394750937,0.689727463312369,0.1500449236298293,0.8499550763701708,0.76,0.45,3339.0,501.0,2838.0,0.6961988163015858,0.2203954518243519,0.6303574109733224,0.1696572040707017,0.3724583569178195,0.4555065040684145,501.0,2838.0,3339.0,0.4471076593465453,0.689727463312369,4825.0,0.47647668393782383,0.9569377990430622,2299.0,2643.0,0.39349224366250474,0.09903846153846153,1040.0
1.0,0.76,0.46,7468.0,0.4688002142474558,0.8502994011976048,0.6513333333333333,0.7508163672654691,0.6419389394750937,0.6798057697800628,0.143101970865467,0.856898029134533,0.76,0.46,3501.0,501.0,3000.0,0.6961988163015858,0.2203954518243519,0.6303574109733224,0.1685859667916443,0.38743660607627894,0.43513174580734615,501.0,3000.0,3501.0,0.4688002142474558,0.6798057697800628,4825.0,0.4947150259067358,0.9459572685379137,2387.0,2643.0,0.42149073023079836,0.10951526032315978,1114.0
1.0,0.76,0.47,7468.0,0.4899571505088377,0.8502994011976048,0.6478784040531982,0.7490889026254015,0.6419389394750937,0.6755944247062039,0.13692265646351462,0.8630773435364854,0.76,0.47,3659.0,501.0,3158.0,0.6961988163015858,0.2203954518243519,0.6303574109733224,0.17206748794858062,0.39867885732770997,0.4315942137035446,501.0,3158.0,3659.0,0.4899571505088377,0.6755944247062039,4825.0,0.5115025906735752,0.9367909238249594,2468.0,2643.0,0.45062429057888764,0.1343408900083963,1191.0
1.0,0.76,0.48,7468.0,0.5107123727905731,0.8502994011976048,0.6426199818895261,0.7464596915435655,0.6419389394750937,0.6699003670686943,0.1313581541688516,0.8686418458311485,0.76,0.48,3814.0,501.0,3313.0,0.6961988163015858,0.2203954518243519,0.6303574109733224,0.1735404392072844,0.41059221472361646,0.4226588644017529,501.0,3313.0,3814.0,0.5107123727905731,0.6699003670686943,4825.0,0.5303626943005182,0.9269245799140289,2559.0,2643.0,0.4748391978811956,0.14581673306772908,1255.0
1.0,0.76,0.49,7468.0,0.5298607391537226,0.8502994011976048,0.6368634259259259,0.7435814135617653,0.6419389394750937,0.6638867829163507,0.12661106899166036,0.8733889310083397,0.76,0.49,3957.0,501.0,3456.0,0.6961988163015858,0.2203954518243519,0.6303574109733224,0.17367434386716654,0.4220108975409024,0.41153995045906033,501.0,3456.0,3957.0,0.5298607391537226,0.6638867829163507,4825.0,0.5469430051813472,0.9154982948086396,2639.0,2643.0,0.49867574725690506,0.16009104704097116,1318.0
1.0,0.76,0.5,7468.0,0.5499464381360472,0.8502994011976048,0.6300610094287299,0.7401802053131674,0.6419389394750937,0.656927197467738,0.12198685171658144,0.8780131482834186,0.76,0.5,4107.0,501.0,3606.0,0.6961988163015858,0.2203954518243519,0.6303574109733224,0.17260310658810923,0.4343635180053327,0.3973701736755668,501.0,3606.0,4107.0,0.5499464381360472,0.656927197467738,4825.0,0.5653886010362694,0.8991935483870968,2728.0,2643.0,0.5217555807794173,0.17766497461928935,1379.0
1.0,0.77,0.2,7468.0,0.09025174076057847,0.8627906976744186,0.8319672131147541,0.8473789553945863,0.6419389394750937,0.8516320474777448,0.6379821958456974,0.3620178041543027,0.77,0.2,674.0,430.0,244.0,0.6961988163015858,0.2203954518243519,0.6303574109733224,0.06347080878414568,0.11571718104160847,0.548499438137224,430.0,244.0,674.0,0.09025174076057847,0.8516320474777448,4825.0,0.11896373056994819,1.0,574.0,2643.0,0.037835792659856225,0.0,100.0
1.0,0.77,0.21,7468.0,0.09440278521692555,0.8627906976744186,0.8290909090909091,0.8459408033826639,0.6419389394750937,0.849645390070922,0.6099290780141844,0.3900709219858156,0.77,0.21,705.0,430.0,275.0,0.6961988163015858,0.2203954518243519,0.6303574109733224,0.0660149973219068,0.11913812969620335,0.5541046975493232,430.0,275.0,705.0,0.09440278521692555,0.849645390070922,4825.0,0.12414507772020725,1.0,599.0,2643.0,0.0401059402194476,0.0,106.0
1.0,0.77,0.22,7468.0,0.10069630423138726,0.8627906976744186,0.8136645962732919,0.8382276469738552,0.6419389394750937,0.8417553191489362,0.5718085106382979,0.42819148936170215,0.77,0.22,752.0,430.0,322.0,0.6961988163015858,0.2203954518243519,0.6303574109733224,0.06882699517943225,0.12623254147000884,0.5452397169376854,430.0,322.0,752.0,0.10069630423138726,0.8417553191489362,4825.0,0.13119170984455958,1.0,633.0,2643.0,0.04502459326522891,0.0,119.0
1.0,0.77,0.23,7468.0,0.10712372790573112,0.8627906976744186,0.8,0.8313953488372093,0.6419389394750937,0.83375,0.5375,0.4625,0.77,0.23,800.0,430.0,370.0,0.6961988163015858,0.2203954518243519,0.6303574109733224,0.07150508837707552,0.13345156336412023,0.5358130438830091,430.0,370.0,800.0,0.10712372790573112,0.83375,4825.0,0.1382383419689119,1.0,667.0,2643.0,0.05032160423760878,0.0,133.0
1.0,0.77,0.24,7468.0,0.11582753079807177,0.8627906976744186,0.7908045977011494,0.8267976476877841,0.6419389394750937,0.8265895953757225,0.49710982658959535,0.5028901734104047,0.77,0.24,865.0,430.0,435.0,0.6961988163015858,0.2203954518243519,0.6303574109733224,0.0756561328334226,0.141724024012602,0.5338271571141341,430.0,435.0,865.0,0.11582753079807177,0.8265895953757225,4825.0,0.14818652849740932,1.0,715.0,2643.0,0.056753688989784334,0.0,150.0
1.0,0.77,0.25,7468.0,0.1227905731119443,0.8627906976744186,0.7946611909650924,0.8287259443197554,0.6419389394750937,0.826608505997819,0.46892039258451473,0.5310796074154853,0.77,0.25,917.0,430.0,487.0,0.6961988163015858,0.2203954518243519,0.6303574109733224,0.08020889126941619,0.14591381333261105,0.5497004665800882,430.0,487.0,917.0,0.1227905731119443,0.826608505997819,4825.0,0.15709844559585492,1.0,758.0,2643.0,0.060158910329171394,0.0,159.0
1.0,0.77,0.26,7468.0,0.1309587573647563,0.8627906976744186,0.7846715328467153,0.823731115260567,0.6419389394750937,0.8190184049079755,0.4396728016359918,0.5603271983640081,0.77,0.26,978.0,430.0,548.0,0.6961988163015858,0.2203954518243519,0.6303574109733224,0.08355650776647028,0.15395169631784836,0.5427449632900418,430.0,548.0,978.0,0.1309587573647563,0.8190184049079755,4825.0,0.16601036269430053,1.0,801.0,2643.0,0.06696935300794551,0.0,177.0
1.0,0.77,0.27,7468.0,0.13926084627745045,0.8627906976744186,0.7754098360655738,0.8191002668699963,0.6419389394750937,0.8115384615384615,0.41346153846153844,0.5865384615384616,0.77,0.27,1040.0,430.0,610.0,0.6961988163015858,0.2203954518243519,0.6303574109733224,0.0867702196036422,0.16200405345825183,0.5356052379640164,430.0,610.0,1040.0,0.13926084627745045,0.8115384615384615,4825.0,0.17471502590673574,1.0,843.0,2643.0,0.07453651153991676,0.005076142131979695,197.0
1.0,0.77,0.28,7468.0,0.15184788430637386,0.8627906976744186,0.7613636363636364,0.8120771670190274,0.6419389394750937,0.7998236331569665,0.37918871252204583,0.6208112874779541,0.77,0.28,1134.0,430.0,704.0,0.6961988163015858,0.2203954518243519,0.6303574109733224,0.09105516871987145,0.1743455126845862,0.522268496147659,430.0,704.0,1134.0,0.15184788430637386,0.7998236331569665,4825.0,0.1877720207253886,1.0,906.0,2643.0,0.08626560726447219,0.0043859649122807015,228.0
1.0,0.77,0.29,7468.0,0.1649705409748259,0.8627906976744186,0.7506234413965087,0.8067070695354637,0.6419389394750937,0.7897727272727273,0.349025974025974,0.650974025974026,0.77,0.29,1232.0,430.0,802.0,0.6961988163015858,0.2203954518243519,0.6303574109733224,0.09560792715586502,0.1862291784589097,0.5133885460218593,430.0,802.0,1232.0,0.1649705409748259,0.7897727272727273,4825.0,0.20145077720207255,1.0,972.0,2643.0,0.09837306091562618,0.0038461538461538464,260.0
1.0,0.77,0.3,7468.0,0.17742367434386716,0.8627906976744186,0.7508379888268156,0.8068143432506172,0.6419389394750937,0.7871698113207547,0.32452830188679244,0.6754716981132075,0.77,0.3,1325.0,430.0,895.0,0.6961988163015858,0.2203954518243519,0.6303574109733224,0.10190144617032672,0.19432219144186857,0.5243942825789432,430.0,895.0,1325.0,0.17742367434386716,0.7871698113207547,4825.0,0.21575129533678755,1.0,1041.0,2643.0,0.10745365115399168,0.007042253521126761,284.0
1.0,0.77,0.31,7468.0,0.19081414033208355,0.8627906976744186,0.7527638190954774,0.8077772583849481,0.6419389394750937,0.7859649122807018,0.3017543859649123,0.6982456140350877,0.77,0.31,1425.0,430.0,995.0,0.6961988163015858,0.2203954518243519,0.6303574109733224,0.10913229780396358,0.20209136860356006,0.540014640694759,430.0,995.0,1425.0,0.19081414033208355,0.7859649122807018,4825.0,0.2317098445595855,1.0,1118.0,2643.0,0.11615588346575861,0.006514657980456026,307.0
1.0,0.77,0.32,7468.0,0.2047402249598286,0.8627906976744186,0.7461328480436761,0.8044617728590473,0.6419389394750937,0.7789404839764552,0.2812295618051014,0.7187704381948986,0.77,0.32,1529.0,430.0,1099.0,0.6961988163015858,0.2203954518243519,0.6303574109733224,0.11422067487948581,0.21274344887721314,0.5368939700954521,430.0,1099.0,1529.0,0.2047402249598286,0.7789404839764552,4825.0,0.24663212435233162,0.9991596638655462,1190.0,2643.0,0.1282633371169126,0.0058997050147492625,339.0
1.0,0.77,0.33,7468.0,0.21987145152651313,0.8627906976744186,0.7367986798679867,0.7997946887712026,0.6419389394750937,0.7697929354445798,0.2618757612667479,0.7381242387332522,0.77,0.33,1642.0,430.0,1212.0,0.6961988163015858,0.2203954518243519,0.6303574109733224,0.11863952865559724,0.22497991340441473,0.5273338711013532,430.0,1212.0,1642.0,0.21987145152651313,0.7697929354445798,4825.0,0.2617616580310881,0.9992082343626286,1263.0,2643.0,0.1433976541808551,0.005277044854881266,379.0
1.0,0.77,0.34,7468.0,0.23594001071237278,0.8627906976744186,0.7252252252252253,0.7940079614498219,0.6419389394750937,0.7587968217934166,0.24404086265607264,0.7559591373439274,0.77,0.34,1762.0,430.0,1332.0,0.6961988163015858,0.2203954518243519,0.6303574109733224,0.12212104981253347,0.2385570800666366,0.5119154282841707,430.0,1332.0,1762.0,0.23594001071237278,0.7587968217934166,4825.0,0.2773056994818653,0.9977578475336323,1338.0,2643.0,0.1604237608777904,0.0047169811320754715,424.0
1.0,0.77,0.35,7468.0,0.24986609534011783,0.8627906976744186,0.7137883008356546,0.7882894992550367,0.6419389394750937,0.7481243301178992,0.2304394426580922,0.7695605573419079,0.77,0.35,1866.0,430.0,1436.0,0.6961988163015858,0.2203954518243519,0.6303574109733224,0.12399571505088378,0.2508688704176288,0.4942650510781368,430.0,1436.0,1866.0,0.24986609534011783,0.7481243301178992,4825.0,0.28932642487046634,0.9978510028653295,1396.0,2643.0,0.17782822550132427,0.006382978723404255,470.0
1.0,0.77,0.36,7468.0,0.2674076057846813,0.8627906976744186,0.7077217613273772,0.7852562295008979,0.6419389394750937,0.7411116675012519,0.21532298447671508,0.784677015523285,0.77,0.36,1997.0,430.0,1567.0,0.6961988163015858,0.2203954518243519,0.6303574109733224,0.12895018746652384,0.26311349102446024,0.49009340784633515,430.0,1567.0,1997.0,0.2674076057846813,0.7411116675012519,4825.0,0.3067357512953368,0.9966216216216216,1480.0,2643.0,0.19561104805145668,0.009671179883945842,517.0
1.0,0.77,0.37,7468.0,0.2853508302088913,0.8627906976744186,0.7042915931804821,0.7835411454274503,0.6419389394750937,0.7362740497419052,0.20178320037541062,0.7982167996245894,0.77,0.37,2131.0,430.0,1701.0,0.6961988163015858,0.2203954518243519,0.6303574109733224,0.13484199250133908,0.2743253886423495,0.49154033160648763,430.0,1701.0,2131.0,0.2853508302088913,0.7362740497419052,4825.0,0.3251813471502591,0.9949012109623965,1569.0,2643.0,0.21263715474839198,0.014234875444839857,562.0
1.0,0.77,0.38,7468.0,0.30262453133369044,0.8627906976744186,0.7,0.7813953488372093,0.6419389394750937,0.7309734513274336,0.1902654867256637,0.8097345132743363,0.77,0.38,2260.0,430.0,1830.0,0.6961988163015858,0.2203954518243519,0.6303574109733224,0.1397964649169791,0.285331444478795,0.4899441250589834,430.0,1830.0,2260.0,0.30262453133369044,0.7309734513274336,4825.0,0.3417616580310881,0.9939357186173439,1649.0,2643.0,0.23117669315172154,0.02127659574468085,611.0
1.0,0.77,0.39,7468.0,0.31989823245848953,0.8627906976744186,0.6962736089841756,0.7795321533292972,0.6419389394750937,0.7262452909167015,0.1799916282963583,0.8200083717036417,0.77,0.39,2389.0,430.0,1959.0,0.6961988163015858,0.2203954518243519,0.6303574109733224,0.14475093733261915,0.29592845007355273,0.48914167359252364,430.0,1959.0,2389.0,0.31989823245848953,0.7262452909167015,4825.0,0.3591709844559586,0.9907674552798615,1733.0,2643.0,0.24820279984865684,0.027439024390243903,656.0
1.0,0.77,0.4,7468.0,0.33891269416175684,0.8627906976744186,0.6939552594002856,0.7783729785373521,0.6419389394750937,0.7226392730146187,0.1698933227973133,0.8301066772026867,0.77,0.4,2531.0,430.0,2101.0,0.6961988163015858,0.2203954518243519,0.6303574109733224,0.15091055168719872,0.3065959413255157,0.4922131422704504,430.0,2101.0,2531.0,0.33891269416175684,0.7226392730146187,4825.0,0.37803108808290153,0.9890350877192983,1824.0,2643.0,0.2674990541051835,0.03536067892503536,707.0
1.0,0.77,0.41,7468.0,0.356186395286556,0.8627906976744186,0.6923766816143497,0.7775836896443842,0.6419389394750937,0.7199248120300752,0.16165413533834586,0.8383458646616542,0.77,0.41,2660.0,430.0,2230.0,0.6961988163015858,0.2203954518243519,0.6303574109733224,0.15666845206213176,0.3158464367571876,0.4960272899408181,430.0,2230.0,2660.0,0.356186395286556,0.7199248120300752,4825.0,0.3956476683937824,0.9842849659507595,1909.0,2643.0,0.28414680287552024,0.047936085219707054,751.0
1.0,0.77,0.42,7468.0,0.3753347616497054,0.8627906976744186,0.6822587442056468,0.7725247209400328,0.6419389394750937,0.7099536211202283,0.15340706386014985,0.8465929361398502,0.77,0.42,2803.0,430.0,2373.0,0.6961988163015858,0.2203954518243519,0.6303574109733224,0.1576057846813069,0.3299461902859302,0.4776711758506024,430.0,2373.0,2803.0,0.3753347616497054,0.7099536211202283,4825.0,0.4109844559585492,0.9793242561775088,1983.0,2643.0,0.310253499810821,0.05853658536585366,820.0
1.0,0.77,0.43,7468.0,0.3963577932512051,0.8627906976744186,0.675098814229249,0.7689447559518339,0.6419389394750937,0.7023648648648648,0.14527027027027026,0.8547297297297297,0.77,0.43,2960.0,430.0,2530.0,0.6961988163015858,0.2203954518243519,0.6303574109733224,0.16041778253883232,0.3434676190795668,0.4670535841740306,430.0,2530.0,2960.0,0.3963577932512051,0.7023648648648648,4825.0,0.4298445595854922,0.9696239151398264,2074.0,2643.0,0.33522512296632617,0.07674943566591422,886.0
1.0,0.77,0.44,7468.0,0.4151044456347081,0.8627906976744186,0.6655430711610487,0.7641668844177336,0.6419389394750937,0.6929032258064516,0.13870967741935483,0.8612903225806452,0.77,0.44,3100.0,430.0,2670.0,0.6961988163015858,0.2203954518243519,0.6303574109733224,0.16014997321906801,0.35703954431942136,0.44854967962818054,430.0,2670.0,3100.0,0.4151044456347081,0.6929032258064516,4825.0,0.4443523316062176,0.9631529850746269,2144.0,2643.0,0.3617101778282255,0.08682008368200837,956.0
1.0,0.77,0.45,7468.0,0.4376004284949116,0.8627906976744186,0.6613812544045102,0.7620859760394645,0.6419389394750937,0.6878824969400245,0.13157894736842105,0.868421052631579,0.77,0.45,3268.0,430.0,2838.0,0.6961988163015858,0.2203954518243519,0.6303574109733224,0.16443492233529725,0.36957103928718116,0.44493454533790033,430.0,2838.0,3268.0,0.4376004284949116,0.6878824969400245,4825.0,0.4650777202072539,0.9558823529411765,2244.0,2643.0,0.38743851683692776,0.1005859375,1024.0
1.0,0.77,0.46,7468.0,0.4592929833958222,0.8627906976744186,0.6513333333333333,0.757062015503876,0.6419389394750937,0.6778425655976676,0.12536443148688048,0.8746355685131195,0.77,0.46,3430.0,430.0,3000.0,0.6961988163015858,0.2203954518243519,0.6303574109733224,0.16336368505623997,0.38466173343574367,0.42469440252634144,430.0,3000.0,3430.0,0.4592929833958222,0.6778425655976676,4825.0,0.4833160621761658,0.9446826758147513,2332.0,2643.0,0.41543700340522133,0.1111111111111111,1098.0
1.0,0.77,0.47,7468.0,0.48044991965720407,0.8627906976744186,0.6478784040531982,0.7553345508638084,0.6419389394750937,0.6736343366778149,0.11984392419175027,0.8801560758082497,0.77,0.47,3588.0,430.0,3158.0,0.6961988163015858,0.2203954518243519,0.6303574109733224,0.1668452062131762,0.39598277326420894,0.42134460758941444,430.0,3158.0,3588.0,0.48044991965720407,0.6736343366778149,4825.0,0.5001036269430051,0.9353501864898467,2413.0,2643.0,0.4445705637533106,0.13617021276595745,1175.0
1.0,0.77,0.48,7468.0,0.5012051419389395,0.8627906976744186,0.6426199818895261,0.7527053397819723,0.6419389394750937,0.667913438418381,0.11488111140796153,0.8851188885920385,0.77,0.48,3743.0,430.0,3313.0,0.6961988163015858,0.2203954518243519,0.6303574109733224,0.1683181574718801,0.40797486715915443,0.4125699179557984,430.0,3313.0,3743.0,0.5012051419389395,0.667913438418381,4825.0,0.5189637305699482,0.9253194888178914,2504.0,2643.0,0.46878547105561863,0.14769975786924938,1239.0
1.0,0.77,0.49,7468.0,0.5203535083020889,0.8627906976744186,0.6368634259259259,0.7498270618001723,0.6419389394750937,0.6618630983015955,0.11065362840967576,0.8893463715903243,0.77,0.49,3886.0,430.0,3456.0,0.6961988163015858,0.2203954518243519,0.6303574109733224,0.16845206213176223,0.4194648055381564,0.4015880710555562,430.0,3456.0,3886.0,0.5203535083020889,0.6618630983015955,4825.0,0.5355440414507772,0.9136996904024768,2584.0,2643.0,0.492622020431328,0.1620583717357911,1302.0
1.0,0.77,0.5,7468.0,0.5404392072844135,0.8627906976744186,0.6300610094287299,0.7464258535515742,0.6419389394750937,0.6548562933597621,0.10654112983151635,0.8934588701684837,0.77,0.5,4036.0,430.0,3606.0,0.6961988163015858,0.2203954518243519,0.6303574109733224,0.1673808248527049,0.4318902536708305,0.38755406826169286,430.0,3606.0,4036.0,0.5404392072844135,0.6548562933597621,4825.0,0.5539896373056995,0.897119341563786,2673.0,2643.0,0.5157018539538404,0.1797505502567865,1363.0
1.0,0.78,0.2,7468.0,0.08302088912694162,0.8670212765957447,0.8319672131147541,0.8494942448552494,0.6419389394750937,0.853225806451613,0.6064516129032258,0.3935483870967742,0.78,0.2,620.0,376.0,244.0,0.6961988163015858,0.2203954518243519,0.6303574109733224,0.0586502410283878,0.1103871552730521,0.5313140001054597,376.0,244.0,620.0,0.08302088912694162,0.853225806451613,4825.0,0.10963730569948187,1.0,529.0,2643.0,0.034430571320469165,0.0,91.0
1.0,0.78,0.21,7468.0,0.0871719335832887,0.8670212765957447,0.8290909090909091,0.848056092843327,0.6419389394750937,0.8509984639016898,0.5775729646697388,0.42242703533026116,0.78,0.21,651.0,376.0,275.0,0.6961988163015858,0.2203954518243519,0.6303574109733224,0.061194429566148914,0.11396820613034976,0.5369429917687616,376.0,275.0,651.0,0.0871719335832887,0.8509984639016898,4825.0,0.11481865284974094,1.0,554.0,2643.0,0.03670071888006054,0.0,97.0
1.0,0.78,0.22,7468.0,0.0934654525977504,0.8670212765957447,0.8136645962732919,0.8403429364345183,0.6419389394750937,0.8424068767908309,0.5386819484240688,0.46131805157593125,0.78,0.22,698.0,376.0,322.0,0.6961988163015858,0.2203954518243519,0.6303574109733224,0.06400642742367434,0.12136520336174628,0.5273869746083155,376.0,322.0,698.0,0.0934654525977504,0.8424068767908309,4825.0,0.12186528497409327,1.0,588.0,2643.0,0.04161937192584184,0.0,110.0
1.0,0.78,0.23,7468.0,0.09989287627209427,0.8670212765957447,0.8,0.8335106382978723,0.6419389394750937,0.8337801608579088,0.5040214477211796,0.4959785522788204,0.78,0.23,746.0,376.0,370.0,0.6961988163015858,0.2203954518243519,0.6303574109733224,0.06668452062131762,0.1288571993541235,0.5175071393415605,376.0,370.0,746.0,0.09989287627209427,0.8337801608579088,4825.0,0.1289119170984456,1.0,622.0,2643.0,0.04691638289822172,0.0,124.0
1.0,0.78,0.24,7468.0,0.10859667916443493,0.8670212765957447,0.7908045977011494,0.828912937148447,0.6419389394750937,0.8261405672009864,0.4636251541307028,0.5363748458692972,0.78,0.24,811.0,376.0,435.0,0.6961988163015858,0.2203954518243519,0.6303574109733224,0.0708355650776647,0.13740653930357577,0.5155181510041955,376.0,435.0,811.0,0.10859667916443493,0.8261405672009864,4825.0,0.138860103626943,1.0,670.0,2643.0,0.053348467650397274,0.0,141.0
1.0,0.78,0.25,7468.0,0.11555972147830744,0.8670212765957447,0.7946611909650924,0.8308412337804185,0.6419389394750937,0.8261877172653534,0.43568945538818077,0.5643105446118193,0.78,0.25,863.0,376.0,487.0,0.6961988163015858,0.2203954518243519,0.6303574109733224,0.07538832351365828,0.14172402401260198,0.5319375034606328,376.0,487.0,863.0,0.11555972147830744,0.8261877172653534,4825.0,0.14777202072538861,1.0,713.0,2643.0,0.056753688989784334,0.0,150.0
1.0,0.78,0.26,7468.0,0.12372790573111944,0.8670212765957447,0.7846715328467153,0.8258464047212299,0.6419389394750937,0.8181818181818182,0.4069264069264069,0.5930735930735931,0.78,0.26,924.0,376.0,548.0,0.6961988163015858,0.2203954518243519,0.6303574109733224,0.07873594001071238,0.14998660893627647,0.5249531312769679,376.0,548.0,924.0,0.12372790573111944,0.8181818181818182,4825.0,0.1566839378238342,1.0,756.0,2643.0,0.06356413166855845,0.0,168.0
1.0,0.78,0.27,7468.0,0.1320299946438136,0.8670212765957447,0.7754098360655738,0.8212155563306592,0.6419389394750937,0.8103448275862069,0.3813387423935091,0.6186612576064908,0.78,0.27,986.0,376.0,610.0,0.6961988163015858,0.2203954518243519,0.6303574109733224,0.08194965184788429,0.158240865132761,0.5178791949799448,376.0,610.0,986.0,0.1320299946438136,0.8103448275862069,4825.0,0.16538860103626943,1.0,798.0,2643.0,0.0711312902005297,0.005319148936170213,188.0
1.0,0.78,0.28,7468.0,0.144617032672737,0.8670212765957447,0.7613636363636364,0.8141924564796905,0.6419389394750937,0.7981481481481482,0.34814814814814815,0.6518518518518519,0.78,0.28,1080.0,376.0,704.0,0.6961988163015858,0.2203954518243519,0.6303574109733224,0.08623460096411356,0.1708543703108344,0.5047257544962265,376.0,704.0,1080.0,0.144617032672737,0.7981481481481482,4825.0,0.17844559585492228,1.0,861.0,2643.0,0.08286038592508513,0.0045662100456621,219.0
1.0,0.78,0.29,7468.0,0.15773968934118907,0.8670212765957447,0.7506234413965087,0.8088223589961268,0.6419389394750937,0.7877758913412564,0.31918505942275044,0.6808149405772496,0.78,0.29,1178.0,376.0,802.0,0.6961988163015858,0.2203954518243519,0.6303574109733224,0.09078735940010711,0.1829649282527692,0.4962008854215099,376.0,802.0,1178.0,0.15773968934118907,0.7877758913412564,4825.0,0.1921243523316062,1.0,927.0,2643.0,0.09496783957623912,0.00398406374501992,251.0
1.0,0.78,0.3,7468.0,0.1701928227102303,0.8670212765957447,0.7508379888268156,0.8089296327112802,0.6419389394750937,0.7852084972462627,0.2958300550747443,0.7041699449252558,0.78,0.3,1271.0,376.0,895.0,0.6961988163015858,0.2203954518243519,0.6303574109733224,0.0970808784145688,0.19119616143592097,0.507755373776713,376.0,895.0,1271.0,0.1701928227102303,0.7852084972462627,4825.0,0.20642487046632124,1.0,996.0,2643.0,0.10404842981460462,0.007272727272727273,275.0
1.0,0.78,0.31,7468.0,0.1835832886984467,0.8670212765957447,0.7527638190954774,0.809892547845611,0.6419389394750937,0.7840991976659373,0.27425237053245805,0.7257476294675419,0.78,0.31,1371.0,376.0,995.0,0.6961988163015858,0.2203954518243519,0.6303574109733224,0.10431173004820568,0.1990873660610349,0.5239495208160345,376.0,995.0,1371.0,0.1835832886984467,0.7840991976659373,4825.0,0.22238341968911918,1.0,1073.0,2643.0,0.11275066212637155,0.006711409395973154,298.0
1.0,0.78,0.32,7468.0,0.19750937332619176,0.8670212765957447,0.7461328480436761,0.8065770623197104,0.6419389394750937,0.7769491525423728,0.2549152542372881,0.7450847457627119,0.78,0.32,1475.0,376.0,1099.0,0.6961988163015858,0.2203954518243519,0.6303574109733224,0.1094001071237279,0.20989195578018688,0.5212210573629564,376.0,1099.0,1475.0,0.19750937332619176,0.7769491525423728,4825.0,0.23730569948186528,0.9991266375545852,1145.0,2643.0,0.12485811577752554,0.006060606060606061,330.0
1.0,0.78,0.33,7468.0,0.21264059989287626,0.8670212765957447,0.7367986798679867,0.8019099782318657,0.6419389394750937,0.767632241813602,0.2367758186397985,0.7632241813602015,0.78,0.33,1588.0,376.0,1212.0,0.6961988163015858,0.2203954518243519,0.6303574109733224,0.11381896089983931,0.2222854459844784,0.5120396452216983,376.0,1212.0,1588.0,0.21264059989287626,0.767632241813602,4825.0,0.2524352331606218,0.9991789819376026,1218.0,2643.0,0.13999243284146803,0.005405405405405406,370.0
1.0,0.78,0.34,7468.0,0.22870915907873593,0.8670212765957447,0.7252252252252253,0.796123250910485,0.6419389394750937,0.7564402810304449,0.22014051522248243,0.7798594847775175,0.78,0.34,1708.0,376.0,1332.0,0.6961988163015858,0.2203954518243519,0.6303574109733224,0.11730048205677555,0.23601766567564425,0.49699873829775076,376.0,1332.0,1708.0,0.22870915907873593,0.7564402810304449,4825.0,0.267979274611399,0.9976798143851509,1293.0,2643.0,0.15701853953840333,0.004819277108433735,415.0
1.0,0.78,0.35,7468.0,0.24263524370648099,0.8670212765957447,0.7137883008356546,0.7904047887156996,0.6419389394750937,0.7455849889624724,0.20750551876379691,0.7924944812362031,0.78,0.35,1812.0,376.0,1436.0,0.6961988163015858,0.2203954518243519,0.6303574109733224,0.11917514729512586,0.24845532436572487,0.4796642921594254,376.0,1436.0,1812.0,0.24263524370648099,0.7455849889624724,4825.0,0.28,0.997779422649889,1351.0,2643.0,0.1744230041619372,0.006507592190889371,461.0
1.0,0.78,0.36,7468.0,0.26017675415104446,0.8670212765957447,0.7077217613273772,0.7873715189615609,0.6419389394750937,0.7385486361296963,0.1935151827071539,0.8064848172928462,0.78,0.36,1943.0,376.0,1567.0,0.6961988163015858,0.2203954518243519,0.6303574109733224,0.12412961971076594,0.26081328037532764,0.4759328954880487,376.0,1567.0,1943.0,0.26017675415104446,0.7385486361296963,4825.0,0.29740932642487045,0.9965156794425087,1435.0,2643.0,0.19220582671206962,0.00984251968503937,508.0
1.0,0.78,0.37,7468.0,0.27811997857525445,0.8670212765957447,0.7042915931804821,0.7856564348881134,0.6419389394750937,0.7337506018295619,0.18103033220991815,0.8189696677900818,0.78,0.37,2077.0,376.0,1701.0,0.6961988163015858,0.2203954518243519,0.6303574109733224,0.13002142474558115,0.2721199678723277,0.4778092021772697,376.0,1701.0,2077.0,0.27811997857525445,0.7337506018295619,4825.0,0.3158549222797927,0.994750656167979,1524.0,2643.0,0.20923193340900492,0.014466546112115732,553.0
1.0,0.78,0.38,7468.0,0.29539367970005354,0.8670212765957447,0.7,0.7835106382978723,0.6419389394750937,0.728467815049864,0.17044424297370808,0.8295557570262919,0.78,0.38,2206.0,376.0,1830.0,0.6961988163015858,0.2203954518243519,0.6303574109733224,0.13497589716122121,0.2832117428169534,0.47659004467360455,376.0,1830.0,2206.0,0.29539367970005354,0.728467815049864,4825.0,0.33243523316062173,0.9937655860349127,1604.0,2643.0,0.22777147181233448,0.02159468438538206,602.0
1.0,0.78,0.39,7468.0,0.3126673808248527,0.8670212765957447,0.6962736089841756,0.7816474427899601,0.6419389394750937,0.7237687366167024,0.16102783725910064,0.8389721627408994,0.78,0.39,2335.0,376.0,1959.0,0.6961988163015858,0.2203954518243519,0.6303574109733224,0.13993036957686128,0.293885191229493,0.4761395733873183,376.0,1959.0,2335.0,0.3126673808248527,0.7237687366167024,4825.0,0.3498445595854922,0.990521327014218,1688.0,2643.0,0.24479757850926978,0.027820710973724884,647.0
1.0,0.78,0.4,7468.0,0.33168184252812,0.8670212765957447,0.6939552594002856,0.7804882679980152,0.6419389394750937,0.7202260799354058,0.15179652805813484,0.8482034719418652,0.78,0.4,2477.0,376.0,2101.0,0.6961988163015858,0.2203954518243519,0.6303574109733224,0.14608998393144085,0.30462424279485634,0.47957438512148387,376.0,2101.0,2477.0,0.33168184252812,0.7202260799354058,4825.0,0.3687046632124352,0.9887577290612704,1779.0,2643.0,0.26409383276579645,0.03581661891117478,698.0
1.0,0.78,0.41,7468.0,0.34895554365291914,0.8670212765957447,0.6923766816143497,0.7796989791050473,0.6419389394750937,0.7175748273215656,0.14428242517267845,0.8557175748273216,0.78,0.41,2606.0,376.0,2230.0,0.6961988163015858,0.2203954518243519,0.6303574109733224,0.1518478843063739,0.3139328426164944,0.4836954395748705,376.0,2230.0,2606.0,0.34895554365291914,0.7175748273215656,4825.0,0.38632124352331604,0.9839055793991416,1864.0,2643.0,0.28074158153613316,0.04851752021563342,742.0
1.0,0.78,0.42,7468.0,0.36810391001606857,0.8670212765957447,0.6822587442056468,0.7746400104006957,0.6419389394750937,0.7075300109130593,0.13677700982175336,0.8632229901782467,0.78,0.42,2749.0,376.0,2373.0,0.6961988163015858,0.2203954518243519,0.6303574109733224,0.15278521692554906,0.3281148374354012,0.46564555909675737,376.0,2373.0,2749.0,0.36810391001606857,0.7075300109130593,4825.0,0.4016580310880829,0.9788441692466461,1938.0,2643.0,0.306848278471434,0.059186189889025895,811.0
1.0,0.78,0.43,7468.0,0.3891269416175683,0.8670212765957447,0.675098814229249,0.7710600454124968,0.6419389394750937,0.6999311768754302,0.1293874741913283,0.8706125258086718,0.78,0.43,2906.0,376.0,2530.0,0.6961988163015858,0.2203954518243519,0.6303574109733224,0.15559721478307445,0.3417087406216688,0.45535040894768253,376.0,2530.0,2906.0,0.3891269416175683,0.6999311768754302,4825.0,0.4205181347150259,0.9689502217841302,2029.0,2643.0,0.3318199016269391,0.07753705815279362,877.0
1.0,0.78,0.44,7468.0,0.40787359400107126,0.8670212765957447,0.6655430711610487,0.7662821738783967,0.6419389394750937,0.6904136572554169,0.12344057780695995,0.8765594221930401,0.78,0.44,3046.0,376.0,2670.0,0.6961988163015858,0.2203954518243519,0.6303574109733224,0.15532940546331012,0.3553478496753295,0.4371193060693342,376.0,2670.0,3046.0,0.40787359400107126,0.6904136572554169,4825.0,0.4350259067357513,0.9623630300142926,2099.0,2643.0,0.3583049564888384,0.08764519535374868,947.0
1.0,0.78,0.45,7468.0,0.43036957686127475,0.8670212765957447,0.6613812544045102,0.7642012655001275,0.6419389394750937,0.6854387056627256,0.11698817672682016,0.8830118232731798,0.78,0.45,3214.0,376.0,2838.0,0.6961988163015858,0.2203954518243519,0.6303574109733224,0.15961435457953937,0.36793696626034694,0.433808965165513,376.0,2838.0,3214.0,0.43036957686127475,0.6854387056627256,4825.0,0.45575129533678754,0.9549795361527967,2199.0,2643.0,0.38403329549754067,0.10147783251231528,1015.0
1.0,0.78,0.46,7468.0,0.45206213176218535,0.8670212765957447,0.6513333333333333,0.759177304964539,0.6419389394750937,0.6753554502369669,0.11137440758293839,0.8886255924170616,0.78,0.46,3376.0,376.0,3000.0,0.6961988163015858,0.2203954518243519,0.6303574109733224,0.1585431173004821,0.38309203493527716,0.4138512494191317,376.0,3000.0,3376.0,0.45206213176218535,0.6753554502369669,4825.0,0.4739896373056995,0.9435942282466113,2287.0,2643.0,0.4120317820658343,0.11202938475665748,1089.0
1.0,0.78,0.47,7468.0,0.4732190680235672,0.8670212765957447,0.6478784040531982,0.7574498403244714,0.6419389394750937,0.6711941143180532,0.10639501980758348,0.8936049801924165,0.78,0.47,3534.0,376.0,3158.0,0.6961988163015858,0.2203954518243519,0.6303574109733224,0.16202463845741832,0.39445812804792657,0.4107524397056723,376.0,3158.0,3534.0,0.4732190680235672,0.6711941143180532,4825.0,0.4907772020725389,0.9341216216216216,2368.0,2643.0,0.4411653424139236,0.137221269296741,1166.0
1.0,0.78,0.48,7468.0,0.4939742903053026,0.8670212765957447,0.6426199818895261,0.7548206292426354,0.6419389394750937,0.665492003252914,0.10192464082407156,0.8980753591759284,0.78,0.48,3689.0,376.0,3313.0,0.6961988163015858,0.2203954518243519,0.6303574109733224,0.16349758971612208,0.40649520328607847,0.40221283890786197,376.0,3313.0,3689.0,0.4939742903053026,0.665492003252914,4825.0,0.5096373056994818,0.9239528263521757,2459.0,2643.0,0.46538024971623154,0.14878048780487804,1230.0
1.0,0.78,0.49,7468.0,0.513122656668452,0.8670212765957447,0.6368634259259259,0.7519423512608353,0.6419389394750937,0.659446764091858,0.09812108559498957,0.9018789144050104,0.78,0.49,3832.0,376.0,3456.0,0.6961988163015858,0.2203954518243519,0.6303574109733224,0.16363149437600422,0.41802581397112776,0.3914387315499754,376.0,3456.0,3832.0,0.513122656668452,0.659446764091858,4825.0,0.5262176165803109,0.912170145726664,2539.0,2643.0,0.489216799091941,0.16318638824439288,1293.0
1.0,0.78,0.5,7468.0,0.5332083556507766,0.8670212765957447,0.6300610094287299,0.7485411430122373,0.6419389394750937,0.652435961828227,0.09442491210447011,0.9055750878955299,0.78,0.5,3982.0,376.0,3606.0,0.6961988163015858,0.2203954518243519,0.6303574109733224,0.162560257096947,0.430492798170788,0.3776143475284225,376.0,3606.0,3982.0,0.5332083556507766,0.652435961828227,4825.0,0.5446632124352332,0.8953576864535768,2628.0,2643.0,0.5122966326144532,0.1809453471196455,1354.0
1.0,0.79,0.2,7468.0,0.07565613283342261,0.8691588785046729,0.8319672131147541,0.8505630458097135,0.6419389394750937,0.8530973451327434,0.5681415929203539,0.431858407079646,0.79,0.2,565.0,321.0,244.0,0.6961988163015858,0.2203954518243519,0.6303574109733224,0.053427959292983405,0.10542336918453898,0.5067942687304947,321.0,244.0,565.0,0.07565613283342261,0.8530973451327434,4825.0,0.09989637305699482,1.0,482.0,2643.0,0.03140370790768066,0.0,83.0
1.0,0.79,0.21,7468.0,0.07980717728976969,0.8691588785046729,0.8290909090909091,0.849124893797791,0.6419389394750937,0.8506711409395973,0.5385906040268457,0.46140939597315433,0.79,0.21,596.0,321.0,275.0,0.6961988163015858,0.2203954518243519,0.6303574109733224,0.05597214783074451,0.10916737026013125,0.5127186603228635,321.0,275.0,596.0,0.07980717728976969,0.8506711409395973,4825.0,0.10507772020725388,1.0,507.0,2643.0,0.033673855467272036,0.0,89.0
1.0,0.79,0.22,7468.0,0.08610069630423138,0.8691588785046729,0.8136645962732919,0.8414117373889825,0.6419389394750937,0.8413685847589425,0.49922239502332816,0.5007776049766719,0.79,0.22,643.0,321.0,322.0,0.6961988163015858,0.2203954518243519,0.6303574109733224,0.05878414568826995,0.11686862413830632,0.5029933921246714,321.0,322.0,643.0,0.08610069630423138,0.8413685847589425,4825.0,0.11212435233160621,1.0,541.0,2643.0,0.03859250851305335,0.0,102.0
1.0,0.79,0.23,7468.0,0.09252811997857525,0.8691588785046729,0.8,0.8345794392523365,0.6419389394750937,0.8321273516642547,0.4645441389290883,0.5354558610709117,0.79,0.23,691.0,321.0,370.0,0.6961988163015858,0.2203954518243519,0.6303574109733224,0.06146223888591322,0.1246312181852164,0.4931528374742613,321.0,370.0,691.0,0.09252811997857525,0.8321273516642547,4825.0,0.11917098445595854,1.0,575.0,2643.0,0.04388951948543322,0.0,116.0
1.0,0.79,0.24,7468.0,0.10123192287091591,0.8691588785046729,0.7908045977011494,0.8299817381029111,0.6419389394750937,0.8240740740740741,0.4246031746031746,0.5753968253968254,0.79,0.24,756.0,321.0,435.0,0.6961988163015858,0.2203954518243519,0.6303574109733224,0.06561328334226031,0.13345156336412023,0.49166365449939037,321.0,435.0,756.0,0.10123192287091591,0.8240740740740741,4825.0,0.12911917098445597,1.0,623.0,2643.0,0.05032160423760878,0.0,133.0
1.0,0.79,0.25,7468.0,0.10819496518478842,0.8691588785046729,0.7946611909650924,0.8319100347348827,0.6419389394750937,0.8242574257425742,0.3972772277227723,0.6027227722772277,0.79,0.25,808.0,321.0,487.0,0.6961988163015858,0.2203954518243519,0.6303574109733224,0.07016604177825388,0.13789293565396046,0.5088443541033468,321.0,487.0,808.0,0.10819496518478842,0.8242574257425742,4825.0,0.13803108808290154,1.0,666.0,2643.0,0.05372682557699584,0.0,142.0
1.0,0.79,0.26,7468.0,0.11636314943760043,0.8691588785046729,0.7846715328467153,0.8269152056756941,0.6419389394750937,0.8158803222094362,0.3693901035673188,0.6306098964326813,0.79,0.26,869.0,321.0,548.0,0.6961988163015858,0.2203954518243519,0.6303574109733224,0.073513658275308,0.1463719426022153,0.5022387280538516,321.0,548.0,869.0,0.11636314943760043,0.8158803222094362,4825.0,0.14694300518134715,1.0,709.0,2643.0,0.06053726825576996,0.0,160.0
1.0,0.79,0.27,7468.0,0.1246652383502946,0.8691588785046729,0.7754098360655738,0.8222843572851233,0.6419389394750937,0.807733619763695,0.3447905477980666,0.6552094522019334,0.79,0.27,931.0,321.0,610.0,0.6961988163015858,0.2203954518243519,0.6303574109733224,0.07672737011247992,0.15481903668124067,0.4955938995438597,321.0,610.0,931.0,0.1246652383502946,0.807733619763695,4825.0,0.15564766839378238,1.0,751.0,2643.0,0.0681044267877412,0.005555555555555556,180.0
1.0,0.79,0.28,7468.0,0.137252276379218,0.8691588785046729,0.7613636363636364,0.8152612574341547,0.6419389394750937,0.7951219512195122,0.3131707317073171,0.686829268292683,0.79,0.28,1025.0,321.0,704.0,0.6961988163015858,0.2203954518243519,0.6303574109733224,0.08101231922870918,0.16769012664809582,0.4831072696290381,321.0,704.0,1025.0,0.137252276379218,0.7951219512195122,4825.0,0.16870466321243524,1.0,814.0,2643.0,0.07983352251229663,0.004739336492890996,211.0
1.0,0.79,0.29,7468.0,0.15037493304767005,0.8691588785046729,0.7506234413965087,0.8098911599505908,0.6419389394750937,0.7845057880676759,0.2858414959928762,0.7141585040071238,0.79,0.29,1123.0,321.0,802.0,0.6961988163015858,0.2203954518243519,0.6303574109733224,0.08556507766470274,0.18001368751148802,0.47532539801587137,321.0,802.0,1123.0,0.15037493304767005,0.7845057880676759,4825.0,0.18238341968911917,1.0,880.0,2643.0,0.09194097616345062,0.00411522633744856,243.0
1.0,0.79,0.3,7468.0,0.1628280664167113,0.8691588785046729,0.7508379888268156,0.8099984336657442,0.6419389394750937,0.7820723684210527,0.26398026315789475,0.7360197368421053,0.79,0.3,1216.0,321.0,895.0,0.6961988163015858,0.2203954518243519,0.6303574109733224,0.09185859667916443,0.18837392300627342,0.48763966483888144,321.0,895.0,1216.0,0.1628280664167113,0.7820723684210527,4825.0,0.1966839378238342,1.0,949.0,2643.0,0.10102156640181612,0.00749063670411985,267.0
1.0,0.79,0.31,7468.0,0.17621853240492769,0.8691588785046729,0.7527638190954774,0.8109613488000751,0.6419389394750937,0.7811550151975684,0.2439209726443769,0.756079027355623,0.79,0.31,1316.0,321.0,995.0,0.6961988163015858,0.2203954518243519,0.6303574109733224,0.09908944831280127,0.1963785681943506,0.5045838210549285,321.0,995.0,1316.0,0.17621853240492769,0.7811550151975684,4825.0,0.21264248704663213,1.0,1026.0,2643.0,0.10972379871358305,0.006896551724137931,290.0
1.0,0.79,0.32,7468.0,0.19014461703267274,0.8691588785046729,0.7461328480436761,0.8076458632741745,0.6419389394750937,0.773943661971831,0.22605633802816902,0.773943661971831,0.79,0.32,1420.0,321.0,1099.0,0.6961988163015858,0.2203954518243519,0.6303574109733224,0.1041778253883235,0.20732437343972518,0.5024871107043805,321.0,1099.0,1420.0,0.19014461703267274,0.773943661971831,4825.0,0.22756476683937824,0.9990892531876139,1098.0,2643.0,0.12183125236473705,0.006211180124223602,322.0
1.0,0.79,0.33,7468.0,0.20527584359935724,0.8691588785046729,0.7367986798679867,0.8029787791863299,0.6419389394750937,0.7645140247879973,0.20939334637964774,0.7906066536203522,0.79,0.33,1533.0,321.0,1212.0,0.6961988163015858,0.2203954518243519,0.6303574109733224,0.1085966791644349,0.2198626439790561,0.49392965170918124,321.0,1212.0,1533.0,0.20527584359935724,0.7645140247879973,4825.0,0.2426943005181347,0.9991460290350128,1171.0,2643.0,0.13696556942867952,0.0055248618784530384,362.0
1.0,0.79,0.34,7468.0,0.22134440278521691,0.8691588785046729,0.7252252252252253,0.7971920518649491,0.6419389394750937,0.7531760435571688,0.19419237749546278,0.8058076225045372,0.79,0.34,1653.0,321.0,1332.0,0.6961988163015858,0.2203954518243519,0.6303574109733224,0.1120782003213712,0.23373724827661263,0.4795050902145217,321.0,1332.0,1653.0,0.22134440278521691,0.7531760435571688,4825.0,0.25823834196891193,0.9975922953451043,1246.0,2643.0,0.15399167612561482,0.004914004914004914,407.0
1.0,0.79,0.35,7468.0,0.23527048741296197,0.8691588785046729,0.7137883008356546,0.7914735896701637,0.6419389394750937,0.7421741605008537,0.18269778030734207,0.8173022196926579,0.79,0.35,1757.0,321.0,1436.0,0.6961988163015858,0.2203954518243519,0.6303574109733224,0.11395286555972148,0.24629009506397176,0.46267741920406175,321.0,1436.0,1757.0,0.23527048741296197,0.7421741605008537,4825.0,0.2702590673575129,0.9976993865030674,1304.0,2643.0,0.1713961407491487,0.006622516556291391,453.0
1.0,0.79,0.36,7468.0,0.25281199785752545,0.8691588785046729,0.7077217613273772,0.788440319916025,0.6419389394750937,0.7351694915254238,0.17002118644067796,0.829978813559322,0.79,0.36,1888.0,321.0,1567.0,0.6961988163015858,0.2203954518243519,0.6303574109733224,0.11890733797536157,0.25875148297368644,0.45954263376126725,321.0,1567.0,1888.0,0.25281199785752545,0.7351694915254238,4825.0,0.2876683937823834,0.9963976945244957,1388.0,2643.0,0.18917896329928113,0.01,500.0
1.0,0.79,0.37,7468.0,0.27075522228173543,0.8691588785046729,0.7042915931804821,0.7867252358425775,0.6419389394750937,0.7304648862512364,0.15875370919881307,0.841246290801187,0.79,0.37,2022.0,321.0,1701.0,0.6961988163015858,0.2203954518243519,0.6303574109733224,0.12479914301017676,0.27014447918804363,0.46197184330872776,321.0,1701.0,2022.0,0.27075522228173543,0.7304648862512364,4825.0,0.3061139896373057,0.994583615436696,1477.0,2643.0,0.20620506999621643,0.014678899082568808,545.0
1.0,0.79,0.38,7468.0,0.2880289234065345,0.8691588785046729,0.7,0.7845794392523364,0.6419389394750937,0.7252440725244073,0.1492329149232915,0.8507670850767085,0.79,0.38,2151.0,321.0,1830.0,0.6961988163015858,0.2203954518243519,0.6303574109733224,0.12975361542581682,0.28131415533235943,0.46124097549417314,321.0,1830.0,2151.0,0.2880289234065345,0.7252440725244073,4825.0,0.3226943005181347,0.993577392421323,1557.0,2643.0,0.22474460839954596,0.021885521885521887,594.0
1.0,0.79,0.39,7468.0,0.30530262453133367,0.8691588785046729,0.6962736089841756,0.7827162437444242,0.6419389394750937,0.7206140350877193,0.14078947368421052,0.8592105263157894,0.79,0.39,2280.0,321.0,1959.0,0.6961988163015858,0.2203954518243519,0.6303574109733224,0.13470808784145685,0.2920569607883681,0.46123909348995024,321.0,1959.0,2280.0,0.30530262453133367,0.7206140350877193,4825.0,0.34010362694300517,0.9902498476538696,1641.0,2643.0,0.24177071509648126,0.028169014084507043,639.0
1.0,0.79,0.4,7468.0,0.324317086234601,0.8691588785046729,0.6939552594002856,0.7815570689524792,0.6419389394750937,0.717175887696119,0.13253509496284063,0.8674649050371593,0.79,0.4,2422.0,321.0,2101.0,0.6961988163015858,0.2203954518243519,0.6303574109733224,0.14086770219603645,0.3028608459660678,0.4651235181843846,321.0,2101.0,2422.0,0.324317086234601,0.717175887696119,4825.0,0.3589637305699482,0.9884526558891455,1732.0,2643.0,0.26106696935300794,0.036231884057971016,690.0
1.0,0.79,0.41,7468.0,0.3415907873594001,0.8691588785046729,0.6923766816143497,0.7807677800595113,0.6419389394750937,0.7146217169737358,0.1258330066640533,0.8741669933359467,0.79,0.41,2551.0,321.0,2230.0,0.6961988163015858,0.2203954518243519,0.6303574109733224,0.14662560257096946,0.31222202419787004,0.46961966551740053,321.0,2230.0,2551.0,0.3415907873594001,0.7146217169737358,4825.0,0.376580310880829,0.9834892680242158,1817.0,2643.0,0.2777147181233447,0.04904632152588556,734.0
1.0,0.79,0.42,7468.0,0.36073915372254955,0.8691588785046729,0.6822587442056468,0.7757088113551598,0.6419389394750937,0.7045285820341499,0.11915367483296214,0.8808463251670379,0.79,0.42,2694.0,321.0,2373.0,0.6961988163015858,0.2203954518243519,0.6303574109733224,0.1475629351901446,0.32647834425303385,0.4519838384005568,321.0,2373.0,2694.0,0.36073915372254955,0.7045285820341499,4825.0,0.39191709844559586,0.9783183500793231,1891.0,2643.0,0.30382141505864546,0.05977584059775841,803.0
1.0,0.79,0.43,7468.0,0.38176218532404926,0.8691588785046729,0.675098814229249,0.7721288463669609,0.6419389394750937,0.6969484391441599,0.11259207295685725,0.8874079270431428,0.79,0.43,2851.0,321.0,2530.0,0.6961988163015858,0.2203954518243519,0.6303574109733224,0.15037493304767005,0.3401376576302448,0.44210021935042226,321.0,2530.0,2851.0,0.38176218532404926,0.6969484391441599,4825.0,0.41077720207253887,0.9682139253279516,1982.0,2643.0,0.32879303821415057,0.07825086306098965,869.0
1.0,0.79,0.44,7468.0,0.40050883770755225,0.8691588785046729,0.6655430711610487,0.7673509748328609,0.6419389394750937,0.6873955198930124,0.10732196589769308,0.892678034102307,0.79,0.44,2991.0,321.0,2670.0,0.6961988163015858,0.2203954518243519,0.6303574109733224,0.15010712372790577,0.3538373312552298,0.4242263618578746,321.0,2670.0,2991.0,0.40050883770755225,0.6873955198930124,4825.0,0.42528497409326427,0.9615009746588694,2052.0,2643.0,0.35527809307604996,0.08839190628328009,939.0
1.0,0.79,0.45,7468.0,0.42300482056775573,0.8691588785046729,0.6613812544045102,0.7652700664545915,0.6419389394750937,0.682494460272238,0.10161443494776828,0.8983855650522318,0.79,0.45,3159.0,321.0,2838.0,0.6961988163015858,0.2203954518243519,0.6303574109733224,0.15439207284413495,0.3664783402355593,0.4212856692837486,321.0,2838.0,3159.0,0.42300482056775573,0.682494460272238,4825.0,0.4460103626943005,0.953996282527881,2152.0,2643.0,0.38100643208475216,0.10228401191658391,1007.0
1.0,0.79,0.46,7468.0,0.44469737546866633,0.8691588785046729,0.6513333333333333,0.7602461059190031,0.6419389394750937,0.672387834989461,0.0966576332429991,0.9033423667570009,0.79,0.46,3321.0,321.0,3000.0,0.6961988163015858,0.2203954518243519,0.6303574109733224,0.15332083556507764,0.38169132810661854,0.4016880245239689,321.0,3000.0,3321.0,0.44469737546866633,0.672387834989461,4825.0,0.46424870466321244,0.9424107142857143,2240.0,2643.0,0.4090049186530458,0.11285846438482887,1081.0
1.0,0.79,0.47,7468.0,0.4658543117300482,0.8691588785046729,0.6478784040531982,0.7585186412789355,0.6419389394750937,0.6682954872089681,0.09226789307272204,0.9077321069272779,0.79,0.47,3479.0,321.0,3158.0,0.6961988163015858,0.2203954518243519,0.6303574109733224,0.15680235672201398,0.3930979235559724,0.39888879418028067,321.0,3158.0,3479.0,0.4658543117300482,0.6682954872089681,4825.0,0.4810362694300518,0.9327875915553641,2321.0,2643.0,0.43813847900113506,0.1381692573402418,1158.0
1.0,0.79,0.48,7468.0,0.4866095340117836,0.8691588785046729,0.6426199818895261,0.7558894301970995,0.6419389394750937,0.662630709961475,0.08833241607044579,0.9116675839295542,0.79,0.48,3634.0,321.0,3313.0,0.6961988163015858,0.2203954518243519,0.6303574109733224,0.15827530798071776,0.4051754101812361,0.3906340414634757,321.0,3313.0,3634.0,0.4866095340117836,0.662630709961475,4825.0,0.4998963730569948,0.9224709784411277,2412.0,2643.0,0.4623533863034431,0.1497545008183306,1222.0
1.0,0.79,0.49,7468.0,0.5057579003749331,0.8691588785046729,0.6368634259259259,0.7530111522152994,0.6419389394750937,0.6566057717765422,0.08498808578236695,0.9150119142176331,0.79,0.49,3777.0,321.0,3456.0,0.6961988163015858,0.2203954518243519,0.6303574109733224,0.1584092126405999,0.41674253906598807,0.3801128941519382,321.0,3456.0,3777.0,0.5057579003749331,0.6566057717765422,4825.0,0.5164766839378239,0.9105136436597111,2492.0,2643.0,0.4861899356791525,0.1642023346303502,1285.0
1.0,0.79,0.5,7468.0,0.5258435993572577,0.8691588785046729,0.6300610094287299,0.7496099439667014,0.6419389394750937,0.6496052966641201,0.08174178762414057,0.9182582123758595,0.79,0.5,3927.0,321.0,3606.0,0.6961988163015858,0.2203954518243519,0.6303574109733224,0.15733797536154254,0.4292467961416341,0.3665443208331539,321.0,3606.0,3927.0,0.5258435993572577,0.6496052966641201,4825.0,0.5349222797927461,0.8934521503293297,2581.0,2643.0,0.5092697692016648,0.18202080237741455,1346.0
1.0,0.8,0.2,7468.0,0.06882699517943225,0.8777777777777778,0.8319672131147541,0.8548724954462659,0.6419389394750937,0.8560311284046692,0.5252918287937743,0.47470817120622566,0.8,0.2,514.0,270.0,244.0,0.6961988163015858,0.2203954518243519,0.6303574109733224,0.04900910551687199,0.09954368303051747,0.49233767552931595,270.0,244.0,514.0,0.06882699517943225,0.8560311284046692,4825.0,0.09119170984455958,1.0,440.0,2643.0,0.027998486568293606,0.0,74.0
1.0,0.8,0.21,7468.0,0.07297803963577933,0.8777777777777778,0.8290909090909091,0.8534343434343434,0.6419389394750937,0.8532110091743119,0.4954128440366973,0.5045871559633027,0.8,0.21,545.0,270.0,275.0,0.6961988163015858,0.2203954518243519,0.6303574109733224,0.0515532940546331,0.10350059318947459,0.4980966047243464,270.0,275.0,545.0,0.07297803963577933,0.8532110091743119,4825.0,0.09637305699481866,1.0,465.0,2643.0,0.03026863412788498,0.0,80.0
1.0,0.8,0.22,7468.0,0.07927155865024103,0.8777777777777778,0.8136645962732919,0.8457211870255348,0.6419389394750937,0.8429054054054054,0.4560810810810811,0.543918918918919,0.8,0.22,592.0,270.0,322.0,0.6961988163015858,0.2203954518243519,0.6303574109733224,0.05436529191215854,0.11159360810118672,0.48717209558152463,270.0,322.0,592.0,0.07927155865024103,0.8429054054054054,4825.0,0.10341968911917099,1.0,499.0,2643.0,0.03518728717366629,0.0,93.0
1.0,0.8,0.23,7468.0,0.0856989823245849,0.8777777777777778,0.8,0.8388888888888889,0.6419389394750937,0.8328125,0.421875,0.578125,0.8,0.23,640.0,270.0,370.0,0.6961988163015858,0.2203954518243519,0.6303574109733224,0.057043385109801815,0.11969878281499582,0.4765577708335346,270.0,370.0,640.0,0.0856989823245849,0.8328125,4825.0,0.11046632124352332,1.0,533.0,2643.0,0.040484298146046156,0.0,107.0
1.0,0.8,0.24,7468.0,0.09440278521692555,0.8777777777777778,0.7908045977011494,0.8342911877394636,0.6419389394750937,0.8241134751773049,0.3829787234042553,0.6170212765957447,0.8,0.24,705.0,270.0,435.0,0.6961988163015858,0.2203954518243519,0.6303574109733224,0.06119442956614889,0.12885719935412351,0.4749011298776969,270.0,435.0,705.0,0.09440278521692555,0.8241134751773049,4825.0,0.12041450777202073,1.0,581.0,2643.0,0.04691638289822172,0.0,124.0
1.0,0.8,0.25,7468.0,0.10136582753079808,0.8777777777777778,0.7946611909650924,0.836219484371435,0.6419389394750937,0.8243064729194187,0.35667107001321,0.6433289299867899,0.8,0.25,757.0,270.0,487.0,0.6961988163015858,0.2203954518243519,0.6303574109733224,0.06574718800214246,0.13345156336412026,0.49266704971265424,270.0,487.0,757.0,0.10136582753079808,0.8243064729194187,4825.0,0.12932642487046633,1.0,624.0,2643.0,0.05032160423760878,0.0,133.0
1.0,0.8,0.26,7468.0,0.10953401178361007,0.8777777777777778,0.7846715328467153,0.8312246553122465,0.6419389394750937,0.815403422982885,0.33007334963325186,0.6699266503667481,0.8,0.26,818.0,270.0,548.0,0.6961988163015858,0.2203954518243519,0.6303574109733224,0.06909480449919655,0.14219565268392262,0.4859136210920798,270.0,548.0,818.0,0.10953401178361007,0.815403422982885,4825.0,0.1382383419689119,1.0,667.0,2643.0,0.0571320469163829,0.0,151.0
1.0,0.8,0.27,7468.0,0.11783610069630424,0.8777777777777778,0.7754098360655738,0.8265938069216758,0.6419389394750937,0.8068181818181818,0.3068181818181818,0.6931818181818182,0.8,0.27,880.0,270.0,610.0,0.6961988163015858,0.2203954518243519,0.6303574109733224,0.07230851633636849,0.15087674499394488,0.4792555429219423,270.0,610.0,880.0,0.11783610069630424,0.8068181818181818,4825.0,0.14694300518134715,1.0,709.0,2643.0,0.06469920544835414,0.005847953216374269,171.0
1.0,0.8,0.28,7468.0,0.13042313872522765,0.8777777777777778,0.7613636363636364,0.819570707070707,0.6419389394750937,0.7936344969199178,0.27720739219712526,0.7227926078028748,0.8,0.28,974.0,270.0,704.0,0.6961988163015858,0.2203954518243519,0.6303574109733224,0.07659346545259775,0.16405741871770063,0.46686986819166537,270.0,704.0,974.0,0.13042313872522765,0.7936344969199178,4825.0,0.16,1.0,772.0,2643.0,0.07642830117290957,0.0049504950495049506,202.0
1.0,0.8,0.29,7468.0,0.1435457953936797,0.8777777777777778,0.7506234413965087,0.8142006095871432,0.6419389394750937,0.7826492537313433,0.251865671641791,0.7481343283582089,0.8,0.29,1072.0,270.0,802.0,0.6961988163015858,0.2203954518243519,0.6303574109733224,0.08114622388859133,0.1766346108568312,0.45940160591948376,270.0,802.0,1072.0,0.1435457953936797,0.7826492537313433,4825.0,0.17367875647668393,1.0,838.0,2643.0,0.08853575482406356,0.004273504273504274,234.0
1.0,0.8,0.3,7468.0,0.15599892876272095,0.8777777777777778,0.7508379888268156,0.8143078833022968,0.6419389394750937,0.7802575107296137,0.2317596566523605,0.7682403433476395,0.8,0.3,1165.0,270.0,895.0,0.6961988163015858,0.2203954518243519,0.6303574109733224,0.08743974290305302,0.18514748966657357,0.4722707451260645,270.0,895.0,1165.0,0.15599892876272095,0.7802575107296137,4825.0,0.18797927461139896,1.0,907.0,2643.0,0.09761634506242906,0.007751937984496124,258.0
1.0,0.8,0.31,7468.0,0.16938939475093734,0.8777777777777778,0.7527638190954774,0.8152707984366276,0.6419389394750937,0.7794466403162056,0.2134387351778656,0.7865612648221344,0.8,0.31,1265.0,270.0,995.0,0.6961988163015858,0.2203954518243519,0.6303574109733224,0.0946705945366899,0.19328579903118523,0.48979591367400716,270.0,995.0,1265.0,0.16938939475093734,0.7794466403162056,4825.0,0.2039378238341969,1.0,984.0,2643.0,0.10631857737419599,0.0071174377224199285,281.0
1.0,0.8,0.32,7468.0,0.18331547937868237,0.8777777777777778,0.7461328480436761,0.8119553129107269,0.6419389394750937,0.7720964207450693,0.19722425127830534,0.8027757487216947,0.8,0.32,1369.0,270.0,1099.0,0.6961988163015858,0.2203954518243519,0.6303574109733224,0.09975897161221207,0.20439729421701047,0.48806405189638696,270.0,1099.0,1369.0,0.18331547937868237,0.7720964207450693,4825.0,0.218860103626943,0.9990530303030303,1056.0,2643.0,0.11842603102534999,0.006389776357827476,313.0
1.0,0.8,0.33,7468.0,0.1984467059453669,0.8777777777777778,0.7367986798679867,0.8072882288228822,0.6419389394750937,0.7624831309041835,0.18218623481781376,0.8178137651821862,0.8,0.33,1482.0,270.0,1212.0,0.6961988163015858,0.2203954518243519,0.6303574109733224,0.1041778253883235,0.21710467585596055,0.4798506756134581,270.0,1212.0,1482.0,0.1984467059453669,0.7624831309041835,4825.0,0.2339896373056995,0.9991142604074402,1129.0,2643.0,0.13356034808929246,0.0056657223796034,353.0
1.0,0.8,0.34,7468.0,0.21451526513122657,0.8777777777777778,0.7252252252252253,0.8015015015015015,0.6419389394750937,0.7509363295880149,0.16853932584269662,0.8314606741573034,0.8,0.34,1602.0,270.0,1332.0,0.6961988163015858,0.2203954518243519,0.6303574109733224,0.10765934654525976,0.2311448880961537,0.4657656391711967,270.0,1332.0,1602.0,0.21451526513122657,0.7509363295880149,4825.0,0.2495336787564767,0.9975083056478405,1204.0,2643.0,0.15058645478622776,0.005025125628140704,398.0
1.0,0.8,0.35,7468.0,0.22844134975897162,0.8777777777777778,0.7137883008356546,0.7957830393067162,0.6419389394750937,0.7397420867526378,0.15826494724501758,0.8417350527549824,0.8,0.35,1706.0,270.0,1436.0,0.6961988163015858,0.2203954518243519,0.6303574109733224,0.10953401178361008,0.24383123054211242,0.4492206004131711,270.0,1436.0,1706.0,0.22844134975897162,0.7397420867526378,4825.0,0.26155440414507775,0.9976228209191759,1262.0,2643.0,0.16799091940976163,0.006756756756756757,444.0
1.0,0.8,0.36,7468.0,0.24598286020353508,0.8777777777777778,0.7077217613273772,0.7927497695525775,0.6419389394750937,0.7327163854109962,0.14697876973326074,0.8530212302667393,0.8,0.36,1837.0,270.0,1567.0,0.6961988163015858,0.2203954518243519,0.6303574109733224,0.11448848419925012,0.2564121448023523,0.44650180001224266,270.0,1567.0,1837.0,0.24598286020353508,0.7327163854109962,4825.0,0.27896373056994817,0.9962852897473997,1346.0,2643.0,0.18577374195989407,0.010183299389002037,491.0
1.0,0.8,0.37,7468.0,0.26392608462774503,0.8777777777777778,0.7042915931804821,0.7910346854791299,0.6419389394750937,0.7280568239472349,0.136986301369863,0.863013698630137,0.8,0.37,1971.0,270.0,1701.0,0.6961988163015858,0.2203954518243519,0.6303574109733224,0.12038028923406535,0.26790464291766175,0.44934006340107824,270.0,1701.0,1971.0,0.26392608462774503,0.7280568239472349,4825.0,0.29740932642487045,0.9944250871080139,1435.0,2643.0,0.20279984865682937,0.014925373134328358,536.0
1.0,0.8,0.38,7468.0,0.2811997857525442,0.8777777777777778,0.7,0.7888888888888889,0.6419389394750937,0.7228571428571429,0.12857142857142856,0.8714285714285714,0.8,0.38,2100.0,270.0,1830.0,0.6961988163015858,0.2203954518243519,0.6303574109733224,0.12533476164970542,0.2791639519196907,0.44896470618012124,270.0,1830.0,2100.0,0.2811997857525442,0.7228571428571429,4825.0,0.3139896373056995,0.9933993399339934,1515.0,2643.0,0.2213393870601589,0.022222222222222223,585.0
1.0,0.8,0.39,7468.0,0.2984734868773433,0.8777777777777778,0.6962736089841756,0.7870256933809767,0.6419389394750937,0.718259309107223,0.12113055181695828,0.8788694481830417,0.8,0.39,2229.0,270.0,1959.0,0.6961988163015858,0.2203954518243519,0.6303574109733224,0.1302892340653455,0.2899864245201815,0.4492942532772878,270.0,1959.0,2229.0,0.2984734868773433,0.718259309107223,4825.0,0.33139896373056993,0.9899937460913071,1599.0,2643.0,0.2383654937570942,0.02857142857142857,630.0
1.0,0.8,0.4,7468.0,0.3174879485806106,0.8777777777777778,0.6939552594002856,0.7858665185890317,0.6419389394750937,0.714888232813159,0.11387600168705188,0.8861239983129481,0.8,0.4,2371.0,270.0,2101.0,0.6961988163015858,0.2203954518243519,0.6303574109733224,0.13644884841992502,0.30086467070818196,0.4535223364669195,270.0,2101.0,2371.0,0.3174879485806106,0.714888232813159,4825.0,0.35025906735751294,0.9881656804733728,1690.0,2643.0,0.2576617480136209,0.03671071953010279,681.0
1.0,0.8,0.41,7468.0,0.3347616497054097,0.8777777777777778,0.6923766816143497,0.7850772296960637,0.6419389394750937,0.7124,0.108,0.892,0.8,0.41,2500.0,270.0,2230.0,0.6961988163015858,0.2203954518243519,0.6303574109733224,0.14220674879485806,0.31028607841035316,0.4583085052458903,270.0,2230.0,2500.0,0.3347616497054097,0.7124,4825.0,0.36787564766839376,0.9830985915492958,1775.0,2643.0,0.2743094967839576,0.0496551724137931,725.0
1.0,0.8,0.42,7468.0,0.3539100160685592,0.8777777777777778,0.6822587442056468,0.7800182609917123,0.6419389394750937,0.7022323117669316,0.1021566401816118,0.8978433598183881,0.8,0.42,2643.0,270.0,2373.0,0.6961988163015858,0.2203954518243519,0.6303574109733224,0.14314408141403326,0.3246274284888185,0.44094881963728993,270.0,2373.0,2643.0,0.3539100160685592,0.7022323117669316,4825.0,0.3832124352331606,0.9778258518117902,1849.0,2643.0,0.30041619371925843,0.060453400503778336,794.0
1.0,0.8,0.43,7468.0,0.3749330476700589,0.8777777777777778,0.675098814229249,0.7764382960035134,0.6419389394750937,0.6946428571428571,0.09642857142857143,0.9035714285714286,0.8,0.43,2800.0,270.0,2530.0,0.6961988163015858,0.2203954518243519,0.6303574109733224,0.14595607927155863,0.33836146973207537,0.4313614058572655,270.0,2530.0,2800.0,0.3749330476700589,0.6946428571428571,4825.0,0.40207253886010363,0.9675257731958763,1940.0,2643.0,0.32538781687476354,0.07906976744186046,860.0
1.0,0.8,0.44,7468.0,0.39367970005356184,0.8777777777777778,0.6655430711610487,0.7716604244694132,0.6419389394750937,0.6850340136054421,0.09183673469387756,0.9081632653061225,0.8,0.44,2940.0,270.0,2670.0,0.6961988163015858,0.2203954518243519,0.6303574109733224,0.1456882699517943,0.3521302529617184,0.41373403371744005,270.0,2670.0,2940.0,0.39367970005356184,0.6850340136054421,4825.0,0.41658031088082903,0.9606965174129353,2010.0,2643.0,0.3518728717366629,0.08924731182795699,930.0
1.0,0.8,0.45,7468.0,0.4161756829137654,0.8777777777777778,0.6613812544045102,0.7695795160911441,0.6419389394750937,0.6801801801801802,0.08687258687258688,0.9131274131274131,0.8,0.45,3108.0,270.0,2838.0,0.6961988163015858,0.2203954518243519,0.6303574109733224,0.1499732190680236,0.364830415293011,0.4110765242738154,270.0,2838.0,3108.0,0.4161756829137654,0.6801801801801802,4825.0,0.43730569948186526,0.9530805687203792,2110.0,2643.0,0.3776012107453651,0.10320641282565131,998.0
1.0,0.8,0.46,7468.0,0.43786823781467593,0.8777777777777778,0.6513333333333333,0.7645555555555555,0.6419389394750937,0.6700305810397553,0.08256880733944955,0.9174311926605505,0.8,0.46,3270.0,270.0,3000.0,0.6961988163015858,0.2203954518243519,0.6303574109733224,0.14890198178896621,0.38010936322702554,0.3917345800819762,270.0,3000.0,3270.0,0.43786823781467593,0.6700305810397553,4825.0,0.4555440414507772,0.9413102820746133,2198.0,2643.0,0.40559969731365875,0.11380597014925373,1072.0
1.0,0.8,0.47,7468.0,0.45902517407605786,0.8777777777777778,0.6478784040531982,0.762828090915488,0.6419389394750937,0.6659859976662778,0.07876312718786464,0.9212368728121354,0.8,0.47,3428.0,270.0,3158.0,0.6961988163015858,0.2203954518243519,0.6303574109733224,0.15238350294590255,0.39156204561356256,0.3891682165137418,270.0,3158.0,3428.0,0.45902517407605786,0.6659859976662778,4825.0,0.4723316062176166,0.9315489249670909,2279.0,2643.0,0.43473325766174803,0.1392515230635335,1149.0
1.0,0.8,0.48,7468.0,0.47978039635779324,0.8777777777777778,0.6426199818895261,0.7601988798336519,0.6419389394750937,0.6603404967903991,0.07535584705554005,0.9246441529444599,0.8,0.48,3583.0,270.0,3313.0,0.6961988163015858,0.2203954518243519,0.6303574109733224,0.15385645420460628,0.4036854853429752,0.38112951738626,270.0,3313.0,3583.0,0.47978039635779324,0.6603404967903991,4825.0,0.49119170984455957,0.9210970464135021,2370.0,2643.0,0.458948164964056,0.1508656224237428,1213.0
1.0,0.8,0.49,7468.0,0.49892876272094266,0.8777777777777778,0.6368634259259259,0.7573206018518519,0.6419389394750937,0.654320987654321,0.07246376811594203,0.927536231884058,0.8,0.49,3726.0,270.0,3456.0,0.6961988163015858,0.2203954518243519,0.6303574109733224,0.1539903588644885,0.4152941149694119,0.37079831693697496,270.0,3456.0,3726.0,0.49892876272094266,0.654320987654321,4825.0,0.5077720207253886,0.9089795918367347,2450.0,2643.0,0.48278471433976544,0.16536050156739812,1276.0
1.0,0.8,0.5,7468.0,0.5190144617032673,0.8777777777777778,0.6300610094287299,0.7539193936032538,0.6419389394750937,0.6473168214654282,0.0696594427244582,0.9303405572755418,0.8,0.5,3876.0,270.0,3606.0,0.6961988163015858,0.2203954518243519,0.6303574109733224,0.15291912158543114,0.4278407064070903,0.3574206925507659,270.0,3606.0,3876.0,0.5190144617032673,0.6473168214654282,4825.0,0.5262176165803109,0.8916896415911776,2539.0,2643.0,0.5058645478622777,0.18324607329842932,1337.0
